type=SYSCALL msg=audit(1773063448.615:1798): arch=c000003e syscall=42 success=yes exit=0 a0=10 a1=7ffe946949d0 a2=1d a3=1 items=1 ppid=904 pid=1245 auid=4294967295 uid=33 gid=33 euid=33 suid=33 fsuid=33 egid=33 sgid=33 fsgid=33 tty=(none) ses=4294967295 comm="apache2" exe="/usr/sbin/apache2" subj=unconfined key="T1043_Commonly_Used_Port"ARCH=x86_64 SYSCALL=connect AUID="unset" UID="www-data" GID="www-data" EUID="www-data" SUID="www-data" FSUID="www-data" EGID="www-data" SGID="www-data" FSGID="www-data"
type=SOCKADDR msg=audit(1773063448.615:1798): saddr=01002F7661722F72756E2F6D7973716C642F6D7973716C642E736F636BSADDR={ saddr_fam=local path=/var/run/mysqld/mysqld.sock }
type=PATH msg=audit(1773063448.615:1798): item=0 name="/var/run/mysqld/mysqld.sock" inode=1371 dev=00:18 mode=0140777 ouid=111 ogid=111 rdev=00:00 nametype=NORMAL cap_fp=0 cap_fi=0 cap_fe=0 cap_fver=0 cap_frootid=0OUID="mysql" OGID="mysql"
type=PROCTITLE msg=audit(1773063448.615:1798): proctitle=2F7573722F7362696E2F61706163686532002D6B007374617274
type=SYSCALL msg=audit(1773063448.824:1799): arch=c000003e syscall=106 success=yes exit=0 a0=21 a1=7d87478914a0 a2=0 a3=22 items=0 ppid=904 pid=1395 auid=4294967295 uid=0 gid=33 euid=0 suid=0 fsuid=0 egid=33 sgid=33 fsgid=33 tty=(none) ses=4294967295 comm="apache2" exe="/usr/sbin/apache2" subj=unconfined key="T1166_Seuid_and_Setgid"ARCH=x86_64 SYSCALL=setgid AUID="unset" UID="root" GID="www-data" EUID="root" SUID="root" FSUID="root" EGID="www-data" SGID="www-data" FSGID="www-data"
type=PROCTITLE msg=audit(1773063448.824:1799): proctitle=2F7573722F7362696E2F61706163686532002D6B007374617274
type=SYSCALL msg=audit(1773063448.828:1800): arch=c000003e syscall=42 success=yes exit=0 a0=e a1=7ffe94697540 a2=2d a3=5be9255392c0 items=1 ppid=904 pid=1395 auid=4294967295 uid=0 gid=33 euid=0 suid=0 fsuid=0 egid=33 sgid=33 fsgid=33 tty=(none) ses=4294967295 comm="apache2" exe="/usr/sbin/apache2" subj=unconfined key="T1043_Commonly_Used_Port"ARCH=x86_64 SYSCALL=connect AUID="unset" UID="root" GID="www-data" EUID="root" SUID="root" FSUID="root" EGID="www-data" SGID="www-data" FSGID="www-data"
type=SOCKADDR msg=audit(1773063448.828:1800): saddr=01002F72756E2F73797374656D642F7573657264622F696F2E73797374656D642E44796E616D69635573657200SADDR={ saddr_fam=local path=/run/systemd/userdb/io.systemd.DynamicUser }
type=PATH msg=audit(1773063448.828:1800): item=0 name="/run/systemd/userdb/io.systemd.DynamicUser" inode=451 dev=00:18 mode=0140666 ouid=0 ogid=0 rdev=00:00 nametype=NORMAL cap_fp=0 cap_fi=0 cap_fe=0 cap_fver=0 cap_frootid=0OUID="root" OGID="root"
type=PROCTITLE msg=audit(1773063448.828:1800): proctitle=2F7573722F7362696E2F61706163686532002D6B007374617274
type=SYSCALL msg=audit(1773063448.830:1801): arch=c000003e syscall=105 success=yes exit=0 a0=21 a1=5be9253b0e30 a2=5bec9bc1ca30 a3=5be9253b0e40 items=0 ppid=904 pid=1395 auid=4294967295 uid=33 gid=33 euid=33 suid=33 fsuid=33 egid=33 sgid=33 fsgid=33 tty=(none) ses=4294967295 comm="apache2" exe="/usr/sbin/apache2" subj=unconfined key="T1166_Seuid_and_Setgid"ARCH=x86_64 SYSCALL=setuid AUID="unset" UID="www-data" GID="www-data" EUID="www-data" SUID="www-data" FSUID="www-data" EGID="www-data" SGID="www-data" FSGID="www-data"
type=PROCTITLE msg=audit(1773063448.830:1801): proctitle=2F7573722F7362696E2F61706163686532002D6B007374617274
type=SYSCALL msg=audit(1773063450.314:1802): arch=c000003e syscall=42 success=yes exit=0 a0=14 a1=7d87365ffd8c a2=10 a3=7d87365fc504 items=0 ppid=904 pid=1245 auid=4294967295 uid=33 gid=33 euid=33 suid=33 fsuid=33 egid=33 sgid=33 fsgid=33 tty=(none) ses=4294967295 comm="apache2" exe="/usr/sbin/apache2" subj=unconfined key="T1043_Commonly_Used_Port"ARCH=x86_64 SYSCALL=connect AUID="unset" UID="www-data" GID="www-data" EUID="www-data" SUID="www-data" FSUID="www-data" EGID="www-data" SGID="www-data" FSGID="www-data"
type=SOCKADDR msg=audit(1773063450.314:1802): saddr=020000357F0000350000000000000000SADDR={ saddr_fam=inet laddr=127.0.0.53 lport=53 }
type=PROCTITLE msg=audit(1773063450.314:1802): proctitle=2F7573722F7362696E2F61706163686532002D6B007374617274
type=SYSCALL msg=audit(1773063450.316:1803): arch=c000003e syscall=42 success=yes exit=0 a0=14 a1=7d87365ffd8c a2=10 a3=7d87365fc504 items=0 ppid=904 pid=1245 auid=4294967295 uid=33 gid=33 euid=33 suid=33 fsuid=33 egid=33 sgid=33 fsgid=33 tty=(none) ses=4294967295 comm="apache2" exe="/usr/sbin/apache2" subj=unconfined key="T1043_Commonly_Used_Port"ARCH=x86_64 SYSCALL=connect AUID="unset" UID="www-data" GID="www-data" EUID="www-data" SUID="www-data" FSUID="www-data" EGID="www-data" SGID="www-data" FSGID="www-data"
type=SOCKADDR msg=audit(1773063450.316:1803): saddr=020000357F0000350000000000000000SADDR={ saddr_fam=inet laddr=127.0.0.53 lport=53 }
type=PROCTITLE msg=audit(1773063450.316:1803): proctitle=2F7573722F7362696E2F61706163686532002D6B007374617274
type=SYSCALL msg=audit(1773063450.835:1804): arch=c000003e syscall=106 success=yes exit=0 a0=21 a1=7d87478914a0 a2=0 a3=22 items=0 ppid=904 pid=1397 auid=4294967295 uid=0 gid=33 euid=0 suid=0 fsuid=0 egid=33 sgid=33 fsgid=33 tty=(none) ses=4294967295 comm="apache2" exe="/usr/sbin/apache2" subj=unconfined key="T1166_Seuid_and_Setgid"ARCH=x86_64 SYSCALL=setgid AUID="unset" UID="root" GID="www-data" EUID="root" SUID="root" FSUID="root" EGID="www-data" SGID="www-data" FSGID="www-data"
type=PROCTITLE msg=audit(1773063450.835:1804): proctitle=2F7573722F7362696E2F61706163686532002D6B007374617274
type=SYSCALL msg=audit(1773063450.839:1805): arch=c000003e syscall=42 success=yes exit=0 a0=e a1=7ffe94697540 a2=2d a3=5be9255392c0 items=1 ppid=904 pid=1397 auid=4294967295 uid=0 gid=33 euid=0 suid=0 fsuid=0 egid=33 sgid=33 fsgid=33 tty=(none) ses=4294967295 comm="apache2" exe="/usr/sbin/apache2" subj=unconfined key="T1043_Commonly_Used_Port"ARCH=x86_64 SYSCALL=connect AUID="unset" UID="root" GID="www-data" EUID="root" SUID="root" FSUID="root" EGID="www-data" SGID="www-data" FSGID="www-data"
type=SOCKADDR msg=audit(1773063450.839:1805): saddr=01002F72756E2F73797374656D642F7573657264622F696F2E73797374656D642E44796E616D69635573657200SADDR={ saddr_fam=local path=/run/systemd/userdb/io.systemd.DynamicUser }
type=PATH msg=audit(1773063450.839:1805): item=0 name="/run/systemd/userdb/io.systemd.DynamicUser" inode=451 dev=00:18 mode=0140666 ouid=0 ogid=0 rdev=00:00 nametype=NORMAL cap_fp=0 cap_fi=0 cap_fe=0 cap_fver=0 cap_frootid=0OUID="root" OGID="root"
type=PROCTITLE msg=audit(1773063450.839:1805): proctitle=2F7573722F7362696E2F61706163686532002D6B007374617274
type=SYSCALL msg=audit(1773063450.842:1806): arch=c000003e syscall=105 success=yes exit=0 a0=21 a1=5be9253b0e30 a2=5bec9bc1ca30 a3=5be9253b0e40 items=0 ppid=904 pid=1397 auid=4294967295 uid=33 gid=33 euid=33 suid=33 fsuid=33 egid=33 sgid=33 fsgid=33 tty=(none) ses=4294967295 comm="apache2" exe="/usr/sbin/apache2" subj=unconfined key="T1166_Seuid_and_Setgid"ARCH=x86_64 SYSCALL=setuid AUID="unset" UID="www-data" GID="www-data" EUID="www-data" SUID="www-data" FSUID="www-data" EGID="www-data" SGID="www-data" FSGID="www-data"
type=PROCTITLE msg=audit(1773063450.842:1806): proctitle=2F7573722F7362696E2F61706163686532002D6B007374617274
type=SYSCALL msg=audit(1773063464.016:1807): arch=c000003e syscall=59 success=yes exit=0 a0=62507e42fae0 a1=62507e3e8af0 a2=62507e2e9cc0 a3=62507e2ea380 items=2 ppid=1380 pid=1398 auid=1000 uid=0 gid=0 euid=0 suid=0 fsuid=0 egid=0 sgid=0 fsgid=0 tty=pts1 ses=3 comm="ls" exe="/usr/bin/ls" subj=unconfined key="T1078_Valid_Accounts"ARCH=x86_64 SYSCALL=execve AUID="vboxuser" UID="root" GID="root" EUID="root" SUID="root" FSUID="root" EGID="root" SGID="root" FSGID="root"
type=EXECVE msg=audit(1773063464.016:1807): argc=4 a0="ls" a1="--color=auto" a2="-l" a3="/var/www/html/site/index.php"
type=PATH msg=audit(1773063464.016:1807): item=0 name="/usr/bin/ls" inode=1442533 dev=08:02 mode=0100755 ouid=0 ogid=0 rdev=00:00 nametype=NORMAL cap_fp=0 cap_fi=0 cap_fe=0 cap_fver=0 cap_frootid=0OUID="root" OGID="root"
type=PATH msg=audit(1773063464.016:1807): item=1 name="/lib64/ld-linux-x86-64.so.2" inode=1481429 dev=08:02 mode=0100755 ouid=0 ogid=0 rdev=00:00 nametype=NORMAL cap_fp=0 cap_fi=0 cap_fe=0 cap_fver=0 cap_frootid=0OUID="root" OGID="root"
type=PROCTITLE msg=audit(1773063464.016:1807): proctitle=6C73002D2D636F6C6F723D6175746F002D6C002F7661722F7777772F68746D6C2F736974652F696E6465782E706870
type=SYSCALL msg=audit(1773063472.687:1808): arch=c000003e syscall=59 success=yes exit=0 a0=62507e42fba0 a1=62507e3e8af0 a2=62507e2e9cc0 a3=62507e2ea380 items=2 ppid=1380 pid=1399 auid=1000 uid=0 gid=0 euid=0 suid=0 fsuid=0 egid=0 sgid=0 fsgid=0 tty=pts1 ses=3 comm="ls" exe="/usr/bin/ls" subj=unconfined key="T1078_Valid_Accounts"ARCH=x86_64 SYSCALL=execve AUID="vboxuser" UID="root" GID="root" EUID="root" SUID="root" FSUID="root" EGID="root" SGID="root" FSGID="root"
type=EXECVE msg=audit(1773063472.687:1808): argc=4 a0="ls" a1="--color=auto" a2="-l" a3="/var/www/html/index.php"
type=PATH msg=audit(1773063472.687:1808): item=0 name="/usr/bin/ls" inode=1442533 dev=08:02 mode=0100755 ouid=0 ogid=0 rdev=00:00 nametype=NORMAL cap_fp=0 cap_fi=0 cap_fe=0 cap_fver=0 cap_frootid=0OUID="root" OGID="root"
type=PATH msg=audit(1773063472.687:1808): item=1 name="/lib64/ld-linux-x86-64.so.2" inode=1481429 dev=08:02 mode=0100755 ouid=0 ogid=0 rdev=00:00 nametype=NORMAL cap_fp=0 cap_fi=0 cap_fe=0 cap_fver=0 cap_frootid=0OUID="root" OGID="root"
type=PROCTITLE msg=audit(1773063472.687:1808): proctitle=6C73002D2D636F6C6F723D6175746F002D6C002F7661722F7777772F68746D6C2F696E6465782E706870
type=SYSCALL msg=audit(1773063484.150:1809): arch=c000003e syscall=59 success=yes exit=0 a0=62507e42fc40 a1=62507e2ea3c0 a2=62507e2e9cc0 a3=62507e2ea3c0 items=2 ppid=1380 pid=1400 auid=1000 uid=0 gid=0 euid=0 suid=0 fsuid=0 egid=0 sgid=0 fsgid=0 tty=pts1 ses=3 comm="ls" exe="/usr/bin/ls" subj=unconfined key="T1078_Valid_Accounts"ARCH=x86_64 SYSCALL=execve AUID="vboxuser" UID="root" GID="root" EUID="root" SUID="root" FSUID="root" EGID="root" SGID="root" FSGID="root"
type=EXECVE msg=audit(1773063484.150:1809): argc=4 a0="ls" a1="--color=auto" a2="-l" a3="/var/www/html/"
type=PATH msg=audit(1773063484.150:1809): item=0 name="/usr/bin/ls" inode=1442533 dev=08:02 mode=0100755 ouid=0 ogid=0 rdev=00:00 nametype=NORMAL cap_fp=0 cap_fi=0 cap_fe=0 cap_fver=0 cap_frootid=0OUID="root" OGID="root"
type=PATH msg=audit(1773063484.150:1809): item=1 name="/lib64/ld-linux-x86-64.so.2" inode=1481429 dev=08:02 mode=0100755 ouid=0 ogid=0 rdev=00:00 nametype=NORMAL cap_fp=0 cap_fi=0 cap_fe=0 cap_fver=0 cap_frootid=0OUID="root" OGID="root"
type=PROCTITLE msg=audit(1773063484.150:1809): proctitle=6C73002D2D636F6C6F723D6175746F002D6C002F7661722F7777772F68746D6C2F
type=SYSCALL msg=audit(1773063492.664:1810): arch=c000003e syscall=59 success=yes exit=0 a0=62507e42fca0 a1=62507e2ea3c0 a2=62507e2e9cc0 a3=62507e2ea3c0 items=2 ppid=1380 pid=1401 auid=1000 uid=0 gid=0 euid=0 suid=0 fsuid=0 egid=0 sgid=0 fsgid=0 tty=pts1 ses=3 comm="ls" exe="/usr/bin/ls" subj=unconfined key="T1078_Valid_Accounts"ARCH=x86_64 SYSCALL=execve AUID="vboxuser" UID="root" GID="root" EUID="root" SUID="root" FSUID="root" EGID="root" SGID="root" FSGID="root"
type=EXECVE msg=audit(1773063492.664:1810): argc=4 a0="ls" a1="--color=auto" a2="-l" a3="/var/www/"
type=PATH msg=audit(1773063492.664:1810): item=0 name="/usr/bin/ls" inode=1442533 dev=08:02 mode=0100755 ouid=0 ogid=0 rdev=00:00 nametype=NORMAL cap_fp=0 cap_fi=0 cap_fe=0 cap_fver=0 cap_frootid=0OUID="root" OGID="root"
type=PATH msg=audit(1773063492.664:1810): item=1 name="/lib64/ld-linux-x86-64.so.2" inode=1481429 dev=08:02 mode=0100755 ouid=0 ogid=0 rdev=00:00 nametype=NORMAL cap_fp=0 cap_fi=0 cap_fe=0 cap_fver=0 cap_frootid=0OUID="root" OGID="root"
type=PROCTITLE msg=audit(1773063492.664:1810): proctitle=6C73002D2D636F6C6F723D6175746F002D6C002F7661722F7777772F
type=SYSCALL msg=audit(1773063501.090:1811): arch=c000003e syscall=59 success=yes exit=0 a0=62507e42f920 a1=62507e42fd00 a2=62507e2e9cc0 a3=62507e42fd00 items=2 ppid=1380 pid=1402 auid=1000 uid=0 gid=0 euid=0 suid=0 fsuid=0 egid=0 sgid=0 fsgid=0 tty=pts1 ses=3 comm="ls" exe="/usr/bin/ls" subj=unconfined key="T1078_Valid_Accounts"ARCH=x86_64 SYSCALL=execve AUID="vboxuser" UID="root" GID="root" EUID="root" SUID="root" FSUID="root" EGID="root" SGID="root" FSGID="root"
type=EXECVE msg=audit(1773063501.090:1811): argc=4 a0="ls" a1="--color=auto" a2="-l" a3="/var/www/wordpress/"
type=PATH msg=audit(1773063501.090:1811): item=0 name="/usr/bin/ls" inode=1442533 dev=08:02 mode=0100755 ouid=0 ogid=0 rdev=00:00 nametype=NORMAL cap_fp=0 cap_fi=0 cap_fe=0 cap_fver=0 cap_frootid=0OUID="root" OGID="root"
type=PATH msg=audit(1773063501.090:1811): item=1 name="/lib64/ld-linux-x86-64.so.2" inode=1481429 dev=08:02 mode=0100755 ouid=0 ogid=0 rdev=00:00 nametype=NORMAL cap_fp=0 cap_fi=0 cap_fe=0 cap_fver=0 cap_frootid=0OUID="root" OGID="root"
type=PROCTITLE msg=audit(1773063501.090:1811): proctitle=6C73002D2D636F6C6F723D6175746F002D6C002F7661722F7777772F776F726470726573732F
type=SYSCALL msg=audit(1773063511.797:1812): arch=c000003e syscall=59 success=yes exit=0 a0=62507e42f820 a1=62507e42f840 a2=62507e2e9cc0 a3=62507e2ea380 items=2 ppid=1380 pid=1403 auid=1000 uid=0 gid=0 euid=0 suid=0 fsuid=0 egid=0 sgid=0 fsgid=0 tty=pts1 ses=3 comm="ls" exe="/usr/bin/ls" subj=unconfined key="T1078_Valid_Accounts"ARCH=x86_64 SYSCALL=execve AUID="vboxuser" UID="root" GID="root" EUID="root" SUID="root" FSUID="root" EGID="root" SGID="root" FSGID="root"
type=EXECVE msg=audit(1773063511.797:1812): argc=4 a0="ls" a1="--color=auto" a2="-l" a3="/etc/apache2/sites-enabled/"
type=PATH msg=audit(1773063511.797:1812): item=0 name="/usr/bin/ls" inode=1442533 dev=08:02 mode=0100755 ouid=0 ogid=0 rdev=00:00 nametype=NORMAL cap_fp=0 cap_fi=0 cap_fe=0 cap_fver=0 cap_frootid=0OUID="root" OGID="root"
type=PATH msg=audit(1773063511.797:1812): item=1 name="/lib64/ld-linux-x86-64.so.2" inode=1481429 dev=08:02 mode=0100755 ouid=0 ogid=0 rdev=00:00 nametype=NORMAL cap_fp=0 cap_fi=0 cap_fe=0 cap_fver=0 cap_frootid=0OUID="root" OGID="root"
type=PROCTITLE msg=audit(1773063511.797:1812): proctitle=6C73002D2D636F6C6F723D6175746F002D6C002F6574632F617061636865322F73697465732D656E61626C65642F
type=SYSCALL msg=audit(1773063521.928:1813): arch=c000003e syscall=59 success=yes exit=0 a0=62507e42fca0 a1=62507e42fc60 a2=62507e2e9cc0 a3=62507e42fc60 items=2 ppid=1380 pid=1404 auid=1000 uid=0 gid=0 euid=0 suid=0 fsuid=0 egid=0 sgid=0 fsgid=0 tty=pts1 ses=3 comm="cat" exe="/usr/bin/cat" subj=unconfined key="T1078_Valid_Accounts"ARCH=x86_64 SYSCALL=execve AUID="vboxuser" UID="root" GID="root" EUID="root" SUID="root" FSUID="root" EGID="root" SGID="root" FSGID="root"
type=EXECVE msg=audit(1773063521.928:1813): argc=2 a0="cat" a1="/etc/apache2/sites-available/wordpress.conf"
type=PATH msg=audit(1773063521.928:1813): item=0 name="/usr/bin/cat" inode=1442301 dev=08:02 mode=0100755 ouid=0 ogid=0 rdev=00:00 nametype=NORMAL cap_fp=0 cap_fi=0 cap_fe=0 cap_fver=0 cap_frootid=0OUID="root" OGID="root"
type=PATH msg=audit(1773063521.928:1813): item=1 name="/lib64/ld-linux-x86-64.so.2" inode=1481429 dev=08:02 mode=0100755 ouid=0 ogid=0 rdev=00:00 nametype=NORMAL cap_fp=0 cap_fi=0 cap_fe=0 cap_fver=0 cap_frootid=0OUID="root" OGID="root"
type=PROCTITLE msg=audit(1773063521.928:1813): proctitle=636174002F6574632F617061636865322F73697465732D617661696C61626C652F776F726470726573732E636F6E66
type=SYSCALL msg=audit(1773063530.386:1814): arch=c000003e syscall=59 success=yes exit=0 a0=62507e42fe70 a1=62507e42fd90 a2=62507e2e9cc0 a3=62507e42fd90 items=3 ppid=1380 pid=1405 auid=1000 uid=0 gid=0 euid=0 suid=0 fsuid=0 egid=0 sgid=0 fsgid=0 tty=pts1 ses=3 comm="a2enmod" exe="/usr/bin/perl" subj=unconfined key="T1078_Valid_Accounts"ARCH=x86_64 SYSCALL=execve AUID="vboxuser" UID="root" GID="root" EUID="root" SUID="root" FSUID="root" EGID="root" SGID="root" FSGID="root"
type=EXECVE msg=audit(1773063530.386:1814): argc=4 a0="/usr/bin/perl" a1="-w" a2="/usr/sbin/a2enmod" a3="rewrite"
type=PATH msg=audit(1773063530.386:1814): item=0 name="/usr/sbin/a2enmod" inode=1479337 dev=08:02 mode=0100755 ouid=0 ogid=0 rdev=00:00 nametype=NORMAL cap_fp=0 cap_fi=0 cap_fe=0 cap_fver=0 cap_frootid=0OUID="root" OGID="root"
type=PATH msg=audit(1773063530.386:1814): item=1 name="/usr/bin/perl" inode=1442334 dev=08:02 mode=0100755 ouid=0 ogid=0 rdev=00:00 nametype=NORMAL cap_fp=0 cap_fi=0 cap_fe=0 cap_fver=0 cap_frootid=0OUID="root" OGID="root"
type=PATH msg=audit(1773063530.386:1814): item=2 name="/lib64/ld-linux-x86-64.so.2" inode=1481429 dev=08:02 mode=0100755 ouid=0 ogid=0 rdev=00:00 nametype=NORMAL cap_fp=0 cap_fi=0 cap_fe=0 cap_fver=0 cap_frootid=0OUID="root" OGID="root"
type=PROCTITLE msg=audit(1773063530.386:1814): proctitle=2F7573722F62696E2F7065726C002D77002F7573722F7362696E2F6132656E6D6F640072657772697465
type=SYSCALL msg=audit(1773063530.526:1815): arch=c000003e syscall=59 success=yes exit=0 a0=5cd345f07778 a1=7ffe11b227c0 a2=5cd3657c2cd0 a3=5cd345d85d62 items=2 ppid=1405 pid=1406 auid=1000 uid=0 gid=0 euid=0 suid=0 fsuid=0 egid=0 sgid=0 fsgid=0 tty=pts1 ses=3 comm="sh" exe="/usr/bin/dash" subj=unconfined key="T1078_Valid_Accounts"ARCH=x86_64 SYSCALL=execve AUID="vboxuser" UID="root" GID="root" EUID="root" SUID="root" FSUID="root" EGID="root" SGID="root" FSGID="root"
type=EXECVE msg=audit(1773063530.526:1815): argc=3 a0="sh" a1="-c" a2=656E76202D207368202D6320272E202F6574632F617061636865322F656E767661727320262620656E7627
type=PATH msg=audit(1773063530.526:1815): item=0 name="/bin/sh" inode=1442345 dev=08:02 mode=0100755 ouid=0 ogid=0 rdev=00:00 nametype=NORMAL cap_fp=0 cap_fi=0 cap_fe=0 cap_fver=0 cap_frootid=0OUID="root" OGID="root"
type=PATH msg=audit(1773063530.526:1815): item=1 name="/lib64/ld-linux-x86-64.so.2" inode=1481429 dev=08:02 mode=0100755 ouid=0 ogid=0 rdev=00:00 nametype=NORMAL cap_fp=0 cap_fi=0 cap_fe=0 cap_fver=0 cap_frootid=0OUID="root" OGID="root"
type=PROCTITLE msg=audit(1773063530.526:1815): proctitle=7368002D6300656E76202D207368202D6320272E202F6574632F617061636865322F656E767661727320262620656E7627
type=SYSCALL msg=audit(1773063530.528:1816): arch=c000003e syscall=59 success=yes exit=0 a0=5f3511f94878 a1=5f3511f94790 a2=5f3511f947c0 a3=8 items=2 ppid=1406 pid=1407 auid=1000 uid=0 gid=0 euid=0 suid=0 fsuid=0 egid=0 sgid=0 fsgid=0 tty=pts1 ses=3 comm="env" exe="/usr/bin/env" subj=unconfined key="T1078_Valid_Accounts"ARCH=x86_64 SYSCALL=execve AUID="vboxuser" UID="root" GID="root" EUID="root" SUID="root" FSUID="root" EGID="root" SGID="root" FSGID="root"
type=EXECVE msg=audit(1773063530.528:1816): argc=5 a0="env" a1="-" a2="sh" a3="-c" a4=2E202F6574632F617061636865322F656E767661727320262620656E76
type=PATH msg=audit(1773063530.528:1816): item=0 name="/usr/bin/env" inode=1442401 dev=08:02 mode=0100755 ouid=0 ogid=0 rdev=00:00 nametype=NORMAL cap_fp=0 cap_fi=0 cap_fe=0 cap_fver=0 cap_frootid=0OUID="root" OGID="root"
type=PATH msg=audit(1773063530.528:1816): item=1 name="/lib64/ld-linux-x86-64.so.2" inode=1481429 dev=08:02 mode=0100755 ouid=0 ogid=0 rdev=00:00 nametype=NORMAL cap_fp=0 cap_fi=0 cap_fe=0 cap_fver=0 cap_frootid=0OUID="root" OGID="root"
type=PROCTITLE msg=audit(1773063530.528:1816): proctitle=656E76002D007368002D63002E202F6574632F617061636865322F656E767661727320262620656E76
type=SYSCALL msg=audit(1773063530.531:1817): arch=c000003e syscall=59 success=yes exit=0 a0=7ffd75d1ab10 a1=7ffd75d1ae68 a2=59e8648ef3a8 a3=759047fcdb00 items=2 ppid=1406 pid=1407 auid=1000 uid=0 gid=0 euid=0 suid=0 fsuid=0 egid=0 sgid=0 fsgid=0 tty=pts1 ses=3 comm="sh" exe="/usr/bin/dash" subj=unconfined key="T1078_Valid_Accounts"ARCH=x86_64 SYSCALL=execve AUID="vboxuser" UID="root" GID="root" EUID="root" SUID="root" FSUID="root" EGID="root" SGID="root" FSGID="root"
type=EXECVE msg=audit(1773063530.531:1817): argc=3 a0="sh" a1="-c" a2=2E202F6574632F617061636865322F656E767661727320262620656E76
type=PATH msg=audit(1773063530.531:1817): item=0 name="/bin/sh" inode=1442345 dev=08:02 mode=0100755 ouid=0 ogid=0 rdev=00:00 nametype=NORMAL cap_fp=0 cap_fi=0 cap_fe=0 cap_fver=0 cap_frootid=0OUID="root" OGID="root"
type=PATH msg=audit(1773063530.531:1817): item=1 name="/lib64/ld-linux-x86-64.so.2" inode=1481429 dev=08:02 mode=0100755 ouid=0 ogid=0 rdev=00:00 nametype=NORMAL cap_fp=0 cap_fi=0 cap_fe=0 cap_fver=0 cap_frootid=0OUID="root" OGID="root"
type=PROCTITLE msg=audit(1773063530.531:1817): proctitle=656E76002D007368002D63002E202F6574632F617061636865322F656E767661727320262620656E76
type=SYSCALL msg=audit(1773063530.536:1818): arch=c000003e syscall=59 success=yes exit=0 a0=570627da7620 a1=570627da75c8 a2=570627da75d8 a3=8 items=2 ppid=1407 pid=1408 auid=1000 uid=0 gid=0 euid=0 suid=0 fsuid=0 egid=0 sgid=0 fsgid=0 tty=pts1 ses=3 comm="env" exe="/usr/bin/env" subj=unconfined key="T1078_Valid_Accounts"ARCH=x86_64 SYSCALL=execve AUID="vboxuser" UID="root" GID="root" EUID="root" SUID="root" FSUID="root" EGID="root" SGID="root" FSGID="root"
type=EXECVE msg=audit(1773063530.536:1818): argc=1 a0="env"
type=PATH msg=audit(1773063530.536:1818): item=0 name="/usr/bin/env" inode=1442401 dev=08:02 mode=0100755 ouid=0 ogid=0 rdev=00:00 nametype=NORMAL cap_fp=0 cap_fi=0 cap_fe=0 cap_fver=0 cap_frootid=0OUID="root" OGID="root"
type=PATH msg=audit(1773063530.536:1818): item=1 name="/lib64/ld-linux-x86-64.so.2" inode=1481429 dev=08:02 mode=0100755 ouid=0 ogid=0 rdev=00:00 nametype=NORMAL cap_fp=0 cap_fi=0 cap_fe=0 cap_fver=0 cap_frootid=0OUID="root" OGID="root"
type=PROCTITLE msg=audit(1773063530.536:1818): proctitle="env"
type=SYSCALL msg=audit(1773063530.550:1819): arch=c000003e syscall=59 success=yes exit=0 a0=5cd345f07778 a1=7ffe11b227c0 a2=5cd3657dd0c0 a3=5cd345d85d62 items=2 ppid=1405 pid=1409 auid=1000 uid=0 gid=0 euid=0 suid=0 fsuid=0 egid=0 sgid=0 fsgid=0 tty=pts1 ses=3 comm="sh" exe="/usr/bin/dash" subj=unconfined key="T1078_Valid_Accounts"ARCH=x86_64 SYSCALL=execve AUID="vboxuser" UID="root" GID="root" EUID="root" SUID="root" FSUID="root" EGID="root" SGID="root" FSGID="root"
type=EXECVE msg=audit(1773063530.550:1819): argc=3 a0="sh" a1="-c" a2=66696E6420222F7661722F6C69622F617061636865322F6D6F64756C6522202D747970652066202D61202D6E616D6520227265777269746522
type=PATH msg=audit(1773063530.550:1819): item=0 name="/bin/sh" inode=1442345 dev=08:02 mode=0100755 ouid=0 ogid=0 rdev=00:00 nametype=NORMAL cap_fp=0 cap_fi=0 cap_fe=0 cap_fver=0 cap_frootid=0OUID="root" OGID="root"
type=PATH msg=audit(1773063530.550:1819): item=1 name="/lib64/ld-linux-x86-64.so.2" inode=1481429 dev=08:02 mode=0100755 ouid=0 ogid=0 rdev=00:00 nametype=NORMAL cap_fp=0 cap_fi=0 cap_fe=0 cap_fver=0 cap_frootid=0OUID="root" OGID="root"
type=PROCTITLE msg=audit(1773063530.550:1819): proctitle=7368002D630066696E6420222F7661722F6C69622F617061636865322F6D6F64756C6522202D747970652066202D61202D6E616D6520227265777269746522
type=SYSCALL msg=audit(1773063530.553:1820): arch=c000003e syscall=59 success=yes exit=0 a0=5951b25c3a20 a1=5951b25c38f8 a2=5951b25c3938 a3=8 items=2 ppid=1409 pid=1410 auid=1000 uid=0 gid=0 euid=0 suid=0 fsuid=0 egid=0 sgid=0 fsgid=0 tty=pts1 ses=3 comm="find" exe="/usr/bin/find" subj=unconfined key="T1078_Valid_Accounts"ARCH=x86_64 SYSCALL=execve AUID="vboxuser" UID="root" GID="root" EUID="root" SUID="root" FSUID="root" EGID="root" SGID="root" FSGID="root"
type=EXECVE msg=audit(1773063530.553:1820): argc=7 a0="find" a1="/var/lib/apache2/module" a2="-type" a3="f" a4="-a" a5="-name" a6="rewrite"
type=PATH msg=audit(1773063530.553:1820): item=0 name="/usr/bin/find" inode=1442415 dev=08:02 mode=0100755 ouid=0 ogid=0 rdev=00:00 nametype=NORMAL cap_fp=0 cap_fi=0 cap_fe=0 cap_fver=0 cap_frootid=0OUID="root" OGID="root"
type=PATH msg=audit(1773063530.553:1820): item=1 name="/lib64/ld-linux-x86-64.so.2" inode=1481429 dev=08:02 mode=0100755 ouid=0 ogid=0 rdev=00:00 nametype=NORMAL cap_fp=0 cap_fi=0 cap_fe=0 cap_fver=0 cap_frootid=0OUID="root" OGID="root"
type=PROCTITLE msg=audit(1773063530.553:1820): proctitle=66696E64002F7661722F6C69622F617061636865322F6D6F64756C65002D747970650066002D61002D6E616D650072657772697465
type=SYSCALL msg=audit(1773063530.559:1821): arch=c000003e syscall=59 success=yes exit=0 a0=5cd345f07778 a1=7ffe11b227c0 a2=5cd3657dd0c0 a3=5cd345d85d62 items=2 ppid=1405 pid=1411 auid=1000 uid=0 gid=0 euid=0 suid=0 fsuid=0 egid=0 sgid=0 fsgid=0 tty=pts1 ses=3 comm="sh" exe="/usr/bin/dash" subj=unconfined key="T1078_Valid_Accounts"ARCH=x86_64 SYSCALL=execve AUID="vboxuser" UID="root" GID="root" EUID="root" SUID="root" FSUID="root" EGID="root" SGID="root" FSGID="root"
type=EXECVE msg=audit(1773063530.559:1821): argc=3 a0="sh" a1="-c" a2=746F75636820222F7661722F6C69622F617061636865322F6D6F64756C652F656E61626C65645F62795F61646D696E2F7265777269746522
type=PATH msg=audit(1773063530.559:1821): item=0 name="/bin/sh" inode=1442345 dev=08:02 mode=0100755 ouid=0 ogid=0 rdev=00:00 nametype=NORMAL cap_fp=0 cap_fi=0 cap_fe=0 cap_fver=0 cap_frootid=0OUID="root" OGID="root"
type=PATH msg=audit(1773063530.559:1821): item=1 name="/lib64/ld-linux-x86-64.so.2" inode=1481429 dev=08:02 mode=0100755 ouid=0 ogid=0 rdev=00:00 nametype=NORMAL cap_fp=0 cap_fi=0 cap_fe=0 cap_fver=0 cap_frootid=0OUID="root" OGID="root"
type=PROCTITLE msg=audit(1773063530.559:1821): proctitle=7368002D6300746F75636820222F7661722F6C69622F617061636865322F6D6F64756C652F656E61626C65645F62795F61646D696E2F7265777269746522
type=SYSCALL msg=audit(1773063530.562:1822): arch=c000003e syscall=59 success=yes exit=0 a0=5ac532a8fa70 a1=5ac4f9056600 a2=5ac532a8f988 a3=1 items=2 ppid=1411 pid=1412 auid=1000 uid=0 gid=0 euid=0 suid=0 fsuid=0 egid=0 sgid=0 fsgid=0 tty=pts1 ses=3 comm="touch" exe="/usr/bin/touch" subj=unconfined key="T1078_Valid_Accounts"ARCH=x86_64 SYSCALL=execve AUID="vboxuser" UID="root" GID="root" EUID="root" SUID="root" FSUID="root" EGID="root" SGID="root" FSGID="root"
type=EXECVE msg=audit(1773063530.562:1822): argc=2 a0="touch" a1="/var/lib/apache2/module/enabled_by_admin/rewrite"
type=PATH msg=audit(1773063530.562:1822): item=0 name="/usr/bin/touch" inode=1442924 dev=08:02 mode=0100755 ouid=0 ogid=0 rdev=00:00 nametype=NORMAL cap_fp=0 cap_fi=0 cap_fe=0 cap_fver=0 cap_frootid=0OUID="root" OGID="root"
type=PATH msg=audit(1773063530.562:1822): item=1 name="/lib64/ld-linux-x86-64.so.2" inode=1481429 dev=08:02 mode=0100755 ouid=0 ogid=0 rdev=00:00 nametype=NORMAL cap_fp=0 cap_fi=0 cap_fe=0 cap_fver=0 cap_frootid=0OUID="root" OGID="root"
type=PROCTITLE msg=audit(1773063530.562:1822): proctitle=746F756368002F7661722F6C69622F617061636865322F6D6F64756C652F656E61626C65645F62795F61646D696E2F72657772697465
type=SYSCALL msg=audit(1773063539.042:1823): arch=c000003e syscall=59 success=yes exit=0 a0=62507e42ff70 a1=62507e42fff0 a2=62507e2e9cc0 a3=62507e42fff0 items=2 ppid=1380 pid=1413 auid=1000 uid=0 gid=0 euid=0 suid=0 fsuid=0 egid=0 sgid=0 fsgid=0 tty=pts1 ses=3 comm="systemctl" exe="/usr/bin/systemctl" subj=unconfined key="T1078_Valid_Accounts"ARCH=x86_64 SYSCALL=execve AUID="vboxuser" UID="root" GID="root" EUID="root" SUID="root" FSUID="root" EGID="root" SGID="root" FSGID="root"
type=EXECVE msg=audit(1773063539.042:1823): argc=3 a0="systemctl" a1="restart" a2="apache2"
type=PATH msg=audit(1773063539.042:1823): item=0 name="/usr/bin/systemctl" inode=1461475 dev=08:02 mode=0100755 ouid=0 ogid=0 rdev=00:00 nametype=NORMAL cap_fp=0 cap_fi=0 cap_fe=0 cap_fver=0 cap_frootid=0OUID="root" OGID="root"
type=PATH msg=audit(1773063539.042:1823): item=1 name="/lib64/ld-linux-x86-64.so.2" inode=1481429 dev=08:02 mode=0100755 ouid=0 ogid=0 rdev=00:00 nametype=NORMAL cap_fp=0 cap_fi=0 cap_fe=0 cap_fver=0 cap_frootid=0OUID="root" OGID="root"
type=PROCTITLE msg=audit(1773063539.042:1823): proctitle=73797374656D63746C00726573746172740061706163686532
type=SYSCALL msg=audit(1773063539.049:1824): arch=c000003e syscall=42 success=yes exit=0 a0=3 a1=60025787eac8 a2=17 a3=7ffda727cdb4 items=1 ppid=1380 pid=1413 auid=1000 uid=0 gid=0 euid=0 suid=0 fsuid=0 egid=0 sgid=0 fsgid=0 tty=pts1 ses=3 comm="systemctl" exe="/usr/bin/systemctl" subj=unconfined key="T1043_Commonly_Used_Port"ARCH=x86_64 SYSCALL=connect AUID="vboxuser" UID="root" GID="root" EUID="root" SUID="root" FSUID="root" EGID="root" SGID="root" FSGID="root"
type=SOCKADDR msg=audit(1773063539.049:1824): saddr=01002F72756E2F73797374656D642F7072697661746500SADDR={ saddr_fam=local path=/run/systemd/private }
type=PATH msg=audit(1773063539.049:1824): item=0 name="/run/systemd/private" inode=449 dev=00:18 mode=0140700 ouid=0 ogid=0 rdev=00:00 nametype=NORMAL cap_fp=0 cap_fi=0 cap_fe=0 cap_fver=0 cap_frootid=0OUID="root" OGID="root"
type=PROCTITLE msg=audit(1773063539.049:1824): proctitle=73797374656D63746C00726573746172740061706163686532
type=SYSCALL msg=audit(1773063539.049:1825): arch=c000003e syscall=59 success=yes exit=0 a0=6002536df090 a1=7ffda727d030 a2=7ffda727d8b8 a3=7540f73aa8d0 items=2 ppid=1413 pid=1414 auid=1000 uid=0 gid=0 euid=0 suid=0 fsuid=0 egid=0 sgid=0 fsgid=0 tty=pts1 ses=3 comm="systemd-tty-ask" exe="/usr/bin/systemd-tty-ask-password-agent" subj=unconfined key="T1078_Valid_Accounts"ARCH=x86_64 SYSCALL=execve AUID="vboxuser" UID="root" GID="root" EUID="root" SUID="root" FSUID="root" EGID="root" SGID="root" FSGID="root"
type=EXECVE msg=audit(1773063539.049:1825): argc=2 a0="/usr/bin/systemd-tty-ask-password-agent" a1="--watch"
type=PATH msg=audit(1773063539.049:1825): item=0 name="/usr/bin/systemd-tty-ask-password-agent" inode=1461700 dev=08:02 mode=0100755 ouid=0 ogid=0 rdev=00:00 nametype=NORMAL cap_fp=0 cap_fi=0 cap_fe=0 cap_fver=0 cap_frootid=0OUID="root" OGID="root"
type=PATH msg=audit(1773063539.049:1825): item=1 name="/lib64/ld-linux-x86-64.so.2" inode=1481429 dev=08:02 mode=0100755 ouid=0 ogid=0 rdev=00:00 nametype=NORMAL cap_fp=0 cap_fi=0 cap_fe=0 cap_fver=0 cap_frootid=0OUID="root" OGID="root"
type=PROCTITLE msg=audit(1773063539.049:1825): proctitle=2F7573722F62696E2F73797374656D642D7474792D61736B2D70617373776F72642D6167656E74002D2D7761746368
type=SYSCALL msg=audit(1773063539.059:1826): arch=c000003e syscall=59 success=yes exit=0 a0=7fffafa394d0 a1=7fffafa394f0 a2=7fffafa39fd8 a3=8 items=2 ppid=1 pid=1415 auid=4294967295 uid=0 gid=0 euid=0 suid=0 fsuid=0 egid=0 sgid=0 fsgid=0 tty=(none) ses=4294967295 comm="9" exe="/usr/lib/systemd/systemd-executor" subj=unconfined key="T1078_Valid_Accounts"ARCH=x86_64 SYSCALL=execve AUID="unset" UID="root" GID="root" EUID="root" SUID="root" FSUID="root" EGID="root" SGID="root" FSGID="root"
type=EXECVE msg=audit(1773063539.059:1826): argc=7 a0="/usr/lib/systemd/systemd-executor" a1="--deserialize" a2="104" a3="--log-level" a4="info" a5="--log-target" a6="journal-or-kmsg"
type=PATH msg=audit(1773063539.059:1826): item=0 name="/proc/self/fd/9" inode=1463834 dev=08:02 mode=0100755 ouid=0 ogid=0 rdev=00:00 nametype=NORMAL cap_fp=0 cap_fi=0 cap_fe=0 cap_fver=0 cap_frootid=0OUID="root" OGID="root"
type=PATH msg=audit(1773063539.059:1826): item=1 name="/lib64/ld-linux-x86-64.so.2" inode=1481429 dev=08:02 mode=0100755 ouid=0 ogid=0 rdev=00:00 nametype=NORMAL cap_fp=0 cap_fi=0 cap_fe=0 cap_fver=0 cap_frootid=0OUID="root" OGID="root"
type=PROCTITLE msg=audit(1773063539.059:1826): proctitle=2F7573722F6C69622F73797374656D642F73797374656D642D6578656375746F72002D2D646573657269616C697A6500313034002D2D6C6F672D6C6576656C00696E666F002D2D6C6F672D746172676574006A6F75726E616C2D6F722D6B6D7367
type=SYSCALL msg=audit(1773063539.066:1827): arch=c000003e syscall=42 success=yes exit=0 a0=4 a1=7ffe7cc242d0 a2=1e a3=7ffe7cc24380 items=1 ppid=1 pid=1415 auid=4294967295 uid=0 gid=0 euid=0 suid=0 fsuid=0 egid=0 sgid=0 fsgid=0 tty=(none) ses=4294967295 comm="9" exe="/usr/lib/systemd/systemd-executor" subj=unconfined key="T1043_Commonly_Used_Port"ARCH=x86_64 SYSCALL=connect AUID="unset" UID="root" GID="root" EUID="root" SUID="root" FSUID="root" EGID="root" SGID="root" FSGID="root"
type=SOCKADDR msg=audit(1773063539.066:1827): saddr=01002F72756E2F73797374656D642F6A6F75726E616C2F736F636B657400SADDR={ saddr_fam=local path=/run/systemd/journal/socket }
type=PATH msg=audit(1773063539.066:1827): item=0 name="/run/systemd/journal/socket" inode=464 dev=00:18 mode=0140666 ouid=0 ogid=0 rdev=00:00 nametype=NORMAL cap_fp=0 cap_fi=0 cap_fe=0 cap_fver=0 cap_frootid=0OUID="root" OGID="root"
type=PROCTITLE msg=audit(1773063539.066:1827): proctitle=2F7573722F6C69622F73797374656D642F73797374656D642D6578656375746F72002D2D646573657269616C697A6500313034002D2D6C6F672D6C6576656C00696E666F002D2D6C6F672D746172676574006A6F75726E616C2D6F722D6B6D7367
type=SYSCALL msg=audit(1773063539.083:1828): arch=c000003e syscall=42 success=yes exit=0 a0=3 a1=7ffe7cc23e50 a2=1e a3=fffffff7 items=1 ppid=1 pid=1415 auid=4294967295 uid=0 gid=0 euid=0 suid=0 fsuid=0 egid=0 sgid=0 fsgid=0 tty=(none) ses=4294967295 comm="(pachectl)" exe="/usr/lib/systemd/systemd-executor" subj=unconfined key="T1043_Commonly_Used_Port"ARCH=x86_64 SYSCALL=connect AUID="unset" UID="root" GID="root" EUID="root" SUID="root" FSUID="root" EGID="root" SGID="root" FSGID="root"
type=SOCKADDR msg=audit(1773063539.083:1828): saddr=01002F72756E2F73797374656D642F6A6F75726E616C2F7374646F757400SADDR={ saddr_fam=local path=/run/systemd/journal/stdout }
type=PATH msg=audit(1773063539.083:1828): item=0 name="/run/systemd/journal/stdout" inode=465 dev=00:18 mode=0140666 ouid=0 ogid=0 rdev=00:00 nametype=NORMAL cap_fp=0 cap_fi=0 cap_fe=0 cap_fver=0 cap_frootid=0OUID="root" OGID="root"
type=PROCTITLE msg=audit(1773063539.083:1828): proctitle=2F7573722F6C69622F73797374656D642F73797374656D642D6578656375746F72002D2D646573657269616C697A6500313034002D2D6C6F672D6C6576656C00696E666F002D2D6C6F672D746172676574006A6F75726E616C2D6F722D6B6D7367
type=SYSCALL msg=audit(1773063539.088:1829): arch=c000003e syscall=59 success=yes exit=0 a0=5ecf87802480 a1=5ecf8780b270 a2=5ecf878019b0 a3=5ecf87802b80 items=3 ppid=1 pid=1415 auid=4294967295 uid=0 gid=0 euid=0 suid=0 fsuid=0 egid=0 sgid=0 fsgid=0 tty=(none) ses=4294967295 comm="apachectl" exe="/usr/bin/dash" subj=unconfined key="T1078_Valid_Accounts"ARCH=x86_64 SYSCALL=execve AUID="unset" UID="root" GID="root" EUID="root" SUID="root" FSUID="root" EGID="root" SGID="root" FSGID="root"
type=EXECVE msg=audit(1773063539.088:1829): argc=3 a0="/bin/sh" a1="/usr/sbin/apachectl" a2="graceful-stop"
type=PATH msg=audit(1773063539.088:1829): item=0 name="/usr/sbin/apachectl" inode=1479339 dev=08:02 mode=0100755 ouid=0 ogid=0 rdev=00:00 nametype=NORMAL cap_fp=0 cap_fi=0 cap_fe=0 cap_fver=0 cap_frootid=0OUID="root" OGID="root"
type=PATH msg=audit(1773063539.088:1829): item=1 name="/bin/sh" inode=1442345 dev=08:02 mode=0100755 ouid=0 ogid=0 rdev=00:00 nametype=NORMAL cap_fp=0 cap_fi=0 cap_fe=0 cap_fver=0 cap_frootid=0OUID="root" OGID="root"
type=PATH msg=audit(1773063539.088:1829): item=2 name="/lib64/ld-linux-x86-64.so.2" inode=1481429 dev=08:02 mode=0100755 ouid=0 ogid=0 rdev=00:00 nametype=NORMAL cap_fp=0 cap_fi=0 cap_fe=0 cap_fver=0 cap_frootid=0OUID="root" OGID="root"
type=PROCTITLE msg=audit(1773063539.088:1829): proctitle=2F7573722F6C69622F73797374656D642F73797374656D642D6578656375746F72002D2D646573657269616C697A6500313034002D2D6C6F672D6C6576656C00696E666F002D2D6C6F672D746172676574006A6F75726E616C2D6F722D6B6D7367
type=SYSCALL msg=audit(1773063539.092:1830): arch=c000003e syscall=59 success=yes exit=0 a0=5eae45f74d40 a1=5eae45f76c30 a2=5eae45f74ca8 a3=5eae45f76a30 items=2 ppid=1415 pid=1416 auid=4294967295 uid=0 gid=0 euid=0 suid=0 fsuid=0 egid=0 sgid=0 fsgid=0 tty=(none) ses=4294967295 comm="id" exe="/usr/bin/id" subj=unconfined key="T1078_Valid_Accounts"ARCH=x86_64 SYSCALL=execve AUID="unset" UID="root" GID="root" EUID="root" SUID="root" FSUID="root" EGID="root" SGID="root" FSGID="root"
type=EXECVE msg=audit(1773063539.092:1830): argc=2 a0="id" a1="-u"
type=PATH msg=audit(1773063539.092:1830): item=0 name="/usr/bin/id" inode=1442474 dev=08:02 mode=0100755 ouid=0 ogid=0 rdev=00:00 nametype=NORMAL cap_fp=0 cap_fi=0 cap_fe=0 cap_fver=0 cap_frootid=0OUID="root" OGID="root"
type=PATH msg=audit(1773063539.092:1830): item=1 name="/lib64/ld-linux-x86-64.so.2" inode=1481429 dev=08:02 mode=0100755 ouid=0 ogid=0 rdev=00:00 nametype=NORMAL cap_fp=0 cap_fi=0 cap_fe=0 cap_fver=0 cap_frootid=0OUID="root" OGID="root"
type=PROCTITLE msg=audit(1773063539.092:1830): proctitle=6964002D75
type=SYSCALL msg=audit(1773063539.096:1831): arch=c000003e syscall=59 success=yes exit=0 a0=5eae45f769a0 a1=5eae45f782f8 a2=5eae45f78318 a3=8 items=2 ppid=1415 pid=1417 auid=4294967295 uid=0 gid=0 euid=0 suid=0 fsuid=0 egid=0 sgid=0 fsgid=0 tty=(none) ses=4294967295 comm="apache2" exe="/usr/sbin/apache2" subj=unconfined key="T1078_Valid_Accounts"ARCH=x86_64 SYSCALL=execve AUID="unset" UID="root" GID="root" EUID="root" SUID="root" FSUID="root" EGID="root" SGID="root" FSGID="root"
type=EXECVE msg=audit(1773063539.096:1831): argc=3 a0="/usr/sbin/apache2" a1="-k" a2="graceful-stop"
type=PATH msg=audit(1773063539.096:1831): item=0 name="/usr/sbin/apache2" inode=1457163 dev=08:02 mode=0100755 ouid=0 ogid=0 rdev=00:00 nametype=NORMAL cap_fp=0 cap_fi=0 cap_fe=0 cap_fver=0 cap_frootid=0OUID="root" OGID="root"
type=PATH msg=audit(1773063539.096:1831): item=1 name="/lib64/ld-linux-x86-64.so.2" inode=1481429 dev=08:02 mode=0100755 ouid=0 ogid=0 rdev=00:00 nametype=NORMAL cap_fp=0 cap_fi=0 cap_fe=0 cap_fver=0 cap_frootid=0OUID="root" OGID="root"
type=PROCTITLE msg=audit(1773063539.096:1831): proctitle=2F7573722F7362696E2F61706163686532002D6B00677261636566756C2D73746F70
type=SYSCALL msg=audit(1773063539.097:1832): arch=c000003e syscall=42 success=yes exit=0 a0=3 a1=58695774ec30 a2=1c a3=0 items=0 ppid=1415 pid=1417 auid=4294967295 uid=0 gid=0 euid=0 suid=0 fsuid=0 egid=0 sgid=0 fsgid=0 tty=(none) ses=4294967295 comm="apache2" exe="/usr/sbin/apache2" subj=unconfined key="T1043_Commonly_Used_Port"ARCH=x86_64 SYSCALL=connect AUID="unset" UID="root" GID="root" EUID="root" SUID="root" FSUID="root" EGID="root" SGID="root" FSGID="root"
type=SOCKADDR msg=audit(1773063539.097:1832): saddr=0A000000000000000000000000000000000000000000000000000000SADDR={ saddr_fam=inet6 laddr=:: lport=0 }
type=PROCTITLE msg=audit(1773063539.097:1832): proctitle=2F7573722F7362696E2F61706163686532002D6B00677261636566756C2D73746F70
type=SYSCALL msg=audit(1773063539.103:1833): arch=c000003e syscall=42 success=yes exit=0 a0=3 a1=7fffc3388ba0 a2=10 a3=0 items=0 ppid=1415 pid=1417 auid=4294967295 uid=0 gid=0 euid=0 suid=0 fsuid=0 egid=0 sgid=0 fsgid=0 tty=(none) ses=4294967295 comm="apache2" exe="/usr/sbin/apache2" subj=unconfined key="T1043_Commonly_Used_Port"ARCH=x86_64 SYSCALL=connect AUID="unset" UID="root" GID="root" EUID="root" SUID="root" FSUID="root" EGID="root" SGID="root" FSGID="root"
type=SOCKADDR msg=audit(1773063539.103:1833): saddr=00000000000000000000000000000000SADDR=unknown-family(0)
type=PROCTITLE msg=audit(1773063539.103:1833): proctitle=2F7573722F7362696E2F61706163686532002D6B00677261636566756C2D73746F70
type=SYSCALL msg=audit(1773063539.103:1834): arch=c000003e syscall=42 success=yes exit=0 a0=3 a1=58695774ec90 a2=10 a3=0 items=0 ppid=1415 pid=1417 auid=4294967295 uid=0 gid=0 euid=0 suid=0 fsuid=0 egid=0 sgid=0 fsgid=0 tty=(none) ses=4294967295 comm="apache2" exe="/usr/sbin/apache2" subj=unconfined key="T1043_Commonly_Used_Port"ARCH=x86_64 SYSCALL=connect AUID="unset" UID="root" GID="root" EUID="root" SUID="root" FSUID="root" EGID="root" SGID="root" FSGID="root"
type=SOCKADDR msg=audit(1773063539.103:1834): saddr=02000000000000000000000000000000SADDR={ saddr_fam=inet laddr=0.0.0.0 lport=0 }
type=PROCTITLE msg=audit(1773063539.103:1834): proctitle=2F7573722F7362696E2F61706163686532002D6B00677261636566756C2D73746F70
type=SYSCALL msg=audit(1773063539.113:1835): arch=c000003e syscall=42 success=yes exit=0 a0=3 a1=5869577736c0 a2=1c a3=0 items=0 ppid=1415 pid=1417 auid=4294967295 uid=0 gid=0 euid=0 suid=0 fsuid=0 egid=0 sgid=0 fsgid=0 tty=(none) ses=4294967295 comm="apache2" exe="/usr/sbin/apache2" subj=unconfined key="T1043_Commonly_Used_Port"ARCH=x86_64 SYSCALL=connect AUID="unset" UID="root" GID="root" EUID="root" SUID="root" FSUID="root" EGID="root" SGID="root" FSGID="root"
type=SOCKADDR msg=audit(1773063539.113:1835): saddr=0A000050000000000000000000000000000000000000000000000000SADDR={ saddr_fam=inet6 laddr=:: lport=80 }
type=PROCTITLE msg=audit(1773063539.113:1835): proctitle=2F7573722F7362696E2F61706163686532002D6B00677261636566756C2D73746F70
type=SYSCALL msg=audit(1773063539.113:1836): arch=c000003e syscall=42 success=yes exit=0 a0=3 a1=7fffc3388830 a2=10 a3=0 items=0 ppid=1415 pid=1417 auid=4294967295 uid=0 gid=0 euid=0 suid=0 fsuid=0 egid=0 sgid=0 fsgid=0 tty=(none) ses=4294967295 comm="apache2" exe="/usr/sbin/apache2" subj=unconfined key="T1043_Commonly_Used_Port"ARCH=x86_64 SYSCALL=connect AUID="unset" UID="root" GID="root" EUID="root" SUID="root" FSUID="root" EGID="root" SGID="root" FSGID="root"
type=SOCKADDR msg=audit(1773063539.113:1836): saddr=00000000000000000000000000000000SADDR=unknown-family(0)
type=PROCTITLE msg=audit(1773063539.113:1836): proctitle=2F7573722F7362696E2F61706163686532002D6B00677261636566756C2D73746F70
type=SYSCALL msg=audit(1773063539.113:1837): arch=c000003e syscall=42 success=yes exit=0 a0=3 a1=586957772e00 a2=10 a3=0 items=0 ppid=1415 pid=1417 auid=4294967295 uid=0 gid=0 euid=0 suid=0 fsuid=0 egid=0 sgid=0 fsgid=0 tty=(none) ses=4294967295 comm="apache2" exe="/usr/sbin/apache2" subj=unconfined key="T1043_Commonly_Used_Port"ARCH=x86_64 SYSCALL=connect AUID="unset" UID="root" GID="root" EUID="root" SUID="root" FSUID="root" EGID="root" SGID="root" FSGID="root"
type=SOCKADDR msg=audit(1773063539.113:1837): saddr=02000050000000000000000000000000SADDR={ saddr_fam=inet laddr=0.0.0.0 lport=80 }
type=PROCTITLE msg=audit(1773063539.113:1837): proctitle=2F7573722F7362696E2F61706163686532002D6B00677261636566756C2D73746F70
type=SYSCALL msg=audit(1773063539.113:1838): arch=c000003e syscall=42 success=yes exit=0 a0=5 a1=5869577736c0 a2=1c a3=0 items=0 ppid=1415 pid=1417 auid=4294967295 uid=0 gid=0 euid=0 suid=0 fsuid=0 egid=0 sgid=0 fsgid=0 tty=(none) ses=4294967295 comm="apache2" exe="/usr/sbin/apache2" subj=unconfined key="T1043_Commonly_Used_Port"ARCH=x86_64 SYSCALL=connect AUID="unset" UID="root" GID="root" EUID="root" SUID="root" FSUID="root" EGID="root" SGID="root" FSGID="root"
type=SOCKADDR msg=audit(1773063539.113:1838): saddr=0A000050000000000000000000000000000000000000000000000000SADDR={ saddr_fam=inet6 laddr=:: lport=80 }
type=PROCTITLE msg=audit(1773063539.113:1838): proctitle=2F7573722F7362696E2F61706163686532002D6B00677261636566756C2D73746F70
type=SYSCALL msg=audit(1773063539.113:1839): arch=c000003e syscall=42 success=yes exit=0 a0=5 a1=7fffc33887d0 a2=10 a3=0 items=0 ppid=1415 pid=1417 auid=4294967295 uid=0 gid=0 euid=0 suid=0 fsuid=0 egid=0 sgid=0 fsgid=0 tty=(none) ses=4294967295 comm="apache2" exe="/usr/sbin/apache2" subj=unconfined key="T1043_Commonly_Used_Port"ARCH=x86_64 SYSCALL=connect AUID="unset" UID="root" GID="root" EUID="root" SUID="root" FSUID="root" EGID="root" SGID="root" FSGID="root"
type=SOCKADDR msg=audit(1773063539.113:1839): saddr=00000000000000000000000000000000SADDR=unknown-family(0)
type=PROCTITLE msg=audit(1773063539.113:1839): proctitle=2F7573722F7362696E2F61706163686532002D6B00677261636566756C2D73746F70
type=SYSCALL msg=audit(1773063539.113:1840): arch=c000003e syscall=42 success=yes exit=0 a0=5 a1=586957772e00 a2=10 a3=0 items=0 ppid=1415 pid=1417 auid=4294967295 uid=0 gid=0 euid=0 suid=0 fsuid=0 egid=0 sgid=0 fsgid=0 tty=(none) ses=4294967295 comm="apache2" exe="/usr/sbin/apache2" subj=unconfined key="T1043_Commonly_Used_Port"ARCH=x86_64 SYSCALL=connect AUID="unset" UID="root" GID="root" EUID="root" SUID="root" FSUID="root" EGID="root" SGID="root" FSGID="root"
type=SOCKADDR msg=audit(1773063539.113:1840): saddr=02000050000000000000000000000000SADDR={ saddr_fam=inet laddr=0.0.0.0 lport=80 }
type=PROCTITLE msg=audit(1773063539.113:1840): proctitle=2F7573722F7362696E2F61706163686532002D6B00677261636566756C2D73746F70
type=SYSCALL msg=audit(1773063539.113:1841): arch=c000003e syscall=42 success=yes exit=0 a0=5 a1=5869577736c0 a2=1c a3=0 items=0 ppid=1415 pid=1417 auid=4294967295 uid=0 gid=0 euid=0 suid=0 fsuid=0 egid=0 sgid=0 fsgid=0 tty=(none) ses=4294967295 comm="apache2" exe="/usr/sbin/apache2" subj=unconfined key="T1043_Commonly_Used_Port"ARCH=x86_64 SYSCALL=connect AUID="unset" UID="root" GID="root" EUID="root" SUID="root" FSUID="root" EGID="root" SGID="root" FSGID="root"
type=SOCKADDR msg=audit(1773063539.113:1841): saddr=0A000050000000000000000000000000000000000000000000000000SADDR={ saddr_fam=inet6 laddr=:: lport=80 }
type=PROCTITLE msg=audit(1773063539.113:1841): proctitle=2F7573722F7362696E2F61706163686532002D6B00677261636566756C2D73746F70
type=SYSCALL msg=audit(1773063539.113:1842): arch=c000003e syscall=42 success=yes exit=0 a0=5 a1=7fffc33887d0 a2=10 a3=0 items=0 ppid=1415 pid=1417 auid=4294967295 uid=0 gid=0 euid=0 suid=0 fsuid=0 egid=0 sgid=0 fsgid=0 tty=(none) ses=4294967295 comm="apache2" exe="/usr/sbin/apache2" subj=unconfined key="T1043_Commonly_Used_Port"ARCH=x86_64 SYSCALL=connect AUID="unset" UID="root" GID="root" EUID="root" SUID="root" FSUID="root" EGID="root" SGID="root" FSGID="root"
type=SOCKADDR msg=audit(1773063539.113:1842): saddr=00000000000000000000000000000000SADDR=unknown-family(0)
type=PROCTITLE msg=audit(1773063539.113:1842): proctitle=2F7573722F7362696E2F61706163686532002D6B00677261636566756C2D73746F70
type=SYSCALL msg=audit(1773063539.113:1843): arch=c000003e syscall=42 success=yes exit=0 a0=5 a1=586957772e00 a2=10 a3=0 items=0 ppid=1415 pid=1417 auid=4294967295 uid=0 gid=0 euid=0 suid=0 fsuid=0 egid=0 sgid=0 fsgid=0 tty=(none) ses=4294967295 comm="apache2" exe="/usr/sbin/apache2" subj=unconfined key="T1043_Commonly_Used_Port"ARCH=x86_64 SYSCALL=connect AUID="unset" UID="root" GID="root" EUID="root" SUID="root" FSUID="root" EGID="root" SGID="root" FSGID="root"
type=SOCKADDR msg=audit(1773063539.113:1843): saddr=02000050000000000000000000000000SADDR={ saddr_fam=inet laddr=0.0.0.0 lport=80 }
type=PROCTITLE msg=audit(1773063539.113:1843): proctitle=2F7573722F7362696E2F61706163686532002D6B00677261636566756C2D73746F70
type=SYSCALL msg=audit(1773063539.113:1844): arch=c000003e syscall=42 success=yes exit=0 a0=5 a1=70b348a0b694 a2=10 a3=7fffc3386334 items=0 ppid=1415 pid=1417 auid=4294967295 uid=0 gid=0 euid=0 suid=0 fsuid=0 egid=0 sgid=0 fsgid=0 tty=(none) ses=4294967295 comm="apache2" exe="/usr/sbin/apache2" subj=unconfined key="T1043_Commonly_Used_Port"ARCH=x86_64 SYSCALL=connect AUID="unset" UID="root" GID="root" EUID="root" SUID="root" FSUID="root" EGID="root" SGID="root" FSGID="root"
type=SOCKADDR msg=audit(1773063539.113:1844): saddr=020000357F0000350000000000000000SADDR={ saddr_fam=inet laddr=127.0.0.53 lport=53 }
type=PROCTITLE msg=audit(1773063539.113:1844): proctitle=2F7573722F7362696E2F61706163686532002D6B00677261636566756C2D73746F70
type=SYSCALL msg=audit(1773063539.131:1845): arch=c000003e syscall=42 success=yes exit=0 a0=5 a1=70b348a0b694 a2=10 a3=7fffc3386334 items=0 ppid=1415 pid=1417 auid=4294967295 uid=0 gid=0 euid=0 suid=0 fsuid=0 egid=0 sgid=0 fsgid=0 tty=(none) ses=4294967295 comm="apache2" exe="/usr/sbin/apache2" subj=unconfined key="T1043_Commonly_Used_Port"ARCH=x86_64 SYSCALL=connect AUID="unset" UID="root" GID="root" EUID="root" SUID="root" FSUID="root" EGID="root" SGID="root" FSGID="root"
type=SOCKADDR msg=audit(1773063539.131:1845): saddr=020000357F0000350000000000000000SADDR={ saddr_fam=inet laddr=127.0.0.53 lport=53 }
type=PROCTITLE msg=audit(1773063539.131:1845): proctitle=2F7573722F7362696E2F61706163686532002D6B00677261636566756C2D73746F70
type=SYSCALL msg=audit(1773063539.132:1846): arch=c000003e syscall=42 success=yes exit=0 a0=5 a1=586957772e00 a2=10 a3=0 items=0 ppid=1415 pid=1417 auid=4294967295 uid=0 gid=0 euid=0 suid=0 fsuid=0 egid=0 sgid=0 fsgid=0 tty=(none) ses=4294967295 comm="apache2" exe="/usr/sbin/apache2" subj=unconfined key="T1043_Commonly_Used_Port"ARCH=x86_64 SYSCALL=connect AUID="unset" UID="root" GID="root" EUID="root" SUID="root" FSUID="root" EGID="root" SGID="root" FSGID="root"
type=SOCKADDR msg=audit(1773063539.132:1846): saddr=020000000A00020F0000000000000000SADDR={ saddr_fam=inet laddr=10.0.2.15 lport=0 }
type=PROCTITLE msg=audit(1773063539.132:1846): proctitle=2F7573722F7362696E2F61706163686532002D6B00677261636566756C2D73746F70
type=SYSCALL msg=audit(1773063539.132:1847): arch=c000003e syscall=42 success=yes exit=0 a0=5 a1=7fffc3388220 a2=10 a3=0 items=0 ppid=1415 pid=1417 auid=4294967295 uid=0 gid=0 euid=0 suid=0 fsuid=0 egid=0 sgid=0 fsgid=0 tty=(none) ses=4294967295 comm="apache2" exe="/usr/sbin/apache2" subj=unconfined key="T1043_Commonly_Used_Port"ARCH=x86_64 SYSCALL=connect AUID="unset" UID="root" GID="root" EUID="root" SUID="root" FSUID="root" EGID="root" SGID="root" FSGID="root"
type=SOCKADDR msg=audit(1773063539.132:1847): saddr=00000000000000000000000000000000SADDR=unknown-family(0)
type=PROCTITLE msg=audit(1773063539.132:1847): proctitle=2F7573722F7362696E2F61706163686532002D6B00677261636566756C2D73746F70
type=SYSCALL msg=audit(1773063539.132:1848): arch=c000003e syscall=42 success=yes exit=0 a0=5 a1=5869577797a0 a2=10 a3=0 items=0 ppid=1415 pid=1417 auid=4294967295 uid=0 gid=0 euid=0 suid=0 fsuid=0 egid=0 sgid=0 fsgid=0 tty=(none) ses=4294967295 comm="apache2" exe="/usr/sbin/apache2" subj=unconfined key="T1043_Commonly_Used_Port"ARCH=x86_64 SYSCALL=connect AUID="unset" UID="root" GID="root" EUID="root" SUID="root" FSUID="root" EGID="root" SGID="root" FSGID="root"
type=SOCKADDR msg=audit(1773063539.132:1848): saddr=02000000C0A8C7060000000000000000SADDR={ saddr_fam=inet laddr=192.168.199.6 lport=0 }
type=PROCTITLE msg=audit(1773063539.132:1848): proctitle=2F7573722F7362696E2F61706163686532002D6B00677261636566756C2D73746F70
type=SYSCALL msg=audit(1773063539.132:1849): arch=c000003e syscall=42 success=yes exit=0 a0=5 a1=5869577736c0 a2=1c a3=0 items=0 ppid=1415 pid=1417 auid=4294967295 uid=0 gid=0 euid=0 suid=0 fsuid=0 egid=0 sgid=0 fsgid=0 tty=(none) ses=4294967295 comm="apache2" exe="/usr/sbin/apache2" subj=unconfined key="T1043_Commonly_Used_Port"ARCH=x86_64 SYSCALL=connect AUID="unset" UID="root" GID="root" EUID="root" SUID="root" FSUID="root" EGID="root" SGID="root" FSGID="root"
type=SOCKADDR msg=audit(1773063539.132:1849): saddr=0A00000000000000FD17625CF03700020A0027FFFED8540D00000000SADDR={ saddr_fam=inet6 laddr=fd17:625c:f037:2:a00:27ff:fed8:540d lport=0 }
type=PROCTITLE msg=audit(1773063539.132:1849): proctitle=2F7573722F7362696E2F61706163686532002D6B00677261636566756C2D73746F70
type=SYSCALL msg=audit(1773063539.132:1850): arch=c000003e syscall=42 success=yes exit=0 a0=5 a1=7fffc3388220 a2=10 a3=0 items=0 ppid=1415 pid=1417 auid=4294967295 uid=0 gid=0 euid=0 suid=0 fsuid=0 egid=0 sgid=0 fsgid=0 tty=(none) ses=4294967295 comm="apache2" exe="/usr/sbin/apache2" subj=unconfined key="T1043_Commonly_Used_Port"ARCH=x86_64 SYSCALL=connect AUID="unset" UID="root" GID="root" EUID="root" SUID="root" FSUID="root" EGID="root" SGID="root" FSGID="root"
type=SOCKADDR msg=audit(1773063539.132:1850): saddr=00000000000000000000000000000000SADDR=unknown-family(0)
type=PROCTITLE msg=audit(1773063539.132:1850): proctitle=2F7573722F7362696E2F61706163686532002D6B00677261636566756C2D73746F70
type=SYSCALL msg=audit(1773063539.132:1851): arch=c000003e syscall=42 success=no exit=-22 a0=5 a1=5869577797f0 a2=1c a3=0 items=0 ppid=1415 pid=1417 auid=4294967295 uid=0 gid=0 euid=0 suid=0 fsuid=0 egid=0 sgid=0 fsgid=0 tty=(none) ses=4294967295 comm="apache2" exe="/usr/sbin/apache2" subj=unconfined key="T1043_Commonly_Used_Port"ARCH=x86_64 SYSCALL=connect AUID="unset" UID="root" GID="root" EUID="root" SUID="root" FSUID="root" EGID="root" SGID="root" FSGID="root"
type=SOCKADDR msg=audit(1773063539.132:1851): saddr=0A00000000000000FE800000000000000A0027FFFED8540D00000000SADDR={ saddr_fam=inet6 laddr=fe80::a00:27ff:fed8:540d lport=0 }
type=PROCTITLE msg=audit(1773063539.132:1851): proctitle=2F7573722F7362696E2F61706163686532002D6B00677261636566756C2D73746F70
type=SYSCALL msg=audit(1773063539.132:1852): arch=c000003e syscall=42 success=yes exit=0 a0=5 a1=7fffc3388220 a2=10 a3=0 items=0 ppid=1415 pid=1417 auid=4294967295 uid=0 gid=0 euid=0 suid=0 fsuid=0 egid=0 sgid=0 fsgid=0 tty=(none) ses=4294967295 comm="apache2" exe="/usr/sbin/apache2" subj=unconfined key="T1043_Commonly_Used_Port"ARCH=x86_64 SYSCALL=connect AUID="unset" UID="root" GID="root" EUID="root" SUID="root" FSUID="root" EGID="root" SGID="root" FSGID="root"
type=SOCKADDR msg=audit(1773063539.132:1852): saddr=00000000000000000000000000000000SADDR=unknown-family(0)
type=PROCTITLE msg=audit(1773063539.132:1852): proctitle=2F7573722F7362696E2F61706163686532002D6B00677261636566756C2D73746F70
type=SYSCALL msg=audit(1773063539.132:1853): arch=c000003e syscall=42 success=no exit=-22 a0=5 a1=586957779850 a2=1c a3=0 items=0 ppid=1415 pid=1417 auid=4294967295 uid=0 gid=0 euid=0 suid=0 fsuid=0 egid=0 sgid=0 fsgid=0 tty=(none) ses=4294967295 comm="apache2" exe="/usr/sbin/apache2" subj=unconfined key="T1043_Commonly_Used_Port"ARCH=x86_64 SYSCALL=connect AUID="unset" UID="root" GID="root" EUID="root" SUID="root" FSUID="root" EGID="root" SGID="root" FSGID="root"
type=SOCKADDR msg=audit(1773063539.132:1853): saddr=0A00000000000000FE800000000000000A0027FFFE4B6CA600000000SADDR={ saddr_fam=inet6 laddr=fe80::a00:27ff:fe4b:6ca6 lport=0 }
type=PROCTITLE msg=audit(1773063539.132:1853): proctitle=2F7573722F7362696E2F61706163686532002D6B00677261636566756C2D73746F70
type=SYSCALL msg=audit(1773063539.132:1854): arch=c000003e syscall=42 success=yes exit=0 a0=5 a1=70b348a0b694 a2=10 a3=7fffc3386a44 items=0 ppid=1415 pid=1417 auid=4294967295 uid=0 gid=0 euid=0 suid=0 fsuid=0 egid=0 sgid=0 fsgid=0 tty=(none) ses=4294967295 comm="apache2" exe="/usr/sbin/apache2" subj=unconfined key="T1043_Commonly_Used_Port"ARCH=x86_64 SYSCALL=connect AUID="unset" UID="root" GID="root" EUID="root" SUID="root" FSUID="root" EGID="root" SGID="root" FSGID="root"
type=SOCKADDR msg=audit(1773063539.132:1854): saddr=020000357F0000350000000000000000SADDR={ saddr_fam=inet laddr=127.0.0.53 lport=53 }
type=PROCTITLE msg=audit(1773063539.132:1854): proctitle=2F7573722F7362696E2F61706163686532002D6B00677261636566756C2D73746F70
type=SERVICE_STOP msg=audit(1773063539.527:1855): pid=1 uid=0 auid=4294967295 ses=4294967295 subj=unconfined msg='unit=apache2 comm="systemd" exe="/usr/lib/systemd/systemd" hostname=? addr=? terminal=? res=success'UID="root" AUID="unset"
type=SYSCALL msg=audit(1773063539.530:1856): arch=c000003e syscall=59 success=yes exit=0 a0=7fffafa394b0 a1=7fffafa394d0 a2=7fffafa39fd8 a3=8 items=2 ppid=1 pid=1421 auid=4294967295 uid=0 gid=0 euid=0 suid=0 fsuid=0 egid=0 sgid=0 fsgid=0 tty=(none) ses=4294967295 comm="9" exe="/usr/lib/systemd/systemd-executor" subj=unconfined key="T1078_Valid_Accounts"ARCH=x86_64 SYSCALL=execve AUID="unset" UID="root" GID="root" EUID="root" SUID="root" FSUID="root" EGID="root" SGID="root" FSGID="root"
type=EXECVE msg=audit(1773063539.530:1856): argc=7 a0="/usr/lib/systemd/systemd-executor" a1="--deserialize" a2="100" a3="--log-level" a4="info" a5="--log-target" a6="journal-or-kmsg"
type=PATH msg=audit(1773063539.530:1856): item=0 name="/proc/self/fd/9" inode=1463834 dev=08:02 mode=0100755 ouid=0 ogid=0 rdev=00:00 nametype=NORMAL cap_fp=0 cap_fi=0 cap_fe=0 cap_fver=0 cap_frootid=0OUID="root" OGID="root"
type=PATH msg=audit(1773063539.530:1856): item=1 name="/lib64/ld-linux-x86-64.so.2" inode=1481429 dev=08:02 mode=0100755 ouid=0 ogid=0 rdev=00:00 nametype=NORMAL cap_fp=0 cap_fi=0 cap_fe=0 cap_fver=0 cap_frootid=0OUID="root" OGID="root"
type=PROCTITLE msg=audit(1773063539.530:1856): proctitle=2F7573722F6C69622F73797374656D642F73797374656D642D6578656375746F72002D2D646573657269616C697A6500313030002D2D6C6F672D6C6576656C00696E666F002D2D6C6F672D746172676574006A6F75726E616C2D6F722D6B6D7367
type=SYSCALL msg=audit(1773063539.536:1857): arch=c000003e syscall=42 success=yes exit=0 a0=4 a1=7ffc1e9f8550 a2=1e a3=7ffc1e9f8600 items=1 ppid=1 pid=1421 auid=4294967295 uid=0 gid=0 euid=0 suid=0 fsuid=0 egid=0 sgid=0 fsgid=0 tty=(none) ses=4294967295 comm="9" exe="/usr/lib/systemd/systemd-executor" subj=unconfined key="T1043_Commonly_Used_Port"ARCH=x86_64 SYSCALL=connect AUID="unset" UID="root" GID="root" EUID="root" SUID="root" FSUID="root" EGID="root" SGID="root" FSGID="root"
type=SOCKADDR msg=audit(1773063539.536:1857): saddr=01002F72756E2F73797374656D642F6A6F75726E616C2F736F636B657400SADDR={ saddr_fam=local path=/run/systemd/journal/socket }
type=PATH msg=audit(1773063539.536:1857): item=0 name="/run/systemd/journal/socket" inode=464 dev=00:18 mode=0140666 ouid=0 ogid=0 rdev=00:00 nametype=NORMAL cap_fp=0 cap_fi=0 cap_fe=0 cap_fver=0 cap_frootid=0OUID="root" OGID="root"
type=PROCTITLE msg=audit(1773063539.536:1857): proctitle=2F7573722F6C69622F73797374656D642F73797374656D642D6578656375746F72002D2D646573657269616C697A6500313030002D2D6C6F672D6C6576656C00696E666F002D2D6C6F672D746172676574006A6F75726E616C2D6F722D6B6D7367
type=SYSCALL msg=audit(1773063539.537:1858): arch=c000003e syscall=42 success=yes exit=0 a0=3 a1=7ffc1e9f80d0 a2=1e a3=fffffff7 items=1 ppid=1 pid=1421 auid=4294967295 uid=0 gid=0 euid=0 suid=0 fsuid=0 egid=0 sgid=0 fsgid=0 tty=(none) ses=4294967295 comm="(pachectl)" exe="/usr/lib/systemd/systemd-executor" subj=unconfined key="T1043_Commonly_Used_Port"ARCH=x86_64 SYSCALL=connect AUID="unset" UID="root" GID="root" EUID="root" SUID="root" FSUID="root" EGID="root" SGID="root" FSGID="root"
type=SOCKADDR msg=audit(1773063539.537:1858): saddr=01002F72756E2F73797374656D642F6A6F75726E616C2F7374646F757400SADDR={ saddr_fam=local path=/run/systemd/journal/stdout }
type=PATH msg=audit(1773063539.537:1858): item=0 name="/run/systemd/journal/stdout" inode=465 dev=00:18 mode=0140666 ouid=0 ogid=0 rdev=00:00 nametype=NORMAL cap_fp=0 cap_fi=0 cap_fe=0 cap_fver=0 cap_frootid=0OUID="root" OGID="root"
type=PROCTITLE msg=audit(1773063539.537:1858): proctitle=2F7573722F6C69622F73797374656D642F73797374656D642D6578656375746F72002D2D646573657269616C697A6500313030002D2D6C6F672D6C6576656C00696E666F002D2D6C6F672D746172676574006A6F75726E616C2D6F722D6B6D7367
type=SYSCALL msg=audit(1773063539.540:1859): arch=c000003e syscall=59 success=yes exit=0 a0=5c17dc0ab4a0 a1=5c17dc0b41b0 a2=5c17dc0aadb0 a3=5c17dc0abb80 items=3 ppid=1 pid=1421 auid=4294967295 uid=0 gid=0 euid=0 suid=0 fsuid=0 egid=0 sgid=0 fsgid=0 tty=(none) ses=4294967295 comm="apachectl" exe="/usr/bin/dash" subj=unconfined key="T1078_Valid_Accounts"ARCH=x86_64 SYSCALL=execve AUID="unset" UID="root" GID="root" EUID="root" SUID="root" FSUID="root" EGID="root" SGID="root" FSGID="root"
type=EXECVE msg=audit(1773063539.540:1859): argc=3 a0="/bin/sh" a1="/usr/sbin/apachectl" a2="start"
type=PATH msg=audit(1773063539.540:1859): item=0 name="/usr/sbin/apachectl" inode=1479339 dev=08:02 mode=0100755 ouid=0 ogid=0 rdev=00:00 nametype=NORMAL cap_fp=0 cap_fi=0 cap_fe=0 cap_fver=0 cap_frootid=0OUID="root" OGID="root"
type=PATH msg=audit(1773063539.540:1859): item=1 name="/bin/sh" inode=1442345 dev=08:02 mode=0100755 ouid=0 ogid=0 rdev=00:00 nametype=NORMAL cap_fp=0 cap_fi=0 cap_fe=0 cap_fver=0 cap_frootid=0OUID="root" OGID="root"
type=PATH msg=audit(1773063539.540:1859): item=2 name="/lib64/ld-linux-x86-64.so.2" inode=1481429 dev=08:02 mode=0100755 ouid=0 ogid=0 rdev=00:00 nametype=NORMAL cap_fp=0 cap_fi=0 cap_fe=0 cap_fver=0 cap_frootid=0OUID="root" OGID="root"
type=PROCTITLE msg=audit(1773063539.540:1859): proctitle=2F7573722F6C69622F73797374656D642F73797374656D642D6578656375746F72002D2D646573657269616C697A6500313030002D2D6C6F672D6C6576656C00696E666F002D2D6C6F672D746172676574006A6F75726E616C2D6F722D6B6D7367
type=SYSCALL msg=audit(1773063539.545:1860): arch=c000003e syscall=59 success=yes exit=0 a0=614c33615cd0 a1=614c33617bd0 a2=614c33615c48 a3=614c336179d0 items=2 ppid=1421 pid=1422 auid=4294967295 uid=0 gid=0 euid=0 suid=0 fsuid=0 egid=0 sgid=0 fsgid=0 tty=(none) ses=4294967295 comm="id" exe="/usr/bin/id" subj=unconfined key="T1078_Valid_Accounts"ARCH=x86_64 SYSCALL=execve AUID="unset" UID="root" GID="root" EUID="root" SUID="root" FSUID="root" EGID="root" SGID="root" FSGID="root"
type=EXECVE msg=audit(1773063539.545:1860): argc=2 a0="id" a1="-u"
type=PATH msg=audit(1773063539.545:1860): item=0 name="/usr/bin/id" inode=1442474 dev=08:02 mode=0100755 ouid=0 ogid=0 rdev=00:00 nametype=NORMAL cap_fp=0 cap_fi=0 cap_fe=0 cap_fver=0 cap_frootid=0OUID="root" OGID="root"
type=PATH msg=audit(1773063539.545:1860): item=1 name="/lib64/ld-linux-x86-64.so.2" inode=1481429 dev=08:02 mode=0100755 ouid=0 ogid=0 rdev=00:00 nametype=NORMAL cap_fp=0 cap_fi=0 cap_fe=0 cap_fver=0 cap_frootid=0OUID="root" OGID="root"
type=PROCTITLE msg=audit(1773063539.545:1860): proctitle=6964002D75
type=SYSCALL msg=audit(1773063539.549:1861): arch=c000003e syscall=59 success=yes exit=0 a0=614c33617938 a1=614c33619280 a2=614c336192a0 a3=8 items=2 ppid=1421 pid=1423 auid=4294967295 uid=0 gid=0 euid=0 suid=0 fsuid=0 egid=0 sgid=0 fsgid=0 tty=(none) ses=4294967295 comm="apache2" exe="/usr/sbin/apache2" subj=unconfined key="T1078_Valid_Accounts"ARCH=x86_64 SYSCALL=execve AUID="unset" UID="root" GID="root" EUID="root" SUID="root" FSUID="root" EGID="root" SGID="root" FSGID="root"
type=EXECVE msg=audit(1773063539.549:1861): argc=3 a0="/usr/sbin/apache2" a1="-k" a2="start"
type=PATH msg=audit(1773063539.549:1861): item=0 name="/usr/sbin/apache2" inode=1457163 dev=08:02 mode=0100755 ouid=0 ogid=0 rdev=00:00 nametype=NORMAL cap_fp=0 cap_fi=0 cap_fe=0 cap_fver=0 cap_frootid=0OUID="root" OGID="root"
type=PATH msg=audit(1773063539.549:1861): item=1 name="/lib64/ld-linux-x86-64.so.2" inode=1481429 dev=08:02 mode=0100755 ouid=0 ogid=0 rdev=00:00 nametype=NORMAL cap_fp=0 cap_fi=0 cap_fe=0 cap_fver=0 cap_frootid=0OUID="root" OGID="root"
type=PROCTITLE msg=audit(1773063539.549:1861): proctitle=2F7573722F7362696E2F61706163686532002D6B007374617274
type=SYSCALL msg=audit(1773063539.558:1862): arch=c000003e syscall=42 success=yes exit=0 a0=3 a1=57e5f863ec30 a2=1c a3=0 items=0 ppid=1421 pid=1423 auid=4294967295 uid=0 gid=0 euid=0 suid=0 fsuid=0 egid=0 sgid=0 fsgid=0 tty=(none) ses=4294967295 comm="apache2" exe="/usr/sbin/apache2" subj=unconfined key="T1043_Commonly_Used_Port"ARCH=x86_64 SYSCALL=connect AUID="unset" UID="root" GID="root" EUID="root" SUID="root" FSUID="root" EGID="root" SGID="root" FSGID="root"
type=SOCKADDR msg=audit(1773063539.558:1862): saddr=0A000000000000000000000000000000000000000000000000000000SADDR={ saddr_fam=inet6 laddr=:: lport=0 }
type=PROCTITLE msg=audit(1773063539.558:1862): proctitle=2F7573722F7362696E2F61706163686532002D6B007374617274
type=SYSCALL msg=audit(1773063539.558:1863): arch=c000003e syscall=42 success=yes exit=0 a0=3 a1=7fff0456f970 a2=10 a3=0 items=0 ppid=1421 pid=1423 auid=4294967295 uid=0 gid=0 euid=0 suid=0 fsuid=0 egid=0 sgid=0 fsgid=0 tty=(none) ses=4294967295 comm="apache2" exe="/usr/sbin/apache2" subj=unconfined key="T1043_Commonly_Used_Port"ARCH=x86_64 SYSCALL=connect AUID="unset" UID="root" GID="root" EUID="root" SUID="root" FSUID="root" EGID="root" SGID="root" FSGID="root"
type=SOCKADDR msg=audit(1773063539.558:1863): saddr=00000000000000000000000000000000SADDR=unknown-family(0)
type=PROCTITLE msg=audit(1773063539.558:1863): proctitle=2F7573722F7362696E2F61706163686532002D6B007374617274
type=SYSCALL msg=audit(1773063539.558:1864): arch=c000003e syscall=42 success=yes exit=0 a0=3 a1=57e5f863ec90 a2=10 a3=0 items=0 ppid=1421 pid=1423 auid=4294967295 uid=0 gid=0 euid=0 suid=0 fsuid=0 egid=0 sgid=0 fsgid=0 tty=(none) ses=4294967295 comm="apache2" exe="/usr/sbin/apache2" subj=unconfined key="T1043_Commonly_Used_Port"ARCH=x86_64 SYSCALL=connect AUID="unset" UID="root" GID="root" EUID="root" SUID="root" FSUID="root" EGID="root" SGID="root" FSGID="root"
type=SOCKADDR msg=audit(1773063539.558:1864): saddr=02000000000000000000000000000000SADDR={ saddr_fam=inet laddr=0.0.0.0 lport=0 }
type=PROCTITLE msg=audit(1773063539.558:1864): proctitle=2F7573722F7362696E2F61706163686532002D6B007374617274
type=SYSCALL msg=audit(1773063539.568:1865): arch=c000003e syscall=42 success=yes exit=0 a0=3 a1=57e5f86636c0 a2=1c a3=0 items=0 ppid=1421 pid=1423 auid=4294967295 uid=0 gid=0 euid=0 suid=0 fsuid=0 egid=0 sgid=0 fsgid=0 tty=(none) ses=4294967295 comm="apache2" exe="/usr/sbin/apache2" subj=unconfined key="T1043_Commonly_Used_Port"ARCH=x86_64 SYSCALL=connect AUID="unset" UID="root" GID="root" EUID="root" SUID="root" FSUID="root" EGID="root" SGID="root" FSGID="root"
type=SOCKADDR msg=audit(1773063539.568:1865): saddr=0A000050000000000000000000000000000000000000000000000000SADDR={ saddr_fam=inet6 laddr=:: lport=80 }
type=PROCTITLE msg=audit(1773063539.568:1865): proctitle=2F7573722F7362696E2F61706163686532002D6B007374617274
type=SYSCALL msg=audit(1773063539.568:1866): arch=c000003e syscall=42 success=yes exit=0 a0=3 a1=7fff0456f600 a2=10 a3=0 items=0 ppid=1421 pid=1423 auid=4294967295 uid=0 gid=0 euid=0 suid=0 fsuid=0 egid=0 sgid=0 fsgid=0 tty=(none) ses=4294967295 comm="apache2" exe="/usr/sbin/apache2" subj=unconfined key="T1043_Commonly_Used_Port"ARCH=x86_64 SYSCALL=connect AUID="unset" UID="root" GID="root" EUID="root" SUID="root" FSUID="root" EGID="root" SGID="root" FSGID="root"
type=SOCKADDR msg=audit(1773063539.568:1866): saddr=00000000000000000000000000000000SADDR=unknown-family(0)
type=PROCTITLE msg=audit(1773063539.568:1866): proctitle=2F7573722F7362696E2F61706163686532002D6B007374617274
type=SYSCALL msg=audit(1773063539.568:1867): arch=c000003e syscall=42 success=yes exit=0 a0=3 a1=57e5f8662e00 a2=10 a3=0 items=0 ppid=1421 pid=1423 auid=4294967295 uid=0 gid=0 euid=0 suid=0 fsuid=0 egid=0 sgid=0 fsgid=0 tty=(none) ses=4294967295 comm="apache2" exe="/usr/sbin/apache2" subj=unconfined key="T1043_Commonly_Used_Port"ARCH=x86_64 SYSCALL=connect AUID="unset" UID="root" GID="root" EUID="root" SUID="root" FSUID="root" EGID="root" SGID="root" FSGID="root"
type=SOCKADDR msg=audit(1773063539.568:1867): saddr=02000050000000000000000000000000SADDR={ saddr_fam=inet laddr=0.0.0.0 lport=80 }
type=PROCTITLE msg=audit(1773063539.568:1867): proctitle=2F7573722F7362696E2F61706163686532002D6B007374617274
type=SYSCALL msg=audit(1773063539.568:1868): arch=c000003e syscall=42 success=yes exit=0 a0=5 a1=57e5f86636c0 a2=1c a3=0 items=0 ppid=1421 pid=1423 auid=4294967295 uid=0 gid=0 euid=0 suid=0 fsuid=0 egid=0 sgid=0 fsgid=0 tty=(none) ses=4294967295 comm="apache2" exe="/usr/sbin/apache2" subj=unconfined key="T1043_Commonly_Used_Port"ARCH=x86_64 SYSCALL=connect AUID="unset" UID="root" GID="root" EUID="root" SUID="root" FSUID="root" EGID="root" SGID="root" FSGID="root"
type=SOCKADDR msg=audit(1773063539.568:1868): saddr=0A000050000000000000000000000000000000000000000000000000SADDR={ saddr_fam=inet6 laddr=:: lport=80 }
type=PROCTITLE msg=audit(1773063539.568:1868): proctitle=2F7573722F7362696E2F61706163686532002D6B007374617274
type=SYSCALL msg=audit(1773063539.568:1869): arch=c000003e syscall=42 success=yes exit=0 a0=5 a1=7fff0456f5a0 a2=10 a3=0 items=0 ppid=1421 pid=1423 auid=4294967295 uid=0 gid=0 euid=0 suid=0 fsuid=0 egid=0 sgid=0 fsgid=0 tty=(none) ses=4294967295 comm="apache2" exe="/usr/sbin/apache2" subj=unconfined key="T1043_Commonly_Used_Port"ARCH=x86_64 SYSCALL=connect AUID="unset" UID="root" GID="root" EUID="root" SUID="root" FSUID="root" EGID="root" SGID="root" FSGID="root"
type=SOCKADDR msg=audit(1773063539.568:1869): saddr=00000000000000000000000000000000SADDR=unknown-family(0)
type=PROCTITLE msg=audit(1773063539.568:1869): proctitle=2F7573722F7362696E2F61706163686532002D6B007374617274
type=SYSCALL msg=audit(1773063539.568:1870): arch=c000003e syscall=42 success=yes exit=0 a0=5 a1=57e5f8662e00 a2=10 a3=0 items=0 ppid=1421 pid=1423 auid=4294967295 uid=0 gid=0 euid=0 suid=0 fsuid=0 egid=0 sgid=0 fsgid=0 tty=(none) ses=4294967295 comm="apache2" exe="/usr/sbin/apache2" subj=unconfined key="T1043_Commonly_Used_Port"ARCH=x86_64 SYSCALL=connect AUID="unset" UID="root" GID="root" EUID="root" SUID="root" FSUID="root" EGID="root" SGID="root" FSGID="root"
type=SOCKADDR msg=audit(1773063539.568:1870): saddr=02000050000000000000000000000000SADDR={ saddr_fam=inet laddr=0.0.0.0 lport=80 }
type=PROCTITLE msg=audit(1773063539.568:1870): proctitle=2F7573722F7362696E2F61706163686532002D6B007374617274
type=SYSCALL msg=audit(1773063539.568:1871): arch=c000003e syscall=42 success=yes exit=0 a0=5 a1=57e5f86636c0 a2=1c a3=0 items=0 ppid=1421 pid=1423 auid=4294967295 uid=0 gid=0 euid=0 suid=0 fsuid=0 egid=0 sgid=0 fsgid=0 tty=(none) ses=4294967295 comm="apache2" exe="/usr/sbin/apache2" subj=unconfined key="T1043_Commonly_Used_Port"ARCH=x86_64 SYSCALL=connect AUID="unset" UID="root" GID="root" EUID="root" SUID="root" FSUID="root" EGID="root" SGID="root" FSGID="root"
type=SOCKADDR msg=audit(1773063539.568:1871): saddr=0A000050000000000000000000000000000000000000000000000000SADDR={ saddr_fam=inet6 laddr=:: lport=80 }
type=PROCTITLE msg=audit(1773063539.568:1871): proctitle=2F7573722F7362696E2F61706163686532002D6B007374617274
type=SYSCALL msg=audit(1773063539.568:1872): arch=c000003e syscall=42 success=yes exit=0 a0=5 a1=7fff0456f5a0 a2=10 a3=0 items=0 ppid=1421 pid=1423 auid=4294967295 uid=0 gid=0 euid=0 suid=0 fsuid=0 egid=0 sgid=0 fsgid=0 tty=(none) ses=4294967295 comm="apache2" exe="/usr/sbin/apache2" subj=unconfined key="T1043_Commonly_Used_Port"ARCH=x86_64 SYSCALL=connect AUID="unset" UID="root" GID="root" EUID="root" SUID="root" FSUID="root" EGID="root" SGID="root" FSGID="root"
type=SOCKADDR msg=audit(1773063539.568:1872): saddr=00000000000000000000000000000000SADDR=unknown-family(0)
type=PROCTITLE msg=audit(1773063539.568:1872): proctitle=2F7573722F7362696E2F61706163686532002D6B007374617274
type=SYSCALL msg=audit(1773063539.570:1873): arch=c000003e syscall=42 success=yes exit=0 a0=5 a1=57e5f8662e00 a2=10 a3=0 items=0 ppid=1421 pid=1423 auid=4294967295 uid=0 gid=0 euid=0 suid=0 fsuid=0 egid=0 sgid=0 fsgid=0 tty=(none) ses=4294967295 comm="apache2" exe="/usr/sbin/apache2" subj=unconfined key="T1043_Commonly_Used_Port"ARCH=x86_64 SYSCALL=connect AUID="unset" UID="root" GID="root" EUID="root" SUID="root" FSUID="root" EGID="root" SGID="root" FSGID="root"
type=SOCKADDR msg=audit(1773063539.570:1873): saddr=02000050000000000000000000000000SADDR={ saddr_fam=inet laddr=0.0.0.0 lport=80 }
type=PROCTITLE msg=audit(1773063539.570:1873): proctitle=2F7573722F7362696E2F61706163686532002D6B007374617274
type=SYSCALL msg=audit(1773063539.570:1874): arch=c000003e syscall=42 success=yes exit=0 a0=5 a1=74a4ca80b694 a2=10 a3=7fff0456d104 items=0 ppid=1421 pid=1423 auid=4294967295 uid=0 gid=0 euid=0 suid=0 fsuid=0 egid=0 sgid=0 fsgid=0 tty=(none) ses=4294967295 comm="apache2" exe="/usr/sbin/apache2" subj=unconfined key="T1043_Commonly_Used_Port"ARCH=x86_64 SYSCALL=connect AUID="unset" UID="root" GID="root" EUID="root" SUID="root" FSUID="root" EGID="root" SGID="root" FSGID="root"
type=SOCKADDR msg=audit(1773063539.570:1874): saddr=020000357F0000350000000000000000SADDR={ saddr_fam=inet laddr=127.0.0.53 lport=53 }
type=PROCTITLE msg=audit(1773063539.570:1874): proctitle=2F7573722F7362696E2F61706163686532002D6B007374617274
type=SYSCALL msg=audit(1773063539.575:1875): arch=c000003e syscall=42 success=yes exit=0 a0=5 a1=74a4ca80b694 a2=10 a3=7fff0456d104 items=0 ppid=1421 pid=1423 auid=4294967295 uid=0 gid=0 euid=0 suid=0 fsuid=0 egid=0 sgid=0 fsgid=0 tty=(none) ses=4294967295 comm="apache2" exe="/usr/sbin/apache2" subj=unconfined key="T1043_Commonly_Used_Port"ARCH=x86_64 SYSCALL=connect AUID="unset" UID="root" GID="root" EUID="root" SUID="root" FSUID="root" EGID="root" SGID="root" FSGID="root"
type=SOCKADDR msg=audit(1773063539.575:1875): saddr=020000357F0000350000000000000000SADDR={ saddr_fam=inet laddr=127.0.0.53 lport=53 }
type=PROCTITLE msg=audit(1773063539.575:1875): proctitle=2F7573722F7362696E2F61706163686532002D6B007374617274
type=SYSCALL msg=audit(1773063539.576:1876): arch=c000003e syscall=42 success=yes exit=0 a0=5 a1=57e5f8662e00 a2=10 a3=0 items=0 ppid=1421 pid=1423 auid=4294967295 uid=0 gid=0 euid=0 suid=0 fsuid=0 egid=0 sgid=0 fsgid=0 tty=(none) ses=4294967295 comm="apache2" exe="/usr/sbin/apache2" subj=unconfined key="T1043_Commonly_Used_Port"ARCH=x86_64 SYSCALL=connect AUID="unset" UID="root" GID="root" EUID="root" SUID="root" FSUID="root" EGID="root" SGID="root" FSGID="root"
type=SOCKADDR msg=audit(1773063539.576:1876): saddr=020000000A00020F0000000000000000SADDR={ saddr_fam=inet laddr=10.0.2.15 lport=0 }
type=PROCTITLE msg=audit(1773063539.576:1876): proctitle=2F7573722F7362696E2F61706163686532002D6B007374617274
type=SYSCALL msg=audit(1773063539.576:1877): arch=c000003e syscall=42 success=yes exit=0 a0=5 a1=7fff0456eff0 a2=10 a3=0 items=0 ppid=1421 pid=1423 auid=4294967295 uid=0 gid=0 euid=0 suid=0 fsuid=0 egid=0 sgid=0 fsgid=0 tty=(none) ses=4294967295 comm="apache2" exe="/usr/sbin/apache2" subj=unconfined key="T1043_Commonly_Used_Port"ARCH=x86_64 SYSCALL=connect AUID="unset" UID="root" GID="root" EUID="root" SUID="root" FSUID="root" EGID="root" SGID="root" FSGID="root"
type=SOCKADDR msg=audit(1773063539.576:1877): saddr=00000000000000000000000000000000SADDR=unknown-family(0)
type=PROCTITLE msg=audit(1773063539.576:1877): proctitle=2F7573722F7362696E2F61706163686532002D6B007374617274
type=SYSCALL msg=audit(1773063539.576:1878): arch=c000003e syscall=42 success=yes exit=0 a0=5 a1=57e5f86697a0 a2=10 a3=0 items=0 ppid=1421 pid=1423 auid=4294967295 uid=0 gid=0 euid=0 suid=0 fsuid=0 egid=0 sgid=0 fsgid=0 tty=(none) ses=4294967295 comm="apache2" exe="/usr/sbin/apache2" subj=unconfined key="T1043_Commonly_Used_Port"ARCH=x86_64 SYSCALL=connect AUID="unset" UID="root" GID="root" EUID="root" SUID="root" FSUID="root" EGID="root" SGID="root" FSGID="root"
type=SOCKADDR msg=audit(1773063539.576:1878): saddr=02000000C0A8C7060000000000000000SADDR={ saddr_fam=inet laddr=192.168.199.6 lport=0 }
type=PROCTITLE msg=audit(1773063539.576:1878): proctitle=2F7573722F7362696E2F61706163686532002D6B007374617274
type=SYSCALL msg=audit(1773063539.576:1879): arch=c000003e syscall=42 success=yes exit=0 a0=5 a1=57e5f86636c0 a2=1c a3=0 items=0 ppid=1421 pid=1423 auid=4294967295 uid=0 gid=0 euid=0 suid=0 fsuid=0 egid=0 sgid=0 fsgid=0 tty=(none) ses=4294967295 comm="apache2" exe="/usr/sbin/apache2" subj=unconfined key="T1043_Commonly_Used_Port"ARCH=x86_64 SYSCALL=connect AUID="unset" UID="root" GID="root" EUID="root" SUID="root" FSUID="root" EGID="root" SGID="root" FSGID="root"
type=SOCKADDR msg=audit(1773063539.576:1879): saddr=0A00000000000000FD17625CF03700020A0027FFFED8540D00000000SADDR={ saddr_fam=inet6 laddr=fd17:625c:f037:2:a00:27ff:fed8:540d lport=0 }
type=PROCTITLE msg=audit(1773063539.576:1879): proctitle=2F7573722F7362696E2F61706163686532002D6B007374617274
type=SYSCALL msg=audit(1773063539.576:1880): arch=c000003e syscall=42 success=yes exit=0 a0=5 a1=7fff0456eff0 a2=10 a3=0 items=0 ppid=1421 pid=1423 auid=4294967295 uid=0 gid=0 euid=0 suid=0 fsuid=0 egid=0 sgid=0 fsgid=0 tty=(none) ses=4294967295 comm="apache2" exe="/usr/sbin/apache2" subj=unconfined key="T1043_Commonly_Used_Port"ARCH=x86_64 SYSCALL=connect AUID="unset" UID="root" GID="root" EUID="root" SUID="root" FSUID="root" EGID="root" SGID="root" FSGID="root"
type=SOCKADDR msg=audit(1773063539.576:1880): saddr=00000000000000000000000000000000SADDR=unknown-family(0)
type=PROCTITLE msg=audit(1773063539.576:1880): proctitle=2F7573722F7362696E2F61706163686532002D6B007374617274
type=SYSCALL msg=audit(1773063539.576:1881): arch=c000003e syscall=42 success=no exit=-22 a0=5 a1=57e5f86697f0 a2=1c a3=0 items=0 ppid=1421 pid=1423 auid=4294967295 uid=0 gid=0 euid=0 suid=0 fsuid=0 egid=0 sgid=0 fsgid=0 tty=(none) ses=4294967295 comm="apache2" exe="/usr/sbin/apache2" subj=unconfined key="T1043_Commonly_Used_Port"ARCH=x86_64 SYSCALL=connect AUID="unset" UID="root" GID="root" EUID="root" SUID="root" FSUID="root" EGID="root" SGID="root" FSGID="root"
type=SOCKADDR msg=audit(1773063539.576:1881): saddr=0A00000000000000FE800000000000000A0027FFFED8540D00000000SADDR={ saddr_fam=inet6 laddr=fe80::a00:27ff:fed8:540d lport=0 }
type=PROCTITLE msg=audit(1773063539.576:1881): proctitle=2F7573722F7362696E2F61706163686532002D6B007374617274
type=SYSCALL msg=audit(1773063539.576:1882): arch=c000003e syscall=42 success=yes exit=0 a0=5 a1=7fff0456eff0 a2=10 a3=0 items=0 ppid=1421 pid=1423 auid=4294967295 uid=0 gid=0 euid=0 suid=0 fsuid=0 egid=0 sgid=0 fsgid=0 tty=(none) ses=4294967295 comm="apache2" exe="/usr/sbin/apache2" subj=unconfined key="T1043_Commonly_Used_Port"ARCH=x86_64 SYSCALL=connect AUID="unset" UID="root" GID="root" EUID="root" SUID="root" FSUID="root" EGID="root" SGID="root" FSGID="root"
type=SOCKADDR msg=audit(1773063539.576:1882): saddr=00000000000000000000000000000000SADDR=unknown-family(0)
type=PROCTITLE msg=audit(1773063539.576:1882): proctitle=2F7573722F7362696E2F61706163686532002D6B007374617274
type=SYSCALL msg=audit(1773063539.576:1883): arch=c000003e syscall=42 success=no exit=-22 a0=5 a1=57e5f8669850 a2=1c a3=0 items=0 ppid=1421 pid=1423 auid=4294967295 uid=0 gid=0 euid=0 suid=0 fsuid=0 egid=0 sgid=0 fsgid=0 tty=(none) ses=4294967295 comm="apache2" exe="/usr/sbin/apache2" subj=unconfined key="T1043_Commonly_Used_Port"ARCH=x86_64 SYSCALL=connect AUID="unset" UID="root" GID="root" EUID="root" SUID="root" FSUID="root" EGID="root" SGID="root" FSGID="root"
type=SOCKADDR msg=audit(1773063539.576:1883): saddr=0A00000000000000FE800000000000000A0027FFFE4B6CA600000000SADDR={ saddr_fam=inet6 laddr=fe80::a00:27ff:fe4b:6ca6 lport=0 }
type=PROCTITLE msg=audit(1773063539.576:1883): proctitle=2F7573722F7362696E2F61706163686532002D6B007374617274
type=SYSCALL msg=audit(1773063539.577:1884): arch=c000003e syscall=42 success=yes exit=0 a0=5 a1=74a4ca80b694 a2=10 a3=7fff0456d814 items=0 ppid=1421 pid=1423 auid=4294967295 uid=0 gid=0 euid=0 suid=0 fsuid=0 egid=0 sgid=0 fsgid=0 tty=(none) ses=4294967295 comm="apache2" exe="/usr/sbin/apache2" subj=unconfined key="T1043_Commonly_Used_Port"ARCH=x86_64 SYSCALL=connect AUID="unset" UID="root" GID="root" EUID="root" SUID="root" FSUID="root" EGID="root" SGID="root" FSGID="root"
type=SOCKADDR msg=audit(1773063539.577:1884): saddr=020000357F0000350000000000000000SADDR={ saddr_fam=inet laddr=127.0.0.53 lport=53 }
type=PROCTITLE msg=audit(1773063539.577:1884): proctitle=2F7573722F7362696E2F61706163686532002D6B007374617274
type=SYSCALL msg=audit(1773063539.585:1885): arch=c000003e syscall=42 success=yes exit=0 a0=5 a1=57e5f8669850 a2=1c a3=0 items=0 ppid=1421 pid=1423 auid=4294967295 uid=0 gid=0 euid=0 suid=0 fsuid=0 egid=0 sgid=0 fsgid=0 tty=(none) ses=4294967295 comm="apache2" exe="/usr/sbin/apache2" subj=unconfined key="T1043_Commonly_Used_Port"ARCH=x86_64 SYSCALL=connect AUID="unset" UID="root" GID="root" EUID="root" SUID="root" FSUID="root" EGID="root" SGID="root" FSGID="root"
type=SOCKADDR msg=audit(1773063539.585:1885): saddr=0A000000000000000000000000000000000000000000000000000000SADDR={ saddr_fam=inet6 laddr=:: lport=0 }
type=PROCTITLE msg=audit(1773063539.585:1885): proctitle=2F7573722F7362696E2F61706163686532002D6B007374617274
type=SYSCALL msg=audit(1773063539.585:1886): arch=c000003e syscall=42 success=yes exit=0 a0=5 a1=7fff0456f970 a2=10 a3=0 items=0 ppid=1421 pid=1423 auid=4294967295 uid=0 gid=0 euid=0 suid=0 fsuid=0 egid=0 sgid=0 fsgid=0 tty=(none) ses=4294967295 comm="apache2" exe="/usr/sbin/apache2" subj=unconfined key="T1043_Commonly_Used_Port"ARCH=x86_64 SYSCALL=connect AUID="unset" UID="root" GID="root" EUID="root" SUID="root" FSUID="root" EGID="root" SGID="root" FSGID="root"
type=SOCKADDR msg=audit(1773063539.585:1886): saddr=00000000000000000000000000000000SADDR=unknown-family(0)
type=PROCTITLE msg=audit(1773063539.585:1886): proctitle=2F7573722F7362696E2F61706163686532002D6B007374617274
type=SYSCALL msg=audit(1773063539.585:1887): arch=c000003e syscall=42 success=yes exit=0 a0=5 a1=57e5f863ec90 a2=10 a3=0 items=0 ppid=1421 pid=1423 auid=4294967295 uid=0 gid=0 euid=0 suid=0 fsuid=0 egid=0 sgid=0 fsgid=0 tty=(none) ses=4294967295 comm="apache2" exe="/usr/sbin/apache2" subj=unconfined key="T1043_Commonly_Used_Port"ARCH=x86_64 SYSCALL=connect AUID="unset" UID="root" GID="root" EUID="root" SUID="root" FSUID="root" EGID="root" SGID="root" FSGID="root"
type=SOCKADDR msg=audit(1773063539.585:1887): saddr=02000000000000000000000000000000SADDR={ saddr_fam=inet laddr=0.0.0.0 lport=0 }
type=PROCTITLE msg=audit(1773063539.585:1887): proctitle=2F7573722F7362696E2F61706163686532002D6B007374617274
type=SYSCALL msg=audit(1773063539.591:1888): arch=c000003e syscall=42 success=yes exit=0 a0=5 a1=57e5f8669850 a2=1c a3=0 items=0 ppid=1 pid=1424 auid=4294967295 uid=0 gid=0 euid=0 suid=0 fsuid=0 egid=0 sgid=0 fsgid=0 tty=(none) ses=4294967295 comm="apache2" exe="/usr/sbin/apache2" subj=unconfined key="T1043_Commonly_Used_Port"ARCH=x86_64 SYSCALL=connect AUID="unset" UID="root" GID="root" EUID="root" SUID="root" FSUID="root" EGID="root" SGID="root" FSGID="root"
type=SOCKADDR msg=audit(1773063539.591:1888): saddr=0A000050000000000000000000000000000000000000000000000000SADDR={ saddr_fam=inet6 laddr=:: lport=80 }
type=PROCTITLE msg=audit(1773063539.591:1888): proctitle=2F7573722F7362696E2F61706163686532002D6B007374617274
type=SYSCALL msg=audit(1773063539.592:1889): arch=c000003e syscall=42 success=yes exit=0 a0=5 a1=7fff0456f5a0 a2=10 a3=0 items=0 ppid=1 pid=1424 auid=4294967295 uid=0 gid=0 euid=0 suid=0 fsuid=0 egid=0 sgid=0 fsgid=0 tty=(none) ses=4294967295 comm="apache2" exe="/usr/sbin/apache2" subj=unconfined key="T1043_Commonly_Used_Port"ARCH=x86_64 SYSCALL=connect AUID="unset" UID="root" GID="root" EUID="root" SUID="root" FSUID="root" EGID="root" SGID="root" FSGID="root"
type=SOCKADDR msg=audit(1773063539.592:1889): saddr=00000000000000000000000000000000SADDR=unknown-family(0)
type=PROCTITLE msg=audit(1773063539.592:1889): proctitle=2F7573722F7362696E2F61706163686532002D6B007374617274
type=SYSCALL msg=audit(1773063539.592:1890): arch=c000003e syscall=42 success=yes exit=0 a0=5 a1=57e5f864dcc0 a2=10 a3=0 items=0 ppid=1 pid=1424 auid=4294967295 uid=0 gid=0 euid=0 suid=0 fsuid=0 egid=0 sgid=0 fsgid=0 tty=(none) ses=4294967295 comm="apache2" exe="/usr/sbin/apache2" subj=unconfined key="T1043_Commonly_Used_Port"ARCH=x86_64 SYSCALL=connect AUID="unset" UID="root" GID="root" EUID="root" SUID="root" FSUID="root" EGID="root" SGID="root" FSGID="root"
type=SOCKADDR msg=audit(1773063539.592:1890): saddr=02000050000000000000000000000000SADDR={ saddr_fam=inet laddr=0.0.0.0 lport=80 }
type=PROCTITLE msg=audit(1773063539.592:1890): proctitle=2F7573722F7362696E2F61706163686532002D6B007374617274
type=SYSCALL msg=audit(1773063539.592:1891): arch=c000003e syscall=42 success=yes exit=0 a0=5 a1=57e5f8669850 a2=1c a3=0 items=0 ppid=1 pid=1424 auid=4294967295 uid=0 gid=0 euid=0 suid=0 fsuid=0 egid=0 sgid=0 fsgid=0 tty=(none) ses=4294967295 comm="apache2" exe="/usr/sbin/apache2" subj=unconfined key="T1043_Commonly_Used_Port"ARCH=x86_64 SYSCALL=connect AUID="unset" UID="root" GID="root" EUID="root" SUID="root" FSUID="root" EGID="root" SGID="root" FSGID="root"
type=SOCKADDR msg=audit(1773063539.592:1891): saddr=0A000050000000000000000000000000000000000000000000000000SADDR={ saddr_fam=inet6 laddr=:: lport=80 }
type=PROCTITLE msg=audit(1773063539.592:1891): proctitle=2F7573722F7362696E2F61706163686532002D6B007374617274
type=SYSCALL msg=audit(1773063539.592:1892): arch=c000003e syscall=42 success=yes exit=0 a0=5 a1=7fff0456f5a0 a2=10 a3=0 items=0 ppid=1 pid=1424 auid=4294967295 uid=0 gid=0 euid=0 suid=0 fsuid=0 egid=0 sgid=0 fsgid=0 tty=(none) ses=4294967295 comm="apache2" exe="/usr/sbin/apache2" subj=unconfined key="T1043_Commonly_Used_Port"ARCH=x86_64 SYSCALL=connect AUID="unset" UID="root" GID="root" EUID="root" SUID="root" FSUID="root" EGID="root" SGID="root" FSGID="root"
type=SOCKADDR msg=audit(1773063539.592:1892): saddr=00000000000000000000000000000000SADDR=unknown-family(0)
type=PROCTITLE msg=audit(1773063539.592:1892): proctitle=2F7573722F7362696E2F61706163686532002D6B007374617274
type=SYSCALL msg=audit(1773063539.592:1893): arch=c000003e syscall=42 success=yes exit=0 a0=5 a1=57e5f864dcc0 a2=10 a3=0 items=0 ppid=1 pid=1424 auid=4294967295 uid=0 gid=0 euid=0 suid=0 fsuid=0 egid=0 sgid=0 fsgid=0 tty=(none) ses=4294967295 comm="apache2" exe="/usr/sbin/apache2" subj=unconfined key="T1043_Commonly_Used_Port"ARCH=x86_64 SYSCALL=connect AUID="unset" UID="root" GID="root" EUID="root" SUID="root" FSUID="root" EGID="root" SGID="root" FSGID="root"
type=SOCKADDR msg=audit(1773063539.592:1893): saddr=02000050000000000000000000000000SADDR={ saddr_fam=inet laddr=0.0.0.0 lport=80 }
type=PROCTITLE msg=audit(1773063539.592:1893): proctitle=2F7573722F7362696E2F61706163686532002D6B007374617274
type=SYSCALL msg=audit(1773063539.592:1894): arch=c000003e syscall=42 success=yes exit=0 a0=5 a1=74a4ca80b694 a2=10 a3=7fff0456d104 items=0 ppid=1 pid=1424 auid=4294967295 uid=0 gid=0 euid=0 suid=0 fsuid=0 egid=0 sgid=0 fsgid=0 tty=(none) ses=4294967295 comm="apache2" exe="/usr/sbin/apache2" subj=unconfined key="T1043_Commonly_Used_Port"ARCH=x86_64 SYSCALL=connect AUID="unset" UID="root" GID="root" EUID="root" SUID="root" FSUID="root" EGID="root" SGID="root" FSGID="root"
type=SOCKADDR msg=audit(1773063539.592:1894): saddr=020000357F0000350000000000000000SADDR={ saddr_fam=inet laddr=127.0.0.53 lport=53 }
type=PROCTITLE msg=audit(1773063539.592:1894): proctitle=2F7573722F7362696E2F61706163686532002D6B007374617274
type=SERVICE_START msg=audit(1773063539.596:1895): pid=1 uid=0 auid=4294967295 ses=4294967295 subj=unconfined msg='unit=apache2 comm="systemd" exe="/usr/lib/systemd/systemd" hostname=? addr=? terminal=? res=success'UID="root" AUID="unset"
type=SYSCALL msg=audit(1773063539.599:1896): arch=c000003e syscall=42 success=yes exit=0 a0=5 a1=74a4ca80b694 a2=10 a3=7fff0456d104 items=0 ppid=1 pid=1424 auid=4294967295 uid=0 gid=0 euid=0 suid=0 fsuid=0 egid=0 sgid=0 fsgid=0 tty=(none) ses=4294967295 comm="apache2" exe="/usr/sbin/apache2" subj=unconfined key="T1043_Commonly_Used_Port"ARCH=x86_64 SYSCALL=connect AUID="unset" UID="root" GID="root" EUID="root" SUID="root" FSUID="root" EGID="root" SGID="root" FSGID="root"
type=SOCKADDR msg=audit(1773063539.599:1896): saddr=020000357F0000350000000000000000SADDR={ saddr_fam=inet laddr=127.0.0.53 lport=53 }
type=PROCTITLE msg=audit(1773063539.599:1896): proctitle=2F7573722F7362696E2F61706163686532002D6B007374617274
type=SYSCALL msg=audit(1773063539.600:1897): arch=c000003e syscall=42 success=yes exit=0 a0=5 a1=57e5f864dcc0 a2=10 a3=0 items=0 ppid=1 pid=1424 auid=4294967295 uid=0 gid=0 euid=0 suid=0 fsuid=0 egid=0 sgid=0 fsgid=0 tty=(none) ses=4294967295 comm="apache2" exe="/usr/sbin/apache2" subj=unconfined key="T1043_Commonly_Used_Port"ARCH=x86_64 SYSCALL=connect AUID="unset" UID="root" GID="root" EUID="root" SUID="root" FSUID="root" EGID="root" SGID="root" FSGID="root"
type=SOCKADDR msg=audit(1773063539.600:1897): saddr=020000000A00020F0000000000000000SADDR={ saddr_fam=inet laddr=10.0.2.15 lport=0 }
type=PROCTITLE msg=audit(1773063539.600:1897): proctitle=2F7573722F7362696E2F61706163686532002D6B007374617274
type=SYSCALL msg=audit(1773063539.600:1898): arch=c000003e syscall=42 success=yes exit=0 a0=5 a1=7fff0456eff0 a2=10 a3=0 items=0 ppid=1 pid=1424 auid=4294967295 uid=0 gid=0 euid=0 suid=0 fsuid=0 egid=0 sgid=0 fsgid=0 tty=(none) ses=4294967295 comm="apache2" exe="/usr/sbin/apache2" subj=unconfined key="T1043_Commonly_Used_Port"ARCH=x86_64 SYSCALL=connect AUID="unset" UID="root" GID="root" EUID="root" SUID="root" FSUID="root" EGID="root" SGID="root" FSGID="root"
type=SOCKADDR msg=audit(1773063539.600:1898): saddr=00000000000000000000000000000000SADDR=unknown-family(0)
type=PROCTITLE msg=audit(1773063539.600:1898): proctitle=2F7573722F7362696E2F61706163686532002D6B007374617274
type=SYSCALL msg=audit(1773063539.600:1899): arch=c000003e syscall=42 success=yes exit=0 a0=5 a1=57e5f86697a0 a2=10 a3=0 items=0 ppid=1 pid=1424 auid=4294967295 uid=0 gid=0 euid=0 suid=0 fsuid=0 egid=0 sgid=0 fsgid=0 tty=(none) ses=4294967295 comm="apache2" exe="/usr/sbin/apache2" subj=unconfined key="T1043_Commonly_Used_Port"ARCH=x86_64 SYSCALL=connect AUID="unset" UID="root" GID="root" EUID="root" SUID="root" FSUID="root" EGID="root" SGID="root" FSGID="root"
type=SOCKADDR msg=audit(1773063539.600:1899): saddr=02000000C0A8C7060000000000000000SADDR={ saddr_fam=inet laddr=192.168.199.6 lport=0 }
type=PROCTITLE msg=audit(1773063539.600:1899): proctitle=2F7573722F7362696E2F61706163686532002D6B007374617274
type=SYSCALL msg=audit(1773063539.600:1900): arch=c000003e syscall=42 success=yes exit=0 a0=5 a1=57e5f8669850 a2=1c a3=0 items=0 ppid=1 pid=1424 auid=4294967295 uid=0 gid=0 euid=0 suid=0 fsuid=0 egid=0 sgid=0 fsgid=0 tty=(none) ses=4294967295 comm="apache2" exe="/usr/sbin/apache2" subj=unconfined key="T1043_Commonly_Used_Port"ARCH=x86_64 SYSCALL=connect AUID="unset" UID="root" GID="root" EUID="root" SUID="root" FSUID="root" EGID="root" SGID="root" FSGID="root"
type=SOCKADDR msg=audit(1773063539.600:1900): saddr=0A00000000000000FD17625CF03700020A0027FFFED8540D00000000SADDR={ saddr_fam=inet6 laddr=fd17:625c:f037:2:a00:27ff:fed8:540d lport=0 }
type=PROCTITLE msg=audit(1773063539.600:1900): proctitle=2F7573722F7362696E2F61706163686532002D6B007374617274
type=SYSCALL msg=audit(1773063539.600:1901): arch=c000003e syscall=42 success=yes exit=0 a0=5 a1=7fff0456eff0 a2=10 a3=0 items=0 ppid=1 pid=1424 auid=4294967295 uid=0 gid=0 euid=0 suid=0 fsuid=0 egid=0 sgid=0 fsgid=0 tty=(none) ses=4294967295 comm="apache2" exe="/usr/sbin/apache2" subj=unconfined key="T1043_Commonly_Used_Port"ARCH=x86_64 SYSCALL=connect AUID="unset" UID="root" GID="root" EUID="root" SUID="root" FSUID="root" EGID="root" SGID="root" FSGID="root"
type=SOCKADDR msg=audit(1773063539.600:1901): saddr=00000000000000000000000000000000SADDR=unknown-family(0)
type=PROCTITLE msg=audit(1773063539.600:1901): proctitle=2F7573722F7362696E2F61706163686532002D6B007374617274
type=SYSCALL msg=audit(1773063539.600:1902): arch=c000003e syscall=42 success=no exit=-22 a0=5 a1=57e5f86697f0 a2=1c a3=0 items=0 ppid=1 pid=1424 auid=4294967295 uid=0 gid=0 euid=0 suid=0 fsuid=0 egid=0 sgid=0 fsgid=0 tty=(none) ses=4294967295 comm="apache2" exe="/usr/sbin/apache2" subj=unconfined key="T1043_Commonly_Used_Port"ARCH=x86_64 SYSCALL=connect AUID="unset" UID="root" GID="root" EUID="root" SUID="root" FSUID="root" EGID="root" SGID="root" FSGID="root"
type=SOCKADDR msg=audit(1773063539.600:1902): saddr=0A00000000000000FE800000000000000A0027FFFED8540D00000000SADDR={ saddr_fam=inet6 laddr=fe80::a00:27ff:fed8:540d lport=0 }
type=PROCTITLE msg=audit(1773063539.600:1902): proctitle=2F7573722F7362696E2F61706163686532002D6B007374617274
type=SYSCALL msg=audit(1773063539.600:1903): arch=c000003e syscall=42 success=yes exit=0 a0=5 a1=7fff0456eff0 a2=10 a3=0 items=0 ppid=1 pid=1424 auid=4294967295 uid=0 gid=0 euid=0 suid=0 fsuid=0 egid=0 sgid=0 fsgid=0 tty=(none) ses=4294967295 comm="apache2" exe="/usr/sbin/apache2" subj=unconfined key="T1043_Commonly_Used_Port"ARCH=x86_64 SYSCALL=connect AUID="unset" UID="root" GID="root" EUID="root" SUID="root" FSUID="root" EGID="root" SGID="root" FSGID="root"
type=SOCKADDR msg=audit(1773063539.600:1903): saddr=00000000000000000000000000000000SADDR=unknown-family(0)
type=PROCTITLE msg=audit(1773063539.600:1903): proctitle=2F7573722F7362696E2F61706163686532002D6B007374617274
type=SYSCALL msg=audit(1773063539.601:1904): arch=c000003e syscall=42 success=no exit=-22 a0=5 a1=57e5f86636c0 a2=1c a3=0 items=0 ppid=1 pid=1424 auid=4294967295 uid=0 gid=0 euid=0 suid=0 fsuid=0 egid=0 sgid=0 fsgid=0 tty=(none) ses=4294967295 comm="apache2" exe="/usr/sbin/apache2" subj=unconfined key="T1043_Commonly_Used_Port"ARCH=x86_64 SYSCALL=connect AUID="unset" UID="root" GID="root" EUID="root" SUID="root" FSUID="root" EGID="root" SGID="root" FSGID="root"
type=SOCKADDR msg=audit(1773063539.601:1904): saddr=0A00000000000000FE800000000000000A0027FFFE4B6CA600000000SADDR={ saddr_fam=inet6 laddr=fe80::a00:27ff:fe4b:6ca6 lport=0 }
type=PROCTITLE msg=audit(1773063539.601:1904): proctitle=2F7573722F7362696E2F61706163686532002D6B007374617274
type=SYSCALL msg=audit(1773063539.602:1905): arch=c000003e syscall=42 success=yes exit=0 a0=5 a1=74a4ca80b694 a2=10 a3=7fff0456d814 items=0 ppid=1 pid=1424 auid=4294967295 uid=0 gid=0 euid=0 suid=0 fsuid=0 egid=0 sgid=0 fsgid=0 tty=(none) ses=4294967295 comm="apache2" exe="/usr/sbin/apache2" subj=unconfined key="T1043_Commonly_Used_Port"ARCH=x86_64 SYSCALL=connect AUID="unset" UID="root" GID="root" EUID="root" SUID="root" FSUID="root" EGID="root" SGID="root" FSGID="root"
type=SOCKADDR msg=audit(1773063539.602:1905): saddr=020000357F0000350000000000000000SADDR={ saddr_fam=inet laddr=127.0.0.53 lport=53 }
type=PROCTITLE msg=audit(1773063539.602:1905): proctitle=2F7573722F7362696E2F61706163686532002D6B007374617274
type=SYSCALL msg=audit(1773063539.644:1906): arch=c000003e syscall=106 success=yes exit=0 a0=21 a1=74a4ca8eb4a0 a2=0 a3=22 items=0 ppid=1424 pid=1426 auid=4294967295 uid=0 gid=33 euid=0 suid=0 fsuid=0 egid=33 sgid=33 fsgid=33 tty=(none) ses=4294967295 comm="apache2" exe="/usr/sbin/apache2" subj=unconfined key="T1166_Seuid_and_Setgid"ARCH=x86_64 SYSCALL=setgid AUID="unset" UID="root" GID="www-data" EUID="root" SUID="root" FSUID="root" EGID="www-data" SGID="www-data" FSGID="www-data"
type=PROCTITLE msg=audit(1773063539.644:1906): proctitle=2F7573722F7362696E2F61706163686532002D6B007374617274
type=SYSCALL msg=audit(1773063539.646:1907): arch=c000003e syscall=106 success=yes exit=0 a0=21 a1=74a4ca8eb4a0 a2=0 a3=22 items=0 ppid=1424 pid=1427 auid=4294967295 uid=0 gid=33 euid=0 suid=0 fsuid=0 egid=33 sgid=33 fsgid=33 tty=(none) ses=4294967295 comm="apache2" exe="/usr/sbin/apache2" subj=unconfined key="T1166_Seuid_and_Setgid"ARCH=x86_64 SYSCALL=setgid AUID="unset" UID="root" GID="www-data" EUID="root" SUID="root" FSUID="root" EGID="www-data" SGID="www-data" FSGID="www-data"
type=SYSCALL msg=audit(1773063539.647:1908): arch=c000003e syscall=42 success=yes exit=0 a0=e a1=7fff0456fdc0 a2=2d a3=57e5f8a4e210 items=1 ppid=1424 pid=1426 auid=4294967295 uid=0 gid=33 euid=0 suid=0 fsuid=0 egid=33 sgid=33 fsgid=33 tty=(none) ses=4294967295 comm="apache2" exe="/usr/sbin/apache2" subj=unconfined key="T1043_Commonly_Used_Port"ARCH=x86_64 SYSCALL=connect AUID="unset" UID="root" GID="www-data" EUID="root" SUID="root" FSUID="root" EGID="www-data" SGID="www-data" FSGID="www-data"
type=PROCTITLE msg=audit(1773063539.646:1907): proctitle=2F7573722F7362696E2F61706163686532002D6B007374617274
type=SYSCALL msg=audit(1773063539.648:1909): arch=c000003e syscall=106 success=yes exit=0 a0=21 a1=74a4ca8eb4a0 a2=0 a3=22 items=0 ppid=1424 pid=1428 auid=4294967295 uid=0 gid=33 euid=0 suid=0 fsuid=0 egid=33 sgid=33 fsgid=33 tty=(none) ses=4294967295 comm="apache2" exe="/usr/sbin/apache2" subj=unconfined key="T1166_Seuid_and_Setgid"ARCH=x86_64 SYSCALL=setgid AUID="unset" UID="root" GID="www-data" EUID="root" SUID="root" FSUID="root" EGID="www-data" SGID="www-data" FSGID="www-data"
type=PROCTITLE msg=audit(1773063539.648:1909): proctitle=2F7573722F7362696E2F61706163686532002D6B007374617274
type=SYSCALL msg=audit(1773063539.649:1910): arch=c000003e syscall=42 success=yes exit=0 a0=e a1=7fff0456fdc0 a2=2d a3=57e5f8a4e210 items=1 ppid=1424 pid=1427 auid=4294967295 uid=0 gid=33 euid=0 suid=0 fsuid=0 egid=33 sgid=33 fsgid=33 tty=(none) ses=4294967295 comm="apache2" exe="/usr/sbin/apache2" subj=unconfined key="T1043_Commonly_Used_Port"ARCH=x86_64 SYSCALL=connect AUID="unset" UID="root" GID="www-data" EUID="root" SUID="root" FSUID="root" EGID="www-data" SGID="www-data" FSGID="www-data"
type=SOCKADDR msg=audit(1773063539.649:1910): saddr=01002F72756E2F73797374656D642F7573657264622F696F2E73797374656D642E44796E616D69635573657200SADDR={ saddr_fam=local path=/run/systemd/userdb/io.systemd.DynamicUser }
type=PATH msg=audit(1773063539.649:1910): item=0 name="/run/systemd/userdb/io.systemd.DynamicUser" inode=451 dev=00:18 mode=0140666 ouid=0 ogid=0 rdev=00:00 nametype=NORMAL cap_fp=0 cap_fi=0 cap_fe=0 cap_fver=0 cap_frootid=0OUID="root" OGID="root"
type=SOCKADDR msg=audit(1773063539.647:1908): saddr=01002F72756E2F73797374656D642F7573657264622F696F2E73797374656D642E44796E616D69635573657200SADDR={ saddr_fam=local path=/run/systemd/userdb/io.systemd.DynamicUser }
type=PROCTITLE msg=audit(1773063539.649:1910): proctitle=2F7573722F7362696E2F61706163686532002D6B007374617274
type=PATH msg=audit(1773063539.647:1908): item=0 name="/run/systemd/userdb/io.systemd.DynamicUser" inode=451 dev=00:18 mode=0140666 ouid=0 ogid=0 rdev=00:00 nametype=NORMAL cap_fp=0 cap_fi=0 cap_fe=0 cap_fver=0 cap_frootid=0OUID="root" OGID="root"
type=PROCTITLE msg=audit(1773063539.647:1908): proctitle=2F7573722F7362696E2F61706163686532002D6B007374617274
type=SYSCALL msg=audit(1773063539.651:1911): arch=c000003e syscall=105 success=yes exit=0 a0=21 a1=57e5f8a0d910 a2=57e0862582dd a3=57e5f8a0d920 items=0 ppid=1424 pid=1426 auid=4294967295 uid=33 gid=33 euid=33 suid=33 fsuid=33 egid=33 sgid=33 fsgid=33 tty=(none) ses=4294967295 comm="apache2" exe="/usr/sbin/apache2" subj=unconfined key="T1166_Seuid_and_Setgid"ARCH=x86_64 SYSCALL=setuid AUID="unset" UID="www-data" GID="www-data" EUID="www-data" SUID="www-data" FSUID="www-data" EGID="www-data" SGID="www-data" FSGID="www-data"
type=PROCTITLE msg=audit(1773063539.651:1911): proctitle=2F7573722F7362696E2F61706163686532002D6B007374617274
type=SYSCALL msg=audit(1773063539.651:1912): arch=c000003e syscall=105 success=yes exit=0 a0=21 a1=57e5f8a0d910 a2=57e0862582dd a3=57e5f8a0d920 items=0 ppid=1424 pid=1427 auid=4294967295 uid=33 gid=33 euid=33 suid=33 fsuid=33 egid=33 sgid=33 fsgid=33 tty=(none) ses=4294967295 comm="apache2" exe="/usr/sbin/apache2" subj=unconfined key="T1166_Seuid_and_Setgid"ARCH=x86_64 SYSCALL=setuid AUID="unset" UID="www-data" GID="www-data" EUID="www-data" SUID="www-data" FSUID="www-data" EGID="www-data" SGID="www-data" FSGID="www-data"
type=PROCTITLE msg=audit(1773063539.651:1912): proctitle=2F7573722F7362696E2F61706163686532002D6B007374617274
type=SYSCALL msg=audit(1773063539.653:1913): arch=c000003e syscall=42 success=yes exit=0 a0=e a1=7fff0456fdc0 a2=2d a3=57e5f8a4e210 items=1 ppid=1424 pid=1428 auid=4294967295 uid=0 gid=33 euid=0 suid=0 fsuid=0 egid=33 sgid=33 fsgid=33 tty=(none) ses=4294967295 comm="apache2" exe="/usr/sbin/apache2" subj=unconfined key="T1043_Commonly_Used_Port"ARCH=x86_64 SYSCALL=connect AUID="unset" UID="root" GID="www-data" EUID="root" SUID="root" FSUID="root" EGID="www-data" SGID="www-data" FSGID="www-data"
type=SOCKADDR msg=audit(1773063539.653:1913): saddr=01002F72756E2F73797374656D642F7573657264622F696F2E73797374656D642E44796E616D69635573657200SADDR={ saddr_fam=local path=/run/systemd/userdb/io.systemd.DynamicUser }
type=PATH msg=audit(1773063539.653:1913): item=0 name="/run/systemd/userdb/io.systemd.DynamicUser" inode=451 dev=00:18 mode=0140666 ouid=0 ogid=0 rdev=00:00 nametype=NORMAL cap_fp=0 cap_fi=0 cap_fe=0 cap_fver=0 cap_frootid=0OUID="root" OGID="root"
type=PROCTITLE msg=audit(1773063539.653:1913): proctitle=2F7573722F7362696E2F61706163686532002D6B007374617274
type=SYSCALL msg=audit(1773063539.653:1914): arch=c000003e syscall=105 success=yes exit=0 a0=21 a1=57e5f8a0d910 a2=57e0862582dd a3=57e5f8a0d920 items=0 ppid=1424 pid=1428 auid=4294967295 uid=33 gid=33 euid=33 suid=33 fsuid=33 egid=33 sgid=33 fsgid=33 tty=(none) ses=4294967295 comm="apache2" exe="/usr/sbin/apache2" subj=unconfined key="T1166_Seuid_and_Setgid"ARCH=x86_64 SYSCALL=setuid AUID="unset" UID="www-data" GID="www-data" EUID="www-data" SUID="www-data" FSUID="www-data" EGID="www-data" SGID="www-data" FSGID="www-data"
type=SYSCALL msg=audit(1773063539.653:1915): arch=c000003e syscall=106 success=yes exit=0 a0=21 a1=74a4ca8eb4a0 a2=0 a3=22 items=0 ppid=1424 pid=1429 auid=4294967295 uid=0 gid=33 euid=0 suid=0 fsuid=0 egid=33 sgid=33 fsgid=33 tty=(none) ses=4294967295 comm="apache2" exe="/usr/sbin/apache2" subj=unconfined key="T1166_Seuid_and_Setgid"ARCH=x86_64 SYSCALL=setgid AUID="unset" UID="root" GID="www-data" EUID="root" SUID="root" FSUID="root" EGID="www-data" SGID="www-data" FSGID="www-data"
type=PROCTITLE msg=audit(1773063539.653:1914): proctitle=2F7573722F7362696E2F61706163686532002D6B007374617274
type=PROCTITLE msg=audit(1773063539.653:1915): proctitle=2F7573722F7362696E2F61706163686532002D6B007374617274
type=SYSCALL msg=audit(1773063539.655:1916): arch=c000003e syscall=42 success=yes exit=0 a0=e a1=7fff0456fdc0 a2=2d a3=57e5f8a4e210 items=1 ppid=1424 pid=1429 auid=4294967295 uid=0 gid=33 euid=0 suid=0 fsuid=0 egid=33 sgid=33 fsgid=33 tty=(none) ses=4294967295 comm="apache2" exe="/usr/sbin/apache2" subj=unconfined key="T1043_Commonly_Used_Port"ARCH=x86_64 SYSCALL=connect AUID="unset" UID="root" GID="www-data" EUID="root" SUID="root" FSUID="root" EGID="www-data" SGID="www-data" FSGID="www-data"
type=SOCKADDR msg=audit(1773063539.655:1916): saddr=01002F72756E2F73797374656D642F7573657264622F696F2E73797374656D642E44796E616D69635573657200SADDR={ saddr_fam=local path=/run/systemd/userdb/io.systemd.DynamicUser }
type=PATH msg=audit(1773063539.655:1916): item=0 name="/run/systemd/userdb/io.systemd.DynamicUser" inode=451 dev=00:18 mode=0140666 ouid=0 ogid=0 rdev=00:00 nametype=NORMAL cap_fp=0 cap_fi=0 cap_fe=0 cap_fver=0 cap_frootid=0OUID="root" OGID="root"
type=PROCTITLE msg=audit(1773063539.655:1916): proctitle=2F7573722F7362696E2F61706163686532002D6B007374617274
type=SYSCALL msg=audit(1773063539.657:1917): arch=c000003e syscall=106 success=yes exit=0 a0=21 a1=74a4ca8eb4a0 a2=0 a3=22 items=0 ppid=1424 pid=1430 auid=4294967295 uid=0 gid=33 euid=0 suid=0 fsuid=0 egid=33 sgid=33 fsgid=33 tty=(none) ses=4294967295 comm="apache2" exe="/usr/sbin/apache2" subj=unconfined key="T1166_Seuid_and_Setgid"ARCH=x86_64 SYSCALL=setgid AUID="unset" UID="root" GID="www-data" EUID="root" SUID="root" FSUID="root" EGID="www-data" SGID="www-data" FSGID="www-data"
type=PROCTITLE msg=audit(1773063539.657:1917): proctitle=2F7573722F7362696E2F61706163686532002D6B007374617274
type=SYSCALL msg=audit(1773063539.658:1918): arch=c000003e syscall=105 success=yes exit=0 a0=21 a1=57e5f8a0d910 a2=57e0862582dd a3=57e5f8a0d920 items=0 ppid=1424 pid=1429 auid=4294967295 uid=33 gid=33 euid=33 suid=33 fsuid=33 egid=33 sgid=33 fsgid=33 tty=(none) ses=4294967295 comm="apache2" exe="/usr/sbin/apache2" subj=unconfined key="T1166_Seuid_and_Setgid"ARCH=x86_64 SYSCALL=setuid AUID="unset" UID="www-data" GID="www-data" EUID="www-data" SUID="www-data" FSUID="www-data" EGID="www-data" SGID="www-data" FSGID="www-data"
type=PROCTITLE msg=audit(1773063539.658:1918): proctitle=2F7573722F7362696E2F61706163686532002D6B007374617274
type=SYSCALL msg=audit(1773063539.658:1919): arch=c000003e syscall=42 success=yes exit=0 a0=e a1=7fff0456fdc0 a2=2d a3=57e5f8a4e210 items=1 ppid=1424 pid=1430 auid=4294967295 uid=0 gid=33 euid=0 suid=0 fsuid=0 egid=33 sgid=33 fsgid=33 tty=(none) ses=4294967295 comm="apache2" exe="/usr/sbin/apache2" subj=unconfined key="T1043_Commonly_Used_Port"ARCH=x86_64 SYSCALL=connect AUID="unset" UID="root" GID="www-data" EUID="root" SUID="root" FSUID="root" EGID="www-data" SGID="www-data" FSGID="www-data"
type=SOCKADDR msg=audit(1773063539.658:1919): saddr=01002F72756E2F73797374656D642F7573657264622F696F2E73797374656D642E44796E616D69635573657200SADDR={ saddr_fam=local path=/run/systemd/userdb/io.systemd.DynamicUser }
type=PATH msg=audit(1773063539.658:1919): item=0 name="/run/systemd/userdb/io.systemd.DynamicUser" inode=451 dev=00:18 mode=0140666 ouid=0 ogid=0 rdev=00:00 nametype=NORMAL cap_fp=0 cap_fi=0 cap_fe=0 cap_fver=0 cap_frootid=0OUID="root" OGID="root"
type=PROCTITLE msg=audit(1773063539.658:1919): proctitle=2F7573722F7362696E2F61706163686532002D6B007374617274
type=SYSCALL msg=audit(1773063539.660:1920): arch=c000003e syscall=105 success=yes exit=0 a0=21 a1=57e5f8a0d910 a2=57e0862582dd a3=57e5f8a0d920 items=0 ppid=1424 pid=1430 auid=4294967295 uid=33 gid=33 euid=33 suid=33 fsuid=33 egid=33 sgid=33 fsgid=33 tty=(none) ses=4294967295 comm="apache2" exe="/usr/sbin/apache2" subj=unconfined key="T1166_Seuid_and_Setgid"ARCH=x86_64 SYSCALL=setuid AUID="unset" UID="www-data" GID="www-data" EUID="www-data" SUID="www-data" FSUID="www-data" EGID="www-data" SGID="www-data" FSGID="www-data"
type=PROCTITLE msg=audit(1773063539.660:1920): proctitle=2F7573722F7362696E2F61706163686532002D6B007374617274
type=SYSCALL msg=audit(1773063541.114:1921): arch=c000003e syscall=257 success=yes exit=7 a0=ffffff9c a1=76406b7cf347 a2=80000 a3=0 items=1 ppid=788 pid=1431 auid=4294967295 uid=0 gid=0 euid=0 suid=0 fsuid=0 egid=0 sgid=0 fsgid=0 tty=(none) ses=4294967295 comm="cron" exe="/usr/sbin/cron" subj=unconfined key="T1087_Account_Discovery"ARCH=x86_64 SYSCALL=openat AUID="unset" UID="root" GID="root" EUID="root" SUID="root" FSUID="root" EGID="root" SGID="root" FSGID="root"
type=PATH msg=audit(1773063541.114:1921): item=0 name="/etc/shadow" inode=1050300 dev=08:02 mode=0100640 ouid=0 ogid=42 rdev=00:00 nametype=NORMAL cap_fp=0 cap_fi=0 cap_fe=0 cap_fver=0 cap_frootid=0OUID="root" OGID="shadow"
type=PROCTITLE msg=audit(1773063541.114:1921): proctitle=2F7573722F7362696E2F43524F4E002D66002D50
type=USER_ACCT msg=audit(1773063541.114:1922): pid=1431 uid=0 auid=4294967295 ses=4294967295 subj=unconfined msg='op=PAM:accounting grantors=pam_permit acct="root" exe="/usr/sbin/cron" hostname=? addr=? terminal=cron res=success'UID="root" AUID="unset"
type=CRED_ACQ msg=audit(1773063541.114:1923): pid=1431 uid=0 auid=4294967295 ses=4294967295 subj=unconfined msg='op=PAM:setcred grantors=pam_permit,pam_cap acct="root" exe="/usr/sbin/cron" hostname=? addr=? terminal=cron res=success'UID="root" AUID="unset"
type=LOGIN msg=audit(1773063541.114:1924): pid=1431 uid=0 subj=unconfined old-auid=4294967295 auid=0 tty=(none) old-ses=4294967295 ses=5 res=1UID="root" OLD-AUID="unset" AUID="root"
type=SYSCALL msg=audit(1773063541.114:1924): arch=c000003e syscall=1 success=yes exit=1 a0=7 a1=7ffebc8a2dc0 a2=1 a3=0 items=0 ppid=788 pid=1431 auid=0 uid=0 gid=0 euid=0 suid=0 fsuid=0 egid=0 sgid=0 fsgid=0 tty=(none) ses=5 comm="cron" exe="/usr/sbin/cron" subj=unconfined key=(null)ARCH=x86_64 SYSCALL=write AUID="root" UID="root" GID="root" EUID="root" SUID="root" FSUID="root" EGID="root" SGID="root" FSGID="root"
type=PROCTITLE msg=audit(1773063541.114:1924): proctitle=2F7573722F7362696E2F43524F4E002D66002D50
type=USER_START msg=audit(1773063541.118:1925): pid=1431 uid=0 auid=0 ses=5 subj=unconfined msg='op=PAM:session_open grantors=pam_loginuid,pam_env,pam_env,pam_permit,pam_umask,pam_unix,pam_limits acct="root" exe="/usr/sbin/cron" hostname=? addr=? terminal=cron res=success'UID="root" AUID="root"
type=SYSCALL msg=audit(1773063541.119:1926): arch=c000003e syscall=106 success=yes exit=0 a0=0 a1=5a393f779900 a2=5a3c9ceb2109 a3=5a393f779910 items=0 ppid=1431 pid=1432 auid=0 uid=0 gid=0 euid=0 suid=0 fsuid=0 egid=0 sgid=0 fsgid=0 tty=(none) ses=5 comm="cron" exe="/usr/sbin/cron" subj=unconfined key="T1166_Seuid_and_Setgid"ARCH=x86_64 SYSCALL=setgid AUID="root" UID="root" GID="root" EUID="root" SUID="root" FSUID="root" EGID="root" SGID="root" FSGID="root"
type=PROCTITLE msg=audit(1773063541.119:1926): proctitle=2F7573722F7362696E2F43524F4E002D66002D50
type=CRED_REFR msg=audit(1773063541.119:1927): pid=1432 uid=0 auid=0 ses=5 subj=unconfined msg='op=PAM:setcred grantors=pam_permit,pam_cap acct="root" exe="/usr/sbin/cron" hostname=? addr=? terminal=cron res=success'UID="root" AUID="root"
type=SYSCALL msg=audit(1773063541.121:1928): arch=c000003e syscall=105 success=yes exit=0 a0=0 a1=5a393f7940f0 a2=5a3c9ceac744 a3=5a393f794100 items=0 ppid=1431 pid=1432 auid=0 uid=0 gid=0 euid=0 suid=0 fsuid=0 egid=0 sgid=0 fsgid=0 tty=(none) ses=5 comm="cron" exe="/usr/sbin/cron" subj=unconfined key="T1166_Seuid_and_Setgid"ARCH=x86_64 SYSCALL=setuid AUID="root" UID="root" GID="root" EUID="root" SUID="root" FSUID="root" EGID="root" SGID="root" FSGID="root"
type=PROCTITLE msg=audit(1773063541.121:1928): proctitle=2F7573722F7362696E2F43524F4E002D66002D50
type=SYSCALL msg=audit(1773063541.121:1929): arch=c000003e syscall=59 success=yes exit=0 a0=5a393f7930d6 a1=7ffebc8a2e70 a2=5a393f793160 a3=5a393f7930d6 items=2 ppid=1431 pid=1432 auid=0 uid=0 gid=0 euid=0 suid=0 fsuid=0 egid=0 sgid=0 fsgid=0 tty=(none) ses=5 comm="sh" exe="/usr/bin/dash" subj=unconfined key="T1078_Valid_Accounts"ARCH=x86_64 SYSCALL=execve AUID="root" UID="root" GID="root" EUID="root" SUID="root" FSUID="root" EGID="root" SGID="root" FSGID="root"
type=EXECVE msg=audit(1773063541.121:1929): argc=3 a0="/bin/sh" a1="-c" a2=20205B202D78202F7573722F6C69622F7068702F73657373696F6E636C65616E205D202626206966205B2021202D64202F72756E2F73797374656D642F73797374656D205D3B207468656E202F7573722F6C69622F7068702F73657373696F6E636C65616E3B206669
type=PATH msg=audit(1773063541.121:1929): item=0 name="/bin/sh" inode=1442345 dev=08:02 mode=0100755 ouid=0 ogid=0 rdev=00:00 nametype=NORMAL cap_fp=0 cap_fi=0 cap_fe=0 cap_fver=0 cap_frootid=0OUID="root" OGID="root"
type=PATH msg=audit(1773063541.121:1929): item=1 name="/lib64/ld-linux-x86-64.so.2" inode=1481429 dev=08:02 mode=0100755 ouid=0 ogid=0 rdev=00:00 nametype=NORMAL cap_fp=0 cap_fi=0 cap_fe=0 cap_fver=0 cap_frootid=0OUID="root" OGID="root"
type=PROCTITLE msg=audit(1773063541.121:1929): proctitle=2F7573722F7362696E2F43524F4E002D66002D50
type=CRED_DISP msg=audit(1773063541.128:1930): pid=1431 uid=0 auid=0 ses=5 subj=unconfined msg='op=PAM:setcred grantors=pam_permit acct="root" exe="/usr/sbin/cron" hostname=? addr=? terminal=cron res=success'UID="root" AUID="root"
type=USER_END msg=audit(1773063541.130:1931): pid=1431 uid=0 auid=0 ses=5 subj=unconfined msg='op=PAM:session_close grantors=pam_loginuid,pam_env,pam_env,pam_permit,pam_umask,pam_unix,pam_limits acct="root" exe="/usr/sbin/cron" hostname=? addr=? terminal=cron res=success'UID="root" AUID="root"
type=SYSCALL msg=audit(1773063545.304:1932): arch=c000003e syscall=42 success=yes exit=0 a0=10 a1=7fff0456d250 a2=1d a3=1 items=1 ppid=1424 pid=1426 auid=4294967295 uid=33 gid=33 euid=33 suid=33 fsuid=33 egid=33 sgid=33 fsgid=33 tty=(none) ses=4294967295 comm="apache2" exe="/usr/sbin/apache2" subj=unconfined key="T1043_Commonly_Used_Port"ARCH=x86_64 SYSCALL=connect AUID="unset" UID="www-data" GID="www-data" EUID="www-data" SUID="www-data" FSUID="www-data" EGID="www-data" SGID="www-data" FSGID="www-data"
type=SOCKADDR msg=audit(1773063545.304:1932): saddr=01002F7661722F72756E2F6D7973716C642F6D7973716C642E736F636BSADDR={ saddr_fam=local path=/var/run/mysqld/mysqld.sock }
type=PATH msg=audit(1773063545.304:1932): item=0 name="/var/run/mysqld/mysqld.sock" inode=1371 dev=00:18 mode=0140777 ouid=111 ogid=111 rdev=00:00 nametype=NORMAL cap_fp=0 cap_fi=0 cap_fe=0 cap_fver=0 cap_frootid=0OUID="mysql" OGID="mysql"
type=PROCTITLE msg=audit(1773063545.304:1932): proctitle=2F7573722F7362696E2F61706163686532002D6B007374617274
type=SYSCALL msg=audit(1773063545.689:1933): arch=c000003e syscall=106 success=yes exit=0 a0=21 a1=74a4ca8eb4a0 a2=0 a3=22 items=0 ppid=1424 pid=1433 auid=4294967295 uid=0 gid=33 euid=0 suid=0 fsuid=0 egid=33 sgid=33 fsgid=33 tty=(none) ses=4294967295 comm="apache2" exe="/usr/sbin/apache2" subj=unconfined key="T1166_Seuid_and_Setgid"ARCH=x86_64 SYSCALL=setgid AUID="unset" UID="root" GID="www-data" EUID="root" SUID="root" FSUID="root" EGID="www-data" SGID="www-data" FSGID="www-data"
type=PROCTITLE msg=audit(1773063545.689:1933): proctitle=2F7573722F7362696E2F61706163686532002D6B007374617274
type=SYSCALL msg=audit(1773063545.689:1934): arch=c000003e syscall=42 success=yes exit=0 a0=e a1=7fff0456fde0 a2=2d a3=57e5f8a4e210 items=1 ppid=1424 pid=1433 auid=4294967295 uid=0 gid=33 euid=0 suid=0 fsuid=0 egid=33 sgid=33 fsgid=33 tty=(none) ses=4294967295 comm="apache2" exe="/usr/sbin/apache2" subj=unconfined key="T1043_Commonly_Used_Port"ARCH=x86_64 SYSCALL=connect AUID="unset" UID="root" GID="www-data" EUID="root" SUID="root" FSUID="root" EGID="www-data" SGID="www-data" FSGID="www-data"
type=SOCKADDR msg=audit(1773063545.689:1934): saddr=01002F72756E2F73797374656D642F7573657264622F696F2E73797374656D642E44796E616D69635573657200SADDR={ saddr_fam=local path=/run/systemd/userdb/io.systemd.DynamicUser }
type=PATH msg=audit(1773063545.689:1934): item=0 name="/run/systemd/userdb/io.systemd.DynamicUser" inode=451 dev=00:18 mode=0140666 ouid=0 ogid=0 rdev=00:00 nametype=NORMAL cap_fp=0 cap_fi=0 cap_fe=0 cap_fver=0 cap_frootid=0OUID="root" OGID="root"
type=PROCTITLE msg=audit(1773063545.689:1934): proctitle=2F7573722F7362696E2F61706163686532002D6B007374617274
type=SYSCALL msg=audit(1773063545.689:1935): arch=c000003e syscall=105 success=yes exit=0 a0=21 a1=57e5f8a0d910 a2=57e0862582dd a3=57e5f8a0d920 items=0 ppid=1424 pid=1433 auid=4294967295 uid=33 gid=33 euid=33 suid=33 fsuid=33 egid=33 sgid=33 fsgid=33 tty=(none) ses=4294967295 comm="apache2" exe="/usr/sbin/apache2" subj=unconfined key="T1166_Seuid_and_Setgid"ARCH=x86_64 SYSCALL=setuid AUID="unset" UID="www-data" GID="www-data" EUID="www-data" SUID="www-data" FSUID="www-data" EGID="www-data" SGID="www-data" FSGID="www-data"
type=PROCTITLE msg=audit(1773063545.689:1935): proctitle=2F7573722F7362696E2F61706163686532002D6B007374617274
type=SYSCALL msg=audit(1773063545.689:1936): arch=c000003e syscall=59 success=yes exit=0 a0=7fffafa394b0 a1=7fffafa394d0 a2=7fffafa39fd8 a3=8 items=2 ppid=1 pid=1434 auid=4294967295 uid=0 gid=0 euid=0 suid=0 fsuid=0 egid=0 sgid=0 fsgid=0 tty=(none) ses=4294967295 comm="9" exe="/usr/lib/systemd/systemd-executor" subj=unconfined key="T1078_Valid_Accounts"ARCH=x86_64 SYSCALL=execve AUID="unset" UID="root" GID="root" EUID="root" SUID="root" FSUID="root" EGID="root" SGID="root" FSGID="root"
type=EXECVE msg=audit(1773063545.689:1936): argc=7 a0="/usr/lib/systemd/systemd-executor" a1="--deserialize" a2="105" a3="--log-level" a4="info" a5="--log-target" a6="journal-or-kmsg"
type=PATH msg=audit(1773063545.689:1936): item=0 name="/proc/self/fd/9" inode=1463834 dev=08:02 mode=0100755 ouid=0 ogid=0 rdev=00:00 nametype=NORMAL cap_fp=0 cap_fi=0 cap_fe=0 cap_fver=0 cap_frootid=0OUID="root" OGID="root"
type=PATH msg=audit(1773063545.689:1936): item=1 name="/lib64/ld-linux-x86-64.so.2" inode=1481429 dev=08:02 mode=0100755 ouid=0 ogid=0 rdev=00:00 nametype=NORMAL cap_fp=0 cap_fi=0 cap_fe=0 cap_fver=0 cap_frootid=0OUID="root" OGID="root"
type=PROCTITLE msg=audit(1773063545.689:1936): proctitle=2F7573722F6C69622F73797374656D642F73797374656D642D6578656375746F72002D2D646573657269616C697A6500313035002D2D6C6F672D6C6576656C00696E666F002D2D6C6F672D746172676574006A6F75726E616C2D6F722D6B6D7367
type=SYSCALL msg=audit(1773063545.689:1937): arch=c000003e syscall=42 success=yes exit=0 a0=4 a1=7ffe6ba8c550 a2=1e a3=7ffe6ba8c600 items=1 ppid=1 pid=1434 auid=4294967295 uid=0 gid=0 euid=0 suid=0 fsuid=0 egid=0 sgid=0 fsgid=0 tty=(none) ses=4294967295 comm="9" exe="/usr/lib/systemd/systemd-executor" subj=unconfined key="T1043_Commonly_Used_Port"ARCH=x86_64 SYSCALL=connect AUID="unset" UID="root" GID="root" EUID="root" SUID="root" FSUID="root" EGID="root" SGID="root" FSGID="root"
type=SOCKADDR msg=audit(1773063545.689:1937): saddr=01002F72756E2F73797374656D642F6A6F75726E616C2F736F636B657400SADDR={ saddr_fam=local path=/run/systemd/journal/socket }
type=PATH msg=audit(1773063545.689:1937): item=0 name="/run/systemd/journal/socket" inode=464 dev=00:18 mode=0140666 ouid=0 ogid=0 rdev=00:00 nametype=NORMAL cap_fp=0 cap_fi=0 cap_fe=0 cap_fver=0 cap_frootid=0OUID="root" OGID="root"
type=PROCTITLE msg=audit(1773063545.689:1937): proctitle=2F7573722F6C69622F73797374656D642F73797374656D642D6578656375746F72002D2D646573657269616C697A6500313035002D2D6C6F672D6C6576656C00696E666F002D2D6C6F672D746172676574006A6F75726E616C2D6F722D6B6D7367
type=SYSCALL msg=audit(1773063545.739:1938): arch=c000003e syscall=42 success=yes exit=0 a0=3 a1=7ffe6ba8c0d0 a2=1e a3=fffffff7 items=1 ppid=1 pid=1434 auid=4294967295 uid=0 gid=0 euid=0 suid=0 fsuid=0 egid=0 sgid=0 fsgid=0 tty=(none) ses=4294967295 comm="(ionclean)" exe="/usr/lib/systemd/systemd-executor" subj=unconfined key="T1043_Commonly_Used_Port"ARCH=x86_64 SYSCALL=connect AUID="unset" UID="root" GID="root" EUID="root" SUID="root" FSUID="root" EGID="root" SGID="root" FSGID="root"
type=SOCKADDR msg=audit(1773063545.739:1938): saddr=01002F72756E2F73797374656D642F6A6F75726E616C2F7374646F757400SADDR={ saddr_fam=local path=/run/systemd/journal/stdout }
type=PATH msg=audit(1773063545.739:1938): item=0 name="/run/systemd/journal/stdout" inode=465 dev=00:18 mode=0140666 ouid=0 ogid=0 rdev=00:00 nametype=NORMAL cap_fp=0 cap_fi=0 cap_fe=0 cap_fver=0 cap_frootid=0OUID="root" OGID="root"
type=PROCTITLE msg=audit(1773063545.739:1938): proctitle=2F7573722F6C69622F73797374656D642F73797374656D642D6578656375746F72002D2D646573657269616C697A6500313035002D2D6C6F672D6C6576656C00696E666F002D2D6C6F672D746172676574006A6F75726E616C2D6F722D6B6D7367
type=SYSCALL msg=audit(1773063545.750:1939): arch=c000003e syscall=42 success=yes exit=0 a0=14 a1=74a4b95ffd8c a2=10 a3=74a4b95fc504 items=0 ppid=1424 pid=1426 auid=4294967295 uid=33 gid=33 euid=33 suid=33 fsuid=33 egid=33 sgid=33 fsgid=33 tty=(none) ses=4294967295 comm="apache2" exe="/usr/sbin/apache2" subj=unconfined key="T1043_Commonly_Used_Port"ARCH=x86_64 SYSCALL=connect AUID="unset" UID="www-data" GID="www-data" EUID="www-data" SUID="www-data" FSUID="www-data" EGID="www-data" SGID="www-data" FSGID="www-data"
type=SOCKADDR msg=audit(1773063545.750:1939): saddr=020000357F0000350000000000000000SADDR={ saddr_fam=inet laddr=127.0.0.53 lport=53 }
type=PROCTITLE msg=audit(1773063545.750:1939): proctitle=2F7573722F7362696E2F61706163686532002D6B007374617274
type=SYSCALL msg=audit(1773063545.750:1940): arch=c000003e syscall=42 success=yes exit=0 a0=14 a1=74a4b95ffd8c a2=10 a3=74a4b95fc504 items=0 ppid=1424 pid=1426 auid=4294967295 uid=33 gid=33 euid=33 suid=33 fsuid=33 egid=33 sgid=33 fsgid=33 tty=(none) ses=4294967295 comm="apache2" exe="/usr/sbin/apache2" subj=unconfined key="T1043_Commonly_Used_Port"ARCH=x86_64 SYSCALL=connect AUID="unset" UID="www-data" GID="www-data" EUID="www-data" SUID="www-data" FSUID="www-data" EGID="www-data" SGID="www-data" FSGID="www-data"
type=SYSCALL msg=audit(1773063545.750:1941): arch=c000003e syscall=59 success=yes exit=0 a0=622de741e660 a1=622de7425e30 a2=622de741cda0 a3=622de741db00 items=3 ppid=1 pid=1434 auid=4294967295 uid=0 gid=0 euid=0 suid=0 fsuid=0 egid=0 sgid=0 fsgid=0 tty=(none) ses=4294967295 comm="sessionclean" exe="/usr/bin/dash" subj=unconfined key="T1078_Valid_Accounts"ARCH=x86_64 SYSCALL=execve AUID="unset" UID="root" GID="root" EUID="root" SUID="root" FSUID="root" EGID="root" SGID="root" FSGID="root"
type=EXECVE msg=audit(1773063545.750:1941): argc=3 a0="/bin/sh" a1="-e" a2="/usr/lib/php/sessionclean"
type=PATH msg=audit(1773063545.750:1941): item=0 name="/usr/lib/php/sessionclean" inode=171792 dev=08:02 mode=0100755 ouid=0 ogid=0 rdev=00:00 nametype=NORMAL cap_fp=0 cap_fi=0 cap_fe=0 cap_fver=0 cap_frootid=0OUID="root" OGID="root"
type=PATH msg=audit(1773063545.750:1941): item=1 name="/bin/sh" inode=1442345 dev=08:02 mode=0100755 ouid=0 ogid=0 rdev=00:00 nametype=NORMAL cap_fp=0 cap_fi=0 cap_fe=0 cap_fver=0 cap_frootid=0OUID="root" OGID="root"
type=PATH msg=audit(1773063545.750:1941): item=2 name="/lib64/ld-linux-x86-64.so.2" inode=1481429 dev=08:02 mode=0100755 ouid=0 ogid=0 rdev=00:00 nametype=NORMAL cap_fp=0 cap_fi=0 cap_fe=0 cap_fver=0 cap_frootid=0OUID="root" OGID="root"
type=PROCTITLE msg=audit(1773063545.750:1941): proctitle=2F7573722F6C69622F73797374656D642F73797374656D642D6578656375746F72002D2D646573657269616C697A6500313035002D2D6C6F672D6C6576656C00696E666F002D2D6C6F672D746172676574006A6F75726E616C2D6F722D6B6D7367
type=SOCKADDR msg=audit(1773063545.750:1940): saddr=020000357F0000350000000000000000SADDR={ saddr_fam=inet laddr=127.0.0.53 lport=53 }
type=PROCTITLE msg=audit(1773063545.750:1940): proctitle=2F7573722F7362696E2F61706163686532002D6B007374617274
type=SYSCALL msg=audit(1773063545.754:1942): arch=c000003e syscall=59 success=yes exit=0 a0=5ec267e98270 a1=5ec267e981e0 a2=5ec267e98208 a3=71f7e2fa7b00 items=2 ppid=1434 pid=1437 auid=4294967295 uid=0 gid=0 euid=0 suid=0 fsuid=0 egid=0 sgid=0 fsgid=0 tty=(none) ses=4294967295 comm="sort" exe="/usr/bin/sort" subj=unconfined key="T1078_Valid_Accounts"ARCH=x86_64 SYSCALL=execve AUID="unset" UID="root" GID="root" EUID="root" SUID="root" FSUID="root" EGID="root" SGID="root" FSGID="root"
type=SYSCALL msg=audit(1773063545.754:1943): arch=c000003e syscall=59 success=yes exit=0 a0=5ec267e98178 a1=5ec267e981c0 a2=5ec267e981d8 a3=1 items=3 ppid=1436 pid=1440 auid=4294967295 uid=0 gid=0 euid=0 suid=0 fsuid=0 egid=0 sgid=0 fsgid=0 tty=(none) ses=4294967295 comm="phpquery" exe="/usr/bin/dash" subj=unconfined key="T1078_Valid_Accounts"ARCH=x86_64 SYSCALL=execve AUID="unset" UID="root" GID="root" EUID="root" SUID="root" FSUID="root" EGID="root" SGID="root" FSGID="root"
type=EXECVE msg=audit(1773063545.754:1943): argc=3 a0="/bin/sh" a1="/usr/sbin/phpquery" a2="-V"
type=PATH msg=audit(1773063545.754:1943): item=0 name="/usr/sbin/phpquery" inode=1499175 dev=08:02 mode=0100755 ouid=0 ogid=0 rdev=00:00 nametype=NORMAL cap_fp=0 cap_fi=0 cap_fe=0 cap_fver=0 cap_frootid=0OUID="root" OGID="root"
type=PATH msg=audit(1773063545.754:1943): item=1 name="/bin/sh" inode=1442345 dev=08:02 mode=0100755 ouid=0 ogid=0 rdev=00:00 nametype=NORMAL cap_fp=0 cap_fi=0 cap_fe=0 cap_fver=0 cap_frootid=0OUID="root" OGID="root"
type=PATH msg=audit(1773063545.754:1943): item=2 name="/lib64/ld-linux-x86-64.so.2" inode=1481429 dev=08:02 mode=0100755 ouid=0 ogid=0 rdev=00:00 nametype=NORMAL cap_fp=0 cap_fi=0 cap_fe=0 cap_fver=0 cap_frootid=0OUID="root" OGID="root"
type=PROCTITLE msg=audit(1773063545.754:1943): proctitle=2F62696E2F7368002F7573722F7362696E2F7068707175657279002D56
type=SYSCALL msg=audit(1773063545.754:1944): arch=c000003e syscall=59 success=yes exit=0 a0=5ec267e98290 a1=5ec267e981f8 a2=5ec267e98228 a3=71f7e2fa7b00 items=2 ppid=1434 pid=1438 auid=4294967295 uid=0 gid=0 euid=0 suid=0 fsuid=0 egid=0 sgid=0 fsgid=0 tty=(none) ses=4294967295 comm="sort" exe="/usr/bin/sort" subj=unconfined key="T1078_Valid_Accounts"ARCH=x86_64 SYSCALL=execve AUID="unset" UID="root" GID="root" EUID="root" SUID="root" FSUID="root" EGID="root" SGID="root" FSGID="root"
type=EXECVE msg=audit(1773063545.754:1942): argc=4 a0="sort" a1="-rn" a2="-t:" a3="-k2,2"
type=PATH msg=audit(1773063545.754:1942): item=0 name="/usr/bin/sort" inode=1442847 dev=08:02 mode=0100755 ouid=0 ogid=0 rdev=00:00 nametype=NORMAL cap_fp=0 cap_fi=0 cap_fe=0 cap_fver=0 cap_frootid=0OUID="root" OGID="root"
type=PATH msg=audit(1773063545.754:1942): item=1 name="/lib64/ld-linux-x86-64.so.2" inode=1481429 dev=08:02 mode=0100755 ouid=0 ogid=0 rdev=00:00 nametype=NORMAL cap_fp=0 cap_fi=0 cap_fe=0 cap_fver=0 cap_frootid=0OUID="root" OGID="root"
type=PROCTITLE msg=audit(1773063545.754:1942): proctitle=736F7274002D726E002D743A002D6B322C32
type=EXECVE msg=audit(1773063545.754:1944): argc=5 a0="sort" a1="-u" a2="-t:" a3="-k" a4="1,1"
type=PATH msg=audit(1773063545.754:1944): item=0 name="/usr/bin/sort" inode=1442847 dev=08:02 mode=0100755 ouid=0 ogid=0 rdev=00:00 nametype=NORMAL cap_fp=0 cap_fi=0 cap_fe=0 cap_fver=0 cap_frootid=0OUID="root" OGID="root"
type=PATH msg=audit(1773063545.754:1944): item=1 name="/lib64/ld-linux-x86-64.so.2" inode=1481429 dev=08:02 mode=0100755 ouid=0 ogid=0 rdev=00:00 nametype=NORMAL cap_fp=0 cap_fi=0 cap_fe=0 cap_fver=0 cap_frootid=0OUID="root" OGID="root"
type=PROCTITLE msg=audit(1773063545.754:1944): proctitle=736F7274002D75002D743A002D6B00312C31
type=SYSCALL msg=audit(1773063545.759:1945): arch=c000003e syscall=59 success=yes exit=0 a0=58f9822cf480 a1=58f960f3f670 a2=58f9822cf418 a3=58f9822cf400 items=2 ppid=1440 pid=1441 auid=4294967295 uid=0 gid=0 euid=0 suid=0 fsuid=0 egid=0 sgid=0 fsgid=0 tty=(none) ses=4294967295 comm="expr" exe="/usr/bin/expr" subj=unconfined key="T1078_Valid_Accounts"ARCH=x86_64 SYSCALL=execve AUID="unset" UID="root" GID="root" EUID="root" SUID="root" FSUID="root" EGID="root" SGID="root" FSGID="root"
type=EXECVE msg=audit(1773063545.759:1945): argc=4 a0="expr" a1="2" a2="-" a3="1"
type=PATH msg=audit(1773063545.759:1945): item=0 name="/usr/bin/expr" inode=1442406 dev=08:02 mode=0100755 ouid=0 ogid=0 rdev=00:00 nametype=NORMAL cap_fp=0 cap_fi=0 cap_fe=0 cap_fver=0 cap_frootid=0OUID="root" OGID="root"
type=PATH msg=audit(1773063545.759:1945): item=1 name="/lib64/ld-linux-x86-64.so.2" inode=1481429 dev=08:02 mode=0100755 ouid=0 ogid=0 rdev=00:00 nametype=NORMAL cap_fp=0 cap_fi=0 cap_fe=0 cap_fver=0 cap_frootid=0OUID="root" OGID="root"
type=PROCTITLE msg=audit(1773063545.759:1945): proctitle=657870720032002D0031
type=SYSCALL msg=audit(1773063545.765:1946): arch=c000003e syscall=59 success=yes exit=0 a0=58f9822cf568 a1=58f9822cf4e8 a2=58f9822cf500 a3=79f4181a7ca0 items=2 ppid=1440 pid=1444 auid=4294967295 uid=0 gid=0 euid=0 suid=0 fsuid=0 egid=0 sgid=0 fsgid=0 tty=(none) ses=4294967295 comm="sort" exe="/usr/bin/sort" subj=unconfined key="T1078_Valid_Accounts"ARCH=x86_64 SYSCALL=execve AUID="unset" UID="root" GID="root" EUID="root" SUID="root" FSUID="root" EGID="root" SGID="root" FSGID="root"
type=SYSCALL msg=audit(1773063545.765:1947): arch=c000003e syscall=59 success=yes exit=0 a0=58f9822cf760 a1=58f9822cf6a0 a2=58f9822cf6f8 a3=8 items=2 ppid=1445 pid=1446 auid=4294967295 uid=0 gid=0 euid=0 suid=0 fsuid=0 egid=0 sgid=0 fsgid=0 tty=(none) ses=4294967295 comm="find" exe="/usr/bin/find" subj=unconfined key="T1078_Valid_Accounts"ARCH=x86_64 SYSCALL=execve AUID="unset" UID="root" GID="root" EUID="root" SUID="root" FSUID="root" EGID="root" SGID="root" FSGID="root"
type=EXECVE msg=audit(1773063545.765:1947): argc=10 a0="find" a1="/usr/lib/php" a2="-mindepth" a3="1" a4="-maxdepth" a5="1" a6="-regex" a7=".*[0-9]\.[0-9]" a8="-printf" a9="%f\n"
type=PATH msg=audit(1773063545.765:1947): item=0 name="/usr/bin/find" inode=1442415 dev=08:02 mode=0100755 ouid=0 ogid=0 rdev=00:00 nametype=NORMAL cap_fp=0 cap_fi=0 cap_fe=0 cap_fver=0 cap_frootid=0OUID="root" OGID="root"
type=PATH msg=audit(1773063545.765:1947): item=1 name="/lib64/ld-linux-x86-64.so.2" inode=1481429 dev=08:02 mode=0100755 ouid=0 ogid=0 rdev=00:00 nametype=NORMAL cap_fp=0 cap_fi=0 cap_fe=0 cap_fver=0 cap_frootid=0OUID="root" OGID="root"
type=PROCTITLE msg=audit(1773063545.765:1947): proctitle=66696E64002F7573722F6C69622F706870002D6D696E64657074680031002D6D617864657074680031002D7265676578002E2A5B302D395D5C2E5B302D395D002D7072696E74660025665C6E
type=EXECVE msg=audit(1773063545.765:1946): argc=2 a0="sort" a1="-rn"
type=PATH msg=audit(1773063545.765:1946): item=0 name="/usr/bin/sort" inode=1442847 dev=08:02 mode=0100755 ouid=0 ogid=0 rdev=00:00 nametype=NORMAL cap_fp=0 cap_fi=0 cap_fe=0 cap_fver=0 cap_frootid=0OUID="root" OGID="root"
type=PATH msg=audit(1773063545.765:1946): item=1 name="/lib64/ld-linux-x86-64.so.2" inode=1481429 dev=08:02 mode=0100755 ouid=0 ogid=0 rdev=00:00 nametype=NORMAL cap_fp=0 cap_fi=0 cap_fe=0 cap_fver=0 cap_frootid=0OUID="root" OGID="root"
type=PROCTITLE msg=audit(1773063545.765:1946): proctitle=736F7274002D726E
type=SYSCALL msg=audit(1773063545.773:1948): arch=c000003e syscall=59 success=yes exit=0 a0=5ec267e98260 a1=5ec267e986a0 a2=5ec267e98720 a3=1 items=2 ppid=1436 pid=1447 auid=4294967295 uid=0 gid=0 euid=0 suid=0 fsuid=0 egid=0 sgid=0 fsgid=0 tty=(none) ses=4294967295 comm="php8.3" exe="/usr/bin/php8.3" subj=unconfined key="T1078_Valid_Accounts"ARCH=x86_64 SYSCALL=execve AUID="unset" UID="root" GID="root" EUID="root" SUID="root" FSUID="root" EGID="root" SGID="root" FSGID="root"
type=EXECVE msg=audit(1773063545.773:1948): argc=7 a0="/usr/bin/php8.3" a1="-c" a2="/etc/php/8.3/apache2/php.ini" a3="-d" a4="error_reporting='~E_ALL'" a5="-r" a6=666F726561636828696E695F6765745F616C6C282273657373696F6E222920617320246B203D3E20247629206563686F2022246B3D222E24765B226C6F63616C5F76616C7565225D2E225C6E223B
type=PATH msg=audit(1773063545.773:1948): item=0 name="/usr/bin/php8.3" inode=1499184 dev=08:02 mode=0100755 ouid=0 ogid=0 rdev=00:00 nametype=NORMAL cap_fp=0 cap_fi=0 cap_fe=0 cap_fver=0 cap_frootid=0OUID="root" OGID="root"
type=PATH msg=audit(1773063545.773:1948): item=1 name="/lib64/ld-linux-x86-64.so.2" inode=1481429 dev=08:02 mode=0100755 ouid=0 ogid=0 rdev=00:00 nametype=NORMAL cap_fp=0 cap_fi=0 cap_fe=0 cap_fver=0 cap_frootid=0OUID="root" OGID="root"
type=PROCTITLE msg=audit(1773063545.773:1948): proctitle=2F7573722F62696E2F706870382E33002D63002F6574632F7068702F382E332F617061636865322F7068702E696E69002D64006572726F725F7265706F7274696E673D277E455F414C4C27002D7200666F726561636828696E695F6765745F616C6C282273657373696F6E222920617320246B203D3E20247629206563686F20
type=SYSCALL msg=audit(1773063545.820:1949): arch=c000003e syscall=59 success=yes exit=0 a0=5ec267e98ef0 a1=5ec267e982e0 a2=5ec267e98e88 a3=1 items=2 ppid=1448 pid=1450 auid=4294967295 uid=0 gid=0 euid=0 suid=0 fsuid=0 egid=0 sgid=0 fsgid=0 tty=(none) ses=4294967295 comm="sed" exe="/usr/bin/sed" subj=unconfined key="T1078_Valid_Accounts"ARCH=x86_64 SYSCALL=execve AUID="unset" UID="root" GID="root" EUID="root" SUID="root" FSUID="root" EGID="root" SGID="root" FSGID="root"
type=EXECVE msg=audit(1773063545.820:1949): argc=3 a0="sed" a1="-ne" a2="s/^session\.save_handler=\(.*\)$/\1/p"
type=PATH msg=audit(1773063545.820:1949): item=0 name="/usr/bin/sed" inode=1442742 dev=08:02 mode=0100755 ouid=0 ogid=0 rdev=00:00 nametype=NORMAL cap_fp=0 cap_fi=0 cap_fe=0 cap_fver=0 cap_frootid=0OUID="root" OGID="root"
type=PATH msg=audit(1773063545.820:1949): item=1 name="/lib64/ld-linux-x86-64.so.2" inode=1481429 dev=08:02 mode=0100755 ouid=0 ogid=0 rdev=00:00 nametype=NORMAL cap_fp=0 cap_fi=0 cap_fe=0 cap_fver=0 cap_frootid=0OUID="root" OGID="root"
type=PROCTITLE msg=audit(1773063545.820:1949): proctitle=736564002D6E6500732F5E73657373696F6E5C2E736176655F68616E646C65723D5C282E2A5C29242F5C312F70
type=SYSCALL msg=audit(1773063545.825:1950): arch=c000003e syscall=59 success=yes exit=0 a0=5ec267e98f00 a1=5ec267e982e8 a2=5ec267e98e98 a3=1 items=2 ppid=1451 pid=1453 auid=4294967295 uid=0 gid=0 euid=0 suid=0 fsuid=0 egid=0 sgid=0 fsgid=0 tty=(none) ses=4294967295 comm="sed" exe="/usr/bin/sed" subj=unconfined key="T1078_Valid_Accounts"ARCH=x86_64 SYSCALL=execve AUID="unset" UID="root" GID="root" EUID="root" SUID="root" FSUID="root" EGID="root" SGID="root" FSGID="root"
type=EXECVE msg=audit(1773063545.825:1950): argc=3 a0="sed" a1="-ne" a2="s/^session\.save_path=\(.*;\)\?\(.*\)$/\2/p"
type=PATH msg=audit(1773063545.825:1950): item=0 name="/usr/bin/sed" inode=1442742 dev=08:02 mode=0100755 ouid=0 ogid=0 rdev=00:00 nametype=NORMAL cap_fp=0 cap_fi=0 cap_fe=0 cap_fver=0 cap_frootid=0OUID="root" OGID="root"
type=PATH msg=audit(1773063545.825:1950): item=1 name="/lib64/ld-linux-x86-64.so.2" inode=1481429 dev=08:02 mode=0100755 ouid=0 ogid=0 rdev=00:00 nametype=NORMAL cap_fp=0 cap_fi=0 cap_fe=0 cap_fver=0 cap_frootid=0OUID="root" OGID="root"
type=PROCTITLE msg=audit(1773063545.825:1950): proctitle=736564002D6E6500732F5E73657373696F6E5C2E736176655F706174683D5C282E2A3B5C295C3F5C282E2A5C29242F5C322F70
type=SYSCALL msg=audit(1773063545.829:1951): arch=c000003e syscall=59 success=yes exit=0 a0=5ec267e98fa0 a1=5ec267e982e0 a2=5ec267e98f38 a3=1 items=2 ppid=1454 pid=1456 auid=4294967295 uid=0 gid=0 euid=0 suid=0 fsuid=0 egid=0 sgid=0 fsgid=0 tty=(none) ses=4294967295 comm="sed" exe="/usr/bin/sed" subj=unconfined key="T1078_Valid_Accounts"ARCH=x86_64 SYSCALL=execve AUID="unset" UID="root" GID="root" EUID="root" SUID="root" FSUID="root" EGID="root" SGID="root" FSGID="root"
type=EXECVE msg=audit(1773063545.829:1951): argc=3 a0="sed" a1="-ne" a2="s/^session\.gc_maxlifetime=\(.*\)$/\1/p"
type=PATH msg=audit(1773063545.829:1951): item=0 name="/usr/bin/sed" inode=1442742 dev=08:02 mode=0100755 ouid=0 ogid=0 rdev=00:00 nametype=NORMAL cap_fp=0 cap_fi=0 cap_fe=0 cap_fver=0 cap_frootid=0OUID="root" OGID="root"
type=PATH msg=audit(1773063545.829:1951): item=1 name="/lib64/ld-linux-x86-64.so.2" inode=1481429 dev=08:02 mode=0100755 ouid=0 ogid=0 rdev=00:00 nametype=NORMAL cap_fp=0 cap_fi=0 cap_fe=0 cap_fver=0 cap_frootid=0OUID="root" OGID="root"
type=PROCTITLE msg=audit(1773063545.829:1951): proctitle=736564002D6E6500732F5E73657373696F6E5C2E67635F6D61786C69666574696D653D5C282E2A5C29242F5C312F70
type=SYSCALL msg=audit(1773063545.834:1952): arch=c000003e syscall=59 success=yes exit=0 a0=5ec267e98fb0 a1=5ec267e982c0 a2=5ec267e98f48 a3=1 items=2 ppid=1457 pid=1459 auid=4294967295 uid=0 gid=0 euid=0 suid=0 fsuid=0 egid=0 sgid=0 fsgid=0 tty=(none) ses=4294967295 comm="sed" exe="/usr/bin/sed" subj=unconfined key="T1078_Valid_Accounts"ARCH=x86_64 SYSCALL=execve AUID="unset" UID="root" GID="root" EUID="root" SUID="root" FSUID="root" EGID="root" SGID="root" FSGID="root"
type=EXECVE msg=audit(1773063545.834:1952): argc=3 a0="sed" a1="-e" a2="s,@VERSION@,8.3,"
type=PATH msg=audit(1773063545.834:1952): item=0 name="/usr/bin/sed" inode=1442742 dev=08:02 mode=0100755 ouid=0 ogid=0 rdev=00:00 nametype=NORMAL cap_fp=0 cap_fi=0 cap_fe=0 cap_fver=0 cap_frootid=0OUID="root" OGID="root"
type=PATH msg=audit(1773063545.834:1952): item=1 name="/lib64/ld-linux-x86-64.so.2" inode=1481429 dev=08:02 mode=0100755 ouid=0 ogid=0 rdev=00:00 nametype=NORMAL cap_fp=0 cap_fi=0 cap_fe=0 cap_fver=0 cap_frootid=0OUID="root" OGID="root"
type=PROCTITLE msg=audit(1773063545.834:1952): proctitle=736564002D6500732C4056455253494F4E402C382E332C
type=SYSCALL msg=audit(1773063545.839:1953): arch=c000003e syscall=59 success=yes exit=0 a0=5ec267e98260 a1=5ec267e98f68 a2=5ec267e98fe8 a3=1 items=2 ppid=1436 pid=1460 auid=4294967295 uid=0 gid=0 euid=0 suid=0 fsuid=0 egid=0 sgid=0 fsgid=0 tty=(none) ses=4294967295 comm="php8.3" exe="/usr/bin/php8.3" subj=unconfined key="T1078_Valid_Accounts"ARCH=x86_64 SYSCALL=execve AUID="unset" UID="root" GID="root" EUID="root" SUID="root" FSUID="root" EGID="root" SGID="root" FSGID="root"
type=EXECVE msg=audit(1773063545.839:1953): argc=7 a0="/usr/bin/php8.3" a1="-c" a2="/etc/php/8.3/cli/php.ini" a3="-d" a4="error_reporting='~E_ALL'" a5="-r" a6=666F726561636828696E695F6765745F616C6C282273657373696F6E222920617320246B203D3E20247629206563686F2022246B3D222E24765B226C6F63616C5F76616C7565225D2E225C6E223B
type=PATH msg=audit(1773063545.839:1953): item=0 name="/usr/bin/php8.3" inode=1499184 dev=08:02 mode=0100755 ouid=0 ogid=0 rdev=00:00 nametype=NORMAL cap_fp=0 cap_fi=0 cap_fe=0 cap_fver=0 cap_frootid=0OUID="root" OGID="root"
type=PATH msg=audit(1773063545.839:1953): item=1 name="/lib64/ld-linux-x86-64.so.2" inode=1481429 dev=08:02 mode=0100755 ouid=0 ogid=0 rdev=00:00 nametype=NORMAL cap_fp=0 cap_fi=0 cap_fe=0 cap_fver=0 cap_frootid=0OUID="root" OGID="root"
type=PROCTITLE msg=audit(1773063545.839:1953): proctitle=2F7573722F62696E2F706870382E33002D63002F6574632F7068702F382E332F636C692F7068702E696E69002D64006572726F725F7265706F7274696E673D277E455F414C4C27002D7200666F726561636828696E695F6765745F616C6C282273657373696F6E222920617320246B203D3E20247629206563686F2022246B3D
type=SYSCALL msg=audit(1773063545.881:1954): arch=c000003e syscall=59 success=yes exit=0 a0=5ec267e98f50 a1=5ec267e982e0 a2=5ec267e98ee8 a3=71f7e2fa7ca0 items=2 ppid=1462 pid=1464 auid=4294967295 uid=0 gid=0 euid=0 suid=0 fsuid=0 egid=0 sgid=0 fsgid=0 tty=(none) ses=4294967295 comm="sed" exe="/usr/bin/sed" subj=unconfined key="T1078_Valid_Accounts"ARCH=x86_64 SYSCALL=execve AUID="unset" UID="root" GID="root" EUID="root" SUID="root" FSUID="root" EGID="root" SGID="root" FSGID="root"
type=EXECVE msg=audit(1773063545.881:1954): argc=3 a0="sed" a1="-ne" a2="s/^session\.save_handler=\(.*\)$/\1/p"
type=PATH msg=audit(1773063545.881:1954): item=0 name="/usr/bin/sed" inode=1442742 dev=08:02 mode=0100755 ouid=0 ogid=0 rdev=00:00 nametype=NORMAL cap_fp=0 cap_fi=0 cap_fe=0 cap_fver=0 cap_frootid=0OUID="root" OGID="root"
type=PATH msg=audit(1773063545.881:1954): item=1 name="/lib64/ld-linux-x86-64.so.2" inode=1481429 dev=08:02 mode=0100755 ouid=0 ogid=0 rdev=00:00 nametype=NORMAL cap_fp=0 cap_fi=0 cap_fe=0 cap_fver=0 cap_frootid=0OUID="root" OGID="root"
type=PROCTITLE msg=audit(1773063545.881:1954): proctitle=736564002D6E6500732F5E73657373696F6E5C2E736176655F68616E646C65723D5C282E2A5C29242F5C312F70
type=SYSCALL msg=audit(1773063545.886:1955): arch=c000003e syscall=59 success=yes exit=0 a0=5ec267e98f50 a1=5ec267e982e8 a2=5ec267e98ee8 a3=71f7e2fa7ca0 items=2 ppid=1465 pid=1467 auid=4294967295 uid=0 gid=0 euid=0 suid=0 fsuid=0 egid=0 sgid=0 fsgid=0 tty=(none) ses=4294967295 comm="sed" exe="/usr/bin/sed" subj=unconfined key="T1078_Valid_Accounts"ARCH=x86_64 SYSCALL=execve AUID="unset" UID="root" GID="root" EUID="root" SUID="root" FSUID="root" EGID="root" SGID="root" FSGID="root"
type=EXECVE msg=audit(1773063545.886:1955): argc=3 a0="sed" a1="-ne" a2="s/^session\.save_path=\(.*;\)\?\(.*\)$/\2/p"
type=PATH msg=audit(1773063545.886:1955): item=0 name="/usr/bin/sed" inode=1442742 dev=08:02 mode=0100755 ouid=0 ogid=0 rdev=00:00 nametype=NORMAL cap_fp=0 cap_fi=0 cap_fe=0 cap_fver=0 cap_frootid=0OUID="root" OGID="root"
type=PATH msg=audit(1773063545.886:1955): item=1 name="/lib64/ld-linux-x86-64.so.2" inode=1481429 dev=08:02 mode=0100755 ouid=0 ogid=0 rdev=00:00 nametype=NORMAL cap_fp=0 cap_fi=0 cap_fe=0 cap_fver=0 cap_frootid=0OUID="root" OGID="root"
type=PROCTITLE msg=audit(1773063545.886:1955): proctitle=736564002D6E6500732F5E73657373696F6E5C2E736176655F706174683D5C282E2A3B5C295C3F5C282E2A5C29242F5C322F70
type=SYSCALL msg=audit(1773063545.893:1956): arch=c000003e syscall=59 success=yes exit=0 a0=5ec267e98f50 a1=5ec267e982e0 a2=5ec267e98ee8 a3=71f7e2fa7ca0 items=2 ppid=1468 pid=1470 auid=4294967295 uid=0 gid=0 euid=0 suid=0 fsuid=0 egid=0 sgid=0 fsgid=0 tty=(none) ses=4294967295 comm="sed" exe="/usr/bin/sed" subj=unconfined key="T1078_Valid_Accounts"ARCH=x86_64 SYSCALL=execve AUID="unset" UID="root" GID="root" EUID="root" SUID="root" FSUID="root" EGID="root" SGID="root" FSGID="root"
type=EXECVE msg=audit(1773063545.893:1956): argc=3 a0="sed" a1="-ne" a2="s/^session\.gc_maxlifetime=\(.*\)$/\1/p"
type=PATH msg=audit(1773063545.893:1956): item=0 name="/usr/bin/sed" inode=1442742 dev=08:02 mode=0100755 ouid=0 ogid=0 rdev=00:00 nametype=NORMAL cap_fp=0 cap_fi=0 cap_fe=0 cap_fver=0 cap_frootid=0OUID="root" OGID="root"
type=PATH msg=audit(1773063545.893:1956): item=1 name="/lib64/ld-linux-x86-64.so.2" inode=1481429 dev=08:02 mode=0100755 ouid=0 ogid=0 rdev=00:00 nametype=NORMAL cap_fp=0 cap_fi=0 cap_fe=0 cap_fver=0 cap_frootid=0OUID="root" OGID="root"
type=PROCTITLE msg=audit(1773063545.893:1956): proctitle=736564002D6E6500732F5E73657373696F6E5C2E67635F6D61786C69666574696D653D5C282E2A5C29242F5C312F70
type=SYSCALL msg=audit(1773063545.899:1957): arch=c000003e syscall=59 success=yes exit=0 a0=5ec267e98f50 a1=5ec267e982c8 a2=5ec267e98ee8 a3=71f7e2fa7b00 items=2 ppid=1471 pid=1473 auid=4294967295 uid=0 gid=0 euid=0 suid=0 fsuid=0 egid=0 sgid=0 fsgid=0 tty=(none) ses=4294967295 comm="sed" exe="/usr/bin/sed" subj=unconfined key="T1078_Valid_Accounts"ARCH=x86_64 SYSCALL=execve AUID="unset" UID="root" GID="root" EUID="root" SUID="root" FSUID="root" EGID="root" SGID="root" FSGID="root"
type=EXECVE msg=audit(1773063545.899:1957): argc=3 a0="sed" a1="-e" a2="s,@VERSION@,8.3,"
type=PATH msg=audit(1773063545.899:1957): item=0 name="/usr/bin/sed" inode=1442742 dev=08:02 mode=0100755 ouid=0 ogid=0 rdev=00:00 nametype=NORMAL cap_fp=0 cap_fi=0 cap_fe=0 cap_fver=0 cap_frootid=0OUID="root" OGID="root"
type=PATH msg=audit(1773063545.899:1957): item=1 name="/lib64/ld-linux-x86-64.so.2" inode=1481429 dev=08:02 mode=0100755 ouid=0 ogid=0 rdev=00:00 nametype=NORMAL cap_fp=0 cap_fi=0 cap_fe=0 cap_fver=0 cap_frootid=0OUID="root" OGID="root"
type=PROCTITLE msg=audit(1773063545.899:1957): proctitle=736564002D6500732C4056455253494F4E402C382E332C
type=SYSCALL msg=audit(1773063545.904:1958): arch=c000003e syscall=59 success=yes exit=0 a0=5ec267e98250 a1=5ec267e981c8 a2=5ec267e981e8 a3=71f7e2fa7b00 items=2 ppid=1436 pid=1474 auid=4294967295 uid=0 gid=0 euid=0 suid=0 fsuid=0 egid=0 sgid=0 fsgid=0 tty=(none) ses=4294967295 comm="pidof" exe="/usr/sbin/killall5" subj=unconfined key="T1078_Valid_Accounts"ARCH=x86_64 SYSCALL=execve AUID="unset" UID="root" GID="root" EUID="root" SUID="root" FSUID="root" EGID="root" SGID="root" FSGID="root"
type=EXECVE msg=audit(1773063545.904:1958): argc=3 a0="pidof" a1="apache2" a2="php8.3"
type=PATH msg=audit(1773063545.904:1958): item=0 name="/usr/bin/pidof" inode=1459945 dev=08:02 mode=0100755 ouid=0 ogid=0 rdev=00:00 nametype=NORMAL cap_fp=0 cap_fi=0 cap_fe=0 cap_fver=0 cap_frootid=0OUID="root" OGID="root"
type=PATH msg=audit(1773063545.904:1958): item=1 name="/lib64/ld-linux-x86-64.so.2" inode=1481429 dev=08:02 mode=0100755 ouid=0 ogid=0 rdev=00:00 nametype=NORMAL cap_fp=0 cap_fi=0 cap_fe=0 cap_fver=0 cap_frootid=0OUID="root" OGID="root"
type=PROCTITLE msg=audit(1773063545.904:1958): proctitle=7069646F66006170616368653200706870382E33
type=SYSCALL msg=audit(1773063545.911:1959): arch=c000003e syscall=59 success=yes exit=0 a0=5ec267e98ff8 a1=5ec267e98f18 a2=5ec267e98f90 a3=8 items=2 ppid=1436 pid=1475 auid=4294967295 uid=0 gid=0 euid=0 suid=0 fsuid=0 egid=0 sgid=0 fsgid=0 tty=(none) ses=4294967295 comm="find" exe="/usr/bin/find" subj=unconfined key="T1078_Valid_Accounts"ARCH=x86_64 SYSCALL=execve AUID="unset" UID="root" GID="root" EUID="root" SUID="root" FSUID="root" EGID="root" SGID="root" FSGID="root"
type=EXECVE msg=audit(1773063545.911:1959): argc=10 a0="find" a1="/proc/1433/fd" a2="-ignore_readdir_race" a3="-lname" a4="/var/lib/php/sessions/sess_*" a5="-exec" a6="touch" a7="-c" a8="{}" a9=";"
type=PATH msg=audit(1773063545.911:1959): item=0 name="/usr/bin/find" inode=1442415 dev=08:02 mode=0100755 ouid=0 ogid=0 rdev=00:00 nametype=NORMAL cap_fp=0 cap_fi=0 cap_fe=0 cap_fver=0 cap_frootid=0OUID="root" OGID="root"
type=PATH msg=audit(1773063545.911:1959): item=1 name="/lib64/ld-linux-x86-64.so.2" inode=1481429 dev=08:02 mode=0100755 ouid=0 ogid=0 rdev=00:00 nametype=NORMAL cap_fp=0 cap_fi=0 cap_fe=0 cap_fver=0 cap_frootid=0OUID="root" OGID="root"
type=PROCTITLE msg=audit(1773063545.911:1959): proctitle=66696E64002F70726F632F313433332F6664002D69676E6F72655F726561646469725F72616365002D6C6E616D65002F7661722F6C69622F7068702F73657373696F6E732F736573735F2A002D6578656300746F756368002D63007B7D003B
type=SYSCALL msg=audit(1773063545.916:1960): arch=c000003e syscall=59 success=yes exit=0 a0=5ec267e98ff8 a1=5ec267e98f18 a2=5ec267e98f90 a3=8 items=2 ppid=1436 pid=1476 auid=4294967295 uid=0 gid=0 euid=0 suid=0 fsuid=0 egid=0 sgid=0 fsgid=0 tty=(none) ses=4294967295 comm="find" exe="/usr/bin/find" subj=unconfined key="T1078_Valid_Accounts"ARCH=x86_64 SYSCALL=execve AUID="unset" UID="root" GID="root" EUID="root" SUID="root" FSUID="root" EGID="root" SGID="root" FSGID="root"
type=EXECVE msg=audit(1773063545.916:1960): argc=10 a0="find" a1="/proc/1430/fd" a2="-ignore_readdir_race" a3="-lname" a4="/var/lib/php/sessions/sess_*" a5="-exec" a6="touch" a7="-c" a8="{}" a9=";"
type=PATH msg=audit(1773063545.916:1960): item=0 name="/usr/bin/find" inode=1442415 dev=08:02 mode=0100755 ouid=0 ogid=0 rdev=00:00 nametype=NORMAL cap_fp=0 cap_fi=0 cap_fe=0 cap_fver=0 cap_frootid=0OUID="root" OGID="root"
type=PATH msg=audit(1773063545.916:1960): item=1 name="/lib64/ld-linux-x86-64.so.2" inode=1481429 dev=08:02 mode=0100755 ouid=0 ogid=0 rdev=00:00 nametype=NORMAL cap_fp=0 cap_fi=0 cap_fe=0 cap_fver=0 cap_frootid=0OUID="root" OGID="root"
type=PROCTITLE msg=audit(1773063545.916:1960): proctitle=66696E64002F70726F632F313433302F6664002D69676E6F72655F726561646469725F72616365002D6C6E616D65002F7661722F6C69622F7068702F73657373696F6E732F736573735F2A002D6578656300746F756368002D63007B7D003B
type=SYSCALL msg=audit(1773063545.919:1961): arch=c000003e syscall=59 success=yes exit=0 a0=5ec267e98ff8 a1=5ec267e98f18 a2=5ec267e98f90 a3=8 items=2 ppid=1436 pid=1477 auid=4294967295 uid=0 gid=0 euid=0 suid=0 fsuid=0 egid=0 sgid=0 fsgid=0 tty=(none) ses=4294967295 comm="find" exe="/usr/bin/find" subj=unconfined key="T1078_Valid_Accounts"ARCH=x86_64 SYSCALL=execve AUID="unset" UID="root" GID="root" EUID="root" SUID="root" FSUID="root" EGID="root" SGID="root" FSGID="root"
type=EXECVE msg=audit(1773063545.919:1961): argc=10 a0="find" a1="/proc/1429/fd" a2="-ignore_readdir_race" a3="-lname" a4="/var/lib/php/sessions/sess_*" a5="-exec" a6="touch" a7="-c" a8="{}" a9=";"
type=PATH msg=audit(1773063545.919:1961): item=0 name="/usr/bin/find" inode=1442415 dev=08:02 mode=0100755 ouid=0 ogid=0 rdev=00:00 nametype=NORMAL cap_fp=0 cap_fi=0 cap_fe=0 cap_fver=0 cap_frootid=0OUID="root" OGID="root"
type=PATH msg=audit(1773063545.919:1961): item=1 name="/lib64/ld-linux-x86-64.so.2" inode=1481429 dev=08:02 mode=0100755 ouid=0 ogid=0 rdev=00:00 nametype=NORMAL cap_fp=0 cap_fi=0 cap_fe=0 cap_fver=0 cap_frootid=0OUID="root" OGID="root"
type=PROCTITLE msg=audit(1773063545.919:1961): proctitle=66696E64002F70726F632F313432392F6664002D69676E6F72655F726561646469725F72616365002D6C6E616D65002F7661722F6C69622F7068702F73657373696F6E732F736573735F2A002D6578656300746F756368002D63007B7D003B
type=SYSCALL msg=audit(1773063545.923:1962): arch=c000003e syscall=59 success=yes exit=0 a0=5ec267e98ff8 a1=5ec267e98f18 a2=5ec267e98f90 a3=8 items=2 ppid=1436 pid=1478 auid=4294967295 uid=0 gid=0 euid=0 suid=0 fsuid=0 egid=0 sgid=0 fsgid=0 tty=(none) ses=4294967295 comm="find" exe="/usr/bin/find" subj=unconfined key="T1078_Valid_Accounts"ARCH=x86_64 SYSCALL=execve AUID="unset" UID="root" GID="root" EUID="root" SUID="root" FSUID="root" EGID="root" SGID="root" FSGID="root"
type=EXECVE msg=audit(1773063545.923:1962): argc=10 a0="find" a1="/proc/1428/fd" a2="-ignore_readdir_race" a3="-lname" a4="/var/lib/php/sessions/sess_*" a5="-exec" a6="touch" a7="-c" a8="{}" a9=";"
type=PATH msg=audit(1773063545.923:1962): item=0 name="/usr/bin/find" inode=1442415 dev=08:02 mode=0100755 ouid=0 ogid=0 rdev=00:00 nametype=NORMAL cap_fp=0 cap_fi=0 cap_fe=0 cap_fver=0 cap_frootid=0OUID="root" OGID="root"
type=PATH msg=audit(1773063545.923:1962): item=1 name="/lib64/ld-linux-x86-64.so.2" inode=1481429 dev=08:02 mode=0100755 ouid=0 ogid=0 rdev=00:00 nametype=NORMAL cap_fp=0 cap_fi=0 cap_fe=0 cap_fver=0 cap_frootid=0OUID="root" OGID="root"
type=PROCTITLE msg=audit(1773063545.923:1962): proctitle=66696E64002F70726F632F313432382F6664002D69676E6F72655F726561646469725F72616365002D6C6E616D65002F7661722F6C69622F7068702F73657373696F6E732F736573735F2A002D6578656300746F756368002D63007B7D003B
type=SYSCALL msg=audit(1773063545.927:1963): arch=c000003e syscall=59 success=yes exit=0 a0=5ec267e98ff8 a1=5ec267e98f18 a2=5ec267e98f90 a3=8 items=2 ppid=1436 pid=1479 auid=4294967295 uid=0 gid=0 euid=0 suid=0 fsuid=0 egid=0 sgid=0 fsgid=0 tty=(none) ses=4294967295 comm="find" exe="/usr/bin/find" subj=unconfined key="T1078_Valid_Accounts"ARCH=x86_64 SYSCALL=execve AUID="unset" UID="root" GID="root" EUID="root" SUID="root" FSUID="root" EGID="root" SGID="root" FSGID="root"
type=EXECVE msg=audit(1773063545.927:1963): argc=10 a0="find" a1="/proc/1427/fd" a2="-ignore_readdir_race" a3="-lname" a4="/var/lib/php/sessions/sess_*" a5="-exec" a6="touch" a7="-c" a8="{}" a9=";"
type=PATH msg=audit(1773063545.927:1963): item=0 name="/usr/bin/find" inode=1442415 dev=08:02 mode=0100755 ouid=0 ogid=0 rdev=00:00 nametype=NORMAL cap_fp=0 cap_fi=0 cap_fe=0 cap_fver=0 cap_frootid=0OUID="root" OGID="root"
type=PATH msg=audit(1773063545.927:1963): item=1 name="/lib64/ld-linux-x86-64.so.2" inode=1481429 dev=08:02 mode=0100755 ouid=0 ogid=0 rdev=00:00 nametype=NORMAL cap_fp=0 cap_fi=0 cap_fe=0 cap_fver=0 cap_frootid=0OUID="root" OGID="root"
type=PROCTITLE msg=audit(1773063545.927:1963): proctitle=66696E64002F70726F632F313432372F6664002D69676E6F72655F726561646469725F72616365002D6C6E616D65002F7661722F6C69622F7068702F73657373696F6E732F736573735F2A002D6578656300746F756368002D63007B7D003B
type=SYSCALL msg=audit(1773063545.933:1964): arch=c000003e syscall=59 success=yes exit=0 a0=5ec267e98ff8 a1=5ec267e98f18 a2=5ec267e98f90 a3=8 items=2 ppid=1436 pid=1480 auid=4294967295 uid=0 gid=0 euid=0 suid=0 fsuid=0 egid=0 sgid=0 fsgid=0 tty=(none) ses=4294967295 comm="find" exe="/usr/bin/find" subj=unconfined key="T1078_Valid_Accounts"ARCH=x86_64 SYSCALL=execve AUID="unset" UID="root" GID="root" EUID="root" SUID="root" FSUID="root" EGID="root" SGID="root" FSGID="root"
type=EXECVE msg=audit(1773063545.933:1964): argc=10 a0="find" a1="/proc/1426/fd" a2="-ignore_readdir_race" a3="-lname" a4="/var/lib/php/sessions/sess_*" a5="-exec" a6="touch" a7="-c" a8="{}" a9=";"
type=PATH msg=audit(1773063545.933:1964): item=0 name="/usr/bin/find" inode=1442415 dev=08:02 mode=0100755 ouid=0 ogid=0 rdev=00:00 nametype=NORMAL cap_fp=0 cap_fi=0 cap_fe=0 cap_fver=0 cap_frootid=0OUID="root" OGID="root"
type=PATH msg=audit(1773063545.933:1964): item=1 name="/lib64/ld-linux-x86-64.so.2" inode=1481429 dev=08:02 mode=0100755 ouid=0 ogid=0 rdev=00:00 nametype=NORMAL cap_fp=0 cap_fi=0 cap_fe=0 cap_fver=0 cap_frootid=0OUID="root" OGID="root"
type=PROCTITLE msg=audit(1773063545.933:1964): proctitle=66696E64002F70726F632F313432362F6664002D69676E6F72655F726561646469725F72616365002D6C6E616D65002F7661722F6C69622F7068702F73657373696F6E732F736573735F2A002D6578656300746F756368002D63007B7D003B
type=SYSCALL msg=audit(1773063545.937:1965): arch=c000003e syscall=59 success=yes exit=0 a0=5ec267e98ff8 a1=5ec267e98f18 a2=5ec267e98f90 a3=8 items=2 ppid=1436 pid=1481 auid=4294967295 uid=0 gid=0 euid=0 suid=0 fsuid=0 egid=0 sgid=0 fsgid=0 tty=(none) ses=4294967295 comm="find" exe="/usr/bin/find" subj=unconfined key="T1078_Valid_Accounts"ARCH=x86_64 SYSCALL=execve AUID="unset" UID="root" GID="root" EUID="root" SUID="root" FSUID="root" EGID="root" SGID="root" FSGID="root"
type=EXECVE msg=audit(1773063545.937:1965): argc=10 a0="find" a1="/proc/1424/fd" a2="-ignore_readdir_race" a3="-lname" a4="/var/lib/php/sessions/sess_*" a5="-exec" a6="touch" a7="-c" a8="{}" a9=";"
type=PATH msg=audit(1773063545.937:1965): item=0 name="/usr/bin/find" inode=1442415 dev=08:02 mode=0100755 ouid=0 ogid=0 rdev=00:00 nametype=NORMAL cap_fp=0 cap_fi=0 cap_fe=0 cap_fver=0 cap_frootid=0OUID="root" OGID="root"
type=PATH msg=audit(1773063545.937:1965): item=1 name="/lib64/ld-linux-x86-64.so.2" inode=1481429 dev=08:02 mode=0100755 ouid=0 ogid=0 rdev=00:00 nametype=NORMAL cap_fp=0 cap_fi=0 cap_fe=0 cap_fver=0 cap_frootid=0OUID="root" OGID="root"
type=PROCTITLE msg=audit(1773063545.937:1965): proctitle=66696E64002F70726F632F313432342F6664002D69676E6F72655F726561646469725F72616365002D6C6E616D65002F7661722F6C69622F7068702F73657373696F6E732F736573735F2A002D6578656300746F756368002D63007B7D003B
type=SYSCALL msg=audit(1773063545.940:1966): arch=c000003e syscall=59 success=yes exit=0 a0=5ec267e986a0 a1=5ec267e985c0 a2=5ec267e98638 a3=8 items=2 ppid=1439 pid=1482 auid=4294967295 uid=0 gid=0 euid=0 suid=0 fsuid=0 egid=0 sgid=0 fsgid=0 tty=(none) ses=4294967295 comm="find" exe="/usr/bin/find" subj=unconfined key="T1078_Valid_Accounts"ARCH=x86_64 SYSCALL=execve AUID="unset" UID="root" GID="root" EUID="root" SUID="root" FSUID="root" EGID="root" SGID="root" FSGID="root"
type=EXECVE msg=audit(1773063545.940:1966): argc=14 a0="find" a1="-O3" a2="/var/lib/php/sessions/" a3="-ignore_readdir_race" a4="-depth" a5="-mindepth" a6="1" a7="-name" a8="sess_*" a9="-type" a10="f" a11="-cmin" a12="+24" a13="-delete"
type=PATH msg=audit(1773063545.940:1966): item=0 name="/usr/bin/find" inode=1442415 dev=08:02 mode=0100755 ouid=0 ogid=0 rdev=00:00 nametype=NORMAL cap_fp=0 cap_fi=0 cap_fe=0 cap_fver=0 cap_frootid=0OUID="root" OGID="root"
type=PATH msg=audit(1773063545.940:1966): item=1 name="/lib64/ld-linux-x86-64.so.2" inode=1481429 dev=08:02 mode=0100755 ouid=0 ogid=0 rdev=00:00 nametype=NORMAL cap_fp=0 cap_fi=0 cap_fe=0 cap_fver=0 cap_frootid=0OUID="root" OGID="root"
type=PROCTITLE msg=audit(1773063545.940:1966): proctitle=66696E64002D4F33002F7661722F6C69622F7068702F73657373696F6E732F002D69676E6F72655F726561646469725F72616365002D6465707468002D6D696E64657074680031002D6E616D6500736573735F2A002D747970650066002D636D696E002B3234002D64656C657465
type=SERVICE_START msg=audit(1773063545.945:1967): pid=1 uid=0 auid=4294967295 ses=4294967295 subj=unconfined msg='unit=phpsessionclean comm="systemd" exe="/usr/lib/systemd/systemd" hostname=? addr=? terminal=? res=success'UID="root" AUID="unset"
type=SERVICE_STOP msg=audit(1773063545.947:1968): pid=1 uid=0 auid=4294967295 ses=4294967295 subj=unconfined msg='unit=phpsessionclean comm="systemd" exe="/usr/lib/systemd/systemd" hostname=? addr=? terminal=? res=success'UID="root" AUID="unset"
type=SYSCALL msg=audit(1773063546.702:1969): arch=c000003e syscall=106 success=yes exit=0 a0=21 a1=74a4ca8eb4a0 a2=0 a3=22 items=0 ppid=1424 pid=1486 auid=4294967295 uid=0 gid=33 euid=0 suid=0 fsuid=0 egid=33 sgid=33 fsgid=33 tty=(none) ses=4294967295 comm="apache2" exe="/usr/sbin/apache2" subj=unconfined key="T1166_Seuid_and_Setgid"ARCH=x86_64 SYSCALL=setgid AUID="unset" UID="root" GID="www-data" EUID="root" SUID="root" FSUID="root" EGID="www-data" SGID="www-data" FSGID="www-data"
type=PROCTITLE msg=audit(1773063546.702:1969): proctitle=2F7573722F7362696E2F61706163686532002D6B007374617274
type=SYSCALL msg=audit(1773063546.703:1970): arch=c000003e syscall=106 success=yes exit=0 a0=21 a1=74a4ca8eb4a0 a2=0 a3=22 items=0 ppid=1424 pid=1487 auid=4294967295 uid=0 gid=33 euid=0 suid=0 fsuid=0 egid=33 sgid=33 fsgid=33 tty=(none) ses=4294967295 comm="apache2" exe="/usr/sbin/apache2" subj=unconfined key="T1166_Seuid_and_Setgid"ARCH=x86_64 SYSCALL=setgid AUID="unset" UID="root" GID="www-data" EUID="root" SUID="root" FSUID="root" EGID="www-data" SGID="www-data" FSGID="www-data"
type=PROCTITLE msg=audit(1773063546.703:1970): proctitle=2F7573722F7362696E2F61706163686532002D6B007374617274
type=SYSCALL msg=audit(1773063546.703:1971): arch=c000003e syscall=42 success=yes exit=0 a0=e a1=7fff0456fde0 a2=2d a3=57e5f8a4e210 items=1 ppid=1424 pid=1486 auid=4294967295 uid=0 gid=33 euid=0 suid=0 fsuid=0 egid=33 sgid=33 fsgid=33 tty=(none) ses=4294967295 comm="apache2" exe="/usr/sbin/apache2" subj=unconfined key="T1043_Commonly_Used_Port"ARCH=x86_64 SYSCALL=connect AUID="unset" UID="root" GID="www-data" EUID="root" SUID="root" FSUID="root" EGID="www-data" SGID="www-data" FSGID="www-data"
type=SOCKADDR msg=audit(1773063546.703:1971): saddr=01002F72756E2F73797374656D642F7573657264622F696F2E73797374656D642E44796E616D69635573657200SADDR={ saddr_fam=local path=/run/systemd/userdb/io.systemd.DynamicUser }
type=PATH msg=audit(1773063546.703:1971): item=0 name="/run/systemd/userdb/io.systemd.DynamicUser" inode=451 dev=00:18 mode=0140666 ouid=0 ogid=0 rdev=00:00 nametype=NORMAL cap_fp=0 cap_fi=0 cap_fe=0 cap_fver=0 cap_frootid=0OUID="root" OGID="root"
type=PROCTITLE msg=audit(1773063546.703:1971): proctitle=2F7573722F7362696E2F61706163686532002D6B007374617274
type=SYSCALL msg=audit(1773063546.705:1972): arch=c000003e syscall=105 success=yes exit=0 a0=21 a1=57e5f8a0d910 a2=57e0862582dd a3=57e5f8a0d920 items=0 ppid=1424 pid=1486 auid=4294967295 uid=33 gid=33 euid=33 suid=33 fsuid=33 egid=33 sgid=33 fsgid=33 tty=(none) ses=4294967295 comm="apache2" exe="/usr/sbin/apache2" subj=unconfined key="T1166_Seuid_and_Setgid"ARCH=x86_64 SYSCALL=setuid AUID="unset" UID="www-data" GID="www-data" EUID="www-data" SUID="www-data" FSUID="www-data" EGID="www-data" SGID="www-data" FSGID="www-data"
type=PROCTITLE msg=audit(1773063546.705:1972): proctitle=2F7573722F7362696E2F61706163686532002D6B007374617274
type=SYSCALL msg=audit(1773063546.707:1973): arch=c000003e syscall=42 success=yes exit=0 a0=e a1=7fff0456fde0 a2=2d a3=57e5f8a4e210 items=1 ppid=1424 pid=1487 auid=4294967295 uid=0 gid=33 euid=0 suid=0 fsuid=0 egid=33 sgid=33 fsgid=33 tty=(none) ses=4294967295 comm="apache2" exe="/usr/sbin/apache2" subj=unconfined key="T1043_Commonly_Used_Port"ARCH=x86_64 SYSCALL=connect AUID="unset" UID="root" GID="www-data" EUID="root" SUID="root" FSUID="root" EGID="www-data" SGID="www-data" FSGID="www-data"
type=SOCKADDR msg=audit(1773063546.707:1973): saddr=01002F72756E2F73797374656D642F7573657264622F696F2E73797374656D642E44796E616D69635573657200SADDR={ saddr_fam=local path=/run/systemd/userdb/io.systemd.DynamicUser }
type=PATH msg=audit(1773063546.707:1973): item=0 name="/run/systemd/userdb/io.systemd.DynamicUser" inode=451 dev=00:18 mode=0140666 ouid=0 ogid=0 rdev=00:00 nametype=NORMAL cap_fp=0 cap_fi=0 cap_fe=0 cap_fver=0 cap_frootid=0OUID="root" OGID="root"
type=PROCTITLE msg=audit(1773063546.707:1973): proctitle=2F7573722F7362696E2F61706163686532002D6B007374617274
type=SYSCALL msg=audit(1773063546.708:1974): arch=c000003e syscall=105 success=yes exit=0 a0=21 a1=57e5f8a0d910 a2=57e0862582dd a3=57e5f8a0d920 items=0 ppid=1424 pid=1487 auid=4294967295 uid=33 gid=33 euid=33 suid=33 fsuid=33 egid=33 sgid=33 fsgid=33 tty=(none) ses=4294967295 comm="apache2" exe="/usr/sbin/apache2" subj=unconfined key="T1166_Seuid_and_Setgid"ARCH=x86_64 SYSCALL=setuid AUID="unset" UID="www-data" GID="www-data" EUID="www-data" SUID="www-data" FSUID="www-data" EGID="www-data" SGID="www-data" FSGID="www-data"
type=PROCTITLE msg=audit(1773063546.708:1974): proctitle=2F7573722F7362696E2F61706163686532002D6B007374617274
type=SYSCALL msg=audit(1773063558.956:1975): arch=c000003e syscall=59 success=yes exit=0 a0=62507e430050 a1=62507e42ff10 a2=62507e2e9cc0 a3=62507e42eb60 items=2 ppid=1380 pid=1488 auid=1000 uid=0 gid=0 euid=0 suid=0 fsuid=0 egid=0 sgid=0 fsgid=0 tty=pts1 ses=3 comm="ls" exe="/usr/bin/ls" subj=unconfined key="T1078_Valid_Accounts"ARCH=x86_64 SYSCALL=execve AUID="vboxuser" UID="root" GID="root" EUID="root" SUID="root" FSUID="root" EGID="root" SGID="root" FSGID="root"
type=EXECVE msg=audit(1773063558.956:1975): argc=4 a0="ls" a1="--color=auto" a2="-l" a3="/var/www/wordpress/index.php"
type=PATH msg=audit(1773063558.956:1975): item=0 name="/usr/bin/ls" inode=1442533 dev=08:02 mode=0100755 ouid=0 ogid=0 rdev=00:00 nametype=NORMAL cap_fp=0 cap_fi=0 cap_fe=0 cap_fver=0 cap_frootid=0OUID="root" OGID="root"
type=PATH msg=audit(1773063558.956:1975): item=1 name="/lib64/ld-linux-x86-64.so.2" inode=1481429 dev=08:02 mode=0100755 ouid=0 ogid=0 rdev=00:00 nametype=NORMAL cap_fp=0 cap_fi=0 cap_fe=0 cap_fver=0 cap_frootid=0OUID="root" OGID="root"
type=PROCTITLE msg=audit(1773063558.956:1975): proctitle=6C73002D2D636F6C6F723D6175746F002D6C002F7661722F7777772F776F726470726573732F696E6465782E706870
type=SYSCALL msg=audit(1773063570.023:1976): arch=c000003e syscall=59 success=yes exit=0 a0=62507e42fed0 a1=62507e4300e0 a2=62507e2e9cc0 a3=1 items=2 ppid=1380 pid=1489 auid=1000 uid=0 gid=0 euid=0 suid=0 fsuid=0 egid=0 sgid=0 fsgid=0 tty=pts1 ses=3 comm="ls" exe="/usr/bin/ls" subj=unconfined key="T1078_Valid_Accounts"ARCH=x86_64 SYSCALL=execve AUID="vboxuser" UID="root" GID="root" EUID="root" SUID="root" FSUID="root" EGID="root" SGID="root" FSGID="root"
type=EXECVE msg=audit(1773063570.023:1976): argc=4 a0="ls" a1="--color=auto" a2="-l" a3="/var/www/wordpress/.htaccess"
type=PATH msg=audit(1773063570.023:1976): item=0 name="/usr/bin/ls" inode=1442533 dev=08:02 mode=0100755 ouid=0 ogid=0 rdev=00:00 nametype=NORMAL cap_fp=0 cap_fi=0 cap_fe=0 cap_fver=0 cap_frootid=0OUID="root" OGID="root"
type=PATH msg=audit(1773063570.023:1976): item=1 name="/lib64/ld-linux-x86-64.so.2" inode=1481429 dev=08:02 mode=0100755 ouid=0 ogid=0 rdev=00:00 nametype=NORMAL cap_fp=0 cap_fi=0 cap_fe=0 cap_fver=0 cap_frootid=0OUID="root" OGID="root"
type=PROCTITLE msg=audit(1773063570.023:1976): proctitle=6C73002D2D636F6C6F723D6175746F002D6C002F7661722F7777772F776F726470726573732F2E6874616363657373
type=SYSCALL msg=audit(1773063579.277:1977): arch=c000003e syscall=59 success=yes exit=0 a0=62507e430050 a1=62507e4300c0 a2=62507e2e9cc0 a3=62507e4300c0 items=2 ppid=1380 pid=1490 auid=1000 uid=0 gid=0 euid=0 suid=0 fsuid=0 egid=0 sgid=0 fsgid=0 tty=pts1 ses=3 comm="cat" exe="/usr/bin/cat" subj=unconfined key="T1078_Valid_Accounts"ARCH=x86_64 SYSCALL=execve AUID="vboxuser" UID="root" GID="root" EUID="root" SUID="root" FSUID="root" EGID="root" SGID="root" FSGID="root"
type=EXECVE msg=audit(1773063579.277:1977): argc=2 a0="cat" a1="/var/www/wordpress/.htaccess"
type=PATH msg=audit(1773063579.277:1977): item=0 name="/usr/bin/cat" inode=1442301 dev=08:02 mode=0100755 ouid=0 ogid=0 rdev=00:00 nametype=NORMAL cap_fp=0 cap_fi=0 cap_fe=0 cap_fver=0 cap_frootid=0OUID="root" OGID="root"
type=PATH msg=audit(1773063579.277:1977): item=1 name="/lib64/ld-linux-x86-64.so.2" inode=1481429 dev=08:02 mode=0100755 ouid=0 ogid=0 rdev=00:00 nametype=NORMAL cap_fp=0 cap_fi=0 cap_fe=0 cap_fver=0 cap_frootid=0OUID="root" OGID="root"
type=PROCTITLE msg=audit(1773063579.277:1977): proctitle=636174002F7661722F7777772F776F726470726573732F2E6874616363657373
type=SYSCALL msg=audit(1773063585.694:1978): arch=c000003e syscall=42 success=yes exit=0 a0=10 a1=7fff0456d250 a2=1d a3=1 items=1 ppid=1424 pid=1428 auid=4294967295 uid=33 gid=33 euid=33 suid=33 fsuid=33 egid=33 sgid=33 fsgid=33 tty=(none) ses=4294967295 comm="apache2" exe="/usr/sbin/apache2" subj=unconfined key="T1043_Commonly_Used_Port"ARCH=x86_64 SYSCALL=connect AUID="unset" UID="www-data" GID="www-data" EUID="www-data" SUID="www-data" FSUID="www-data" EGID="www-data" SGID="www-data" FSGID="www-data"
type=SOCKADDR msg=audit(1773063585.694:1978): saddr=01002F7661722F72756E2F6D7973716C642F6D7973716C642E736F636BSADDR={ saddr_fam=local path=/var/run/mysqld/mysqld.sock }
type=PATH msg=audit(1773063585.694:1978): item=0 name="/var/run/mysqld/mysqld.sock" inode=1371 dev=00:18 mode=0140777 ouid=111 ogid=111 rdev=00:00 nametype=NORMAL cap_fp=0 cap_fi=0 cap_fe=0 cap_fver=0 cap_frootid=0OUID="mysql" OGID="mysql"
type=PROCTITLE msg=audit(1773063585.694:1978): proctitle=2F7573722F7362696E2F61706163686532002D6B007374617274
type=SYSCALL msg=audit(1773063586.127:1979): arch=c000003e syscall=106 success=yes exit=0 a0=21 a1=74a4ca8eb4a0 a2=0 a3=22 items=0 ppid=1424 pid=1491 auid=4294967295 uid=0 gid=33 euid=0 suid=0 fsuid=0 egid=33 sgid=33 fsgid=33 tty=(none) ses=4294967295 comm="apache2" exe="/usr/sbin/apache2" subj=unconfined key="T1166_Seuid_and_Setgid"ARCH=x86_64 SYSCALL=setgid AUID="unset" UID="root" GID="www-data" EUID="root" SUID="root" FSUID="root" EGID="www-data" SGID="www-data" FSGID="www-data"
type=PROCTITLE msg=audit(1773063586.127:1979): proctitle=2F7573722F7362696E2F61706163686532002D6B007374617274
type=SYSCALL msg=audit(1773063586.130:1980): arch=c000003e syscall=42 success=yes exit=0 a0=e a1=7fff0456fde0 a2=2d a3=57e5f8a4e210 items=1 ppid=1424 pid=1491 auid=4294967295 uid=0 gid=33 euid=0 suid=0 fsuid=0 egid=33 sgid=33 fsgid=33 tty=(none) ses=4294967295 comm="apache2" exe="/usr/sbin/apache2" subj=unconfined key="T1043_Commonly_Used_Port"ARCH=x86_64 SYSCALL=connect AUID="unset" UID="root" GID="www-data" EUID="root" SUID="root" FSUID="root" EGID="www-data" SGID="www-data" FSGID="www-data"
type=SOCKADDR msg=audit(1773063586.130:1980): saddr=01002F72756E2F73797374656D642F7573657264622F696F2E73797374656D642E44796E616D69635573657200SADDR={ saddr_fam=local path=/run/systemd/userdb/io.systemd.DynamicUser }
type=PATH msg=audit(1773063586.130:1980): item=0 name="/run/systemd/userdb/io.systemd.DynamicUser" inode=451 dev=00:18 mode=0140666 ouid=0 ogid=0 rdev=00:00 nametype=NORMAL cap_fp=0 cap_fi=0 cap_fe=0 cap_fver=0 cap_frootid=0OUID="root" OGID="root"
type=PROCTITLE msg=audit(1773063586.130:1980): proctitle=2F7573722F7362696E2F61706163686532002D6B007374617274
type=SYSCALL msg=audit(1773063586.132:1981): arch=c000003e syscall=105 success=yes exit=0 a0=21 a1=57e5f8a0d910 a2=57e0862582dd a3=57e5f8a0d920 items=0 ppid=1424 pid=1491 auid=4294967295 uid=33 gid=33 euid=33 suid=33 fsuid=33 egid=33 sgid=33 fsgid=33 tty=(none) ses=4294967295 comm="apache2" exe="/usr/sbin/apache2" subj=unconfined key="T1166_Seuid_and_Setgid"ARCH=x86_64 SYSCALL=setuid AUID="unset" UID="www-data" GID="www-data" EUID="www-data" SUID="www-data" FSUID="www-data" EGID="www-data" SGID="www-data" FSGID="www-data"
type=PROCTITLE msg=audit(1773063586.132:1981): proctitle=2F7573722F7362696E2F61706163686532002D6B007374617274
type=SYSCALL msg=audit(1773063587.198:1982): arch=c000003e syscall=106 success=yes exit=0 a0=21 a1=74a4ca8eb4a0 a2=0 a3=22 items=0 ppid=1424 pid=1492 auid=4294967295 uid=0 gid=33 euid=0 suid=0 fsuid=0 egid=33 sgid=33 fsgid=33 tty=(none) ses=4294967295 comm="apache2" exe="/usr/sbin/apache2" subj=unconfined key="T1166_Seuid_and_Setgid"ARCH=x86_64 SYSCALL=setgid AUID="unset" UID="root" GID="www-data" EUID="root" SUID="root" FSUID="root" EGID="www-data" SGID="www-data" FSGID="www-data"
type=PROCTITLE msg=audit(1773063587.198:1982): proctitle=2F7573722F7362696E2F61706163686532002D6B007374617274
type=SYSCALL msg=audit(1773063587.200:1983): arch=c000003e syscall=106 success=yes exit=0 a0=21 a1=74a4ca8eb4a0 a2=0 a3=22 items=0 ppid=1424 pid=1493 auid=4294967295 uid=0 gid=33 euid=0 suid=0 fsuid=0 egid=33 sgid=33 fsgid=33 tty=(none) ses=4294967295 comm="apache2" exe="/usr/sbin/apache2" subj=unconfined key="T1166_Seuid_and_Setgid"ARCH=x86_64 SYSCALL=setgid AUID="unset" UID="root" GID="www-data" EUID="root" SUID="root" FSUID="root" EGID="www-data" SGID="www-data" FSGID="www-data"
type=PROCTITLE msg=audit(1773063587.200:1983): proctitle=2F7573722F7362696E2F61706163686532002D6B007374617274
type=SYSCALL msg=audit(1773063587.200:1984): arch=c000003e syscall=42 success=yes exit=0 a0=e a1=7fff0456fde0 a2=2d a3=57e5f8a4e210 items=1 ppid=1424 pid=1492 auid=4294967295 uid=0 gid=33 euid=0 suid=0 fsuid=0 egid=33 sgid=33 fsgid=33 tty=(none) ses=4294967295 comm="apache2" exe="/usr/sbin/apache2" subj=unconfined key="T1043_Commonly_Used_Port"ARCH=x86_64 SYSCALL=connect AUID="unset" UID="root" GID="www-data" EUID="root" SUID="root" FSUID="root" EGID="www-data" SGID="www-data" FSGID="www-data"
type=SOCKADDR msg=audit(1773063587.200:1984): saddr=01002F72756E2F73797374656D642F7573657264622F696F2E73797374656D642E44796E616D69635573657200SADDR={ saddr_fam=local path=/run/systemd/userdb/io.systemd.DynamicUser }
type=PATH msg=audit(1773063587.200:1984): item=0 name="/run/systemd/userdb/io.systemd.DynamicUser" inode=451 dev=00:18 mode=0140666 ouid=0 ogid=0 rdev=00:00 nametype=NORMAL cap_fp=0 cap_fi=0 cap_fe=0 cap_fver=0 cap_frootid=0OUID="root" OGID="root"
type=PROCTITLE msg=audit(1773063587.200:1984): proctitle=2F7573722F7362696E2F61706163686532002D6B007374617274
type=SYSCALL msg=audit(1773063587.205:1985): arch=c000003e syscall=105 success=yes exit=0 a0=21 a1=57e5f8a0d910 a2=57e0862582dd a3=57e5f8a0d920 items=0 ppid=1424 pid=1492 auid=4294967295 uid=33 gid=33 euid=33 suid=33 fsuid=33 egid=33 sgid=33 fsgid=33 tty=(none) ses=4294967295 comm="apache2" exe="/usr/sbin/apache2" subj=unconfined key="T1166_Seuid_and_Setgid"ARCH=x86_64 SYSCALL=setuid AUID="unset" UID="www-data" GID="www-data" EUID="www-data" SUID="www-data" FSUID="www-data" EGID="www-data" SGID="www-data" FSGID="www-data"
type=PROCTITLE msg=audit(1773063587.205:1985): proctitle=2F7573722F7362696E2F61706163686532002D6B007374617274
type=SYSCALL msg=audit(1773063587.207:1986): arch=c000003e syscall=42 success=yes exit=0 a0=e a1=7fff0456fde0 a2=2d a3=57e5f8a4e210 items=1 ppid=1424 pid=1493 auid=4294967295 uid=0 gid=33 euid=0 suid=0 fsuid=0 egid=33 sgid=33 fsgid=33 tty=(none) ses=4294967295 comm="apache2" exe="/usr/sbin/apache2" subj=unconfined key="T1043_Commonly_Used_Port"ARCH=x86_64 SYSCALL=connect AUID="unset" UID="root" GID="www-data" EUID="root" SUID="root" FSUID="root" EGID="www-data" SGID="www-data" FSGID="www-data"
type=SOCKADDR msg=audit(1773063587.207:1986): saddr=01002F72756E2F73797374656D642F7573657264622F696F2E73797374656D642E44796E616D69635573657200SADDR={ saddr_fam=local path=/run/systemd/userdb/io.systemd.DynamicUser }
type=PATH msg=audit(1773063587.207:1986): item=0 name="/run/systemd/userdb/io.systemd.DynamicUser" inode=451 dev=00:18 mode=0140666 ouid=0 ogid=0 rdev=00:00 nametype=NORMAL cap_fp=0 cap_fi=0 cap_fe=0 cap_fver=0 cap_frootid=0OUID="root" OGID="root"
type=PROCTITLE msg=audit(1773063587.207:1986): proctitle=2F7573722F7362696E2F61706163686532002D6B007374617274
type=SYSCALL msg=audit(1773063587.211:1987): arch=c000003e syscall=105 success=yes exit=0 a0=21 a1=57e5f8a0d910 a2=57e0862582dd a3=57e5f8a0d920 items=0 ppid=1424 pid=1493 auid=4294967295 uid=33 gid=33 euid=33 suid=33 fsuid=33 egid=33 sgid=33 fsgid=33 tty=(none) ses=4294967295 comm="apache2" exe="/usr/sbin/apache2" subj=unconfined key="T1166_Seuid_and_Setgid"ARCH=x86_64 SYSCALL=setuid AUID="unset" UID="www-data" GID="www-data" EUID="www-data" SUID="www-data" FSUID="www-data" EGID="www-data" SGID="www-data" FSGID="www-data"
type=PROCTITLE msg=audit(1773063587.211:1987): proctitle=2F7573722F7362696E2F61706163686532002D6B007374617274
type=SYSCALL msg=audit(1773063588.137:1988): arch=c000003e syscall=42 success=yes exit=0 a0=f a1=7fff0456d270 a2=1d a3=1 items=1 ppid=1424 pid=1433 auid=4294967295 uid=33 gid=33 euid=33 suid=33 fsuid=33 egid=33 sgid=33 fsgid=33 tty=(none) ses=4294967295 comm="apache2" exe="/usr/sbin/apache2" subj=unconfined key="T1043_Commonly_Used_Port"ARCH=x86_64 SYSCALL=connect AUID="unset" UID="www-data" GID="www-data" EUID="www-data" SUID="www-data" FSUID="www-data" EGID="www-data" SGID="www-data" FSGID="www-data"
type=SOCKADDR msg=audit(1773063588.137:1988): saddr=01002F7661722F72756E2F6D7973716C642F6D7973716C642E736F636BSADDR={ saddr_fam=local path=/var/run/mysqld/mysqld.sock }
type=PATH msg=audit(1773063588.137:1988): item=0 name="/var/run/mysqld/mysqld.sock" inode=1371 dev=00:18 mode=0140777 ouid=111 ogid=111 rdev=00:00 nametype=NORMAL cap_fp=0 cap_fi=0 cap_fe=0 cap_fver=0 cap_frootid=0OUID="mysql" OGID="mysql"
type=PROCTITLE msg=audit(1773063588.137:1988): proctitle=2F7573722F7362696E2F61706163686532002D6B007374617274
type=SYSCALL msg=audit(1773063588.218:1989): arch=c000003e syscall=42 success=yes exit=0 a0=10 a1=7fff0456d270 a2=1d a3=1 items=1 ppid=1424 pid=1433 auid=4294967295 uid=33 gid=33 euid=33 suid=33 fsuid=33 egid=33 sgid=33 fsgid=33 tty=(none) ses=4294967295 comm="apache2" exe="/usr/sbin/apache2" subj=unconfined key="T1043_Commonly_Used_Port"ARCH=x86_64 SYSCALL=connect AUID="unset" UID="www-data" GID="www-data" EUID="www-data" SUID="www-data" FSUID="www-data" EGID="www-data" SGID="www-data" FSGID="www-data"
type=SOCKADDR msg=audit(1773063588.218:1989): saddr=01002F7661722F72756E2F6D7973716C642F6D7973716C642E736F636BSADDR={ saddr_fam=local path=/var/run/mysqld/mysqld.sock }
type=PATH msg=audit(1773063588.218:1989): item=0 name="/var/run/mysqld/mysqld.sock" inode=1371 dev=00:18 mode=0140777 ouid=111 ogid=111 rdev=00:00 nametype=NORMAL cap_fp=0 cap_fi=0 cap_fe=0 cap_fver=0 cap_frootid=0OUID="mysql" OGID="mysql"
type=PROCTITLE msg=audit(1773063588.218:1989): proctitle=2F7573722F7362696E2F61706163686532002D6B007374617274
type=SYSCALL msg=audit(1773063588.765:1990): arch=c000003e syscall=42 success=yes exit=0 a0=15 a1=74a4b83a3d8c a2=10 a3=74a4b83a0504 items=0 ppid=1424 pid=1433 auid=4294967295 uid=33 gid=33 euid=33 suid=33 fsuid=33 egid=33 sgid=33 fsgid=33 tty=(none) ses=4294967295 comm="apache2" exe="/usr/sbin/apache2" subj=unconfined key="T1043_Commonly_Used_Port"ARCH=x86_64 SYSCALL=connect AUID="unset" UID="www-data" GID="www-data" EUID="www-data" SUID="www-data" FSUID="www-data" EGID="www-data" SGID="www-data" FSGID="www-data"
type=SOCKADDR msg=audit(1773063588.765:1990): saddr=020000357F0000350000000000000000SADDR={ saddr_fam=inet laddr=127.0.0.53 lport=53 }
type=PROCTITLE msg=audit(1773063588.765:1990): proctitle=2F7573722F7362696E2F61706163686532002D6B007374617274
type=SYSCALL msg=audit(1773063588.785:1991): arch=c000003e syscall=42 success=yes exit=0 a0=15 a1=74a4b0000de0 a2=1c a3=0 items=0 ppid=1424 pid=1433 auid=4294967295 uid=33 gid=33 euid=33 suid=33 fsuid=33 egid=33 sgid=33 fsgid=33 tty=(none) ses=4294967295 comm="apache2" exe="/usr/sbin/apache2" subj=unconfined key="T1043_Commonly_Used_Port"ARCH=x86_64 SYSCALL=connect AUID="unset" UID="www-data" GID="www-data" EUID="www-data" SUID="www-data" FSUID="www-data" EGID="www-data" SGID="www-data" FSGID="www-data"
type=SOCKADDR msg=audit(1773063588.785:1991): saddr=0A0001BB000000002607F9780005800200000000C68FA4FB00000000SADDR={ saddr_fam=inet6 laddr=2607:f978:5:8002::c68f:a4fb lport=443 }
type=PROCTITLE msg=audit(1773063588.785:1991): proctitle=2F7573722F7362696E2F61706163686532002D6B007374617274
type=SYSCALL msg=audit(1773063588.785:1992): arch=c000003e syscall=42 success=yes exit=0 a0=15 a1=74a4b83a23f0 a2=10 a3=0 items=0 ppid=1424 pid=1433 auid=4294967295 uid=33 gid=33 euid=33 suid=33 fsuid=33 egid=33 sgid=33 fsgid=33 tty=(none) ses=4294967295 comm="apache2" exe="/usr/sbin/apache2" subj=unconfined key="T1043_Commonly_Used_Port"ARCH=x86_64 SYSCALL=connect AUID="unset" UID="www-data" GID="www-data" EUID="www-data" SUID="www-data" FSUID="www-data" EGID="www-data" SGID="www-data" FSGID="www-data"
type=SOCKADDR msg=audit(1773063588.785:1992): saddr=00000000000000000000000000000000SADDR=unknown-family(0)
type=PROCTITLE msg=audit(1773063588.785:1992): proctitle=2F7573722F7362696E2F61706163686532002D6B007374617274
type=SYSCALL msg=audit(1773063588.785:1993): arch=c000003e syscall=42 success=yes exit=0 a0=15 a1=74a4b0000e40 a2=10 a3=0 items=0 ppid=1424 pid=1433 auid=4294967295 uid=33 gid=33 euid=33 suid=33 fsuid=33 egid=33 sgid=33 fsgid=33 tty=(none) ses=4294967295 comm="apache2" exe="/usr/sbin/apache2" subj=unconfined key="T1043_Commonly_Used_Port"ARCH=x86_64 SYSCALL=connect AUID="unset" UID="www-data" GID="www-data" EUID="www-data" SUID="www-data" FSUID="www-data" EGID="www-data" SGID="www-data" FSGID="www-data"
type=SOCKADDR msg=audit(1773063588.785:1993): saddr=020001BBC68FA4FB0000000000000000SADDR={ saddr_fam=inet laddr=198.143.164.251 lport=443 }
type=PROCTITLE msg=audit(1773063588.785:1993): proctitle=2F7573722F7362696E2F61706163686532002D6B007374617274
type=SYSCALL msg=audit(1773063588.785:1994): arch=c000003e syscall=42 success=no exit=-115 a0=13 a1=57e5f866af18 a2=10 a3=13 items=0 ppid=1424 pid=1433 auid=4294967295 uid=33 gid=33 euid=33 suid=33 fsuid=33 egid=33 sgid=33 fsgid=33 tty=(none) ses=4294967295 comm="apache2" exe="/usr/sbin/apache2" subj=unconfined key="T1043_Commonly_Used_Port"ARCH=x86_64 SYSCALL=connect AUID="unset" UID="www-data" GID="www-data" EUID="www-data" SUID="www-data" FSUID="www-data" EGID="www-data" SGID="www-data" FSGID="www-data"
type=SOCKADDR msg=audit(1773063588.785:1994): saddr=020001BBC68FA4FB0000000000000000SADDR={ saddr_fam=inet laddr=198.143.164.251 lport=443 }
type=PROCTITLE msg=audit(1773063588.785:1994): proctitle=2F7573722F7362696E2F61706163686532002D6B007374617274
type=SYSCALL msg=audit(1773063589.182:1995): arch=c000003e syscall=42 success=yes exit=0 a0=15 a1=74a4b83a3d8c a2=10 a3=74a4b83a0504 items=0 ppid=1424 pid=1433 auid=4294967295 uid=33 gid=33 euid=33 suid=33 fsuid=33 egid=33 sgid=33 fsgid=33 tty=(none) ses=4294967295 comm="apache2" exe="/usr/sbin/apache2" subj=unconfined key="T1043_Commonly_Used_Port"ARCH=x86_64 SYSCALL=connect AUID="unset" UID="www-data" GID="www-data" EUID="www-data" SUID="www-data" FSUID="www-data" EGID="www-data" SGID="www-data" FSGID="www-data"
type=SOCKADDR msg=audit(1773063589.182:1995): saddr=020000357F0000350000000000000000SADDR={ saddr_fam=inet laddr=127.0.0.53 lport=53 }
type=PROCTITLE msg=audit(1773063589.182:1995): proctitle=2F7573722F7362696E2F61706163686532002D6B007374617274
type=SYSCALL msg=audit(1773063589.182:1996): arch=c000003e syscall=42 success=yes exit=0 a0=15 a1=74a4b00014b0 a2=10 a3=0 items=0 ppid=1424 pid=1433 auid=4294967295 uid=33 gid=33 euid=33 suid=33 fsuid=33 egid=33 sgid=33 fsgid=33 tty=(none) ses=4294967295 comm="apache2" exe="/usr/sbin/apache2" subj=unconfined key="T1043_Commonly_Used_Port"ARCH=x86_64 SYSCALL=connect AUID="unset" UID="www-data" GID="www-data" EUID="www-data" SUID="www-data" FSUID="www-data" EGID="www-data" SGID="www-data" FSGID="www-data"
type=SOCKADDR msg=audit(1773063589.182:1996): saddr=020001BBC68FA4FB0000000000000000SADDR={ saddr_fam=inet laddr=198.143.164.251 lport=443 }
type=PROCTITLE msg=audit(1773063589.182:1996): proctitle=2F7573722F7362696E2F61706163686532002D6B007374617274
type=SYSCALL msg=audit(1773063589.182:1997): arch=c000003e syscall=42 success=yes exit=0 a0=15 a1=74a4b0000de0 a2=1c a3=0 items=0 ppid=1424 pid=1433 auid=4294967295 uid=33 gid=33 euid=33 suid=33 fsuid=33 egid=33 sgid=33 fsgid=33 tty=(none) ses=4294967295 comm="apache2" exe="/usr/sbin/apache2" subj=unconfined key="T1043_Commonly_Used_Port"ARCH=x86_64 SYSCALL=connect AUID="unset" UID="www-data" GID="www-data" EUID="www-data" SUID="www-data" FSUID="www-data" EGID="www-data" SGID="www-data" FSGID="www-data"
type=SOCKADDR msg=audit(1773063589.182:1997): saddr=0A0001BB000000002607F9780005800200000000C68FA4FB00000000SADDR={ saddr_fam=inet6 laddr=2607:f978:5:8002::c68f:a4fb lport=443 }
type=PROCTITLE msg=audit(1773063589.182:1997): proctitle=2F7573722F7362696E2F61706163686532002D6B007374617274
type=SYSCALL msg=audit(1773063589.183:1998): arch=c000003e syscall=42 success=no exit=-115 a0=13 a1=57e5f8a0c038 a2=10 a3=13 items=0 ppid=1424 pid=1433 auid=4294967295 uid=33 gid=33 euid=33 suid=33 fsuid=33 egid=33 sgid=33 fsgid=33 tty=(none) ses=4294967295 comm="apache2" exe="/usr/sbin/apache2" subj=unconfined key="T1043_Commonly_Used_Port"ARCH=x86_64 SYSCALL=connect AUID="unset" UID="www-data" GID="www-data" EUID="www-data" SUID="www-data" FSUID="www-data" EGID="www-data" SGID="www-data" FSGID="www-data"
type=SOCKADDR msg=audit(1773063589.183:1998): saddr=020001BBC68FA4FB0000000000000000SADDR={ saddr_fam=inet laddr=198.143.164.251 lport=443 }
type=PROCTITLE msg=audit(1773063589.183:1998): proctitle=2F7573722F7362696E2F61706163686532002D6B007374617274
type=SYSCALL msg=audit(1773063589.575:1999): arch=c000003e syscall=42 success=yes exit=0 a0=15 a1=74a4b83a3d8c a2=10 a3=74a4b83a0504 items=0 ppid=1424 pid=1433 auid=4294967295 uid=33 gid=33 euid=33 suid=33 fsuid=33 egid=33 sgid=33 fsgid=33 tty=(none) ses=4294967295 comm="apache2" exe="/usr/sbin/apache2" subj=unconfined key="T1043_Commonly_Used_Port"ARCH=x86_64 SYSCALL=connect AUID="unset" UID="www-data" GID="www-data" EUID="www-data" SUID="www-data" FSUID="www-data" EGID="www-data" SGID="www-data" FSGID="www-data"
type=SOCKADDR msg=audit(1773063589.575:1999): saddr=020000357F0000350000000000000000SADDR={ saddr_fam=inet laddr=127.0.0.53 lport=53 }
type=PROCTITLE msg=audit(1773063589.575:1999): proctitle=2F7573722F7362696E2F61706163686532002D6B007374617274
type=SYSCALL msg=audit(1773063589.576:2000): arch=c000003e syscall=42 success=yes exit=0 a0=15 a1=74a4b0000de0 a2=10 a3=0 items=0 ppid=1424 pid=1433 auid=4294967295 uid=33 gid=33 euid=33 suid=33 fsuid=33 egid=33 sgid=33 fsgid=33 tty=(none) ses=4294967295 comm="apache2" exe="/usr/sbin/apache2" subj=unconfined key="T1043_Commonly_Used_Port"ARCH=x86_64 SYSCALL=connect AUID="unset" UID="www-data" GID="www-data" EUID="www-data" SUID="www-data" FSUID="www-data" EGID="www-data" SGID="www-data" FSGID="www-data"
type=SOCKADDR msg=audit(1773063589.576:2000): saddr=020001BBC68FA4FB0000000000000000SADDR={ saddr_fam=inet laddr=198.143.164.251 lport=443 }
type=PROCTITLE msg=audit(1773063589.576:2000): proctitle=2F7573722F7362696E2F61706163686532002D6B007374617274
type=SYSCALL msg=audit(1773063589.576:2001): arch=c000003e syscall=42 success=yes exit=0 a0=15 a1=74a4b0000e30 a2=1c a3=0 items=0 ppid=1424 pid=1433 auid=4294967295 uid=33 gid=33 euid=33 suid=33 fsuid=33 egid=33 sgid=33 fsgid=33 tty=(none) ses=4294967295 comm="apache2" exe="/usr/sbin/apache2" subj=unconfined key="T1043_Commonly_Used_Port"ARCH=x86_64 SYSCALL=connect AUID="unset" UID="www-data" GID="www-data" EUID="www-data" SUID="www-data" FSUID="www-data" EGID="www-data" SGID="www-data" FSGID="www-data"
type=SOCKADDR msg=audit(1773063589.576:2001): saddr=0A0001BB000000002607F9780005800200000000C68FA4FB00000000SADDR={ saddr_fam=inet6 laddr=2607:f978:5:8002::c68f:a4fb lport=443 }
type=PROCTITLE msg=audit(1773063589.576:2001): proctitle=2F7573722F7362696E2F61706163686532002D6B007374617274
type=SYSCALL msg=audit(1773063589.576:2002): arch=c000003e syscall=42 success=no exit=-115 a0=13 a1=57e5f8a0c038 a2=10 a3=13 items=0 ppid=1424 pid=1433 auid=4294967295 uid=33 gid=33 euid=33 suid=33 fsuid=33 egid=33 sgid=33 fsgid=33 tty=(none) ses=4294967295 comm="apache2" exe="/usr/sbin/apache2" subj=unconfined key="T1043_Commonly_Used_Port"ARCH=x86_64 SYSCALL=connect AUID="unset" UID="www-data" GID="www-data" EUID="www-data" SUID="www-data" FSUID="www-data" EGID="www-data" SGID="www-data" FSGID="www-data"
type=SOCKADDR msg=audit(1773063589.576:2002): saddr=020001BBC68FA4FB0000000000000000SADDR={ saddr_fam=inet laddr=198.143.164.251 lport=443 }
type=PROCTITLE msg=audit(1773063589.576:2002): proctitle=2F7573722F7362696E2F61706163686532002D6B007374617274
type=SYSCALL msg=audit(1773063589.938:2003): arch=c000003e syscall=42 success=yes exit=0 a0=15 a1=74a4b83a3d8c a2=10 a3=74a4b83a0504 items=0 ppid=1424 pid=1433 auid=4294967295 uid=33 gid=33 euid=33 suid=33 fsuid=33 egid=33 sgid=33 fsgid=33 tty=(none) ses=4294967295 comm="apache2" exe="/usr/sbin/apache2" subj=unconfined key="T1043_Commonly_Used_Port"ARCH=x86_64 SYSCALL=connect AUID="unset" UID="www-data" GID="www-data" EUID="www-data" SUID="www-data" FSUID="www-data" EGID="www-data" SGID="www-data" FSGID="www-data"
type=SOCKADDR msg=audit(1773063589.938:2003): saddr=020000357F0000350000000000000000SADDR={ saddr_fam=inet laddr=127.0.0.53 lport=53 }
type=PROCTITLE msg=audit(1773063589.938:2003): proctitle=2F7573722F7362696E2F61706163686532002D6B007374617274
type=SYSCALL msg=audit(1773063589.939:2004): arch=c000003e syscall=42 success=yes exit=0 a0=15 a1=74a4b00014b0 a2=10 a3=0 items=0 ppid=1424 pid=1433 auid=4294967295 uid=33 gid=33 euid=33 suid=33 fsuid=33 egid=33 sgid=33 fsgid=33 tty=(none) ses=4294967295 comm="apache2" exe="/usr/sbin/apache2" subj=unconfined key="T1043_Commonly_Used_Port"ARCH=x86_64 SYSCALL=connect AUID="unset" UID="www-data" GID="www-data" EUID="www-data" SUID="www-data" FSUID="www-data" EGID="www-data" SGID="www-data" FSGID="www-data"
type=SOCKADDR msg=audit(1773063589.939:2004): saddr=020001BBC68FA4FB0000000000000000SADDR={ saddr_fam=inet laddr=198.143.164.251 lport=443 }
type=PROCTITLE msg=audit(1773063589.939:2004): proctitle=2F7573722F7362696E2F61706163686532002D6B007374617274
type=SYSCALL msg=audit(1773063589.939:2005): arch=c000003e syscall=42 success=yes exit=0 a0=15 a1=74a4b0000de0 a2=1c a3=0 items=0 ppid=1424 pid=1433 auid=4294967295 uid=33 gid=33 euid=33 suid=33 fsuid=33 egid=33 sgid=33 fsgid=33 tty=(none) ses=4294967295 comm="apache2" exe="/usr/sbin/apache2" subj=unconfined key="T1043_Commonly_Used_Port"ARCH=x86_64 SYSCALL=connect AUID="unset" UID="www-data" GID="www-data" EUID="www-data" SUID="www-data" FSUID="www-data" EGID="www-data" SGID="www-data" FSGID="www-data"
type=SOCKADDR msg=audit(1773063589.939:2005): saddr=0A0001BB000000002607F9780005800200000000C68FA4FB00000000SADDR={ saddr_fam=inet6 laddr=2607:f978:5:8002::c68f:a4fb lport=443 }
type=PROCTITLE msg=audit(1773063589.939:2005): proctitle=2F7573722F7362696E2F61706163686532002D6B007374617274
type=SYSCALL msg=audit(1773063589.939:2006): arch=c000003e syscall=42 success=no exit=-115 a0=13 a1=57e5f866ac68 a2=10 a3=13 items=0 ppid=1424 pid=1433 auid=4294967295 uid=33 gid=33 euid=33 suid=33 fsuid=33 egid=33 sgid=33 fsgid=33 tty=(none) ses=4294967295 comm="apache2" exe="/usr/sbin/apache2" subj=unconfined key="T1043_Commonly_Used_Port"ARCH=x86_64 SYSCALL=connect AUID="unset" UID="www-data" GID="www-data" EUID="www-data" SUID="www-data" FSUID="www-data" EGID="www-data" SGID="www-data" FSGID="www-data"
type=SOCKADDR msg=audit(1773063589.939:2006): saddr=020001BBC68FA4FB0000000000000000SADDR={ saddr_fam=inet laddr=198.143.164.251 lport=443 }
type=PROCTITLE msg=audit(1773063589.939:2006): proctitle=2F7573722F7362696E2F61706163686532002D6B007374617274
type=SYSCALL msg=audit(1773063590.338:2007): arch=c000003e syscall=42 success=yes exit=0 a0=15 a1=74a4b83a3d8c a2=10 a3=74a4b83a0504 items=0 ppid=1424 pid=1433 auid=4294967295 uid=33 gid=33 euid=33 suid=33 fsuid=33 egid=33 sgid=33 fsgid=33 tty=(none) ses=4294967295 comm="apache2" exe="/usr/sbin/apache2" subj=unconfined key="T1043_Commonly_Used_Port"ARCH=x86_64 SYSCALL=connect AUID="unset" UID="www-data" GID="www-data" EUID="www-data" SUID="www-data" FSUID="www-data" EGID="www-data" SGID="www-data" FSGID="www-data"
type=SOCKADDR msg=audit(1773063590.338:2007): saddr=020000357F0000350000000000000000SADDR={ saddr_fam=inet laddr=127.0.0.53 lport=53 }
type=PROCTITLE msg=audit(1773063590.338:2007): proctitle=2F7573722F7362696E2F61706163686532002D6B007374617274
type=SYSCALL msg=audit(1773063590.338:2008): arch=c000003e syscall=42 success=yes exit=0 a0=15 a1=74a4b0000de0 a2=10 a3=0 items=0 ppid=1424 pid=1433 auid=4294967295 uid=33 gid=33 euid=33 suid=33 fsuid=33 egid=33 sgid=33 fsgid=33 tty=(none) ses=4294967295 comm="apache2" exe="/usr/sbin/apache2" subj=unconfined key="T1043_Commonly_Used_Port"ARCH=x86_64 SYSCALL=connect AUID="unset" UID="www-data" GID="www-data" EUID="www-data" SUID="www-data" FSUID="www-data" EGID="www-data" SGID="www-data" FSGID="www-data"
type=SOCKADDR msg=audit(1773063590.338:2008): saddr=020001BBC68FA4FB0000000000000000SADDR={ saddr_fam=inet laddr=198.143.164.251 lport=443 }
type=PROCTITLE msg=audit(1773063590.338:2008): proctitle=2F7573722F7362696E2F61706163686532002D6B007374617274
type=SYSCALL msg=audit(1773063590.338:2009): arch=c000003e syscall=42 success=yes exit=0 a0=15 a1=74a4b0000e30 a2=1c a3=0 items=0 ppid=1424 pid=1433 auid=4294967295 uid=33 gid=33 euid=33 suid=33 fsuid=33 egid=33 sgid=33 fsgid=33 tty=(none) ses=4294967295 comm="apache2" exe="/usr/sbin/apache2" subj=unconfined key="T1043_Commonly_Used_Port"ARCH=x86_64 SYSCALL=connect AUID="unset" UID="www-data" GID="www-data" EUID="www-data" SUID="www-data" FSUID="www-data" EGID="www-data" SGID="www-data" FSGID="www-data"
type=SOCKADDR msg=audit(1773063590.338:2009): saddr=0A0001BB000000002607F9780005800200000000C68FA4FB00000000SADDR={ saddr_fam=inet6 laddr=2607:f978:5:8002::c68f:a4fb lport=443 }
type=PROCTITLE msg=audit(1773063590.338:2009): proctitle=2F7573722F7362696E2F61706163686532002D6B007374617274
type=SYSCALL msg=audit(1773063590.338:2010): arch=c000003e syscall=42 success=no exit=-115 a0=13 a1=57e5f8a138a8 a2=10 a3=13 items=0 ppid=1424 pid=1433 auid=4294967295 uid=33 gid=33 euid=33 suid=33 fsuid=33 egid=33 sgid=33 fsgid=33 tty=(none) ses=4294967295 comm="apache2" exe="/usr/sbin/apache2" subj=unconfined key="T1043_Commonly_Used_Port"ARCH=x86_64 SYSCALL=connect AUID="unset" UID="www-data" GID="www-data" EUID="www-data" SUID="www-data" FSUID="www-data" EGID="www-data" SGID="www-data" FSGID="www-data"
type=SOCKADDR msg=audit(1773063590.338:2010): saddr=020001BBC68FA4FB0000000000000000SADDR={ saddr_fam=inet laddr=198.143.164.251 lport=443 }
type=PROCTITLE msg=audit(1773063590.338:2010): proctitle=2F7573722F7362696E2F61706163686532002D6B007374617274
type=SYSCALL msg=audit(1773063591.778:2011): arch=c000003e syscall=42 success=yes exit=0 a0=10 a1=7fff0456d270 a2=1d a3=1 items=1 ppid=1424 pid=1433 auid=4294967295 uid=33 gid=33 euid=33 suid=33 fsuid=33 egid=33 sgid=33 fsgid=33 tty=(none) ses=4294967295 comm="apache2" exe="/usr/sbin/apache2" subj=unconfined key="T1043_Commonly_Used_Port"ARCH=x86_64 SYSCALL=connect AUID="unset" UID="www-data" GID="www-data" EUID="www-data" SUID="www-data" FSUID="www-data" EGID="www-data" SGID="www-data" FSGID="www-data"
type=SOCKADDR msg=audit(1773063591.778:2011): saddr=01002F7661722F72756E2F6D7973716C642F6D7973716C642E736F636BSADDR={ saddr_fam=local path=/var/run/mysqld/mysqld.sock }
type=PATH msg=audit(1773063591.778:2011): item=0 name="/var/run/mysqld/mysqld.sock" inode=1371 dev=00:18 mode=0140777 ouid=111 ogid=111 rdev=00:00 nametype=NORMAL cap_fp=0 cap_fi=0 cap_fe=0 cap_fver=0 cap_frootid=0OUID="mysql" OGID="mysql"
type=PROCTITLE msg=audit(1773063591.778:2011): proctitle=2F7573722F7362696E2F61706163686532002D6B007374617274
type=SYSCALL msg=audit(1773063591.781:2012): arch=c000003e syscall=42 success=yes exit=0 a0=f a1=7fff0456d270 a2=1d a3=1 items=1 ppid=1424 pid=1492 auid=4294967295 uid=33 gid=33 euid=33 suid=33 fsuid=33 egid=33 sgid=33 fsgid=33 tty=(none) ses=4294967295 comm="apache2" exe="/usr/sbin/apache2" subj=unconfined key="T1043_Commonly_Used_Port"ARCH=x86_64 SYSCALL=connect AUID="unset" UID="www-data" GID="www-data" EUID="www-data" SUID="www-data" FSUID="www-data" EGID="www-data" SGID="www-data" FSGID="www-data"
type=SOCKADDR msg=audit(1773063591.781:2012): saddr=01002F7661722F72756E2F6D7973716C642F6D7973716C642E736F636BSADDR={ saddr_fam=local path=/var/run/mysqld/mysqld.sock }
type=PATH msg=audit(1773063591.781:2012): item=0 name="/var/run/mysqld/mysqld.sock" inode=1371 dev=00:18 mode=0140777 ouid=111 ogid=111 rdev=00:00 nametype=NORMAL cap_fp=0 cap_fi=0 cap_fe=0 cap_fver=0 cap_frootid=0OUID="mysql" OGID="mysql"
type=PROCTITLE msg=audit(1773063591.781:2012): proctitle=2F7573722F7362696E2F61706163686532002D6B007374617274
type=SYSCALL msg=audit(1773063591.815:2013): arch=c000003e syscall=42 success=yes exit=0 a0=15 a1=74a4b83a3d8c a2=10 a3=74a4b83a0504 items=0 ppid=1424 pid=1433 auid=4294967295 uid=33 gid=33 euid=33 suid=33 fsuid=33 egid=33 sgid=33 fsgid=33 tty=(none) ses=4294967295 comm="apache2" exe="/usr/sbin/apache2" subj=unconfined key="T1043_Commonly_Used_Port"ARCH=x86_64 SYSCALL=connect AUID="unset" UID="www-data" GID="www-data" EUID="www-data" SUID="www-data" FSUID="www-data" EGID="www-data" SGID="www-data" FSGID="www-data"
type=SOCKADDR msg=audit(1773063591.815:2013): saddr=020000357F0000350000000000000000SADDR={ saddr_fam=inet laddr=127.0.0.53 lport=53 }
type=PROCTITLE msg=audit(1773063591.815:2013): proctitle=2F7573722F7362696E2F61706163686532002D6B007374617274
type=SYSCALL msg=audit(1773063591.835:2014): arch=c000003e syscall=42 success=yes exit=0 a0=15 a1=74a4b00014b0 a2=10 a3=0 items=0 ppid=1424 pid=1433 auid=4294967295 uid=33 gid=33 euid=33 suid=33 fsuid=33 egid=33 sgid=33 fsgid=33 tty=(none) ses=4294967295 comm="apache2" exe="/usr/sbin/apache2" subj=unconfined key="T1043_Commonly_Used_Port"ARCH=x86_64 SYSCALL=connect AUID="unset" UID="www-data" GID="www-data" EUID="www-data" SUID="www-data" FSUID="www-data" EGID="www-data" SGID="www-data" FSGID="www-data"
type=SOCKADDR msg=audit(1773063591.835:2014): saddr=020001BBC68FA4FB0000000000000000SADDR={ saddr_fam=inet laddr=198.143.164.251 lport=443 }
type=PROCTITLE msg=audit(1773063591.835:2014): proctitle=2F7573722F7362696E2F61706163686532002D6B007374617274
type=SYSCALL msg=audit(1773063591.835:2015): arch=c000003e syscall=42 success=yes exit=0 a0=15 a1=74a4b0000de0 a2=1c a3=0 items=0 ppid=1424 pid=1433 auid=4294967295 uid=33 gid=33 euid=33 suid=33 fsuid=33 egid=33 sgid=33 fsgid=33 tty=(none) ses=4294967295 comm="apache2" exe="/usr/sbin/apache2" subj=unconfined key="T1043_Commonly_Used_Port"ARCH=x86_64 SYSCALL=connect AUID="unset" UID="www-data" GID="www-data" EUID="www-data" SUID="www-data" FSUID="www-data" EGID="www-data" SGID="www-data" FSGID="www-data"
type=SOCKADDR msg=audit(1773063591.835:2015): saddr=0A0001BB000000002607F9780005800200000000C68FA4FB00000000SADDR={ saddr_fam=inet6 laddr=2607:f978:5:8002::c68f:a4fb lport=443 }
type=PROCTITLE msg=audit(1773063591.835:2015): proctitle=2F7573722F7362696E2F61706163686532002D6B007374617274
type=SYSCALL msg=audit(1773063591.836:2016): arch=c000003e syscall=42 success=no exit=-115 a0=13 a1=57e5f88cea48 a2=10 a3=13 items=0 ppid=1424 pid=1433 auid=4294967295 uid=33 gid=33 euid=33 suid=33 fsuid=33 egid=33 sgid=33 fsgid=33 tty=(none) ses=4294967295 comm="apache2" exe="/usr/sbin/apache2" subj=unconfined key="T1043_Commonly_Used_Port"ARCH=x86_64 SYSCALL=connect AUID="unset" UID="www-data" GID="www-data" EUID="www-data" SUID="www-data" FSUID="www-data" EGID="www-data" SGID="www-data" FSGID="www-data"
type=SOCKADDR msg=audit(1773063591.836:2016): saddr=020001BBC68FA4FB0000000000000000SADDR={ saddr_fam=inet laddr=198.143.164.251 lport=443 }
type=PROCTITLE msg=audit(1773063591.836:2016): proctitle=2F7573722F7362696E2F61706163686532002D6B007374617274
type=SYSCALL msg=audit(1773063591.933:2017): arch=c000003e syscall=42 success=yes exit=0 a0=10 a1=74a4ca80b694 a2=10 a3=7fff0456b9f4 items=0 ppid=1424 pid=1492 auid=4294967295 uid=33 gid=33 euid=33 suid=33 fsuid=33 egid=33 sgid=33 fsgid=33 tty=(none) ses=4294967295 comm="apache2" exe="/usr/sbin/apache2" subj=unconfined key="T1043_Commonly_Used_Port"ARCH=x86_64 SYSCALL=connect AUID="unset" UID="www-data" GID="www-data" EUID="www-data" SUID="www-data" FSUID="www-data" EGID="www-data" SGID="www-data" FSGID="www-data"
type=SOCKADDR msg=audit(1773063591.933:2017): saddr=020000357F0000350000000000000000SADDR={ saddr_fam=inet laddr=127.0.0.53 lport=53 }
type=PROCTITLE msg=audit(1773063591.933:2017): proctitle=2F7573722F7362696E2F61706163686532002D6B007374617274
type=SYSCALL msg=audit(1773063591.960:2018): arch=c000003e syscall=42 success=yes exit=0 a0=14 a1=74a4b99ffd8c a2=10 a3=74a4b99fc504 items=0 ppid=1424 pid=1492 auid=4294967295 uid=33 gid=33 euid=33 suid=33 fsuid=33 egid=33 sgid=33 fsgid=33 tty=(none) ses=4294967295 comm="apache2" exe="/usr/sbin/apache2" subj=unconfined key="T1043_Commonly_Used_Port"ARCH=x86_64 SYSCALL=connect AUID="unset" UID="www-data" GID="www-data" EUID="www-data" SUID="www-data" FSUID="www-data" EGID="www-data" SGID="www-data" FSGID="www-data"
type=SOCKADDR msg=audit(1773063591.960:2018): saddr=020000357F0000350000000000000000SADDR={ saddr_fam=inet laddr=127.0.0.53 lport=53 }
type=PROCTITLE msg=audit(1773063591.960:2018): proctitle=2F7573722F7362696E2F61706163686532002D6B007374617274
type=SYSCALL msg=audit(1773063591.972:2019): arch=c000003e syscall=42 success=yes exit=0 a0=14 a1=74a4b4000de0 a2=10 a3=0 items=0 ppid=1424 pid=1492 auid=4294967295 uid=33 gid=33 euid=33 suid=33 fsuid=33 egid=33 sgid=33 fsgid=33 tty=(none) ses=4294967295 comm="apache2" exe="/usr/sbin/apache2" subj=unconfined key="T1043_Commonly_Used_Port"ARCH=x86_64 SYSCALL=connect AUID="unset" UID="www-data" GID="www-data" EUID="www-data" SUID="www-data" FSUID="www-data" EGID="www-data" SGID="www-data" FSGID="www-data"
type=SOCKADDR msg=audit(1773063591.972:2019): saddr=020001BBC68FA4FC0000000000000000SADDR={ saddr_fam=inet laddr=198.143.164.252 lport=443 }
type=PROCTITLE msg=audit(1773063591.972:2019): proctitle=2F7573722F7362696E2F61706163686532002D6B007374617274
type=SYSCALL msg=audit(1773063591.972:2020): arch=c000003e syscall=42 success=yes exit=0 a0=14 a1=74a4b4000e30 a2=1c a3=0 items=0 ppid=1424 pid=1492 auid=4294967295 uid=33 gid=33 euid=33 suid=33 fsuid=33 egid=33 sgid=33 fsgid=33 tty=(none) ses=4294967295 comm="apache2" exe="/usr/sbin/apache2" subj=unconfined key="T1043_Commonly_Used_Port"ARCH=x86_64 SYSCALL=connect AUID="unset" UID="www-data" GID="www-data" EUID="www-data" SUID="www-data" FSUID="www-data" EGID="www-data" SGID="www-data" FSGID="www-data"
type=SOCKADDR msg=audit(1773063591.972:2020): saddr=0A0001BB000000002607F9780005800200000000C68FA4FC00000000SADDR={ saddr_fam=inet6 laddr=2607:f978:5:8002::c68f:a4fc lport=443 }
type=PROCTITLE msg=audit(1773063591.972:2020): proctitle=2F7573722F7362696E2F61706163686532002D6B007374617274
type=SYSCALL msg=audit(1773063591.973:2021): arch=c000003e syscall=42 success=no exit=-115 a0=12 a1=57e5f8a14748 a2=10 a3=12 items=0 ppid=1424 pid=1492 auid=4294967295 uid=33 gid=33 euid=33 suid=33 fsuid=33 egid=33 sgid=33 fsgid=33 tty=(none) ses=4294967295 comm="apache2" exe="/usr/sbin/apache2" subj=unconfined key="T1043_Commonly_Used_Port"ARCH=x86_64 SYSCALL=connect AUID="unset" UID="www-data" GID="www-data" EUID="www-data" SUID="www-data" FSUID="www-data" EGID="www-data" SGID="www-data" FSGID="www-data"
type=SOCKADDR msg=audit(1773063591.973:2021): saddr=020001BBC68FA4FC0000000000000000SADDR={ saddr_fam=inet laddr=198.143.164.252 lport=443 }
type=PROCTITLE msg=audit(1773063591.973:2021): proctitle=2F7573722F7362696E2F61706163686532002D6B007374617274
type=SYSCALL msg=audit(1773063592.565:2022): arch=c000003e syscall=42 success=yes exit=0 a0=10 a1=74a4ca80b694 a2=10 a3=7fff0456b9f4 items=0 ppid=1424 pid=1492 auid=4294967295 uid=33 gid=33 euid=33 suid=33 fsuid=33 egid=33 sgid=33 fsgid=33 tty=(none) ses=4294967295 comm="apache2" exe="/usr/sbin/apache2" subj=unconfined key="T1043_Commonly_Used_Port"ARCH=x86_64 SYSCALL=connect AUID="unset" UID="www-data" GID="www-data" EUID="www-data" SUID="www-data" FSUID="www-data" EGID="www-data" SGID="www-data" FSGID="www-data"
type=SOCKADDR msg=audit(1773063592.565:2022): saddr=020000357F0000350000000000000000SADDR={ saddr_fam=inet laddr=127.0.0.53 lport=53 }
type=PROCTITLE msg=audit(1773063592.565:2022): proctitle=2F7573722F7362696E2F61706163686532002D6B007374617274
type=SYSCALL msg=audit(1773063592.570:2023): arch=c000003e syscall=42 success=yes exit=0 a0=14 a1=74a4b99ffd8c a2=10 a3=74a4b99fc504 items=0 ppid=1424 pid=1492 auid=4294967295 uid=33 gid=33 euid=33 suid=33 fsuid=33 egid=33 sgid=33 fsgid=33 tty=(none) ses=4294967295 comm="apache2" exe="/usr/sbin/apache2" subj=unconfined key="T1043_Commonly_Used_Port"ARCH=x86_64 SYSCALL=connect AUID="unset" UID="www-data" GID="www-data" EUID="www-data" SUID="www-data" FSUID="www-data" EGID="www-data" SGID="www-data" FSGID="www-data"
type=SOCKADDR msg=audit(1773063592.570:2023): saddr=020000357F0000350000000000000000SADDR={ saddr_fam=inet laddr=127.0.0.53 lport=53 }
type=PROCTITLE msg=audit(1773063592.570:2023): proctitle=2F7573722F7362696E2F61706163686532002D6B007374617274
type=SYSCALL msg=audit(1773063592.571:2024): arch=c000003e syscall=42 success=yes exit=0 a0=14 a1=74a4b40014b0 a2=10 a3=0 items=0 ppid=1424 pid=1492 auid=4294967295 uid=33 gid=33 euid=33 suid=33 fsuid=33 egid=33 sgid=33 fsgid=33 tty=(none) ses=4294967295 comm="apache2" exe="/usr/sbin/apache2" subj=unconfined key="T1043_Commonly_Used_Port"ARCH=x86_64 SYSCALL=connect AUID="unset" UID="www-data" GID="www-data" EUID="www-data" SUID="www-data" FSUID="www-data" EGID="www-data" SGID="www-data" FSGID="www-data"
type=SOCKADDR msg=audit(1773063592.571:2024): saddr=020001BBC68FA4FC0000000000000000SADDR={ saddr_fam=inet laddr=198.143.164.252 lport=443 }
type=PROCTITLE msg=audit(1773063592.571:2024): proctitle=2F7573722F7362696E2F61706163686532002D6B007374617274
type=SYSCALL msg=audit(1773063592.571:2025): arch=c000003e syscall=42 success=yes exit=0 a0=14 a1=74a4b4000db0 a2=1c a3=0 items=0 ppid=1424 pid=1492 auid=4294967295 uid=33 gid=33 euid=33 suid=33 fsuid=33 egid=33 sgid=33 fsgid=33 tty=(none) ses=4294967295 comm="apache2" exe="/usr/sbin/apache2" subj=unconfined key="T1043_Commonly_Used_Port"ARCH=x86_64 SYSCALL=connect AUID="unset" UID="www-data" GID="www-data" EUID="www-data" SUID="www-data" FSUID="www-data" EGID="www-data" SGID="www-data" FSGID="www-data"
type=SOCKADDR msg=audit(1773063592.571:2025): saddr=0A0001BB000000002607F9780005800200000000C68FA4FC00000000SADDR={ saddr_fam=inet6 laddr=2607:f978:5:8002::c68f:a4fc lport=443 }
type=PROCTITLE msg=audit(1773063592.571:2025): proctitle=2F7573722F7362696E2F61706163686532002D6B007374617274
type=SYSCALL msg=audit(1773063592.571:2026): arch=c000003e syscall=42 success=no exit=-115 a0=12 a1=57e5f8bf21c8 a2=10 a3=12 items=0 ppid=1424 pid=1492 auid=4294967295 uid=33 gid=33 euid=33 suid=33 fsuid=33 egid=33 sgid=33 fsgid=33 tty=(none) ses=4294967295 comm="apache2" exe="/usr/sbin/apache2" subj=unconfined key="T1043_Commonly_Used_Port"ARCH=x86_64 SYSCALL=connect AUID="unset" UID="www-data" GID="www-data" EUID="www-data" SUID="www-data" FSUID="www-data" EGID="www-data" SGID="www-data" FSGID="www-data"
type=SOCKADDR msg=audit(1773063592.571:2026): saddr=020001BBC68FA4FC0000000000000000SADDR={ saddr_fam=inet laddr=198.143.164.252 lport=443 }
type=PROCTITLE msg=audit(1773063592.571:2026): proctitle=2F7573722F7362696E2F61706163686532002D6B007374617274
type=SYSCALL msg=audit(1773063601.312:2027): arch=c000003e syscall=42 success=no exit=-115 a0=d a1=74a4ca8ece20 a2=1c a3=74a4ca618eb0 items=0 ppid=1 pid=1424 auid=4294967295 uid=0 gid=0 euid=0 suid=0 fsuid=0 egid=0 sgid=0 fsgid=0 tty=(none) ses=4294967295 comm="apache2" exe="/usr/sbin/apache2" subj=unconfined key="T1043_Commonly_Used_Port"ARCH=x86_64 SYSCALL=connect AUID="unset" UID="root" GID="root" EUID="root" SUID="root" FSUID="root" EGID="root" SGID="root" FSGID="root"
type=SOCKADDR msg=audit(1773063601.312:2027): saddr=0A000050000000000000000000000000000000000000000000000000SADDR={ saddr_fam=inet6 laddr=:: lport=80 }
type=PROCTITLE msg=audit(1773063601.312:2027): proctitle=2F7573722F7362696E2F61706163686532002D6B007374617274
type=SYSCALL msg=audit(1773063603.273:2028): arch=c000003e syscall=59 success=yes exit=0 a0=7fffafa394b0 a1=7fffafa394d0 a2=7fffafa39fd8 a3=8 items=2 ppid=1 pid=1504 auid=4294967295 uid=0 gid=0 euid=0 suid=0 fsuid=0 egid=0 sgid=0 fsgid=0 tty=(none) ses=4294967295 comm="9" exe="/usr/lib/systemd/systemd-executor" subj=unconfined key="T1078_Valid_Accounts"ARCH=x86_64 SYSCALL=execve AUID="unset" UID="root" GID="root" EUID="root" SUID="root" FSUID="root" EGID="root" SGID="root" FSGID="root"
type=EXECVE msg=audit(1773063603.273:2028): argc=7 a0="/usr/lib/systemd/systemd-executor" a1="--deserialize" a2="101" a3="--log-level" a4="info" a5="--log-target" a6="journal-or-kmsg"
type=PATH msg=audit(1773063603.273:2028): item=0 name="/proc/self/fd/9" inode=1463834 dev=08:02 mode=0100755 ouid=0 ogid=0 rdev=00:00 nametype=NORMAL cap_fp=0 cap_fi=0 cap_fe=0 cap_fver=0 cap_frootid=0OUID="root" OGID="root"
type=PATH msg=audit(1773063603.273:2028): item=1 name="/lib64/ld-linux-x86-64.so.2" inode=1481429 dev=08:02 mode=0100755 ouid=0 ogid=0 rdev=00:00 nametype=NORMAL cap_fp=0 cap_fi=0 cap_fe=0 cap_fver=0 cap_frootid=0OUID="root" OGID="root"
type=PROCTITLE msg=audit(1773063603.273:2028): proctitle=2F7573722F6C69622F73797374656D642F73797374656D642D6578656375746F72002D2D646573657269616C697A6500313031002D2D6C6F672D6C6576656C00696E666F002D2D6C6F672D746172676574006A6F75726E616C2D6F722D6B6D7367
type=SYSCALL msg=audit(1773063603.286:2029): arch=c000003e syscall=42 success=yes exit=0 a0=4 a1=7ffebd2b9a20 a2=1e a3=7ffebd2b9ad0 items=1 ppid=1 pid=1504 auid=4294967295 uid=0 gid=0 euid=0 suid=0 fsuid=0 egid=0 sgid=0 fsgid=0 tty=(none) ses=4294967295 comm="9" exe="/usr/lib/systemd/systemd-executor" subj=unconfined key="T1043_Commonly_Used_Port"ARCH=x86_64 SYSCALL=connect AUID="unset" UID="root" GID="root" EUID="root" SUID="root" FSUID="root" EGID="root" SGID="root" FSGID="root"
type=SOCKADDR msg=audit(1773063603.286:2029): saddr=01002F72756E2F73797374656D642F6A6F75726E616C2F736F636B657400SADDR={ saddr_fam=local path=/run/systemd/journal/socket }
type=PATH msg=audit(1773063603.286:2029): item=0 name="/run/systemd/journal/socket" inode=464 dev=00:18 mode=0140666 ouid=0 ogid=0 rdev=00:00 nametype=NORMAL cap_fp=0 cap_fi=0 cap_fe=0 cap_fver=0 cap_frootid=0OUID="root" OGID="root"
type=PROCTITLE msg=audit(1773063603.286:2029): proctitle=2F7573722F6C69622F73797374656D642F73797374656D642D6578656375746F72002D2D646573657269616C697A6500313031002D2D6C6F672D6C6576656C00696E666F002D2D6C6F672D746172676574006A6F75726E616C2D6F722D6B6D7367
type=SYSCALL msg=audit(1773063603.286:2030): arch=c000003e syscall=42 success=yes exit=0 a0=3 a1=7ffebd2b95a0 a2=1e a3=fffffff7 items=1 ppid=1 pid=1504 auid=4294967295 uid=0 gid=0 euid=0 suid=0 fsuid=0 egid=0 sgid=0 fsgid=0 tty=(none) ses=4294967295 comm="(sa1)" exe="/usr/lib/systemd/systemd-executor" subj=unconfined key="T1043_Commonly_Used_Port"ARCH=x86_64 SYSCALL=connect AUID="unset" UID="root" GID="root" EUID="root" SUID="root" FSUID="root" EGID="root" SGID="root" FSGID="root"
type=SOCKADDR msg=audit(1773063603.286:2030): saddr=01002F72756E2F73797374656D642F6A6F75726E616C2F7374646F757400SADDR={ saddr_fam=local path=/run/systemd/journal/stdout }
type=PATH msg=audit(1773063603.286:2030): item=0 name="/run/systemd/journal/stdout" inode=465 dev=00:18 mode=0140666 ouid=0 ogid=0 rdev=00:00 nametype=NORMAL cap_fp=0 cap_fi=0 cap_fe=0 cap_fver=0 cap_frootid=0OUID="root" OGID="root"
type=PROCTITLE msg=audit(1773063603.286:2030): proctitle=2F7573722F6C69622F73797374656D642F73797374656D642D6578656375746F72002D2D646573657269616C697A6500313031002D2D6C6F672D6C6576656C00696E666F002D2D6C6F672D746172676574006A6F75726E616C2D6F722D6B6D7367
type=SYSCALL msg=audit(1773063603.288:2031): arch=c000003e syscall=59 success=yes exit=0 a0=57fa1b1640c0 a1=57fa1b1641c0 a2=57fa1b1634b0 a3=57fa1b164990 items=3 ppid=1 pid=1504 auid=4294967295 uid=0 gid=0 euid=0 suid=0 fsuid=0 egid=0 sgid=0 fsgid=0 tty=(none) ses=4294967295 comm="sa1" exe="/usr/bin/dash" subj=unconfined key="T1078_Valid_Accounts"ARCH=x86_64 SYSCALL=execve AUID="unset" UID="root" GID="root" EUID="root" SUID="root" FSUID="root" EGID="root" SGID="root" FSGID="root"
type=EXECVE msg=audit(1773063603.288:2031): argc=4 a0="/bin/sh" a1="/usr/lib/sysstat/sa1" a2="1" a3="1"
type=PATH msg=audit(1773063603.288:2031): item=0 name="/usr/lib/sysstat/sa1" inode=1456137 dev=08:02 mode=0100755 ouid=0 ogid=0 rdev=00:00 nametype=NORMAL cap_fp=0 cap_fi=0 cap_fe=0 cap_fver=0 cap_frootid=0OUID="root" OGID="root"
type=PATH msg=audit(1773063603.288:2031): item=1 name="/bin/sh" inode=1442345 dev=08:02 mode=0100755 ouid=0 ogid=0 rdev=00:00 nametype=NORMAL cap_fp=0 cap_fi=0 cap_fe=0 cap_fver=0 cap_frootid=0OUID="root" OGID="root"
type=PATH msg=audit(1773063603.288:2031): item=2 name="/lib64/ld-linux-x86-64.so.2" inode=1481429 dev=08:02 mode=0100755 ouid=0 ogid=0 rdev=00:00 nametype=NORMAL cap_fp=0 cap_fi=0 cap_fe=0 cap_fver=0 cap_frootid=0OUID="root" OGID="root"
type=PROCTITLE msg=audit(1773063603.288:2031): proctitle=2F7573722F6C69622F73797374656D642F73797374656D642D6578656375746F72002D2D646573657269616C697A6500313031002D2D6C6F672D6C6576656C00696E666F002D2D6C6F672D746172676574006A6F75726E616C2D6F722D6B6D7367
type=SYSCALL msg=audit(1773063603.293:2032): arch=c000003e syscall=59 success=yes exit=0 a0=611385480148 a1=611385480228 a2=611385480270 a3=0 items=2 ppid=1 pid=1504 auid=4294967295 uid=0 gid=0 euid=0 suid=0 fsuid=0 egid=0 sgid=0 fsgid=0 tty=(none) ses=4294967295 comm="sadc" exe="/usr/lib/sysstat/sadc" subj=unconfined key="T1078_Valid_Accounts"ARCH=x86_64 SYSCALL=execve AUID="unset" UID="root" GID="root" EUID="root" SUID="root" FSUID="root" EGID="root" SGID="root" FSGID="root"
type=EXECVE msg=audit(1773063603.293:2032): argc=8 a0="/usr/lib/sysstat/sadc" a1="-F" a2="-L" a3="-S" a4="DISK" a5="1" a6="1" a7="/var/log/sysstat"
type=PATH msg=audit(1773063603.293:2032): item=0 name="/usr/lib/sysstat/sadc" inode=1456139 dev=08:02 mode=0100755 ouid=0 ogid=0 rdev=00:00 nametype=NORMAL cap_fp=0 cap_fi=0 cap_fe=0 cap_fver=0 cap_frootid=0OUID="root" OGID="root"
type=PATH msg=audit(1773063603.293:2032): item=1 name="/lib64/ld-linux-x86-64.so.2" inode=1481429 dev=08:02 mode=0100755 ouid=0 ogid=0 rdev=00:00 nametype=NORMAL cap_fp=0 cap_fi=0 cap_fe=0 cap_fver=0 cap_frootid=0OUID="root" OGID="root"
type=PROCTITLE msg=audit(1773063603.293:2032): proctitle=2F7573722F6C69622F73797374656D642F73797374656D642D6578656375746F72002D2D646573657269616C697A6500313031002D2D6C6F672D6C6576656C00696E666F002D2D6C6F672D746172676574006A6F75726E616C2D6F722D6B6D7367
type=SERVICE_START msg=audit(1773063603.300:2033): pid=1 uid=0 auid=4294967295 ses=4294967295 subj=unconfined msg='unit=sysstat-collect comm="systemd" exe="/usr/lib/systemd/systemd" hostname=? addr=? terminal=? res=success'UID="root" AUID="unset"
type=SERVICE_STOP msg=audit(1773063603.300:2034): pid=1 uid=0 auid=4294967295 ses=4294967295 subj=unconfined msg='unit=sysstat-collect comm="systemd" exe="/usr/lib/systemd/systemd" hostname=? addr=? terminal=? res=success'UID="root" AUID="unset"
type=SYSCALL msg=audit(1773063635.958:2035): arch=c000003e syscall=59 success=yes exit=0 a0=62507e4301d0 a1=62507e430280 a2=62507e2e9cc0 a3=62507e430280 items=2 ppid=1380 pid=1506 auid=1000 uid=0 gid=0 euid=0 suid=0 fsuid=0 egid=0 sgid=0 fsgid=0 tty=pts1 ses=3 comm="sudo" exe="/usr/bin/sudo" subj=unconfined key="T1078_Valid_Accounts"ARCH=x86_64 SYSCALL=execve AUID="vboxuser" UID="root" GID="root" EUID="root" SUID="root" FSUID="root" EGID="root" SGID="root" FSGID="root"
type=EXECVE msg=audit(1773063635.958:2035): argc=3 a0="sudo" a1="vim" a2="/var/www/wordpress/.htaccess"
type=PATH msg=audit(1773063635.958:2035): item=0 name="/usr/bin/sudo" inode=1450157 dev=08:02 mode=0104755 ouid=0 ogid=0 rdev=00:00 nametype=NORMAL cap_fp=0 cap_fi=0 cap_fe=0 cap_fver=0 cap_frootid=0OUID="root" OGID="root"
type=PATH msg=audit(1773063635.958:2035): item=1 name="/lib64/ld-linux-x86-64.so.2" inode=1481429 dev=08:02 mode=0100755 ouid=0 ogid=0 rdev=00:00 nametype=NORMAL cap_fp=0 cap_fi=0 cap_fe=0 cap_fver=0 cap_frootid=0OUID="root" OGID="root"
type=PROCTITLE msg=audit(1773063635.958:2035): proctitle=7375646F0076696D002F7661722F7777772F776F726470726573732F2E6874616363657373
type=SYSCALL msg=audit(1773063635.967:2036): arch=c000003e syscall=257 success=yes exit=5 a0=ffffff9c a1=7ffedb6e0e10 a2=800 a3=0 items=1 ppid=1380 pid=1506 auid=1000 uid=0 gid=0 euid=1 suid=0 fsuid=1 egid=0 sgid=0 fsgid=0 tty=pts1 ses=3 comm="sudo" exe="/usr/bin/sudo" subj=unconfined key="T1169_Sudo"ARCH=x86_64 SYSCALL=openat AUID="vboxuser" UID="root" GID="root" EUID="daemon" SUID="root" FSUID="daemon" EGID="root" SGID="root" FSGID="root"
type=PATH msg=audit(1773063635.967:2036): item=0 name="/etc/sudoers" inode=1049318 dev=08:02 mode=0100440 ouid=0 ogid=0 rdev=00:00 nametype=NORMAL cap_fp=0 cap_fi=0 cap_fe=0 cap_fver=0 cap_frootid=0OUID="root" OGID="root"
type=PROCTITLE msg=audit(1773063635.967:2036): proctitle=7375646F0076696D002F7661722F7777772F776F726470726573732F2E6874616363657373
type=SYSCALL msg=audit(1773063635.967:2037): arch=c000003e syscall=42 success=yes exit=0 a0=6 a1=7a75bca0b694 a2=10 a3=7ffedb6df3b4 items=0 ppid=1380 pid=1506 auid=1000 uid=0 gid=0 euid=0 suid=0 fsuid=0 egid=0 sgid=0 fsgid=0 tty=pts1 ses=3 comm="sudo" exe="/usr/bin/sudo" subj=unconfined key="T1043_Commonly_Used_Port"ARCH=x86_64 SYSCALL=connect AUID="vboxuser" UID="root" GID="root" EUID="root" SUID="root" FSUID="root" EGID="root" SGID="root" FSGID="root"
type=SOCKADDR msg=audit(1773063635.967:2037): saddr=020000357F0000350000000000000000SADDR={ saddr_fam=inet laddr=127.0.0.53 lport=53 }
type=PROCTITLE msg=audit(1773063635.967:2037): proctitle=7375646F0076696D002F7661722F7777772F776F726470726573732F2E6874616363657373
type=SYSCALL msg=audit(1773063635.991:2038): arch=c000003e syscall=42 success=yes exit=0 a0=6 a1=7a75bca0b694 a2=10 a3=7ffedb6df3b4 items=0 ppid=1380 pid=1506 auid=1000 uid=0 gid=0 euid=0 suid=0 fsuid=0 egid=0 sgid=0 fsgid=0 tty=pts1 ses=3 comm="sudo" exe="/usr/bin/sudo" subj=unconfined key="T1043_Commonly_Used_Port"ARCH=x86_64 SYSCALL=connect AUID="vboxuser" UID="root" GID="root" EUID="root" SUID="root" FSUID="root" EGID="root" SGID="root" FSGID="root"
type=SOCKADDR msg=audit(1773063635.991:2038): saddr=020000357F0000350000000000000000SADDR={ saddr_fam=inet laddr=127.0.0.53 lport=53 }
type=PROCTITLE msg=audit(1773063635.991:2038): proctitle=7375646F0076696D002F7661722F7777772F776F726470726573732F2E6874616363657373
type=SYSCALL msg=audit(1773063635.992:2039): arch=c000003e syscall=42 success=yes exit=0 a0=6 a1=5dce5fd48740 a2=10 a3=0 items=0 ppid=1380 pid=1506 auid=1000 uid=0 gid=0 euid=0 suid=0 fsuid=0 egid=0 sgid=0 fsgid=0 tty=pts1 ses=3 comm="sudo" exe="/usr/bin/sudo" subj=unconfined key="T1043_Commonly_Used_Port"ARCH=x86_64 SYSCALL=connect AUID="vboxuser" UID="root" GID="root" EUID="root" SUID="root" FSUID="root" EGID="root" SGID="root" FSGID="root"
type=SOCKADDR msg=audit(1773063635.992:2039): saddr=020000000A00020F0000000000000000SADDR={ saddr_fam=inet laddr=10.0.2.15 lport=0 }
type=PROCTITLE msg=audit(1773063635.992:2039): proctitle=7375646F0076696D002F7661722F7777772F776F726470726573732F2E6874616363657373
type=SYSCALL msg=audit(1773063635.992:2040): arch=c000003e syscall=42 success=yes exit=0 a0=6 a1=7ffedb6e12a0 a2=10 a3=0 items=0 ppid=1380 pid=1506 auid=1000 uid=0 gid=0 euid=0 suid=0 fsuid=0 egid=0 sgid=0 fsgid=0 tty=pts1 ses=3 comm="sudo" exe="/usr/bin/sudo" subj=unconfined key="T1043_Commonly_Used_Port"ARCH=x86_64 SYSCALL=connect AUID="vboxuser" UID="root" GID="root" EUID="root" SUID="root" FSUID="root" EGID="root" SGID="root" FSGID="root"
type=SOCKADDR msg=audit(1773063635.992:2040): saddr=00000000000000000000000000000000SADDR=unknown-family(0)
type=PROCTITLE msg=audit(1773063635.992:2040): proctitle=7375646F0076696D002F7661722F7777772F776F726470726573732F2E6874616363657373
type=SYSCALL msg=audit(1773063635.992:2041): arch=c000003e syscall=42 success=yes exit=0 a0=6 a1=5dce5fd47910 a2=10 a3=0 items=0 ppid=1380 pid=1506 auid=1000 uid=0 gid=0 euid=0 suid=0 fsuid=0 egid=0 sgid=0 fsgid=0 tty=pts1 ses=3 comm="sudo" exe="/usr/bin/sudo" subj=unconfined key="T1043_Commonly_Used_Port"ARCH=x86_64 SYSCALL=connect AUID="vboxuser" UID="root" GID="root" EUID="root" SUID="root" FSUID="root" EGID="root" SGID="root" FSGID="root"
type=SOCKADDR msg=audit(1773063635.992:2041): saddr=02000000C0A8C7060000000000000000SADDR={ saddr_fam=inet laddr=192.168.199.6 lport=0 }
type=PROCTITLE msg=audit(1773063635.992:2041): proctitle=7375646F0076696D002F7661722F7777772F776F726470726573732F2E6874616363657373
type=SYSCALL msg=audit(1773063635.992:2042): arch=c000003e syscall=42 success=yes exit=0 a0=6 a1=5dce5fd47a00 a2=1c a3=0 items=0 ppid=1380 pid=1506 auid=1000 uid=0 gid=0 euid=0 suid=0 fsuid=0 egid=0 sgid=0 fsgid=0 tty=pts1 ses=3 comm="sudo" exe="/usr/bin/sudo" subj=unconfined key="T1043_Commonly_Used_Port"ARCH=x86_64 SYSCALL=connect AUID="vboxuser" UID="root" GID="root" EUID="root" SUID="root" FSUID="root" EGID="root" SGID="root" FSGID="root"
type=SOCKADDR msg=audit(1773063635.992:2042): saddr=0A00000000000000FD17625CF03700020A0027FFFED8540D00000000SADDR={ saddr_fam=inet6 laddr=fd17:625c:f037:2:a00:27ff:fed8:540d lport=0 }
type=PROCTITLE msg=audit(1773063635.992:2042): proctitle=7375646F0076696D002F7661722F7777772F776F726470726573732F2E6874616363657373
type=SYSCALL msg=audit(1773063635.992:2043): arch=c000003e syscall=42 success=yes exit=0 a0=6 a1=7ffedb6e12a0 a2=10 a3=0 items=0 ppid=1380 pid=1506 auid=1000 uid=0 gid=0 euid=0 suid=0 fsuid=0 egid=0 sgid=0 fsgid=0 tty=pts1 ses=3 comm="sudo" exe="/usr/bin/sudo" subj=unconfined key="T1043_Commonly_Used_Port"ARCH=x86_64 SYSCALL=connect AUID="vboxuser" UID="root" GID="root" EUID="root" SUID="root" FSUID="root" EGID="root" SGID="root" FSGID="root"
type=SOCKADDR msg=audit(1773063635.992:2043): saddr=00000000000000000000000000000000SADDR=unknown-family(0)
type=PROCTITLE msg=audit(1773063635.992:2043): proctitle=7375646F0076696D002F7661722F7777772F776F726470726573732F2E6874616363657373
type=SYSCALL msg=audit(1773063635.992:2044): arch=c000003e syscall=42 success=no exit=-22 a0=6 a1=5dce5fd47b20 a2=1c a3=0 items=0 ppid=1380 pid=1506 auid=1000 uid=0 gid=0 euid=0 suid=0 fsuid=0 egid=0 sgid=0 fsgid=0 tty=pts1 ses=3 comm="sudo" exe="/usr/bin/sudo" subj=unconfined key="T1043_Commonly_Used_Port"ARCH=x86_64 SYSCALL=connect AUID="vboxuser" UID="root" GID="root" EUID="root" SUID="root" FSUID="root" EGID="root" SGID="root" FSGID="root"
type=SOCKADDR msg=audit(1773063635.992:2044): saddr=0A00000000000000FE800000000000000A0027FFFED8540D00000000SADDR={ saddr_fam=inet6 laddr=fe80::a00:27ff:fed8:540d lport=0 }
type=PROCTITLE msg=audit(1773063635.992:2044): proctitle=7375646F0076696D002F7661722F7777772F776F726470726573732F2E6874616363657373
type=SYSCALL msg=audit(1773063635.992:2045): arch=c000003e syscall=42 success=yes exit=0 a0=6 a1=7ffedb6e12a0 a2=10 a3=0 items=0 ppid=1380 pid=1506 auid=1000 uid=0 gid=0 euid=0 suid=0 fsuid=0 egid=0 sgid=0 fsgid=0 tty=pts1 ses=3 comm="sudo" exe="/usr/bin/sudo" subj=unconfined key="T1043_Commonly_Used_Port"ARCH=x86_64 SYSCALL=connect AUID="vboxuser" UID="root" GID="root" EUID="root" SUID="root" FSUID="root" EGID="root" SGID="root" FSGID="root"
type=SOCKADDR msg=audit(1773063635.992:2045): saddr=00000000000000000000000000000000SADDR=unknown-family(0)
type=PROCTITLE msg=audit(1773063635.992:2045): proctitle=7375646F0076696D002F7661722F7777772F776F726470726573732F2E6874616363657373
type=SYSCALL msg=audit(1773063635.992:2046): arch=c000003e syscall=42 success=no exit=-22 a0=6 a1=5dce5fd47c40 a2=1c a3=0 items=0 ppid=1380 pid=1506 auid=1000 uid=0 gid=0 euid=0 suid=0 fsuid=0 egid=0 sgid=0 fsgid=0 tty=pts1 ses=3 comm="sudo" exe="/usr/bin/sudo" subj=unconfined key="T1043_Commonly_Used_Port"ARCH=x86_64 SYSCALL=connect AUID="vboxuser" UID="root" GID="root" EUID="root" SUID="root" FSUID="root" EGID="root" SGID="root" FSGID="root"
type=SOCKADDR msg=audit(1773063635.992:2046): saddr=0A00000000000000FE800000000000000A0027FFFE4B6CA600000000SADDR={ saddr_fam=inet6 laddr=fe80::a00:27ff:fe4b:6ca6 lport=0 }
type=PROCTITLE msg=audit(1773063635.992:2046): proctitle=7375646F0076696D002F7661722F7777772F776F726470726573732F2E6874616363657373
type=SYSCALL msg=audit(1773063635.997:2047): arch=c000003e syscall=257 success=yes exit=6 a0=ffffff9c a1=7a75bc9cf347 a2=80000 a3=0 items=1 ppid=1380 pid=1506 auid=1000 uid=0 gid=0 euid=0 suid=0 fsuid=0 egid=0 sgid=0 fsgid=0 tty=pts1 ses=3 comm="sudo" exe="/usr/bin/sudo" subj=unconfined key="T1087_Account_Discovery"ARCH=x86_64 SYSCALL=openat AUID="vboxuser" UID="root" GID="root" EUID="root" SUID="root" FSUID="root" EGID="root" SGID="root" FSGID="root"
type=PATH msg=audit(1773063635.997:2047): item=0 name="/etc/shadow" inode=1050300 dev=08:02 mode=0100640 ouid=0 ogid=42 rdev=00:00 nametype=NORMAL cap_fp=0 cap_fi=0 cap_fe=0 cap_fver=0 cap_frootid=0OUID="root" OGID="shadow"
type=PROCTITLE msg=audit(1773063635.997:2047): proctitle=7375646F0076696D002F7661722F7777772F776F726470726573732F2E6874616363657373
type=USER_ACCT msg=audit(1773063635.998:2048): pid=1506 uid=0 auid=1000 ses=3 subj=unconfined msg='op=PAM:accounting grantors=pam_permit acct="root" exe="/usr/bin/sudo" hostname=? addr=? terminal=/dev/pts/1 res=success'UID="root" AUID="vboxuser"
type=SYSCALL msg=audit(1773063635.998:2049): arch=c000003e syscall=42 success=yes exit=0 a0=7 a1=7ffedb6e17a0 a2=2d a3=5dce5fd530d0 items=1 ppid=1380 pid=1506 auid=1000 uid=0 gid=0 euid=0 suid=0 fsuid=0 egid=0 sgid=0 fsgid=0 tty=pts1 ses=3 comm="sudo" exe="/usr/bin/sudo" subj=unconfined key="T1043_Commonly_Used_Port"ARCH=x86_64 SYSCALL=connect AUID="vboxuser" UID="root" GID="root" EUID="root" SUID="root" FSUID="root" EGID="root" SGID="root" FSGID="root"
type=SOCKADDR msg=audit(1773063635.998:2049): saddr=01002F72756E2F73797374656D642F7573657264622F696F2E73797374656D642E44796E616D69635573657200SADDR={ saddr_fam=local path=/run/systemd/userdb/io.systemd.DynamicUser }
type=PATH msg=audit(1773063635.998:2049): item=0 name="/run/systemd/userdb/io.systemd.DynamicUser" inode=451 dev=00:18 mode=0140666 ouid=0 ogid=0 rdev=00:00 nametype=NORMAL cap_fp=0 cap_fi=0 cap_fe=0 cap_fver=0 cap_frootid=0OUID="root" OGID="root"
type=PROCTITLE msg=audit(1773063635.998:2049): proctitle=7375646F0076696D002F7661722F7777772F776F726470726573732F2E6874616363657373
type=USER_CMD msg=audit(1773063635.999:2050): pid=1506 uid=0 auid=1000 ses=3 subj=unconfined msg='cwd="/root" cmd=76696D202F7661722F7777772F776F726470726573732F2E6874616363657373 exe="/usr/bin/sudo" terminal=pts/1 res=success'UID="root" AUID="vboxuser"
type=SYSCALL msg=audit(1773063636.000:2051): arch=c000003e syscall=92 success=yes exit=0 a0=7ffedb6e0b50 a1=0 a2=5 a3=0 items=1 ppid=1380 pid=1506 auid=1000 uid=0 gid=0 euid=0 suid=0 fsuid=0 egid=0 sgid=0 fsgid=0 tty=pts1 ses=3 comm="sudo" exe="/usr/bin/sudo" subj=unconfined key="T1166_Seuid_and_Setgid"ARCH=x86_64 SYSCALL=chown AUID="vboxuser" UID="root" GID="root" EUID="root" SUID="root" FSUID="root" EGID="root" SGID="root" FSGID="root"
type=PATH msg=audit(1773063636.000:2051): item=0 name="/dev/pts/2" inode=5 dev=00:17 mode=020620 ouid=0 ogid=5 rdev=88:02 nametype=NORMAL cap_fp=0 cap_fi=0 cap_fe=0 cap_fver=0 cap_frootid=0OUID="root" OGID="tty"
type=PROCTITLE msg=audit(1773063636.000:2051): proctitle=7375646F0076696D002F7661722F7777772F776F726470726573732F2E6874616363657373
type=SYSCALL msg=audit(1773063636.000:2052): arch=c000003e syscall=257 success=yes exit=12 a0=ffffff9c a1=7a75bc9d46b0 a2=80002 a3=0 items=1 ppid=1380 pid=1506 auid=1000 uid=0 gid=0 euid=0 suid=0 fsuid=0 egid=0 sgid=0 fsgid=0 tty=pts1 ses=3 comm="sudo" exe="/usr/bin/sudo" subj=unconfined key="T1108_Redundant_Access"ARCH=x86_64 SYSCALL=openat AUID="vboxuser" UID="root" GID="root" EUID="root" SUID="root" FSUID="root" EGID="root" SGID="root" FSGID="root"
type=PATH msg=audit(1773063636.000:2052): item=0 name="/var/run/utmp" inode=716 dev=00:18 mode=0100664 ouid=0 ogid=43 rdev=00:00 nametype=NORMAL cap_fp=0 cap_fi=0 cap_fe=0 cap_fver=0 cap_frootid=0OUID="root" OGID="utmp"
type=PROCTITLE msg=audit(1773063636.000:2052): proctitle=7375646F0076696D002F7661722F7777772F776F726470726573732F2E6874616363657373
type=SYSCALL msg=audit(1773063636.000:2053): arch=c000003e syscall=106 success=yes exit=0 a0=0 a1=0 a2=1026105 a3=7a75bcacdf60 items=0 ppid=1380 pid=1506 auid=1000 uid=0 gid=0 euid=0 suid=0 fsuid=0 egid=0 sgid=0 fsgid=0 tty=pts1 ses=3 comm="sudo" exe="/usr/bin/sudo" subj=unconfined key="T1166_Seuid_and_Setgid"ARCH=x86_64 SYSCALL=setgid AUID="vboxuser" UID="root" GID="root" EUID="root" SUID="root" FSUID="root" EGID="root" SGID="root" FSGID="root"
type=PROCTITLE msg=audit(1773063636.000:2053): proctitle=7375646F0076696D002F7661722F7777772F776F726470726573732F2E6874616363657373
type=CRED_REFR msg=audit(1773063636.000:2054): pid=1506 uid=0 auid=1000 ses=3 subj=unconfined msg='op=PAM:setcred grantors=pam_permit,pam_cap acct="root" exe="/usr/bin/sudo" hostname=? addr=? terminal=/dev/pts/1 res=success'UID="root" AUID="vboxuser"
type=USER_START msg=audit(1773063636.002:2055): pid=1506 uid=0 auid=1000 ses=3 subj=unconfined msg='op=PAM:session_open grantors=pam_limits,pam_env,pam_env,pam_permit,pam_umask,pam_unix acct="root" exe="/usr/bin/sudo" hostname=? addr=? terminal=/dev/pts/1 res=success'UID="root" AUID="vboxuser"
type=SYSCALL msg=audit(1773063636.003:2056): arch=c000003e syscall=59 success=yes exit=0 a0=5dce5fd38ae8 a1=5dce5fd485e0 a2=5dce5fdd7920 a3=64 items=2 ppid=1507 pid=1508 auid=1000 uid=0 gid=0 euid=0 suid=0 fsuid=0 egid=0 sgid=0 fsgid=0 tty=pts2 ses=3 comm="vim" exe="/usr/bin/vim.basic" subj=unconfined key="T1078_Valid_Accounts"ARCH=x86_64 SYSCALL=execve AUID="vboxuser" UID="root" GID="root" EUID="root" SUID="root" FSUID="root" EGID="root" SGID="root" FSGID="root"
type=EXECVE msg=audit(1773063636.003:2056): argc=2 a0="vim" a1="/var/www/wordpress/.htaccess"
type=PATH msg=audit(1773063636.003:2056): item=0 name="/usr/bin/vim" inode=1483710 dev=08:02 mode=0100755 ouid=0 ogid=0 rdev=00:00 nametype=NORMAL cap_fp=0 cap_fi=0 cap_fe=0 cap_fver=0 cap_frootid=0OUID="root" OGID="root"
type=PATH msg=audit(1773063636.003:2056): item=1 name="/lib64/ld-linux-x86-64.so.2" inode=1481429 dev=08:02 mode=0100755 ouid=0 ogid=0 rdev=00:00 nametype=NORMAL cap_fp=0 cap_fi=0 cap_fe=0 cap_fver=0 cap_frootid=0OUID="root" OGID="root"
type=PROCTITLE msg=audit(1773063636.003:2056): proctitle=76696D002F7661722F7777772F776F726470726573732F2E6874616363657373
type=SYSCALL msg=audit(1773063636.261:2057): arch=c000003e syscall=87 success=yes exit=0 a0=5b50be415420 a1=7fffaaf3d210 a2=5 a3=180 items=2 ppid=1507 pid=1508 auid=1000 uid=0 gid=0 euid=0 suid=0 fsuid=0 egid=0 sgid=0 fsgid=0 tty=pts2 ses=3 comm="vim" exe="/usr/bin/vim.basic" subj=unconfined key="T1107_File_Deletion"ARCH=x86_64 SYSCALL=unlink AUID="vboxuser" UID="root" GID="root" EUID="root" SUID="root" FSUID="root" EGID="root" SGID="root" FSGID="root"
type=PATH msg=audit(1773063636.261:2057): item=0 name="/var/www/wordpress/" inode=826621 dev=08:02 mode=040755 ouid=33 ogid=33 rdev=00:00 nametype=PARENT cap_fp=0 cap_fi=0 cap_fe=0 cap_fver=0 cap_frootid=0OUID="www-data" OGID="www-data"
type=PATH msg=audit(1773063636.261:2057): item=1 name="/var/www/wordpress/.htaccess.swx" inode=830792 dev=08:02 mode=0100600 ouid=0 ogid=0 rdev=00:00 nametype=DELETE cap_fp=0 cap_fi=0 cap_fe=0 cap_fver=0 cap_frootid=0OUID="root" OGID="root"
type=PROCTITLE msg=audit(1773063636.261:2057): proctitle=76696D002F7661722F7777772F776F726470726573732F2E6874616363657373
type=SYSCALL msg=audit(1773063636.261:2058): arch=c000003e syscall=87 success=yes exit=0 a0=5b50be0fe6c0 a1=7fffaaf3d210 a2=5 a3=180 items=2 ppid=1507 pid=1508 auid=1000 uid=0 gid=0 euid=0 suid=0 fsuid=0 egid=0 sgid=0 fsgid=0 tty=pts2 ses=3 comm="vim" exe="/usr/bin/vim.basic" subj=unconfined key="T1107_File_Deletion"ARCH=x86_64 SYSCALL=unlink AUID="vboxuser" UID="root" GID="root" EUID="root" SUID="root" FSUID="root" EGID="root" SGID="root" FSGID="root"
type=PATH msg=audit(1773063636.261:2058): item=0 name="/var/www/wordpress/" inode=826621 dev=08:02 mode=040755 ouid=33 ogid=33 rdev=00:00 nametype=PARENT cap_fp=0 cap_fi=0 cap_fe=0 cap_fver=0 cap_frootid=0OUID="www-data" OGID="www-data"
type=PATH msg=audit(1773063636.261:2058): item=1 name="/var/www/wordpress/.htaccess.swp" inode=830791 dev=08:02 mode=0100600 ouid=0 ogid=0 rdev=00:00 nametype=DELETE cap_fp=0 cap_fi=0 cap_fe=0 cap_fver=0 cap_frootid=0OUID="root" OGID="root"
type=PROCTITLE msg=audit(1773063636.261:2058): proctitle=76696D002F7661722F7777772F776F726470726573732F2E6874616363657373
type=SYSCALL msg=audit(1773063636.263:2059): arch=c000003e syscall=90 success=yes exit=0 a0=5b50be0fe6c0 a1=1a4 a2=0 a3=5b508c13dc60 items=1 ppid=1507 pid=1508 auid=1000 uid=0 gid=0 euid=0 suid=0 fsuid=0 egid=0 sgid=0 fsgid=0 tty=pts2 ses=3 comm="vim" exe="/usr/bin/vim.basic" subj=unconfined key="T1166_Seuid_and_Setgid"ARCH=x86_64 SYSCALL=chmod AUID="vboxuser" UID="root" GID="root" EUID="root" SUID="root" FSUID="root" EGID="root" SGID="root" FSGID="root"
type=PATH msg=audit(1773063636.263:2059): item=0 name="/var/www/wordpress/.htaccess.swp" inode=830791 dev=08:02 mode=0100600 ouid=0 ogid=0 rdev=00:00 nametype=NORMAL cap_fp=0 cap_fi=0 cap_fe=0 cap_fver=0 cap_frootid=0OUID="root" OGID="root"
type=PROCTITLE msg=audit(1773063636.263:2059): proctitle=76696D002F7661722F7777772F776F726470726573732F2E6874616363657373
type=SYSCALL msg=audit(1773063641.172:2060): arch=c000003e syscall=93 success=yes exit=0 a0=3 a1=21 a2=21 a3=81a4 items=1 ppid=1507 pid=1508 auid=1000 uid=0 gid=0 euid=0 suid=0 fsuid=0 egid=0 sgid=0 fsgid=0 tty=pts2 ses=3 comm="vim" exe="/usr/bin/vim.basic" subj=unconfined key="T1166_Seuid_and_Setgid"ARCH=x86_64 SYSCALL=fchown AUID="vboxuser" UID="root" GID="root" EUID="root" SUID="root" FSUID="root" EGID="root" SGID="root" FSGID="root"
type=PATH msg=audit(1773063641.172:2060): item=0 name=(null) inode=830792 dev=08:02 mode=0100644 ouid=0 ogid=0 rdev=00:00 nametype=NORMAL cap_fp=0 cap_fi=0 cap_fe=0 cap_fver=0 cap_frootid=0OUID="root" OGID="root"
type=PROCTITLE msg=audit(1773063641.172:2060): proctitle=76696D002F7661722F7777772F776F726470726573732F2E6874616363657373
type=SYSCALL msg=audit(1773063641.172:2061): arch=c000003e syscall=87 success=yes exit=0 a0=5b50be0ef420 a1=0 a2=0 a3=0 items=2 ppid=1507 pid=1508 auid=1000 uid=0 gid=0 euid=0 suid=0 fsuid=0 egid=0 sgid=0 fsgid=0 tty=pts2 ses=3 comm="vim" exe="/usr/bin/vim.basic" subj=unconfined key="T1107_File_Deletion"ARCH=x86_64 SYSCALL=unlink AUID="vboxuser" UID="root" GID="root" EUID="root" SUID="root" FSUID="root" EGID="root" SGID="root" FSGID="root"
type=PATH msg=audit(1773063641.172:2061): item=0 name="/var/www/wordpress/" inode=826621 dev=08:02 mode=040755 ouid=33 ogid=33 rdev=00:00 nametype=PARENT cap_fp=0 cap_fi=0 cap_fe=0 cap_fver=0 cap_frootid=0OUID="www-data" OGID="www-data"
type=PATH msg=audit(1773063641.172:2061): item=1 name="/var/www/wordpress/4913" inode=830792 dev=08:02 mode=0100644 ouid=33 ogid=33 rdev=00:00 nametype=DELETE cap_fp=0 cap_fi=0 cap_fe=0 cap_fver=0 cap_frootid=0OUID="www-data" OGID="www-data"
type=PROCTITLE msg=audit(1773063641.172:2061): proctitle=76696D002F7661722F7777772F776F726470726573732F2E6874616363657373
type=SYSCALL msg=audit(1773063641.173:2062): arch=c000003e syscall=87 success=no exit=-2 a0=5b50be3c8a00 a1=5b50be3c8a00 a2=fffffffffffffc58 a3=0 items=1 ppid=1507 pid=1508 auid=1000 uid=0 gid=0 euid=0 suid=0 fsuid=0 egid=0 sgid=0 fsgid=0 tty=pts2 ses=3 comm="vim" exe="/usr/bin/vim.basic" subj=unconfined key="T1107_File_Deletion"ARCH=x86_64 SYSCALL=unlink AUID="vboxuser" UID="root" GID="root" EUID="root" SUID="root" FSUID="root" EGID="root" SGID="root" FSGID="root"
type=PATH msg=audit(1773063641.173:2062): item=0 name="/var/www/wordpress/" inode=826621 dev=08:02 mode=040755 ouid=33 ogid=33 rdev=00:00 nametype=PARENT cap_fp=0 cap_fi=0 cap_fe=0 cap_fver=0 cap_frootid=0OUID="www-data" OGID="www-data"
type=PROCTITLE msg=audit(1773063641.173:2062): proctitle=76696D002F7661722F7777772F776F726470726573732F2E6874616363657373
type=SYSCALL msg=audit(1773063641.173:2063): arch=c000003e syscall=82 success=yes exit=0 a0=5b50be0fe6f0 a1=5b50be3c8a00 a2=fffffffffffffc58 a3=0 items=4 ppid=1507 pid=1508 auid=1000 uid=0 gid=0 euid=0 suid=0 fsuid=0 egid=0 sgid=0 fsgid=0 tty=pts2 ses=3 comm="vim" exe="/usr/bin/vim.basic" subj=unconfined key="T1107_File_Deletion"ARCH=x86_64 SYSCALL=rename AUID="vboxuser" UID="root" GID="root" EUID="root" SUID="root" FSUID="root" EGID="root" SGID="root" FSGID="root"
type=PATH msg=audit(1773063641.173:2063): item=0 name="/var/www/wordpress/" inode=826621 dev=08:02 mode=040755 ouid=33 ogid=33 rdev=00:00 nametype=PARENT cap_fp=0 cap_fi=0 cap_fe=0 cap_fver=0 cap_frootid=0OUID="www-data" OGID="www-data"
type=PATH msg=audit(1773063641.173:2063): item=1 name="/var/www/wordpress/" inode=826621 dev=08:02 mode=040755 ouid=33 ogid=33 rdev=00:00 nametype=PARENT cap_fp=0 cap_fi=0 cap_fe=0 cap_fver=0 cap_frootid=0OUID="www-data" OGID="www-data"
type=PATH msg=audit(1773063641.173:2063): item=2 name="/var/www/wordpress/.htaccess" inode=830790 dev=08:02 mode=0100644 ouid=33 ogid=33 rdev=00:00 nametype=DELETE cap_fp=0 cap_fi=0 cap_fe=0 cap_fver=0 cap_frootid=0OUID="www-data" OGID="www-data"
type=PATH msg=audit(1773063641.173:2063): item=3 name="/var/www/wordpress/.htaccess~" inode=830790 dev=08:02 mode=0100644 ouid=33 ogid=33 rdev=00:00 nametype=CREATE cap_fp=0 cap_fi=0 cap_fe=0 cap_fver=0 cap_frootid=0OUID="www-data" OGID="www-data"
type=PROCTITLE msg=audit(1773063641.173:2063): proctitle=76696D002F7661722F7777772F776F726470726573732F2E6874616363657373
type=SYSCALL msg=audit(1773063641.182:2064): arch=c000003e syscall=93 success=yes exit=0 a0=3 a1=21 a2=ffffffff a3=0 items=1 ppid=1507 pid=1508 auid=1000 uid=0 gid=0 euid=0 suid=0 fsuid=0 egid=0 sgid=0 fsgid=0 tty=pts2 ses=3 comm="vim" exe="/usr/bin/vim.basic" subj=unconfined key="T1166_Seuid_and_Setgid"ARCH=x86_64 SYSCALL=fchown AUID="vboxuser" UID="root" GID="root" EUID="root" SUID="root" FSUID="root" EGID="root" SGID="root" FSGID="root"
type=PATH msg=audit(1773063641.182:2064): item=0 name=(null) inode=830792 dev=08:02 mode=0100644 ouid=0 ogid=0 rdev=00:00 nametype=NORMAL cap_fp=0 cap_fi=0 cap_fe=0 cap_fver=0 cap_frootid=0OUID="root" OGID="root"
type=PROCTITLE msg=audit(1773063641.182:2064): proctitle=76696D002F7661722F7777772F776F726470726573732F2E6874616363657373
type=SYSCALL msg=audit(1773063641.183:2065): arch=c000003e syscall=93 success=yes exit=0 a0=3 a1=ffffffff a2=21 a3=0 items=1 ppid=1507 pid=1508 auid=1000 uid=0 gid=0 euid=0 suid=0 fsuid=0 egid=0 sgid=0 fsgid=0 tty=pts2 ses=3 comm="vim" exe="/usr/bin/vim.basic" subj=unconfined key="T1166_Seuid_and_Setgid"ARCH=x86_64 SYSCALL=fchown AUID="vboxuser" UID="root" GID="root" EUID="root" SUID="root" FSUID="root" EGID="root" SGID="root" FSGID="root"
type=PATH msg=audit(1773063641.183:2065): item=0 name=(null) inode=830792 dev=08:02 mode=0100644 ouid=33 ogid=0 rdev=00:00 nametype=NORMAL cap_fp=0 cap_fi=0 cap_fe=0 cap_fver=0 cap_frootid=0OUID="www-data" OGID="root"
type=PROCTITLE msg=audit(1773063641.183:2065): proctitle=76696D002F7661722F7777772F776F726470726573732F2E6874616363657373
type=SYSCALL msg=audit(1773063641.183:2066): arch=c000003e syscall=91 success=yes exit=0 a0=3 a1=81a4 a2=7fffaaf3ccc0 a3=0 items=1 ppid=1507 pid=1508 auid=1000 uid=0 gid=0 euid=0 suid=0 fsuid=0 egid=0 sgid=0 fsgid=0 tty=pts2 ses=3 comm="vim" exe="/usr/bin/vim.basic" subj=unconfined key="T1166_Seuid_and_Setgid"ARCH=x86_64 SYSCALL=fchmod AUID="vboxuser" UID="root" GID="root" EUID="root" SUID="root" FSUID="root" EGID="root" SGID="root" FSGID="root"
type=PATH msg=audit(1773063641.183:2066): item=0 name=(null) inode=830792 dev=08:02 mode=0100644 ouid=33 ogid=33 rdev=00:00 nametype=NORMAL cap_fp=0 cap_fi=0 cap_fe=0 cap_fver=0 cap_frootid=0OUID="www-data" OGID="www-data"
type=PROCTITLE msg=audit(1773063641.183:2066): proctitle=76696D002F7661722F7777772F776F726470726573732F2E6874616363657373
type=SYSCALL msg=audit(1773063641.183:2067): arch=c000003e syscall=188 success=yes exit=0 a0=5b50be0fe6f0 a1=72575ec54000 a2=5b50be3c8a50 a3=1c items=1 ppid=1507 pid=1508 auid=1000 uid=0 gid=0 euid=0 suid=0 fsuid=0 egid=0 sgid=0 fsgid=0 tty=pts2 ses=3 comm="vim" exe="/usr/bin/vim.basic" subj=unconfined key="T1166_Seuid_and_Setgid"ARCH=x86_64 SYSCALL=setxattr AUID="vboxuser" UID="root" GID="root" EUID="root" SUID="root" FSUID="root" EGID="root" SGID="root" FSGID="root"
type=PATH msg=audit(1773063641.183:2067): item=0 name="/var/www/wordpress/.htaccess" inode=830792 dev=08:02 mode=0100644 ouid=33 ogid=33 rdev=00:00 nametype=NORMAL cap_fp=0 cap_fi=0 cap_fe=0 cap_fver=0 cap_frootid=0OUID="www-data" OGID="www-data"
type=PROCTITLE msg=audit(1773063641.183:2067): proctitle=76696D002F7661722F7777772F776F726470726573732F2E6874616363657373
type=SYSCALL msg=audit(1773063641.183:2068): arch=c000003e syscall=87 success=yes exit=0 a0=5b50be3c8a00 a1=382d6674 a2=5b508c094b7d a3=0 items=2 ppid=1507 pid=1508 auid=1000 uid=0 gid=0 euid=0 suid=0 fsuid=0 egid=0 sgid=0 fsgid=0 tty=pts2 ses=3 comm="vim" exe="/usr/bin/vim.basic" subj=unconfined key="T1107_File_Deletion"ARCH=x86_64 SYSCALL=unlink AUID="vboxuser" UID="root" GID="root" EUID="root" SUID="root" FSUID="root" EGID="root" SGID="root" FSGID="root"
type=PATH msg=audit(1773063641.183:2068): item=0 name="/var/www/wordpress/" inode=826621 dev=08:02 mode=040755 ouid=33 ogid=33 rdev=00:00 nametype=PARENT cap_fp=0 cap_fi=0 cap_fe=0 cap_fver=0 cap_frootid=0OUID="www-data" OGID="www-data"
type=PATH msg=audit(1773063641.183:2068): item=1 name="/var/www/wordpress/.htaccess~" inode=830790 dev=08:02 mode=0100644 ouid=33 ogid=33 rdev=00:00 nametype=DELETE cap_fp=0 cap_fi=0 cap_fe=0 cap_fver=0 cap_frootid=0OUID="www-data" OGID="www-data"
type=PROCTITLE msg=audit(1773063641.183:2068): proctitle=76696D002F7661722F7777772F776F726470726573732F2E6874616363657373
type=SYSCALL msg=audit(1773063641.183:2069): arch=c000003e syscall=87 success=yes exit=0 a0=5b50be3d11b0 a1=5b50be3d11b0 a2=7fffaaf3c0a0 a3=0 items=2 ppid=1507 pid=1508 auid=1000 uid=0 gid=0 euid=0 suid=0 fsuid=0 egid=0 sgid=0 fsgid=0 tty=pts2 ses=3 comm="vim" exe="/usr/bin/vim.basic" subj=unconfined key="T1107_File_Deletion"ARCH=x86_64 SYSCALL=unlink AUID="vboxuser" UID="root" GID="root" EUID="root" SUID="root" FSUID="root" EGID="root" SGID="root" FSGID="root"
type=PATH msg=audit(1773063641.183:2069): item=0 name="/root/" inode=1048578 dev=08:02 mode=040700 ouid=0 ogid=0 rdev=00:00 nametype=PARENT cap_fp=0 cap_fi=0 cap_fe=0 cap_fver=0 cap_frootid=0OUID="root" OGID="root"
type=PATH msg=audit(1773063641.183:2069): item=1 name="/root/.viminfo" inode=1051137 dev=08:02 mode=0100600 ouid=0 ogid=0 rdev=00:00 nametype=DELETE cap_fp=0 cap_fi=0 cap_fe=0 cap_fver=0 cap_frootid=0OUID="root" OGID="root"
type=PROCTITLE msg=audit(1773063641.183:2069): proctitle=76696D002F7661722F7777772F776F726470726573732F2E6874616363657373
type=SYSCALL msg=audit(1773063641.183:2070): arch=c000003e syscall=82 success=yes exit=0 a0=5b50be3c7b50 a1=5b50be3d11b0 a2=7fffaaf3c0a0 a3=0 items=4 ppid=1507 pid=1508 auid=1000 uid=0 gid=0 euid=0 suid=0 fsuid=0 egid=0 sgid=0 fsgid=0 tty=pts2 ses=3 comm="vim" exe="/usr/bin/vim.basic" subj=unconfined key="T1107_File_Deletion"ARCH=x86_64 SYSCALL=rename AUID="vboxuser" UID="root" GID="root" EUID="root" SUID="root" FSUID="root" EGID="root" SGID="root" FSGID="root"
type=PATH msg=audit(1773063641.183:2070): item=0 name="/root/" inode=1048578 dev=08:02 mode=040700 ouid=0 ogid=0 rdev=00:00 nametype=PARENT cap_fp=0 cap_fi=0 cap_fe=0 cap_fver=0 cap_frootid=0OUID="root" OGID="root"
type=PATH msg=audit(1773063641.183:2070): item=1 name="/root/" inode=1048578 dev=08:02 mode=040700 ouid=0 ogid=0 rdev=00:00 nametype=PARENT cap_fp=0 cap_fi=0 cap_fe=0 cap_fver=0 cap_frootid=0OUID="root" OGID="root"
type=PATH msg=audit(1773063641.183:2070): item=2 name="/root/.viminfo.tmp" inode=1051138 dev=08:02 mode=0100600 ouid=0 ogid=0 rdev=00:00 nametype=DELETE cap_fp=0 cap_fi=0 cap_fe=0 cap_fver=0 cap_frootid=0OUID="root" OGID="root"
type=PATH msg=audit(1773063641.183:2070): item=3 name="/root/.viminfo" inode=1051138 dev=08:02 mode=0100600 ouid=0 ogid=0 rdev=00:00 nametype=CREATE cap_fp=0 cap_fi=0 cap_fe=0 cap_fver=0 cap_frootid=0OUID="root" OGID="root"
type=PROCTITLE msg=audit(1773063641.183:2070): proctitle=76696D002F7661722F7777772F776F726470726573732F2E6874616363657373
type=SYSCALL msg=audit(1773063641.186:2071): arch=c000003e syscall=87 success=yes exit=0 a0=5b50be11d040 a1=0 a2=0 a3=0 items=2 ppid=1507 pid=1508 auid=1000 uid=0 gid=0 euid=0 suid=0 fsuid=0 egid=0 sgid=0 fsgid=0 tty=pts2 ses=3 comm="vim" exe="/usr/bin/vim.basic" subj=unconfined key="T1107_File_Deletion"ARCH=x86_64 SYSCALL=unlink AUID="vboxuser" UID="root" GID="root" EUID="root" SUID="root" FSUID="root" EGID="root" SGID="root" FSGID="root"
type=PATH msg=audit(1773063641.186:2071): item=0 name="/var/www/wordpress/" inode=826621 dev=08:02 mode=040755 ouid=33 ogid=33 rdev=00:00 nametype=PARENT cap_fp=0 cap_fi=0 cap_fe=0 cap_fver=0 cap_frootid=0OUID="www-data" OGID="www-data"
type=PATH msg=audit(1773063641.186:2071): item=1 name="/var/www/wordpress/.htaccess.swp" inode=830791 dev=08:02 mode=0100644 ouid=0 ogid=0 rdev=00:00 nametype=DELETE cap_fp=0 cap_fi=0 cap_fe=0 cap_fver=0 cap_frootid=0OUID="root" OGID="root"
type=PROCTITLE msg=audit(1773063641.186:2071): proctitle=76696D002F7661722F7777772F776F726470726573732F2E6874616363657373
type=SYSCALL msg=audit(1773063641.191:2072): arch=c000003e syscall=257 success=yes exit=12 a0=ffffff9c a1=7a75bc9d46b0 a2=80002 a3=0 items=1 ppid=1380 pid=1506 auid=1000 uid=0 gid=0 euid=0 suid=0 fsuid=0 egid=0 sgid=0 fsgid=0 tty=pts1 ses=3 comm="sudo" exe="/usr/bin/sudo" subj=unconfined key="T1108_Redundant_Access"ARCH=x86_64 SYSCALL=openat AUID="vboxuser" UID="root" GID="root" EUID="root" SUID="root" FSUID="root" EGID="root" SGID="root" FSGID="root"
type=PATH msg=audit(1773063641.191:2072): item=0 name="/var/run/utmp" inode=716 dev=00:18 mode=0100664 ouid=0 ogid=43 rdev=00:00 nametype=NORMAL cap_fp=0 cap_fi=0 cap_fe=0 cap_fver=0 cap_frootid=0OUID="root" OGID="utmp"
type=PROCTITLE msg=audit(1773063641.191:2072): proctitle=7375646F0076696D002F7661722F7777772F776F726470726573732F2E6874616363657373
type=USER_END msg=audit(1773063641.191:2073): pid=1506 uid=0 auid=1000 ses=3 subj=unconfined msg='op=PAM:session_close grantors=pam_limits,pam_env,pam_env,pam_permit,pam_umask,pam_unix acct="root" exe="/usr/bin/sudo" hostname=? addr=? terminal=/dev/pts/1 res=success'UID="root" AUID="vboxuser"
type=CRED_DISP msg=audit(1773063641.191:2074): pid=1506 uid=0 auid=1000 ses=3 subj=unconfined msg='op=PAM:setcred grantors=pam_permit acct="root" exe="/usr/bin/sudo" hostname=? addr=? terminal=/dev/pts/1 res=success'UID="root" AUID="vboxuser"
type=SYSCALL msg=audit(1773063649.659:2075): arch=c000003e syscall=59 success=yes exit=0 a0=62507e430350 a1=62507e4301a0 a2=62507e2e9cc0 a3=62507e4301a0 items=2 ppid=1380 pid=1510 auid=1000 uid=0 gid=0 euid=0 suid=0 fsuid=0 egid=0 sgid=0 fsgid=0 tty=pts1 ses=3 comm="systemctl" exe="/usr/bin/systemctl" subj=unconfined key="T1078_Valid_Accounts"ARCH=x86_64 SYSCALL=execve AUID="vboxuser" UID="root" GID="root" EUID="root" SUID="root" FSUID="root" EGID="root" SGID="root" FSGID="root"
type=EXECVE msg=audit(1773063649.659:2075): argc=3 a0="systemctl" a1="reload" a2="apache2"
type=PATH msg=audit(1773063649.659:2075): item=0 name="/usr/bin/systemctl" inode=1461475 dev=08:02 mode=0100755 ouid=0 ogid=0 rdev=00:00 nametype=NORMAL cap_fp=0 cap_fi=0 cap_fe=0 cap_fver=0 cap_frootid=0OUID="root" OGID="root"
type=PATH msg=audit(1773063649.659:2075): item=1 name="/lib64/ld-linux-x86-64.so.2" inode=1481429 dev=08:02 mode=0100755 ouid=0 ogid=0 rdev=00:00 nametype=NORMAL cap_fp=0 cap_fi=0 cap_fe=0 cap_fver=0 cap_frootid=0OUID="root" OGID="root"
type=PROCTITLE msg=audit(1773063649.659:2075): proctitle=73797374656D63746C0072656C6F61640061706163686532
type=SYSCALL msg=audit(1773063649.669:2076): arch=c000003e syscall=42 success=yes exit=0 a0=3 a1=64a656ad6ac8 a2=17 a3=7ffef5ed4e74 items=1 ppid=1380 pid=1510 auid=1000 uid=0 gid=0 euid=0 suid=0 fsuid=0 egid=0 sgid=0 fsgid=0 tty=pts1 ses=3 comm="systemctl" exe="/usr/bin/systemctl" subj=unconfined key="T1043_Commonly_Used_Port"ARCH=x86_64 SYSCALL=connect AUID="vboxuser" UID="root" GID="root" EUID="root" SUID="root" FSUID="root" EGID="root" SGID="root" FSGID="root"
type=SOCKADDR msg=audit(1773063649.669:2076): saddr=01002F72756E2F73797374656D642F7072697661746500SADDR={ saddr_fam=local path=/run/systemd/private }
type=PATH msg=audit(1773063649.669:2076): item=0 name="/run/systemd/private" inode=449 dev=00:18 mode=0140700 ouid=0 ogid=0 rdev=00:00 nametype=NORMAL cap_fp=0 cap_fi=0 cap_fe=0 cap_fver=0 cap_frootid=0OUID="root" OGID="root"
type=PROCTITLE msg=audit(1773063649.669:2076): proctitle=73797374656D63746C0072656C6F61640061706163686532
type=SYSCALL msg=audit(1773063649.671:2077): arch=c000003e syscall=59 success=yes exit=0 a0=64a63cc79090 a1=7ffef5ed50f0 a2=7ffef5ed5978 a3=70473a5aa8d0 items=2 ppid=1510 pid=1511 auid=1000 uid=0 gid=0 euid=0 suid=0 fsuid=0 egid=0 sgid=0 fsgid=0 tty=pts1 ses=3 comm="systemd-tty-ask" exe="/usr/bin/systemd-tty-ask-password-agent" subj=unconfined key="T1078_Valid_Accounts"ARCH=x86_64 SYSCALL=execve AUID="vboxuser" UID="root" GID="root" EUID="root" SUID="root" FSUID="root" EGID="root" SGID="root" FSGID="root"
type=EXECVE msg=audit(1773063649.671:2077): argc=2 a0="/usr/bin/systemd-tty-ask-password-agent" a1="--watch"
type=PATH msg=audit(1773063649.671:2077): item=0 name="/usr/bin/systemd-tty-ask-password-agent" inode=1461700 dev=08:02 mode=0100755 ouid=0 ogid=0 rdev=00:00 nametype=NORMAL cap_fp=0 cap_fi=0 cap_fe=0 cap_fver=0 cap_frootid=0OUID="root" OGID="root"
type=PATH msg=audit(1773063649.671:2077): item=1 name="/lib64/ld-linux-x86-64.so.2" inode=1481429 dev=08:02 mode=0100755 ouid=0 ogid=0 rdev=00:00 nametype=NORMAL cap_fp=0 cap_fi=0 cap_fe=0 cap_fver=0 cap_frootid=0OUID="root" OGID="root"
type=PROCTITLE msg=audit(1773063649.671:2077): proctitle=2F7573722F62696E2F73797374656D642D7474792D61736B2D70617373776F72642D6167656E74002D2D7761746368
type=SYSCALL msg=audit(1773063649.674:2078): arch=c000003e syscall=59 success=yes exit=0 a0=7fffafa394f0 a1=7fffafa39510 a2=7fffafa39fd8 a3=8 items=2 ppid=1 pid=1512 auid=4294967295 uid=0 gid=0 euid=0 suid=0 fsuid=0 egid=0 sgid=0 fsgid=0 tty=(none) ses=4294967295 comm="9" exe="/usr/lib/systemd/systemd-executor" subj=unconfined key="T1078_Valid_Accounts"ARCH=x86_64 SYSCALL=execve AUID="unset" UID="root" GID="root" EUID="root" SUID="root" FSUID="root" EGID="root" SGID="root" FSGID="root"
type=EXECVE msg=audit(1773063649.674:2078): argc=7 a0="/usr/lib/systemd/systemd-executor" a1="--deserialize" a2="105" a3="--log-level" a4="info" a5="--log-target" a6="journal-or-kmsg"
type=PATH msg=audit(1773063649.674:2078): item=0 name="/proc/self/fd/9" inode=1463834 dev=08:02 mode=0100755 ouid=0 ogid=0 rdev=00:00 nametype=NORMAL cap_fp=0 cap_fi=0 cap_fe=0 cap_fver=0 cap_frootid=0OUID="root" OGID="root"
type=PATH msg=audit(1773063649.674:2078): item=1 name="/lib64/ld-linux-x86-64.so.2" inode=1481429 dev=08:02 mode=0100755 ouid=0 ogid=0 rdev=00:00 nametype=NORMAL cap_fp=0 cap_fi=0 cap_fe=0 cap_fver=0 cap_frootid=0OUID="root" OGID="root"
type=PROCTITLE msg=audit(1773063649.674:2078): proctitle=2F7573722F6C69622F73797374656D642F73797374656D642D6578656375746F72002D2D646573657269616C697A6500313035002D2D6C6F672D6C6576656C00696E666F002D2D6C6F672D746172676574006A6F75726E616C2D6F722D6B6D7367
type=SYSCALL msg=audit(1773063649.684:2079): arch=c000003e syscall=42 success=yes exit=0 a0=4 a1=7ffe5336acf0 a2=1e a3=7ffe5336ada0 items=1 ppid=1 pid=1512 auid=4294967295 uid=0 gid=0 euid=0 suid=0 fsuid=0 egid=0 sgid=0 fsgid=0 tty=(none) ses=4294967295 comm="9" exe="/usr/lib/systemd/systemd-executor" subj=unconfined key="T1043_Commonly_Used_Port"ARCH=x86_64 SYSCALL=connect AUID="unset" UID="root" GID="root" EUID="root" SUID="root" FSUID="root" EGID="root" SGID="root" FSGID="root"
type=SOCKADDR msg=audit(1773063649.684:2079): saddr=01002F72756E2F73797374656D642F6A6F75726E616C2F736F636B657400SADDR={ saddr_fam=local path=/run/systemd/journal/socket }
type=PATH msg=audit(1773063649.684:2079): item=0 name="/run/systemd/journal/socket" inode=464 dev=00:18 mode=0140666 ouid=0 ogid=0 rdev=00:00 nametype=NORMAL cap_fp=0 cap_fi=0 cap_fe=0 cap_fver=0 cap_frootid=0OUID="root" OGID="root"
type=PROCTITLE msg=audit(1773063649.684:2079): proctitle=2F7573722F6C69622F73797374656D642F73797374656D642D6578656375746F72002D2D646573657269616C697A6500313035002D2D6C6F672D6C6576656C00696E666F002D2D6C6F672D746172676574006A6F75726E616C2D6F722D6B6D7367
type=SYSCALL msg=audit(1773063649.684:2080): arch=c000003e syscall=42 success=yes exit=0 a0=3 a1=7ffe5336a870 a2=1e a3=fffffff7 items=1 ppid=1 pid=1512 auid=4294967295 uid=0 gid=0 euid=0 suid=0 fsuid=0 egid=0 sgid=0 fsgid=0 tty=(none) ses=4294967295 comm="(pachectl)" exe="/usr/lib/systemd/systemd-executor" subj=unconfined key="T1043_Commonly_Used_Port"ARCH=x86_64 SYSCALL=connect AUID="unset" UID="root" GID="root" EUID="root" SUID="root" FSUID="root" EGID="root" SGID="root" FSGID="root"
type=SOCKADDR msg=audit(1773063649.684:2080): saddr=01002F72756E2F73797374656D642F6A6F75726E616C2F7374646F757400SADDR={ saddr_fam=local path=/run/systemd/journal/stdout }
type=PATH msg=audit(1773063649.684:2080): item=0 name="/run/systemd/journal/stdout" inode=465 dev=00:18 mode=0140666 ouid=0 ogid=0 rdev=00:00 nametype=NORMAL cap_fp=0 cap_fi=0 cap_fe=0 cap_fver=0 cap_frootid=0OUID="root" OGID="root"
type=PROCTITLE msg=audit(1773063649.684:2080): proctitle=2F7573722F6C69622F73797374656D642F73797374656D642D6578656375746F72002D2D646573657269616C697A6500313035002D2D6C6F672D6C6576656C00696E666F002D2D6C6F672D746172676574006A6F75726E616C2D6F722D6B6D7367
type=SYSCALL msg=audit(1773063649.688:2081): arch=c000003e syscall=59 success=yes exit=0 a0=583f762224c0 a1=583f7622b1f0 a2=583f76221db0 a3=583f76222b80 items=3 ppid=1 pid=1512 auid=4294967295 uid=0 gid=0 euid=0 suid=0 fsuid=0 egid=0 sgid=0 fsgid=0 tty=(none) ses=4294967295 comm="apachectl" exe="/usr/bin/dash" subj=unconfined key="T1078_Valid_Accounts"ARCH=x86_64 SYSCALL=execve AUID="unset" UID="root" GID="root" EUID="root" SUID="root" FSUID="root" EGID="root" SGID="root" FSGID="root"
type=EXECVE msg=audit(1773063649.688:2081): argc=3 a0="/bin/sh" a1="/usr/sbin/apachectl" a2="graceful"
type=PATH msg=audit(1773063649.688:2081): item=0 name="/usr/sbin/apachectl" inode=1479339 dev=08:02 mode=0100755 ouid=0 ogid=0 rdev=00:00 nametype=NORMAL cap_fp=0 cap_fi=0 cap_fe=0 cap_fver=0 cap_frootid=0OUID="root" OGID="root"
type=PATH msg=audit(1773063649.688:2081): item=1 name="/bin/sh" inode=1442345 dev=08:02 mode=0100755 ouid=0 ogid=0 rdev=00:00 nametype=NORMAL cap_fp=0 cap_fi=0 cap_fe=0 cap_fver=0 cap_frootid=0OUID="root" OGID="root"
type=PATH msg=audit(1773063649.688:2081): item=2 name="/lib64/ld-linux-x86-64.so.2" inode=1481429 dev=08:02 mode=0100755 ouid=0 ogid=0 rdev=00:00 nametype=NORMAL cap_fp=0 cap_fi=0 cap_fe=0 cap_fver=0 cap_frootid=0OUID="root" OGID="root"
type=PROCTITLE msg=audit(1773063649.688:2081): proctitle=2F7573722F6C69622F73797374656D642F73797374656D642D6578656375746F72002D2D646573657269616C697A6500313035002D2D6C6F672D6C6576656C00696E666F002D2D6C6F672D746172676574006A6F75726E616C2D6F722D6B6D7367
type=SYSCALL msg=audit(1773063649.696:2082): arch=c000003e syscall=59 success=yes exit=0 a0=5cf3011ded08 a1=5cf3011e0c00 a2=5cf3011dec78 a3=5cf3011e0a00 items=2 ppid=1512 pid=1513 auid=4294967295 uid=0 gid=0 euid=0 suid=0 fsuid=0 egid=0 sgid=0 fsgid=0 tty=(none) ses=4294967295 comm="id" exe="/usr/bin/id" subj=unconfined key="T1078_Valid_Accounts"ARCH=x86_64 SYSCALL=execve AUID="unset" UID="root" GID="root" EUID="root" SUID="root" FSUID="root" EGID="root" SGID="root" FSGID="root"
type=EXECVE msg=audit(1773063649.696:2082): argc=2 a0="id" a1="-u"
type=PATH msg=audit(1773063649.696:2082): item=0 name="/usr/bin/id" inode=1442474 dev=08:02 mode=0100755 ouid=0 ogid=0 rdev=00:00 nametype=NORMAL cap_fp=0 cap_fi=0 cap_fe=0 cap_fver=0 cap_frootid=0OUID="root" OGID="root"
type=PATH msg=audit(1773063649.696:2082): item=1 name="/lib64/ld-linux-x86-64.so.2" inode=1481429 dev=08:02 mode=0100755 ouid=0 ogid=0 rdev=00:00 nametype=NORMAL cap_fp=0 cap_fi=0 cap_fe=0 cap_fver=0 cap_frootid=0OUID="root" OGID="root"
type=PROCTITLE msg=audit(1773063649.696:2082): proctitle=6964002D75
type=SYSCALL msg=audit(1773063649.701:2083): arch=c000003e syscall=59 success=yes exit=0 a0=5cf3011e0970 a1=5cf3011e22a0 a2=5cf3011e22d8 a3=8 items=2 ppid=1512 pid=1514 auid=4294967295 uid=0 gid=0 euid=0 suid=0 fsuid=0 egid=0 sgid=0 fsgid=0 tty=(none) ses=4294967295 comm="apache2" exe="/usr/sbin/apache2" subj=unconfined key="T1078_Valid_Accounts"ARCH=x86_64 SYSCALL=execve AUID="unset" UID="root" GID="root" EUID="root" SUID="root" FSUID="root" EGID="root" SGID="root" FSGID="root"
type=EXECVE msg=audit(1773063649.701:2083): argc=2 a0="/usr/sbin/apache2" a1="-t"
type=PATH msg=audit(1773063649.701:2083): item=0 name="/usr/sbin/apache2" inode=1457163 dev=08:02 mode=0100755 ouid=0 ogid=0 rdev=00:00 nametype=NORMAL cap_fp=0 cap_fi=0 cap_fe=0 cap_fver=0 cap_frootid=0OUID="root" OGID="root"
type=PATH msg=audit(1773063649.701:2083): item=1 name="/lib64/ld-linux-x86-64.so.2" inode=1481429 dev=08:02 mode=0100755 ouid=0 ogid=0 rdev=00:00 nametype=NORMAL cap_fp=0 cap_fi=0 cap_fe=0 cap_fver=0 cap_frootid=0OUID="root" OGID="root"
type=PROCTITLE msg=audit(1773063649.701:2083): proctitle=2F7573722F7362696E2F61706163686532002D74
type=SYSCALL msg=audit(1773063649.713:2084): arch=c000003e syscall=42 success=yes exit=0 a0=3 a1=570386f1fc30 a2=1c a3=0 items=0 ppid=1512 pid=1514 auid=4294967295 uid=0 gid=0 euid=0 suid=0 fsuid=0 egid=0 sgid=0 fsgid=0 tty=(none) ses=4294967295 comm="apache2" exe="/usr/sbin/apache2" subj=unconfined key="T1043_Commonly_Used_Port"ARCH=x86_64 SYSCALL=connect AUID="unset" UID="root" GID="root" EUID="root" SUID="root" FSUID="root" EGID="root" SGID="root" FSGID="root"
type=SOCKADDR msg=audit(1773063649.713:2084): saddr=0A000000000000000000000000000000000000000000000000000000SADDR={ saddr_fam=inet6 laddr=:: lport=0 }
type=PROCTITLE msg=audit(1773063649.713:2084): proctitle=2F7573722F7362696E2F61706163686532002D74
type=SYSCALL msg=audit(1773063649.714:2085): arch=c000003e syscall=42 success=yes exit=0 a0=3 a1=7ffdf6afc3a0 a2=10 a3=0 items=0 ppid=1512 pid=1514 auid=4294967295 uid=0 gid=0 euid=0 suid=0 fsuid=0 egid=0 sgid=0 fsgid=0 tty=(none) ses=4294967295 comm="apache2" exe="/usr/sbin/apache2" subj=unconfined key="T1043_Commonly_Used_Port"ARCH=x86_64 SYSCALL=connect AUID="unset" UID="root" GID="root" EUID="root" SUID="root" FSUID="root" EGID="root" SGID="root" FSGID="root"
type=SOCKADDR msg=audit(1773063649.714:2085): saddr=00000000000000000000000000000000SADDR=unknown-family(0)
type=PROCTITLE msg=audit(1773063649.714:2085): proctitle=2F7573722F7362696E2F61706163686532002D74
type=SYSCALL msg=audit(1773063649.714:2086): arch=c000003e syscall=42 success=yes exit=0 a0=3 a1=570386f1fc90 a2=10 a3=0 items=0 ppid=1512 pid=1514 auid=4294967295 uid=0 gid=0 euid=0 suid=0 fsuid=0 egid=0 sgid=0 fsgid=0 tty=(none) ses=4294967295 comm="apache2" exe="/usr/sbin/apache2" subj=unconfined key="T1043_Commonly_Used_Port"ARCH=x86_64 SYSCALL=connect AUID="unset" UID="root" GID="root" EUID="root" SUID="root" FSUID="root" EGID="root" SGID="root" FSGID="root"
type=SOCKADDR msg=audit(1773063649.714:2086): saddr=02000000000000000000000000000000SADDR={ saddr_fam=inet laddr=0.0.0.0 lport=0 }
type=PROCTITLE msg=audit(1773063649.714:2086): proctitle=2F7573722F7362696E2F61706163686532002D74
type=SYSCALL msg=audit(1773063649.736:2087): arch=c000003e syscall=42 success=yes exit=0 a0=3 a1=570386f446c0 a2=1c a3=0 items=0 ppid=1512 pid=1514 auid=4294967295 uid=0 gid=0 euid=0 suid=0 fsuid=0 egid=0 sgid=0 fsgid=0 tty=(none) ses=4294967295 comm="apache2" exe="/usr/sbin/apache2" subj=unconfined key="T1043_Commonly_Used_Port"ARCH=x86_64 SYSCALL=connect AUID="unset" UID="root" GID="root" EUID="root" SUID="root" FSUID="root" EGID="root" SGID="root" FSGID="root"
type=SOCKADDR msg=audit(1773063649.736:2087): saddr=0A000050000000000000000000000000000000000000000000000000SADDR={ saddr_fam=inet6 laddr=:: lport=80 }
type=PROCTITLE msg=audit(1773063649.736:2087): proctitle=2F7573722F7362696E2F61706163686532002D74
type=SYSCALL msg=audit(1773063649.737:2088): arch=c000003e syscall=42 success=yes exit=0 a0=3 a1=7ffdf6afc030 a2=10 a3=0 items=0 ppid=1512 pid=1514 auid=4294967295 uid=0 gid=0 euid=0 suid=0 fsuid=0 egid=0 sgid=0 fsgid=0 tty=(none) ses=4294967295 comm="apache2" exe="/usr/sbin/apache2" subj=unconfined key="T1043_Commonly_Used_Port"ARCH=x86_64 SYSCALL=connect AUID="unset" UID="root" GID="root" EUID="root" SUID="root" FSUID="root" EGID="root" SGID="root" FSGID="root"
type=SOCKADDR msg=audit(1773063649.737:2088): saddr=00000000000000000000000000000000SADDR=unknown-family(0)
type=PROCTITLE msg=audit(1773063649.737:2088): proctitle=2F7573722F7362696E2F61706163686532002D74
type=SYSCALL msg=audit(1773063649.737:2089): arch=c000003e syscall=42 success=yes exit=0 a0=3 a1=570386f43e00 a2=10 a3=0 items=0 ppid=1512 pid=1514 auid=4294967295 uid=0 gid=0 euid=0 suid=0 fsuid=0 egid=0 sgid=0 fsgid=0 tty=(none) ses=4294967295 comm="apache2" exe="/usr/sbin/apache2" subj=unconfined key="T1043_Commonly_Used_Port"ARCH=x86_64 SYSCALL=connect AUID="unset" UID="root" GID="root" EUID="root" SUID="root" FSUID="root" EGID="root" SGID="root" FSGID="root"
type=SOCKADDR msg=audit(1773063649.737:2089): saddr=02000050000000000000000000000000SADDR={ saddr_fam=inet laddr=0.0.0.0 lport=80 }
type=PROCTITLE msg=audit(1773063649.737:2089): proctitle=2F7573722F7362696E2F61706163686532002D74
type=SYSCALL msg=audit(1773063649.737:2090): arch=c000003e syscall=42 success=yes exit=0 a0=5 a1=570386f446c0 a2=1c a3=0 items=0 ppid=1512 pid=1514 auid=4294967295 uid=0 gid=0 euid=0 suid=0 fsuid=0 egid=0 sgid=0 fsgid=0 tty=(none) ses=4294967295 comm="apache2" exe="/usr/sbin/apache2" subj=unconfined key="T1043_Commonly_Used_Port"ARCH=x86_64 SYSCALL=connect AUID="unset" UID="root" GID="root" EUID="root" SUID="root" FSUID="root" EGID="root" SGID="root" FSGID="root"
type=SOCKADDR msg=audit(1773063649.737:2090): saddr=0A000050000000000000000000000000000000000000000000000000SADDR={ saddr_fam=inet6 laddr=:: lport=80 }
type=PROCTITLE msg=audit(1773063649.737:2090): proctitle=2F7573722F7362696E2F61706163686532002D74
type=SYSCALL msg=audit(1773063649.737:2091): arch=c000003e syscall=42 success=yes exit=0 a0=5 a1=7ffdf6afbfd0 a2=10 a3=0 items=0 ppid=1512 pid=1514 auid=4294967295 uid=0 gid=0 euid=0 suid=0 fsuid=0 egid=0 sgid=0 fsgid=0 tty=(none) ses=4294967295 comm="apache2" exe="/usr/sbin/apache2" subj=unconfined key="T1043_Commonly_Used_Port"ARCH=x86_64 SYSCALL=connect AUID="unset" UID="root" GID="root" EUID="root" SUID="root" FSUID="root" EGID="root" SGID="root" FSGID="root"
type=SOCKADDR msg=audit(1773063649.737:2091): saddr=00000000000000000000000000000000SADDR=unknown-family(0)
type=PROCTITLE msg=audit(1773063649.737:2091): proctitle=2F7573722F7362696E2F61706163686532002D74
type=SYSCALL msg=audit(1773063649.737:2092): arch=c000003e syscall=42 success=yes exit=0 a0=5 a1=570386f43e00 a2=10 a3=0 items=0 ppid=1512 pid=1514 auid=4294967295 uid=0 gid=0 euid=0 suid=0 fsuid=0 egid=0 sgid=0 fsgid=0 tty=(none) ses=4294967295 comm="apache2" exe="/usr/sbin/apache2" subj=unconfined key="T1043_Commonly_Used_Port"ARCH=x86_64 SYSCALL=connect AUID="unset" UID="root" GID="root" EUID="root" SUID="root" FSUID="root" EGID="root" SGID="root" FSGID="root"
type=SOCKADDR msg=audit(1773063649.737:2092): saddr=02000050000000000000000000000000SADDR={ saddr_fam=inet laddr=0.0.0.0 lport=80 }
type=PROCTITLE msg=audit(1773063649.737:2092): proctitle=2F7573722F7362696E2F61706163686532002D74
type=SYSCALL msg=audit(1773063649.737:2093): arch=c000003e syscall=42 success=yes exit=0 a0=5 a1=570386f446c0 a2=1c a3=0 items=0 ppid=1512 pid=1514 auid=4294967295 uid=0 gid=0 euid=0 suid=0 fsuid=0 egid=0 sgid=0 fsgid=0 tty=(none) ses=4294967295 comm="apache2" exe="/usr/sbin/apache2" subj=unconfined key="T1043_Commonly_Used_Port"ARCH=x86_64 SYSCALL=connect AUID="unset" UID="root" GID="root" EUID="root" SUID="root" FSUID="root" EGID="root" SGID="root" FSGID="root"
type=SOCKADDR msg=audit(1773063649.737:2093): saddr=0A000050000000000000000000000000000000000000000000000000SADDR={ saddr_fam=inet6 laddr=:: lport=80 }
type=PROCTITLE msg=audit(1773063649.737:2093): proctitle=2F7573722F7362696E2F61706163686532002D74
type=SYSCALL msg=audit(1773063649.738:2094): arch=c000003e syscall=42 success=yes exit=0 a0=5 a1=7ffdf6afbfd0 a2=10 a3=0 items=0 ppid=1512 pid=1514 auid=4294967295 uid=0 gid=0 euid=0 suid=0 fsuid=0 egid=0 sgid=0 fsgid=0 tty=(none) ses=4294967295 comm="apache2" exe="/usr/sbin/apache2" subj=unconfined key="T1043_Commonly_Used_Port"ARCH=x86_64 SYSCALL=connect AUID="unset" UID="root" GID="root" EUID="root" SUID="root" FSUID="root" EGID="root" SGID="root" FSGID="root"
type=SOCKADDR msg=audit(1773063649.738:2094): saddr=00000000000000000000000000000000SADDR=unknown-family(0)
type=PROCTITLE msg=audit(1773063649.738:2094): proctitle=2F7573722F7362696E2F61706163686532002D74
type=SYSCALL msg=audit(1773063649.738:2095): arch=c000003e syscall=42 success=yes exit=0 a0=5 a1=570386f43e00 a2=10 a3=0 items=0 ppid=1512 pid=1514 auid=4294967295 uid=0 gid=0 euid=0 suid=0 fsuid=0 egid=0 sgid=0 fsgid=0 tty=(none) ses=4294967295 comm="apache2" exe="/usr/sbin/apache2" subj=unconfined key="T1043_Commonly_Used_Port"ARCH=x86_64 SYSCALL=connect AUID="unset" UID="root" GID="root" EUID="root" SUID="root" FSUID="root" EGID="root" SGID="root" FSGID="root"
type=SOCKADDR msg=audit(1773063649.738:2095): saddr=02000050000000000000000000000000SADDR={ saddr_fam=inet laddr=0.0.0.0 lport=80 }
type=PROCTITLE msg=audit(1773063649.738:2095): proctitle=2F7573722F7362696E2F61706163686532002D74
type=SYSCALL msg=audit(1773063649.739:2096): arch=c000003e syscall=42 success=yes exit=0 a0=5 a1=763b5560b694 a2=10 a3=7ffdf6af9b34 items=0 ppid=1512 pid=1514 auid=4294967295 uid=0 gid=0 euid=0 suid=0 fsuid=0 egid=0 sgid=0 fsgid=0 tty=(none) ses=4294967295 comm="apache2" exe="/usr/sbin/apache2" subj=unconfined key="T1043_Commonly_Used_Port"ARCH=x86_64 SYSCALL=connect AUID="unset" UID="root" GID="root" EUID="root" SUID="root" FSUID="root" EGID="root" SGID="root" FSGID="root"
type=SOCKADDR msg=audit(1773063649.739:2096): saddr=020000357F0000350000000000000000SADDR={ saddr_fam=inet laddr=127.0.0.53 lport=53 }
type=PROCTITLE msg=audit(1773063649.739:2096): proctitle=2F7573722F7362696E2F61706163686532002D74
type=SYSCALL msg=audit(1773063649.754:2097): arch=c000003e syscall=42 success=yes exit=0 a0=5 a1=763b5560b694 a2=10 a3=7ffdf6af9b34 items=0 ppid=1512 pid=1514 auid=4294967295 uid=0 gid=0 euid=0 suid=0 fsuid=0 egid=0 sgid=0 fsgid=0 tty=(none) ses=4294967295 comm="apache2" exe="/usr/sbin/apache2" subj=unconfined key="T1043_Commonly_Used_Port"ARCH=x86_64 SYSCALL=connect AUID="unset" UID="root" GID="root" EUID="root" SUID="root" FSUID="root" EGID="root" SGID="root" FSGID="root"
type=SOCKADDR msg=audit(1773063649.754:2097): saddr=020000357F0000350000000000000000SADDR={ saddr_fam=inet laddr=127.0.0.53 lport=53 }
type=PROCTITLE msg=audit(1773063649.754:2097): proctitle=2F7573722F7362696E2F61706163686532002D74
type=SYSCALL msg=audit(1773063649.754:2098): arch=c000003e syscall=42 success=yes exit=0 a0=5 a1=570386f43e00 a2=10 a3=0 items=0 ppid=1512 pid=1514 auid=4294967295 uid=0 gid=0 euid=0 suid=0 fsuid=0 egid=0 sgid=0 fsgid=0 tty=(none) ses=4294967295 comm="apache2" exe="/usr/sbin/apache2" subj=unconfined key="T1043_Commonly_Used_Port"ARCH=x86_64 SYSCALL=connect AUID="unset" UID="root" GID="root" EUID="root" SUID="root" FSUID="root" EGID="root" SGID="root" FSGID="root"
type=SOCKADDR msg=audit(1773063649.754:2098): saddr=020000000A00020F0000000000000000SADDR={ saddr_fam=inet laddr=10.0.2.15 lport=0 }
type=PROCTITLE msg=audit(1773063649.754:2098): proctitle=2F7573722F7362696E2F61706163686532002D74
type=SYSCALL msg=audit(1773063649.755:2099): arch=c000003e syscall=42 success=yes exit=0 a0=5 a1=7ffdf6afba20 a2=10 a3=0 items=0 ppid=1512 pid=1514 auid=4294967295 uid=0 gid=0 euid=0 suid=0 fsuid=0 egid=0 sgid=0 fsgid=0 tty=(none) ses=4294967295 comm="apache2" exe="/usr/sbin/apache2" subj=unconfined key="T1043_Commonly_Used_Port"ARCH=x86_64 SYSCALL=connect AUID="unset" UID="root" GID="root" EUID="root" SUID="root" FSUID="root" EGID="root" SGID="root" FSGID="root"
type=SOCKADDR msg=audit(1773063649.755:2099): saddr=00000000000000000000000000000000SADDR=unknown-family(0)
type=PROCTITLE msg=audit(1773063649.755:2099): proctitle=2F7573722F7362696E2F61706163686532002D74
type=SYSCALL msg=audit(1773063649.755:2100): arch=c000003e syscall=42 success=yes exit=0 a0=5 a1=570386f4a7a0 a2=10 a3=0 items=0 ppid=1512 pid=1514 auid=4294967295 uid=0 gid=0 euid=0 suid=0 fsuid=0 egid=0 sgid=0 fsgid=0 tty=(none) ses=4294967295 comm="apache2" exe="/usr/sbin/apache2" subj=unconfined key="T1043_Commonly_Used_Port"ARCH=x86_64 SYSCALL=connect AUID="unset" UID="root" GID="root" EUID="root" SUID="root" FSUID="root" EGID="root" SGID="root" FSGID="root"
type=SOCKADDR msg=audit(1773063649.755:2100): saddr=02000000C0A8C7060000000000000000SADDR={ saddr_fam=inet laddr=192.168.199.6 lport=0 }
type=PROCTITLE msg=audit(1773063649.755:2100): proctitle=2F7573722F7362696E2F61706163686532002D74
type=SYSCALL msg=audit(1773063649.755:2101): arch=c000003e syscall=42 success=yes exit=0 a0=5 a1=570386f446c0 a2=1c a3=0 items=0 ppid=1512 pid=1514 auid=4294967295 uid=0 gid=0 euid=0 suid=0 fsuid=0 egid=0 sgid=0 fsgid=0 tty=(none) ses=4294967295 comm="apache2" exe="/usr/sbin/apache2" subj=unconfined key="T1043_Commonly_Used_Port"ARCH=x86_64 SYSCALL=connect AUID="unset" UID="root" GID="root" EUID="root" SUID="root" FSUID="root" EGID="root" SGID="root" FSGID="root"
type=SOCKADDR msg=audit(1773063649.755:2101): saddr=0A00000000000000FD17625CF03700020A0027FFFED8540D00000000SADDR={ saddr_fam=inet6 laddr=fd17:625c:f037:2:a00:27ff:fed8:540d lport=0 }
type=PROCTITLE msg=audit(1773063649.755:2101): proctitle=2F7573722F7362696E2F61706163686532002D74
type=SYSCALL msg=audit(1773063649.755:2102): arch=c000003e syscall=42 success=yes exit=0 a0=5 a1=7ffdf6afba20 a2=10 a3=0 items=0 ppid=1512 pid=1514 auid=4294967295 uid=0 gid=0 euid=0 suid=0 fsuid=0 egid=0 sgid=0 fsgid=0 tty=(none) ses=4294967295 comm="apache2" exe="/usr/sbin/apache2" subj=unconfined key="T1043_Commonly_Used_Port"ARCH=x86_64 SYSCALL=connect AUID="unset" UID="root" GID="root" EUID="root" SUID="root" FSUID="root" EGID="root" SGID="root" FSGID="root"
type=SOCKADDR msg=audit(1773063649.755:2102): saddr=00000000000000000000000000000000SADDR=unknown-family(0)
type=PROCTITLE msg=audit(1773063649.755:2102): proctitle=2F7573722F7362696E2F61706163686532002D74
type=SYSCALL msg=audit(1773063649.755:2103): arch=c000003e syscall=42 success=no exit=-22 a0=5 a1=570386f4a7f0 a2=1c a3=0 items=0 ppid=1512 pid=1514 auid=4294967295 uid=0 gid=0 euid=0 suid=0 fsuid=0 egid=0 sgid=0 fsgid=0 tty=(none) ses=4294967295 comm="apache2" exe="/usr/sbin/apache2" subj=unconfined key="T1043_Commonly_Used_Port"ARCH=x86_64 SYSCALL=connect AUID="unset" UID="root" GID="root" EUID="root" SUID="root" FSUID="root" EGID="root" SGID="root" FSGID="root"
type=SOCKADDR msg=audit(1773063649.755:2103): saddr=0A00000000000000FE800000000000000A0027FFFED8540D00000000SADDR={ saddr_fam=inet6 laddr=fe80::a00:27ff:fed8:540d lport=0 }
type=PROCTITLE msg=audit(1773063649.755:2103): proctitle=2F7573722F7362696E2F61706163686532002D74
type=SYSCALL msg=audit(1773063649.755:2104): arch=c000003e syscall=42 success=yes exit=0 a0=5 a1=7ffdf6afba20 a2=10 a3=0 items=0 ppid=1512 pid=1514 auid=4294967295 uid=0 gid=0 euid=0 suid=0 fsuid=0 egid=0 sgid=0 fsgid=0 tty=(none) ses=4294967295 comm="apache2" exe="/usr/sbin/apache2" subj=unconfined key="T1043_Commonly_Used_Port"ARCH=x86_64 SYSCALL=connect AUID="unset" UID="root" GID="root" EUID="root" SUID="root" FSUID="root" EGID="root" SGID="root" FSGID="root"
type=SOCKADDR msg=audit(1773063649.755:2104): saddr=00000000000000000000000000000000SADDR=unknown-family(0)
type=PROCTITLE msg=audit(1773063649.755:2104): proctitle=2F7573722F7362696E2F61706163686532002D74
type=SYSCALL msg=audit(1773063649.755:2105): arch=c000003e syscall=42 success=no exit=-22 a0=5 a1=570386f4a850 a2=1c a3=0 items=0 ppid=1512 pid=1514 auid=4294967295 uid=0 gid=0 euid=0 suid=0 fsuid=0 egid=0 sgid=0 fsgid=0 tty=(none) ses=4294967295 comm="apache2" exe="/usr/sbin/apache2" subj=unconfined key="T1043_Commonly_Used_Port"ARCH=x86_64 SYSCALL=connect AUID="unset" UID="root" GID="root" EUID="root" SUID="root" FSUID="root" EGID="root" SGID="root" FSGID="root"
type=SOCKADDR msg=audit(1773063649.755:2105): saddr=0A00000000000000FE800000000000000A0027FFFE4B6CA600000000SADDR={ saddr_fam=inet6 laddr=fe80::a00:27ff:fe4b:6ca6 lport=0 }
type=PROCTITLE msg=audit(1773063649.755:2105): proctitle=2F7573722F7362696E2F61706163686532002D74
type=SYSCALL msg=audit(1773063649.755:2106): arch=c000003e syscall=42 success=yes exit=0 a0=5 a1=763b5560b694 a2=10 a3=7ffdf6afa244 items=0 ppid=1512 pid=1514 auid=4294967295 uid=0 gid=0 euid=0 suid=0 fsuid=0 egid=0 sgid=0 fsgid=0 tty=(none) ses=4294967295 comm="apache2" exe="/usr/sbin/apache2" subj=unconfined key="T1043_Commonly_Used_Port"ARCH=x86_64 SYSCALL=connect AUID="unset" UID="root" GID="root" EUID="root" SUID="root" FSUID="root" EGID="root" SGID="root" FSGID="root"
type=SOCKADDR msg=audit(1773063649.755:2106): saddr=020000357F0000350000000000000000SADDR={ saddr_fam=inet laddr=127.0.0.53 lport=53 }
type=PROCTITLE msg=audit(1773063649.755:2106): proctitle=2F7573722F7362696E2F61706163686532002D74
type=SYSCALL msg=audit(1773063649.775:2107): arch=c000003e syscall=59 success=yes exit=0 a0=5cf3011e0970 a1=5cf3011e22c0 a2=5cf3011e22e0 a3=8 items=2 ppid=1512 pid=1515 auid=4294967295 uid=0 gid=0 euid=0 suid=0 fsuid=0 egid=0 sgid=0 fsgid=0 tty=(none) ses=4294967295 comm="apache2" exe="/usr/sbin/apache2" subj=unconfined key="T1078_Valid_Accounts"ARCH=x86_64 SYSCALL=execve AUID="unset" UID="root" GID="root" EUID="root" SUID="root" FSUID="root" EGID="root" SGID="root" FSGID="root"
type=EXECVE msg=audit(1773063649.775:2107): argc=3 a0="/usr/sbin/apache2" a1="-k" a2="graceful"
type=PATH msg=audit(1773063649.775:2107): item=0 name="/usr/sbin/apache2" inode=1457163 dev=08:02 mode=0100755 ouid=0 ogid=0 rdev=00:00 nametype=NORMAL cap_fp=0 cap_fi=0 cap_fe=0 cap_fver=0 cap_frootid=0OUID="root" OGID="root"
type=PATH msg=audit(1773063649.775:2107): item=1 name="/lib64/ld-linux-x86-64.so.2" inode=1481429 dev=08:02 mode=0100755 ouid=0 ogid=0 rdev=00:00 nametype=NORMAL cap_fp=0 cap_fi=0 cap_fe=0 cap_fver=0 cap_frootid=0OUID="root" OGID="root"
type=PROCTITLE msg=audit(1773063649.775:2107): proctitle=2F7573722F7362696E2F61706163686532002D6B00677261636566756C
type=SYSCALL msg=audit(1773063649.783:2108): arch=c000003e syscall=42 success=yes exit=0 a0=3 a1=625cb5371c30 a2=1c a3=0 items=0 ppid=1512 pid=1515 auid=4294967295 uid=0 gid=0 euid=0 suid=0 fsuid=0 egid=0 sgid=0 fsgid=0 tty=(none) ses=4294967295 comm="apache2" exe="/usr/sbin/apache2" subj=unconfined key="T1043_Commonly_Used_Port"ARCH=x86_64 SYSCALL=connect AUID="unset" UID="root" GID="root" EUID="root" SUID="root" FSUID="root" EGID="root" SGID="root" FSGID="root"
type=SOCKADDR msg=audit(1773063649.783:2108): saddr=0A000000000000000000000000000000000000000000000000000000SADDR={ saddr_fam=inet6 laddr=:: lport=0 }
type=PROCTITLE msg=audit(1773063649.783:2108): proctitle=2F7573722F7362696E2F61706163686532002D6B00677261636566756C
type=SYSCALL msg=audit(1773063649.785:2109): arch=c000003e syscall=42 success=yes exit=0 a0=3 a1=7fff64dc7d20 a2=10 a3=0 items=0 ppid=1512 pid=1515 auid=4294967295 uid=0 gid=0 euid=0 suid=0 fsuid=0 egid=0 sgid=0 fsgid=0 tty=(none) ses=4294967295 comm="apache2" exe="/usr/sbin/apache2" subj=unconfined key="T1043_Commonly_Used_Port"ARCH=x86_64 SYSCALL=connect AUID="unset" UID="root" GID="root" EUID="root" SUID="root" FSUID="root" EGID="root" SGID="root" FSGID="root"
type=SOCKADDR msg=audit(1773063649.785:2109): saddr=00000000000000000000000000000000SADDR=unknown-family(0)
type=PROCTITLE msg=audit(1773063649.785:2109): proctitle=2F7573722F7362696E2F61706163686532002D6B00677261636566756C
type=SYSCALL msg=audit(1773063649.785:2110): arch=c000003e syscall=42 success=yes exit=0 a0=3 a1=625cb5371c90 a2=10 a3=0 items=0 ppid=1512 pid=1515 auid=4294967295 uid=0 gid=0 euid=0 suid=0 fsuid=0 egid=0 sgid=0 fsgid=0 tty=(none) ses=4294967295 comm="apache2" exe="/usr/sbin/apache2" subj=unconfined key="T1043_Commonly_Used_Port"ARCH=x86_64 SYSCALL=connect AUID="unset" UID="root" GID="root" EUID="root" SUID="root" FSUID="root" EGID="root" SGID="root" FSGID="root"
type=SOCKADDR msg=audit(1773063649.785:2110): saddr=02000000000000000000000000000000SADDR={ saddr_fam=inet laddr=0.0.0.0 lport=0 }
type=PROCTITLE msg=audit(1773063649.785:2110): proctitle=2F7573722F7362696E2F61706163686532002D6B00677261636566756C
type=SYSCALL msg=audit(1773063649.794:2111): arch=c000003e syscall=42 success=yes exit=0 a0=3 a1=625cb53966c0 a2=1c a3=0 items=0 ppid=1512 pid=1515 auid=4294967295 uid=0 gid=0 euid=0 suid=0 fsuid=0 egid=0 sgid=0 fsgid=0 tty=(none) ses=4294967295 comm="apache2" exe="/usr/sbin/apache2" subj=unconfined key="T1043_Commonly_Used_Port"ARCH=x86_64 SYSCALL=connect AUID="unset" UID="root" GID="root" EUID="root" SUID="root" FSUID="root" EGID="root" SGID="root" FSGID="root"
type=SOCKADDR msg=audit(1773063649.794:2111): saddr=0A000050000000000000000000000000000000000000000000000000SADDR={ saddr_fam=inet6 laddr=:: lport=80 }
type=PROCTITLE msg=audit(1773063649.794:2111): proctitle=2F7573722F7362696E2F61706163686532002D6B00677261636566756C
type=SYSCALL msg=audit(1773063649.794:2112): arch=c000003e syscall=42 success=yes exit=0 a0=3 a1=7fff64dc79b0 a2=10 a3=0 items=0 ppid=1512 pid=1515 auid=4294967295 uid=0 gid=0 euid=0 suid=0 fsuid=0 egid=0 sgid=0 fsgid=0 tty=(none) ses=4294967295 comm="apache2" exe="/usr/sbin/apache2" subj=unconfined key="T1043_Commonly_Used_Port"ARCH=x86_64 SYSCALL=connect AUID="unset" UID="root" GID="root" EUID="root" SUID="root" FSUID="root" EGID="root" SGID="root" FSGID="root"
type=SOCKADDR msg=audit(1773063649.794:2112): saddr=00000000000000000000000000000000SADDR=unknown-family(0)
type=PROCTITLE msg=audit(1773063649.794:2112): proctitle=2F7573722F7362696E2F61706163686532002D6B00677261636566756C
type=SYSCALL msg=audit(1773063649.794:2113): arch=c000003e syscall=42 success=yes exit=0 a0=3 a1=625cb5395e00 a2=10 a3=0 items=0 ppid=1512 pid=1515 auid=4294967295 uid=0 gid=0 euid=0 suid=0 fsuid=0 egid=0 sgid=0 fsgid=0 tty=(none) ses=4294967295 comm="apache2" exe="/usr/sbin/apache2" subj=unconfined key="T1043_Commonly_Used_Port"ARCH=x86_64 SYSCALL=connect AUID="unset" UID="root" GID="root" EUID="root" SUID="root" FSUID="root" EGID="root" SGID="root" FSGID="root"
type=SOCKADDR msg=audit(1773063649.794:2113): saddr=02000050000000000000000000000000SADDR={ saddr_fam=inet laddr=0.0.0.0 lport=80 }
type=PROCTITLE msg=audit(1773063649.794:2113): proctitle=2F7573722F7362696E2F61706163686532002D6B00677261636566756C
type=SYSCALL msg=audit(1773063649.795:2114): arch=c000003e syscall=42 success=yes exit=0 a0=5 a1=625cb53966c0 a2=1c a3=0 items=0 ppid=1512 pid=1515 auid=4294967295 uid=0 gid=0 euid=0 suid=0 fsuid=0 egid=0 sgid=0 fsgid=0 tty=(none) ses=4294967295 comm="apache2" exe="/usr/sbin/apache2" subj=unconfined key="T1043_Commonly_Used_Port"ARCH=x86_64 SYSCALL=connect AUID="unset" UID="root" GID="root" EUID="root" SUID="root" FSUID="root" EGID="root" SGID="root" FSGID="root"
type=SOCKADDR msg=audit(1773063649.795:2114): saddr=0A000050000000000000000000000000000000000000000000000000SADDR={ saddr_fam=inet6 laddr=:: lport=80 }
type=PROCTITLE msg=audit(1773063649.795:2114): proctitle=2F7573722F7362696E2F61706163686532002D6B00677261636566756C
type=SYSCALL msg=audit(1773063649.795:2115): arch=c000003e syscall=42 success=yes exit=0 a0=5 a1=7fff64dc7950 a2=10 a3=0 items=0 ppid=1512 pid=1515 auid=4294967295 uid=0 gid=0 euid=0 suid=0 fsuid=0 egid=0 sgid=0 fsgid=0 tty=(none) ses=4294967295 comm="apache2" exe="/usr/sbin/apache2" subj=unconfined key="T1043_Commonly_Used_Port"ARCH=x86_64 SYSCALL=connect AUID="unset" UID="root" GID="root" EUID="root" SUID="root" FSUID="root" EGID="root" SGID="root" FSGID="root"
type=SOCKADDR msg=audit(1773063649.795:2115): saddr=00000000000000000000000000000000SADDR=unknown-family(0)
type=PROCTITLE msg=audit(1773063649.795:2115): proctitle=2F7573722F7362696E2F61706163686532002D6B00677261636566756C
type=SYSCALL msg=audit(1773063649.795:2116): arch=c000003e syscall=42 success=yes exit=0 a0=5 a1=625cb5395e00 a2=10 a3=0 items=0 ppid=1512 pid=1515 auid=4294967295 uid=0 gid=0 euid=0 suid=0 fsuid=0 egid=0 sgid=0 fsgid=0 tty=(none) ses=4294967295 comm="apache2" exe="/usr/sbin/apache2" subj=unconfined key="T1043_Commonly_Used_Port"ARCH=x86_64 SYSCALL=connect AUID="unset" UID="root" GID="root" EUID="root" SUID="root" FSUID="root" EGID="root" SGID="root" FSGID="root"
type=SOCKADDR msg=audit(1773063649.795:2116): saddr=02000050000000000000000000000000SADDR={ saddr_fam=inet laddr=0.0.0.0 lport=80 }
type=PROCTITLE msg=audit(1773063649.795:2116): proctitle=2F7573722F7362696E2F61706163686532002D6B00677261636566756C
type=SYSCALL msg=audit(1773063649.795:2117): arch=c000003e syscall=42 success=yes exit=0 a0=5 a1=625cb53966c0 a2=1c a3=0 items=0 ppid=1512 pid=1515 auid=4294967295 uid=0 gid=0 euid=0 suid=0 fsuid=0 egid=0 sgid=0 fsgid=0 tty=(none) ses=4294967295 comm="apache2" exe="/usr/sbin/apache2" subj=unconfined key="T1043_Commonly_Used_Port"ARCH=x86_64 SYSCALL=connect AUID="unset" UID="root" GID="root" EUID="root" SUID="root" FSUID="root" EGID="root" SGID="root" FSGID="root"
type=SOCKADDR msg=audit(1773063649.795:2117): saddr=0A000050000000000000000000000000000000000000000000000000SADDR={ saddr_fam=inet6 laddr=:: lport=80 }
type=PROCTITLE msg=audit(1773063649.795:2117): proctitle=2F7573722F7362696E2F61706163686532002D6B00677261636566756C
type=SYSCALL msg=audit(1773063649.795:2118): arch=c000003e syscall=42 success=yes exit=0 a0=5 a1=7fff64dc7950 a2=10 a3=0 items=0 ppid=1512 pid=1515 auid=4294967295 uid=0 gid=0 euid=0 suid=0 fsuid=0 egid=0 sgid=0 fsgid=0 tty=(none) ses=4294967295 comm="apache2" exe="/usr/sbin/apache2" subj=unconfined key="T1043_Commonly_Used_Port"ARCH=x86_64 SYSCALL=connect AUID="unset" UID="root" GID="root" EUID="root" SUID="root" FSUID="root" EGID="root" SGID="root" FSGID="root"
type=SOCKADDR msg=audit(1773063649.795:2118): saddr=00000000000000000000000000000000SADDR=unknown-family(0)
type=PROCTITLE msg=audit(1773063649.795:2118): proctitle=2F7573722F7362696E2F61706163686532002D6B00677261636566756C
type=SYSCALL msg=audit(1773063649.795:2119): arch=c000003e syscall=42 success=yes exit=0 a0=5 a1=625cb5395e00 a2=10 a3=0 items=0 ppid=1512 pid=1515 auid=4294967295 uid=0 gid=0 euid=0 suid=0 fsuid=0 egid=0 sgid=0 fsgid=0 tty=(none) ses=4294967295 comm="apache2" exe="/usr/sbin/apache2" subj=unconfined key="T1043_Commonly_Used_Port"ARCH=x86_64 SYSCALL=connect AUID="unset" UID="root" GID="root" EUID="root" SUID="root" FSUID="root" EGID="root" SGID="root" FSGID="root"
type=SOCKADDR msg=audit(1773063649.795:2119): saddr=02000050000000000000000000000000SADDR={ saddr_fam=inet laddr=0.0.0.0 lport=80 }
type=PROCTITLE msg=audit(1773063649.795:2119): proctitle=2F7573722F7362696E2F61706163686532002D6B00677261636566756C
type=SYSCALL msg=audit(1773063649.795:2120): arch=c000003e syscall=42 success=yes exit=0 a0=5 a1=74ea2620b694 a2=10 a3=7fff64dc54b4 items=0 ppid=1512 pid=1515 auid=4294967295 uid=0 gid=0 euid=0 suid=0 fsuid=0 egid=0 sgid=0 fsgid=0 tty=(none) ses=4294967295 comm="apache2" exe="/usr/sbin/apache2" subj=unconfined key="T1043_Commonly_Used_Port"ARCH=x86_64 SYSCALL=connect AUID="unset" UID="root" GID="root" EUID="root" SUID="root" FSUID="root" EGID="root" SGID="root" FSGID="root"
type=SOCKADDR msg=audit(1773063649.795:2120): saddr=020000357F0000350000000000000000SADDR={ saddr_fam=inet laddr=127.0.0.53 lport=53 }
type=PROCTITLE msg=audit(1773063649.795:2120): proctitle=2F7573722F7362696E2F61706163686532002D6B00677261636566756C
type=SYSCALL msg=audit(1773063649.799:2121): arch=c000003e syscall=42 success=yes exit=0 a0=5 a1=74ea2620b694 a2=10 a3=7fff64dc54b4 items=0 ppid=1512 pid=1515 auid=4294967295 uid=0 gid=0 euid=0 suid=0 fsuid=0 egid=0 sgid=0 fsgid=0 tty=(none) ses=4294967295 comm="apache2" exe="/usr/sbin/apache2" subj=unconfined key="T1043_Commonly_Used_Port"ARCH=x86_64 SYSCALL=connect AUID="unset" UID="root" GID="root" EUID="root" SUID="root" FSUID="root" EGID="root" SGID="root" FSGID="root"
type=SOCKADDR msg=audit(1773063649.799:2121): saddr=020000357F0000350000000000000000SADDR={ saddr_fam=inet laddr=127.0.0.53 lport=53 }
type=PROCTITLE msg=audit(1773063649.799:2121): proctitle=2F7573722F7362696E2F61706163686532002D6B00677261636566756C
type=SYSCALL msg=audit(1773063649.799:2122): arch=c000003e syscall=42 success=yes exit=0 a0=5 a1=625cb5395e00 a2=10 a3=0 items=0 ppid=1512 pid=1515 auid=4294967295 uid=0 gid=0 euid=0 suid=0 fsuid=0 egid=0 sgid=0 fsgid=0 tty=(none) ses=4294967295 comm="apache2" exe="/usr/sbin/apache2" subj=unconfined key="T1043_Commonly_Used_Port"ARCH=x86_64 SYSCALL=connect AUID="unset" UID="root" GID="root" EUID="root" SUID="root" FSUID="root" EGID="root" SGID="root" FSGID="root"
type=SOCKADDR msg=audit(1773063649.799:2122): saddr=020000000A00020F0000000000000000SADDR={ saddr_fam=inet laddr=10.0.2.15 lport=0 }
type=PROCTITLE msg=audit(1773063649.799:2122): proctitle=2F7573722F7362696E2F61706163686532002D6B00677261636566756C
type=SYSCALL msg=audit(1773063649.799:2123): arch=c000003e syscall=42 success=yes exit=0 a0=5 a1=7fff64dc73a0 a2=10 a3=0 items=0 ppid=1512 pid=1515 auid=4294967295 uid=0 gid=0 euid=0 suid=0 fsuid=0 egid=0 sgid=0 fsgid=0 tty=(none) ses=4294967295 comm="apache2" exe="/usr/sbin/apache2" subj=unconfined key="T1043_Commonly_Used_Port"ARCH=x86_64 SYSCALL=connect AUID="unset" UID="root" GID="root" EUID="root" SUID="root" FSUID="root" EGID="root" SGID="root" FSGID="root"
type=SOCKADDR msg=audit(1773063649.799:2123): saddr=00000000000000000000000000000000SADDR=unknown-family(0)
type=PROCTITLE msg=audit(1773063649.799:2123): proctitle=2F7573722F7362696E2F61706163686532002D6B00677261636566756C
type=SYSCALL msg=audit(1773063649.799:2124): arch=c000003e syscall=42 success=yes exit=0 a0=5 a1=625cb539c7a0 a2=10 a3=0 items=0 ppid=1512 pid=1515 auid=4294967295 uid=0 gid=0 euid=0 suid=0 fsuid=0 egid=0 sgid=0 fsgid=0 tty=(none) ses=4294967295 comm="apache2" exe="/usr/sbin/apache2" subj=unconfined key="T1043_Commonly_Used_Port"ARCH=x86_64 SYSCALL=connect AUID="unset" UID="root" GID="root" EUID="root" SUID="root" FSUID="root" EGID="root" SGID="root" FSGID="root"
type=SOCKADDR msg=audit(1773063649.799:2124): saddr=02000000C0A8C7060000000000000000SADDR={ saddr_fam=inet laddr=192.168.199.6 lport=0 }
type=PROCTITLE msg=audit(1773063649.799:2124): proctitle=2F7573722F7362696E2F61706163686532002D6B00677261636566756C
type=SYSCALL msg=audit(1773063649.799:2125): arch=c000003e syscall=42 success=yes exit=0 a0=5 a1=625cb53966c0 a2=1c a3=0 items=0 ppid=1512 pid=1515 auid=4294967295 uid=0 gid=0 euid=0 suid=0 fsuid=0 egid=0 sgid=0 fsgid=0 tty=(none) ses=4294967295 comm="apache2" exe="/usr/sbin/apache2" subj=unconfined key="T1043_Commonly_Used_Port"ARCH=x86_64 SYSCALL=connect AUID="unset" UID="root" GID="root" EUID="root" SUID="root" FSUID="root" EGID="root" SGID="root" FSGID="root"
type=SOCKADDR msg=audit(1773063649.799:2125): saddr=0A00000000000000FD17625CF03700020A0027FFFED8540D00000000SADDR={ saddr_fam=inet6 laddr=fd17:625c:f037:2:a00:27ff:fed8:540d lport=0 }
type=PROCTITLE msg=audit(1773063649.799:2125): proctitle=2F7573722F7362696E2F61706163686532002D6B00677261636566756C
type=SYSCALL msg=audit(1773063649.800:2126): arch=c000003e syscall=42 success=yes exit=0 a0=5 a1=7fff64dc73a0 a2=10 a3=0 items=0 ppid=1512 pid=1515 auid=4294967295 uid=0 gid=0 euid=0 suid=0 fsuid=0 egid=0 sgid=0 fsgid=0 tty=(none) ses=4294967295 comm="apache2" exe="/usr/sbin/apache2" subj=unconfined key="T1043_Commonly_Used_Port"ARCH=x86_64 SYSCALL=connect AUID="unset" UID="root" GID="root" EUID="root" SUID="root" FSUID="root" EGID="root" SGID="root" FSGID="root"
type=SOCKADDR msg=audit(1773063649.800:2126): saddr=00000000000000000000000000000000SADDR=unknown-family(0)
type=PROCTITLE msg=audit(1773063649.800:2126): proctitle=2F7573722F7362696E2F61706163686532002D6B00677261636566756C
type=SYSCALL msg=audit(1773063649.800:2127): arch=c000003e syscall=42 success=no exit=-22 a0=5 a1=625cb539c7f0 a2=1c a3=0 items=0 ppid=1512 pid=1515 auid=4294967295 uid=0 gid=0 euid=0 suid=0 fsuid=0 egid=0 sgid=0 fsgid=0 tty=(none) ses=4294967295 comm="apache2" exe="/usr/sbin/apache2" subj=unconfined key="T1043_Commonly_Used_Port"ARCH=x86_64 SYSCALL=connect AUID="unset" UID="root" GID="root" EUID="root" SUID="root" FSUID="root" EGID="root" SGID="root" FSGID="root"
type=SOCKADDR msg=audit(1773063649.800:2127): saddr=0A00000000000000FE800000000000000A0027FFFED8540D00000000SADDR={ saddr_fam=inet6 laddr=fe80::a00:27ff:fed8:540d lport=0 }
type=PROCTITLE msg=audit(1773063649.800:2127): proctitle=2F7573722F7362696E2F61706163686532002D6B00677261636566756C
type=SYSCALL msg=audit(1773063649.800:2128): arch=c000003e syscall=42 success=yes exit=0 a0=5 a1=7fff64dc73a0 a2=10 a3=0 items=0 ppid=1512 pid=1515 auid=4294967295 uid=0 gid=0 euid=0 suid=0 fsuid=0 egid=0 sgid=0 fsgid=0 tty=(none) ses=4294967295 comm="apache2" exe="/usr/sbin/apache2" subj=unconfined key="T1043_Commonly_Used_Port"ARCH=x86_64 SYSCALL=connect AUID="unset" UID="root" GID="root" EUID="root" SUID="root" FSUID="root" EGID="root" SGID="root" FSGID="root"
type=SOCKADDR msg=audit(1773063649.800:2128): saddr=00000000000000000000000000000000SADDR=unknown-family(0)
type=PROCTITLE msg=audit(1773063649.800:2128): proctitle=2F7573722F7362696E2F61706163686532002D6B00677261636566756C
type=SYSCALL msg=audit(1773063649.800:2129): arch=c000003e syscall=42 success=no exit=-22 a0=5 a1=625cb539c850 a2=1c a3=0 items=0 ppid=1512 pid=1515 auid=4294967295 uid=0 gid=0 euid=0 suid=0 fsuid=0 egid=0 sgid=0 fsgid=0 tty=(none) ses=4294967295 comm="apache2" exe="/usr/sbin/apache2" subj=unconfined key="T1043_Commonly_Used_Port"ARCH=x86_64 SYSCALL=connect AUID="unset" UID="root" GID="root" EUID="root" SUID="root" FSUID="root" EGID="root" SGID="root" FSGID="root"
type=SOCKADDR msg=audit(1773063649.800:2129): saddr=0A00000000000000FE800000000000000A0027FFFE4B6CA600000000SADDR={ saddr_fam=inet6 laddr=fe80::a00:27ff:fe4b:6ca6 lport=0 }
type=PROCTITLE msg=audit(1773063649.800:2129): proctitle=2F7573722F7362696E2F61706163686532002D6B00677261636566756C
type=SYSCALL msg=audit(1773063649.800:2130): arch=c000003e syscall=42 success=yes exit=0 a0=5 a1=74ea2620b694 a2=10 a3=7fff64dc5bc4 items=0 ppid=1512 pid=1515 auid=4294967295 uid=0 gid=0 euid=0 suid=0 fsuid=0 egid=0 sgid=0 fsgid=0 tty=(none) ses=4294967295 comm="apache2" exe="/usr/sbin/apache2" subj=unconfined key="T1043_Commonly_Used_Port"ARCH=x86_64 SYSCALL=connect AUID="unset" UID="root" GID="root" EUID="root" SUID="root" FSUID="root" EGID="root" SGID="root" FSGID="root"
type=SOCKADDR msg=audit(1773063649.800:2130): saddr=020000357F0000350000000000000000SADDR={ saddr_fam=inet laddr=127.0.0.53 lport=53 }
type=PROCTITLE msg=audit(1773063649.800:2130): proctitle=2F7573722F7362696E2F61706163686532002D6B00677261636566756C
type=SYSCALL msg=audit(1773063649.852:2131): arch=c000003e syscall=42 success=yes exit=0 a0=5 a1=57e5f88b39e0 a2=1c a3=0 items=0 ppid=1 pid=1424 auid=4294967295 uid=0 gid=0 euid=0 suid=0 fsuid=0 egid=0 sgid=0 fsgid=0 tty=(none) ses=4294967295 comm="apache2" exe="/usr/sbin/apache2" subj=unconfined key="T1043_Commonly_Used_Port"ARCH=x86_64 SYSCALL=connect AUID="unset" UID="root" GID="root" EUID="root" SUID="root" FSUID="root" EGID="root" SGID="root" FSGID="root"
type=SOCKADDR msg=audit(1773063649.852:2131): saddr=0A000000000000000000000000000000000000000000000000000000SADDR={ saddr_fam=inet6 laddr=:: lport=0 }
type=PROCTITLE msg=audit(1773063649.852:2131): proctitle=2F7573722F7362696E2F61706163686532002D6B007374617274
type=SYSCALL msg=audit(1773063649.866:2132): arch=c000003e syscall=42 success=yes exit=0 a0=5 a1=7fff0456f970 a2=10 a3=0 items=0 ppid=1 pid=1424 auid=4294967295 uid=0 gid=0 euid=0 suid=0 fsuid=0 egid=0 sgid=0 fsgid=0 tty=(none) ses=4294967295 comm="apache2" exe="/usr/sbin/apache2" subj=unconfined key="T1043_Commonly_Used_Port"ARCH=x86_64 SYSCALL=connect AUID="unset" UID="root" GID="root" EUID="root" SUID="root" FSUID="root" EGID="root" SGID="root" FSGID="root"
type=SOCKADDR msg=audit(1773063649.866:2132): saddr=00000000000000000000000000000000SADDR=unknown-family(0)
type=PROCTITLE msg=audit(1773063649.866:2132): proctitle=2F7573722F7362696E2F61706163686532002D6B007374617274
type=SYSCALL msg=audit(1773063649.866:2133): arch=c000003e syscall=42 success=yes exit=0 a0=5 a1=57e5f8718f40 a2=10 a3=0 items=0 ppid=1 pid=1424 auid=4294967295 uid=0 gid=0 euid=0 suid=0 fsuid=0 egid=0 sgid=0 fsgid=0 tty=(none) ses=4294967295 comm="apache2" exe="/usr/sbin/apache2" subj=unconfined key="T1043_Commonly_Used_Port"ARCH=x86_64 SYSCALL=connect AUID="unset" UID="root" GID="root" EUID="root" SUID="root" FSUID="root" EGID="root" SGID="root" FSGID="root"
type=SOCKADDR msg=audit(1773063649.866:2133): saddr=02000000000000000000000000000000SADDR={ saddr_fam=inet laddr=0.0.0.0 lport=0 }
type=PROCTITLE msg=audit(1773063649.866:2133): proctitle=2F7573722F7362696E2F61706163686532002D6B007374617274
type=SYSCALL msg=audit(1773063649.886:2134): arch=c000003e syscall=42 success=yes exit=0 a0=5 a1=57e5f88b39e0 a2=1c a3=0 items=0 ppid=1 pid=1424 auid=4294967295 uid=0 gid=0 euid=0 suid=0 fsuid=0 egid=0 sgid=0 fsgid=0 tty=(none) ses=4294967295 comm="apache2" exe="/usr/sbin/apache2" subj=unconfined key="T1043_Commonly_Used_Port"ARCH=x86_64 SYSCALL=connect AUID="unset" UID="root" GID="root" EUID="root" SUID="root" FSUID="root" EGID="root" SGID="root" FSGID="root"
type=SOCKADDR msg=audit(1773063649.886:2134): saddr=0A000050000000000000000000000000000000000000000000000000SADDR={ saddr_fam=inet6 laddr=:: lport=80 }
type=PROCTITLE msg=audit(1773063649.886:2134): proctitle=2F7573722F7362696E2F61706163686532002D6B007374617274
type=SYSCALL msg=audit(1773063649.886:2135): arch=c000003e syscall=42 success=yes exit=0 a0=5 a1=7fff0456f5a0 a2=10 a3=0 items=0 ppid=1 pid=1424 auid=4294967295 uid=0 gid=0 euid=0 suid=0 fsuid=0 egid=0 sgid=0 fsgid=0 tty=(none) ses=4294967295 comm="apache2" exe="/usr/sbin/apache2" subj=unconfined key="T1043_Commonly_Used_Port"ARCH=x86_64 SYSCALL=connect AUID="unset" UID="root" GID="root" EUID="root" SUID="root" FSUID="root" EGID="root" SGID="root" FSGID="root"
type=SOCKADDR msg=audit(1773063649.886:2135): saddr=00000000000000000000000000000000SADDR=unknown-family(0)
type=PROCTITLE msg=audit(1773063649.886:2135): proctitle=2F7573722F7362696E2F61706163686532002D6B007374617274
type=SYSCALL msg=audit(1773063649.886:2136): arch=c000003e syscall=42 success=yes exit=0 a0=5 a1=57e5f8a42ad0 a2=10 a3=0 items=0 ppid=1 pid=1424 auid=4294967295 uid=0 gid=0 euid=0 suid=0 fsuid=0 egid=0 sgid=0 fsgid=0 tty=(none) ses=4294967295 comm="apache2" exe="/usr/sbin/apache2" subj=unconfined key="T1043_Commonly_Used_Port"ARCH=x86_64 SYSCALL=connect AUID="unset" UID="root" GID="root" EUID="root" SUID="root" FSUID="root" EGID="root" SGID="root" FSGID="root"
type=SOCKADDR msg=audit(1773063649.886:2136): saddr=02000050000000000000000000000000SADDR={ saddr_fam=inet laddr=0.0.0.0 lport=80 }
type=PROCTITLE msg=audit(1773063649.886:2136): proctitle=2F7573722F7362696E2F61706163686532002D6B007374617274
type=SYSCALL msg=audit(1773063649.886:2137): arch=c000003e syscall=42 success=yes exit=0 a0=5 a1=57e5f88b39e0 a2=1c a3=0 items=0 ppid=1 pid=1424 auid=4294967295 uid=0 gid=0 euid=0 suid=0 fsuid=0 egid=0 sgid=0 fsgid=0 tty=(none) ses=4294967295 comm="apache2" exe="/usr/sbin/apache2" subj=unconfined key="T1043_Commonly_Used_Port"ARCH=x86_64 SYSCALL=connect AUID="unset" UID="root" GID="root" EUID="root" SUID="root" FSUID="root" EGID="root" SGID="root" FSGID="root"
type=SOCKADDR msg=audit(1773063649.886:2137): saddr=0A000050000000000000000000000000000000000000000000000000SADDR={ saddr_fam=inet6 laddr=:: lport=80 }
type=PROCTITLE msg=audit(1773063649.886:2137): proctitle=2F7573722F7362696E2F61706163686532002D6B007374617274
type=SYSCALL msg=audit(1773063649.888:2138): arch=c000003e syscall=42 success=yes exit=0 a0=5 a1=7fff0456f5a0 a2=10 a3=0 items=0 ppid=1 pid=1424 auid=4294967295 uid=0 gid=0 euid=0 suid=0 fsuid=0 egid=0 sgid=0 fsgid=0 tty=(none) ses=4294967295 comm="apache2" exe="/usr/sbin/apache2" subj=unconfined key="T1043_Commonly_Used_Port"ARCH=x86_64 SYSCALL=connect AUID="unset" UID="root" GID="root" EUID="root" SUID="root" FSUID="root" EGID="root" SGID="root" FSGID="root"
type=SOCKADDR msg=audit(1773063649.888:2138): saddr=00000000000000000000000000000000SADDR=unknown-family(0)
type=PROCTITLE msg=audit(1773063649.888:2138): proctitle=2F7573722F7362696E2F61706163686532002D6B007374617274
type=SYSCALL msg=audit(1773063649.888:2139): arch=c000003e syscall=42 success=yes exit=0 a0=5 a1=57e5f8a42ad0 a2=10 a3=0 items=0 ppid=1 pid=1424 auid=4294967295 uid=0 gid=0 euid=0 suid=0 fsuid=0 egid=0 sgid=0 fsgid=0 tty=(none) ses=4294967295 comm="apache2" exe="/usr/sbin/apache2" subj=unconfined key="T1043_Commonly_Used_Port"ARCH=x86_64 SYSCALL=connect AUID="unset" UID="root" GID="root" EUID="root" SUID="root" FSUID="root" EGID="root" SGID="root" FSGID="root"
type=SOCKADDR msg=audit(1773063649.888:2139): saddr=02000050000000000000000000000000SADDR={ saddr_fam=inet laddr=0.0.0.0 lport=80 }
type=PROCTITLE msg=audit(1773063649.888:2139): proctitle=2F7573722F7362696E2F61706163686532002D6B007374617274
type=SYSCALL msg=audit(1773063649.888:2140): arch=c000003e syscall=42 success=yes exit=0 a0=5 a1=74a4ca80b694 a2=10 a3=7fff0456d104 items=0 ppid=1 pid=1424 auid=4294967295 uid=0 gid=0 euid=0 suid=0 fsuid=0 egid=0 sgid=0 fsgid=0 tty=(none) ses=4294967295 comm="apache2" exe="/usr/sbin/apache2" subj=unconfined key="T1043_Commonly_Used_Port"ARCH=x86_64 SYSCALL=connect AUID="unset" UID="root" GID="root" EUID="root" SUID="root" FSUID="root" EGID="root" SGID="root" FSGID="root"
type=SOCKADDR msg=audit(1773063649.888:2140): saddr=020000357F0000350000000000000000SADDR={ saddr_fam=inet laddr=127.0.0.53 lport=53 }
type=PROCTITLE msg=audit(1773063649.888:2140): proctitle=2F7573722F7362696E2F61706163686532002D6B007374617274
type=SYSCALL msg=audit(1773063649.896:2141): arch=c000003e syscall=42 success=yes exit=0 a0=5 a1=74a4ca80b694 a2=10 a3=7fff0456d104 items=0 ppid=1 pid=1424 auid=4294967295 uid=0 gid=0 euid=0 suid=0 fsuid=0 egid=0 sgid=0 fsgid=0 tty=(none) ses=4294967295 comm="apache2" exe="/usr/sbin/apache2" subj=unconfined key="T1043_Commonly_Used_Port"ARCH=x86_64 SYSCALL=connect AUID="unset" UID="root" GID="root" EUID="root" SUID="root" FSUID="root" EGID="root" SGID="root" FSGID="root"
type=SOCKADDR msg=audit(1773063649.896:2141): saddr=020000357F0000350000000000000000SADDR={ saddr_fam=inet laddr=127.0.0.53 lport=53 }
type=PROCTITLE msg=audit(1773063649.896:2141): proctitle=2F7573722F7362696E2F61706163686532002D6B007374617274
type=SYSCALL msg=audit(1773063649.898:2142): arch=c000003e syscall=42 success=yes exit=0 a0=5 a1=57e5f8a42ad0 a2=10 a3=0 items=0 ppid=1 pid=1424 auid=4294967295 uid=0 gid=0 euid=0 suid=0 fsuid=0 egid=0 sgid=0 fsgid=0 tty=(none) ses=4294967295 comm="apache2" exe="/usr/sbin/apache2" subj=unconfined key="T1043_Commonly_Used_Port"ARCH=x86_64 SYSCALL=connect AUID="unset" UID="root" GID="root" EUID="root" SUID="root" FSUID="root" EGID="root" SGID="root" FSGID="root"
type=SOCKADDR msg=audit(1773063649.898:2142): saddr=020000000A00020F0000000000000000SADDR={ saddr_fam=inet laddr=10.0.2.15 lport=0 }
type=PROCTITLE msg=audit(1773063649.898:2142): proctitle=2F7573722F7362696E2F61706163686532002D6B007374617274
type=SYSCALL msg=audit(1773063649.898:2143): arch=c000003e syscall=42 success=yes exit=0 a0=5 a1=7fff0456eff0 a2=10 a3=0 items=0 ppid=1 pid=1424 auid=4294967295 uid=0 gid=0 euid=0 suid=0 fsuid=0 egid=0 sgid=0 fsgid=0 tty=(none) ses=4294967295 comm="apache2" exe="/usr/sbin/apache2" subj=unconfined key="T1043_Commonly_Used_Port"ARCH=x86_64 SYSCALL=connect AUID="unset" UID="root" GID="root" EUID="root" SUID="root" FSUID="root" EGID="root" SGID="root" FSGID="root"
type=SOCKADDR msg=audit(1773063649.898:2143): saddr=00000000000000000000000000000000SADDR=unknown-family(0)
type=PROCTITLE msg=audit(1773063649.898:2143): proctitle=2F7573722F7362696E2F61706163686532002D6B007374617274
type=SYSCALL msg=audit(1773063649.898:2144): arch=c000003e syscall=42 success=yes exit=0 a0=5 a1=57e5f8a42a40 a2=10 a3=0 items=0 ppid=1 pid=1424 auid=4294967295 uid=0 gid=0 euid=0 suid=0 fsuid=0 egid=0 sgid=0 fsgid=0 tty=(none) ses=4294967295 comm="apache2" exe="/usr/sbin/apache2" subj=unconfined key="T1043_Commonly_Used_Port"ARCH=x86_64 SYSCALL=connect AUID="unset" UID="root" GID="root" EUID="root" SUID="root" FSUID="root" EGID="root" SGID="root" FSGID="root"
type=SOCKADDR msg=audit(1773063649.898:2144): saddr=02000000C0A8C7060000000000000000SADDR={ saddr_fam=inet laddr=192.168.199.6 lport=0 }
type=PROCTITLE msg=audit(1773063649.898:2144): proctitle=2F7573722F7362696E2F61706163686532002D6B007374617274
type=SYSCALL msg=audit(1773063649.898:2145): arch=c000003e syscall=42 success=yes exit=0 a0=5 a1=57e5f88b39e0 a2=1c a3=0 items=0 ppid=1 pid=1424 auid=4294967295 uid=0 gid=0 euid=0 suid=0 fsuid=0 egid=0 sgid=0 fsgid=0 tty=(none) ses=4294967295 comm="apache2" exe="/usr/sbin/apache2" subj=unconfined key="T1043_Commonly_Used_Port"ARCH=x86_64 SYSCALL=connect AUID="unset" UID="root" GID="root" EUID="root" SUID="root" FSUID="root" EGID="root" SGID="root" FSGID="root"
type=SOCKADDR msg=audit(1773063649.898:2145): saddr=0A00000000000000FD17625CF03700020A0027FFFED8540D00000000SADDR={ saddr_fam=inet6 laddr=fd17:625c:f037:2:a00:27ff:fed8:540d lport=0 }
type=PROCTITLE msg=audit(1773063649.898:2145): proctitle=2F7573722F7362696E2F61706163686532002D6B007374617274
type=SYSCALL msg=audit(1773063649.898:2146): arch=c000003e syscall=42 success=yes exit=0 a0=5 a1=7fff0456eff0 a2=10 a3=0 items=0 ppid=1 pid=1424 auid=4294967295 uid=0 gid=0 euid=0 suid=0 fsuid=0 egid=0 sgid=0 fsgid=0 tty=(none) ses=4294967295 comm="apache2" exe="/usr/sbin/apache2" subj=unconfined key="T1043_Commonly_Used_Port"ARCH=x86_64 SYSCALL=connect AUID="unset" UID="root" GID="root" EUID="root" SUID="root" FSUID="root" EGID="root" SGID="root" FSGID="root"
type=SOCKADDR msg=audit(1773063649.898:2146): saddr=00000000000000000000000000000000SADDR=unknown-family(0)
type=PROCTITLE msg=audit(1773063649.898:2146): proctitle=2F7573722F7362696E2F61706163686532002D6B007374617274
type=SYSCALL msg=audit(1773063649.898:2147): arch=c000003e syscall=42 success=no exit=-22 a0=5 a1=57e5f8a23570 a2=1c a3=0 items=0 ppid=1 pid=1424 auid=4294967295 uid=0 gid=0 euid=0 suid=0 fsuid=0 egid=0 sgid=0 fsgid=0 tty=(none) ses=4294967295 comm="apache2" exe="/usr/sbin/apache2" subj=unconfined key="T1043_Commonly_Used_Port"ARCH=x86_64 SYSCALL=connect AUID="unset" UID="root" GID="root" EUID="root" SUID="root" FSUID="root" EGID="root" SGID="root" FSGID="root"
type=SOCKADDR msg=audit(1773063649.898:2147): saddr=0A00000000000000FE800000000000000A0027FFFED8540D00000000SADDR={ saddr_fam=inet6 laddr=fe80::a00:27ff:fed8:540d lport=0 }
type=PROCTITLE msg=audit(1773063649.898:2147): proctitle=2F7573722F7362696E2F61706163686532002D6B007374617274
type=SYSCALL msg=audit(1773063649.898:2148): arch=c000003e syscall=42 success=yes exit=0 a0=5 a1=7fff0456eff0 a2=10 a3=0 items=0 ppid=1 pid=1424 auid=4294967295 uid=0 gid=0 euid=0 suid=0 fsuid=0 egid=0 sgid=0 fsgid=0 tty=(none) ses=4294967295 comm="apache2" exe="/usr/sbin/apache2" subj=unconfined key="T1043_Commonly_Used_Port"ARCH=x86_64 SYSCALL=connect AUID="unset" UID="root" GID="root" EUID="root" SUID="root" FSUID="root" EGID="root" SGID="root" FSGID="root"
type=SOCKADDR msg=audit(1773063649.898:2148): saddr=00000000000000000000000000000000SADDR=unknown-family(0)
type=PROCTITLE msg=audit(1773063649.898:2148): proctitle=2F7573722F7362696E2F61706163686532002D6B007374617274
type=SYSCALL msg=audit(1773063649.898:2149): arch=c000003e syscall=42 success=no exit=-22 a0=5 a1=57e5f8a23260 a2=1c a3=0 items=0 ppid=1 pid=1424 auid=4294967295 uid=0 gid=0 euid=0 suid=0 fsuid=0 egid=0 sgid=0 fsgid=0 tty=(none) ses=4294967295 comm="apache2" exe="/usr/sbin/apache2" subj=unconfined key="T1043_Commonly_Used_Port"ARCH=x86_64 SYSCALL=connect AUID="unset" UID="root" GID="root" EUID="root" SUID="root" FSUID="root" EGID="root" SGID="root" FSGID="root"
type=SOCKADDR msg=audit(1773063649.898:2149): saddr=0A00000000000000FE800000000000000A0027FFFE4B6CA600000000SADDR={ saddr_fam=inet6 laddr=fe80::a00:27ff:fe4b:6ca6 lport=0 }
type=PROCTITLE msg=audit(1773063649.898:2149): proctitle=2F7573722F7362696E2F61706163686532002D6B007374617274
type=SYSCALL msg=audit(1773063649.898:2150): arch=c000003e syscall=42 success=yes exit=0 a0=5 a1=74a4ca80b694 a2=10 a3=7fff0456d814 items=0 ppid=1 pid=1424 auid=4294967295 uid=0 gid=0 euid=0 suid=0 fsuid=0 egid=0 sgid=0 fsgid=0 tty=(none) ses=4294967295 comm="apache2" exe="/usr/sbin/apache2" subj=unconfined key="T1043_Commonly_Used_Port"ARCH=x86_64 SYSCALL=connect AUID="unset" UID="root" GID="root" EUID="root" SUID="root" FSUID="root" EGID="root" SGID="root" FSGID="root"
type=SOCKADDR msg=audit(1773063649.898:2150): saddr=020000357F0000350000000000000000SADDR={ saddr_fam=inet laddr=127.0.0.53 lport=53 }
type=PROCTITLE msg=audit(1773063649.898:2150): proctitle=2F7573722F7362696E2F61706163686532002D6B007374617274
type=SYSCALL msg=audit(1773063649.940:2151): arch=c000003e syscall=106 success=yes exit=0 a0=21 a1=74a4ca8e94a0 a2=0 a3=22 items=0 ppid=1424 pid=1517 auid=4294967295 uid=0 gid=33 euid=0 suid=0 fsuid=0 egid=33 sgid=33 fsgid=33 tty=(none) ses=4294967295 comm="apache2" exe="/usr/sbin/apache2" subj=unconfined key="T1166_Seuid_and_Setgid"ARCH=x86_64 SYSCALL=setgid AUID="unset" UID="root" GID="www-data" EUID="root" SUID="root" FSUID="root" EGID="www-data" SGID="www-data" FSGID="www-data"
type=PROCTITLE msg=audit(1773063649.940:2151): proctitle=2F7573722F7362696E2F61706163686532002D6B007374617274
type=SYSCALL msg=audit(1773063649.942:2152): arch=c000003e syscall=106 success=yes exit=0 a0=21 a1=74a4ca8e94a0 a2=0 a3=22 items=0 ppid=1424 pid=1518 auid=4294967295 uid=0 gid=33 euid=0 suid=0 fsuid=0 egid=33 sgid=33 fsgid=33 tty=(none) ses=4294967295 comm="apache2" exe="/usr/sbin/apache2" subj=unconfined key="T1166_Seuid_and_Setgid"ARCH=x86_64 SYSCALL=setgid AUID="unset" UID="root" GID="www-data" EUID="root" SUID="root" FSUID="root" EGID="www-data" SGID="www-data" FSGID="www-data"
type=PROCTITLE msg=audit(1773063649.942:2152): proctitle=2F7573722F7362696E2F61706163686532002D6B007374617274
type=SYSCALL msg=audit(1773063649.942:2153): arch=c000003e syscall=42 success=yes exit=0 a0=e a1=7fff0456fde0 a2=2d a3=57e5f8b149a0 items=1 ppid=1424 pid=1517 auid=4294967295 uid=0 gid=33 euid=0 suid=0 fsuid=0 egid=33 sgid=33 fsgid=33 tty=(none) ses=4294967295 comm="apache2" exe="/usr/sbin/apache2" subj=unconfined key="T1043_Commonly_Used_Port"ARCH=x86_64 SYSCALL=connect AUID="unset" UID="root" GID="www-data" EUID="root" SUID="root" FSUID="root" EGID="www-data" SGID="www-data" FSGID="www-data"
type=SOCKADDR msg=audit(1773063649.942:2153): saddr=01002F72756E2F73797374656D642F7573657264622F696F2E73797374656D642E44796E616D69635573657200SADDR={ saddr_fam=local path=/run/systemd/userdb/io.systemd.DynamicUser }
type=PATH msg=audit(1773063649.942:2153): item=0 name="/run/systemd/userdb/io.systemd.DynamicUser" inode=451 dev=00:18 mode=0140666 ouid=0 ogid=0 rdev=00:00 nametype=NORMAL cap_fp=0 cap_fi=0 cap_fe=0 cap_fver=0 cap_frootid=0OUID="root" OGID="root"
type=PROCTITLE msg=audit(1773063649.942:2153): proctitle=2F7573722F7362696E2F61706163686532002D6B007374617274
type=SYSCALL msg=audit(1773063649.944:2154): arch=c000003e syscall=105 success=yes exit=0 a0=21 a1=57e5f898c520 a2=57e086eed9ec a3=57e5f898c530 items=0 ppid=1424 pid=1517 auid=4294967295 uid=33 gid=33 euid=33 suid=33 fsuid=33 egid=33 sgid=33 fsgid=33 tty=(none) ses=4294967295 comm="apache2" exe="/usr/sbin/apache2" subj=unconfined key="T1166_Seuid_and_Setgid"ARCH=x86_64 SYSCALL=setuid AUID="unset" UID="www-data" GID="www-data" EUID="www-data" SUID="www-data" FSUID="www-data" EGID="www-data" SGID="www-data" FSGID="www-data"
type=PROCTITLE msg=audit(1773063649.944:2154): proctitle=2F7573722F7362696E2F61706163686532002D6B007374617274
type=SYSCALL msg=audit(1773063649.945:2155): arch=c000003e syscall=106 success=yes exit=0 a0=21 a1=74a4ca8e94a0 a2=0 a3=22 items=0 ppid=1424 pid=1519 auid=4294967295 uid=0 gid=33 euid=0 suid=0 fsuid=0 egid=33 sgid=33 fsgid=33 tty=(none) ses=4294967295 comm="apache2" exe="/usr/sbin/apache2" subj=unconfined key="T1166_Seuid_and_Setgid"ARCH=x86_64 SYSCALL=setgid AUID="unset" UID="root" GID="www-data" EUID="root" SUID="root" FSUID="root" EGID="www-data" SGID="www-data" FSGID="www-data"
type=PROCTITLE msg=audit(1773063649.945:2155): proctitle=2F7573722F7362696E2F61706163686532002D6B007374617274
type=SYSCALL msg=audit(1773063649.945:2156): arch=c000003e syscall=106 success=yes exit=0 a0=21 a1=74a4ca8e94a0 a2=0 a3=22 items=0 ppid=1424 pid=1520 auid=4294967295 uid=0 gid=33 euid=0 suid=0 fsuid=0 egid=33 sgid=33 fsgid=33 tty=(none) ses=4294967295 comm="apache2" exe="/usr/sbin/apache2" subj=unconfined key="T1166_Seuid_and_Setgid"ARCH=x86_64 SYSCALL=setgid AUID="unset" UID="root" GID="www-data" EUID="root" SUID="root" FSUID="root" EGID="www-data" SGID="www-data" FSGID="www-data"
type=PROCTITLE msg=audit(1773063649.945:2156): proctitle=2F7573722F7362696E2F61706163686532002D6B007374617274
type=SYSCALL msg=audit(1773063649.942:2157): arch=c000003e syscall=42 success=yes exit=0 a0=e a1=7fff0456fde0 a2=2d a3=57e5f8b149a0 items=1 ppid=1424 pid=1518 auid=4294967295 uid=0 gid=33 euid=0 suid=0 fsuid=0 egid=33 sgid=33 fsgid=33 tty=(none) ses=4294967295 comm="apache2" exe="/usr/sbin/apache2" subj=unconfined key="T1043_Commonly_Used_Port"ARCH=x86_64 SYSCALL=connect AUID="unset" UID="root" GID="www-data" EUID="root" SUID="root" FSUID="root" EGID="www-data" SGID="www-data" FSGID="www-data"
type=SOCKADDR msg=audit(1773063649.942:2157): saddr=01002F72756E2F73797374656D642F7573657264622F696F2E73797374656D642E44796E616D69635573657200SADDR={ saddr_fam=local path=/run/systemd/userdb/io.systemd.DynamicUser }
type=PATH msg=audit(1773063649.942:2157): item=0 name="/run/systemd/userdb/io.systemd.DynamicUser" inode=451 dev=00:18 mode=0140666 ouid=0 ogid=0 rdev=00:00 nametype=NORMAL cap_fp=0 cap_fi=0 cap_fe=0 cap_fver=0 cap_frootid=0OUID="root" OGID="root"
type=PROCTITLE msg=audit(1773063649.942:2157): proctitle=2F7573722F7362696E2F61706163686532002D6B007374617274
type=SYSCALL msg=audit(1773063649.947:2158): arch=c000003e syscall=105 success=yes exit=0 a0=21 a1=57e5f898c520 a2=57e086eed9ec a3=57e5f898c530 items=0 ppid=1424 pid=1518 auid=4294967295 uid=33 gid=33 euid=33 suid=33 fsuid=33 egid=33 sgid=33 fsgid=33 tty=(none) ses=4294967295 comm="apache2" exe="/usr/sbin/apache2" subj=unconfined key="T1166_Seuid_and_Setgid"ARCH=x86_64 SYSCALL=setuid AUID="unset" UID="www-data" GID="www-data" EUID="www-data" SUID="www-data" FSUID="www-data" EGID="www-data" SGID="www-data" FSGID="www-data"
type=PROCTITLE msg=audit(1773063649.947:2158): proctitle=2F7573722F7362696E2F61706163686532002D6B007374617274
type=SYSCALL msg=audit(1773063649.945:2159): arch=c000003e syscall=42 success=yes exit=0 a0=e a1=7fff0456fde0 a2=2d a3=57e5f8b149a0 items=1 ppid=1424 pid=1519 auid=4294967295 uid=0 gid=33 euid=0 suid=0 fsuid=0 egid=33 sgid=33 fsgid=33 tty=(none) ses=4294967295 comm="apache2" exe="/usr/sbin/apache2" subj=unconfined key="T1043_Commonly_Used_Port"ARCH=x86_64 SYSCALL=connect AUID="unset" UID="root" GID="www-data" EUID="root" SUID="root" FSUID="root" EGID="www-data" SGID="www-data" FSGID="www-data"
type=SOCKADDR msg=audit(1773063649.945:2159): saddr=01002F72756E2F73797374656D642F7573657264622F696F2E73797374656D642E44796E616D69635573657200SADDR={ saddr_fam=local path=/run/systemd/userdb/io.systemd.DynamicUser }
type=PATH msg=audit(1773063649.945:2159): item=0 name="/run/systemd/userdb/io.systemd.DynamicUser" inode=451 dev=00:18 mode=0140666 ouid=0 ogid=0 rdev=00:00 nametype=NORMAL cap_fp=0 cap_fi=0 cap_fe=0 cap_fver=0 cap_frootid=0OUID="root" OGID="root"
type=PROCTITLE msg=audit(1773063649.945:2159): proctitle=2F7573722F7362696E2F61706163686532002D6B007374617274
type=SYSCALL msg=audit(1773063649.947:2160): arch=c000003e syscall=105 success=yes exit=0 a0=21 a1=57e5f898c520 a2=57e086eed9ec a3=57e5f898c530 items=0 ppid=1424 pid=1519 auid=4294967295 uid=33 gid=33 euid=33 suid=33 fsuid=33 egid=33 sgid=33 fsgid=33 tty=(none) ses=4294967295 comm="apache2" exe="/usr/sbin/apache2" subj=unconfined key="T1166_Seuid_and_Setgid"ARCH=x86_64 SYSCALL=setuid AUID="unset" UID="www-data" GID="www-data" EUID="www-data" SUID="www-data" FSUID="www-data" EGID="www-data" SGID="www-data" FSGID="www-data"
type=PROCTITLE msg=audit(1773063649.947:2160): proctitle=2F7573722F7362696E2F61706163686532002D6B007374617274
type=SYSCALL msg=audit(1773063649.948:2161): arch=c000003e syscall=42 success=yes exit=0 a0=e a1=7fff0456fde0 a2=2d a3=57e5f8b149a0 items=1 ppid=1424 pid=1520 auid=4294967295 uid=0 gid=33 euid=0 suid=0 fsuid=0 egid=33 sgid=33 fsgid=33 tty=(none) ses=4294967295 comm="apache2" exe="/usr/sbin/apache2" subj=unconfined key="T1043_Commonly_Used_Port"ARCH=x86_64 SYSCALL=connect AUID="unset" UID="root" GID="www-data" EUID="root" SUID="root" FSUID="root" EGID="www-data" SGID="www-data" FSGID="www-data"
type=SOCKADDR msg=audit(1773063649.948:2161): saddr=01002F72756E2F73797374656D642F7573657264622F696F2E73797374656D642E44796E616D69635573657200SADDR={ saddr_fam=local path=/run/systemd/userdb/io.systemd.DynamicUser }
type=SYSCALL msg=audit(1773063649.950:2162): arch=c000003e syscall=106 success=yes exit=0 a0=21 a1=74a4ca8e94a0 a2=0 a3=22 items=0 ppid=1424 pid=1521 auid=4294967295 uid=0 gid=33 euid=0 suid=0 fsuid=0 egid=33 sgid=33 fsgid=33 tty=(none) ses=4294967295 comm="apache2" exe="/usr/sbin/apache2" subj=unconfined key="T1166_Seuid_and_Setgid"ARCH=x86_64 SYSCALL=setgid AUID="unset" UID="root" GID="www-data" EUID="root" SUID="root" FSUID="root" EGID="www-data" SGID="www-data" FSGID="www-data"
type=PATH msg=audit(1773063649.948:2161): item=0 name="/run/systemd/userdb/io.systemd.DynamicUser" inode=451 dev=00:18 mode=0140666 ouid=0 ogid=0 rdev=00:00 nametype=NORMAL cap_fp=0 cap_fi=0 cap_fe=0 cap_fver=0 cap_frootid=0OUID="root" OGID="root"
type=PROCTITLE msg=audit(1773063649.950:2162): proctitle=2F7573722F7362696E2F61706163686532002D6B007374617274
type=PROCTITLE msg=audit(1773063649.948:2161): proctitle=2F7573722F7362696E2F61706163686532002D6B007374617274
type=SYSCALL msg=audit(1773063649.951:2163): arch=c000003e syscall=105 success=yes exit=0 a0=21 a1=57e5f898c520 a2=57e086eed9ec a3=57e5f898c530 items=0 ppid=1424 pid=1520 auid=4294967295 uid=33 gid=33 euid=33 suid=33 fsuid=33 egid=33 sgid=33 fsgid=33 tty=(none) ses=4294967295 comm="apache2" exe="/usr/sbin/apache2" subj=unconfined key="T1166_Seuid_and_Setgid"ARCH=x86_64 SYSCALL=setuid AUID="unset" UID="www-data" GID="www-data" EUID="www-data" SUID="www-data" FSUID="www-data" EGID="www-data" SGID="www-data" FSGID="www-data"
type=PROCTITLE msg=audit(1773063649.951:2163): proctitle=2F7573722F7362696E2F61706163686532002D6B007374617274
type=SYSCALL msg=audit(1773063649.952:2164): arch=c000003e syscall=42 success=yes exit=0 a0=e a1=7fff0456fde0 a2=2d a3=57e5f8b149a0 items=1 ppid=1424 pid=1521 auid=4294967295 uid=0 gid=33 euid=0 suid=0 fsuid=0 egid=33 sgid=33 fsgid=33 tty=(none) ses=4294967295 comm="apache2" exe="/usr/sbin/apache2" subj=unconfined key="T1043_Commonly_Used_Port"ARCH=x86_64 SYSCALL=connect AUID="unset" UID="root" GID="www-data" EUID="root" SUID="root" FSUID="root" EGID="www-data" SGID="www-data" FSGID="www-data"
type=SOCKADDR msg=audit(1773063649.952:2164): saddr=01002F72756E2F73797374656D642F7573657264622F696F2E73797374656D642E44796E616D69635573657200SADDR={ saddr_fam=local path=/run/systemd/userdb/io.systemd.DynamicUser }
type=PATH msg=audit(1773063649.952:2164): item=0 name="/run/systemd/userdb/io.systemd.DynamicUser" inode=451 dev=00:18 mode=0140666 ouid=0 ogid=0 rdev=00:00 nametype=NORMAL cap_fp=0 cap_fi=0 cap_fe=0 cap_fver=0 cap_frootid=0OUID="root" OGID="root"
type=PROCTITLE msg=audit(1773063649.952:2164): proctitle=2F7573722F7362696E2F61706163686532002D6B007374617274
type=SYSCALL msg=audit(1773063649.953:2165): arch=c000003e syscall=105 success=yes exit=0 a0=21 a1=57e5f898c520 a2=57e086eed9ec a3=57e5f898c530 items=0 ppid=1424 pid=1521 auid=4294967295 uid=33 gid=33 euid=33 suid=33 fsuid=33 egid=33 sgid=33 fsgid=33 tty=(none) ses=4294967295 comm="apache2" exe="/usr/sbin/apache2" subj=unconfined key="T1166_Seuid_and_Setgid"ARCH=x86_64 SYSCALL=setuid AUID="unset" UID="www-data" GID="www-data" EUID="www-data" SUID="www-data" FSUID="www-data" EGID="www-data" SGID="www-data" FSGID="www-data"
type=PROCTITLE msg=audit(1773063649.953:2165): proctitle=2F7573722F7362696E2F61706163686532002D6B007374617274
type=SYSCALL msg=audit(1773063656.760:2166): arch=c000003e syscall=42 success=yes exit=0 a0=10 a1=7fff0456d270 a2=1d a3=1 items=1 ppid=1424 pid=1517 auid=4294967295 uid=33 gid=33 euid=33 suid=33 fsuid=33 egid=33 sgid=33 fsgid=33 tty=(none) ses=4294967295 comm="apache2" exe="/usr/sbin/apache2" subj=unconfined key="T1043_Commonly_Used_Port"ARCH=x86_64 SYSCALL=connect AUID="unset" UID="www-data" GID="www-data" EUID="www-data" SUID="www-data" FSUID="www-data" EGID="www-data" SGID="www-data" FSGID="www-data"
type=SOCKADDR msg=audit(1773063656.760:2166): saddr=01002F7661722F72756E2F6D7973716C642F6D7973716C642E736F636BSADDR={ saddr_fam=local path=/var/run/mysqld/mysqld.sock }
type=PATH msg=audit(1773063656.760:2166): item=0 name="/var/run/mysqld/mysqld.sock" inode=1371 dev=00:18 mode=0140777 ouid=111 ogid=111 rdev=00:00 nametype=NORMAL cap_fp=0 cap_fi=0 cap_fe=0 cap_fver=0 cap_frootid=0OUID="mysql" OGID="mysql"
type=PROCTITLE msg=audit(1773063656.760:2166): proctitle=2F7573722F7362696E2F61706163686532002D6B007374617274
type=SYSCALL msg=audit(1773063657.187:2167): arch=c000003e syscall=42 success=yes exit=0 a0=14 a1=74a4b95ffd8c a2=10 a3=74a4b95fc504 items=0 ppid=1424 pid=1517 auid=4294967295 uid=33 gid=33 euid=33 suid=33 fsuid=33 egid=33 sgid=33 fsgid=33 tty=(none) ses=4294967295 comm="apache2" exe="/usr/sbin/apache2" subj=unconfined key="T1043_Commonly_Used_Port"ARCH=x86_64 SYSCALL=connect AUID="unset" UID="www-data" GID="www-data" EUID="www-data" SUID="www-data" FSUID="www-data" EGID="www-data" SGID="www-data" FSGID="www-data"
type=SOCKADDR msg=audit(1773063657.187:2167): saddr=020000357F0000350000000000000000SADDR={ saddr_fam=inet laddr=127.0.0.53 lport=53 }
type=PROCTITLE msg=audit(1773063657.187:2167): proctitle=2F7573722F7362696E2F61706163686532002D6B007374617274
type=SYSCALL msg=audit(1773063657.190:2168): arch=c000003e syscall=42 success=yes exit=0 a0=14 a1=74a4b95ffd8c a2=10 a3=74a4b95fc504 items=0 ppid=1424 pid=1517 auid=4294967295 uid=33 gid=33 euid=33 suid=33 fsuid=33 egid=33 sgid=33 fsgid=33 tty=(none) ses=4294967295 comm="apache2" exe="/usr/sbin/apache2" subj=unconfined key="T1043_Commonly_Used_Port"ARCH=x86_64 SYSCALL=connect AUID="unset" UID="www-data" GID="www-data" EUID="www-data" SUID="www-data" FSUID="www-data" EGID="www-data" SGID="www-data" FSGID="www-data"
type=SOCKADDR msg=audit(1773063657.190:2168): saddr=020000357F0000350000000000000000SADDR={ saddr_fam=inet laddr=127.0.0.53 lport=53 }
type=PROCTITLE msg=audit(1773063657.190:2168): proctitle=2F7573722F7362696E2F61706163686532002D6B007374617274
type=SYSCALL msg=audit(1773063657.305:2169): arch=c000003e syscall=106 success=yes exit=0 a0=21 a1=74a4ca8e94a0 a2=0 a3=22 items=0 ppid=1424 pid=1523 auid=4294967295 uid=0 gid=33 euid=0 suid=0 fsuid=0 egid=33 sgid=33 fsgid=33 tty=(none) ses=4294967295 comm="apache2" exe="/usr/sbin/apache2" subj=unconfined key="T1166_Seuid_and_Setgid"ARCH=x86_64 SYSCALL=setgid AUID="unset" UID="root" GID="www-data" EUID="root" SUID="root" FSUID="root" EGID="www-data" SGID="www-data" FSGID="www-data"
type=PROCTITLE msg=audit(1773063657.305:2169): proctitle=2F7573722F7362696E2F61706163686532002D6B007374617274
type=SYSCALL msg=audit(1773063657.305:2170): arch=c000003e syscall=42 success=yes exit=0 a0=e a1=7fff0456fde0 a2=2d a3=57e5f8b149a0 items=1 ppid=1424 pid=1523 auid=4294967295 uid=0 gid=33 euid=0 suid=0 fsuid=0 egid=33 sgid=33 fsgid=33 tty=(none) ses=4294967295 comm="apache2" exe="/usr/sbin/apache2" subj=unconfined key="T1043_Commonly_Used_Port"ARCH=x86_64 SYSCALL=connect AUID="unset" UID="root" GID="www-data" EUID="root" SUID="root" FSUID="root" EGID="www-data" SGID="www-data" FSGID="www-data"
type=SOCKADDR msg=audit(1773063657.305:2170): saddr=01002F72756E2F73797374656D642F7573657264622F696F2E73797374656D642E44796E616D69635573657200SADDR={ saddr_fam=local path=/run/systemd/userdb/io.systemd.DynamicUser }
type=PATH msg=audit(1773063657.305:2170): item=0 name="/run/systemd/userdb/io.systemd.DynamicUser" inode=451 dev=00:18 mode=0140666 ouid=0 ogid=0 rdev=00:00 nametype=NORMAL cap_fp=0 cap_fi=0 cap_fe=0 cap_fver=0 cap_frootid=0OUID="root" OGID="root"
type=PROCTITLE msg=audit(1773063657.305:2170): proctitle=2F7573722F7362696E2F61706163686532002D6B007374617274
type=SYSCALL msg=audit(1773063657.305:2171): arch=c000003e syscall=105 success=yes exit=0 a0=21 a1=57e5f898c520 a2=57e086eed9ec a3=57e5f898c530 items=0 ppid=1424 pid=1523 auid=4294967295 uid=33 gid=33 euid=33 suid=33 fsuid=33 egid=33 sgid=33 fsgid=33 tty=(none) ses=4294967295 comm="apache2" exe="/usr/sbin/apache2" subj=unconfined key="T1166_Seuid_and_Setgid"ARCH=x86_64 SYSCALL=setuid AUID="unset" UID="www-data" GID="www-data" EUID="www-data" SUID="www-data" FSUID="www-data" EGID="www-data" SGID="www-data" FSGID="www-data"
type=PROCTITLE msg=audit(1773063657.305:2171): proctitle=2F7573722F7362696E2F61706163686532002D6B007374617274
type=SYSCALL msg=audit(1773063685.855:2172): arch=c000003e syscall=59 success=yes exit=0 a0=62507e430390 a1=62507e4301a0 a2=62507e2e9cc0 a3=62507e430140 items=2 ppid=1380 pid=1526 auid=1000 uid=0 gid=0 euid=0 suid=0 fsuid=0 egid=0 sgid=0 fsgid=0 tty=pts1 ses=3 comm="tail" exe="/usr/bin/tail" subj=unconfined key="T1078_Valid_Accounts"ARCH=x86_64 SYSCALL=execve AUID="vboxuser" UID="root" GID="root" EUID="root" SUID="root" FSUID="root" EGID="root" SGID="root" FSGID="root"
type=EXECVE msg=audit(1773063685.855:2172): argc=3 a0="tail" a1="-20" a2="/var/log/apache2/wordpress_error.log"
type=PATH msg=audit(1773063685.855:2172): item=0 name="/usr/bin/tail" inode=1442904 dev=08:02 mode=0100755 ouid=0 ogid=0 rdev=00:00 nametype=NORMAL cap_fp=0 cap_fi=0 cap_fe=0 cap_fver=0 cap_frootid=0OUID="root" OGID="root"
type=PATH msg=audit(1773063685.855:2172): item=1 name="/lib64/ld-linux-x86-64.so.2" inode=1481429 dev=08:02 mode=0100755 ouid=0 ogid=0 rdev=00:00 nametype=NORMAL cap_fp=0 cap_fi=0 cap_fe=0 cap_fver=0 cap_frootid=0OUID="root" OGID="root"
type=PROCTITLE msg=audit(1773063685.855:2172): proctitle=7461696C002D3230002F7661722F6C6F672F617061636865322F776F726470726573735F6572726F722E6C6F67
type=SYSCALL msg=audit(1773063688.570:2173): arch=c000003e syscall=59 success=yes exit=0 a0=7fffafa394b0 a1=7fffafa394d0 a2=7fffafa39fd8 a3=8 items=2 ppid=1 pid=1527 auid=4294967295 uid=0 gid=0 euid=0 suid=0 fsuid=0 egid=0 sgid=0 fsgid=0 tty=(none) ses=4294967295 comm="9" exe="/usr/lib/systemd/systemd-executor" subj=unconfined key="T1078_Valid_Accounts"ARCH=x86_64 SYSCALL=execve AUID="unset" UID="root" GID="root" EUID="root" SUID="root" FSUID="root" EGID="root" SGID="root" FSGID="root"
type=EXECVE msg=audit(1773063688.570:2173): argc=7 a0="/usr/lib/systemd/systemd-executor" a1="--deserialize" a2="101" a3="--log-level" a4="info" a5="--log-target" a6="journal-or-kmsg"
type=PATH msg=audit(1773063688.570:2173): item=0 name="/proc/self/fd/9" inode=1463834 dev=08:02 mode=0100755 ouid=0 ogid=0 rdev=00:00 nametype=NORMAL cap_fp=0 cap_fi=0 cap_fe=0 cap_fver=0 cap_frootid=0OUID="root" OGID="root"
type=PATH msg=audit(1773063688.570:2173): item=1 name="/lib64/ld-linux-x86-64.so.2" inode=1481429 dev=08:02 mode=0100755 ouid=0 ogid=0 rdev=00:00 nametype=NORMAL cap_fp=0 cap_fi=0 cap_fe=0 cap_fver=0 cap_frootid=0OUID="root" OGID="root"
type=PROCTITLE msg=audit(1773063688.570:2173): proctitle=2F7573722F6C69622F73797374656D642F73797374656D642D6578656375746F72002D2D646573657269616C697A6500313031002D2D6C6F672D6C6576656C00696E666F002D2D6C6F672D746172676574006A6F75726E616C2D6F722D6B6D7367
type=SYSCALL msg=audit(1773063688.579:2174): arch=c000003e syscall=42 success=yes exit=0 a0=4 a1=7ffc29dd9fb0 a2=1e a3=7ffc29dda060 items=1 ppid=1 pid=1527 auid=4294967295 uid=0 gid=0 euid=0 suid=0 fsuid=0 egid=0 sgid=0 fsgid=0 tty=(none) ses=4294967295 comm="9" exe="/usr/lib/systemd/systemd-executor" subj=unconfined key="T1043_Commonly_Used_Port"ARCH=x86_64 SYSCALL=connect AUID="unset" UID="root" GID="root" EUID="root" SUID="root" FSUID="root" EGID="root" SGID="root" FSGID="root"
type=SOCKADDR msg=audit(1773063688.579:2174): saddr=01002F72756E2F73797374656D642F6A6F75726E616C2F736F636B657400SADDR={ saddr_fam=local path=/run/systemd/journal/socket }
type=PATH msg=audit(1773063688.579:2174): item=0 name="/run/systemd/journal/socket" inode=464 dev=00:18 mode=0140666 ouid=0 ogid=0 rdev=00:00 nametype=NORMAL cap_fp=0 cap_fi=0 cap_fe=0 cap_fver=0 cap_frootid=0OUID="root" OGID="root"
type=PROCTITLE msg=audit(1773063688.579:2174): proctitle=2F7573722F6C69622F73797374656D642F73797374656D642D6578656375746F72002D2D646573657269616C697A6500313031002D2D6C6F672D6C6576656C00696E666F002D2D6C6F672D746172676574006A6F75726E616C2D6F722D6B6D7367
type=SYSCALL msg=audit(1773063688.580:2175): arch=c000003e syscall=42 success=yes exit=0 a0=3 a1=7ffc29dd9b30 a2=1e a3=fffffff7 items=1 ppid=1 pid=1527 auid=4294967295 uid=0 gid=0 euid=0 suid=0 fsuid=0 egid=0 sgid=0 fsgid=0 tty=(none) ses=4294967295 comm="(wnloader)" exe="/usr/lib/systemd/systemd-executor" subj=unconfined key="T1043_Commonly_Used_Port"ARCH=x86_64 SYSCALL=connect AUID="unset" UID="root" GID="root" EUID="root" SUID="root" FSUID="root" EGID="root" SGID="root" FSGID="root"
type=SOCKADDR msg=audit(1773063688.580:2175): saddr=01002F72756E2F73797374656D642F6A6F75726E616C2F7374646F757400SADDR={ saddr_fam=local path=/run/systemd/journal/stdout }
type=PATH msg=audit(1773063688.580:2175): item=0 name="/run/systemd/journal/stdout" inode=465 dev=00:18 mode=0140666 ouid=0 ogid=0 rdev=00:00 nametype=NORMAL cap_fp=0 cap_fi=0 cap_fe=0 cap_fver=0 cap_frootid=0OUID="root" OGID="root"
type=PROCTITLE msg=audit(1773063688.580:2175): proctitle=2F7573722F6C69622F73797374656D642F73797374656D642D6578656375746F72002D2D646573657269616C697A6500313031002D2D6C6F672D6C6576656C00696E666F002D2D6C6F672D746172676574006A6F75726E616C2D6F722D6B6D7367
type=SYSCALL msg=audit(1773063688.581:2176): arch=c000003e syscall=59 success=yes exit=0 a0=624f9524f090 a1=624f9524f070 a2=624f9524ed90 a3=624f9524f990 items=3 ppid=1 pid=1527 auid=4294967295 uid=0 gid=0 euid=0 suid=0 fsuid=0 egid=0 sgid=0 fsgid=0 tty=(none) ses=4294967295 comm="package-data-do" exe="/usr/bin/python3.12" subj=unconfined key="T1078_Valid_Accounts"ARCH=x86_64 SYSCALL=execve AUID="unset" UID="root" GID="root" EUID="root" SUID="root" FSUID="root" EGID="root" SGID="root" FSGID="root"
type=EXECVE msg=audit(1773063688.581:2176): argc=2 a0="/usr/bin/python3" a1="/usr/lib/update-notifier/package-data-downloader"
type=PATH msg=audit(1773063688.581:2176): item=0 name="/usr/lib/update-notifier/package-data-downloader" inode=1455128 dev=08:02 mode=0100755 ouid=0 ogid=0 rdev=00:00 nametype=NORMAL cap_fp=0 cap_fi=0 cap_fe=0 cap_fver=0 cap_frootid=0OUID="root" OGID="root"
type=PATH msg=audit(1773063688.581:2176): item=1 name="/usr/bin/python3" inode=1441874 dev=08:02 mode=0100755 ouid=0 ogid=0 rdev=00:00 nametype=NORMAL cap_fp=0 cap_fi=0 cap_fe=0 cap_fver=0 cap_frootid=0OUID="root" OGID="root"
type=PATH msg=audit(1773063688.581:2176): item=2 name="/lib64/ld-linux-x86-64.so.2" inode=1481429 dev=08:02 mode=0100755 ouid=0 ogid=0 rdev=00:00 nametype=NORMAL cap_fp=0 cap_fi=0 cap_fe=0 cap_fver=0 cap_frootid=0OUID="root" OGID="root"
type=PROCTITLE msg=audit(1773063688.581:2176): proctitle=2F7573722F6C69622F73797374656D642F73797374656D642D6578656375746F72002D2D646573657269616C697A6500313031002D2D6C6F672D6C6576656C00696E666F002D2D6C6F672D746172676574006A6F75726E616C2D6F722D6B6D7367
type=SERVICE_START msg=audit(1773063688.756:2177): pid=1 uid=0 auid=4294967295 ses=4294967295 subj=unconfined msg='unit=update-notifier-download comm="systemd" exe="/usr/lib/systemd/systemd" hostname=? addr=? terminal=? res=success'UID="root" AUID="unset"
type=SERVICE_STOP msg=audit(1773063688.756:2178): pid=1 uid=0 auid=4294967295 ses=4294967295 subj=unconfined msg='unit=update-notifier-download comm="systemd" exe="/usr/lib/systemd/systemd" hostname=? addr=? terminal=? res=success'UID="root" AUID="unset"
type=SYSCALL msg=audit(1773063694.594:2179): arch=c000003e syscall=59 success=yes exit=0 a0=62507e430050 a1=62507e4303f0 a2=62507e2e9cc0 a3=62507e4303f0 items=2 ppid=1380 pid=1529 auid=1000 uid=0 gid=0 euid=0 suid=0 fsuid=0 egid=0 sgid=0 fsgid=0 tty=pts1 ses=3 comm="cat" exe="/usr/bin/cat" subj=unconfined key="T1078_Valid_Accounts"ARCH=x86_64 SYSCALL=execve AUID="vboxuser" UID="root" GID="root" EUID="root" SUID="root" FSUID="root" EGID="root" SGID="root" FSGID="root"
type=EXECVE msg=audit(1773063694.594:2179): argc=2 a0="cat" a1="/var/www/wordpress/.htaccess"
type=PATH msg=audit(1773063694.594:2179): item=0 name="/usr/bin/cat" inode=1442301 dev=08:02 mode=0100755 ouid=0 ogid=0 rdev=00:00 nametype=NORMAL cap_fp=0 cap_fi=0 cap_fe=0 cap_fver=0 cap_frootid=0OUID="root" OGID="root"
type=PATH msg=audit(1773063694.594:2179): item=1 name="/lib64/ld-linux-x86-64.so.2" inode=1481429 dev=08:02 mode=0100755 ouid=0 ogid=0 rdev=00:00 nametype=NORMAL cap_fp=0 cap_fi=0 cap_fe=0 cap_fver=0 cap_frootid=0OUID="root" OGID="root"
type=PROCTITLE msg=audit(1773063694.594:2179): proctitle=636174002F7661722F7777772F776F726470726573732F2E6874616363657373
type=SYSCALL msg=audit(1773063706.373:2180): arch=c000003e syscall=59 success=yes exit=0 a0=62507e430490 a1=62507e430330 a2=62507e2e9cc0 a3=62507e430330 items=2 ppid=1380 pid=1530 auid=1000 uid=0 gid=0 euid=0 suid=0 fsuid=0 egid=0 sgid=0 fsgid=0 tty=pts1 ses=3 comm="cat" exe="/usr/bin/cat" subj=unconfined key="T1078_Valid_Accounts"ARCH=x86_64 SYSCALL=execve AUID="vboxuser" UID="root" GID="root" EUID="root" SUID="root" FSUID="root" EGID="root" SGID="root" FSGID="root"
type=EXECVE msg=audit(1773063706.373:2180): argc=2 a0="cat" a1="/var/www/wordpress/wp-config.php"
type=PATH msg=audit(1773063706.373:2180): item=0 name="/usr/bin/cat" inode=1442301 dev=08:02 mode=0100755 ouid=0 ogid=0 rdev=00:00 nametype=NORMAL cap_fp=0 cap_fi=0 cap_fe=0 cap_fver=0 cap_frootid=0OUID="root" OGID="root"
type=PATH msg=audit(1773063706.373:2180): item=1 name="/lib64/ld-linux-x86-64.so.2" inode=1481429 dev=08:02 mode=0100755 ouid=0 ogid=0 rdev=00:00 nametype=NORMAL cap_fp=0 cap_fi=0 cap_fe=0 cap_fver=0 cap_frootid=0OUID="root" OGID="root"
type=PROCTITLE msg=audit(1773063706.373:2180): proctitle=636174002F7661722F7777772F776F726470726573732F77702D636F6E6669672E706870
type=SYSCALL msg=audit(1773063714.786:2181): arch=c000003e syscall=59 success=yes exit=0 a0=62507e430510 a1=62507e4304b0 a2=62507e2e9cc0 a3=62507e4304b0 items=2 ppid=1380 pid=1531 auid=1000 uid=0 gid=0 euid=0 suid=0 fsuid=0 egid=0 sgid=0 fsgid=0 tty=pts1 ses=3 comm="cat" exe="/usr/bin/cat" subj=unconfined key="T1078_Valid_Accounts"ARCH=x86_64 SYSCALL=execve AUID="vboxuser" UID="root" GID="root" EUID="root" SUID="root" FSUID="root" EGID="root" SGID="root" FSGID="root"
type=EXECVE msg=audit(1773063714.786:2181): argc=2 a0="cat" a1="/var/www/wordpress/index.php"
type=PATH msg=audit(1773063714.786:2181): item=0 name="/usr/bin/cat" inode=1442301 dev=08:02 mode=0100755 ouid=0 ogid=0 rdev=00:00 nametype=NORMAL cap_fp=0 cap_fi=0 cap_fe=0 cap_fver=0 cap_frootid=0OUID="root" OGID="root"
type=PATH msg=audit(1773063714.786:2181): item=1 name="/lib64/ld-linux-x86-64.so.2" inode=1481429 dev=08:02 mode=0100755 ouid=0 ogid=0 rdev=00:00 nametype=NORMAL cap_fp=0 cap_fi=0 cap_fe=0 cap_fver=0 cap_frootid=0OUID="root" OGID="root"
type=PROCTITLE msg=audit(1773063714.786:2181): proctitle=636174002F7661722F7777772F776F726470726573732F696E6465782E706870
type=SYSCALL msg=audit(1773063727.591:2182): arch=c000003e syscall=59 success=yes exit=0 a0=62507e4305f0 a1=62507e430020 a2=62507e2e9cc0 a3=62507e42fff0 items=2 ppid=1380 pid=1533 auid=1000 uid=0 gid=0 euid=0 suid=0 fsuid=0 egid=0 sgid=0 fsgid=0 tty=pts1 ses=3 comm="ls" exe="/usr/bin/ls" subj=unconfined key="T1078_Valid_Accounts"ARCH=x86_64 SYSCALL=execve AUID="vboxuser" UID="root" GID="root" EUID="root" SUID="root" FSUID="root" EGID="root" SGID="root" FSGID="root"
type=EXECVE msg=audit(1773063727.591:2182): argc=4 a0="ls" a1="--color=auto" a2="-l" a3="/var/www/wordpress/site/"
type=PATH msg=audit(1773063727.591:2182): item=0 name="/usr/bin/ls" inode=1442533 dev=08:02 mode=0100755 ouid=0 ogid=0 rdev=00:00 nametype=NORMAL cap_fp=0 cap_fi=0 cap_fe=0 cap_fver=0 cap_frootid=0OUID="root" OGID="root"
type=PATH msg=audit(1773063727.591:2182): item=1 name="/lib64/ld-linux-x86-64.so.2" inode=1481429 dev=08:02 mode=0100755 ouid=0 ogid=0 rdev=00:00 nametype=NORMAL cap_fp=0 cap_fi=0 cap_fe=0 cap_fver=0 cap_frootid=0OUID="root" OGID="root"
type=PROCTITLE msg=audit(1773063727.591:2182): proctitle=6C73002D2D636F6C6F723D6175746F002D6C002F7661722F7777772F776F726470726573732F736974652F
type=SYSCALL msg=audit(1773063737.548:2183): arch=c000003e syscall=59 success=yes exit=0 a0=62507e430050 a1=62507e430610 a2=62507e2e9cc0 a3=62507e430610 items=2 ppid=1380 pid=1534 auid=1000 uid=0 gid=0 euid=0 suid=0 fsuid=0 egid=0 sgid=0 fsgid=0 tty=pts1 ses=3 comm="cat" exe="/usr/bin/cat" subj=unconfined key="T1078_Valid_Accounts"ARCH=x86_64 SYSCALL=execve AUID="vboxuser" UID="root" GID="root" EUID="root" SUID="root" FSUID="root" EGID="root" SGID="root" FSGID="root"
type=EXECVE msg=audit(1773063737.548:2183): argc=2 a0="cat" a1="/var/www/wordpress/wp-blog-header.php"
type=PATH msg=audit(1773063737.548:2183): item=0 name="/usr/bin/cat" inode=1442301 dev=08:02 mode=0100755 ouid=0 ogid=0 rdev=00:00 nametype=NORMAL cap_fp=0 cap_fi=0 cap_fe=0 cap_fver=0 cap_frootid=0OUID="root" OGID="root"
type=PATH msg=audit(1773063737.548:2183): item=1 name="/lib64/ld-linux-x86-64.so.2" inode=1481429 dev=08:02 mode=0100755 ouid=0 ogid=0 rdev=00:00 nametype=NORMAL cap_fp=0 cap_fi=0 cap_fe=0 cap_fver=0 cap_frootid=0OUID="root" OGID="root"
type=PROCTITLE msg=audit(1773063737.548:2183): proctitle=636174002F7661722F7777772F776F726470726573732F77702D626C6F672D6865616465722E706870
type=SYSCALL msg=audit(1773063748.622:2184): arch=c000003e syscall=59 success=yes exit=0 a0=62507e4305d0 a1=62507e430330 a2=62507e2e9cc0 a3=62507e430330 items=2 ppid=1380 pid=1535 auid=1000 uid=0 gid=0 euid=0 suid=0 fsuid=0 egid=0 sgid=0 fsgid=0 tty=pts1 ses=3 comm="cat" exe="/usr/bin/cat" subj=unconfined key="T1078_Valid_Accounts"ARCH=x86_64 SYSCALL=execve AUID="vboxuser" UID="root" GID="root" EUID="root" SUID="root" FSUID="root" EGID="root" SGID="root" FSGID="root"
type=EXECVE msg=audit(1773063748.622:2184): argc=2 a0="cat" a1="/var/www/wordpress/wp-load.php"
type=PATH msg=audit(1773063748.622:2184): item=0 name="/usr/bin/cat" inode=1442301 dev=08:02 mode=0100755 ouid=0 ogid=0 rdev=00:00 nametype=NORMAL cap_fp=0 cap_fi=0 cap_fe=0 cap_fver=0 cap_frootid=0OUID="root" OGID="root"
type=PATH msg=audit(1773063748.622:2184): item=1 name="/lib64/ld-linux-x86-64.so.2" inode=1481429 dev=08:02 mode=0100755 ouid=0 ogid=0 rdev=00:00 nametype=NORMAL cap_fp=0 cap_fi=0 cap_fe=0 cap_fver=0 cap_frootid=0OUID="root" OGID="root"
type=PROCTITLE msg=audit(1773063748.622:2184): proctitle=636174002F7661722F7777772F776F726470726573732F77702D6C6F61642E706870
type=SYSCALL msg=audit(1773063762.042:2185): arch=c000003e syscall=59 success=yes exit=0 a0=62507e4306d0 a1=62507e430670 a2=62507e2e9cc0 a3=62507e430670 items=2 ppid=1380 pid=1536 auid=1000 uid=0 gid=0 euid=0 suid=0 fsuid=0 egid=0 sgid=0 fsgid=0 tty=pts1 ses=3 comm="cat" exe="/usr/bin/cat" subj=unconfined key="T1078_Valid_Accounts"ARCH=x86_64 SYSCALL=execve AUID="vboxuser" UID="root" GID="root" EUID="root" SUID="root" FSUID="root" EGID="root" SGID="root" FSGID="root"
type=EXECVE msg=audit(1773063762.042:2185): argc=2 a0="cat" a1="/var/www/wordpress/wp-settings.php"
type=PATH msg=audit(1773063762.042:2185): item=0 name="/usr/bin/cat" inode=1442301 dev=08:02 mode=0100755 ouid=0 ogid=0 rdev=00:00 nametype=NORMAL cap_fp=0 cap_fi=0 cap_fe=0 cap_fver=0 cap_frootid=0OUID="root" OGID="root"
type=PATH msg=audit(1773063762.042:2185): item=1 name="/lib64/ld-linux-x86-64.so.2" inode=1481429 dev=08:02 mode=0100755 ouid=0 ogid=0 rdev=00:00 nametype=NORMAL cap_fp=0 cap_fi=0 cap_fe=0 cap_fver=0 cap_frootid=0OUID="root" OGID="root"
type=PROCTITLE msg=audit(1773063762.042:2185): proctitle=636174002F7661722F7777772F776F726470726573732F77702D73657474696E67732E706870
type=SYSCALL msg=audit(1773063772.190:2186): arch=c000003e syscall=59 success=yes exit=0 a0=62507e4307f0 a1=62507e42ff10 a2=62507e2e9cc0 a3=62507e42ff10 items=2 ppid=1380 pid=1537 auid=1000 uid=0 gid=0 euid=0 suid=0 fsuid=0 egid=0 sgid=0 fsgid=0 tty=pts1 ses=3 comm="ls" exe="/usr/bin/ls" subj=unconfined key="T1078_Valid_Accounts"ARCH=x86_64 SYSCALL=execve AUID="vboxuser" UID="root" GID="root" EUID="root" SUID="root" FSUID="root" EGID="root" SGID="root" FSGID="root"
type=EXECVE msg=audit(1773063772.190:2186): argc=4 a0="ls" a1="--color=auto" a2="-l" a3="/var/www/wordpress"
type=PATH msg=audit(1773063772.190:2186): item=0 name="/usr/bin/ls" inode=1442533 dev=08:02 mode=0100755 ouid=0 ogid=0 rdev=00:00 nametype=NORMAL cap_fp=0 cap_fi=0 cap_fe=0 cap_fver=0 cap_frootid=0OUID="root" OGID="root"
type=PATH msg=audit(1773063772.190:2186): item=1 name="/lib64/ld-linux-x86-64.so.2" inode=1481429 dev=08:02 mode=0100755 ouid=0 ogid=0 rdev=00:00 nametype=NORMAL cap_fp=0 cap_fi=0 cap_fe=0 cap_fver=0 cap_frootid=0OUID="root" OGID="root"
type=PROCTITLE msg=audit(1773063772.190:2186): proctitle=6C73002D2D636F6C6F723D6175746F002D6C002F7661722F7777772F776F72647072657373
type=SYSCALL msg=audit(1773063780.970:2187): arch=c000003e syscall=59 success=yes exit=0 a0=62507e430670 a1=62507e42fff0 a2=62507e2e9cc0 a3=62507e430630 items=2 ppid=1380 pid=1538 auid=1000 uid=0 gid=0 euid=0 suid=0 fsuid=0 egid=0 sgid=0 fsgid=0 tty=pts1 ses=3 comm="ls" exe="/usr/bin/ls" subj=unconfined key="T1078_Valid_Accounts"ARCH=x86_64 SYSCALL=execve AUID="vboxuser" UID="root" GID="root" EUID="root" SUID="root" FSUID="root" EGID="root" SGID="root" FSGID="root"
type=EXECVE msg=audit(1773063780.970:2187): argc=4 a0="ls" a1="--color=auto" a2="-l" a3="/var/www/wordpress/wp-content"
type=PATH msg=audit(1773063780.970:2187): item=0 name="/usr/bin/ls" inode=1442533 dev=08:02 mode=0100755 ouid=0 ogid=0 rdev=00:00 nametype=NORMAL cap_fp=0 cap_fi=0 cap_fe=0 cap_fver=0 cap_frootid=0OUID="root" OGID="root"
type=PATH msg=audit(1773063780.970:2187): item=1 name="/lib64/ld-linux-x86-64.so.2" inode=1481429 dev=08:02 mode=0100755 ouid=0 ogid=0 rdev=00:00 nametype=NORMAL cap_fp=0 cap_fi=0 cap_fe=0 cap_fver=0 cap_frootid=0OUID="root" OGID="root"
type=PROCTITLE msg=audit(1773063780.970:2187): proctitle=6C73002D2D636F6C6F723D6175746F002D6C002F7661722F7777772F776F726470726573732F77702D636F6E74656E74
type=SYSCALL msg=audit(1773063792.941:2188): arch=c000003e syscall=59 success=yes exit=0 a0=62507e4306f0 a1=62507e4308a0 a2=62507e2e9cc0 a3=1 items=2 ppid=1380 pid=1539 auid=1000 uid=0 gid=0 euid=0 suid=0 fsuid=0 egid=0 sgid=0 fsgid=0 tty=pts1 ses=3 comm="ls" exe="/usr/bin/ls" subj=unconfined key="T1078_Valid_Accounts"ARCH=x86_64 SYSCALL=execve AUID="vboxuser" UID="root" GID="root" EUID="root" SUID="root" FSUID="root" EGID="root" SGID="root" FSGID="root"
type=EXECVE msg=audit(1773063792.941:2188): argc=4 a0="ls" a1="--color=auto" a2="-l" a3="/var/www/wordpress/wp-includes"
type=PATH msg=audit(1773063792.941:2188): item=0 name="/usr/bin/ls" inode=1442533 dev=08:02 mode=0100755 ouid=0 ogid=0 rdev=00:00 nametype=NORMAL cap_fp=0 cap_fi=0 cap_fe=0 cap_fver=0 cap_frootid=0OUID="root" OGID="root"
type=PATH msg=audit(1773063792.941:2188): item=1 name="/lib64/ld-linux-x86-64.so.2" inode=1481429 dev=08:02 mode=0100755 ouid=0 ogid=0 rdev=00:00 nametype=NORMAL cap_fp=0 cap_fi=0 cap_fe=0 cap_fver=0 cap_frootid=0OUID="root" OGID="root"
type=PROCTITLE msg=audit(1773063792.941:2188): proctitle=6C73002D2D636F6C6F723D6175746F002D6C002F7661722F7777772F776F726470726573732F77702D696E636C75646573
type=SYSCALL msg=audit(1773063803.137:2189): arch=c000003e syscall=59 success=yes exit=0 a0=62507e430940 a1=62507e4308a0 a2=62507e2e9cc0 a3=62507e430630 items=2 ppid=1380 pid=1540 auid=1000 uid=0 gid=0 euid=0 suid=0 fsuid=0 egid=0 sgid=0 fsgid=0 tty=pts1 ses=3 comm="ls" exe="/usr/bin/ls" subj=unconfined key="T1078_Valid_Accounts"ARCH=x86_64 SYSCALL=execve AUID="vboxuser" UID="root" GID="root" EUID="root" SUID="root" FSUID="root" EGID="root" SGID="root" FSGID="root"
type=EXECVE msg=audit(1773063803.137:2189): argc=4 a0="ls" a1="--color=auto" a2="-l" a3="/var/www/wordpress/site"
type=PATH msg=audit(1773063803.137:2189): item=0 name="/usr/bin/ls" inode=1442533 dev=08:02 mode=0100755 ouid=0 ogid=0 rdev=00:00 nametype=NORMAL cap_fp=0 cap_fi=0 cap_fe=0 cap_fver=0 cap_frootid=0OUID="root" OGID="root"
type=PATH msg=audit(1773063803.137:2189): item=1 name="/lib64/ld-linux-x86-64.so.2" inode=1481429 dev=08:02 mode=0100755 ouid=0 ogid=0 rdev=00:00 nametype=NORMAL cap_fp=0 cap_fi=0 cap_fe=0 cap_fver=0 cap_frootid=0OUID="root" OGID="root"
type=PROCTITLE msg=audit(1773063803.137:2189): proctitle=6C73002D2D636F6C6F723D6175746F002D6C002F7661722F7777772F776F726470726573732F73697465
type=SYSCALL msg=audit(1773063815.187:2190): arch=c000003e syscall=59 success=yes exit=0 a0=62507e430860 a1=62507e4302b0 a2=62507e2e9cc0 a3=62507e430630 items=2 ppid=1380 pid=1542 auid=1000 uid=0 gid=0 euid=0 suid=0 fsuid=0 egid=0 sgid=0 fsgid=0 tty=pts1 ses=3 comm="ls" exe="/usr/bin/ls" subj=unconfined key="T1078_Valid_Accounts"ARCH=x86_64 SYSCALL=execve AUID="vboxuser" UID="root" GID="root" EUID="root" SUID="root" FSUID="root" EGID="root" SGID="root" FSGID="root"
type=EXECVE msg=audit(1773063815.187:2190): argc=4 a0="ls" a1="--color=auto" a2="-l" a3="/var/www/wordpress/index.php"
type=PATH msg=audit(1773063815.187:2190): item=0 name="/usr/bin/ls" inode=1442533 dev=08:02 mode=0100755 ouid=0 ogid=0 rdev=00:00 nametype=NORMAL cap_fp=0 cap_fi=0 cap_fe=0 cap_fver=0 cap_frootid=0OUID="root" OGID="root"
type=PATH msg=audit(1773063815.187:2190): item=1 name="/lib64/ld-linux-x86-64.so.2" inode=1481429 dev=08:02 mode=0100755 ouid=0 ogid=0 rdev=00:00 nametype=NORMAL cap_fp=0 cap_fi=0 cap_fe=0 cap_fver=0 cap_frootid=0OUID="root" OGID="root"
type=PROCTITLE msg=audit(1773063815.187:2190): proctitle=6C73002D2D636F6C6F723D6175746F002D6C002F7661722F7777772F776F726470726573732F696E6465782E706870
type=SYSCALL msg=audit(1773063825.358:2191): arch=c000003e syscall=59 success=yes exit=0 a0=62507e4309f0 a1=62507e430a30 a2=62507e2e9cc0 a3=62507e430a30 items=2 ppid=1380 pid=1543 auid=1000 uid=0 gid=0 euid=0 suid=0 fsuid=0 egid=0 sgid=0 fsgid=0 tty=pts1 ses=3 comm="ls" exe="/usr/bin/ls" subj=unconfined key="T1078_Valid_Accounts"ARCH=x86_64 SYSCALL=execve AUID="vboxuser" UID="root" GID="root" EUID="root" SUID="root" FSUID="root" EGID="root" SGID="root" FSGID="root"
type=EXECVE msg=audit(1773063825.358:2191): argc=4 a0="ls" a1="--color=auto" a2="-ld" a3="/var/www/wordpress"
type=PATH msg=audit(1773063825.358:2191): item=0 name="/usr/bin/ls" inode=1442533 dev=08:02 mode=0100755 ouid=0 ogid=0 rdev=00:00 nametype=NORMAL cap_fp=0 cap_fi=0 cap_fe=0 cap_fver=0 cap_frootid=0OUID="root" OGID="root"
type=PATH msg=audit(1773063825.358:2191): item=1 name="/lib64/ld-linux-x86-64.so.2" inode=1481429 dev=08:02 mode=0100755 ouid=0 ogid=0 rdev=00:00 nametype=NORMAL cap_fp=0 cap_fi=0 cap_fe=0 cap_fver=0 cap_frootid=0OUID="root" OGID="root"
type=PROCTITLE msg=audit(1773063825.358:2191): proctitle=6C73002D2D636F6C6F723D6175746F002D6C64002F7661722F7777772F776F72647072657373
type=SYSCALL msg=audit(1773063836.164:2192): arch=c000003e syscall=59 success=yes exit=0 a0=62507e430860 a1=62507e430a10 a2=62507e2e9cc0 a3=62507e430a10 items=2 ppid=1380 pid=1545 auid=1000 uid=0 gid=0 euid=0 suid=0 fsuid=0 egid=0 sgid=0 fsgid=0 tty=pts1 ses=3 comm="cat" exe="/usr/bin/cat" subj=unconfined key="T1078_Valid_Accounts"ARCH=x86_64 SYSCALL=execve AUID="vboxuser" UID="root" GID="root" EUID="root" SUID="root" FSUID="root" EGID="root" SGID="root" FSGID="root"
type=EXECVE msg=audit(1773063836.164:2192): argc=2 a0="cat" a1="/etc/apache2/sites-enabled/000-default.conf"
type=PATH msg=audit(1773063836.164:2192): item=0 name="/usr/bin/cat" inode=1442301 dev=08:02 mode=0100755 ouid=0 ogid=0 rdev=00:00 nametype=NORMAL cap_fp=0 cap_fi=0 cap_fe=0 cap_fver=0 cap_frootid=0OUID="root" OGID="root"
type=PATH msg=audit(1773063836.164:2192): item=1 name="/lib64/ld-linux-x86-64.so.2" inode=1481429 dev=08:02 mode=0100755 ouid=0 ogid=0 rdev=00:00 nametype=NORMAL cap_fp=0 cap_fi=0 cap_fe=0 cap_fver=0 cap_frootid=0OUID="root" OGID="root"
type=PROCTITLE msg=audit(1773063836.164:2192): proctitle=636174002F6574632F617061636865322F73697465732D656E61626C65642F3030302D64656661756C742E636F6E66
type=SYSCALL msg=audit(1773063846.362:2193): arch=c000003e syscall=59 success=yes exit=0 a0=62507e430810 a1=62507e4307f0 a2=62507e2e9cc0 a3=62507e4307f0 items=2 ppid=1380 pid=1546 auid=1000 uid=0 gid=0 euid=0 suid=0 fsuid=0 egid=0 sgid=0 fsgid=0 tty=pts1 ses=3 comm="cat" exe="/usr/bin/cat" subj=unconfined key="T1078_Valid_Accounts"ARCH=x86_64 SYSCALL=execve AUID="vboxuser" UID="root" GID="root" EUID="root" SUID="root" FSUID="root" EGID="root" SGID="root" FSGID="root"
type=EXECVE msg=audit(1773063846.362:2193): argc=2 a0="cat" a1="/etc/apache2/sites-enabled/wordpress.conf"
type=PATH msg=audit(1773063846.362:2193): item=0 name="/usr/bin/cat" inode=1442301 dev=08:02 mode=0100755 ouid=0 ogid=0 rdev=00:00 nametype=NORMAL cap_fp=0 cap_fi=0 cap_fe=0 cap_fver=0 cap_frootid=0OUID="root" OGID="root"
type=PATH msg=audit(1773063846.362:2193): item=1 name="/lib64/ld-linux-x86-64.so.2" inode=1481429 dev=08:02 mode=0100755 ouid=0 ogid=0 rdev=00:00 nametype=NORMAL cap_fp=0 cap_fi=0 cap_fe=0 cap_fver=0 cap_frootid=0OUID="root" OGID="root"
type=PROCTITLE msg=audit(1773063846.362:2193): proctitle=636174002F6574632F617061636865322F73697465732D656E61626C65642F776F726470726573732E636F6E66
type=SYSCALL msg=audit(1773063856.453:2194): arch=c000003e syscall=59 success=yes exit=0 a0=62507e430a10 a1=62507e4309d0 a2=62507e2e9cc0 a3=62507e4309d0 items=2 ppid=1380 pid=1547 auid=1000 uid=0 gid=0 euid=0 suid=0 fsuid=0 egid=0 sgid=0 fsgid=0 tty=pts1 ses=3 comm="cat" exe="/usr/bin/cat" subj=unconfined key="T1078_Valid_Accounts"ARCH=x86_64 SYSCALL=execve AUID="vboxuser" UID="root" GID="root" EUID="root" SUID="root" FSUID="root" EGID="root" SGID="root" FSGID="root"
type=EXECVE msg=audit(1773063856.453:2194): argc=2 a0="cat" a1="/var/www/wordpress/.htaccess"
type=PATH msg=audit(1773063856.453:2194): item=0 name="/usr/bin/cat" inode=1442301 dev=08:02 mode=0100755 ouid=0 ogid=0 rdev=00:00 nametype=NORMAL cap_fp=0 cap_fi=0 cap_fe=0 cap_fver=0 cap_frootid=0OUID="root" OGID="root"
type=PATH msg=audit(1773063856.453:2194): item=1 name="/lib64/ld-linux-x86-64.so.2" inode=1481429 dev=08:02 mode=0100755 ouid=0 ogid=0 rdev=00:00 nametype=NORMAL cap_fp=0 cap_fi=0 cap_fe=0 cap_fver=0 cap_frootid=0OUID="root" OGID="root"
type=PROCTITLE msg=audit(1773063856.453:2194): proctitle=636174002F7661722F7777772F776F726470726573732F2E6874616363657373
type=SYSCALL msg=audit(1773063866.995:2195): arch=c000003e syscall=59 success=yes exit=0 a0=62507e430b30 a1=62507e430ad0 a2=62507e2e9cc0 a3=62507e430ad0 items=2 ppid=1380 pid=1548 auid=1000 uid=0 gid=0 euid=0 suid=0 fsuid=0 egid=0 sgid=0 fsgid=0 tty=pts1 ses=3 comm="cat" exe="/usr/bin/cat" subj=unconfined key="T1078_Valid_Accounts"ARCH=x86_64 SYSCALL=execve AUID="vboxuser" UID="root" GID="root" EUID="root" SUID="root" FSUID="root" EGID="root" SGID="root" FSGID="root"
type=EXECVE msg=audit(1773063866.995:2195): argc=2 a0="cat" a1="/var/www/wordpress/wp-options.php"
type=PATH msg=audit(1773063866.995:2195): item=0 name="/usr/bin/cat" inode=1442301 dev=08:02 mode=0100755 ouid=0 ogid=0 rdev=00:00 nametype=NORMAL cap_fp=0 cap_fi=0 cap_fe=0 cap_fver=0 cap_frootid=0OUID="root" OGID="root"
type=PATH msg=audit(1773063866.995:2195): item=1 name="/lib64/ld-linux-x86-64.so.2" inode=1481429 dev=08:02 mode=0100755 ouid=0 ogid=0 rdev=00:00 nametype=NORMAL cap_fp=0 cap_fi=0 cap_fe=0 cap_fver=0 cap_frootid=0OUID="root" OGID="root"
type=PROCTITLE msg=audit(1773063866.995:2195): proctitle=636174002F7661722F7777772F776F726470726573732F77702D6F7074696F6E732E706870
type=SYSCALL msg=audit(1773063881.528:2196): arch=c000003e syscall=59 success=yes exit=0 a0=62507e430b70 a1=62507e430b50 a2=62507e2e9cc0 a3=62507e430b50 items=2 ppid=1380 pid=1549 auid=1000 uid=0 gid=0 euid=0 suid=0 fsuid=0 egid=0 sgid=0 fsgid=0 tty=pts1 ses=3 comm="cat" exe="/usr/bin/cat" subj=unconfined key="T1078_Valid_Accounts"ARCH=x86_64 SYSCALL=execve AUID="vboxuser" UID="root" GID="root" EUID="root" SUID="root" FSUID="root" EGID="root" SGID="root" FSGID="root"
type=EXECVE msg=audit(1773063881.528:2196): argc=2 a0="cat" a1="/var/www/wordpress/wp-config.php"
type=PATH msg=audit(1773063881.528:2196): item=0 name="/usr/bin/cat" inode=1442301 dev=08:02 mode=0100755 ouid=0 ogid=0 rdev=00:00 nametype=NORMAL cap_fp=0 cap_fi=0 cap_fe=0 cap_fver=0 cap_frootid=0OUID="root" OGID="root"
type=PATH msg=audit(1773063881.528:2196): item=1 name="/lib64/ld-linux-x86-64.so.2" inode=1481429 dev=08:02 mode=0100755 ouid=0 ogid=0 rdev=00:00 nametype=NORMAL cap_fp=0 cap_fi=0 cap_fe=0 cap_fver=0 cap_frootid=0OUID="root" OGID="root"
type=PROCTITLE msg=audit(1773063881.528:2196): proctitle=636174002F7661722F7777772F776F726470726573732F77702D636F6E6669672E706870
type=SYSCALL msg=audit(1773063897.565:2197): arch=c000003e syscall=59 success=yes exit=0 a0=62507e430c10 a1=62507e430c80 a2=62507e2e9cc0 a3=62507e430c80 items=2 ppid=1380 pid=1550 auid=1000 uid=0 gid=0 euid=0 suid=0 fsuid=0 egid=0 sgid=0 fsgid=0 tty=pts1 ses=3 comm="sudo" exe="/usr/bin/sudo" subj=unconfined key="T1078_Valid_Accounts"ARCH=x86_64 SYSCALL=execve AUID="vboxuser" UID="root" GID="root" EUID="root" SUID="root" FSUID="root" EGID="root" SGID="root" FSGID="root"
type=EXECVE msg=audit(1773063897.565:2197): argc=3 a0="sudo" a1="vim" a2="/var/www/wordpress/.htaccess"
type=PATH msg=audit(1773063897.565:2197): item=0 name="/usr/bin/sudo" inode=1450157 dev=08:02 mode=0104755 ouid=0 ogid=0 rdev=00:00 nametype=NORMAL cap_fp=0 cap_fi=0 cap_fe=0 cap_fver=0 cap_frootid=0OUID="root" OGID="root"
type=PATH msg=audit(1773063897.565:2197): item=1 name="/lib64/ld-linux-x86-64.so.2" inode=1481429 dev=08:02 mode=0100755 ouid=0 ogid=0 rdev=00:00 nametype=NORMAL cap_fp=0 cap_fi=0 cap_fe=0 cap_fver=0 cap_frootid=0OUID="root" OGID="root"
type=PROCTITLE msg=audit(1773063897.565:2197): proctitle=7375646F0076696D002F7661722F7777772F776F726470726573732F2E6874616363657373
type=SYSCALL msg=audit(1773063897.569:2198): arch=c000003e syscall=257 success=yes exit=5 a0=ffffff9c a1=7ffc85879e60 a2=800 a3=0 items=1 ppid=1380 pid=1550 auid=1000 uid=0 gid=0 euid=1 suid=0 fsuid=1 egid=0 sgid=0 fsgid=0 tty=pts1 ses=3 comm="sudo" exe="/usr/bin/sudo" subj=unconfined key="T1169_Sudo"ARCH=x86_64 SYSCALL=openat AUID="vboxuser" UID="root" GID="root" EUID="daemon" SUID="root" FSUID="daemon" EGID="root" SGID="root" FSGID="root"
type=PATH msg=audit(1773063897.569:2198): item=0 name="/etc/sudoers" inode=1049318 dev=08:02 mode=0100440 ouid=0 ogid=0 rdev=00:00 nametype=NORMAL cap_fp=0 cap_fi=0 cap_fe=0 cap_fver=0 cap_frootid=0OUID="root" OGID="root"
type=PROCTITLE msg=audit(1773063897.569:2198): proctitle=7375646F0076696D002F7661722F7777772F776F726470726573732F2E6874616363657373
type=SYSCALL msg=audit(1773063897.573:2199): arch=c000003e syscall=42 success=yes exit=0 a0=6 a1=7abef5c0b694 a2=10 a3=7ffc85878404 items=0 ppid=1380 pid=1550 auid=1000 uid=0 gid=0 euid=0 suid=0 fsuid=0 egid=0 sgid=0 fsgid=0 tty=pts1 ses=3 comm="sudo" exe="/usr/bin/sudo" subj=unconfined key="T1043_Commonly_Used_Port"ARCH=x86_64 SYSCALL=connect AUID="vboxuser" UID="root" GID="root" EUID="root" SUID="root" FSUID="root" EGID="root" SGID="root" FSGID="root"
type=SOCKADDR msg=audit(1773063897.573:2199): saddr=020000357F0000350000000000000000SADDR={ saddr_fam=inet laddr=127.0.0.53 lport=53 }
type=PROCTITLE msg=audit(1773063897.573:2199): proctitle=7375646F0076696D002F7661722F7777772F776F726470726573732F2E6874616363657373
type=SYSCALL msg=audit(1773063897.590:2200): arch=c000003e syscall=42 success=yes exit=0 a0=6 a1=7abef5c0b694 a2=10 a3=7ffc85878404 items=0 ppid=1380 pid=1550 auid=1000 uid=0 gid=0 euid=0 suid=0 fsuid=0 egid=0 sgid=0 fsgid=0 tty=pts1 ses=3 comm="sudo" exe="/usr/bin/sudo" subj=unconfined key="T1043_Commonly_Used_Port"ARCH=x86_64 SYSCALL=connect AUID="vboxuser" UID="root" GID="root" EUID="root" SUID="root" FSUID="root" EGID="root" SGID="root" FSGID="root"
type=SOCKADDR msg=audit(1773063897.590:2200): saddr=020000357F0000350000000000000000SADDR={ saddr_fam=inet laddr=127.0.0.53 lport=53 }
type=PROCTITLE msg=audit(1773063897.590:2200): proctitle=7375646F0076696D002F7661722F7777772F776F726470726573732F2E6874616363657373
type=SYSCALL msg=audit(1773063897.591:2201): arch=c000003e syscall=42 success=yes exit=0 a0=6 a1=5b150c39e740 a2=10 a3=0 items=0 ppid=1380 pid=1550 auid=1000 uid=0 gid=0 euid=0 suid=0 fsuid=0 egid=0 sgid=0 fsgid=0 tty=pts1 ses=3 comm="sudo" exe="/usr/bin/sudo" subj=unconfined key="T1043_Commonly_Used_Port"ARCH=x86_64 SYSCALL=connect AUID="vboxuser" UID="root" GID="root" EUID="root" SUID="root" FSUID="root" EGID="root" SGID="root" FSGID="root"
type=SOCKADDR msg=audit(1773063897.591:2201): saddr=020000000A00020F0000000000000000SADDR={ saddr_fam=inet laddr=10.0.2.15 lport=0 }
type=PROCTITLE msg=audit(1773063897.591:2201): proctitle=7375646F0076696D002F7661722F7777772F776F726470726573732F2E6874616363657373
type=SYSCALL msg=audit(1773063897.591:2202): arch=c000003e syscall=42 success=yes exit=0 a0=6 a1=7ffc8587a2f0 a2=10 a3=0 items=0 ppid=1380 pid=1550 auid=1000 uid=0 gid=0 euid=0 suid=0 fsuid=0 egid=0 sgid=0 fsgid=0 tty=pts1 ses=3 comm="sudo" exe="/usr/bin/sudo" subj=unconfined key="T1043_Commonly_Used_Port"ARCH=x86_64 SYSCALL=connect AUID="vboxuser" UID="root" GID="root" EUID="root" SUID="root" FSUID="root" EGID="root" SGID="root" FSGID="root"
type=SOCKADDR msg=audit(1773063897.591:2202): saddr=00000000000000000000000000000000SADDR=unknown-family(0)
type=PROCTITLE msg=audit(1773063897.591:2202): proctitle=7375646F0076696D002F7661722F7777772F776F726470726573732F2E6874616363657373
type=SYSCALL msg=audit(1773063897.591:2203): arch=c000003e syscall=42 success=yes exit=0 a0=6 a1=5b150c39d910 a2=10 a3=0 items=0 ppid=1380 pid=1550 auid=1000 uid=0 gid=0 euid=0 suid=0 fsuid=0 egid=0 sgid=0 fsgid=0 tty=pts1 ses=3 comm="sudo" exe="/usr/bin/sudo" subj=unconfined key="T1043_Commonly_Used_Port"ARCH=x86_64 SYSCALL=connect AUID="vboxuser" UID="root" GID="root" EUID="root" SUID="root" FSUID="root" EGID="root" SGID="root" FSGID="root"
type=SOCKADDR msg=audit(1773063897.591:2203): saddr=02000000C0A8C7060000000000000000SADDR={ saddr_fam=inet laddr=192.168.199.6 lport=0 }
type=PROCTITLE msg=audit(1773063897.591:2203): proctitle=7375646F0076696D002F7661722F7777772F776F726470726573732F2E6874616363657373
type=SYSCALL msg=audit(1773063897.591:2204): arch=c000003e syscall=42 success=yes exit=0 a0=6 a1=5b150c39da00 a2=1c a3=0 items=0 ppid=1380 pid=1550 auid=1000 uid=0 gid=0 euid=0 suid=0 fsuid=0 egid=0 sgid=0 fsgid=0 tty=pts1 ses=3 comm="sudo" exe="/usr/bin/sudo" subj=unconfined key="T1043_Commonly_Used_Port"ARCH=x86_64 SYSCALL=connect AUID="vboxuser" UID="root" GID="root" EUID="root" SUID="root" FSUID="root" EGID="root" SGID="root" FSGID="root"
type=SOCKADDR msg=audit(1773063897.591:2204): saddr=0A00000000000000FD17625CF03700020A0027FFFED8540D00000000SADDR={ saddr_fam=inet6 laddr=fd17:625c:f037:2:a00:27ff:fed8:540d lport=0 }
type=PROCTITLE msg=audit(1773063897.591:2204): proctitle=7375646F0076696D002F7661722F7777772F776F726470726573732F2E6874616363657373
type=SYSCALL msg=audit(1773063897.591:2205): arch=c000003e syscall=42 success=yes exit=0 a0=6 a1=7ffc8587a2f0 a2=10 a3=0 items=0 ppid=1380 pid=1550 auid=1000 uid=0 gid=0 euid=0 suid=0 fsuid=0 egid=0 sgid=0 fsgid=0 tty=pts1 ses=3 comm="sudo" exe="/usr/bin/sudo" subj=unconfined key="T1043_Commonly_Used_Port"ARCH=x86_64 SYSCALL=connect AUID="vboxuser" UID="root" GID="root" EUID="root" SUID="root" FSUID="root" EGID="root" SGID="root" FSGID="root"
type=SOCKADDR msg=audit(1773063897.591:2205): saddr=00000000000000000000000000000000SADDR=unknown-family(0)
type=PROCTITLE msg=audit(1773063897.591:2205): proctitle=7375646F0076696D002F7661722F7777772F776F726470726573732F2E6874616363657373
type=SYSCALL msg=audit(1773063897.591:2206): arch=c000003e syscall=42 success=no exit=-22 a0=6 a1=5b150c39db20 a2=1c a3=0 items=0 ppid=1380 pid=1550 auid=1000 uid=0 gid=0 euid=0 suid=0 fsuid=0 egid=0 sgid=0 fsgid=0 tty=pts1 ses=3 comm="sudo" exe="/usr/bin/sudo" subj=unconfined key="T1043_Commonly_Used_Port"ARCH=x86_64 SYSCALL=connect AUID="vboxuser" UID="root" GID="root" EUID="root" SUID="root" FSUID="root" EGID="root" SGID="root" FSGID="root"
type=SOCKADDR msg=audit(1773063897.591:2206): saddr=0A00000000000000FE800000000000000A0027FFFED8540D00000000SADDR={ saddr_fam=inet6 laddr=fe80::a00:27ff:fed8:540d lport=0 }
type=PROCTITLE msg=audit(1773063897.591:2206): proctitle=7375646F0076696D002F7661722F7777772F776F726470726573732F2E6874616363657373
type=SYSCALL msg=audit(1773063897.591:2207): arch=c000003e syscall=42 success=yes exit=0 a0=6 a1=7ffc8587a2f0 a2=10 a3=0 items=0 ppid=1380 pid=1550 auid=1000 uid=0 gid=0 euid=0 suid=0 fsuid=0 egid=0 sgid=0 fsgid=0 tty=pts1 ses=3 comm="sudo" exe="/usr/bin/sudo" subj=unconfined key="T1043_Commonly_Used_Port"ARCH=x86_64 SYSCALL=connect AUID="vboxuser" UID="root" GID="root" EUID="root" SUID="root" FSUID="root" EGID="root" SGID="root" FSGID="root"
type=SOCKADDR msg=audit(1773063897.591:2207): saddr=00000000000000000000000000000000SADDR=unknown-family(0)
type=PROCTITLE msg=audit(1773063897.591:2207): proctitle=7375646F0076696D002F7661722F7777772F776F726470726573732F2E6874616363657373
type=SYSCALL msg=audit(1773063897.591:2208): arch=c000003e syscall=42 success=no exit=-22 a0=6 a1=5b150c39dc40 a2=1c a3=0 items=0 ppid=1380 pid=1550 auid=1000 uid=0 gid=0 euid=0 suid=0 fsuid=0 egid=0 sgid=0 fsgid=0 tty=pts1 ses=3 comm="sudo" exe="/usr/bin/sudo" subj=unconfined key="T1043_Commonly_Used_Port"ARCH=x86_64 SYSCALL=connect AUID="vboxuser" UID="root" GID="root" EUID="root" SUID="root" FSUID="root" EGID="root" SGID="root" FSGID="root"
type=SOCKADDR msg=audit(1773063897.591:2208): saddr=0A00000000000000FE800000000000000A0027FFFE4B6CA600000000SADDR={ saddr_fam=inet6 laddr=fe80::a00:27ff:fe4b:6ca6 lport=0 }
type=PROCTITLE msg=audit(1773063897.591:2208): proctitle=7375646F0076696D002F7661722F7777772F776F726470726573732F2E6874616363657373
type=SYSCALL msg=audit(1773063897.593:2209): arch=c000003e syscall=257 success=yes exit=6 a0=ffffff9c a1=7abef5bcf347 a2=80000 a3=0 items=1 ppid=1380 pid=1550 auid=1000 uid=0 gid=0 euid=0 suid=0 fsuid=0 egid=0 sgid=0 fsgid=0 tty=pts1 ses=3 comm="sudo" exe="/usr/bin/sudo" subj=unconfined key="T1087_Account_Discovery"ARCH=x86_64 SYSCALL=openat AUID="vboxuser" UID="root" GID="root" EUID="root" SUID="root" FSUID="root" EGID="root" SGID="root" FSGID="root"
type=PATH msg=audit(1773063897.593:2209): item=0 name="/etc/shadow" inode=1050300 dev=08:02 mode=0100640 ouid=0 ogid=42 rdev=00:00 nametype=NORMAL cap_fp=0 cap_fi=0 cap_fe=0 cap_fver=0 cap_frootid=0OUID="root" OGID="shadow"
type=PROCTITLE msg=audit(1773063897.593:2209): proctitle=7375646F0076696D002F7661722F7777772F776F726470726573732F2E6874616363657373
type=USER_ACCT msg=audit(1773063897.595:2210): pid=1550 uid=0 auid=1000 ses=3 subj=unconfined msg='op=PAM:accounting grantors=pam_permit acct="root" exe="/usr/bin/sudo" hostname=? addr=? terminal=/dev/pts/1 res=success'UID="root" AUID="vboxuser"
type=SYSCALL msg=audit(1773063897.595:2211): arch=c000003e syscall=42 success=yes exit=0 a0=7 a1=7ffc8587a7f0 a2=2d a3=5b150c3a90d0 items=1 ppid=1380 pid=1550 auid=1000 uid=0 gid=0 euid=0 suid=0 fsuid=0 egid=0 sgid=0 fsgid=0 tty=pts1 ses=3 comm="sudo" exe="/usr/bin/sudo" subj=unconfined key="T1043_Commonly_Used_Port"ARCH=x86_64 SYSCALL=connect AUID="vboxuser" UID="root" GID="root" EUID="root" SUID="root" FSUID="root" EGID="root" SGID="root" FSGID="root"
type=SOCKADDR msg=audit(1773063897.595:2211): saddr=01002F72756E2F73797374656D642F7573657264622F696F2E73797374656D642E44796E616D69635573657200SADDR={ saddr_fam=local path=/run/systemd/userdb/io.systemd.DynamicUser }
type=PATH msg=audit(1773063897.595:2211): item=0 name="/run/systemd/userdb/io.systemd.DynamicUser" inode=451 dev=00:18 mode=0140666 ouid=0 ogid=0 rdev=00:00 nametype=NORMAL cap_fp=0 cap_fi=0 cap_fe=0 cap_fver=0 cap_frootid=0OUID="root" OGID="root"
type=PROCTITLE msg=audit(1773063897.595:2211): proctitle=7375646F0076696D002F7661722F7777772F776F726470726573732F2E6874616363657373
type=USER_CMD msg=audit(1773063897.596:2212): pid=1550 uid=0 auid=1000 ses=3 subj=unconfined msg='cwd="/root" cmd=76696D202F7661722F7777772F776F726470726573732F2E6874616363657373 exe="/usr/bin/sudo" terminal=pts/1 res=success'UID="root" AUID="vboxuser"
type=SYSCALL msg=audit(1773063897.596:2213): arch=c000003e syscall=92 success=yes exit=0 a0=7ffc85879ba0 a1=0 a2=5 a3=0 items=1 ppid=1380 pid=1550 auid=1000 uid=0 gid=0 euid=0 suid=0 fsuid=0 egid=0 sgid=0 fsgid=0 tty=pts1 ses=3 comm="sudo" exe="/usr/bin/sudo" subj=unconfined key="T1166_Seuid_and_Setgid"ARCH=x86_64 SYSCALL=chown AUID="vboxuser" UID="root" GID="root" EUID="root" SUID="root" FSUID="root" EGID="root" SGID="root" FSGID="root"
type=PATH msg=audit(1773063897.596:2213): item=0 name="/dev/pts/2" inode=5 dev=00:17 mode=020620 ouid=0 ogid=5 rdev=88:02 nametype=NORMAL cap_fp=0 cap_fi=0 cap_fe=0 cap_fver=0 cap_frootid=0OUID="root" OGID="tty"
type=PROCTITLE msg=audit(1773063897.596:2213): proctitle=7375646F0076696D002F7661722F7777772F776F726470726573732F2E6874616363657373
type=SYSCALL msg=audit(1773063897.596:2214): arch=c000003e syscall=257 success=yes exit=12 a0=ffffff9c a1=7abef5bd46b0 a2=80002 a3=0 items=1 ppid=1380 pid=1550 auid=1000 uid=0 gid=0 euid=0 suid=0 fsuid=0 egid=0 sgid=0 fsgid=0 tty=pts1 ses=3 comm="sudo" exe="/usr/bin/sudo" subj=unconfined key="T1108_Redundant_Access"ARCH=x86_64 SYSCALL=openat AUID="vboxuser" UID="root" GID="root" EUID="root" SUID="root" FSUID="root" EGID="root" SGID="root" FSGID="root"
type=PATH msg=audit(1773063897.596:2214): item=0 name="/var/run/utmp" inode=716 dev=00:18 mode=0100664 ouid=0 ogid=43 rdev=00:00 nametype=NORMAL cap_fp=0 cap_fi=0 cap_fe=0 cap_fver=0 cap_frootid=0OUID="root" OGID="utmp"
type=PROCTITLE msg=audit(1773063897.596:2214): proctitle=7375646F0076696D002F7661722F7777772F776F726470726573732F2E6874616363657373
type=SYSCALL msg=audit(1773063897.596:2215): arch=c000003e syscall=106 success=yes exit=0 a0=0 a1=0 a2=1026105 a3=7abef5cc2f60 items=0 ppid=1380 pid=1550 auid=1000 uid=0 gid=0 euid=0 suid=0 fsuid=0 egid=0 sgid=0 fsgid=0 tty=pts1 ses=3 comm="sudo" exe="/usr/bin/sudo" subj=unconfined key="T1166_Seuid_and_Setgid"ARCH=x86_64 SYSCALL=setgid AUID="vboxuser" UID="root" GID="root" EUID="root" SUID="root" FSUID="root" EGID="root" SGID="root" FSGID="root"
type=PROCTITLE msg=audit(1773063897.596:2215): proctitle=7375646F0076696D002F7661722F7777772F776F726470726573732F2E6874616363657373
type=CRED_REFR msg=audit(1773063897.596:2216): pid=1550 uid=0 auid=1000 ses=3 subj=unconfined msg='op=PAM:setcred grantors=pam_permit,pam_cap acct="root" exe="/usr/bin/sudo" hostname=? addr=? terminal=/dev/pts/1 res=success'UID="root" AUID="vboxuser"
type=USER_START msg=audit(1773063897.597:2217): pid=1550 uid=0 auid=1000 ses=3 subj=unconfined msg='op=PAM:session_open grantors=pam_limits,pam_env,pam_env,pam_permit,pam_umask,pam_unix acct="root" exe="/usr/bin/sudo" hostname=? addr=? terminal=/dev/pts/1 res=success'UID="root" AUID="vboxuser"
type=SYSCALL msg=audit(1773063897.598:2218): arch=c000003e syscall=59 success=yes exit=0 a0=5b150c38eae8 a1=5b150c39e5e0 a2=5b150c42d920 a3=64 items=2 ppid=1551 pid=1552 auid=1000 uid=0 gid=0 euid=0 suid=0 fsuid=0 egid=0 sgid=0 fsgid=0 tty=pts2 ses=3 comm="vim" exe="/usr/bin/vim.basic" subj=unconfined key="T1078_Valid_Accounts"ARCH=x86_64 SYSCALL=execve AUID="vboxuser" UID="root" GID="root" EUID="root" SUID="root" FSUID="root" EGID="root" SGID="root" FSGID="root"
type=EXECVE msg=audit(1773063897.598:2218): argc=2 a0="vim" a1="/var/www/wordpress/.htaccess"
type=PATH msg=audit(1773063897.598:2218): item=0 name="/usr/bin/vim" inode=1483710 dev=08:02 mode=0100755 ouid=0 ogid=0 rdev=00:00 nametype=NORMAL cap_fp=0 cap_fi=0 cap_fe=0 cap_fver=0 cap_frootid=0OUID="root" OGID="root"
type=PATH msg=audit(1773063897.598:2218): item=1 name="/lib64/ld-linux-x86-64.so.2" inode=1481429 dev=08:02 mode=0100755 ouid=0 ogid=0 rdev=00:00 nametype=NORMAL cap_fp=0 cap_fi=0 cap_fe=0 cap_fver=0 cap_frootid=0OUID="root" OGID="root"
type=PROCTITLE msg=audit(1773063897.598:2218): proctitle=76696D002F7661722F7777772F776F726470726573732F2E6874616363657373
type=SYSCALL msg=audit(1773063897.626:2219): arch=c000003e syscall=87 success=yes exit=0 a0=5d931db9a6c0 a1=7fffe0f38700 a2=5 a3=180 items=2 ppid=1551 pid=1552 auid=1000 uid=0 gid=0 euid=0 suid=0 fsuid=0 egid=0 sgid=0 fsgid=0 tty=pts2 ses=3 comm="vim" exe="/usr/bin/vim.basic" subj=unconfined key="T1107_File_Deletion"ARCH=x86_64 SYSCALL=unlink AUID="vboxuser" UID="root" GID="root" EUID="root" SUID="root" FSUID="root" EGID="root" SGID="root" FSGID="root"
type=PATH msg=audit(1773063897.626:2219): item=0 name="/var/www/wordpress/" inode=826621 dev=08:02 mode=040755 ouid=33 ogid=33 rdev=00:00 nametype=PARENT cap_fp=0 cap_fi=0 cap_fe=0 cap_fver=0 cap_frootid=0OUID="www-data" OGID="www-data"
type=PATH msg=audit(1773063897.626:2219): item=1 name="/var/www/wordpress/.htaccess.swx" inode=830791 dev=08:02 mode=0100600 ouid=0 ogid=0 rdev=00:00 nametype=DELETE cap_fp=0 cap_fi=0 cap_fe=0 cap_fver=0 cap_frootid=0OUID="root" OGID="root"
type=PROCTITLE msg=audit(1773063897.626:2219): proctitle=76696D002F7661722F7777772F776F726470726573732F2E6874616363657373
type=SYSCALL msg=audit(1773063897.626:2220): arch=c000003e syscall=87 success=yes exit=0 a0=5d931debcf50 a1=7fffe0f38700 a2=5 a3=180 items=2 ppid=1551 pid=1552 auid=1000 uid=0 gid=0 euid=0 suid=0 fsuid=0 egid=0 sgid=0 fsgid=0 tty=pts2 ses=3 comm="vim" exe="/usr/bin/vim.basic" subj=unconfined key="T1107_File_Deletion"ARCH=x86_64 SYSCALL=unlink AUID="vboxuser" UID="root" GID="root" EUID="root" SUID="root" FSUID="root" EGID="root" SGID="root" FSGID="root"
type=PATH msg=audit(1773063897.626:2220): item=0 name="/var/www/wordpress/" inode=826621 dev=08:02 mode=040755 ouid=33 ogid=33 rdev=00:00 nametype=PARENT cap_fp=0 cap_fi=0 cap_fe=0 cap_fver=0 cap_frootid=0OUID="www-data" OGID="www-data"
type=PATH msg=audit(1773063897.626:2220): item=1 name="/var/www/wordpress/.htaccess.swp" inode=830790 dev=08:02 mode=0100600 ouid=0 ogid=0 rdev=00:00 nametype=DELETE cap_fp=0 cap_fi=0 cap_fe=0 cap_fver=0 cap_frootid=0OUID="root" OGID="root"
type=PROCTITLE msg=audit(1773063897.626:2220): proctitle=76696D002F7661722F7777772F776F726470726573732F2E6874616363657373
type=SYSCALL msg=audit(1773063897.626:2221): arch=c000003e syscall=90 success=yes exit=0 a0=5d931debcf50 a1=1a4 a2=0 a3=5d92ff650c60 items=1 ppid=1551 pid=1552 auid=1000 uid=0 gid=0 euid=0 suid=0 fsuid=0 egid=0 sgid=0 fsgid=0 tty=pts2 ses=3 comm="vim" exe="/usr/bin/vim.basic" subj=unconfined key="T1166_Seuid_and_Setgid"ARCH=x86_64 SYSCALL=chmod AUID="vboxuser" UID="root" GID="root" EUID="root" SUID="root" FSUID="root" EGID="root" SGID="root" FSGID="root"
type=PATH msg=audit(1773063897.626:2221): item=0 name="/var/www/wordpress/.htaccess.swp" inode=830790 dev=08:02 mode=0100600 ouid=0 ogid=0 rdev=00:00 nametype=NORMAL cap_fp=0 cap_fi=0 cap_fe=0 cap_fver=0 cap_frootid=0OUID="root" OGID="root"
type=PROCTITLE msg=audit(1773063897.626:2221): proctitle=76696D002F7661722F7777772F776F726470726573732F2E6874616363657373
type=SYSCALL msg=audit(1773063901.221:2222): arch=c000003e syscall=257 success=yes exit=7 a0=ffffff9c a1=76406b7cf347 a2=80000 a3=0 items=1 ppid=788 pid=1554 auid=4294967295 uid=0 gid=0 euid=0 suid=0 fsuid=0 egid=0 sgid=0 fsgid=0 tty=(none) ses=4294967295 comm="cron" exe="/usr/sbin/cron" subj=unconfined key="T1087_Account_Discovery"ARCH=x86_64 SYSCALL=openat AUID="unset" UID="root" GID="root" EUID="root" SUID="root" FSUID="root" EGID="root" SGID="root" FSGID="root"
type=PATH msg=audit(1773063901.221:2222): item=0 name="/etc/shadow" inode=1050300 dev=08:02 mode=0100640 ouid=0 ogid=42 rdev=00:00 nametype=NORMAL cap_fp=0 cap_fi=0 cap_fe=0 cap_fver=0 cap_frootid=0OUID="root" OGID="shadow"
type=PROCTITLE msg=audit(1773063901.221:2222): proctitle=2F7573722F7362696E2F43524F4E002D66002D50
type=USER_ACCT msg=audit(1773063901.221:2223): pid=1554 uid=0 auid=4294967295 ses=4294967295 subj=unconfined msg='op=PAM:accounting grantors=pam_permit acct="root" exe="/usr/sbin/cron" hostname=? addr=? terminal=cron res=success'UID="root" AUID="unset"
type=CRED_ACQ msg=audit(1773063901.221:2224): pid=1554 uid=0 auid=4294967295 ses=4294967295 subj=unconfined msg='op=PAM:setcred grantors=pam_permit,pam_cap acct="root" exe="/usr/sbin/cron" hostname=? addr=? terminal=cron res=success'UID="root" AUID="unset"
type=LOGIN msg=audit(1773063901.221:2225): pid=1554 uid=0 subj=unconfined old-auid=4294967295 auid=0 tty=(none) old-ses=4294967295 ses=6 res=1UID="root" OLD-AUID="unset" AUID="root"
type=SYSCALL msg=audit(1773063901.221:2225): arch=c000003e syscall=1 success=yes exit=1 a0=7 a1=7ffebc8a2dc0 a2=1 a3=0 items=0 ppid=788 pid=1554 auid=0 uid=0 gid=0 euid=0 suid=0 fsuid=0 egid=0 sgid=0 fsgid=0 tty=(none) ses=6 comm="cron" exe="/usr/sbin/cron" subj=unconfined key=(null)ARCH=x86_64 SYSCALL=write AUID="root" UID="root" GID="root" EUID="root" SUID="root" FSUID="root" EGID="root" SGID="root" FSGID="root"
type=PROCTITLE msg=audit(1773063901.221:2225): proctitle=2F7573722F7362696E2F43524F4E002D66002D50
type=USER_START msg=audit(1773063901.221:2226): pid=1554 uid=0 auid=0 ses=6 subj=unconfined msg='op=PAM:session_open grantors=pam_loginuid,pam_env,pam_env,pam_permit,pam_umask,pam_unix,pam_limits acct="root" exe="/usr/sbin/cron" hostname=? addr=? terminal=cron res=success'UID="root" AUID="root"
type=SYSCALL msg=audit(1773063901.229:2227): arch=c000003e syscall=106 success=yes exit=0 a0=0 a1=5a393f779900 a2=5a3c9ceb2109 a3=5a393f779910 items=0 ppid=1554 pid=1555 auid=0 uid=0 gid=0 euid=0 suid=0 fsuid=0 egid=0 sgid=0 fsgid=0 tty=(none) ses=6 comm="cron" exe="/usr/sbin/cron" subj=unconfined key="T1166_Seuid_and_Setgid"ARCH=x86_64 SYSCALL=setgid AUID="root" UID="root" GID="root" EUID="root" SUID="root" FSUID="root" EGID="root" SGID="root" FSGID="root"
type=PROCTITLE msg=audit(1773063901.229:2227): proctitle=2F7573722F7362696E2F43524F4E002D66002D50
type=CRED_REFR msg=audit(1773063901.229:2228): pid=1555 uid=0 auid=0 ses=6 subj=unconfined msg='op=PAM:setcred grantors=pam_permit,pam_cap acct="root" exe="/usr/sbin/cron" hostname=? addr=? terminal=cron res=success'UID="root" AUID="root"
type=SYSCALL msg=audit(1773063901.229:2229): arch=c000003e syscall=105 success=yes exit=0 a0=0 a1=5a393f7855e0 a2=5a3c9ceba255 a3=5a393f7855f0 items=0 ppid=1554 pid=1555 auid=0 uid=0 gid=0 euid=0 suid=0 fsuid=0 egid=0 sgid=0 fsgid=0 tty=(none) ses=6 comm="cron" exe="/usr/sbin/cron" subj=unconfined key="T1166_Seuid_and_Setgid"ARCH=x86_64 SYSCALL=setuid AUID="root" UID="root" GID="root" EUID="root" SUID="root" FSUID="root" EGID="root" SGID="root" FSGID="root"
type=PROCTITLE msg=audit(1773063901.229:2229): proctitle=2F7573722F7362696E2F43524F4E002D66002D50
type=SYSCALL msg=audit(1773063901.229:2230): arch=c000003e syscall=59 success=yes exit=0 a0=5a393f7855d6 a1=7ffebc8a2e70 a2=5a393f7930b0 a3=5a393f7855d6 items=2 ppid=1554 pid=1555 auid=0 uid=0 gid=0 euid=0 suid=0 fsuid=0 egid=0 sgid=0 fsgid=0 tty=(none) ses=6 comm="sh" exe="/usr/bin/dash" subj=unconfined key="T1078_Valid_Accounts"ARCH=x86_64 SYSCALL=execve AUID="root" UID="root" GID="root" EUID="root" SUID="root" FSUID="root" EGID="root" SGID="root" FSGID="root"
type=EXECVE msg=audit(1773063901.229:2230): argc=3 a0="/bin/sh" a1="-c" a2=636F6D6D616E64202D762064656269616E2D736131203E202F6465762F6E756C6C2026262064656269616E2D73613120312031
type=PATH msg=audit(1773063901.229:2230): item=0 name="/bin/sh" inode=1442345 dev=08:02 mode=0100755 ouid=0 ogid=0 rdev=00:00 nametype=NORMAL cap_fp=0 cap_fi=0 cap_fe=0 cap_fver=0 cap_frootid=0OUID="root" OGID="root"
type=PATH msg=audit(1773063901.229:2230): item=1 name="/lib64/ld-linux-x86-64.so.2" inode=1481429 dev=08:02 mode=0100755 ouid=0 ogid=0 rdev=00:00 nametype=NORMAL cap_fp=0 cap_fi=0 cap_fe=0 cap_fver=0 cap_frootid=0OUID="root" OGID="root"
type=PROCTITLE msg=audit(1773063901.229:2230): proctitle=2F7573722F7362696E2F43524F4E002D66002D50
type=SYSCALL msg=audit(1773063901.238:2231): arch=c000003e syscall=59 success=yes exit=0 a0=5d40326cd538 a1=5d40326cd4e0 a2=5d40326cd500 a3=8 items=3 ppid=1555 pid=1556 auid=0 uid=0 gid=0 euid=0 suid=0 fsuid=0 egid=0 sgid=0 fsgid=0 tty=(none) ses=6 comm="debian-sa1" exe="/usr/bin/dash" subj=unconfined key="T1078_Valid_Accounts"ARCH=x86_64 SYSCALL=execve AUID="root" UID="root" GID="root" EUID="root" SUID="root" FSUID="root" EGID="root" SGID="root" FSGID="root"
type=EXECVE msg=audit(1773063901.238:2231): argc=4 a0="/bin/sh" a1="/usr/lib/sysstat/debian-sa1" a2="1" a3="1"
type=PATH msg=audit(1773063901.238:2231): item=0 name="/usr/lib/sysstat/debian-sa1" inode=1456136 dev=08:02 mode=0100755 ouid=0 ogid=0 rdev=00:00 nametype=NORMAL cap_fp=0 cap_fi=0 cap_fe=0 cap_fver=0 cap_frootid=0OUID="root" OGID="root"
type=PATH msg=audit(1773063901.238:2231): item=1 name="/bin/sh" inode=1442345 dev=08:02 mode=0100755 ouid=0 ogid=0 rdev=00:00 nametype=NORMAL cap_fp=0 cap_fi=0 cap_fe=0 cap_fver=0 cap_frootid=0OUID="root" OGID="root"
type=PATH msg=audit(1773063901.238:2231): item=2 name="/lib64/ld-linux-x86-64.so.2" inode=1481429 dev=08:02 mode=0100755 ouid=0 ogid=0 rdev=00:00 nametype=NORMAL cap_fp=0 cap_fi=0 cap_fe=0 cap_fver=0 cap_frootid=0OUID="root" OGID="root"
type=PROCTITLE msg=audit(1773063901.238:2231): proctitle=2F62696E2F7368002F7573722F6C69622F737973737461742F64656269616E2D73613100310031
type=CRED_DISP msg=audit(1773063901.256:2232): pid=1554 uid=0 auid=0 ses=6 subj=unconfined msg='op=PAM:setcred grantors=pam_permit acct="root" exe="/usr/sbin/cron" hostname=? addr=? terminal=cron res=success'UID="root" AUID="root"
type=USER_END msg=audit(1773063901.256:2233): pid=1554 uid=0 auid=0 ses=6 subj=unconfined msg='op=PAM:session_close grantors=pam_loginuid,pam_env,pam_env,pam_permit,pam_umask,pam_unix,pam_limits acct="root" exe="/usr/sbin/cron" hostname=? addr=? terminal=cron res=success'UID="root" AUID="root"
type=SYSCALL msg=audit(1773063903.315:2234): arch=c000003e syscall=93 success=yes exit=0 a0=3 a1=21 a2=21 a3=81a4 items=1 ppid=1551 pid=1552 auid=1000 uid=0 gid=0 euid=0 suid=0 fsuid=0 egid=0 sgid=0 fsgid=0 tty=pts2 ses=3 comm="vim" exe="/usr/bin/vim.basic" subj=unconfined key="T1166_Seuid_and_Setgid"ARCH=x86_64 SYSCALL=fchown AUID="vboxuser" UID="root" GID="root" EUID="root" SUID="root" FSUID="root" EGID="root" SGID="root" FSGID="root"
type=PATH msg=audit(1773063903.315:2234): item=0 name=(null) inode=830791 dev=08:02 mode=0100644 ouid=0 ogid=0 rdev=00:00 nametype=NORMAL cap_fp=0 cap_fi=0 cap_fe=0 cap_fver=0 cap_frootid=0OUID="root" OGID="root"
type=PROCTITLE msg=audit(1773063903.315:2234): proctitle=76696D002F7661722F7777772F776F726470726573732F2E6874616363657373
type=SYSCALL msg=audit(1773063903.315:2235): arch=c000003e syscall=87 success=yes exit=0 a0=5d931db8b420 a1=0 a2=0 a3=0 items=2 ppid=1551 pid=1552 auid=1000 uid=0 gid=0 euid=0 suid=0 fsuid=0 egid=0 sgid=0 fsgid=0 tty=pts2 ses=3 comm="vim" exe="/usr/bin/vim.basic" subj=unconfined key="T1107_File_Deletion"ARCH=x86_64 SYSCALL=unlink AUID="vboxuser" UID="root" GID="root" EUID="root" SUID="root" FSUID="root" EGID="root" SGID="root" FSGID="root"
type=PATH msg=audit(1773063903.315:2235): item=0 name="/var/www/wordpress/" inode=826621 dev=08:02 mode=040755 ouid=33 ogid=33 rdev=00:00 nametype=PARENT cap_fp=0 cap_fi=0 cap_fe=0 cap_fver=0 cap_frootid=0OUID="www-data" OGID="www-data"
type=PATH msg=audit(1773063903.315:2235): item=1 name="/var/www/wordpress/4913" inode=830791 dev=08:02 mode=0100644 ouid=33 ogid=33 rdev=00:00 nametype=DELETE cap_fp=0 cap_fi=0 cap_fe=0 cap_fver=0 cap_frootid=0OUID="www-data" OGID="www-data"
type=PROCTITLE msg=audit(1773063903.315:2235): proctitle=76696D002F7661722F7777772F776F726470726573732F2E6874616363657373
type=SYSCALL msg=audit(1773063903.316:2236): arch=c000003e syscall=87 success=no exit=-2 a0=5d931deb5b70 a1=5d931deb5b70 a2=fffffffffffffc58 a3=0 items=1 ppid=1551 pid=1552 auid=1000 uid=0 gid=0 euid=0 suid=0 fsuid=0 egid=0 sgid=0 fsgid=0 tty=pts2 ses=3 comm="vim" exe="/usr/bin/vim.basic" subj=unconfined key="T1107_File_Deletion"ARCH=x86_64 SYSCALL=unlink AUID="vboxuser" UID="root" GID="root" EUID="root" SUID="root" FSUID="root" EGID="root" SGID="root" FSGID="root"
type=PATH msg=audit(1773063903.316:2236): item=0 name="/var/www/wordpress/" inode=826621 dev=08:02 mode=040755 ouid=33 ogid=33 rdev=00:00 nametype=PARENT cap_fp=0 cap_fi=0 cap_fe=0 cap_fver=0 cap_frootid=0OUID="www-data" OGID="www-data"
type=PROCTITLE msg=audit(1773063903.316:2236): proctitle=76696D002F7661722F7777772F776F726470726573732F2E6874616363657373
type=SYSCALL msg=audit(1773063903.316:2237): arch=c000003e syscall=82 success=yes exit=0 a0=5d931db9a6f0 a1=5d931deb5b70 a2=fffffffffffffc58 a3=0 items=4 ppid=1551 pid=1552 auid=1000 uid=0 gid=0 euid=0 suid=0 fsuid=0 egid=0 sgid=0 fsgid=0 tty=pts2 ses=3 comm="vim" exe="/usr/bin/vim.basic" subj=unconfined key="T1107_File_Deletion"ARCH=x86_64 SYSCALL=rename AUID="vboxuser" UID="root" GID="root" EUID="root" SUID="root" FSUID="root" EGID="root" SGID="root" FSGID="root"
type=PATH msg=audit(1773063903.316:2237): item=0 name="/var/www/wordpress/" inode=826621 dev=08:02 mode=040755 ouid=33 ogid=33 rdev=00:00 nametype=PARENT cap_fp=0 cap_fi=0 cap_fe=0 cap_fver=0 cap_frootid=0OUID="www-data" OGID="www-data"
type=PATH msg=audit(1773063903.316:2237): item=1 name="/var/www/wordpress/" inode=826621 dev=08:02 mode=040755 ouid=33 ogid=33 rdev=00:00 nametype=PARENT cap_fp=0 cap_fi=0 cap_fe=0 cap_fver=0 cap_frootid=0OUID="www-data" OGID="www-data"
type=PATH msg=audit(1773063903.316:2237): item=2 name="/var/www/wordpress/.htaccess" inode=830792 dev=08:02 mode=0100644 ouid=33 ogid=33 rdev=00:00 nametype=DELETE cap_fp=0 cap_fi=0 cap_fe=0 cap_fver=0 cap_frootid=0OUID="www-data" OGID="www-data"
type=PATH msg=audit(1773063903.316:2237): item=3 name="/var/www/wordpress/.htaccess~" inode=830792 dev=08:02 mode=0100644 ouid=33 ogid=33 rdev=00:00 nametype=CREATE cap_fp=0 cap_fi=0 cap_fe=0 cap_fver=0 cap_frootid=0OUID="www-data" OGID="www-data"
type=PROCTITLE msg=audit(1773063903.316:2237): proctitle=76696D002F7661722F7777772F776F726470726573732F2E6874616363657373
type=SYSCALL msg=audit(1773063903.328:2238): arch=c000003e syscall=93 success=yes exit=0 a0=3 a1=21 a2=ffffffff a3=0 items=1 ppid=1551 pid=1552 auid=1000 uid=0 gid=0 euid=0 suid=0 fsuid=0 egid=0 sgid=0 fsgid=0 tty=pts2 ses=3 comm="vim" exe="/usr/bin/vim.basic" subj=unconfined key="T1166_Seuid_and_Setgid"ARCH=x86_64 SYSCALL=fchown AUID="vboxuser" UID="root" GID="root" EUID="root" SUID="root" FSUID="root" EGID="root" SGID="root" FSGID="root"
type=PATH msg=audit(1773063903.328:2238): item=0 name=(null) inode=830791 dev=08:02 mode=0100644 ouid=0 ogid=0 rdev=00:00 nametype=NORMAL cap_fp=0 cap_fi=0 cap_fe=0 cap_fver=0 cap_frootid=0OUID="root" OGID="root"
type=PROCTITLE msg=audit(1773063903.328:2238): proctitle=76696D002F7661722F7777772F776F726470726573732F2E6874616363657373
type=SYSCALL msg=audit(1773063903.328:2239): arch=c000003e syscall=93 success=yes exit=0 a0=3 a1=ffffffff a2=21 a3=0 items=1 ppid=1551 pid=1552 auid=1000 uid=0 gid=0 euid=0 suid=0 fsuid=0 egid=0 sgid=0 fsgid=0 tty=pts2 ses=3 comm="vim" exe="/usr/bin/vim.basic" subj=unconfined key="T1166_Seuid_and_Setgid"ARCH=x86_64 SYSCALL=fchown AUID="vboxuser" UID="root" GID="root" EUID="root" SUID="root" FSUID="root" EGID="root" SGID="root" FSGID="root"
type=PATH msg=audit(1773063903.328:2239): item=0 name=(null) inode=830791 dev=08:02 mode=0100644 ouid=33 ogid=0 rdev=00:00 nametype=NORMAL cap_fp=0 cap_fi=0 cap_fe=0 cap_fver=0 cap_frootid=0OUID="www-data" OGID="root"
type=PROCTITLE msg=audit(1773063903.328:2239): proctitle=76696D002F7661722F7777772F776F726470726573732F2E6874616363657373
type=SYSCALL msg=audit(1773063903.328:2240): arch=c000003e syscall=91 success=yes exit=0 a0=3 a1=81a4 a2=7fffe0f381b0 a3=0 items=1 ppid=1551 pid=1552 auid=1000 uid=0 gid=0 euid=0 suid=0 fsuid=0 egid=0 sgid=0 fsgid=0 tty=pts2 ses=3 comm="vim" exe="/usr/bin/vim.basic" subj=unconfined key="T1166_Seuid_and_Setgid"ARCH=x86_64 SYSCALL=fchmod AUID="vboxuser" UID="root" GID="root" EUID="root" SUID="root" FSUID="root" EGID="root" SGID="root" FSGID="root"
type=PATH msg=audit(1773063903.328:2240): item=0 name=(null) inode=830791 dev=08:02 mode=0100644 ouid=33 ogid=33 rdev=00:00 nametype=NORMAL cap_fp=0 cap_fi=0 cap_fe=0 cap_fver=0 cap_frootid=0OUID="www-data" OGID="www-data"
type=PROCTITLE msg=audit(1773063903.328:2240): proctitle=76696D002F7661722F7777772F776F726470726573732F2E6874616363657373
type=SYSCALL msg=audit(1773063903.328:2241): arch=c000003e syscall=188 success=yes exit=0 a0=5d931db9a6f0 a1=746e96e2a000 a2=5d931deb5bc0 a3=1c items=1 ppid=1551 pid=1552 auid=1000 uid=0 gid=0 euid=0 suid=0 fsuid=0 egid=0 sgid=0 fsgid=0 tty=pts2 ses=3 comm="vim" exe="/usr/bin/vim.basic" subj=unconfined key="T1166_Seuid_and_Setgid"ARCH=x86_64 SYSCALL=setxattr AUID="vboxuser" UID="root" GID="root" EUID="root" SUID="root" FSUID="root" EGID="root" SGID="root" FSGID="root"
type=PATH msg=audit(1773063903.328:2241): item=0 name="/var/www/wordpress/.htaccess" inode=830791 dev=08:02 mode=0100644 ouid=33 ogid=33 rdev=00:00 nametype=NORMAL cap_fp=0 cap_fi=0 cap_fe=0 cap_fver=0 cap_frootid=0OUID="www-data" OGID="www-data"
type=PROCTITLE msg=audit(1773063903.328:2241): proctitle=76696D002F7661722F7777772F776F726470726573732F2E6874616363657373
type=SYSCALL msg=audit(1773063903.328:2242): arch=c000003e syscall=87 success=yes exit=0 a0=5d931deb5b70 a1=382d6674 a2=5d92ff5a7b7d a3=0 items=2 ppid=1551 pid=1552 auid=1000 uid=0 gid=0 euid=0 suid=0 fsuid=0 egid=0 sgid=0 fsgid=0 tty=pts2 ses=3 comm="vim" exe="/usr/bin/vim.basic" subj=unconfined key="T1107_File_Deletion"ARCH=x86_64 SYSCALL=unlink AUID="vboxuser" UID="root" GID="root" EUID="root" SUID="root" FSUID="root" EGID="root" SGID="root" FSGID="root"
type=PATH msg=audit(1773063903.328:2242): item=0 name="/var/www/wordpress/" inode=826621 dev=08:02 mode=040755 ouid=33 ogid=33 rdev=00:00 nametype=PARENT cap_fp=0 cap_fi=0 cap_fe=0 cap_fver=0 cap_frootid=0OUID="www-data" OGID="www-data"
type=PATH msg=audit(1773063903.328:2242): item=1 name="/var/www/wordpress/.htaccess~" inode=830792 dev=08:02 mode=0100644 ouid=33 ogid=33 rdev=00:00 nametype=DELETE cap_fp=0 cap_fi=0 cap_fe=0 cap_fver=0 cap_frootid=0OUID="www-data" OGID="www-data"
type=PROCTITLE msg=audit(1773063903.328:2242): proctitle=76696D002F7661722F7777772F776F726470726573732F2E6874616363657373
type=SYSCALL msg=audit(1773063903.328:2243): arch=c000003e syscall=87 success=yes exit=0 a0=5d931de6de60 a1=5d931de6de60 a2=7fffe0f37590 a3=0 items=2 ppid=1551 pid=1552 auid=1000 uid=0 gid=0 euid=0 suid=0 fsuid=0 egid=0 sgid=0 fsgid=0 tty=pts2 ses=3 comm="vim" exe="/usr/bin/vim.basic" subj=unconfined key="T1107_File_Deletion"ARCH=x86_64 SYSCALL=unlink AUID="vboxuser" UID="root" GID="root" EUID="root" SUID="root" FSUID="root" EGID="root" SGID="root" FSGID="root"
type=PATH msg=audit(1773063903.328:2243): item=0 name="/root/" inode=1048578 dev=08:02 mode=040700 ouid=0 ogid=0 rdev=00:00 nametype=PARENT cap_fp=0 cap_fi=0 cap_fe=0 cap_fver=0 cap_frootid=0OUID="root" OGID="root"
type=PATH msg=audit(1773063903.328:2243): item=1 name="/root/.viminfo" inode=1051138 dev=08:02 mode=0100600 ouid=0 ogid=0 rdev=00:00 nametype=DELETE cap_fp=0 cap_fi=0 cap_fe=0 cap_fver=0 cap_frootid=0OUID="root" OGID="root"
type=PROCTITLE msg=audit(1773063903.328:2243): proctitle=76696D002F7661722F7777772F776F726470726573732F2E6874616363657373
type=SYSCALL msg=audit(1773063903.328:2244): arch=c000003e syscall=82 success=yes exit=0 a0=5d931deb59f0 a1=5d931de6de60 a2=7fffe0f37590 a3=0 items=4 ppid=1551 pid=1552 auid=1000 uid=0 gid=0 euid=0 suid=0 fsuid=0 egid=0 sgid=0 fsgid=0 tty=pts2 ses=3 comm="vim" exe="/usr/bin/vim.basic" subj=unconfined key="T1107_File_Deletion"ARCH=x86_64 SYSCALL=rename AUID="vboxuser" UID="root" GID="root" EUID="root" SUID="root" FSUID="root" EGID="root" SGID="root" FSGID="root"
type=PATH msg=audit(1773063903.328:2244): item=0 name="/root/" inode=1048578 dev=08:02 mode=040700 ouid=0 ogid=0 rdev=00:00 nametype=PARENT cap_fp=0 cap_fi=0 cap_fe=0 cap_fver=0 cap_frootid=0OUID="root" OGID="root"
type=PATH msg=audit(1773063903.328:2244): item=1 name="/root/" inode=1048578 dev=08:02 mode=040700 ouid=0 ogid=0 rdev=00:00 nametype=PARENT cap_fp=0 cap_fi=0 cap_fe=0 cap_fver=0 cap_frootid=0OUID="root" OGID="root"
type=PATH msg=audit(1773063903.328:2244): item=2 name="/root/.viminfo.tmp" inode=1051137 dev=08:02 mode=0100600 ouid=0 ogid=0 rdev=00:00 nametype=DELETE cap_fp=0 cap_fi=0 cap_fe=0 cap_fver=0 cap_frootid=0OUID="root" OGID="root"
type=PATH msg=audit(1773063903.328:2244): item=3 name="/root/.viminfo" inode=1051137 dev=08:02 mode=0100600 ouid=0 ogid=0 rdev=00:00 nametype=CREATE cap_fp=0 cap_fi=0 cap_fe=0 cap_fver=0 cap_frootid=0OUID="root" OGID="root"
type=PROCTITLE msg=audit(1773063903.328:2244): proctitle=76696D002F7661722F7777772F776F726470726573732F2E6874616363657373
type=SYSCALL msg=audit(1773063903.328:2245): arch=c000003e syscall=87 success=yes exit=0 a0=5d931dbb90c0 a1=0 a2=0 a3=0 items=2 ppid=1551 pid=1552 auid=1000 uid=0 gid=0 euid=0 suid=0 fsuid=0 egid=0 sgid=0 fsgid=0 tty=pts2 ses=3 comm="vim" exe="/usr/bin/vim.basic" subj=unconfined key="T1107_File_Deletion"ARCH=x86_64 SYSCALL=unlink AUID="vboxuser" UID="root" GID="root" EUID="root" SUID="root" FSUID="root" EGID="root" SGID="root" FSGID="root"
type=PATH msg=audit(1773063903.328:2245): item=0 name="/var/www/wordpress/" inode=826621 dev=08:02 mode=040755 ouid=33 ogid=33 rdev=00:00 nametype=PARENT cap_fp=0 cap_fi=0 cap_fe=0 cap_fver=0 cap_frootid=0OUID="www-data" OGID="www-data"
type=PATH msg=audit(1773063903.328:2245): item=1 name="/var/www/wordpress/.htaccess.swp" inode=830790 dev=08:02 mode=0100644 ouid=0 ogid=0 rdev=00:00 nametype=DELETE cap_fp=0 cap_fi=0 cap_fe=0 cap_fver=0 cap_frootid=0OUID="root" OGID="root"
type=PROCTITLE msg=audit(1773063903.328:2245): proctitle=76696D002F7661722F7777772F776F726470726573732F2E6874616363657373
type=SYSCALL msg=audit(1773063903.330:2246): arch=c000003e syscall=257 success=yes exit=12 a0=ffffff9c a1=7abef5bd46b0 a2=80002 a3=0 items=1 ppid=1380 pid=1550 auid=1000 uid=0 gid=0 euid=0 suid=0 fsuid=0 egid=0 sgid=0 fsgid=0 tty=pts1 ses=3 comm="sudo" exe="/usr/bin/sudo" subj=unconfined key="T1108_Redundant_Access"ARCH=x86_64 SYSCALL=openat AUID="vboxuser" UID="root" GID="root" EUID="root" SUID="root" FSUID="root" EGID="root" SGID="root" FSGID="root"
type=PATH msg=audit(1773063903.330:2246): item=0 name="/var/run/utmp" inode=716 dev=00:18 mode=0100664 ouid=0 ogid=43 rdev=00:00 nametype=NORMAL cap_fp=0 cap_fi=0 cap_fe=0 cap_fver=0 cap_frootid=0OUID="root" OGID="utmp"
type=PROCTITLE msg=audit(1773063903.330:2246): proctitle=7375646F0076696D002F7661722F7777772F776F726470726573732F2E6874616363657373
type=USER_END msg=audit(1773063903.331:2247): pid=1550 uid=0 auid=1000 ses=3 subj=unconfined msg='op=PAM:session_close grantors=pam_limits,pam_env,pam_env,pam_permit,pam_umask,pam_unix acct="root" exe="/usr/bin/sudo" hostname=? addr=? terminal=/dev/pts/1 res=success'UID="root" AUID="vboxuser"
type=CRED_DISP msg=audit(1773063903.331:2248): pid=1550 uid=0 auid=1000 ses=3 subj=unconfined msg='op=PAM:setcred grantors=pam_permit acct="root" exe="/usr/bin/sudo" hostname=? addr=? terminal=/dev/pts/1 res=success'UID="root" AUID="vboxuser"
type=SYSCALL msg=audit(1773063913.297:2249): arch=c000003e syscall=59 success=yes exit=0 a0=62507e430d50 a1=62507e430c30 a2=62507e2e9cc0 a3=62507e430c30 items=2 ppid=1380 pid=1558 auid=1000 uid=0 gid=0 euid=0 suid=0 fsuid=0 egid=0 sgid=0 fsgid=0 tty=pts1 ses=3 comm="systemctl" exe="/usr/bin/systemctl" subj=unconfined key="T1078_Valid_Accounts"ARCH=x86_64 SYSCALL=execve AUID="vboxuser" UID="root" GID="root" EUID="root" SUID="root" FSUID="root" EGID="root" SGID="root" FSGID="root"
type=EXECVE msg=audit(1773063913.297:2249): argc=3 a0="systemctl" a1="reload" a2="apache2"
type=PATH msg=audit(1773063913.297:2249): item=0 name="/usr/bin/systemctl" inode=1461475 dev=08:02 mode=0100755 ouid=0 ogid=0 rdev=00:00 nametype=NORMAL cap_fp=0 cap_fi=0 cap_fe=0 cap_fver=0 cap_frootid=0OUID="root" OGID="root"
type=PATH msg=audit(1773063913.297:2249): item=1 name="/lib64/ld-linux-x86-64.so.2" inode=1481429 dev=08:02 mode=0100755 ouid=0 ogid=0 rdev=00:00 nametype=NORMAL cap_fp=0 cap_fi=0 cap_fe=0 cap_fver=0 cap_frootid=0OUID="root" OGID="root"
type=PROCTITLE msg=audit(1773063913.297:2249): proctitle=73797374656D63746C0072656C6F61640061706163686532
type=SYSCALL msg=audit(1773063913.304:2250): arch=c000003e syscall=42 success=yes exit=0 a0=3 a1=570f87730ac8 a2=17 a3=7ffe9fc40844 items=1 ppid=1380 pid=1558 auid=1000 uid=0 gid=0 euid=0 suid=0 fsuid=0 egid=0 sgid=0 fsgid=0 tty=pts1 ses=3 comm="systemctl" exe="/usr/bin/systemctl" subj=unconfined key="T1043_Commonly_Used_Port"ARCH=x86_64 SYSCALL=connect AUID="vboxuser" UID="root" GID="root" EUID="root" SUID="root" FSUID="root" EGID="root" SGID="root" FSGID="root"
type=SOCKADDR msg=audit(1773063913.304:2250): saddr=01002F72756E2F73797374656D642F7072697661746500SADDR={ saddr_fam=local path=/run/systemd/private }
type=PATH msg=audit(1773063913.304:2250): item=0 name="/run/systemd/private" inode=449 dev=00:18 mode=0140700 ouid=0 ogid=0 rdev=00:00 nametype=NORMAL cap_fp=0 cap_fi=0 cap_fe=0 cap_fver=0 cap_frootid=0OUID="root" OGID="root"
type=PROCTITLE msg=audit(1773063913.304:2250): proctitle=73797374656D63746C0072656C6F61640061706163686532
type=SYSCALL msg=audit(1773063913.304:2251): arch=c000003e syscall=59 success=yes exit=0 a0=570f53149090 a1=7ffe9fc40ac0 a2=7ffe9fc41348 a3=77e3fadaa8d0 items=2 ppid=1558 pid=1559 auid=1000 uid=0 gid=0 euid=0 suid=0 fsuid=0 egid=0 sgid=0 fsgid=0 tty=pts1 ses=3 comm="systemd-tty-ask" exe="/usr/bin/systemd-tty-ask-password-agent" subj=unconfined key="T1078_Valid_Accounts"ARCH=x86_64 SYSCALL=execve AUID="vboxuser" UID="root" GID="root" EUID="root" SUID="root" FSUID="root" EGID="root" SGID="root" FSGID="root"
type=EXECVE msg=audit(1773063913.304:2251): argc=2 a0="/usr/bin/systemd-tty-ask-password-agent" a1="--watch"
type=PATH msg=audit(1773063913.304:2251): item=0 name="/usr/bin/systemd-tty-ask-password-agent" inode=1461700 dev=08:02 mode=0100755 ouid=0 ogid=0 rdev=00:00 nametype=NORMAL cap_fp=0 cap_fi=0 cap_fe=0 cap_fver=0 cap_frootid=0OUID="root" OGID="root"
type=PATH msg=audit(1773063913.304:2251): item=1 name="/lib64/ld-linux-x86-64.so.2" inode=1481429 dev=08:02 mode=0100755 ouid=0 ogid=0 rdev=00:00 nametype=NORMAL cap_fp=0 cap_fi=0 cap_fe=0 cap_fver=0 cap_frootid=0OUID="root" OGID="root"
type=PROCTITLE msg=audit(1773063913.304:2251): proctitle=2F7573722F62696E2F73797374656D642D7474792D61736B2D70617373776F72642D6167656E74002D2D7761746368
type=SYSCALL msg=audit(1773063913.310:2252): arch=c000003e syscall=59 success=yes exit=0 a0=7fffafa394f0 a1=7fffafa39510 a2=7fffafa39fd8 a3=8 items=2 ppid=1 pid=1560 auid=4294967295 uid=0 gid=0 euid=0 suid=0 fsuid=0 egid=0 sgid=0 fsgid=0 tty=(none) ses=4294967295 comm="9" exe="/usr/lib/systemd/systemd-executor" subj=unconfined key="T1078_Valid_Accounts"ARCH=x86_64 SYSCALL=execve AUID="unset" UID="root" GID="root" EUID="root" SUID="root" FSUID="root" EGID="root" SGID="root" FSGID="root"
type=EXECVE msg=audit(1773063913.310:2252): argc=7 a0="/usr/lib/systemd/systemd-executor" a1="--deserialize" a2="105" a3="--log-level" a4="info" a5="--log-target" a6="journal-or-kmsg"
type=PATH msg=audit(1773063913.310:2252): item=0 name="/proc/self/fd/9" inode=1463834 dev=08:02 mode=0100755 ouid=0 ogid=0 rdev=00:00 nametype=NORMAL cap_fp=0 cap_fi=0 cap_fe=0 cap_fver=0 cap_frootid=0OUID="root" OGID="root"
type=PATH msg=audit(1773063913.310:2252): item=1 name="/lib64/ld-linux-x86-64.so.2" inode=1481429 dev=08:02 mode=0100755 ouid=0 ogid=0 rdev=00:00 nametype=NORMAL cap_fp=0 cap_fi=0 cap_fe=0 cap_fver=0 cap_frootid=0OUID="root" OGID="root"
type=PROCTITLE msg=audit(1773063913.310:2252): proctitle=2F7573722F6C69622F73797374656D642F73797374656D642D6578656375746F72002D2D646573657269616C697A6500313035002D2D6C6F672D6C6576656C00696E666F002D2D6C6F672D746172676574006A6F75726E616C2D6F722D6B6D7367
type=SYSCALL msg=audit(1773063913.320:2253): arch=c000003e syscall=42 success=yes exit=0 a0=4 a1=7ffe71e30f60 a2=1e a3=7ffe71e31010 items=1 ppid=1 pid=1560 auid=4294967295 uid=0 gid=0 euid=0 suid=0 fsuid=0 egid=0 sgid=0 fsgid=0 tty=(none) ses=4294967295 comm="9" exe="/usr/lib/systemd/systemd-executor" subj=unconfined key="T1043_Commonly_Used_Port"ARCH=x86_64 SYSCALL=connect AUID="unset" UID="root" GID="root" EUID="root" SUID="root" FSUID="root" EGID="root" SGID="root" FSGID="root"
type=SOCKADDR msg=audit(1773063913.320:2253): saddr=01002F72756E2F73797374656D642F6A6F75726E616C2F736F636B657400SADDR={ saddr_fam=local path=/run/systemd/journal/socket }
type=PATH msg=audit(1773063913.320:2253): item=0 name="/run/systemd/journal/socket" inode=464 dev=00:18 mode=0140666 ouid=0 ogid=0 rdev=00:00 nametype=NORMAL cap_fp=0 cap_fi=0 cap_fe=0 cap_fver=0 cap_frootid=0OUID="root" OGID="root"
type=PROCTITLE msg=audit(1773063913.320:2253): proctitle=2F7573722F6C69622F73797374656D642F73797374656D642D6578656375746F72002D2D646573657269616C697A6500313035002D2D6C6F672D6C6576656C00696E666F002D2D6C6F672D746172676574006A6F75726E616C2D6F722D6B6D7367
type=SYSCALL msg=audit(1773063913.332:2254): arch=c000003e syscall=42 success=yes exit=0 a0=3 a1=7ffe71e30ae0 a2=1e a3=fffffff7 items=1 ppid=1 pid=1560 auid=4294967295 uid=0 gid=0 euid=0 suid=0 fsuid=0 egid=0 sgid=0 fsgid=0 tty=(none) ses=4294967295 comm="(pachectl)" exe="/usr/lib/systemd/systemd-executor" subj=unconfined key="T1043_Commonly_Used_Port"ARCH=x86_64 SYSCALL=connect AUID="unset" UID="root" GID="root" EUID="root" SUID="root" FSUID="root" EGID="root" SGID="root" FSGID="root"
type=SOCKADDR msg=audit(1773063913.332:2254): saddr=01002F72756E2F73797374656D642F6A6F75726E616C2F7374646F757400SADDR={ saddr_fam=local path=/run/systemd/journal/stdout }
type=PATH msg=audit(1773063913.332:2254): item=0 name="/run/systemd/journal/stdout" inode=465 dev=00:18 mode=0140666 ouid=0 ogid=0 rdev=00:00 nametype=NORMAL cap_fp=0 cap_fi=0 cap_fe=0 cap_fver=0 cap_frootid=0OUID="root" OGID="root"
type=PROCTITLE msg=audit(1773063913.332:2254): proctitle=2F7573722F6C69622F73797374656D642F73797374656D642D6578656375746F72002D2D646573657269616C697A6500313035002D2D6C6F672D6C6576656C00696E666F002D2D6C6F672D746172676574006A6F75726E616C2D6F722D6B6D7367
type=SYSCALL msg=audit(1773063913.333:2255): arch=c000003e syscall=59 success=yes exit=0 a0=59d0e5da04c0 a1=59d0e5da91f0 a2=59d0e5d9fdb0 a3=59d0e5da0b80 items=3 ppid=1 pid=1560 auid=4294967295 uid=0 gid=0 euid=0 suid=0 fsuid=0 egid=0 sgid=0 fsgid=0 tty=(none) ses=4294967295 comm="apachectl" exe="/usr/bin/dash" subj=unconfined key="T1078_Valid_Accounts"ARCH=x86_64 SYSCALL=execve AUID="unset" UID="root" GID="root" EUID="root" SUID="root" FSUID="root" EGID="root" SGID="root" FSGID="root"
type=EXECVE msg=audit(1773063913.333:2255): argc=3 a0="/bin/sh" a1="/usr/sbin/apachectl" a2="graceful"
type=PATH msg=audit(1773063913.333:2255): item=0 name="/usr/sbin/apachectl" inode=1479339 dev=08:02 mode=0100755 ouid=0 ogid=0 rdev=00:00 nametype=NORMAL cap_fp=0 cap_fi=0 cap_fe=0 cap_fver=0 cap_frootid=0OUID="root" OGID="root"
type=PATH msg=audit(1773063913.333:2255): item=1 name="/bin/sh" inode=1442345 dev=08:02 mode=0100755 ouid=0 ogid=0 rdev=00:00 nametype=NORMAL cap_fp=0 cap_fi=0 cap_fe=0 cap_fver=0 cap_frootid=0OUID="root" OGID="root"
type=PATH msg=audit(1773063913.333:2255): item=2 name="/lib64/ld-linux-x86-64.so.2" inode=1481429 dev=08:02 mode=0100755 ouid=0 ogid=0 rdev=00:00 nametype=NORMAL cap_fp=0 cap_fi=0 cap_fe=0 cap_fver=0 cap_frootid=0OUID="root" OGID="root"
type=PROCTITLE msg=audit(1773063913.333:2255): proctitle=2F7573722F6C69622F73797374656D642F73797374656D642D6578656375746F72002D2D646573657269616C697A6500313035002D2D6C6F672D6C6576656C00696E666F002D2D6C6F672D746172676574006A6F75726E616C2D6F722D6B6D7367
type=SYSCALL msg=audit(1773063913.339:2256): arch=c000003e syscall=59 success=yes exit=0 a0=5b7a4f6f1d08 a1=5b7a4f6f3c00 a2=5b7a4f6f1c78 a3=5b7a4f6f3a00 items=2 ppid=1560 pid=1561 auid=4294967295 uid=0 gid=0 euid=0 suid=0 fsuid=0 egid=0 sgid=0 fsgid=0 tty=(none) ses=4294967295 comm="id" exe="/usr/bin/id" subj=unconfined key="T1078_Valid_Accounts"ARCH=x86_64 SYSCALL=execve AUID="unset" UID="root" GID="root" EUID="root" SUID="root" FSUID="root" EGID="root" SGID="root" FSGID="root"
type=EXECVE msg=audit(1773063913.339:2256): argc=2 a0="id" a1="-u"
type=PATH msg=audit(1773063913.339:2256): item=0 name="/usr/bin/id" inode=1442474 dev=08:02 mode=0100755 ouid=0 ogid=0 rdev=00:00 nametype=NORMAL cap_fp=0 cap_fi=0 cap_fe=0 cap_fver=0 cap_frootid=0OUID="root" OGID="root"
type=PATH msg=audit(1773063913.339:2256): item=1 name="/lib64/ld-linux-x86-64.so.2" inode=1481429 dev=08:02 mode=0100755 ouid=0 ogid=0 rdev=00:00 nametype=NORMAL cap_fp=0 cap_fi=0 cap_fe=0 cap_fver=0 cap_frootid=0OUID="root" OGID="root"
type=PROCTITLE msg=audit(1773063913.339:2256): proctitle=6964002D75
type=SYSCALL msg=audit(1773063913.345:2257): arch=c000003e syscall=59 success=yes exit=0 a0=5b7a4f6f3970 a1=5b7a4f6f52a0 a2=5b7a4f6f52d8 a3=8 items=2 ppid=1560 pid=1562 auid=4294967295 uid=0 gid=0 euid=0 suid=0 fsuid=0 egid=0 sgid=0 fsgid=0 tty=(none) ses=4294967295 comm="apache2" exe="/usr/sbin/apache2" subj=unconfined key="T1078_Valid_Accounts"ARCH=x86_64 SYSCALL=execve AUID="unset" UID="root" GID="root" EUID="root" SUID="root" FSUID="root" EGID="root" SGID="root" FSGID="root"
type=EXECVE msg=audit(1773063913.345:2257): argc=2 a0="/usr/sbin/apache2" a1="-t"
type=PATH msg=audit(1773063913.345:2257): item=0 name="/usr/sbin/apache2" inode=1457163 dev=08:02 mode=0100755 ouid=0 ogid=0 rdev=00:00 nametype=NORMAL cap_fp=0 cap_fi=0 cap_fe=0 cap_fver=0 cap_frootid=0OUID="root" OGID="root"
type=PATH msg=audit(1773063913.345:2257): item=1 name="/lib64/ld-linux-x86-64.so.2" inode=1481429 dev=08:02 mode=0100755 ouid=0 ogid=0 rdev=00:00 nametype=NORMAL cap_fp=0 cap_fi=0 cap_fe=0 cap_fver=0 cap_frootid=0OUID="root" OGID="root"
type=PROCTITLE msg=audit(1773063913.345:2257): proctitle=2F7573722F7362696E2F61706163686532002D74
type=SYSCALL msg=audit(1773063913.355:2258): arch=c000003e syscall=42 success=yes exit=0 a0=3 a1=5a157973bc30 a2=1c a3=0 items=0 ppid=1560 pid=1562 auid=4294967295 uid=0 gid=0 euid=0 suid=0 fsuid=0 egid=0 sgid=0 fsgid=0 tty=(none) ses=4294967295 comm="apache2" exe="/usr/sbin/apache2" subj=unconfined key="T1043_Commonly_Used_Port"ARCH=x86_64 SYSCALL=connect AUID="unset" UID="root" GID="root" EUID="root" SUID="root" FSUID="root" EGID="root" SGID="root" FSGID="root"
type=SOCKADDR msg=audit(1773063913.355:2258): saddr=0A000000000000000000000000000000000000000000000000000000SADDR={ saddr_fam=inet6 laddr=:: lport=0 }
type=PROCTITLE msg=audit(1773063913.355:2258): proctitle=2F7573722F7362696E2F61706163686532002D74
type=SYSCALL msg=audit(1773063913.355:2259): arch=c000003e syscall=42 success=yes exit=0 a0=3 a1=7ffc3721dc30 a2=10 a3=0 items=0 ppid=1560 pid=1562 auid=4294967295 uid=0 gid=0 euid=0 suid=0 fsuid=0 egid=0 sgid=0 fsgid=0 tty=(none) ses=4294967295 comm="apache2" exe="/usr/sbin/apache2" subj=unconfined key="T1043_Commonly_Used_Port"ARCH=x86_64 SYSCALL=connect AUID="unset" UID="root" GID="root" EUID="root" SUID="root" FSUID="root" EGID="root" SGID="root" FSGID="root"
type=SOCKADDR msg=audit(1773063913.355:2259): saddr=00000000000000000000000000000000SADDR=unknown-family(0)
type=PROCTITLE msg=audit(1773063913.355:2259): proctitle=2F7573722F7362696E2F61706163686532002D74
type=SYSCALL msg=audit(1773063913.355:2260): arch=c000003e syscall=42 success=yes exit=0 a0=3 a1=5a157973bc90 a2=10 a3=0 items=0 ppid=1560 pid=1562 auid=4294967295 uid=0 gid=0 euid=0 suid=0 fsuid=0 egid=0 sgid=0 fsgid=0 tty=(none) ses=4294967295 comm="apache2" exe="/usr/sbin/apache2" subj=unconfined key="T1043_Commonly_Used_Port"ARCH=x86_64 SYSCALL=connect AUID="unset" UID="root" GID="root" EUID="root" SUID="root" FSUID="root" EGID="root" SGID="root" FSGID="root"
type=SOCKADDR msg=audit(1773063913.355:2260): saddr=02000000000000000000000000000000SADDR={ saddr_fam=inet laddr=0.0.0.0 lport=0 }
type=PROCTITLE msg=audit(1773063913.355:2260): proctitle=2F7573722F7362696E2F61706163686532002D74
type=SYSCALL msg=audit(1773063913.368:2261): arch=c000003e syscall=42 success=yes exit=0 a0=3 a1=5a15797606c0 a2=1c a3=0 items=0 ppid=1560 pid=1562 auid=4294967295 uid=0 gid=0 euid=0 suid=0 fsuid=0 egid=0 sgid=0 fsgid=0 tty=(none) ses=4294967295 comm="apache2" exe="/usr/sbin/apache2" subj=unconfined key="T1043_Commonly_Used_Port"ARCH=x86_64 SYSCALL=connect AUID="unset" UID="root" GID="root" EUID="root" SUID="root" FSUID="root" EGID="root" SGID="root" FSGID="root"
type=SOCKADDR msg=audit(1773063913.368:2261): saddr=0A000050000000000000000000000000000000000000000000000000SADDR={ saddr_fam=inet6 laddr=:: lport=80 }
type=PROCTITLE msg=audit(1773063913.368:2261): proctitle=2F7573722F7362696E2F61706163686532002D74
type=SYSCALL msg=audit(1773063913.368:2262): arch=c000003e syscall=42 success=yes exit=0 a0=3 a1=7ffc3721d8c0 a2=10 a3=0 items=0 ppid=1560 pid=1562 auid=4294967295 uid=0 gid=0 euid=0 suid=0 fsuid=0 egid=0 sgid=0 fsgid=0 tty=(none) ses=4294967295 comm="apache2" exe="/usr/sbin/apache2" subj=unconfined key="T1043_Commonly_Used_Port"ARCH=x86_64 SYSCALL=connect AUID="unset" UID="root" GID="root" EUID="root" SUID="root" FSUID="root" EGID="root" SGID="root" FSGID="root"
type=SOCKADDR msg=audit(1773063913.368:2262): saddr=00000000000000000000000000000000SADDR=unknown-family(0)
type=PROCTITLE msg=audit(1773063913.368:2262): proctitle=2F7573722F7362696E2F61706163686532002D74
type=SYSCALL msg=audit(1773063913.368:2263): arch=c000003e syscall=42 success=yes exit=0 a0=3 a1=5a157975fe00 a2=10 a3=0 items=0 ppid=1560 pid=1562 auid=4294967295 uid=0 gid=0 euid=0 suid=0 fsuid=0 egid=0 sgid=0 fsgid=0 tty=(none) ses=4294967295 comm="apache2" exe="/usr/sbin/apache2" subj=unconfined key="T1043_Commonly_Used_Port"ARCH=x86_64 SYSCALL=connect AUID="unset" UID="root" GID="root" EUID="root" SUID="root" FSUID="root" EGID="root" SGID="root" FSGID="root"
type=SOCKADDR msg=audit(1773063913.368:2263): saddr=02000050000000000000000000000000SADDR={ saddr_fam=inet laddr=0.0.0.0 lport=80 }
type=PROCTITLE msg=audit(1773063913.368:2263): proctitle=2F7573722F7362696E2F61706163686532002D74
type=SYSCALL msg=audit(1773063913.368:2264): arch=c000003e syscall=42 success=yes exit=0 a0=5 a1=5a15797606c0 a2=1c a3=0 items=0 ppid=1560 pid=1562 auid=4294967295 uid=0 gid=0 euid=0 suid=0 fsuid=0 egid=0 sgid=0 fsgid=0 tty=(none) ses=4294967295 comm="apache2" exe="/usr/sbin/apache2" subj=unconfined key="T1043_Commonly_Used_Port"ARCH=x86_64 SYSCALL=connect AUID="unset" UID="root" GID="root" EUID="root" SUID="root" FSUID="root" EGID="root" SGID="root" FSGID="root"
type=SOCKADDR msg=audit(1773063913.368:2264): saddr=0A000050000000000000000000000000000000000000000000000000SADDR={ saddr_fam=inet6 laddr=:: lport=80 }
type=PROCTITLE msg=audit(1773063913.368:2264): proctitle=2F7573722F7362696E2F61706163686532002D74
type=SYSCALL msg=audit(1773063913.368:2265): arch=c000003e syscall=42 success=yes exit=0 a0=5 a1=7ffc3721d860 a2=10 a3=0 items=0 ppid=1560 pid=1562 auid=4294967295 uid=0 gid=0 euid=0 suid=0 fsuid=0 egid=0 sgid=0 fsgid=0 tty=(none) ses=4294967295 comm="apache2" exe="/usr/sbin/apache2" subj=unconfined key="T1043_Commonly_Used_Port"ARCH=x86_64 SYSCALL=connect AUID="unset" UID="root" GID="root" EUID="root" SUID="root" FSUID="root" EGID="root" SGID="root" FSGID="root"
type=SOCKADDR msg=audit(1773063913.368:2265): saddr=00000000000000000000000000000000SADDR=unknown-family(0)
type=PROCTITLE msg=audit(1773063913.368:2265): proctitle=2F7573722F7362696E2F61706163686532002D74
type=SYSCALL msg=audit(1773063913.368:2266): arch=c000003e syscall=42 success=yes exit=0 a0=5 a1=5a157975fe00 a2=10 a3=0 items=0 ppid=1560 pid=1562 auid=4294967295 uid=0 gid=0 euid=0 suid=0 fsuid=0 egid=0 sgid=0 fsgid=0 tty=(none) ses=4294967295 comm="apache2" exe="/usr/sbin/apache2" subj=unconfined key="T1043_Commonly_Used_Port"ARCH=x86_64 SYSCALL=connect AUID="unset" UID="root" GID="root" EUID="root" SUID="root" FSUID="root" EGID="root" SGID="root" FSGID="root"
type=SOCKADDR msg=audit(1773063913.368:2266): saddr=02000050000000000000000000000000SADDR={ saddr_fam=inet laddr=0.0.0.0 lport=80 }
type=PROCTITLE msg=audit(1773063913.368:2266): proctitle=2F7573722F7362696E2F61706163686532002D74
type=SYSCALL msg=audit(1773063913.368:2267): arch=c000003e syscall=42 success=yes exit=0 a0=5 a1=5a15797606c0 a2=1c a3=0 items=0 ppid=1560 pid=1562 auid=4294967295 uid=0 gid=0 euid=0 suid=0 fsuid=0 egid=0 sgid=0 fsgid=0 tty=(none) ses=4294967295 comm="apache2" exe="/usr/sbin/apache2" subj=unconfined key="T1043_Commonly_Used_Port"ARCH=x86_64 SYSCALL=connect AUID="unset" UID="root" GID="root" EUID="root" SUID="root" FSUID="root" EGID="root" SGID="root" FSGID="root"
type=SOCKADDR msg=audit(1773063913.368:2267): saddr=0A000050000000000000000000000000000000000000000000000000SADDR={ saddr_fam=inet6 laddr=:: lport=80 }
type=PROCTITLE msg=audit(1773063913.368:2267): proctitle=2F7573722F7362696E2F61706163686532002D74
type=SYSCALL msg=audit(1773063913.368:2268): arch=c000003e syscall=42 success=yes exit=0 a0=5 a1=7ffc3721d860 a2=10 a3=0 items=0 ppid=1560 pid=1562 auid=4294967295 uid=0 gid=0 euid=0 suid=0 fsuid=0 egid=0 sgid=0 fsgid=0 tty=(none) ses=4294967295 comm="apache2" exe="/usr/sbin/apache2" subj=unconfined key="T1043_Commonly_Used_Port"ARCH=x86_64 SYSCALL=connect AUID="unset" UID="root" GID="root" EUID="root" SUID="root" FSUID="root" EGID="root" SGID="root" FSGID="root"
type=SOCKADDR msg=audit(1773063913.368:2268): saddr=00000000000000000000000000000000SADDR=unknown-family(0)
type=PROCTITLE msg=audit(1773063913.368:2268): proctitle=2F7573722F7362696E2F61706163686532002D74
type=SYSCALL msg=audit(1773063913.368:2269): arch=c000003e syscall=42 success=yes exit=0 a0=5 a1=5a157975fe00 a2=10 a3=0 items=0 ppid=1560 pid=1562 auid=4294967295 uid=0 gid=0 euid=0 suid=0 fsuid=0 egid=0 sgid=0 fsgid=0 tty=(none) ses=4294967295 comm="apache2" exe="/usr/sbin/apache2" subj=unconfined key="T1043_Commonly_Used_Port"ARCH=x86_64 SYSCALL=connect AUID="unset" UID="root" GID="root" EUID="root" SUID="root" FSUID="root" EGID="root" SGID="root" FSGID="root"
type=SOCKADDR msg=audit(1773063913.368:2269): saddr=02000050000000000000000000000000SADDR={ saddr_fam=inet laddr=0.0.0.0 lport=80 }
type=PROCTITLE msg=audit(1773063913.368:2269): proctitle=2F7573722F7362696E2F61706163686532002D74
type=SYSCALL msg=audit(1773063913.368:2270): arch=c000003e syscall=42 success=yes exit=0 a0=5 a1=7c079160b694 a2=10 a3=7ffc3721b3c4 items=0 ppid=1560 pid=1562 auid=4294967295 uid=0 gid=0 euid=0 suid=0 fsuid=0 egid=0 sgid=0 fsgid=0 tty=(none) ses=4294967295 comm="apache2" exe="/usr/sbin/apache2" subj=unconfined key="T1043_Commonly_Used_Port"ARCH=x86_64 SYSCALL=connect AUID="unset" UID="root" GID="root" EUID="root" SUID="root" FSUID="root" EGID="root" SGID="root" FSGID="root"
type=SOCKADDR msg=audit(1773063913.368:2270): saddr=020000357F0000350000000000000000SADDR={ saddr_fam=inet laddr=127.0.0.53 lport=53 }
type=PROCTITLE msg=audit(1773063913.368:2270): proctitle=2F7573722F7362696E2F61706163686532002D74
type=SYSCALL msg=audit(1773063913.387:2271): arch=c000003e syscall=42 success=yes exit=0 a0=5 a1=7c079160b694 a2=10 a3=7ffc3721b3c4 items=0 ppid=1560 pid=1562 auid=4294967295 uid=0 gid=0 euid=0 suid=0 fsuid=0 egid=0 sgid=0 fsgid=0 tty=(none) ses=4294967295 comm="apache2" exe="/usr/sbin/apache2" subj=unconfined key="T1043_Commonly_Used_Port"ARCH=x86_64 SYSCALL=connect AUID="unset" UID="root" GID="root" EUID="root" SUID="root" FSUID="root" EGID="root" SGID="root" FSGID="root"
type=SOCKADDR msg=audit(1773063913.387:2271): saddr=020000357F0000350000000000000000SADDR={ saddr_fam=inet laddr=127.0.0.53 lport=53 }
type=PROCTITLE msg=audit(1773063913.387:2271): proctitle=2F7573722F7362696E2F61706163686532002D74
type=SYSCALL msg=audit(1773063913.388:2272): arch=c000003e syscall=42 success=yes exit=0 a0=5 a1=5a157975fe00 a2=10 a3=0 items=0 ppid=1560 pid=1562 auid=4294967295 uid=0 gid=0 euid=0 suid=0 fsuid=0 egid=0 sgid=0 fsgid=0 tty=(none) ses=4294967295 comm="apache2" exe="/usr/sbin/apache2" subj=unconfined key="T1043_Commonly_Used_Port"ARCH=x86_64 SYSCALL=connect AUID="unset" UID="root" GID="root" EUID="root" SUID="root" FSUID="root" EGID="root" SGID="root" FSGID="root"
type=SOCKADDR msg=audit(1773063913.388:2272): saddr=020000000A00020F0000000000000000SADDR={ saddr_fam=inet laddr=10.0.2.15 lport=0 }
type=PROCTITLE msg=audit(1773063913.388:2272): proctitle=2F7573722F7362696E2F61706163686532002D74
type=SYSCALL msg=audit(1773063913.388:2273): arch=c000003e syscall=42 success=yes exit=0 a0=5 a1=7ffc3721d2b0 a2=10 a3=0 items=0 ppid=1560 pid=1562 auid=4294967295 uid=0 gid=0 euid=0 suid=0 fsuid=0 egid=0 sgid=0 fsgid=0 tty=(none) ses=4294967295 comm="apache2" exe="/usr/sbin/apache2" subj=unconfined key="T1043_Commonly_Used_Port"ARCH=x86_64 SYSCALL=connect AUID="unset" UID="root" GID="root" EUID="root" SUID="root" FSUID="root" EGID="root" SGID="root" FSGID="root"
type=SOCKADDR msg=audit(1773063913.388:2273): saddr=00000000000000000000000000000000SADDR=unknown-family(0)
type=PROCTITLE msg=audit(1773063913.388:2273): proctitle=2F7573722F7362696E2F61706163686532002D74
type=SYSCALL msg=audit(1773063913.388:2274): arch=c000003e syscall=42 success=yes exit=0 a0=5 a1=5a15797667a0 a2=10 a3=0 items=0 ppid=1560 pid=1562 auid=4294967295 uid=0 gid=0 euid=0 suid=0 fsuid=0 egid=0 sgid=0 fsgid=0 tty=(none) ses=4294967295 comm="apache2" exe="/usr/sbin/apache2" subj=unconfined key="T1043_Commonly_Used_Port"ARCH=x86_64 SYSCALL=connect AUID="unset" UID="root" GID="root" EUID="root" SUID="root" FSUID="root" EGID="root" SGID="root" FSGID="root"
type=SOCKADDR msg=audit(1773063913.388:2274): saddr=02000000C0A8C7060000000000000000SADDR={ saddr_fam=inet laddr=192.168.199.6 lport=0 }
type=PROCTITLE msg=audit(1773063913.388:2274): proctitle=2F7573722F7362696E2F61706163686532002D74
type=SYSCALL msg=audit(1773063913.388:2275): arch=c000003e syscall=42 success=yes exit=0 a0=5 a1=5a15797606c0 a2=1c a3=0 items=0 ppid=1560 pid=1562 auid=4294967295 uid=0 gid=0 euid=0 suid=0 fsuid=0 egid=0 sgid=0 fsgid=0 tty=(none) ses=4294967295 comm="apache2" exe="/usr/sbin/apache2" subj=unconfined key="T1043_Commonly_Used_Port"ARCH=x86_64 SYSCALL=connect AUID="unset" UID="root" GID="root" EUID="root" SUID="root" FSUID="root" EGID="root" SGID="root" FSGID="root"
type=SOCKADDR msg=audit(1773063913.388:2275): saddr=0A00000000000000FD17625CF03700020A0027FFFED8540D00000000SADDR={ saddr_fam=inet6 laddr=fd17:625c:f037:2:a00:27ff:fed8:540d lport=0 }
type=PROCTITLE msg=audit(1773063913.388:2275): proctitle=2F7573722F7362696E2F61706163686532002D74
type=SYSCALL msg=audit(1773063913.388:2276): arch=c000003e syscall=42 success=yes exit=0 a0=5 a1=7ffc3721d2b0 a2=10 a3=0 items=0 ppid=1560 pid=1562 auid=4294967295 uid=0 gid=0 euid=0 suid=0 fsuid=0 egid=0 sgid=0 fsgid=0 tty=(none) ses=4294967295 comm="apache2" exe="/usr/sbin/apache2" subj=unconfined key="T1043_Commonly_Used_Port"ARCH=x86_64 SYSCALL=connect AUID="unset" UID="root" GID="root" EUID="root" SUID="root" FSUID="root" EGID="root" SGID="root" FSGID="root"
type=SOCKADDR msg=audit(1773063913.388:2276): saddr=00000000000000000000000000000000SADDR=unknown-family(0)
type=PROCTITLE msg=audit(1773063913.388:2276): proctitle=2F7573722F7362696E2F61706163686532002D74
type=SYSCALL msg=audit(1773063913.388:2277): arch=c000003e syscall=42 success=no exit=-22 a0=5 a1=5a15797667f0 a2=1c a3=0 items=0 ppid=1560 pid=1562 auid=4294967295 uid=0 gid=0 euid=0 suid=0 fsuid=0 egid=0 sgid=0 fsgid=0 tty=(none) ses=4294967295 comm="apache2" exe="/usr/sbin/apache2" subj=unconfined key="T1043_Commonly_Used_Port"ARCH=x86_64 SYSCALL=connect AUID="unset" UID="root" GID="root" EUID="root" SUID="root" FSUID="root" EGID="root" SGID="root" FSGID="root"
type=SOCKADDR msg=audit(1773063913.388:2277): saddr=0A00000000000000FE800000000000000A0027FFFED8540D00000000SADDR={ saddr_fam=inet6 laddr=fe80::a00:27ff:fed8:540d lport=0 }
type=PROCTITLE msg=audit(1773063913.388:2277): proctitle=2F7573722F7362696E2F61706163686532002D74
type=SYSCALL msg=audit(1773063913.388:2278): arch=c000003e syscall=42 success=yes exit=0 a0=5 a1=7ffc3721d2b0 a2=10 a3=0 items=0 ppid=1560 pid=1562 auid=4294967295 uid=0 gid=0 euid=0 suid=0 fsuid=0 egid=0 sgid=0 fsgid=0 tty=(none) ses=4294967295 comm="apache2" exe="/usr/sbin/apache2" subj=unconfined key="T1043_Commonly_Used_Port"ARCH=x86_64 SYSCALL=connect AUID="unset" UID="root" GID="root" EUID="root" SUID="root" FSUID="root" EGID="root" SGID="root" FSGID="root"
type=SOCKADDR msg=audit(1773063913.388:2278): saddr=00000000000000000000000000000000SADDR=unknown-family(0)
type=PROCTITLE msg=audit(1773063913.388:2278): proctitle=2F7573722F7362696E2F61706163686532002D74
type=SYSCALL msg=audit(1773063913.388:2279): arch=c000003e syscall=42 success=no exit=-22 a0=5 a1=5a1579766850 a2=1c a3=0 items=0 ppid=1560 pid=1562 auid=4294967295 uid=0 gid=0 euid=0 suid=0 fsuid=0 egid=0 sgid=0 fsgid=0 tty=(none) ses=4294967295 comm="apache2" exe="/usr/sbin/apache2" subj=unconfined key="T1043_Commonly_Used_Port"ARCH=x86_64 SYSCALL=connect AUID="unset" UID="root" GID="root" EUID="root" SUID="root" FSUID="root" EGID="root" SGID="root" FSGID="root"
type=SOCKADDR msg=audit(1773063913.388:2279): saddr=0A00000000000000FE800000000000000A0027FFFE4B6CA600000000SADDR={ saddr_fam=inet6 laddr=fe80::a00:27ff:fe4b:6ca6 lport=0 }
type=PROCTITLE msg=audit(1773063913.388:2279): proctitle=2F7573722F7362696E2F61706163686532002D74
type=SYSCALL msg=audit(1773063913.388:2280): arch=c000003e syscall=42 success=yes exit=0 a0=5 a1=7c079160b694 a2=10 a3=7ffc3721bad4 items=0 ppid=1560 pid=1562 auid=4294967295 uid=0 gid=0 euid=0 suid=0 fsuid=0 egid=0 sgid=0 fsgid=0 tty=(none) ses=4294967295 comm="apache2" exe="/usr/sbin/apache2" subj=unconfined key="T1043_Commonly_Used_Port"ARCH=x86_64 SYSCALL=connect AUID="unset" UID="root" GID="root" EUID="root" SUID="root" FSUID="root" EGID="root" SGID="root" FSGID="root"
type=SOCKADDR msg=audit(1773063913.388:2280): saddr=020000357F0000350000000000000000SADDR={ saddr_fam=inet laddr=127.0.0.53 lport=53 }
type=PROCTITLE msg=audit(1773063913.388:2280): proctitle=2F7573722F7362696E2F61706163686532002D74
type=SYSCALL msg=audit(1773063913.407:2281): arch=c000003e syscall=59 success=yes exit=0 a0=5b7a4f6f3970 a1=5b7a4f6f52c0 a2=5b7a4f6f52e0 a3=8 items=2 ppid=1560 pid=1563 auid=4294967295 uid=0 gid=0 euid=0 suid=0 fsuid=0 egid=0 sgid=0 fsgid=0 tty=(none) ses=4294967295 comm="apache2" exe="/usr/sbin/apache2" subj=unconfined key="T1078_Valid_Accounts"ARCH=x86_64 SYSCALL=execve AUID="unset" UID="root" GID="root" EUID="root" SUID="root" FSUID="root" EGID="root" SGID="root" FSGID="root"
type=EXECVE msg=audit(1773063913.407:2281): argc=3 a0="/usr/sbin/apache2" a1="-k" a2="graceful"
type=PATH msg=audit(1773063913.407:2281): item=0 name="/usr/sbin/apache2" inode=1457163 dev=08:02 mode=0100755 ouid=0 ogid=0 rdev=00:00 nametype=NORMAL cap_fp=0 cap_fi=0 cap_fe=0 cap_fver=0 cap_frootid=0OUID="root" OGID="root"
type=PATH msg=audit(1773063913.407:2281): item=1 name="/lib64/ld-linux-x86-64.so.2" inode=1481429 dev=08:02 mode=0100755 ouid=0 ogid=0 rdev=00:00 nametype=NORMAL cap_fp=0 cap_fi=0 cap_fe=0 cap_fver=0 cap_frootid=0OUID="root" OGID="root"
type=PROCTITLE msg=audit(1773063913.407:2281): proctitle=2F7573722F7362696E2F61706163686532002D6B00677261636566756C
type=SYSCALL msg=audit(1773063913.417:2282): arch=c000003e syscall=42 success=yes exit=0 a0=3 a1=64401f9f2c30 a2=1c a3=0 items=0 ppid=1560 pid=1563 auid=4294967295 uid=0 gid=0 euid=0 suid=0 fsuid=0 egid=0 sgid=0 fsgid=0 tty=(none) ses=4294967295 comm="apache2" exe="/usr/sbin/apache2" subj=unconfined key="T1043_Commonly_Used_Port"ARCH=x86_64 SYSCALL=connect AUID="unset" UID="root" GID="root" EUID="root" SUID="root" FSUID="root" EGID="root" SGID="root" FSGID="root"
type=SOCKADDR msg=audit(1773063913.417:2282): saddr=0A000000000000000000000000000000000000000000000000000000SADDR={ saddr_fam=inet6 laddr=:: lport=0 }
type=PROCTITLE msg=audit(1773063913.417:2282): proctitle=2F7573722F7362696E2F61706163686532002D6B00677261636566756C
type=SYSCALL msg=audit(1773063913.417:2283): arch=c000003e syscall=42 success=yes exit=0 a0=3 a1=7ffe794e62b0 a2=10 a3=0 items=0 ppid=1560 pid=1563 auid=4294967295 uid=0 gid=0 euid=0 suid=0 fsuid=0 egid=0 sgid=0 fsgid=0 tty=(none) ses=4294967295 comm="apache2" exe="/usr/sbin/apache2" subj=unconfined key="T1043_Commonly_Used_Port"ARCH=x86_64 SYSCALL=connect AUID="unset" UID="root" GID="root" EUID="root" SUID="root" FSUID="root" EGID="root" SGID="root" FSGID="root"
type=SOCKADDR msg=audit(1773063913.417:2283): saddr=00000000000000000000000000000000SADDR=unknown-family(0)
type=PROCTITLE msg=audit(1773063913.417:2283): proctitle=2F7573722F7362696E2F61706163686532002D6B00677261636566756C
type=SYSCALL msg=audit(1773063913.417:2284): arch=c000003e syscall=42 success=yes exit=0 a0=3 a1=64401f9f2c90 a2=10 a3=0 items=0 ppid=1560 pid=1563 auid=4294967295 uid=0 gid=0 euid=0 suid=0 fsuid=0 egid=0 sgid=0 fsgid=0 tty=(none) ses=4294967295 comm="apache2" exe="/usr/sbin/apache2" subj=unconfined key="T1043_Commonly_Used_Port"ARCH=x86_64 SYSCALL=connect AUID="unset" UID="root" GID="root" EUID="root" SUID="root" FSUID="root" EGID="root" SGID="root" FSGID="root"
type=SOCKADDR msg=audit(1773063913.417:2284): saddr=02000000000000000000000000000000SADDR={ saddr_fam=inet laddr=0.0.0.0 lport=0 }
type=PROCTITLE msg=audit(1773063913.417:2284): proctitle=2F7573722F7362696E2F61706163686532002D6B00677261636566756C
type=SYSCALL msg=audit(1773063913.431:2285): arch=c000003e syscall=42 success=yes exit=0 a0=3 a1=64401fa176c0 a2=1c a3=0 items=0 ppid=1560 pid=1563 auid=4294967295 uid=0 gid=0 euid=0 suid=0 fsuid=0 egid=0 sgid=0 fsgid=0 tty=(none) ses=4294967295 comm="apache2" exe="/usr/sbin/apache2" subj=unconfined key="T1043_Commonly_Used_Port"ARCH=x86_64 SYSCALL=connect AUID="unset" UID="root" GID="root" EUID="root" SUID="root" FSUID="root" EGID="root" SGID="root" FSGID="root"
type=SOCKADDR msg=audit(1773063913.431:2285): saddr=0A000050000000000000000000000000000000000000000000000000SADDR={ saddr_fam=inet6 laddr=:: lport=80 }
type=PROCTITLE msg=audit(1773063913.431:2285): proctitle=2F7573722F7362696E2F61706163686532002D6B00677261636566756C
type=SYSCALL msg=audit(1773063913.431:2286): arch=c000003e syscall=42 success=yes exit=0 a0=3 a1=7ffe794e5f40 a2=10 a3=0 items=0 ppid=1560 pid=1563 auid=4294967295 uid=0 gid=0 euid=0 suid=0 fsuid=0 egid=0 sgid=0 fsgid=0 tty=(none) ses=4294967295 comm="apache2" exe="/usr/sbin/apache2" subj=unconfined key="T1043_Commonly_Used_Port"ARCH=x86_64 SYSCALL=connect AUID="unset" UID="root" GID="root" EUID="root" SUID="root" FSUID="root" EGID="root" SGID="root" FSGID="root"
type=SOCKADDR msg=audit(1773063913.431:2286): saddr=00000000000000000000000000000000SADDR=unknown-family(0)
type=PROCTITLE msg=audit(1773063913.431:2286): proctitle=2F7573722F7362696E2F61706163686532002D6B00677261636566756C
type=SYSCALL msg=audit(1773063913.431:2287): arch=c000003e syscall=42 success=yes exit=0 a0=3 a1=64401fa16e00 a2=10 a3=0 items=0 ppid=1560 pid=1563 auid=4294967295 uid=0 gid=0 euid=0 suid=0 fsuid=0 egid=0 sgid=0 fsgid=0 tty=(none) ses=4294967295 comm="apache2" exe="/usr/sbin/apache2" subj=unconfined key="T1043_Commonly_Used_Port"ARCH=x86_64 SYSCALL=connect AUID="unset" UID="root" GID="root" EUID="root" SUID="root" FSUID="root" EGID="root" SGID="root" FSGID="root"
type=SOCKADDR msg=audit(1773063913.431:2287): saddr=02000050000000000000000000000000SADDR={ saddr_fam=inet laddr=0.0.0.0 lport=80 }
type=PROCTITLE msg=audit(1773063913.431:2287): proctitle=2F7573722F7362696E2F61706163686532002D6B00677261636566756C
type=SYSCALL msg=audit(1773063913.432:2288): arch=c000003e syscall=42 success=yes exit=0 a0=5 a1=64401fa176c0 a2=1c a3=0 items=0 ppid=1560 pid=1563 auid=4294967295 uid=0 gid=0 euid=0 suid=0 fsuid=0 egid=0 sgid=0 fsgid=0 tty=(none) ses=4294967295 comm="apache2" exe="/usr/sbin/apache2" subj=unconfined key="T1043_Commonly_Used_Port"ARCH=x86_64 SYSCALL=connect AUID="unset" UID="root" GID="root" EUID="root" SUID="root" FSUID="root" EGID="root" SGID="root" FSGID="root"
type=SOCKADDR msg=audit(1773063913.432:2288): saddr=0A000050000000000000000000000000000000000000000000000000SADDR={ saddr_fam=inet6 laddr=:: lport=80 }
type=PROCTITLE msg=audit(1773063913.432:2288): proctitle=2F7573722F7362696E2F61706163686532002D6B00677261636566756C
type=SYSCALL msg=audit(1773063913.432:2289): arch=c000003e syscall=42 success=yes exit=0 a0=5 a1=7ffe794e5ee0 a2=10 a3=0 items=0 ppid=1560 pid=1563 auid=4294967295 uid=0 gid=0 euid=0 suid=0 fsuid=0 egid=0 sgid=0 fsgid=0 tty=(none) ses=4294967295 comm="apache2" exe="/usr/sbin/apache2" subj=unconfined key="T1043_Commonly_Used_Port"ARCH=x86_64 SYSCALL=connect AUID="unset" UID="root" GID="root" EUID="root" SUID="root" FSUID="root" EGID="root" SGID="root" FSGID="root"
type=SOCKADDR msg=audit(1773063913.432:2289): saddr=00000000000000000000000000000000SADDR=unknown-family(0)
type=PROCTITLE msg=audit(1773063913.432:2289): proctitle=2F7573722F7362696E2F61706163686532002D6B00677261636566756C
type=SYSCALL msg=audit(1773063913.432:2290): arch=c000003e syscall=42 success=yes exit=0 a0=5 a1=64401fa16e00 a2=10 a3=0 items=0 ppid=1560 pid=1563 auid=4294967295 uid=0 gid=0 euid=0 suid=0 fsuid=0 egid=0 sgid=0 fsgid=0 tty=(none) ses=4294967295 comm="apache2" exe="/usr/sbin/apache2" subj=unconfined key="T1043_Commonly_Used_Port"ARCH=x86_64 SYSCALL=connect AUID="unset" UID="root" GID="root" EUID="root" SUID="root" FSUID="root" EGID="root" SGID="root" FSGID="root"
type=SOCKADDR msg=audit(1773063913.432:2290): saddr=02000050000000000000000000000000SADDR={ saddr_fam=inet laddr=0.0.0.0 lport=80 }
type=PROCTITLE msg=audit(1773063913.432:2290): proctitle=2F7573722F7362696E2F61706163686532002D6B00677261636566756C
type=SYSCALL msg=audit(1773063913.432:2291): arch=c000003e syscall=42 success=yes exit=0 a0=5 a1=64401fa176c0 a2=1c a3=0 items=0 ppid=1560 pid=1563 auid=4294967295 uid=0 gid=0 euid=0 suid=0 fsuid=0 egid=0 sgid=0 fsgid=0 tty=(none) ses=4294967295 comm="apache2" exe="/usr/sbin/apache2" subj=unconfined key="T1043_Commonly_Used_Port"ARCH=x86_64 SYSCALL=connect AUID="unset" UID="root" GID="root" EUID="root" SUID="root" FSUID="root" EGID="root" SGID="root" FSGID="root"
type=SOCKADDR msg=audit(1773063913.432:2291): saddr=0A000050000000000000000000000000000000000000000000000000SADDR={ saddr_fam=inet6 laddr=:: lport=80 }
type=PROCTITLE msg=audit(1773063913.432:2291): proctitle=2F7573722F7362696E2F61706163686532002D6B00677261636566756C
type=SYSCALL msg=audit(1773063913.432:2292): arch=c000003e syscall=42 success=yes exit=0 a0=5 a1=7ffe794e5ee0 a2=10 a3=0 items=0 ppid=1560 pid=1563 auid=4294967295 uid=0 gid=0 euid=0 suid=0 fsuid=0 egid=0 sgid=0 fsgid=0 tty=(none) ses=4294967295 comm="apache2" exe="/usr/sbin/apache2" subj=unconfined key="T1043_Commonly_Used_Port"ARCH=x86_64 SYSCALL=connect AUID="unset" UID="root" GID="root" EUID="root" SUID="root" FSUID="root" EGID="root" SGID="root" FSGID="root"
type=SOCKADDR msg=audit(1773063913.432:2292): saddr=00000000000000000000000000000000SADDR=unknown-family(0)
type=PROCTITLE msg=audit(1773063913.432:2292): proctitle=2F7573722F7362696E2F61706163686532002D6B00677261636566756C
type=SYSCALL msg=audit(1773063913.432:2293): arch=c000003e syscall=42 success=yes exit=0 a0=5 a1=64401fa16e00 a2=10 a3=0 items=0 ppid=1560 pid=1563 auid=4294967295 uid=0 gid=0 euid=0 suid=0 fsuid=0 egid=0 sgid=0 fsgid=0 tty=(none) ses=4294967295 comm="apache2" exe="/usr/sbin/apache2" subj=unconfined key="T1043_Commonly_Used_Port"ARCH=x86_64 SYSCALL=connect AUID="unset" UID="root" GID="root" EUID="root" SUID="root" FSUID="root" EGID="root" SGID="root" FSGID="root"
type=SOCKADDR msg=audit(1773063913.432:2293): saddr=02000050000000000000000000000000SADDR={ saddr_fam=inet laddr=0.0.0.0 lport=80 }
type=PROCTITLE msg=audit(1773063913.432:2293): proctitle=2F7573722F7362696E2F61706163686532002D6B00677261636566756C
type=SYSCALL msg=audit(1773063913.432:2294): arch=c000003e syscall=42 success=yes exit=0 a0=5 a1=7dd79280b694 a2=10 a3=7ffe794e3a44 items=0 ppid=1560 pid=1563 auid=4294967295 uid=0 gid=0 euid=0 suid=0 fsuid=0 egid=0 sgid=0 fsgid=0 tty=(none) ses=4294967295 comm="apache2" exe="/usr/sbin/apache2" subj=unconfined key="T1043_Commonly_Used_Port"ARCH=x86_64 SYSCALL=connect AUID="unset" UID="root" GID="root" EUID="root" SUID="root" FSUID="root" EGID="root" SGID="root" FSGID="root"
type=SOCKADDR msg=audit(1773063913.432:2294): saddr=020000357F0000350000000000000000SADDR={ saddr_fam=inet laddr=127.0.0.53 lport=53 }
type=PROCTITLE msg=audit(1773063913.432:2294): proctitle=2F7573722F7362696E2F61706163686532002D6B00677261636566756C
type=SYSCALL msg=audit(1773063913.437:2295): arch=c000003e syscall=42 success=yes exit=0 a0=5 a1=7dd79280b694 a2=10 a3=7ffe794e3a44 items=0 ppid=1560 pid=1563 auid=4294967295 uid=0 gid=0 euid=0 suid=0 fsuid=0 egid=0 sgid=0 fsgid=0 tty=(none) ses=4294967295 comm="apache2" exe="/usr/sbin/apache2" subj=unconfined key="T1043_Commonly_Used_Port"ARCH=x86_64 SYSCALL=connect AUID="unset" UID="root" GID="root" EUID="root" SUID="root" FSUID="root" EGID="root" SGID="root" FSGID="root"
type=SOCKADDR msg=audit(1773063913.437:2295): saddr=020000357F0000350000000000000000SADDR={ saddr_fam=inet laddr=127.0.0.53 lport=53 }
type=PROCTITLE msg=audit(1773063913.437:2295): proctitle=2F7573722F7362696E2F61706163686532002D6B00677261636566756C
type=SYSCALL msg=audit(1773063913.438:2296): arch=c000003e syscall=42 success=yes exit=0 a0=5 a1=64401fa16e00 a2=10 a3=0 items=0 ppid=1560 pid=1563 auid=4294967295 uid=0 gid=0 euid=0 suid=0 fsuid=0 egid=0 sgid=0 fsgid=0 tty=(none) ses=4294967295 comm="apache2" exe="/usr/sbin/apache2" subj=unconfined key="T1043_Commonly_Used_Port"ARCH=x86_64 SYSCALL=connect AUID="unset" UID="root" GID="root" EUID="root" SUID="root" FSUID="root" EGID="root" SGID="root" FSGID="root"
type=SOCKADDR msg=audit(1773063913.438:2296): saddr=020000000A00020F0000000000000000SADDR={ saddr_fam=inet laddr=10.0.2.15 lport=0 }
type=PROCTITLE msg=audit(1773063913.438:2296): proctitle=2F7573722F7362696E2F61706163686532002D6B00677261636566756C
type=SYSCALL msg=audit(1773063913.438:2297): arch=c000003e syscall=42 success=yes exit=0 a0=5 a1=7ffe794e5930 a2=10 a3=0 items=0 ppid=1560 pid=1563 auid=4294967295 uid=0 gid=0 euid=0 suid=0 fsuid=0 egid=0 sgid=0 fsgid=0 tty=(none) ses=4294967295 comm="apache2" exe="/usr/sbin/apache2" subj=unconfined key="T1043_Commonly_Used_Port"ARCH=x86_64 SYSCALL=connect AUID="unset" UID="root" GID="root" EUID="root" SUID="root" FSUID="root" EGID="root" SGID="root" FSGID="root"
type=SOCKADDR msg=audit(1773063913.438:2297): saddr=00000000000000000000000000000000SADDR=unknown-family(0)
type=PROCTITLE msg=audit(1773063913.438:2297): proctitle=2F7573722F7362696E2F61706163686532002D6B00677261636566756C
type=SYSCALL msg=audit(1773063913.438:2298): arch=c000003e syscall=42 success=yes exit=0 a0=5 a1=64401fa1d7a0 a2=10 a3=0 items=0 ppid=1560 pid=1563 auid=4294967295 uid=0 gid=0 euid=0 suid=0 fsuid=0 egid=0 sgid=0 fsgid=0 tty=(none) ses=4294967295 comm="apache2" exe="/usr/sbin/apache2" subj=unconfined key="T1043_Commonly_Used_Port"ARCH=x86_64 SYSCALL=connect AUID="unset" UID="root" GID="root" EUID="root" SUID="root" FSUID="root" EGID="root" SGID="root" FSGID="root"
type=SOCKADDR msg=audit(1773063913.438:2298): saddr=02000000C0A8C7060000000000000000SADDR={ saddr_fam=inet laddr=192.168.199.6 lport=0 }
type=PROCTITLE msg=audit(1773063913.438:2298): proctitle=2F7573722F7362696E2F61706163686532002D6B00677261636566756C
type=SYSCALL msg=audit(1773063913.438:2299): arch=c000003e syscall=42 success=yes exit=0 a0=5 a1=64401fa176c0 a2=1c a3=0 items=0 ppid=1560 pid=1563 auid=4294967295 uid=0 gid=0 euid=0 suid=0 fsuid=0 egid=0 sgid=0 fsgid=0 tty=(none) ses=4294967295 comm="apache2" exe="/usr/sbin/apache2" subj=unconfined key="T1043_Commonly_Used_Port"ARCH=x86_64 SYSCALL=connect AUID="unset" UID="root" GID="root" EUID="root" SUID="root" FSUID="root" EGID="root" SGID="root" FSGID="root"
type=SOCKADDR msg=audit(1773063913.438:2299): saddr=0A00000000000000FD17625CF03700020A0027FFFED8540D00000000SADDR={ saddr_fam=inet6 laddr=fd17:625c:f037:2:a00:27ff:fed8:540d lport=0 }
type=PROCTITLE msg=audit(1773063913.438:2299): proctitle=2F7573722F7362696E2F61706163686532002D6B00677261636566756C
type=SYSCALL msg=audit(1773063913.438:2300): arch=c000003e syscall=42 success=yes exit=0 a0=5 a1=7ffe794e5930 a2=10 a3=0 items=0 ppid=1560 pid=1563 auid=4294967295 uid=0 gid=0 euid=0 suid=0 fsuid=0 egid=0 sgid=0 fsgid=0 tty=(none) ses=4294967295 comm="apache2" exe="/usr/sbin/apache2" subj=unconfined key="T1043_Commonly_Used_Port"ARCH=x86_64 SYSCALL=connect AUID="unset" UID="root" GID="root" EUID="root" SUID="root" FSUID="root" EGID="root" SGID="root" FSGID="root"
type=SOCKADDR msg=audit(1773063913.438:2300): saddr=00000000000000000000000000000000SADDR=unknown-family(0)
type=PROCTITLE msg=audit(1773063913.438:2300): proctitle=2F7573722F7362696E2F61706163686532002D6B00677261636566756C
type=SYSCALL msg=audit(1773063913.438:2301): arch=c000003e syscall=42 success=no exit=-22 a0=5 a1=64401fa1d7f0 a2=1c a3=0 items=0 ppid=1560 pid=1563 auid=4294967295 uid=0 gid=0 euid=0 suid=0 fsuid=0 egid=0 sgid=0 fsgid=0 tty=(none) ses=4294967295 comm="apache2" exe="/usr/sbin/apache2" subj=unconfined key="T1043_Commonly_Used_Port"ARCH=x86_64 SYSCALL=connect AUID="unset" UID="root" GID="root" EUID="root" SUID="root" FSUID="root" EGID="root" SGID="root" FSGID="root"
type=SOCKADDR msg=audit(1773063913.438:2301): saddr=0A00000000000000FE800000000000000A0027FFFED8540D00000000SADDR={ saddr_fam=inet6 laddr=fe80::a00:27ff:fed8:540d lport=0 }
type=PROCTITLE msg=audit(1773063913.438:2301): proctitle=2F7573722F7362696E2F61706163686532002D6B00677261636566756C
type=SYSCALL msg=audit(1773063913.438:2302): arch=c000003e syscall=42 success=yes exit=0 a0=5 a1=7ffe794e5930 a2=10 a3=0 items=0 ppid=1560 pid=1563 auid=4294967295 uid=0 gid=0 euid=0 suid=0 fsuid=0 egid=0 sgid=0 fsgid=0 tty=(none) ses=4294967295 comm="apache2" exe="/usr/sbin/apache2" subj=unconfined key="T1043_Commonly_Used_Port"ARCH=x86_64 SYSCALL=connect AUID="unset" UID="root" GID="root" EUID="root" SUID="root" FSUID="root" EGID="root" SGID="root" FSGID="root"
type=SOCKADDR msg=audit(1773063913.438:2302): saddr=00000000000000000000000000000000SADDR=unknown-family(0)
type=PROCTITLE msg=audit(1773063913.438:2302): proctitle=2F7573722F7362696E2F61706163686532002D6B00677261636566756C
type=SYSCALL msg=audit(1773063913.438:2303): arch=c000003e syscall=42 success=no exit=-22 a0=5 a1=64401fa1d850 a2=1c a3=0 items=0 ppid=1560 pid=1563 auid=4294967295 uid=0 gid=0 euid=0 suid=0 fsuid=0 egid=0 sgid=0 fsgid=0 tty=(none) ses=4294967295 comm="apache2" exe="/usr/sbin/apache2" subj=unconfined key="T1043_Commonly_Used_Port"ARCH=x86_64 SYSCALL=connect AUID="unset" UID="root" GID="root" EUID="root" SUID="root" FSUID="root" EGID="root" SGID="root" FSGID="root"
type=SOCKADDR msg=audit(1773063913.438:2303): saddr=0A00000000000000FE800000000000000A0027FFFE4B6CA600000000SADDR={ saddr_fam=inet6 laddr=fe80::a00:27ff:fe4b:6ca6 lport=0 }
type=PROCTITLE msg=audit(1773063913.438:2303): proctitle=2F7573722F7362696E2F61706163686532002D6B00677261636566756C
type=SYSCALL msg=audit(1773063913.438:2304): arch=c000003e syscall=42 success=yes exit=0 a0=5 a1=7dd79280b694 a2=10 a3=7ffe794e4154 items=0 ppid=1560 pid=1563 auid=4294967295 uid=0 gid=0 euid=0 suid=0 fsuid=0 egid=0 sgid=0 fsgid=0 tty=(none) ses=4294967295 comm="apache2" exe="/usr/sbin/apache2" subj=unconfined key="T1043_Commonly_Used_Port"ARCH=x86_64 SYSCALL=connect AUID="unset" UID="root" GID="root" EUID="root" SUID="root" FSUID="root" EGID="root" SGID="root" FSGID="root"
type=SOCKADDR msg=audit(1773063913.438:2304): saddr=020000357F0000350000000000000000SADDR={ saddr_fam=inet laddr=127.0.0.53 lport=53 }
type=PROCTITLE msg=audit(1773063913.438:2304): proctitle=2F7573722F7362696E2F61706163686532002D6B00677261636566756C
type=SYSCALL msg=audit(1773063913.491:2305): arch=c000003e syscall=42 success=yes exit=0 a0=5 a1=57e5f8840430 a2=1c a3=0 items=0 ppid=1 pid=1424 auid=4294967295 uid=0 gid=0 euid=0 suid=0 fsuid=0 egid=0 sgid=0 fsgid=0 tty=(none) ses=4294967295 comm="apache2" exe="/usr/sbin/apache2" subj=unconfined key="T1043_Commonly_Used_Port"ARCH=x86_64 SYSCALL=connect AUID="unset" UID="root" GID="root" EUID="root" SUID="root" FSUID="root" EGID="root" SGID="root" FSGID="root"
type=SOCKADDR msg=audit(1773063913.491:2305): saddr=0A000000000000000000000000000000000000000000000000000000SADDR={ saddr_fam=inet6 laddr=:: lport=0 }
type=PROCTITLE msg=audit(1773063913.491:2305): proctitle=2F7573722F7362696E2F61706163686532002D6B007374617274
type=SYSCALL msg=audit(1773063913.492:2306): arch=c000003e syscall=42 success=yes exit=0 a0=5 a1=7fff0456f970 a2=10 a3=0 items=0 ppid=1 pid=1424 auid=4294967295 uid=0 gid=0 euid=0 suid=0 fsuid=0 egid=0 sgid=0 fsgid=0 tty=(none) ses=4294967295 comm="apache2" exe="/usr/sbin/apache2" subj=unconfined key="T1043_Commonly_Used_Port"ARCH=x86_64 SYSCALL=connect AUID="unset" UID="root" GID="root" EUID="root" SUID="root" FSUID="root" EGID="root" SGID="root" FSGID="root"
type=SOCKADDR msg=audit(1773063913.492:2306): saddr=00000000000000000000000000000000SADDR=unknown-family(0)
type=PROCTITLE msg=audit(1773063913.492:2306): proctitle=2F7573722F7362696E2F61706163686532002D6B007374617274
type=SYSCALL msg=audit(1773063913.492:2307): arch=c000003e syscall=42 success=yes exit=0 a0=5 a1=57e5f8718f90 a2=10 a3=0 items=0 ppid=1 pid=1424 auid=4294967295 uid=0 gid=0 euid=0 suid=0 fsuid=0 egid=0 sgid=0 fsgid=0 tty=(none) ses=4294967295 comm="apache2" exe="/usr/sbin/apache2" subj=unconfined key="T1043_Commonly_Used_Port"ARCH=x86_64 SYSCALL=connect AUID="unset" UID="root" GID="root" EUID="root" SUID="root" FSUID="root" EGID="root" SGID="root" FSGID="root"
type=SOCKADDR msg=audit(1773063913.492:2307): saddr=02000000000000000000000000000000SADDR={ saddr_fam=inet laddr=0.0.0.0 lport=0 }
type=PROCTITLE msg=audit(1773063913.492:2307): proctitle=2F7573722F7362696E2F61706163686532002D6B007374617274
type=SYSCALL msg=audit(1773063913.496:2308): arch=c000003e syscall=42 success=yes exit=0 a0=5 a1=57e5f8840430 a2=1c a3=0 items=0 ppid=1 pid=1424 auid=4294967295 uid=0 gid=0 euid=0 suid=0 fsuid=0 egid=0 sgid=0 fsgid=0 tty=(none) ses=4294967295 comm="apache2" exe="/usr/sbin/apache2" subj=unconfined key="T1043_Commonly_Used_Port"ARCH=x86_64 SYSCALL=connect AUID="unset" UID="root" GID="root" EUID="root" SUID="root" FSUID="root" EGID="root" SGID="root" FSGID="root"
type=SOCKADDR msg=audit(1773063913.496:2308): saddr=0A000050000000000000000000000000000000000000000000000000SADDR={ saddr_fam=inet6 laddr=:: lport=80 }
type=PROCTITLE msg=audit(1773063913.496:2308): proctitle=2F7573722F7362696E2F61706163686532002D6B007374617274
type=SYSCALL msg=audit(1773063913.496:2309): arch=c000003e syscall=42 success=yes exit=0 a0=5 a1=7fff0456f5a0 a2=10 a3=0 items=0 ppid=1 pid=1424 auid=4294967295 uid=0 gid=0 euid=0 suid=0 fsuid=0 egid=0 sgid=0 fsgid=0 tty=(none) ses=4294967295 comm="apache2" exe="/usr/sbin/apache2" subj=unconfined key="T1043_Commonly_Used_Port"ARCH=x86_64 SYSCALL=connect AUID="unset" UID="root" GID="root" EUID="root" SUID="root" FSUID="root" EGID="root" SGID="root" FSGID="root"
type=SOCKADDR msg=audit(1773063913.496:2309): saddr=00000000000000000000000000000000SADDR=unknown-family(0)
type=PROCTITLE msg=audit(1773063913.496:2309): proctitle=2F7573722F7362696E2F61706163686532002D6B007374617274
type=SYSCALL msg=audit(1773063913.496:2310): arch=c000003e syscall=42 success=yes exit=0 a0=5 a1=57e5f8b099f0 a2=10 a3=0 items=0 ppid=1 pid=1424 auid=4294967295 uid=0 gid=0 euid=0 suid=0 fsuid=0 egid=0 sgid=0 fsgid=0 tty=(none) ses=4294967295 comm="apache2" exe="/usr/sbin/apache2" subj=unconfined key="T1043_Commonly_Used_Port"ARCH=x86_64 SYSCALL=connect AUID="unset" UID="root" GID="root" EUID="root" SUID="root" FSUID="root" EGID="root" SGID="root" FSGID="root"
type=SOCKADDR msg=audit(1773063913.496:2310): saddr=02000050000000000000000000000000SADDR={ saddr_fam=inet laddr=0.0.0.0 lport=80 }
type=PROCTITLE msg=audit(1773063913.496:2310): proctitle=2F7573722F7362696E2F61706163686532002D6B007374617274
type=SYSCALL msg=audit(1773063913.496:2311): arch=c000003e syscall=42 success=yes exit=0 a0=5 a1=57e5f8840430 a2=1c a3=0 items=0 ppid=1 pid=1424 auid=4294967295 uid=0 gid=0 euid=0 suid=0 fsuid=0 egid=0 sgid=0 fsgid=0 tty=(none) ses=4294967295 comm="apache2" exe="/usr/sbin/apache2" subj=unconfined key="T1043_Commonly_Used_Port"ARCH=x86_64 SYSCALL=connect AUID="unset" UID="root" GID="root" EUID="root" SUID="root" FSUID="root" EGID="root" SGID="root" FSGID="root"
type=SOCKADDR msg=audit(1773063913.496:2311): saddr=0A000050000000000000000000000000000000000000000000000000SADDR={ saddr_fam=inet6 laddr=:: lport=80 }
type=PROCTITLE msg=audit(1773063913.496:2311): proctitle=2F7573722F7362696E2F61706163686532002D6B007374617274
type=SYSCALL msg=audit(1773063913.496:2312): arch=c000003e syscall=42 success=yes exit=0 a0=5 a1=7fff0456f5a0 a2=10 a3=0 items=0 ppid=1 pid=1424 auid=4294967295 uid=0 gid=0 euid=0 suid=0 fsuid=0 egid=0 sgid=0 fsgid=0 tty=(none) ses=4294967295 comm="apache2" exe="/usr/sbin/apache2" subj=unconfined key="T1043_Commonly_Used_Port"ARCH=x86_64 SYSCALL=connect AUID="unset" UID="root" GID="root" EUID="root" SUID="root" FSUID="root" EGID="root" SGID="root" FSGID="root"
type=SOCKADDR msg=audit(1773063913.496:2312): saddr=00000000000000000000000000000000SADDR=unknown-family(0)
type=PROCTITLE msg=audit(1773063913.496:2312): proctitle=2F7573722F7362696E2F61706163686532002D6B007374617274
type=SYSCALL msg=audit(1773063913.496:2313): arch=c000003e syscall=42 success=yes exit=0 a0=5 a1=57e5f8b099f0 a2=10 a3=0 items=0 ppid=1 pid=1424 auid=4294967295 uid=0 gid=0 euid=0 suid=0 fsuid=0 egid=0 sgid=0 fsgid=0 tty=(none) ses=4294967295 comm="apache2" exe="/usr/sbin/apache2" subj=unconfined key="T1043_Commonly_Used_Port"ARCH=x86_64 SYSCALL=connect AUID="unset" UID="root" GID="root" EUID="root" SUID="root" FSUID="root" EGID="root" SGID="root" FSGID="root"
type=SOCKADDR msg=audit(1773063913.496:2313): saddr=02000050000000000000000000000000SADDR={ saddr_fam=inet laddr=0.0.0.0 lport=80 }
type=PROCTITLE msg=audit(1773063913.496:2313): proctitle=2F7573722F7362696E2F61706163686532002D6B007374617274
type=SYSCALL msg=audit(1773063913.496:2314): arch=c000003e syscall=42 success=yes exit=0 a0=5 a1=74a4ca80b694 a2=10 a3=7fff0456d104 items=0 ppid=1 pid=1424 auid=4294967295 uid=0 gid=0 euid=0 suid=0 fsuid=0 egid=0 sgid=0 fsgid=0 tty=(none) ses=4294967295 comm="apache2" exe="/usr/sbin/apache2" subj=unconfined key="T1043_Commonly_Used_Port"ARCH=x86_64 SYSCALL=connect AUID="unset" UID="root" GID="root" EUID="root" SUID="root" FSUID="root" EGID="root" SGID="root" FSGID="root"
type=SOCKADDR msg=audit(1773063913.496:2314): saddr=020000357F0000350000000000000000SADDR={ saddr_fam=inet laddr=127.0.0.53 lport=53 }
type=PROCTITLE msg=audit(1773063913.496:2314): proctitle=2F7573722F7362696E2F61706163686532002D6B007374617274
type=SYSCALL msg=audit(1773063913.501:2315): arch=c000003e syscall=42 success=yes exit=0 a0=5 a1=74a4ca80b694 a2=10 a3=7fff0456d104 items=0 ppid=1 pid=1424 auid=4294967295 uid=0 gid=0 euid=0 suid=0 fsuid=0 egid=0 sgid=0 fsgid=0 tty=(none) ses=4294967295 comm="apache2" exe="/usr/sbin/apache2" subj=unconfined key="T1043_Commonly_Used_Port"ARCH=x86_64 SYSCALL=connect AUID="unset" UID="root" GID="root" EUID="root" SUID="root" FSUID="root" EGID="root" SGID="root" FSGID="root"
type=SOCKADDR msg=audit(1773063913.501:2315): saddr=020000357F0000350000000000000000SADDR={ saddr_fam=inet laddr=127.0.0.53 lport=53 }
type=PROCTITLE msg=audit(1773063913.501:2315): proctitle=2F7573722F7362696E2F61706163686532002D6B007374617274
type=SYSCALL msg=audit(1773063913.501:2316): arch=c000003e syscall=42 success=yes exit=0 a0=5 a1=57e5f8b099f0 a2=10 a3=0 items=0 ppid=1 pid=1424 auid=4294967295 uid=0 gid=0 euid=0 suid=0 fsuid=0 egid=0 sgid=0 fsgid=0 tty=(none) ses=4294967295 comm="apache2" exe="/usr/sbin/apache2" subj=unconfined key="T1043_Commonly_Used_Port"ARCH=x86_64 SYSCALL=connect AUID="unset" UID="root" GID="root" EUID="root" SUID="root" FSUID="root" EGID="root" SGID="root" FSGID="root"
type=SOCKADDR msg=audit(1773063913.501:2316): saddr=020000000A00020F0000000000000000SADDR={ saddr_fam=inet laddr=10.0.2.15 lport=0 }
type=PROCTITLE msg=audit(1773063913.501:2316): proctitle=2F7573722F7362696E2F61706163686532002D6B007374617274
type=SYSCALL msg=audit(1773063913.501:2317): arch=c000003e syscall=42 success=yes exit=0 a0=5 a1=7fff0456eff0 a2=10 a3=0 items=0 ppid=1 pid=1424 auid=4294967295 uid=0 gid=0 euid=0 suid=0 fsuid=0 egid=0 sgid=0 fsgid=0 tty=(none) ses=4294967295 comm="apache2" exe="/usr/sbin/apache2" subj=unconfined key="T1043_Commonly_Used_Port"ARCH=x86_64 SYSCALL=connect AUID="unset" UID="root" GID="root" EUID="root" SUID="root" FSUID="root" EGID="root" SGID="root" FSGID="root"
type=SOCKADDR msg=audit(1773063913.501:2317): saddr=00000000000000000000000000000000SADDR=unknown-family(0)
type=PROCTITLE msg=audit(1773063913.501:2317): proctitle=2F7573722F7362696E2F61706163686532002D6B007374617274
type=SYSCALL msg=audit(1773063913.501:2318): arch=c000003e syscall=42 success=yes exit=0 a0=5 a1=57e5f8b09a80 a2=10 a3=0 items=0 ppid=1 pid=1424 auid=4294967295 uid=0 gid=0 euid=0 suid=0 fsuid=0 egid=0 sgid=0 fsgid=0 tty=(none) ses=4294967295 comm="apache2" exe="/usr/sbin/apache2" subj=unconfined key="T1043_Commonly_Used_Port"ARCH=x86_64 SYSCALL=connect AUID="unset" UID="root" GID="root" EUID="root" SUID="root" FSUID="root" EGID="root" SGID="root" FSGID="root"
type=SOCKADDR msg=audit(1773063913.501:2318): saddr=02000000C0A8C7060000000000000000SADDR={ saddr_fam=inet laddr=192.168.199.6 lport=0 }
type=PROCTITLE msg=audit(1773063913.501:2318): proctitle=2F7573722F7362696E2F61706163686532002D6B007374617274
type=SYSCALL msg=audit(1773063913.501:2319): arch=c000003e syscall=42 success=yes exit=0 a0=5 a1=57e5f8840430 a2=1c a3=0 items=0 ppid=1 pid=1424 auid=4294967295 uid=0 gid=0 euid=0 suid=0 fsuid=0 egid=0 sgid=0 fsgid=0 tty=(none) ses=4294967295 comm="apache2" exe="/usr/sbin/apache2" subj=unconfined key="T1043_Commonly_Used_Port"ARCH=x86_64 SYSCALL=connect AUID="unset" UID="root" GID="root" EUID="root" SUID="root" FSUID="root" EGID="root" SGID="root" FSGID="root"
type=SOCKADDR msg=audit(1773063913.501:2319): saddr=0A00000000000000FD17625CF03700020A0027FFFED8540D00000000SADDR={ saddr_fam=inet6 laddr=fd17:625c:f037:2:a00:27ff:fed8:540d lport=0 }
type=PROCTITLE msg=audit(1773063913.501:2319): proctitle=2F7573722F7362696E2F61706163686532002D6B007374617274
type=SYSCALL msg=audit(1773063913.501:2320): arch=c000003e syscall=42 success=yes exit=0 a0=5 a1=7fff0456eff0 a2=10 a3=0 items=0 ppid=1 pid=1424 auid=4294967295 uid=0 gid=0 euid=0 suid=0 fsuid=0 egid=0 sgid=0 fsgid=0 tty=(none) ses=4294967295 comm="apache2" exe="/usr/sbin/apache2" subj=unconfined key="T1043_Commonly_Used_Port"ARCH=x86_64 SYSCALL=connect AUID="unset" UID="root" GID="root" EUID="root" SUID="root" FSUID="root" EGID="root" SGID="root" FSGID="root"
type=SOCKADDR msg=audit(1773063913.501:2320): saddr=00000000000000000000000000000000SADDR=unknown-family(0)
type=PROCTITLE msg=audit(1773063913.501:2320): proctitle=2F7573722F7362696E2F61706163686532002D6B007374617274
type=SYSCALL msg=audit(1773063913.501:2321): arch=c000003e syscall=42 success=no exit=-22 a0=5 a1=57e5f8aea780 a2=1c a3=0 items=0 ppid=1 pid=1424 auid=4294967295 uid=0 gid=0 euid=0 suid=0 fsuid=0 egid=0 sgid=0 fsgid=0 tty=(none) ses=4294967295 comm="apache2" exe="/usr/sbin/apache2" subj=unconfined key="T1043_Commonly_Used_Port"ARCH=x86_64 SYSCALL=connect AUID="unset" UID="root" GID="root" EUID="root" SUID="root" FSUID="root" EGID="root" SGID="root" FSGID="root"
type=SOCKADDR msg=audit(1773063913.501:2321): saddr=0A00000000000000FE800000000000000A0027FFFED8540D00000000SADDR={ saddr_fam=inet6 laddr=fe80::a00:27ff:fed8:540d lport=0 }
type=PROCTITLE msg=audit(1773063913.501:2321): proctitle=2F7573722F7362696E2F61706163686532002D6B007374617274
type=SYSCALL msg=audit(1773063913.501:2322): arch=c000003e syscall=42 success=yes exit=0 a0=5 a1=7fff0456eff0 a2=10 a3=0 items=0 ppid=1 pid=1424 auid=4294967295 uid=0 gid=0 euid=0 suid=0 fsuid=0 egid=0 sgid=0 fsgid=0 tty=(none) ses=4294967295 comm="apache2" exe="/usr/sbin/apache2" subj=unconfined key="T1043_Commonly_Used_Port"ARCH=x86_64 SYSCALL=connect AUID="unset" UID="root" GID="root" EUID="root" SUID="root" FSUID="root" EGID="root" SGID="root" FSGID="root"
type=SOCKADDR msg=audit(1773063913.501:2322): saddr=00000000000000000000000000000000SADDR=unknown-family(0)
type=PROCTITLE msg=audit(1773063913.501:2322): proctitle=2F7573722F7362696E2F61706163686532002D6B007374617274
type=SYSCALL msg=audit(1773063913.502:2323): arch=c000003e syscall=42 success=no exit=-22 a0=5 a1=57e5f8aea470 a2=1c a3=0 items=0 ppid=1 pid=1424 auid=4294967295 uid=0 gid=0 euid=0 suid=0 fsuid=0 egid=0 sgid=0 fsgid=0 tty=(none) ses=4294967295 comm="apache2" exe="/usr/sbin/apache2" subj=unconfined key="T1043_Commonly_Used_Port"ARCH=x86_64 SYSCALL=connect AUID="unset" UID="root" GID="root" EUID="root" SUID="root" FSUID="root" EGID="root" SGID="root" FSGID="root"
type=SOCKADDR msg=audit(1773063913.502:2323): saddr=0A00000000000000FE800000000000000A0027FFFE4B6CA600000000SADDR={ saddr_fam=inet6 laddr=fe80::a00:27ff:fe4b:6ca6 lport=0 }
type=PROCTITLE msg=audit(1773063913.502:2323): proctitle=2F7573722F7362696E2F61706163686532002D6B007374617274
type=SYSCALL msg=audit(1773063913.502:2324): arch=c000003e syscall=42 success=yes exit=0 a0=5 a1=74a4ca80b694 a2=10 a3=7fff0456d814 items=0 ppid=1 pid=1424 auid=4294967295 uid=0 gid=0 euid=0 suid=0 fsuid=0 egid=0 sgid=0 fsgid=0 tty=(none) ses=4294967295 comm="apache2" exe="/usr/sbin/apache2" subj=unconfined key="T1043_Commonly_Used_Port"ARCH=x86_64 SYSCALL=connect AUID="unset" UID="root" GID="root" EUID="root" SUID="root" FSUID="root" EGID="root" SGID="root" FSGID="root"
type=SOCKADDR msg=audit(1773063913.502:2324): saddr=020000357F0000350000000000000000SADDR={ saddr_fam=inet laddr=127.0.0.53 lport=53 }
type=PROCTITLE msg=audit(1773063913.502:2324): proctitle=2F7573722F7362696E2F61706163686532002D6B007374617274
type=SYSCALL msg=audit(1773063913.544:2325): arch=c000003e syscall=106 success=yes exit=0 a0=21 a1=74a4ca8eb4a0 a2=0 a3=22 items=0 ppid=1424 pid=1565 auid=4294967295 uid=0 gid=33 euid=0 suid=0 fsuid=0 egid=33 sgid=33 fsgid=33 tty=(none) ses=4294967295 comm="apache2" exe="/usr/sbin/apache2" subj=unconfined key="T1166_Seuid_and_Setgid"ARCH=x86_64 SYSCALL=setgid AUID="unset" UID="root" GID="www-data" EUID="root" SUID="root" FSUID="root" EGID="www-data" SGID="www-data" FSGID="www-data"
type=PROCTITLE msg=audit(1773063913.544:2325): proctitle=2F7573722F7362696E2F61706163686532002D6B007374617274
type=SYSCALL msg=audit(1773063913.544:2326): arch=c000003e syscall=42 success=yes exit=0 a0=e a1=7fff0456fde0 a2=2d a3=57e5f8b17730 items=1 ppid=1424 pid=1565 auid=4294967295 uid=0 gid=33 euid=0 suid=0 fsuid=0 egid=33 sgid=33 fsgid=33 tty=(none) ses=4294967295 comm="apache2" exe="/usr/sbin/apache2" subj=unconfined key="T1043_Commonly_Used_Port"ARCH=x86_64 SYSCALL=connect AUID="unset" UID="root" GID="www-data" EUID="root" SUID="root" FSUID="root" EGID="www-data" SGID="www-data" FSGID="www-data"
type=SYSCALL msg=audit(1773063913.544:2327): arch=c000003e syscall=106 success=yes exit=0 a0=21 a1=74a4ca8eb4a0 a2=0 a3=22 items=0 ppid=1424 pid=1566 auid=4294967295 uid=0 gid=33 euid=0 suid=0 fsuid=0 egid=33 sgid=33 fsgid=33 tty=(none) ses=4294967295 comm="apache2" exe="/usr/sbin/apache2" subj=unconfined key="T1166_Seuid_and_Setgid"ARCH=x86_64 SYSCALL=setgid AUID="unset" UID="root" GID="www-data" EUID="root" SUID="root" FSUID="root" EGID="www-data" SGID="www-data" FSGID="www-data"
type=SOCKADDR msg=audit(1773063913.544:2326): saddr=01002F72756E2F73797374656D642F7573657264622F696F2E73797374656D642E44796E616D69635573657200SADDR={ saddr_fam=local path=/run/systemd/userdb/io.systemd.DynamicUser }
type=PATH msg=audit(1773063913.544:2326): item=0 name="/run/systemd/userdb/io.systemd.DynamicUser" inode=451 dev=00:18 mode=0140666 ouid=0 ogid=0 rdev=00:00 nametype=NORMAL cap_fp=0 cap_fi=0 cap_fe=0 cap_fver=0 cap_frootid=0OUID="root" OGID="root"
type=PROCTITLE msg=audit(1773063913.544:2326): proctitle=2F7573722F7362696E2F61706163686532002D6B007374617274
type=PROCTITLE msg=audit(1773063913.544:2327): proctitle=2F7573722F7362696E2F61706163686532002D6B007374617274
type=SYSCALL msg=audit(1773063913.545:2328): arch=c000003e syscall=105 success=yes exit=0 a0=21 a1=57e5f8950840 a2=57e086eef4a0 a3=57e5f8950850 items=0 ppid=1424 pid=1565 auid=4294967295 uid=33 gid=33 euid=33 suid=33 fsuid=33 egid=33 sgid=33 fsgid=33 tty=(none) ses=4294967295 comm="apache2" exe="/usr/sbin/apache2" subj=unconfined key="T1166_Seuid_and_Setgid"ARCH=x86_64 SYSCALL=setuid AUID="unset" UID="www-data" GID="www-data" EUID="www-data" SUID="www-data" FSUID="www-data" EGID="www-data" SGID="www-data" FSGID="www-data"
type=PROCTITLE msg=audit(1773063913.545:2328): proctitle=2F7573722F7362696E2F61706163686532002D6B007374617274
type=SYSCALL msg=audit(1773063913.547:2329): arch=c000003e syscall=106 success=yes exit=0 a0=21 a1=74a4ca8eb4a0 a2=0 a3=22 items=0 ppid=1424 pid=1567 auid=4294967295 uid=0 gid=33 euid=0 suid=0 fsuid=0 egid=33 sgid=33 fsgid=33 tty=(none) ses=4294967295 comm="apache2" exe="/usr/sbin/apache2" subj=unconfined key="T1166_Seuid_and_Setgid"ARCH=x86_64 SYSCALL=setgid AUID="unset" UID="root" GID="www-data" EUID="root" SUID="root" FSUID="root" EGID="www-data" SGID="www-data" FSGID="www-data"
type=PROCTITLE msg=audit(1773063913.547:2329): proctitle=2F7573722F7362696E2F61706163686532002D6B007374617274
type=SYSCALL msg=audit(1773063913.548:2330): arch=c000003e syscall=42 success=yes exit=0 a0=e a1=7fff0456fde0 a2=2d a3=57e5f8b17730 items=1 ppid=1424 pid=1566 auid=4294967295 uid=0 gid=33 euid=0 suid=0 fsuid=0 egid=33 sgid=33 fsgid=33 tty=(none) ses=4294967295 comm="apache2" exe="/usr/sbin/apache2" subj=unconfined key="T1043_Commonly_Used_Port"ARCH=x86_64 SYSCALL=connect AUID="unset" UID="root" GID="www-data" EUID="root" SUID="root" FSUID="root" EGID="www-data" SGID="www-data" FSGID="www-data"
type=SOCKADDR msg=audit(1773063913.548:2330): saddr=01002F72756E2F73797374656D642F7573657264622F696F2E73797374656D642E44796E616D69635573657200SADDR={ saddr_fam=local path=/run/systemd/userdb/io.systemd.DynamicUser }
type=PATH msg=audit(1773063913.548:2330): item=0 name="/run/systemd/userdb/io.systemd.DynamicUser" inode=451 dev=00:18 mode=0140666 ouid=0 ogid=0 rdev=00:00 nametype=NORMAL cap_fp=0 cap_fi=0 cap_fe=0 cap_fver=0 cap_frootid=0OUID="root" OGID="root"
type=SYSCALL msg=audit(1773063913.548:2331): arch=c000003e syscall=42 success=yes exit=0 a0=e a1=7fff0456fde0 a2=2d a3=57e5f8b17730 items=1 ppid=1424 pid=1567 auid=4294967295 uid=0 gid=33 euid=0 suid=0 fsuid=0 egid=33 sgid=33 fsgid=33 tty=(none) ses=4294967295 comm="apache2" exe="/usr/sbin/apache2" subj=unconfined key="T1043_Commonly_Used_Port"ARCH=x86_64 SYSCALL=connect AUID="unset" UID="root" GID="www-data" EUID="root" SUID="root" FSUID="root" EGID="www-data" SGID="www-data" FSGID="www-data"
type=PROCTITLE msg=audit(1773063913.548:2330): proctitle=2F7573722F7362696E2F61706163686532002D6B007374617274
type=SOCKADDR msg=audit(1773063913.548:2331): saddr=01002F72756E2F73797374656D642F7573657264622F696F2E73797374656D642E44796E616D69635573657200SADDR={ saddr_fam=local path=/run/systemd/userdb/io.systemd.DynamicUser }
type=PATH msg=audit(1773063913.548:2331): item=0 name="/run/systemd/userdb/io.systemd.DynamicUser" inode=451 dev=00:18 mode=0140666 ouid=0 ogid=0 rdev=00:00 nametype=NORMAL cap_fp=0 cap_fi=0 cap_fe=0 cap_fver=0 cap_frootid=0OUID="root" OGID="root"
type=PROCTITLE msg=audit(1773063913.548:2331): proctitle=2F7573722F7362696E2F61706163686532002D6B007374617274
type=SYSCALL msg=audit(1773063913.549:2332): arch=c000003e syscall=105 success=yes exit=0 a0=21 a1=57e5f8950840 a2=57e086eef4a0 a3=57e5f8950850 items=0 ppid=1424 pid=1567 auid=4294967295 uid=33 gid=33 euid=33 suid=33 fsuid=33 egid=33 sgid=33 fsgid=33 tty=(none) ses=4294967295 comm="apache2" exe="/usr/sbin/apache2" subj=unconfined key="T1166_Seuid_and_Setgid"ARCH=x86_64 SYSCALL=setuid AUID="unset" UID="www-data" GID="www-data" EUID="www-data" SUID="www-data" FSUID="www-data" EGID="www-data" SGID="www-data" FSGID="www-data"
type=PROCTITLE msg=audit(1773063913.549:2332): proctitle=2F7573722F7362696E2F61706163686532002D6B007374617274
type=SYSCALL msg=audit(1773063913.550:2333): arch=c000003e syscall=105 success=yes exit=0 a0=21 a1=57e5f8950840 a2=57e086eef4a0 a3=57e5f8950850 items=0 ppid=1424 pid=1566 auid=4294967295 uid=33 gid=33 euid=33 suid=33 fsuid=33 egid=33 sgid=33 fsgid=33 tty=(none) ses=4294967295 comm="apache2" exe="/usr/sbin/apache2" subj=unconfined key="T1166_Seuid_and_Setgid"ARCH=x86_64 SYSCALL=setuid AUID="unset" UID="www-data" GID="www-data" EUID="www-data" SUID="www-data" FSUID="www-data" EGID="www-data" SGID="www-data" FSGID="www-data"
type=PROCTITLE msg=audit(1773063913.550:2333): proctitle=2F7573722F7362696E2F61706163686532002D6B007374617274
type=SYSCALL msg=audit(1773063913.551:2334): arch=c000003e syscall=106 success=yes exit=0 a0=21 a1=74a4ca8eb4a0 a2=0 a3=22 items=0 ppid=1424 pid=1568 auid=4294967295 uid=0 gid=33 euid=0 suid=0 fsuid=0 egid=33 sgid=33 fsgid=33 tty=(none) ses=4294967295 comm="apache2" exe="/usr/sbin/apache2" subj=unconfined key="T1166_Seuid_and_Setgid"ARCH=x86_64 SYSCALL=setgid AUID="unset" UID="root" GID="www-data" EUID="root" SUID="root" FSUID="root" EGID="www-data" SGID="www-data" FSGID="www-data"
type=PROCTITLE msg=audit(1773063913.551:2334): proctitle=2F7573722F7362696E2F61706163686532002D6B007374617274
type=SYSCALL msg=audit(1773063913.553:2335): arch=c000003e syscall=106 success=yes exit=0 a0=21 a1=74a4ca8eb4a0 a2=0 a3=22 items=0 ppid=1424 pid=1569 auid=4294967295 uid=0 gid=33 euid=0 suid=0 fsuid=0 egid=33 sgid=33 fsgid=33 tty=(none) ses=4294967295 comm="apache2" exe="/usr/sbin/apache2" subj=unconfined key="T1166_Seuid_and_Setgid"ARCH=x86_64 SYSCALL=setgid AUID="unset" UID="root" GID="www-data" EUID="root" SUID="root" FSUID="root" EGID="www-data" SGID="www-data" FSGID="www-data"
type=PROCTITLE msg=audit(1773063913.553:2335): proctitle=2F7573722F7362696E2F61706163686532002D6B007374617274
type=SYSCALL msg=audit(1773063913.553:2336): arch=c000003e syscall=42 success=yes exit=0 a0=e a1=7fff0456fde0 a2=2d a3=57e5f8b17730 items=1 ppid=1424 pid=1568 auid=4294967295 uid=0 gid=33 euid=0 suid=0 fsuid=0 egid=33 sgid=33 fsgid=33 tty=(none) ses=4294967295 comm="apache2" exe="/usr/sbin/apache2" subj=unconfined key="T1043_Commonly_Used_Port"ARCH=x86_64 SYSCALL=connect AUID="unset" UID="root" GID="www-data" EUID="root" SUID="root" FSUID="root" EGID="www-data" SGID="www-data" FSGID="www-data"
type=SOCKADDR msg=audit(1773063913.553:2336): saddr=01002F72756E2F73797374656D642F7573657264622F696F2E73797374656D642E44796E616D69635573657200SADDR={ saddr_fam=local path=/run/systemd/userdb/io.systemd.DynamicUser }
type=PATH msg=audit(1773063913.553:2336): item=0 name="/run/systemd/userdb/io.systemd.DynamicUser" inode=451 dev=00:18 mode=0140666 ouid=0 ogid=0 rdev=00:00 nametype=NORMAL cap_fp=0 cap_fi=0 cap_fe=0 cap_fver=0 cap_frootid=0OUID="root" OGID="root"
type=PROCTITLE msg=audit(1773063913.553:2336): proctitle=2F7573722F7362696E2F61706163686532002D6B007374617274
type=SYSCALL msg=audit(1773063913.556:2338): arch=c000003e syscall=42 success=yes exit=0 a0=e a1=7fff0456fde0 a2=2d a3=57e5f8b17730 items=1 ppid=1424 pid=1569 auid=4294967295 uid=0 gid=33 euid=0 suid=0 fsuid=0 egid=33 sgid=33 fsgid=33 tty=(none) ses=4294967295 comm="apache2" exe="/usr/sbin/apache2" subj=unconfined key="T1043_Commonly_Used_Port"ARCH=x86_64 SYSCALL=connect AUID="unset" UID="root" GID="www-data" EUID="root" SUID="root" FSUID="root" EGID="www-data" SGID="www-data" FSGID="www-data"
type=SOCKADDR msg=audit(1773063913.556:2338): saddr=01002F72756E2F73797374656D642F7573657264622F696F2E73797374656D642E44796E616D69635573657200SADDR={ saddr_fam=local path=/run/systemd/userdb/io.systemd.DynamicUser }
type=PATH msg=audit(1773063913.556:2338): item=0 name="/run/systemd/userdb/io.systemd.DynamicUser" inode=451 dev=00:18 mode=0140666 ouid=0 ogid=0 rdev=00:00 nametype=NORMAL cap_fp=0 cap_fi=0 cap_fe=0 cap_fver=0 cap_frootid=0OUID="root" OGID="root"
type=PROCTITLE msg=audit(1773063913.556:2338): proctitle=2F7573722F7362696E2F61706163686532002D6B007374617274
type=SYSCALL msg=audit(1773063913.556:2337): arch=c000003e syscall=105 success=yes exit=0 a0=21 a1=57e5f8950840 a2=57e086eef4a0 a3=57e5f8950850 items=0 ppid=1424 pid=1568 auid=4294967295 uid=33 gid=33 euid=33 suid=33 fsuid=33 egid=33 sgid=33 fsgid=33 tty=(none) ses=4294967295 comm="apache2" exe="/usr/sbin/apache2" subj=unconfined key="T1166_Seuid_and_Setgid"ARCH=x86_64 SYSCALL=setuid AUID="unset" UID="www-data" GID="www-data" EUID="www-data" SUID="www-data" FSUID="www-data" EGID="www-data" SGID="www-data" FSGID="www-data"
type=PROCTITLE msg=audit(1773063913.556:2337): proctitle=2F7573722F7362696E2F61706163686532002D6B007374617274
type=SYSCALL msg=audit(1773063913.558:2339): arch=c000003e syscall=105 success=yes exit=0 a0=21 a1=57e5f8950840 a2=57e086eef4a0 a3=57e5f8950850 items=0 ppid=1424 pid=1569 auid=4294967295 uid=33 gid=33 euid=33 suid=33 fsuid=33 egid=33 sgid=33 fsgid=33 tty=(none) ses=4294967295 comm="apache2" exe="/usr/sbin/apache2" subj=unconfined key="T1166_Seuid_and_Setgid"ARCH=x86_64 SYSCALL=setuid AUID="unset" UID="www-data" GID="www-data" EUID="www-data" SUID="www-data" FSUID="www-data" EGID="www-data" SGID="www-data" FSGID="www-data"
type=PROCTITLE msg=audit(1773063913.558:2339): proctitle=2F7573722F7362696E2F61706163686532002D6B007374617274
type=SYSCALL msg=audit(1773063920.657:2340): arch=c000003e syscall=42 success=yes exit=0 a0=10 a1=7fff0456d270 a2=1d a3=1 items=1 ppid=1424 pid=1565 auid=4294967295 uid=33 gid=33 euid=33 suid=33 fsuid=33 egid=33 sgid=33 fsgid=33 tty=(none) ses=4294967295 comm="apache2" exe="/usr/sbin/apache2" subj=unconfined key="T1043_Commonly_Used_Port"ARCH=x86_64 SYSCALL=connect AUID="unset" UID="www-data" GID="www-data" EUID="www-data" SUID="www-data" FSUID="www-data" EGID="www-data" SGID="www-data" FSGID="www-data"
type=SOCKADDR msg=audit(1773063920.657:2340): saddr=01002F7661722F72756E2F6D7973716C642F6D7973716C642E736F636BSADDR={ saddr_fam=local path=/var/run/mysqld/mysqld.sock }
type=PATH msg=audit(1773063920.657:2340): item=0 name="/var/run/mysqld/mysqld.sock" inode=1371 dev=00:18 mode=0140777 ouid=111 ogid=111 rdev=00:00 nametype=NORMAL cap_fp=0 cap_fi=0 cap_fe=0 cap_fver=0 cap_frootid=0OUID="mysql" OGID="mysql"
type=PROCTITLE msg=audit(1773063920.657:2340): proctitle=2F7573722F7362696E2F61706163686532002D6B007374617274
type=SYSCALL msg=audit(1773063921.122:2341): arch=c000003e syscall=42 success=yes exit=0 a0=14 a1=74a4b95ffd8c a2=10 a3=74a4b95fc504 items=0 ppid=1424 pid=1565 auid=4294967295 uid=33 gid=33 euid=33 suid=33 fsuid=33 egid=33 sgid=33 fsgid=33 tty=(none) ses=4294967295 comm="apache2" exe="/usr/sbin/apache2" subj=unconfined key="T1043_Commonly_Used_Port"ARCH=x86_64 SYSCALL=connect AUID="unset" UID="www-data" GID="www-data" EUID="www-data" SUID="www-data" FSUID="www-data" EGID="www-data" SGID="www-data" FSGID="www-data"
type=SOCKADDR msg=audit(1773063921.122:2341): saddr=020000357F0000350000000000000000SADDR={ saddr_fam=inet laddr=127.0.0.53 lport=53 }
type=PROCTITLE msg=audit(1773063921.122:2341): proctitle=2F7573722F7362696E2F61706163686532002D6B007374617274
type=SYSCALL msg=audit(1773063921.124:2342): arch=c000003e syscall=42 success=yes exit=0 a0=14 a1=74a4b95ffd8c a2=10 a3=74a4b95fc504 items=0 ppid=1424 pid=1565 auid=4294967295 uid=33 gid=33 euid=33 suid=33 fsuid=33 egid=33 sgid=33 fsgid=33 tty=(none) ses=4294967295 comm="apache2" exe="/usr/sbin/apache2" subj=unconfined key="T1043_Commonly_Used_Port"ARCH=x86_64 SYSCALL=connect AUID="unset" UID="www-data" GID="www-data" EUID="www-data" SUID="www-data" FSUID="www-data" EGID="www-data" SGID="www-data" FSGID="www-data"
type=SOCKADDR msg=audit(1773063921.124:2342): saddr=020000357F0000350000000000000000SADDR={ saddr_fam=inet laddr=127.0.0.53 lport=53 }
type=PROCTITLE msg=audit(1773063921.124:2342): proctitle=2F7573722F7362696E2F61706163686532002D6B007374617274
type=SYSCALL msg=audit(1773063921.294:2343): arch=c000003e syscall=42 success=yes exit=0 a0=f a1=7fff0456d1c0 a2=1d a3=1 items=1 ppid=1424 pid=1565 auid=4294967295 uid=33 gid=33 euid=33 suid=33 fsuid=33 egid=33 sgid=33 fsgid=33 tty=(none) ses=4294967295 comm="apache2" exe="/usr/sbin/apache2" subj=unconfined key="T1043_Commonly_Used_Port"ARCH=x86_64 SYSCALL=connect AUID="unset" UID="www-data" GID="www-data" EUID="www-data" SUID="www-data" FSUID="www-data" EGID="www-data" SGID="www-data" FSGID="www-data"
type=SOCKADDR msg=audit(1773063921.294:2343): saddr=01002F7661722F72756E2F6D7973716C642F6D7973716C642E736F636BSADDR={ saddr_fam=local path=/var/run/mysqld/mysqld.sock }
type=PATH msg=audit(1773063921.294:2343): item=0 name="/var/run/mysqld/mysqld.sock" inode=1371 dev=00:18 mode=0140777 ouid=111 ogid=111 rdev=00:00 nametype=NORMAL cap_fp=0 cap_fi=0 cap_fe=0 cap_fver=0 cap_frootid=0OUID="mysql" OGID="mysql"
type=PROCTITLE msg=audit(1773063921.294:2343): proctitle=2F7573722F7362696E2F61706163686532002D6B007374617274
type=SYSCALL msg=audit(1773063921.333:2344): arch=c000003e syscall=42 success=yes exit=0 a0=f a1=7fff0456d1c0 a2=1d a3=1 items=1 ppid=1424 pid=1565 auid=4294967295 uid=33 gid=33 euid=33 suid=33 fsuid=33 egid=33 sgid=33 fsgid=33 tty=(none) ses=4294967295 comm="apache2" exe="/usr/sbin/apache2" subj=unconfined key="T1043_Commonly_Used_Port"ARCH=x86_64 SYSCALL=connect AUID="unset" UID="www-data" GID="www-data" EUID="www-data" SUID="www-data" FSUID="www-data" EGID="www-data" SGID="www-data" FSGID="www-data"
type=SOCKADDR msg=audit(1773063921.333:2344): saddr=01002F7661722F72756E2F6D7973716C642F6D7973716C642E736F636BSADDR={ saddr_fam=local path=/var/run/mysqld/mysqld.sock }
type=PATH msg=audit(1773063921.333:2344): item=0 name="/var/run/mysqld/mysqld.sock" inode=1371 dev=00:18 mode=0140777 ouid=111 ogid=111 rdev=00:00 nametype=NORMAL cap_fp=0 cap_fi=0 cap_fe=0 cap_fver=0 cap_frootid=0OUID="mysql" OGID="mysql"
type=PROCTITLE msg=audit(1773063921.333:2344): proctitle=2F7573722F7362696E2F61706163686532002D6B007374617274
type=SYSCALL msg=audit(1773063921.485:2345): arch=c000003e syscall=42 success=yes exit=0 a0=f a1=7fff0456d1c0 a2=1d a3=1 items=1 ppid=1424 pid=1565 auid=4294967295 uid=33 gid=33 euid=33 suid=33 fsuid=33 egid=33 sgid=33 fsgid=33 tty=(none) ses=4294967295 comm="apache2" exe="/usr/sbin/apache2" subj=unconfined key="T1043_Commonly_Used_Port"ARCH=x86_64 SYSCALL=connect AUID="unset" UID="www-data" GID="www-data" EUID="www-data" SUID="www-data" FSUID="www-data" EGID="www-data" SGID="www-data" FSGID="www-data"
type=SOCKADDR msg=audit(1773063921.485:2345): saddr=01002F7661722F72756E2F6D7973716C642F6D7973716C642E736F636BSADDR={ saddr_fam=local path=/var/run/mysqld/mysqld.sock }
type=PATH msg=audit(1773063921.485:2345): item=0 name="/var/run/mysqld/mysqld.sock" inode=1371 dev=00:18 mode=0140777 ouid=111 ogid=111 rdev=00:00 nametype=NORMAL cap_fp=0 cap_fi=0 cap_fe=0 cap_fver=0 cap_frootid=0OUID="mysql" OGID="mysql"
type=PROCTITLE msg=audit(1773063921.485:2345): proctitle=2F7573722F7362696E2F61706163686532002D6B007374617274
type=SYSCALL msg=audit(1773063921.513:2346): arch=c000003e syscall=42 success=yes exit=0 a0=f a1=7fff0456d1c0 a2=1d a3=1 items=1 ppid=1424 pid=1565 auid=4294967295 uid=33 gid=33 euid=33 suid=33 fsuid=33 egid=33 sgid=33 fsgid=33 tty=(none) ses=4294967295 comm="apache2" exe="/usr/sbin/apache2" subj=unconfined key="T1043_Commonly_Used_Port"ARCH=x86_64 SYSCALL=connect AUID="unset" UID="www-data" GID="www-data" EUID="www-data" SUID="www-data" FSUID="www-data" EGID="www-data" SGID="www-data" FSGID="www-data"
type=SOCKADDR msg=audit(1773063921.513:2346): saddr=01002F7661722F72756E2F6D7973716C642F6D7973716C642E736F636BSADDR={ saddr_fam=local path=/var/run/mysqld/mysqld.sock }
type=PATH msg=audit(1773063921.513:2346): item=0 name="/var/run/mysqld/mysqld.sock" inode=1371 dev=00:18 mode=0140777 ouid=111 ogid=111 rdev=00:00 nametype=NORMAL cap_fp=0 cap_fi=0 cap_fe=0 cap_fver=0 cap_frootid=0OUID="mysql" OGID="mysql"
type=PROCTITLE msg=audit(1773063921.513:2346): proctitle=2F7573722F7362696E2F61706163686532002D6B007374617274
type=SYSCALL msg=audit(1773063921.586:2347): arch=c000003e syscall=106 success=yes exit=0 a0=21 a1=74a4ca8eb4a0 a2=0 a3=22 items=0 ppid=1424 pid=1571 auid=4294967295 uid=0 gid=33 euid=0 suid=0 fsuid=0 egid=33 sgid=33 fsgid=33 tty=(none) ses=4294967295 comm="apache2" exe="/usr/sbin/apache2" subj=unconfined key="T1166_Seuid_and_Setgid"ARCH=x86_64 SYSCALL=setgid AUID="unset" UID="root" GID="www-data" EUID="root" SUID="root" FSUID="root" EGID="www-data" SGID="www-data" FSGID="www-data"
type=PROCTITLE msg=audit(1773063921.586:2347): proctitle=2F7573722F7362696E2F61706163686532002D6B007374617274
type=SYSCALL msg=audit(1773063921.586:2348): arch=c000003e syscall=42 success=yes exit=0 a0=e a1=7fff0456fde0 a2=2d a3=57e5f8b17730 items=1 ppid=1424 pid=1571 auid=4294967295 uid=0 gid=33 euid=0 suid=0 fsuid=0 egid=33 sgid=33 fsgid=33 tty=(none) ses=4294967295 comm="apache2" exe="/usr/sbin/apache2" subj=unconfined key="T1043_Commonly_Used_Port"ARCH=x86_64 SYSCALL=connect AUID="unset" UID="root" GID="www-data" EUID="root" SUID="root" FSUID="root" EGID="www-data" SGID="www-data" FSGID="www-data"
type=SOCKADDR msg=audit(1773063921.586:2348): saddr=01002F72756E2F73797374656D642F7573657264622F696F2E73797374656D642E44796E616D69635573657200SADDR={ saddr_fam=local path=/run/systemd/userdb/io.systemd.DynamicUser }
type=PATH msg=audit(1773063921.586:2348): item=0 name="/run/systemd/userdb/io.systemd.DynamicUser" inode=451 dev=00:18 mode=0140666 ouid=0 ogid=0 rdev=00:00 nametype=NORMAL cap_fp=0 cap_fi=0 cap_fe=0 cap_fver=0 cap_frootid=0OUID="root" OGID="root"
type=PROCTITLE msg=audit(1773063921.586:2348): proctitle=2F7573722F7362696E2F61706163686532002D6B007374617274
type=SYSCALL msg=audit(1773063921.586:2349): arch=c000003e syscall=105 success=yes exit=0 a0=21 a1=57e5f8950840 a2=57e086eef4a0 a3=57e5f8950850 items=0 ppid=1424 pid=1571 auid=4294967295 uid=33 gid=33 euid=33 suid=33 fsuid=33 egid=33 sgid=33 fsgid=33 tty=(none) ses=4294967295 comm="apache2" exe="/usr/sbin/apache2" subj=unconfined key="T1166_Seuid_and_Setgid"ARCH=x86_64 SYSCALL=setuid AUID="unset" UID="www-data" GID="www-data" EUID="www-data" SUID="www-data" FSUID="www-data" EGID="www-data" SGID="www-data" FSGID="www-data"
type=PROCTITLE msg=audit(1773063921.586:2349): proctitle=2F7573722F7362696E2F61706163686532002D6B007374617274
type=SYSCALL msg=audit(1773063921.628:2350): arch=c000003e syscall=42 success=yes exit=0 a0=f a1=7fff0456d1c0 a2=1d a3=1 items=1 ppid=1424 pid=1565 auid=4294967295 uid=33 gid=33 euid=33 suid=33 fsuid=33 egid=33 sgid=33 fsgid=33 tty=(none) ses=4294967295 comm="apache2" exe="/usr/sbin/apache2" subj=unconfined key="T1043_Commonly_Used_Port"ARCH=x86_64 SYSCALL=connect AUID="unset" UID="www-data" GID="www-data" EUID="www-data" SUID="www-data" FSUID="www-data" EGID="www-data" SGID="www-data" FSGID="www-data"
type=SOCKADDR msg=audit(1773063921.628:2350): saddr=01002F7661722F72756E2F6D7973716C642F6D7973716C642E736F636BSADDR={ saddr_fam=local path=/var/run/mysqld/mysqld.sock }
type=PATH msg=audit(1773063921.628:2350): item=0 name="/var/run/mysqld/mysqld.sock" inode=1371 dev=00:18 mode=0140777 ouid=111 ogid=111 rdev=00:00 nametype=NORMAL cap_fp=0 cap_fi=0 cap_fe=0 cap_fver=0 cap_frootid=0OUID="mysql" OGID="mysql"
type=PROCTITLE msg=audit(1773063921.628:2350): proctitle=2F7573722F7362696E2F61706163686532002D6B007374617274
type=SYSCALL msg=audit(1773063922.594:2351): arch=c000003e syscall=106 success=yes exit=0 a0=21 a1=74a4ca8eb4a0 a2=0 a3=22 items=0 ppid=1424 pid=1573 auid=4294967295 uid=0 gid=33 euid=0 suid=0 fsuid=0 egid=33 sgid=33 fsgid=33 tty=(none) ses=4294967295 comm="apache2" exe="/usr/sbin/apache2" subj=unconfined key="T1166_Seuid_and_Setgid"ARCH=x86_64 SYSCALL=setgid AUID="unset" UID="root" GID="www-data" EUID="root" SUID="root" FSUID="root" EGID="www-data" SGID="www-data" FSGID="www-data"
type=PROCTITLE msg=audit(1773063922.594:2351): proctitle=2F7573722F7362696E2F61706163686532002D6B007374617274
type=SYSCALL msg=audit(1773063922.594:2352): arch=c000003e syscall=42 success=yes exit=0 a0=e a1=7fff0456fde0 a2=2d a3=57e5f8b17730 items=1 ppid=1424 pid=1573 auid=4294967295 uid=0 gid=33 euid=0 suid=0 fsuid=0 egid=33 sgid=33 fsgid=33 tty=(none) ses=4294967295 comm="apache2" exe="/usr/sbin/apache2" subj=unconfined key="T1043_Commonly_Used_Port"ARCH=x86_64 SYSCALL=connect AUID="unset" UID="root" GID="www-data" EUID="root" SUID="root" FSUID="root" EGID="www-data" SGID="www-data" FSGID="www-data"
type=SOCKADDR msg=audit(1773063922.594:2352): saddr=01002F72756E2F73797374656D642F7573657264622F696F2E73797374656D642E44796E616D69635573657200SADDR={ saddr_fam=local path=/run/systemd/userdb/io.systemd.DynamicUser }
type=PATH msg=audit(1773063922.594:2352): item=0 name="/run/systemd/userdb/io.systemd.DynamicUser" inode=451 dev=00:18 mode=0140666 ouid=0 ogid=0 rdev=00:00 nametype=NORMAL cap_fp=0 cap_fi=0 cap_fe=0 cap_fver=0 cap_frootid=0OUID="root" OGID="root"
type=PROCTITLE msg=audit(1773063922.594:2352): proctitle=2F7573722F7362696E2F61706163686532002D6B007374617274
type=SYSCALL msg=audit(1773063922.594:2353): arch=c000003e syscall=105 success=yes exit=0 a0=21 a1=57e5f8950840 a2=57e086eef4a0 a3=57e5f8950850 items=0 ppid=1424 pid=1573 auid=4294967295 uid=33 gid=33 euid=33 suid=33 fsuid=33 egid=33 sgid=33 fsgid=33 tty=(none) ses=4294967295 comm="apache2" exe="/usr/sbin/apache2" subj=unconfined key="T1166_Seuid_and_Setgid"ARCH=x86_64 SYSCALL=setuid AUID="unset" UID="www-data" GID="www-data" EUID="www-data" SUID="www-data" FSUID="www-data" EGID="www-data" SGID="www-data" FSGID="www-data"
type=PROCTITLE msg=audit(1773063922.594:2353): proctitle=2F7573722F7362696E2F61706163686532002D6B007374617274
type=SYSCALL msg=audit(1773063926.124:2354): arch=c000003e syscall=59 success=yes exit=0 a0=62507e430df0 a1=62507e4301a0 a2=62507e2e9cc0 a3=62507e430e50 items=2 ppid=1380 pid=1574 auid=1000 uid=0 gid=0 euid=0 suid=0 fsuid=0 egid=0 sgid=0 fsgid=0 tty=pts1 ses=3 comm="tail" exe="/usr/bin/tail" subj=unconfined key="T1078_Valid_Accounts"ARCH=x86_64 SYSCALL=execve AUID="vboxuser" UID="root" GID="root" EUID="root" SUID="root" FSUID="root" EGID="root" SGID="root" FSGID="root"
type=EXECVE msg=audit(1773063926.124:2354): argc=4 a0="tail" a1="-c" a2="+10421148" a3="/var/www/nextcloud/data/nextcloud.log"
type=PATH msg=audit(1773063926.124:2354): item=0 name="/usr/bin/tail" inode=1442904 dev=08:02 mode=0100755 ouid=0 ogid=0 rdev=00:00 nametype=NORMAL cap_fp=0 cap_fi=0 cap_fe=0 cap_fver=0 cap_frootid=0OUID="root" OGID="root"
type=PATH msg=audit(1773063926.124:2354): item=1 name="/lib64/ld-linux-x86-64.so.2" inode=1481429 dev=08:02 mode=0100755 ouid=0 ogid=0 rdev=00:00 nametype=NORMAL cap_fp=0 cap_fi=0 cap_fe=0 cap_fver=0 cap_frootid=0OUID="root" OGID="root"
type=PROCTITLE msg=audit(1773063926.124:2354): proctitle=7461696C002D63002B3130343231313438002F7661722F7777772F6E657874636C6F75642F646174612F6E657874636C6F75642E6C6F67
type=SYSCALL msg=audit(1773063926.188:2355): arch=c000003e syscall=59 success=yes exit=0 a0=62507e430c60 a1=62507e430c80 a2=62507e2e9cc0 a3=62507e430bb0 items=2 ppid=1380 pid=1575 auid=1000 uid=0 gid=0 euid=0 suid=0 fsuid=0 egid=0 sgid=0 fsgid=0 tty=pts1 ses=3 comm="tail" exe="/usr/bin/tail" subj=unconfined key="T1078_Valid_Accounts"ARCH=x86_64 SYSCALL=execve AUID="vboxuser" UID="root" GID="root" EUID="root" SUID="root" FSUID="root" EGID="root" SGID="root" FSGID="root"
type=EXECVE msg=audit(1773063926.188:2355): argc=4 a0="tail" a1="-c" a2="+22127" a3="/var/log/syslog"
type=PATH msg=audit(1773063926.188:2355): item=0 name="/usr/bin/tail" inode=1442904 dev=08:02 mode=0100755 ouid=0 ogid=0 rdev=00:00 nametype=NORMAL cap_fp=0 cap_fi=0 cap_fe=0 cap_fver=0 cap_frootid=0OUID="root" OGID="root"
type=PATH msg=audit(1773063926.188:2355): item=1 name="/lib64/ld-linux-x86-64.so.2" inode=1481429 dev=08:02 mode=0100755 ouid=0 ogid=0 rdev=00:00 nametype=NORMAL cap_fp=0 cap_fi=0 cap_fe=0 cap_fver=0 cap_frootid=0OUID="root" OGID="root"
type=PROCTITLE msg=audit(1773063926.188:2355): proctitle=7461696C002D63002B3232313237002F7661722F6C6F672F7379736C6F67
type=SYSCALL msg=audit(1773063926.256:2356): arch=c000003e syscall=59 success=yes exit=0 a0=62507e430ad0 a1=62507e430c30 a2=62507e2e9cc0 a3=62507e430f60 items=2 ppid=1380 pid=1576 auid=1000 uid=0 gid=0 euid=0 suid=0 fsuid=0 egid=0 sgid=0 fsgid=0 tty=pts1 ses=3 comm="tail" exe="/usr/bin/tail" subj=unconfined key="T1078_Valid_Accounts"ARCH=x86_64 SYSCALL=execve AUID="vboxuser" UID="root" GID="root" EUID="root" SUID="root" FSUID="root" EGID="root" SGID="root" FSGID="root"
type=EXECVE msg=audit(1773063926.256:2356): argc=4 a0="tail" a1="-c" a2="+3721" a3="/var/log/auth.log"
type=PATH msg=audit(1773063926.256:2356): item=0 name="/usr/bin/tail" inode=1442904 dev=08:02 mode=0100755 ouid=0 ogid=0 rdev=00:00 nametype=NORMAL cap_fp=0 cap_fi=0 cap_fe=0 cap_fver=0 cap_frootid=0OUID="root" OGID="root"
type=PATH msg=audit(1773063926.256:2356): item=1 name="/lib64/ld-linux-x86-64.so.2" inode=1481429 dev=08:02 mode=0100755 ouid=0 ogid=0 rdev=00:00 nametype=NORMAL cap_fp=0 cap_fi=0 cap_fe=0 cap_fver=0 cap_frootid=0OUID="root" OGID="root"
type=PROCTITLE msg=audit(1773063926.256:2356): proctitle=7461696C002D63002B33373231002F7661722F6C6F672F617574682E6C6F67
type=SYSCALL msg=audit(1773063926.325:2357): arch=c000003e syscall=59 success=yes exit=0 a0=62507e4307f0 a1=62507e4309a0 a2=62507e2e9cc0 a3=62507e430fa0 items=2 ppid=1380 pid=1577 auid=1000 uid=0 gid=0 euid=0 suid=0 fsuid=0 egid=0 sgid=0 fsgid=0 tty=pts1 ses=3 comm="tail" exe="/usr/bin/tail" subj=unconfined key="T1078_Valid_Accounts"ARCH=x86_64 SYSCALL=execve AUID="vboxuser" UID="root" GID="root" EUID="root" SUID="root" FSUID="root" EGID="root" SGID="root" FSGID="root"
type=EXECVE msg=audit(1773063926.325:2357): argc=4 a0="tail" a1="-c" a2="+179535717" a3="/var/log/audit/audit.log"
type=PATH msg=audit(1773063926.325:2357): item=0 name="/usr/bin/tail" inode=1442904 dev=08:02 mode=0100755 ouid=0 ogid=0 rdev=00:00 nametype=NORMAL cap_fp=0 cap_fi=0 cap_fe=0 cap_fver=0 cap_frootid=0OUID="root" OGID="root"
type=PATH msg=audit(1773063926.325:2357): item=1 name="/lib64/ld-linux-x86-64.so.2" inode=1481429 dev=08:02 mode=0100755 ouid=0 ogid=0 rdev=00:00 nametype=NORMAL cap_fp=0 cap_fi=0 cap_fe=0 cap_fver=0 cap_frootid=0OUID="root" OGID="root"
type=PROCTITLE msg=audit(1773063926.325:2357): proctitle=7461696C002D63002B313739353335373137002F7661722F6C6F672F61756469742F61756469742E6C6F67
type=SYSCALL msg=audit(1773063926.329:2358): arch=c000003e syscall=257 success=yes exit=3 a0=ffffff9c a1=7fff5ea9f6c3 a2=0 a3=0 items=1 ppid=1380 pid=1577 auid=1000 uid=0 gid=0 euid=0 suid=0 fsuid=0 egid=0 sgid=0 fsgid=0 tty=pts1 ses=3 comm="tail" exe="/usr/bin/tail" subj=unconfined key="auditlog"ARCH=x86_64 SYSCALL=openat AUID="vboxuser" UID="root" GID="root" EUID="root" SUID="root" FSUID="root" EGID="root" SGID="root" FSGID="root"
type=PATH msg=audit(1773063926.329:2358): item=0 name="/var/log/audit/audit.log" inode=659339 dev=08:02 mode=0100640 ouid=0 ogid=4 rdev=00:00 nametype=NORMAL cap_fp=0 cap_fi=0 cap_fe=0 cap_fver=0 cap_frootid=0OUID="root" OGID="adm"
type=PROCTITLE msg=audit(1773063926.329:2358): proctitle=7461696C002D63002B313739353335373137002F7661722F6C6F672F61756469742F61756469742E6C6F67