type=SYSCALL msg=audit(1772218188.997:1870): arch=c000003e syscall=42 success=yes exit=0 a0=10 a1=7ffebf71fe80 a2=1d a3=1 items=1 ppid=930 pid=1228 auid=4294967295 uid=33 gid=33 euid=33 suid=33 fsuid=33 egid=33 sgid=33 fsgid=33 tty=(none) ses=4294967295 comm="apache2" exe="/usr/sbin/apache2" subj=unconfined key="T1043_Commonly_Used_Port"ARCH=x86_64 SYSCALL=connect AUID="unset" UID="www-data" GID="www-data" EUID="www-data" SUID="www-data" FSUID="www-data" EGID="www-data" SGID="www-data" FSGID="www-data"
type=SOCKADDR msg=audit(1772218188.997:1870): saddr=01002F7661722F72756E2F6D7973716C642F6D7973716C642E736F636BSADDR={ saddr_fam=local path=/var/run/mysqld/mysqld.sock }
type=PATH msg=audit(1772218188.997:1870): item=0 name="/var/run/mysqld/mysqld.sock" inode=1369 dev=00:18 mode=0140777 ouid=111 ogid=111 rdev=00:00 nametype=NORMAL cap_fp=0 cap_fi=0 cap_fe=0 cap_fver=0 cap_frootid=0OUID="mysql" OGID="mysql"
type=PROCTITLE msg=audit(1772218188.997:1870): proctitle=2F7573722F7362696E2F61706163686532002D6B007374617274
type=SYSCALL msg=audit(1772218189.570:1871): arch=c000003e syscall=106 success=yes exit=0 a0=21 a1=7c08ff8b14a0 a2=0 a3=22 items=0 ppid=930 pid=1398 auid=4294967295 uid=0 gid=33 euid=0 suid=0 fsuid=0 egid=33 sgid=33 fsgid=33 tty=(none) ses=4294967295 comm="apache2" exe="/usr/sbin/apache2" subj=unconfined key="T1166_Seuid_and_Setgid"ARCH=x86_64 SYSCALL=setgid AUID="unset" UID="root" GID="www-data" EUID="root" SUID="root" FSUID="root" EGID="www-data" SGID="www-data" FSGID="www-data"
type=PROCTITLE msg=audit(1772218189.570:1871): proctitle=2F7573722F7362696E2F61706163686532002D6B007374617274
type=SYSCALL msg=audit(1772218189.571:1872): arch=c000003e syscall=42 success=yes exit=0 a0=e a1=7ffebf7229f0 a2=2d a3=57b02d2082d0 items=1 ppid=930 pid=1398 auid=4294967295 uid=0 gid=33 euid=0 suid=0 fsuid=0 egid=33 sgid=33 fsgid=33 tty=(none) ses=4294967295 comm="apache2" exe="/usr/sbin/apache2" subj=unconfined key="T1043_Commonly_Used_Port"ARCH=x86_64 SYSCALL=connect AUID="unset" UID="root" GID="www-data" EUID="root" SUID="root" FSUID="root" EGID="www-data" SGID="www-data" FSGID="www-data"
type=SOCKADDR msg=audit(1772218189.571:1872): saddr=01002F72756E2F73797374656D642F7573657264622F696F2E73797374656D642E44796E616D69635573657200SADDR={ saddr_fam=local path=/run/systemd/userdb/io.systemd.DynamicUser }
type=PATH msg=audit(1772218189.571:1872): item=0 name="/run/systemd/userdb/io.systemd.DynamicUser" inode=451 dev=00:18 mode=0140666 ouid=0 ogid=0 rdev=00:00 nametype=NORMAL cap_fp=0 cap_fi=0 cap_fe=0 cap_fver=0 cap_frootid=0OUID="root" OGID="root"
type=PROCTITLE msg=audit(1772218189.571:1872): proctitle=2F7573722F7362696E2F61706163686532002D6B007374617274
type=SYSCALL msg=audit(1772218189.577:1873): arch=c000003e syscall=105 success=yes exit=0 a0=21 a1=57b02d07fe80 a2=57b5562259ef a3=57b02d07fe90 items=0 ppid=930 pid=1398 auid=4294967295 uid=33 gid=33 euid=33 suid=33 fsuid=33 egid=33 sgid=33 fsgid=33 tty=(none) ses=4294967295 comm="apache2" exe="/usr/sbin/apache2" subj=unconfined key="T1166_Seuid_and_Setgid"ARCH=x86_64 SYSCALL=setuid AUID="unset" UID="www-data" GID="www-data" EUID="www-data" SUID="www-data" FSUID="www-data" EGID="www-data" SGID="www-data" FSGID="www-data"
type=PROCTITLE msg=audit(1772218189.577:1873): proctitle=2F7573722F7362696E2F61706163686532002D6B007374617274
type=SYSCALL msg=audit(1772218190.893:1874): arch=c000003e syscall=42 success=yes exit=0 a0=14 a1=7c08ee7ffd8c a2=10 a3=7c08ee7fc504 items=0 ppid=930 pid=1228 auid=4294967295 uid=33 gid=33 euid=33 suid=33 fsuid=33 egid=33 sgid=33 fsgid=33 tty=(none) ses=4294967295 comm="apache2" exe="/usr/sbin/apache2" subj=unconfined key="T1043_Commonly_Used_Port"ARCH=x86_64 SYSCALL=connect AUID="unset" UID="www-data" GID="www-data" EUID="www-data" SUID="www-data" FSUID="www-data" EGID="www-data" SGID="www-data" FSGID="www-data"
type=SOCKADDR msg=audit(1772218190.893:1874): saddr=020000357F0000350000000000000000SADDR={ saddr_fam=inet laddr=127.0.0.53 lport=53 }
type=PROCTITLE msg=audit(1772218190.893:1874): proctitle=2F7573722F7362696E2F61706163686532002D6B007374617274
type=SYSCALL msg=audit(1772218190.897:1875): arch=c000003e syscall=42 success=yes exit=0 a0=14 a1=7c08ee7ffd8c a2=10 a3=7c08ee7fc504 items=0 ppid=930 pid=1228 auid=4294967295 uid=33 gid=33 euid=33 suid=33 fsuid=33 egid=33 sgid=33 fsgid=33 tty=(none) ses=4294967295 comm="apache2" exe="/usr/sbin/apache2" subj=unconfined key="T1043_Commonly_Used_Port"ARCH=x86_64 SYSCALL=connect AUID="unset" UID="www-data" GID="www-data" EUID="www-data" SUID="www-data" FSUID="www-data" EGID="www-data" SGID="www-data" FSGID="www-data"
type=SOCKADDR msg=audit(1772218190.897:1875): saddr=020000357F0000350000000000000000SADDR={ saddr_fam=inet laddr=127.0.0.53 lport=53 }
type=PROCTITLE msg=audit(1772218190.897:1875): proctitle=2F7573722F7362696E2F61706163686532002D6B007374617274
type=SYSCALL msg=audit(1772218190.947:1876): arch=c000003e syscall=42 success=yes exit=0 a0=10 a1=7ffebf71fe80 a2=1d a3=1 items=1 ppid=930 pid=1228 auid=4294967295 uid=33 gid=33 euid=33 suid=33 fsuid=33 egid=33 sgid=33 fsgid=33 tty=(none) ses=4294967295 comm="apache2" exe="/usr/sbin/apache2" subj=unconfined key="T1043_Commonly_Used_Port"ARCH=x86_64 SYSCALL=connect AUID="unset" UID="www-data" GID="www-data" EUID="www-data" SUID="www-data" FSUID="www-data" EGID="www-data" SGID="www-data" FSGID="www-data"
type=SOCKADDR msg=audit(1772218190.947:1876): saddr=01002F7661722F72756E2F6D7973716C642F6D7973716C642E736F636BSADDR={ saddr_fam=local path=/var/run/mysqld/mysqld.sock }
type=PATH msg=audit(1772218190.947:1876): item=0 name="/var/run/mysqld/mysqld.sock" inode=1369 dev=00:18 mode=0140777 ouid=111 ogid=111 rdev=00:00 nametype=NORMAL cap_fp=0 cap_fi=0 cap_fe=0 cap_fver=0 cap_frootid=0OUID="mysql" OGID="mysql"
type=PROCTITLE msg=audit(1772218190.947:1876): proctitle=2F7573722F7362696E2F61706163686532002D6B007374617274
type=SYSCALL msg=audit(1772218191.590:1877): arch=c000003e syscall=106 success=yes exit=0 a0=21 a1=7c08ff8b14a0 a2=0 a3=22 items=0 ppid=930 pid=1401 auid=4294967295 uid=0 gid=33 euid=0 suid=0 fsuid=0 egid=33 sgid=33 fsgid=33 tty=(none) ses=4294967295 comm="apache2" exe="/usr/sbin/apache2" subj=unconfined key="T1166_Seuid_and_Setgid"ARCH=x86_64 SYSCALL=setgid AUID="unset" UID="root" GID="www-data" EUID="root" SUID="root" FSUID="root" EGID="www-data" SGID="www-data" FSGID="www-data"
type=PROCTITLE msg=audit(1772218191.590:1877): proctitle=2F7573722F7362696E2F61706163686532002D6B007374617274
type=SYSCALL msg=audit(1772218191.594:1878): arch=c000003e syscall=42 success=yes exit=0 a0=e a1=7ffebf7229f0 a2=2d a3=57b02d2082d0 items=1 ppid=930 pid=1401 auid=4294967295 uid=0 gid=33 euid=0 suid=0 fsuid=0 egid=33 sgid=33 fsgid=33 tty=(none) ses=4294967295 comm="apache2" exe="/usr/sbin/apache2" subj=unconfined key="T1043_Commonly_Used_Port"ARCH=x86_64 SYSCALL=connect AUID="unset" UID="root" GID="www-data" EUID="root" SUID="root" FSUID="root" EGID="www-data" SGID="www-data" FSGID="www-data"
type=SOCKADDR msg=audit(1772218191.594:1878): saddr=01002F72756E2F73797374656D642F7573657264622F696F2E73797374656D642E44796E616D69635573657200SADDR={ saddr_fam=local path=/run/systemd/userdb/io.systemd.DynamicUser }
type=PATH msg=audit(1772218191.594:1878): item=0 name="/run/systemd/userdb/io.systemd.DynamicUser" inode=451 dev=00:18 mode=0140666 ouid=0 ogid=0 rdev=00:00 nametype=NORMAL cap_fp=0 cap_fi=0 cap_fe=0 cap_fver=0 cap_frootid=0OUID="root" OGID="root"
type=PROCTITLE msg=audit(1772218191.594:1878): proctitle=2F7573722F7362696E2F61706163686532002D6B007374617274
type=SYSCALL msg=audit(1772218191.601:1879): arch=c000003e syscall=105 success=yes exit=0 a0=21 a1=57b02d07fe80 a2=57b5562259ef a3=57b02d07fe90 items=0 ppid=930 pid=1401 auid=4294967295 uid=33 gid=33 euid=33 suid=33 fsuid=33 egid=33 sgid=33 fsgid=33 tty=(none) ses=4294967295 comm="apache2" exe="/usr/sbin/apache2" subj=unconfined key="T1166_Seuid_and_Setgid"ARCH=x86_64 SYSCALL=setuid AUID="unset" UID="www-data" GID="www-data" EUID="www-data" SUID="www-data" FSUID="www-data" EGID="www-data" SGID="www-data" FSGID="www-data"
type=PROCTITLE msg=audit(1772218191.601:1879): proctitle=2F7573722F7362696E2F61706163686532002D6B007374617274
type=SYSCALL msg=audit(1772218192.593:1880): arch=c000003e syscall=106 success=yes exit=0 a0=21 a1=7c08ff8b14a0 a2=0 a3=22 items=0 ppid=930 pid=1402 auid=4294967295 uid=0 gid=33 euid=0 suid=0 fsuid=0 egid=33 sgid=33 fsgid=33 tty=(none) ses=4294967295 comm="apache2" exe="/usr/sbin/apache2" subj=unconfined key="T1166_Seuid_and_Setgid"ARCH=x86_64 SYSCALL=setgid AUID="unset" UID="root" GID="www-data" EUID="root" SUID="root" FSUID="root" EGID="www-data" SGID="www-data" FSGID="www-data"
type=PROCTITLE msg=audit(1772218192.593:1880): proctitle=2F7573722F7362696E2F61706163686532002D6B007374617274
type=SYSCALL msg=audit(1772218192.601:1881): arch=c000003e syscall=42 success=yes exit=0 a0=e a1=7ffebf7229f0 a2=2d a3=57b02d2082d0 items=1 ppid=930 pid=1402 auid=4294967295 uid=0 gid=33 euid=0 suid=0 fsuid=0 egid=33 sgid=33 fsgid=33 tty=(none) ses=4294967295 comm="apache2" exe="/usr/sbin/apache2" subj=unconfined key="T1043_Commonly_Used_Port"ARCH=x86_64 SYSCALL=connect AUID="unset" UID="root" GID="www-data" EUID="root" SUID="root" FSUID="root" EGID="www-data" SGID="www-data" FSGID="www-data"
type=SOCKADDR msg=audit(1772218192.601:1881): saddr=01002F72756E2F73797374656D642F7573657264622F696F2E73797374656D642E44796E616D69635573657200SADDR={ saddr_fam=local path=/run/systemd/userdb/io.systemd.DynamicUser }
type=PATH msg=audit(1772218192.601:1881): item=0 name="/run/systemd/userdb/io.systemd.DynamicUser" inode=451 dev=00:18 mode=0140666 ouid=0 ogid=0 rdev=00:00 nametype=NORMAL cap_fp=0 cap_fi=0 cap_fe=0 cap_fver=0 cap_frootid=0OUID="root" OGID="root"
type=PROCTITLE msg=audit(1772218192.601:1881): proctitle=2F7573722F7362696E2F61706163686532002D6B007374617274
type=SYSCALL msg=audit(1772218192.601:1882): arch=c000003e syscall=105 success=yes exit=0 a0=21 a1=57b02d07fe80 a2=57b5562259ef a3=57b02d07fe90 items=0 ppid=930 pid=1402 auid=4294967295 uid=33 gid=33 euid=33 suid=33 fsuid=33 egid=33 sgid=33 fsgid=33 tty=(none) ses=4294967295 comm="apache2" exe="/usr/sbin/apache2" subj=unconfined key="T1166_Seuid_and_Setgid"ARCH=x86_64 SYSCALL=setuid AUID="unset" UID="www-data" GID="www-data" EUID="www-data" SUID="www-data" FSUID="www-data" EGID="www-data" SGID="www-data" FSGID="www-data"
type=PROCTITLE msg=audit(1772218192.601:1882): proctitle=2F7573722F7362696E2F61706163686532002D6B007374617274
type=SYSCALL msg=audit(1772218193.594:1883): arch=c000003e syscall=106 success=yes exit=0 a0=21 a1=7c08ff8b14a0 a2=0 a3=22 items=0 ppid=930 pid=1403 auid=4294967295 uid=0 gid=33 euid=0 suid=0 fsuid=0 egid=33 sgid=33 fsgid=33 tty=(none) ses=4294967295 comm="apache2" exe="/usr/sbin/apache2" subj=unconfined key="T1166_Seuid_and_Setgid"ARCH=x86_64 SYSCALL=setgid AUID="unset" UID="root" GID="www-data" EUID="root" SUID="root" FSUID="root" EGID="www-data" SGID="www-data" FSGID="www-data"
type=PROCTITLE msg=audit(1772218193.594:1883): proctitle=2F7573722F7362696E2F61706163686532002D6B007374617274
type=SYSCALL msg=audit(1772218193.604:1884): arch=c000003e syscall=42 success=yes exit=0 a0=e a1=7ffebf7229f0 a2=2d a3=57b02d2082d0 items=1 ppid=930 pid=1403 auid=4294967295 uid=0 gid=33 euid=0 suid=0 fsuid=0 egid=33 sgid=33 fsgid=33 tty=(none) ses=4294967295 comm="apache2" exe="/usr/sbin/apache2" subj=unconfined key="T1043_Commonly_Used_Port"ARCH=x86_64 SYSCALL=connect AUID="unset" UID="root" GID="www-data" EUID="root" SUID="root" FSUID="root" EGID="www-data" SGID="www-data" FSGID="www-data"
type=SOCKADDR msg=audit(1772218193.604:1884): saddr=01002F72756E2F73797374656D642F7573657264622F696F2E73797374656D642E44796E616D69635573657200SADDR={ saddr_fam=local path=/run/systemd/userdb/io.systemd.DynamicUser }
type=PATH msg=audit(1772218193.604:1884): item=0 name="/run/systemd/userdb/io.systemd.DynamicUser" inode=451 dev=00:18 mode=0140666 ouid=0 ogid=0 rdev=00:00 nametype=NORMAL cap_fp=0 cap_fi=0 cap_fe=0 cap_fver=0 cap_frootid=0OUID="root" OGID="root"
type=PROCTITLE msg=audit(1772218193.604:1884): proctitle=2F7573722F7362696E2F61706163686532002D6B007374617274
type=SYSCALL msg=audit(1772218193.605:1885): arch=c000003e syscall=105 success=yes exit=0 a0=21 a1=57b02d07fe80 a2=57b5562259ef a3=57b02d07fe90 items=0 ppid=930 pid=1403 auid=4294967295 uid=33 gid=33 euid=33 suid=33 fsuid=33 egid=33 sgid=33 fsgid=33 tty=(none) ses=4294967295 comm="apache2" exe="/usr/sbin/apache2" subj=unconfined key="T1166_Seuid_and_Setgid"ARCH=x86_64 SYSCALL=setuid AUID="unset" UID="www-data" GID="www-data" EUID="www-data" SUID="www-data" FSUID="www-data" EGID="www-data" SGID="www-data" FSGID="www-data"
type=PROCTITLE msg=audit(1772218193.605:1885): proctitle=2F7573722F7362696E2F61706163686532002D6B007374617274
type=SYSCALL msg=audit(1772218194.424:1886): arch=c000003e syscall=42 success=yes exit=0 a0=f a1=7ffebf71fe80 a2=1d a3=1 items=1 ppid=930 pid=1231 auid=4294967295 uid=33 gid=33 euid=33 suid=33 fsuid=33 egid=33 sgid=33 fsgid=33 tty=(none) ses=4294967295 comm="apache2" exe="/usr/sbin/apache2" subj=unconfined key="T1043_Commonly_Used_Port"ARCH=x86_64 SYSCALL=connect AUID="unset" UID="www-data" GID="www-data" EUID="www-data" SUID="www-data" FSUID="www-data" EGID="www-data" SGID="www-data" FSGID="www-data"
type=SOCKADDR msg=audit(1772218194.424:1886): saddr=01002F7661722F72756E2F6D7973716C642F6D7973716C642E736F636BSADDR={ saddr_fam=local path=/var/run/mysqld/mysqld.sock }
type=PATH msg=audit(1772218194.424:1886): item=0 name="/var/run/mysqld/mysqld.sock" inode=1369 dev=00:18 mode=0140777 ouid=111 ogid=111 rdev=00:00 nametype=NORMAL cap_fp=0 cap_fi=0 cap_fe=0 cap_fver=0 cap_frootid=0OUID="mysql" OGID="mysql"
type=PROCTITLE msg=audit(1772218194.424:1886): proctitle=2F7573722F7362696E2F61706163686532002D6B007374617274
type=SYSCALL msg=audit(1772218194.510:1887): arch=c000003e syscall=42 success=yes exit=0 a0=f a1=7ffebf71fe80 a2=1d a3=1 items=1 ppid=930 pid=1231 auid=4294967295 uid=33 gid=33 euid=33 suid=33 fsuid=33 egid=33 sgid=33 fsgid=33 tty=(none) ses=4294967295 comm="apache2" exe="/usr/sbin/apache2" subj=unconfined key="T1043_Commonly_Used_Port"ARCH=x86_64 SYSCALL=connect AUID="unset" UID="www-data" GID="www-data" EUID="www-data" SUID="www-data" FSUID="www-data" EGID="www-data" SGID="www-data" FSGID="www-data"
type=SOCKADDR msg=audit(1772218194.510:1887): saddr=01002F7661722F72756E2F6D7973716C642F6D7973716C642E736F636BSADDR={ saddr_fam=local path=/var/run/mysqld/mysqld.sock }
type=PATH msg=audit(1772218194.510:1887): item=0 name="/var/run/mysqld/mysqld.sock" inode=1369 dev=00:18 mode=0140777 ouid=111 ogid=111 rdev=00:00 nametype=NORMAL cap_fp=0 cap_fi=0 cap_fe=0 cap_fver=0 cap_frootid=0OUID="mysql" OGID="mysql"
type=PROCTITLE msg=audit(1772218194.510:1887): proctitle=2F7573722F7362696E2F61706163686532002D6B007374617274
type=SYSCALL msg=audit(1772218194.597:1888): arch=c000003e syscall=106 success=yes exit=0 a0=21 a1=7c08ff8b14a0 a2=0 a3=22 items=0 ppid=930 pid=1404 auid=4294967295 uid=0 gid=33 euid=0 suid=0 fsuid=0 egid=33 sgid=33 fsgid=33 tty=(none) ses=4294967295 comm="apache2" exe="/usr/sbin/apache2" subj=unconfined key="T1166_Seuid_and_Setgid"ARCH=x86_64 SYSCALL=setgid AUID="unset" UID="root" GID="www-data" EUID="root" SUID="root" FSUID="root" EGID="www-data" SGID="www-data" FSGID="www-data"
type=PROCTITLE msg=audit(1772218194.597:1888): proctitle=2F7573722F7362696E2F61706163686532002D6B007374617274
type=SYSCALL msg=audit(1772218194.600:1889): arch=c000003e syscall=42 success=yes exit=0 a0=e a1=7ffebf7229f0 a2=2d a3=57b02d2082d0 items=1 ppid=930 pid=1404 auid=4294967295 uid=0 gid=33 euid=0 suid=0 fsuid=0 egid=33 sgid=33 fsgid=33 tty=(none) ses=4294967295 comm="apache2" exe="/usr/sbin/apache2" subj=unconfined key="T1043_Commonly_Used_Port"ARCH=x86_64 SYSCALL=connect AUID="unset" UID="root" GID="www-data" EUID="root" SUID="root" FSUID="root" EGID="www-data" SGID="www-data" FSGID="www-data"
type=SOCKADDR msg=audit(1772218194.600:1889): saddr=01002F72756E2F73797374656D642F7573657264622F696F2E73797374656D642E44796E616D69635573657200SADDR={ saddr_fam=local path=/run/systemd/userdb/io.systemd.DynamicUser }
type=PATH msg=audit(1772218194.600:1889): item=0 name="/run/systemd/userdb/io.systemd.DynamicUser" inode=451 dev=00:18 mode=0140666 ouid=0 ogid=0 rdev=00:00 nametype=NORMAL cap_fp=0 cap_fi=0 cap_fe=0 cap_fver=0 cap_frootid=0OUID="root" OGID="root"
type=PROCTITLE msg=audit(1772218194.600:1889): proctitle=2F7573722F7362696E2F61706163686532002D6B007374617274
type=SYSCALL msg=audit(1772218194.601:1890): arch=c000003e syscall=105 success=yes exit=0 a0=21 a1=57b02d07fe80 a2=57b5562259ef a3=57b02d07fe90 items=0 ppid=930 pid=1404 auid=4294967295 uid=33 gid=33 euid=33 suid=33 fsuid=33 egid=33 sgid=33 fsgid=33 tty=(none) ses=4294967295 comm="apache2" exe="/usr/sbin/apache2" subj=unconfined key="T1166_Seuid_and_Setgid"ARCH=x86_64 SYSCALL=setuid AUID="unset" UID="www-data" GID="www-data" EUID="www-data" SUID="www-data" FSUID="www-data" EGID="www-data" SGID="www-data" FSGID="www-data"
type=PROCTITLE msg=audit(1772218194.601:1890): proctitle=2F7573722F7362696E2F61706163686532002D6B007374617274
type=SYSCALL msg=audit(1772218195.076:1891): arch=c000003e syscall=42 success=yes exit=0 a0=14 a1=7c08ed44fd8c a2=10 a3=7c08ed44c504 items=0 ppid=930 pid=1231 auid=4294967295 uid=33 gid=33 euid=33 suid=33 fsuid=33 egid=33 sgid=33 fsgid=33 tty=(none) ses=4294967295 comm="apache2" exe="/usr/sbin/apache2" subj=unconfined key="T1043_Commonly_Used_Port"ARCH=x86_64 SYSCALL=connect AUID="unset" UID="www-data" GID="www-data" EUID="www-data" SUID="www-data" FSUID="www-data" EGID="www-data" SGID="www-data" FSGID="www-data"
type=SOCKADDR msg=audit(1772218195.076:1891): saddr=020000357F0000350000000000000000SADDR={ saddr_fam=inet laddr=127.0.0.53 lport=53 }
type=PROCTITLE msg=audit(1772218195.076:1891): proctitle=2F7573722F7362696E2F61706163686532002D6B007374617274
type=SYSCALL msg=audit(1772218195.119:1892): arch=c000003e syscall=42 success=yes exit=0 a0=14 a1=7c08e8000de0 a2=10 a3=0 items=0 ppid=930 pid=1231 auid=4294967295 uid=33 gid=33 euid=33 suid=33 fsuid=33 egid=33 sgid=33 fsgid=33 tty=(none) ses=4294967295 comm="apache2" exe="/usr/sbin/apache2" subj=unconfined key="T1043_Commonly_Used_Port"ARCH=x86_64 SYSCALL=connect AUID="unset" UID="www-data" GID="www-data" EUID="www-data" SUID="www-data" FSUID="www-data" EGID="www-data" SGID="www-data" FSGID="www-data"
type=SOCKADDR msg=audit(1772218195.119:1892): saddr=020001BBC68FA4FB0000000000000000SADDR={ saddr_fam=inet laddr=198.143.164.251 lport=443 }
type=PROCTITLE msg=audit(1772218195.119:1892): proctitle=2F7573722F7362696E2F61706163686532002D6B007374617274
type=SYSCALL msg=audit(1772218195.119:1893): arch=c000003e syscall=42 success=yes exit=0 a0=14 a1=7c08e8000e30 a2=1c a3=0 items=0 ppid=930 pid=1231 auid=4294967295 uid=33 gid=33 euid=33 suid=33 fsuid=33 egid=33 sgid=33 fsgid=33 tty=(none) ses=4294967295 comm="apache2" exe="/usr/sbin/apache2" subj=unconfined key="T1043_Commonly_Used_Port"ARCH=x86_64 SYSCALL=connect AUID="unset" UID="www-data" GID="www-data" EUID="www-data" SUID="www-data" FSUID="www-data" EGID="www-data" SGID="www-data" FSGID="www-data"
type=SOCKADDR msg=audit(1772218195.119:1893): saddr=0A0001BB000000002607F9780005800200000000C68FA4FB00000000SADDR={ saddr_fam=inet6 laddr=2607:f978:5:8002::c68f:a4fb lport=443 }
type=PROCTITLE msg=audit(1772218195.119:1893): proctitle=2F7573722F7362696E2F61706163686532002D6B007374617274
type=SYSCALL msg=audit(1772218195.120:1894): arch=c000003e syscall=42 success=no exit=-115 a0=12 a1=57b02cf2e338 a2=10 a3=12 items=0 ppid=930 pid=1231 auid=4294967295 uid=33 gid=33 euid=33 suid=33 fsuid=33 egid=33 sgid=33 fsgid=33 tty=(none) ses=4294967295 comm="apache2" exe="/usr/sbin/apache2" subj=unconfined key="T1043_Commonly_Used_Port"ARCH=x86_64 SYSCALL=connect AUID="unset" UID="www-data" GID="www-data" EUID="www-data" SUID="www-data" FSUID="www-data" EGID="www-data" SGID="www-data" FSGID="www-data"
type=SOCKADDR msg=audit(1772218195.120:1894): saddr=020001BBC68FA4FB0000000000000000SADDR={ saddr_fam=inet laddr=198.143.164.251 lport=443 }
type=PROCTITLE msg=audit(1772218195.120:1894): proctitle=2F7573722F7362696E2F61706163686532002D6B007374617274
type=SYSCALL msg=audit(1772218195.598:1895): arch=c000003e syscall=106 success=yes exit=0 a0=21 a1=7c08ff8b14a0 a2=0 a3=22 items=0 ppid=930 pid=1407 auid=4294967295 uid=0 gid=33 euid=0 suid=0 fsuid=0 egid=33 sgid=33 fsgid=33 tty=(none) ses=4294967295 comm="apache2" exe="/usr/sbin/apache2" subj=unconfined key="T1166_Seuid_and_Setgid"ARCH=x86_64 SYSCALL=setgid AUID="unset" UID="root" GID="www-data" EUID="root" SUID="root" FSUID="root" EGID="www-data" SGID="www-data" FSGID="www-data"
type=PROCTITLE msg=audit(1772218195.598:1895): proctitle=2F7573722F7362696E2F61706163686532002D6B007374617274
type=SYSCALL msg=audit(1772218195.603:1896): arch=c000003e syscall=42 success=yes exit=0 a0=e a1=7ffebf7229f0 a2=2d a3=57b02d2082d0 items=1 ppid=930 pid=1407 auid=4294967295 uid=0 gid=33 euid=0 suid=0 fsuid=0 egid=33 sgid=33 fsgid=33 tty=(none) ses=4294967295 comm="apache2" exe="/usr/sbin/apache2" subj=unconfined key="T1043_Commonly_Used_Port"ARCH=x86_64 SYSCALL=connect AUID="unset" UID="root" GID="www-data" EUID="root" SUID="root" FSUID="root" EGID="www-data" SGID="www-data" FSGID="www-data"
type=SOCKADDR msg=audit(1772218195.603:1896): saddr=01002F72756E2F73797374656D642F7573657264622F696F2E73797374656D642E44796E616D69635573657200SADDR={ saddr_fam=local path=/run/systemd/userdb/io.systemd.DynamicUser }
type=PATH msg=audit(1772218195.603:1896): item=0 name="/run/systemd/userdb/io.systemd.DynamicUser" inode=451 dev=00:18 mode=0140666 ouid=0 ogid=0 rdev=00:00 nametype=NORMAL cap_fp=0 cap_fi=0 cap_fe=0 cap_fver=0 cap_frootid=0OUID="root" OGID="root"
type=PROCTITLE msg=audit(1772218195.603:1896): proctitle=2F7573722F7362696E2F61706163686532002D6B007374617274
type=SYSCALL msg=audit(1772218195.606:1897): arch=c000003e syscall=105 success=yes exit=0 a0=21 a1=57b02d07fe80 a2=57b5562259ef a3=57b02d07fe90 items=0 ppid=930 pid=1407 auid=4294967295 uid=33 gid=33 euid=33 suid=33 fsuid=33 egid=33 sgid=33 fsgid=33 tty=(none) ses=4294967295 comm="apache2" exe="/usr/sbin/apache2" subj=unconfined key="T1166_Seuid_and_Setgid"ARCH=x86_64 SYSCALL=setuid AUID="unset" UID="www-data" GID="www-data" EUID="www-data" SUID="www-data" FSUID="www-data" EGID="www-data" SGID="www-data" FSGID="www-data"
type=PROCTITLE msg=audit(1772218195.606:1897): proctitle=2F7573722F7362696E2F61706163686532002D6B007374617274
type=SYSCALL msg=audit(1772218195.626:1898): arch=c000003e syscall=42 success=yes exit=0 a0=14 a1=7c08ed44fd8c a2=10 a3=7c08ed44c504 items=0 ppid=930 pid=1231 auid=4294967295 uid=33 gid=33 euid=33 suid=33 fsuid=33 egid=33 sgid=33 fsgid=33 tty=(none) ses=4294967295 comm="apache2" exe="/usr/sbin/apache2" subj=unconfined key="T1043_Commonly_Used_Port"ARCH=x86_64 SYSCALL=connect AUID="unset" UID="www-data" GID="www-data" EUID="www-data" SUID="www-data" FSUID="www-data" EGID="www-data" SGID="www-data" FSGID="www-data"
type=SOCKADDR msg=audit(1772218195.626:1898): saddr=020000357F0000350000000000000000SADDR={ saddr_fam=inet laddr=127.0.0.53 lport=53 }
type=PROCTITLE msg=audit(1772218195.626:1898): proctitle=2F7573722F7362696E2F61706163686532002D6B007374617274
type=SYSCALL msg=audit(1772218195.627:1899): arch=c000003e syscall=42 success=yes exit=0 a0=14 a1=7c08e80014b0 a2=10 a3=0 items=0 ppid=930 pid=1231 auid=4294967295 uid=33 gid=33 euid=33 suid=33 fsuid=33 egid=33 sgid=33 fsgid=33 tty=(none) ses=4294967295 comm="apache2" exe="/usr/sbin/apache2" subj=unconfined key="T1043_Commonly_Used_Port"ARCH=x86_64 SYSCALL=connect AUID="unset" UID="www-data" GID="www-data" EUID="www-data" SUID="www-data" FSUID="www-data" EGID="www-data" SGID="www-data" FSGID="www-data"
type=SOCKADDR msg=audit(1772218195.627:1899): saddr=020001BBC68FA4FB0000000000000000SADDR={ saddr_fam=inet laddr=198.143.164.251 lport=443 }
type=PROCTITLE msg=audit(1772218195.627:1899): proctitle=2F7573722F7362696E2F61706163686532002D6B007374617274
type=SYSCALL msg=audit(1772218195.627:1900): arch=c000003e syscall=42 success=yes exit=0 a0=14 a1=7c08e8000de0 a2=1c a3=0 items=0 ppid=930 pid=1231 auid=4294967295 uid=33 gid=33 euid=33 suid=33 fsuid=33 egid=33 sgid=33 fsgid=33 tty=(none) ses=4294967295 comm="apache2" exe="/usr/sbin/apache2" subj=unconfined key="T1043_Commonly_Used_Port"ARCH=x86_64 SYSCALL=connect AUID="unset" UID="www-data" GID="www-data" EUID="www-data" SUID="www-data" FSUID="www-data" EGID="www-data" SGID="www-data" FSGID="www-data"
type=SOCKADDR msg=audit(1772218195.627:1900): saddr=0A0001BB000000002607F9780005800200000000C68FA4FB00000000SADDR={ saddr_fam=inet6 laddr=2607:f978:5:8002::c68f:a4fb lport=443 }
type=PROCTITLE msg=audit(1772218195.627:1900): proctitle=2F7573722F7362696E2F61706163686532002D6B007374617274
type=SYSCALL msg=audit(1772218195.627:1901): arch=c000003e syscall=42 success=no exit=-115 a0=12 a1=57b02cfc2388 a2=10 a3=12 items=0 ppid=930 pid=1231 auid=4294967295 uid=33 gid=33 euid=33 suid=33 fsuid=33 egid=33 sgid=33 fsgid=33 tty=(none) ses=4294967295 comm="apache2" exe="/usr/sbin/apache2" subj=unconfined key="T1043_Commonly_Used_Port"ARCH=x86_64 SYSCALL=connect AUID="unset" UID="www-data" GID="www-data" EUID="www-data" SUID="www-data" FSUID="www-data" EGID="www-data" SGID="www-data" FSGID="www-data"
type=SOCKADDR msg=audit(1772218195.627:1901): saddr=020001BBC68FA4FB0000000000000000SADDR={ saddr_fam=inet laddr=198.143.164.251 lport=443 }
type=PROCTITLE msg=audit(1772218195.627:1901): proctitle=2F7573722F7362696E2F61706163686532002D6B007374617274
type=SYSCALL msg=audit(1772218196.143:1902): arch=c000003e syscall=42 success=yes exit=0 a0=14 a1=7c08ed44fd8c a2=10 a3=7c08ed44c504 items=0 ppid=930 pid=1231 auid=4294967295 uid=33 gid=33 euid=33 suid=33 fsuid=33 egid=33 sgid=33 fsgid=33 tty=(none) ses=4294967295 comm="apache2" exe="/usr/sbin/apache2" subj=unconfined key="T1043_Commonly_Used_Port"ARCH=x86_64 SYSCALL=connect AUID="unset" UID="www-data" GID="www-data" EUID="www-data" SUID="www-data" FSUID="www-data" EGID="www-data" SGID="www-data" FSGID="www-data"
type=SOCKADDR msg=audit(1772218196.143:1902): saddr=020000357F0000350000000000000000SADDR={ saddr_fam=inet laddr=127.0.0.53 lport=53 }
type=PROCTITLE msg=audit(1772218196.143:1902): proctitle=2F7573722F7362696E2F61706163686532002D6B007374617274
type=SYSCALL msg=audit(1772218196.143:1903): arch=c000003e syscall=42 success=yes exit=0 a0=14 a1=7c08e8000de0 a2=10 a3=0 items=0 ppid=930 pid=1231 auid=4294967295 uid=33 gid=33 euid=33 suid=33 fsuid=33 egid=33 sgid=33 fsgid=33 tty=(none) ses=4294967295 comm="apache2" exe="/usr/sbin/apache2" subj=unconfined key="T1043_Commonly_Used_Port"ARCH=x86_64 SYSCALL=connect AUID="unset" UID="www-data" GID="www-data" EUID="www-data" SUID="www-data" FSUID="www-data" EGID="www-data" SGID="www-data" FSGID="www-data"
type=SOCKADDR msg=audit(1772218196.143:1903): saddr=020001BBC68FA4FB0000000000000000SADDR={ saddr_fam=inet laddr=198.143.164.251 lport=443 }
type=PROCTITLE msg=audit(1772218196.143:1903): proctitle=2F7573722F7362696E2F61706163686532002D6B007374617274
type=SYSCALL msg=audit(1772218196.143:1904): arch=c000003e syscall=42 success=yes exit=0 a0=14 a1=7c08e8000e30 a2=1c a3=0 items=0 ppid=930 pid=1231 auid=4294967295 uid=33 gid=33 euid=33 suid=33 fsuid=33 egid=33 sgid=33 fsgid=33 tty=(none) ses=4294967295 comm="apache2" exe="/usr/sbin/apache2" subj=unconfined key="T1043_Commonly_Used_Port"ARCH=x86_64 SYSCALL=connect AUID="unset" UID="www-data" GID="www-data" EUID="www-data" SUID="www-data" FSUID="www-data" EGID="www-data" SGID="www-data" FSGID="www-data"
type=SOCKADDR msg=audit(1772218196.143:1904): saddr=0A0001BB000000002607F9780005800200000000C68FA4FB00000000SADDR={ saddr_fam=inet6 laddr=2607:f978:5:8002::c68f:a4fb lport=443 }
type=PROCTITLE msg=audit(1772218196.143:1904): proctitle=2F7573722F7362696E2F61706163686532002D6B007374617274
type=SYSCALL msg=audit(1772218196.144:1905): arch=c000003e syscall=42 success=no exit=-115 a0=12 a1=57b02d43e7f8 a2=10 a3=12 items=0 ppid=930 pid=1231 auid=4294967295 uid=33 gid=33 euid=33 suid=33 fsuid=33 egid=33 sgid=33 fsgid=33 tty=(none) ses=4294967295 comm="apache2" exe="/usr/sbin/apache2" subj=unconfined key="T1043_Commonly_Used_Port"ARCH=x86_64 SYSCALL=connect AUID="unset" UID="www-data" GID="www-data" EUID="www-data" SUID="www-data" FSUID="www-data" EGID="www-data" SGID="www-data" FSGID="www-data"
type=SOCKADDR msg=audit(1772218196.144:1905): saddr=020001BBC68FA4FB0000000000000000SADDR={ saddr_fam=inet laddr=198.143.164.251 lport=443 }
type=PROCTITLE msg=audit(1772218196.144:1905): proctitle=2F7573722F7362696E2F61706163686532002D6B007374617274
type=SYSCALL msg=audit(1772218196.615:1906): arch=c000003e syscall=42 success=yes exit=0 a0=14 a1=7c08ed44fd8c a2=10 a3=7c08ed44c504 items=0 ppid=930 pid=1231 auid=4294967295 uid=33 gid=33 euid=33 suid=33 fsuid=33 egid=33 sgid=33 fsgid=33 tty=(none) ses=4294967295 comm="apache2" exe="/usr/sbin/apache2" subj=unconfined key="T1043_Commonly_Used_Port"ARCH=x86_64 SYSCALL=connect AUID="unset" UID="www-data" GID="www-data" EUID="www-data" SUID="www-data" FSUID="www-data" EGID="www-data" SGID="www-data" FSGID="www-data"
type=SOCKADDR msg=audit(1772218196.615:1906): saddr=020000357F0000350000000000000000SADDR={ saddr_fam=inet laddr=127.0.0.53 lport=53 }
type=PROCTITLE msg=audit(1772218196.615:1906): proctitle=2F7573722F7362696E2F61706163686532002D6B007374617274
type=SYSCALL msg=audit(1772218196.616:1907): arch=c000003e syscall=42 success=yes exit=0 a0=14 a1=7c08e80014b0 a2=10 a3=0 items=0 ppid=930 pid=1231 auid=4294967295 uid=33 gid=33 euid=33 suid=33 fsuid=33 egid=33 sgid=33 fsgid=33 tty=(none) ses=4294967295 comm="apache2" exe="/usr/sbin/apache2" subj=unconfined key="T1043_Commonly_Used_Port"ARCH=x86_64 SYSCALL=connect AUID="unset" UID="www-data" GID="www-data" EUID="www-data" SUID="www-data" FSUID="www-data" EGID="www-data" SGID="www-data" FSGID="www-data"
type=SOCKADDR msg=audit(1772218196.616:1907): saddr=020001BBC68FA4FB0000000000000000SADDR={ saddr_fam=inet laddr=198.143.164.251 lport=443 }
type=PROCTITLE msg=audit(1772218196.616:1907): proctitle=2F7573722F7362696E2F61706163686532002D6B007374617274
type=SYSCALL msg=audit(1772218196.616:1908): arch=c000003e syscall=42 success=yes exit=0 a0=14 a1=7c08e8000de0 a2=1c a3=0 items=0 ppid=930 pid=1231 auid=4294967295 uid=33 gid=33 euid=33 suid=33 fsuid=33 egid=33 sgid=33 fsgid=33 tty=(none) ses=4294967295 comm="apache2" exe="/usr/sbin/apache2" subj=unconfined key="T1043_Commonly_Used_Port"ARCH=x86_64 SYSCALL=connect AUID="unset" UID="www-data" GID="www-data" EUID="www-data" SUID="www-data" FSUID="www-data" EGID="www-data" SGID="www-data" FSGID="www-data"
type=SOCKADDR msg=audit(1772218196.616:1908): saddr=0A0001BB000000002607F9780005800200000000C68FA4FB00000000SADDR={ saddr_fam=inet6 laddr=2607:f978:5:8002::c68f:a4fb lport=443 }
type=PROCTITLE msg=audit(1772218196.616:1908): proctitle=2F7573722F7362696E2F61706163686532002D6B007374617274
type=SYSCALL msg=audit(1772218196.616:1909): arch=c000003e syscall=42 success=no exit=-115 a0=12 a1=57b02d43e7f8 a2=10 a3=12 items=0 ppid=930 pid=1231 auid=4294967295 uid=33 gid=33 euid=33 suid=33 fsuid=33 egid=33 sgid=33 fsgid=33 tty=(none) ses=4294967295 comm="apache2" exe="/usr/sbin/apache2" subj=unconfined key="T1043_Commonly_Used_Port"ARCH=x86_64 SYSCALL=connect AUID="unset" UID="www-data" GID="www-data" EUID="www-data" SUID="www-data" FSUID="www-data" EGID="www-data" SGID="www-data" FSGID="www-data"
type=SOCKADDR msg=audit(1772218196.616:1909): saddr=020001BBC68FA4FB0000000000000000SADDR={ saddr_fam=inet laddr=198.143.164.251 lport=443 }
type=PROCTITLE msg=audit(1772218196.616:1909): proctitle=2F7573722F7362696E2F61706163686532002D6B007374617274
type=SYSCALL msg=audit(1772218197.577:1910): arch=c000003e syscall=42 success=yes exit=0 a0=14 a1=7c08ed44fd8c a2=10 a3=7c08ed44c504 items=0 ppid=930 pid=1231 auid=4294967295 uid=33 gid=33 euid=33 suid=33 fsuid=33 egid=33 sgid=33 fsgid=33 tty=(none) ses=4294967295 comm="apache2" exe="/usr/sbin/apache2" subj=unconfined key="T1043_Commonly_Used_Port"ARCH=x86_64 SYSCALL=connect AUID="unset" UID="www-data" GID="www-data" EUID="www-data" SUID="www-data" FSUID="www-data" EGID="www-data" SGID="www-data" FSGID="www-data"
type=SOCKADDR msg=audit(1772218197.577:1910): saddr=020000357F0000350000000000000000SADDR={ saddr_fam=inet laddr=127.0.0.53 lport=53 }
type=PROCTITLE msg=audit(1772218197.577:1910): proctitle=2F7573722F7362696E2F61706163686532002D6B007374617274
type=SYSCALL msg=audit(1772218197.578:1911): arch=c000003e syscall=42 success=yes exit=0 a0=14 a1=7c08e8000de0 a2=10 a3=0 items=0 ppid=930 pid=1231 auid=4294967295 uid=33 gid=33 euid=33 suid=33 fsuid=33 egid=33 sgid=33 fsgid=33 tty=(none) ses=4294967295 comm="apache2" exe="/usr/sbin/apache2" subj=unconfined key="T1043_Commonly_Used_Port"ARCH=x86_64 SYSCALL=connect AUID="unset" UID="www-data" GID="www-data" EUID="www-data" SUID="www-data" FSUID="www-data" EGID="www-data" SGID="www-data" FSGID="www-data"
type=SOCKADDR msg=audit(1772218197.578:1911): saddr=020001BBC68FA4FB0000000000000000SADDR={ saddr_fam=inet laddr=198.143.164.251 lport=443 }
type=PROCTITLE msg=audit(1772218197.578:1911): proctitle=2F7573722F7362696E2F61706163686532002D6B007374617274
type=SYSCALL msg=audit(1772218197.578:1912): arch=c000003e syscall=42 success=yes exit=0 a0=14 a1=7c08e8000e30 a2=1c a3=0 items=0 ppid=930 pid=1231 auid=4294967295 uid=33 gid=33 euid=33 suid=33 fsuid=33 egid=33 sgid=33 fsgid=33 tty=(none) ses=4294967295 comm="apache2" exe="/usr/sbin/apache2" subj=unconfined key="T1043_Commonly_Used_Port"ARCH=x86_64 SYSCALL=connect AUID="unset" UID="www-data" GID="www-data" EUID="www-data" SUID="www-data" FSUID="www-data" EGID="www-data" SGID="www-data" FSGID="www-data"
type=SOCKADDR msg=audit(1772218197.578:1912): saddr=0A0001BB000000002607F9780005800200000000C68FA4FB00000000SADDR={ saddr_fam=inet6 laddr=2607:f978:5:8002::c68f:a4fb lport=443 }
type=PROCTITLE msg=audit(1772218197.578:1912): proctitle=2F7573722F7362696E2F61706163686532002D6B007374617274
type=SYSCALL msg=audit(1772218197.578:1913): arch=c000003e syscall=42 success=no exit=-115 a0=12 a1=57b02d43e7f8 a2=10 a3=12 items=0 ppid=930 pid=1231 auid=4294967295 uid=33 gid=33 euid=33 suid=33 fsuid=33 egid=33 sgid=33 fsgid=33 tty=(none) ses=4294967295 comm="apache2" exe="/usr/sbin/apache2" subj=unconfined key="T1043_Commonly_Used_Port"ARCH=x86_64 SYSCALL=connect AUID="unset" UID="www-data" GID="www-data" EUID="www-data" SUID="www-data" FSUID="www-data" EGID="www-data" SGID="www-data" FSGID="www-data"
type=SOCKADDR msg=audit(1772218197.578:1913): saddr=020001BBC68FA4FB0000000000000000SADDR={ saddr_fam=inet laddr=198.143.164.251 lport=443 }
type=PROCTITLE msg=audit(1772218197.578:1913): proctitle=2F7573722F7362696E2F61706163686532002D6B007374617274
type=SYSCALL msg=audit(1772218200.287:1914): arch=c000003e syscall=42 success=yes exit=0 a0=10 a1=7ffebf71fe80 a2=1d a3=1 items=1 ppid=930 pid=1407 auid=4294967295 uid=33 gid=33 euid=33 suid=33 fsuid=33 egid=33 sgid=33 fsgid=33 tty=(none) ses=4294967295 comm="apache2" exe="/usr/sbin/apache2" subj=unconfined key="T1043_Commonly_Used_Port"ARCH=x86_64 SYSCALL=connect AUID="unset" UID="www-data" GID="www-data" EUID="www-data" SUID="www-data" FSUID="www-data" EGID="www-data" SGID="www-data" FSGID="www-data"
type=SOCKADDR msg=audit(1772218200.287:1914): saddr=01002F7661722F72756E2F6D7973716C642F6D7973716C642E736F636BSADDR={ saddr_fam=local path=/var/run/mysqld/mysqld.sock }
type=PATH msg=audit(1772218200.287:1914): item=0 name="/var/run/mysqld/mysqld.sock" inode=1369 dev=00:18 mode=0140777 ouid=111 ogid=111 rdev=00:00 nametype=NORMAL cap_fp=0 cap_fi=0 cap_fe=0 cap_fver=0 cap_frootid=0OUID="mysql" OGID="mysql"
type=PROCTITLE msg=audit(1772218200.287:1914): proctitle=2F7573722F7362696E2F61706163686532002D6B007374617274
type=SYSCALL msg=audit(1772218200.496:1915): arch=c000003e syscall=42 success=yes exit=0 a0=10 a1=7ffebf71fe80 a2=1d a3=1 items=1 ppid=930 pid=1407 auid=4294967295 uid=33 gid=33 euid=33 suid=33 fsuid=33 egid=33 sgid=33 fsgid=33 tty=(none) ses=4294967295 comm="apache2" exe="/usr/sbin/apache2" subj=unconfined key="T1043_Commonly_Used_Port"ARCH=x86_64 SYSCALL=connect AUID="unset" UID="www-data" GID="www-data" EUID="www-data" SUID="www-data" FSUID="www-data" EGID="www-data" SGID="www-data" FSGID="www-data"
type=SOCKADDR msg=audit(1772218200.496:1915): saddr=01002F7661722F72756E2F6D7973716C642F6D7973716C642E736F636BSADDR={ saddr_fam=local path=/var/run/mysqld/mysqld.sock }
type=PATH msg=audit(1772218200.496:1915): item=0 name="/var/run/mysqld/mysqld.sock" inode=1369 dev=00:18 mode=0140777 ouid=111 ogid=111 rdev=00:00 nametype=NORMAL cap_fp=0 cap_fi=0 cap_fe=0 cap_fver=0 cap_frootid=0OUID="mysql" OGID="mysql"
type=PROCTITLE msg=audit(1772218200.496:1915): proctitle=2F7573722F7362696E2F61706163686532002D6B007374617274
type=SYSCALL msg=audit(1772218200.526:1916): arch=c000003e syscall=42 success=yes exit=0 a0=f a1=7ffebf71fe80 a2=1d a3=1 items=1 ppid=930 pid=1404 auid=4294967295 uid=33 gid=33 euid=33 suid=33 fsuid=33 egid=33 sgid=33 fsgid=33 tty=(none) ses=4294967295 comm="apache2" exe="/usr/sbin/apache2" subj=unconfined key="T1043_Commonly_Used_Port"ARCH=x86_64 SYSCALL=connect AUID="unset" UID="www-data" GID="www-data" EUID="www-data" SUID="www-data" FSUID="www-data" EGID="www-data" SGID="www-data" FSGID="www-data"
type=SOCKADDR msg=audit(1772218200.526:1916): saddr=01002F7661722F72756E2F6D7973716C642F6D7973716C642E736F636BSADDR={ saddr_fam=local path=/var/run/mysqld/mysqld.sock }
type=PATH msg=audit(1772218200.526:1916): item=0 name="/var/run/mysqld/mysqld.sock" inode=1369 dev=00:18 mode=0140777 ouid=111 ogid=111 rdev=00:00 nametype=NORMAL cap_fp=0 cap_fi=0 cap_fe=0 cap_fver=0 cap_frootid=0OUID="mysql" OGID="mysql"
type=PROCTITLE msg=audit(1772218200.526:1916): proctitle=2F7573722F7362696E2F61706163686532002D6B007374617274
type=SYSCALL msg=audit(1772218200.592:1917): arch=c000003e syscall=42 success=yes exit=0 a0=15 a1=7c08ee9ffd8c a2=10 a3=7c08ee9fc504 items=0 ppid=930 pid=1407 auid=4294967295 uid=33 gid=33 euid=33 suid=33 fsuid=33 egid=33 sgid=33 fsgid=33 tty=(none) ses=4294967295 comm="apache2" exe="/usr/sbin/apache2" subj=unconfined key="T1043_Commonly_Used_Port"ARCH=x86_64 SYSCALL=connect AUID="unset" UID="www-data" GID="www-data" EUID="www-data" SUID="www-data" FSUID="www-data" EGID="www-data" SGID="www-data" FSGID="www-data"
type=SOCKADDR msg=audit(1772218200.592:1917): saddr=020000357F0000350000000000000000SADDR={ saddr_fam=inet laddr=127.0.0.53 lport=53 }
type=PROCTITLE msg=audit(1772218200.592:1917): proctitle=2F7573722F7362696E2F61706163686532002D6B007374617274
type=SYSCALL msg=audit(1772218200.596:1918): arch=c000003e syscall=42 success=yes exit=0 a0=15 a1=7c08e8000de0 a2=10 a3=0 items=0 ppid=930 pid=1407 auid=4294967295 uid=33 gid=33 euid=33 suid=33 fsuid=33 egid=33 sgid=33 fsgid=33 tty=(none) ses=4294967295 comm="apache2" exe="/usr/sbin/apache2" subj=unconfined key="T1043_Commonly_Used_Port"ARCH=x86_64 SYSCALL=connect AUID="unset" UID="www-data" GID="www-data" EUID="www-data" SUID="www-data" FSUID="www-data" EGID="www-data" SGID="www-data" FSGID="www-data"
type=SOCKADDR msg=audit(1772218200.596:1918): saddr=020001BBC68FA4FB0000000000000000SADDR={ saddr_fam=inet laddr=198.143.164.251 lport=443 }
type=PROCTITLE msg=audit(1772218200.596:1918): proctitle=2F7573722F7362696E2F61706163686532002D6B007374617274
type=SYSCALL msg=audit(1772218200.596:1919): arch=c000003e syscall=42 success=yes exit=0 a0=15 a1=7c08e8000e30 a2=1c a3=0 items=0 ppid=930 pid=1407 auid=4294967295 uid=33 gid=33 euid=33 suid=33 fsuid=33 egid=33 sgid=33 fsgid=33 tty=(none) ses=4294967295 comm="apache2" exe="/usr/sbin/apache2" subj=unconfined key="T1043_Commonly_Used_Port"ARCH=x86_64 SYSCALL=connect AUID="unset" UID="www-data" GID="www-data" EUID="www-data" SUID="www-data" FSUID="www-data" EGID="www-data" SGID="www-data" FSGID="www-data"
type=SOCKADDR msg=audit(1772218200.596:1919): saddr=0A0001BB000000002607F9780005800200000000C68FA4FB00000000SADDR={ saddr_fam=inet6 laddr=2607:f978:5:8002::c68f:a4fb lport=443 }
type=PROCTITLE msg=audit(1772218200.596:1919): proctitle=2F7573722F7362696E2F61706163686532002D6B007374617274
type=SYSCALL msg=audit(1772218200.596:1920): arch=c000003e syscall=42 success=no exit=-115 a0=13 a1=57b02d0870e8 a2=10 a3=13 items=0 ppid=930 pid=1407 auid=4294967295 uid=33 gid=33 euid=33 suid=33 fsuid=33 egid=33 sgid=33 fsgid=33 tty=(none) ses=4294967295 comm="apache2" exe="/usr/sbin/apache2" subj=unconfined key="T1043_Commonly_Used_Port"ARCH=x86_64 SYSCALL=connect AUID="unset" UID="www-data" GID="www-data" EUID="www-data" SUID="www-data" FSUID="www-data" EGID="www-data" SGID="www-data" FSGID="www-data"
type=SOCKADDR msg=audit(1772218200.596:1920): saddr=020001BBC68FA4FB0000000000000000SADDR={ saddr_fam=inet laddr=198.143.164.251 lport=443 }
type=PROCTITLE msg=audit(1772218200.596:1920): proctitle=2F7573722F7362696E2F61706163686532002D6B007374617274
type=SYSCALL msg=audit(1772218200.767:1921): arch=c000003e syscall=42 success=yes exit=0 a0=10 a1=7c08ff80b694 a2=10 a3=7ffebf71e604 items=0 ppid=930 pid=1404 auid=4294967295 uid=33 gid=33 euid=33 suid=33 fsuid=33 egid=33 sgid=33 fsgid=33 tty=(none) ses=4294967295 comm="apache2" exe="/usr/sbin/apache2" subj=unconfined key="T1043_Commonly_Used_Port"ARCH=x86_64 SYSCALL=connect AUID="unset" UID="www-data" GID="www-data" EUID="www-data" SUID="www-data" FSUID="www-data" EGID="www-data" SGID="www-data" FSGID="www-data"
type=SOCKADDR msg=audit(1772218200.767:1921): saddr=020000357F0000350000000000000000SADDR={ saddr_fam=inet laddr=127.0.0.53 lport=53 }
type=PROCTITLE msg=audit(1772218200.767:1921): proctitle=2F7573722F7362696E2F61706163686532002D6B007374617274
type=SYSCALL msg=audit(1772218200.822:1922): arch=c000003e syscall=42 success=yes exit=0 a0=14 a1=7c08eebffd8c a2=10 a3=7c08eebfc504 items=0 ppid=930 pid=1404 auid=4294967295 uid=33 gid=33 euid=33 suid=33 fsuid=33 egid=33 sgid=33 fsgid=33 tty=(none) ses=4294967295 comm="apache2" exe="/usr/sbin/apache2" subj=unconfined key="T1043_Commonly_Used_Port"ARCH=x86_64 SYSCALL=connect AUID="unset" UID="www-data" GID="www-data" EUID="www-data" SUID="www-data" FSUID="www-data" EGID="www-data" SGID="www-data" FSGID="www-data"
type=SOCKADDR msg=audit(1772218200.822:1922): saddr=020000357F0000350000000000000000SADDR={ saddr_fam=inet laddr=127.0.0.53 lport=53 }
type=PROCTITLE msg=audit(1772218200.822:1922): proctitle=2F7573722F7362696E2F61706163686532002D6B007374617274
type=SYSCALL msg=audit(1772218200.852:1923): arch=c000003e syscall=42 success=yes exit=0 a0=14 a1=7c08e8000de0 a2=10 a3=0 items=0 ppid=930 pid=1404 auid=4294967295 uid=33 gid=33 euid=33 suid=33 fsuid=33 egid=33 sgid=33 fsgid=33 tty=(none) ses=4294967295 comm="apache2" exe="/usr/sbin/apache2" subj=unconfined key="T1043_Commonly_Used_Port"ARCH=x86_64 SYSCALL=connect AUID="unset" UID="www-data" GID="www-data" EUID="www-data" SUID="www-data" FSUID="www-data" EGID="www-data" SGID="www-data" FSGID="www-data"
type=SOCKADDR msg=audit(1772218200.852:1923): saddr=020001BBC68FA4FC0000000000000000SADDR={ saddr_fam=inet laddr=198.143.164.252 lport=443 }
type=PROCTITLE msg=audit(1772218200.852:1923): proctitle=2F7573722F7362696E2F61706163686532002D6B007374617274
type=SYSCALL msg=audit(1772218200.852:1924): arch=c000003e syscall=42 success=yes exit=0 a0=14 a1=7c08e8000e30 a2=1c a3=0 items=0 ppid=930 pid=1404 auid=4294967295 uid=33 gid=33 euid=33 suid=33 fsuid=33 egid=33 sgid=33 fsgid=33 tty=(none) ses=4294967295 comm="apache2" exe="/usr/sbin/apache2" subj=unconfined key="T1043_Commonly_Used_Port"ARCH=x86_64 SYSCALL=connect AUID="unset" UID="www-data" GID="www-data" EUID="www-data" SUID="www-data" FSUID="www-data" EGID="www-data" SGID="www-data" FSGID="www-data"
type=SOCKADDR msg=audit(1772218200.852:1924): saddr=0A0001BB000000002607F9780005800200000000C68FA4FC00000000SADDR={ saddr_fam=inet6 laddr=2607:f978:5:8002::c68f:a4fc lport=443 }
type=PROCTITLE msg=audit(1772218200.852:1924): proctitle=2F7573722F7362696E2F61706163686532002D6B007374617274
type=SYSCALL msg=audit(1772218200.852:1925): arch=c000003e syscall=42 success=no exit=-115 a0=12 a1=57b02d086dd8 a2=10 a3=12 items=0 ppid=930 pid=1404 auid=4294967295 uid=33 gid=33 euid=33 suid=33 fsuid=33 egid=33 sgid=33 fsgid=33 tty=(none) ses=4294967295 comm="apache2" exe="/usr/sbin/apache2" subj=unconfined key="T1043_Commonly_Used_Port"ARCH=x86_64 SYSCALL=connect AUID="unset" UID="www-data" GID="www-data" EUID="www-data" SUID="www-data" FSUID="www-data" EGID="www-data" SGID="www-data" FSGID="www-data"
type=SOCKADDR msg=audit(1772218200.852:1925): saddr=020001BBC68FA4FC0000000000000000SADDR={ saddr_fam=inet laddr=198.143.164.252 lport=443 }
type=PROCTITLE msg=audit(1772218200.852:1925): proctitle=2F7573722F7362696E2F61706163686532002D6B007374617274
type=SYSCALL msg=audit(1772218201.619:1926): arch=c000003e syscall=42 success=yes exit=0 a0=10 a1=7c08ff80b694 a2=10 a3=7ffebf71e604 items=0 ppid=930 pid=1404 auid=4294967295 uid=33 gid=33 euid=33 suid=33 fsuid=33 egid=33 sgid=33 fsgid=33 tty=(none) ses=4294967295 comm="apache2" exe="/usr/sbin/apache2" subj=unconfined key="T1043_Commonly_Used_Port"ARCH=x86_64 SYSCALL=connect AUID="unset" UID="www-data" GID="www-data" EUID="www-data" SUID="www-data" FSUID="www-data" EGID="www-data" SGID="www-data" FSGID="www-data"
type=SOCKADDR msg=audit(1772218201.619:1926): saddr=020000357F0000350000000000000000SADDR={ saddr_fam=inet laddr=127.0.0.53 lport=53 }
type=PROCTITLE msg=audit(1772218201.619:1926): proctitle=2F7573722F7362696E2F61706163686532002D6B007374617274
type=SYSCALL msg=audit(1772218201.650:1927): arch=c000003e syscall=42 success=yes exit=0 a0=14 a1=7c08eebffd8c a2=10 a3=7c08eebfc504 items=0 ppid=930 pid=1404 auid=4294967295 uid=33 gid=33 euid=33 suid=33 fsuid=33 egid=33 sgid=33 fsgid=33 tty=(none) ses=4294967295 comm="apache2" exe="/usr/sbin/apache2" subj=unconfined key="T1043_Commonly_Used_Port"ARCH=x86_64 SYSCALL=connect AUID="unset" UID="www-data" GID="www-data" EUID="www-data" SUID="www-data" FSUID="www-data" EGID="www-data" SGID="www-data" FSGID="www-data"
type=SOCKADDR msg=audit(1772218201.650:1927): saddr=020000357F0000350000000000000000SADDR={ saddr_fam=inet laddr=127.0.0.53 lport=53 }
type=PROCTITLE msg=audit(1772218201.650:1927): proctitle=2F7573722F7362696E2F61706163686532002D6B007374617274
type=SYSCALL msg=audit(1772218201.656:1928): arch=c000003e syscall=42 success=yes exit=0 a0=14 a1=7c08e80014b0 a2=10 a3=0 items=0 ppid=930 pid=1404 auid=4294967295 uid=33 gid=33 euid=33 suid=33 fsuid=33 egid=33 sgid=33 fsgid=33 tty=(none) ses=4294967295 comm="apache2" exe="/usr/sbin/apache2" subj=unconfined key="T1043_Commonly_Used_Port"ARCH=x86_64 SYSCALL=connect AUID="unset" UID="www-data" GID="www-data" EUID="www-data" SUID="www-data" FSUID="www-data" EGID="www-data" SGID="www-data" FSGID="www-data"
type=SOCKADDR msg=audit(1772218201.656:1928): saddr=020001BBC68FA4FC0000000000000000SADDR={ saddr_fam=inet laddr=198.143.164.252 lport=443 }
type=PROCTITLE msg=audit(1772218201.656:1928): proctitle=2F7573722F7362696E2F61706163686532002D6B007374617274
type=SYSCALL msg=audit(1772218201.656:1929): arch=c000003e syscall=42 success=yes exit=0 a0=14 a1=7c08e8000de0 a2=1c a3=0 items=0 ppid=930 pid=1404 auid=4294967295 uid=33 gid=33 euid=33 suid=33 fsuid=33 egid=33 sgid=33 fsgid=33 tty=(none) ses=4294967295 comm="apache2" exe="/usr/sbin/apache2" subj=unconfined key="T1043_Commonly_Used_Port"ARCH=x86_64 SYSCALL=connect AUID="unset" UID="www-data" GID="www-data" EUID="www-data" SUID="www-data" FSUID="www-data" EGID="www-data" SGID="www-data" FSGID="www-data"
type=SOCKADDR msg=audit(1772218201.656:1929): saddr=0A0001BB000000002607F9780005800200000000C68FA4FC00000000SADDR={ saddr_fam=inet6 laddr=2607:f978:5:8002::c68f:a4fc lport=443 }
type=PROCTITLE msg=audit(1772218201.656:1929): proctitle=2F7573722F7362696E2F61706163686532002D6B007374617274
type=SYSCALL msg=audit(1772218201.657:1930): arch=c000003e syscall=42 success=no exit=-115 a0=12 a1=57b02ce0c3f8 a2=10 a3=12 items=0 ppid=930 pid=1404 auid=4294967295 uid=33 gid=33 euid=33 suid=33 fsuid=33 egid=33 sgid=33 fsgid=33 tty=(none) ses=4294967295 comm="apache2" exe="/usr/sbin/apache2" subj=unconfined key="T1043_Commonly_Used_Port"ARCH=x86_64 SYSCALL=connect AUID="unset" UID="www-data" GID="www-data" EUID="www-data" SUID="www-data" FSUID="www-data" EGID="www-data" SGID="www-data" FSGID="www-data"
type=SOCKADDR msg=audit(1772218201.657:1930): saddr=020001BBC68FA4FC0000000000000000SADDR={ saddr_fam=inet laddr=198.143.164.252 lport=443 }
type=PROCTITLE msg=audit(1772218201.657:1930): proctitle=2F7573722F7362696E2F61706163686532002D6B007374617274
type=SYSCALL msg=audit(1772218210.110:1931): arch=c000003e syscall=42 success=no exit=-115 a0=d a1=7c08ff8b4e20 a2=1c a3=7c08ff618eb0 items=0 ppid=1 pid=930 auid=4294967295 uid=0 gid=0 euid=0 suid=0 fsuid=0 egid=0 sgid=0 fsgid=0 tty=(none) ses=4294967295 comm="apache2" exe="/usr/sbin/apache2" subj=unconfined key="T1043_Commonly_Used_Port"ARCH=x86_64 SYSCALL=connect AUID="unset" UID="root" GID="root" EUID="root" SUID="root" FSUID="root" EGID="root" SGID="root" FSGID="root"
type=SOCKADDR msg=audit(1772218210.110:1931): saddr=0A000050000000000000000000000000000000000000000000000000SADDR={ saddr_fam=inet6 laddr=:: lport=80 }
type=PROCTITLE msg=audit(1772218210.110:1931): proctitle=2F7573722F7362696E2F61706163686532002D6B007374617274
type=SYSCALL msg=audit(1772218214.136:1932): arch=c000003e syscall=59 success=yes exit=0 a0=7ffc0884a420 a1=7ffc0884a440 a2=7ffc0884af48 a3=8 items=2 ppid=1 pid=1417 auid=4294967295 uid=0 gid=0 euid=0 suid=0 fsuid=0 egid=0 sgid=0 fsgid=0 tty=(none) ses=4294967295 comm="9" exe="/usr/lib/systemd/systemd-executor" subj=unconfined key="T1078_Valid_Accounts"ARCH=x86_64 SYSCALL=execve AUID="unset" UID="root" GID="root" EUID="root" SUID="root" FSUID="root" EGID="root" SGID="root" FSGID="root"
type=EXECVE msg=audit(1772218214.136:1932): argc=7 a0="/usr/lib/systemd/systemd-executor" a1="--deserialize" a2="99" a3="--log-level" a4="info" a5="--log-target" a6="journal-or-kmsg"
type=PATH msg=audit(1772218214.136:1932): item=0 name="/proc/self/fd/9" inode=1463834 dev=08:02 mode=0100755 ouid=0 ogid=0 rdev=00:00 nametype=NORMAL cap_fp=0 cap_fi=0 cap_fe=0 cap_fver=0 cap_frootid=0OUID="root" OGID="root"
type=PATH msg=audit(1772218214.136:1932): item=1 name="/lib64/ld-linux-x86-64.so.2" inode=1481429 dev=08:02 mode=0100755 ouid=0 ogid=0 rdev=00:00 nametype=NORMAL cap_fp=0 cap_fi=0 cap_fe=0 cap_fver=0 cap_frootid=0OUID="root" OGID="root"
type=PROCTITLE msg=audit(1772218214.136:1932): proctitle=2F7573722F6C69622F73797374656D642F73797374656D642D6578656375746F72002D2D646573657269616C697A65003939002D2D6C6F672D6C6576656C00696E666F002D2D6C6F672D746172676574006A6F75726E616C2D6F722D6B6D7367
type=SYSCALL msg=audit(1772218214.159:1933): arch=c000003e syscall=42 success=yes exit=0 a0=4 a1=7ffda46d6870 a2=1e a3=7ffda46d6920 items=1 ppid=1 pid=1417 auid=4294967295 uid=0 gid=0 euid=0 suid=0 fsuid=0 egid=0 sgid=0 fsgid=0 tty=(none) ses=4294967295 comm="9" exe="/usr/lib/systemd/systemd-executor" subj=unconfined key="T1043_Commonly_Used_Port"ARCH=x86_64 SYSCALL=connect AUID="unset" UID="root" GID="root" EUID="root" SUID="root" FSUID="root" EGID="root" SGID="root" FSGID="root"
type=SOCKADDR msg=audit(1772218214.159:1933): saddr=01002F72756E2F73797374656D642F6A6F75726E616C2F736F636B657400SADDR={ saddr_fam=local path=/run/systemd/journal/socket }
type=PATH msg=audit(1772218214.159:1933): item=0 name="/run/systemd/journal/socket" inode=464 dev=00:18 mode=0140666 ouid=0 ogid=0 rdev=00:00 nametype=NORMAL cap_fp=0 cap_fi=0 cap_fe=0 cap_fver=0 cap_frootid=0OUID="root" OGID="root"
type=PROCTITLE msg=audit(1772218214.159:1933): proctitle=2F7573722F6C69622F73797374656D642F73797374656D642D6578656375746F72002D2D646573657269616C697A65003939002D2D6C6F672D6C6576656C00696E666F002D2D6C6F672D746172676574006A6F75726E616C2D6F722D6B6D7367
type=SYSCALL msg=audit(1772218214.168:1934): arch=c000003e syscall=42 success=yes exit=0 a0=3 a1=7ffda46d63f0 a2=1e a3=fffffff7 items=1 ppid=1 pid=1417 auid=4294967295 uid=0 gid=0 euid=0 suid=0 fsuid=0 egid=0 sgid=0 fsgid=0 tty=(none) ses=4294967295 comm="(sa1)" exe="/usr/lib/systemd/systemd-executor" subj=unconfined key="T1043_Commonly_Used_Port"ARCH=x86_64 SYSCALL=connect AUID="unset" UID="root" GID="root" EUID="root" SUID="root" FSUID="root" EGID="root" SGID="root" FSGID="root"
type=SOCKADDR msg=audit(1772218214.168:1934): saddr=01002F72756E2F73797374656D642F6A6F75726E616C2F7374646F757400SADDR={ saddr_fam=local path=/run/systemd/journal/stdout }
type=PATH msg=audit(1772218214.168:1934): item=0 name="/run/systemd/journal/stdout" inode=465 dev=00:18 mode=0140666 ouid=0 ogid=0 rdev=00:00 nametype=NORMAL cap_fp=0 cap_fi=0 cap_fe=0 cap_fver=0 cap_frootid=0OUID="root" OGID="root"
type=PROCTITLE msg=audit(1772218214.168:1934): proctitle=2F7573722F6C69622F73797374656D642F73797374656D642D6578656375746F72002D2D646573657269616C697A65003939002D2D6C6F672D6C6576656C00696E666F002D2D6C6F672D746172676574006A6F75726E616C2D6F722D6B6D7367
type=SYSCALL msg=audit(1772218214.169:1935): arch=c000003e syscall=59 success=yes exit=0 a0=5cc640ee70c0 a1=5cc640ee71c0 a2=5cc640ee64b0 a3=5cc640ee7990 items=3 ppid=1 pid=1417 auid=4294967295 uid=0 gid=0 euid=0 suid=0 fsuid=0 egid=0 sgid=0 fsgid=0 tty=(none) ses=4294967295 comm="sa1" exe="/usr/bin/dash" subj=unconfined key="T1078_Valid_Accounts"ARCH=x86_64 SYSCALL=execve AUID="unset" UID="root" GID="root" EUID="root" SUID="root" FSUID="root" EGID="root" SGID="root" FSGID="root"
type=EXECVE msg=audit(1772218214.169:1935): argc=4 a0="/bin/sh" a1="/usr/lib/sysstat/sa1" a2="1" a3="1"
type=PATH msg=audit(1772218214.169:1935): item=0 name="/usr/lib/sysstat/sa1" inode=1456137 dev=08:02 mode=0100755 ouid=0 ogid=0 rdev=00:00 nametype=NORMAL cap_fp=0 cap_fi=0 cap_fe=0 cap_fver=0 cap_frootid=0OUID="root" OGID="root"
type=PATH msg=audit(1772218214.169:1935): item=1 name="/bin/sh" inode=1442345 dev=08:02 mode=0100755 ouid=0 ogid=0 rdev=00:00 nametype=NORMAL cap_fp=0 cap_fi=0 cap_fe=0 cap_fver=0 cap_frootid=0OUID="root" OGID="root"
type=PATH msg=audit(1772218214.169:1935): item=2 name="/lib64/ld-linux-x86-64.so.2" inode=1481429 dev=08:02 mode=0100755 ouid=0 ogid=0 rdev=00:00 nametype=NORMAL cap_fp=0 cap_fi=0 cap_fe=0 cap_fver=0 cap_frootid=0OUID="root" OGID="root"
type=PROCTITLE msg=audit(1772218214.169:1935): proctitle=2F7573722F6C69622F73797374656D642F73797374656D642D6578656375746F72002D2D646573657269616C697A65003939002D2D6C6F672D6C6576656C00696E666F002D2D6C6F672D746172676574006A6F75726E616C2D6F722D6B6D7367
type=SYSCALL msg=audit(1772218214.184:1936): arch=c000003e syscall=59 success=yes exit=0 a0=591415f54148 a1=591415f54228 a2=591415f54270 a3=0 items=2 ppid=1 pid=1417 auid=4294967295 uid=0 gid=0 euid=0 suid=0 fsuid=0 egid=0 sgid=0 fsgid=0 tty=(none) ses=4294967295 comm="sadc" exe="/usr/lib/sysstat/sadc" subj=unconfined key="T1078_Valid_Accounts"ARCH=x86_64 SYSCALL=execve AUID="unset" UID="root" GID="root" EUID="root" SUID="root" FSUID="root" EGID="root" SGID="root" FSGID="root"
type=EXECVE msg=audit(1772218214.184:1936): argc=8 a0="/usr/lib/sysstat/sadc" a1="-F" a2="-L" a3="-S" a4="DISK" a5="1" a6="1" a7="/var/log/sysstat"
type=PATH msg=audit(1772218214.184:1936): item=0 name="/usr/lib/sysstat/sadc" inode=1456139 dev=08:02 mode=0100755 ouid=0 ogid=0 rdev=00:00 nametype=NORMAL cap_fp=0 cap_fi=0 cap_fe=0 cap_fver=0 cap_frootid=0OUID="root" OGID="root"
type=PATH msg=audit(1772218214.184:1936): item=1 name="/lib64/ld-linux-x86-64.so.2" inode=1481429 dev=08:02 mode=0100755 ouid=0 ogid=0 rdev=00:00 nametype=NORMAL cap_fp=0 cap_fi=0 cap_fe=0 cap_fver=0 cap_frootid=0OUID="root" OGID="root"
type=PROCTITLE msg=audit(1772218214.184:1936): proctitle=2F7573722F6C69622F73797374656D642F73797374656D642D6578656375746F72002D2D646573657269616C697A65003939002D2D6C6F672D6C6576656C00696E666F002D2D6C6F672D746172676574006A6F75726E616C2D6F722D6B6D7367
type=SERVICE_START msg=audit(1772218214.211:1937): pid=1 uid=0 auid=4294967295 ses=4294967295 subj=unconfined msg='unit=sysstat-collect comm="systemd" exe="/usr/lib/systemd/systemd" hostname=? addr=? terminal=? res=success'UID="root" AUID="unset"
type=SERVICE_STOP msg=audit(1772218214.212:1938): pid=1 uid=0 auid=4294967295 ses=4294967295 subj=unconfined msg='unit=sysstat-collect comm="systemd" exe="/usr/lib/systemd/systemd" hostname=? addr=? terminal=? res=success'UID="root" AUID="unset"
type=SYSCALL msg=audit(1772218223.146:1939): arch=c000003e syscall=42 success=yes exit=0 a0=10 a1=7ffebf71fe80 a2=1d a3=1 items=1 ppid=930 pid=1230 auid=4294967295 uid=33 gid=33 euid=33 suid=33 fsuid=33 egid=33 sgid=33 fsgid=33 tty=(none) ses=4294967295 comm="apache2" exe="/usr/sbin/apache2" subj=unconfined key="T1043_Commonly_Used_Port"ARCH=x86_64 SYSCALL=connect AUID="unset" UID="www-data" GID="www-data" EUID="www-data" SUID="www-data" FSUID="www-data" EGID="www-data" SGID="www-data" FSGID="www-data"
type=SOCKADDR msg=audit(1772218223.146:1939): saddr=01002F7661722F72756E2F6D7973716C642F6D7973716C642E736F636BSADDR={ saddr_fam=local path=/var/run/mysqld/mysqld.sock }
type=PATH msg=audit(1772218223.146:1939): item=0 name="/var/run/mysqld/mysqld.sock" inode=1369 dev=00:18 mode=0140777 ouid=111 ogid=111 rdev=00:00 nametype=NORMAL cap_fp=0 cap_fi=0 cap_fe=0 cap_fver=0 cap_frootid=0OUID="mysql" OGID="mysql"
type=PROCTITLE msg=audit(1772218223.146:1939): proctitle=2F7573722F7362696E2F61706163686532002D6B007374617274
type=SYSCALL msg=audit(1772218223.870:1940): arch=c000003e syscall=42 success=yes exit=0 a0=f a1=7ffebf71fe80 a2=1d a3=1 items=1 ppid=930 pid=1398 auid=4294967295 uid=33 gid=33 euid=33 suid=33 fsuid=33 egid=33 sgid=33 fsgid=33 tty=(none) ses=4294967295 comm="apache2" exe="/usr/sbin/apache2" subj=unconfined key="T1043_Commonly_Used_Port"ARCH=x86_64 SYSCALL=connect AUID="unset" UID="www-data" GID="www-data" EUID="www-data" SUID="www-data" FSUID="www-data" EGID="www-data" SGID="www-data" FSGID="www-data"
type=SOCKADDR msg=audit(1772218223.870:1940): saddr=01002F7661722F72756E2F6D7973716C642F6D7973716C642E736F636BSADDR={ saddr_fam=local path=/var/run/mysqld/mysqld.sock }
type=PATH msg=audit(1772218223.870:1940): item=0 name="/var/run/mysqld/mysqld.sock" inode=1369 dev=00:18 mode=0140777 ouid=111 ogid=111 rdev=00:00 nametype=NORMAL cap_fp=0 cap_fi=0 cap_fe=0 cap_fver=0 cap_frootid=0OUID="mysql" OGID="mysql"
type=PROCTITLE msg=audit(1772218223.870:1940): proctitle=2F7573722F7362696E2F61706163686532002D6B007374617274
type=SYSCALL msg=audit(1772218224.194:1941): arch=c000003e syscall=106 success=yes exit=0 a0=21 a1=7c08ff8b14a0 a2=0 a3=22 items=0 ppid=930 pid=1419 auid=4294967295 uid=0 gid=33 euid=0 suid=0 fsuid=0 egid=33 sgid=33 fsgid=33 tty=(none) ses=4294967295 comm="apache2" exe="/usr/sbin/apache2" subj=unconfined key="T1166_Seuid_and_Setgid"ARCH=x86_64 SYSCALL=setgid AUID="unset" UID="root" GID="www-data" EUID="root" SUID="root" FSUID="root" EGID="www-data" SGID="www-data" FSGID="www-data"
type=PROCTITLE msg=audit(1772218224.194:1941): proctitle=2F7573722F7362696E2F61706163686532002D6B007374617274
type=SYSCALL msg=audit(1772218224.194:1942): arch=c000003e syscall=42 success=yes exit=0 a0=e a1=7ffebf7229f0 a2=2d a3=57b02d2082d0 items=1 ppid=930 pid=1419 auid=4294967295 uid=0 gid=33 euid=0 suid=0 fsuid=0 egid=33 sgid=33 fsgid=33 tty=(none) ses=4294967295 comm="apache2" exe="/usr/sbin/apache2" subj=unconfined key="T1043_Commonly_Used_Port"ARCH=x86_64 SYSCALL=connect AUID="unset" UID="root" GID="www-data" EUID="root" SUID="root" FSUID="root" EGID="www-data" SGID="www-data" FSGID="www-data"
type=SOCKADDR msg=audit(1772218224.194:1942): saddr=01002F72756E2F73797374656D642F7573657264622F696F2E73797374656D642E44796E616D69635573657200SADDR={ saddr_fam=local path=/run/systemd/userdb/io.systemd.DynamicUser }
type=PATH msg=audit(1772218224.194:1942): item=0 name="/run/systemd/userdb/io.systemd.DynamicUser" inode=451 dev=00:18 mode=0140666 ouid=0 ogid=0 rdev=00:00 nametype=NORMAL cap_fp=0 cap_fi=0 cap_fe=0 cap_fver=0 cap_frootid=0OUID="root" OGID="root"
type=PROCTITLE msg=audit(1772218224.194:1942): proctitle=2F7573722F7362696E2F61706163686532002D6B007374617274
type=SYSCALL msg=audit(1772218224.201:1943): arch=c000003e syscall=105 success=yes exit=0 a0=21 a1=57b02d07fe80 a2=57b5562259ef a3=57b02d07fe90 items=0 ppid=930 pid=1419 auid=4294967295 uid=33 gid=33 euid=33 suid=33 fsuid=33 egid=33 sgid=33 fsgid=33 tty=(none) ses=4294967295 comm="apache2" exe="/usr/sbin/apache2" subj=unconfined key="T1166_Seuid_and_Setgid"ARCH=x86_64 SYSCALL=setuid AUID="unset" UID="www-data" GID="www-data" EUID="www-data" SUID="www-data" FSUID="www-data" EGID="www-data" SGID="www-data" FSGID="www-data"
type=PROCTITLE msg=audit(1772218224.201:1943): proctitle=2F7573722F7362696E2F61706163686532002D6B007374617274
type=SYSCALL msg=audit(1772218235.116:1944): arch=c000003e syscall=42 success=no exit=-115 a0=d a1=7c08ff8b4e20 a2=1c a3=b items=0 ppid=1 pid=930 auid=4294967295 uid=0 gid=0 euid=0 suid=0 fsuid=0 egid=0 sgid=0 fsgid=0 tty=(none) ses=4294967295 comm="apache2" exe="/usr/sbin/apache2" subj=unconfined key="T1043_Commonly_Used_Port"ARCH=x86_64 SYSCALL=connect AUID="unset" UID="root" GID="root" EUID="root" SUID="root" FSUID="root" EGID="root" SGID="root" FSGID="root"
type=SOCKADDR msg=audit(1772218235.116:1944): saddr=0A000050000000000000000000000000000000000000000000000000SADDR={ saddr_fam=inet6 laddr=:: lport=80 }
type=PROCTITLE msg=audit(1772218235.116:1944): proctitle=2F7573722F7362696E2F61706163686532002D6B007374617274
type=SYSCALL msg=audit(1772218250.261:1945): arch=c000003e syscall=59 success=yes exit=0 a0=61cf92d60a00 a1=61cf92d60ae0 a2=61cf92c1acc0 a3=1 items=2 ppid=1383 pid=1420 auid=1000 uid=0 gid=0 euid=0 suid=0 fsuid=0 egid=0 sgid=0 fsgid=0 tty=pts1 ses=3 comm="touch" exe="/usr/bin/touch" subj=unconfined key="T1078_Valid_Accounts"ARCH=x86_64 SYSCALL=execve AUID="vboxuser" UID="root" GID="root" EUID="root" SUID="root" FSUID="root" EGID="root" SGID="root" FSGID="root"
type=EXECVE msg=audit(1772218250.261:1945): argc=2 a0="touch" a1="/tmp/test-image.jpg"
type=PATH msg=audit(1772218250.261:1945): item=0 name="/usr/bin/touch" inode=1442924 dev=08:02 mode=0100755 ouid=0 ogid=0 rdev=00:00 nametype=NORMAL cap_fp=0 cap_fi=0 cap_fe=0 cap_fver=0 cap_frootid=0OUID="root" OGID="root"
type=PATH msg=audit(1772218250.261:1945): item=1 name="/lib64/ld-linux-x86-64.so.2" inode=1481429 dev=08:02 mode=0100755 ouid=0 ogid=0 rdev=00:00 nametype=NORMAL cap_fp=0 cap_fi=0 cap_fe=0 cap_fver=0 cap_frootid=0OUID="root" OGID="root"
type=PROCTITLE msg=audit(1772218250.261:1945): proctitle=746F756368002F746D702F746573742D696D6167652E6A7067
type=SYSCALL msg=audit(1772218260.298:1946): arch=c000003e syscall=42 success=yes exit=0 a0=f a1=7ffebf71fe80 a2=1d a3=1 items=1 ppid=930 pid=1402 auid=4294967295 uid=33 gid=33 euid=33 suid=33 fsuid=33 egid=33 sgid=33 fsgid=33 tty=(none) ses=4294967295 comm="apache2" exe="/usr/sbin/apache2" subj=unconfined key="T1043_Commonly_Used_Port"ARCH=x86_64 SYSCALL=connect AUID="unset" UID="www-data" GID="www-data" EUID="www-data" SUID="www-data" FSUID="www-data" EGID="www-data" SGID="www-data" FSGID="www-data"
type=SOCKADDR msg=audit(1772218260.298:1946): saddr=01002F7661722F72756E2F6D7973716C642F6D7973716C642E736F636BSADDR={ saddr_fam=local path=/var/run/mysqld/mysqld.sock }
type=PATH msg=audit(1772218260.298:1946): item=0 name="/var/run/mysqld/mysqld.sock" inode=1369 dev=00:18 mode=0140777 ouid=111 ogid=111 rdev=00:00 nametype=NORMAL cap_fp=0 cap_fi=0 cap_fe=0 cap_fver=0 cap_frootid=0OUID="mysql" OGID="mysql"
type=PROCTITLE msg=audit(1772218260.298:1946): proctitle=2F7573722F7362696E2F61706163686532002D6B007374617274
type=SYSCALL msg=audit(1772218260.334:1947): arch=c000003e syscall=42 success=yes exit=0 a0=14 a1=7c08eebffd8c a2=10 a3=7c08eebfc504 items=0 ppid=930 pid=1402 auid=4294967295 uid=33 gid=33 euid=33 suid=33 fsuid=33 egid=33 sgid=33 fsgid=33 tty=(none) ses=4294967295 comm="apache2" exe="/usr/sbin/apache2" subj=unconfined key="T1043_Commonly_Used_Port"ARCH=x86_64 SYSCALL=connect AUID="unset" UID="www-data" GID="www-data" EUID="www-data" SUID="www-data" FSUID="www-data" EGID="www-data" SGID="www-data" FSGID="www-data"
type=SOCKADDR msg=audit(1772218260.334:1947): saddr=020000357F0000350000000000000000SADDR={ saddr_fam=inet laddr=127.0.0.53 lport=53 }
type=PROCTITLE msg=audit(1772218260.334:1947): proctitle=2F7573722F7362696E2F61706163686532002D6B007374617274
type=SYSCALL msg=audit(1772218260.335:1948): arch=c000003e syscall=42 success=yes exit=0 a0=14 a1=7c08eebffd8c a2=10 a3=7c08eebfc504 items=0 ppid=930 pid=1402 auid=4294967295 uid=33 gid=33 euid=33 suid=33 fsuid=33 egid=33 sgid=33 fsgid=33 tty=(none) ses=4294967295 comm="apache2" exe="/usr/sbin/apache2" subj=unconfined key="T1043_Commonly_Used_Port"ARCH=x86_64 SYSCALL=connect AUID="unset" UID="www-data" GID="www-data" EUID="www-data" SUID="www-data" FSUID="www-data" EGID="www-data" SGID="www-data" FSGID="www-data"
type=SOCKADDR msg=audit(1772218260.335:1948): saddr=020000357F0000350000000000000000SADDR={ saddr_fam=inet laddr=127.0.0.53 lport=53 }
type=PROCTITLE msg=audit(1772218260.335:1948): proctitle=2F7573722F7362696E2F61706163686532002D6B007374617274
type=SYSCALL msg=audit(1772218260.375:1949): arch=c000003e syscall=42 success=yes exit=0 a0=f a1=7ffebf71fe80 a2=1d a3=1 items=1 ppid=930 pid=1402 auid=4294967295 uid=33 gid=33 euid=33 suid=33 fsuid=33 egid=33 sgid=33 fsgid=33 tty=(none) ses=4294967295 comm="apache2" exe="/usr/sbin/apache2" subj=unconfined key="T1043_Commonly_Used_Port"ARCH=x86_64 SYSCALL=connect AUID="unset" UID="www-data" GID="www-data" EUID="www-data" SUID="www-data" FSUID="www-data" EGID="www-data" SGID="www-data" FSGID="www-data"
type=SOCKADDR msg=audit(1772218260.375:1949): saddr=01002F7661722F72756E2F6D7973716C642F6D7973716C642E736F636BSADDR={ saddr_fam=local path=/var/run/mysqld/mysqld.sock }
type=PATH msg=audit(1772218260.375:1949): item=0 name="/var/run/mysqld/mysqld.sock" inode=1369 dev=00:18 mode=0140777 ouid=111 ogid=111 rdev=00:00 nametype=NORMAL cap_fp=0 cap_fi=0 cap_fe=0 cap_fver=0 cap_frootid=0OUID="mysql" OGID="mysql"
type=PROCTITLE msg=audit(1772218260.375:1949): proctitle=2F7573722F7362696E2F61706163686532002D6B007374617274
type=SYSCALL msg=audit(1772218260.779:1950): arch=c000003e syscall=106 success=yes exit=0 a0=21 a1=7c08ff8b14a0 a2=0 a3=22 items=0 ppid=930 pid=1422 auid=4294967295 uid=0 gid=33 euid=0 suid=0 fsuid=0 egid=33 sgid=33 fsgid=33 tty=(none) ses=4294967295 comm="apache2" exe="/usr/sbin/apache2" subj=unconfined key="T1166_Seuid_and_Setgid"ARCH=x86_64 SYSCALL=setgid AUID="unset" UID="root" GID="www-data" EUID="root" SUID="root" FSUID="root" EGID="www-data" SGID="www-data" FSGID="www-data"
type=PROCTITLE msg=audit(1772218260.779:1950): proctitle=2F7573722F7362696E2F61706163686532002D6B007374617274
type=SYSCALL msg=audit(1772218260.780:1951): arch=c000003e syscall=42 success=yes exit=0 a0=e a1=7ffebf7229f0 a2=2d a3=57b02d2082d0 items=1 ppid=930 pid=1422 auid=4294967295 uid=0 gid=33 euid=0 suid=0 fsuid=0 egid=33 sgid=33 fsgid=33 tty=(none) ses=4294967295 comm="apache2" exe="/usr/sbin/apache2" subj=unconfined key="T1043_Commonly_Used_Port"ARCH=x86_64 SYSCALL=connect AUID="unset" UID="root" GID="www-data" EUID="root" SUID="root" FSUID="root" EGID="www-data" SGID="www-data" FSGID="www-data"
type=SOCKADDR msg=audit(1772218260.780:1951): saddr=01002F72756E2F73797374656D642F7573657264622F696F2E73797374656D642E44796E616D69635573657200SADDR={ saddr_fam=local path=/run/systemd/userdb/io.systemd.DynamicUser }
type=PATH msg=audit(1772218260.780:1951): item=0 name="/run/systemd/userdb/io.systemd.DynamicUser" inode=451 dev=00:18 mode=0140666 ouid=0 ogid=0 rdev=00:00 nametype=NORMAL cap_fp=0 cap_fi=0 cap_fe=0 cap_fver=0 cap_frootid=0OUID="root" OGID="root"
type=PROCTITLE msg=audit(1772218260.780:1951): proctitle=2F7573722F7362696E2F61706163686532002D6B007374617274
type=SYSCALL msg=audit(1772218260.789:1952): arch=c000003e syscall=105 success=yes exit=0 a0=21 a1=57b02d07fe80 a2=57b5562259ef a3=57b02d07fe90 items=0 ppid=930 pid=1422 auid=4294967295 uid=33 gid=33 euid=33 suid=33 fsuid=33 egid=33 sgid=33 fsgid=33 tty=(none) ses=4294967295 comm="apache2" exe="/usr/sbin/apache2" subj=unconfined key="T1166_Seuid_and_Setgid"ARCH=x86_64 SYSCALL=setuid AUID="unset" UID="www-data" GID="www-data" EUID="www-data" SUID="www-data" FSUID="www-data" EGID="www-data" SGID="www-data" FSGID="www-data"
type=PROCTITLE msg=audit(1772218260.789:1952): proctitle=2F7573722F7362696E2F61706163686532002D6B007374617274
type=SYSCALL msg=audit(1772218263.423:1953): arch=c000003e syscall=42 success=yes exit=0 a0=f a1=7ffebf71fe80 a2=1d a3=1 items=1 ppid=930 pid=1407 auid=4294967295 uid=33 gid=33 euid=33 suid=33 fsuid=33 egid=33 sgid=33 fsgid=33 tty=(none) ses=4294967295 comm="apache2" exe="/usr/sbin/apache2" subj=unconfined key="T1043_Commonly_Used_Port"ARCH=x86_64 SYSCALL=connect AUID="unset" UID="www-data" GID="www-data" EUID="www-data" SUID="www-data" FSUID="www-data" EGID="www-data" SGID="www-data" FSGID="www-data"
type=SOCKADDR msg=audit(1772218263.423:1953): saddr=01002F7661722F72756E2F6D7973716C642F6D7973716C642E736F636BSADDR={ saddr_fam=local path=/var/run/mysqld/mysqld.sock }
type=PATH msg=audit(1772218263.423:1953): item=0 name="/var/run/mysqld/mysqld.sock" inode=1369 dev=00:18 mode=0140777 ouid=111 ogid=111 rdev=00:00 nametype=NORMAL cap_fp=0 cap_fi=0 cap_fe=0 cap_fver=0 cap_frootid=0OUID="mysql" OGID="mysql"
type=PROCTITLE msg=audit(1772218263.423:1953): proctitle=2F7573722F7362696E2F61706163686532002D6B007374617274
type=SYSCALL msg=audit(1772218263.579:1954): arch=c000003e syscall=42 success=yes exit=0 a0=f a1=7ffebf71fe80 a2=1d a3=1 items=1 ppid=930 pid=1407 auid=4294967295 uid=33 gid=33 euid=33 suid=33 fsuid=33 egid=33 sgid=33 fsgid=33 tty=(none) ses=4294967295 comm="apache2" exe="/usr/sbin/apache2" subj=unconfined key="T1043_Commonly_Used_Port"ARCH=x86_64 SYSCALL=connect AUID="unset" UID="www-data" GID="www-data" EUID="www-data" SUID="www-data" FSUID="www-data" EGID="www-data" SGID="www-data" FSGID="www-data"
type=SOCKADDR msg=audit(1772218263.579:1954): saddr=01002F7661722F72756E2F6D7973716C642F6D7973716C642E736F636BSADDR={ saddr_fam=local path=/var/run/mysqld/mysqld.sock }
type=PATH msg=audit(1772218263.579:1954): item=0 name="/var/run/mysqld/mysqld.sock" inode=1369 dev=00:18 mode=0140777 ouid=111 ogid=111 rdev=00:00 nametype=NORMAL cap_fp=0 cap_fi=0 cap_fe=0 cap_fver=0 cap_frootid=0OUID="mysql" OGID="mysql"
type=PROCTITLE msg=audit(1772218263.579:1954): proctitle=2F7573722F7362696E2F61706163686532002D6B007374617274
type=SYSCALL msg=audit(1772218265.271:1955): arch=c000003e syscall=42 success=yes exit=0 a0=f a1=7ffebf71fe80 a2=1d a3=1 items=1 ppid=930 pid=1402 auid=4294967295 uid=33 gid=33 euid=33 suid=33 fsuid=33 egid=33 sgid=33 fsgid=33 tty=(none) ses=4294967295 comm="apache2" exe="/usr/sbin/apache2" subj=unconfined key="T1043_Commonly_Used_Port"ARCH=x86_64 SYSCALL=connect AUID="unset" UID="www-data" GID="www-data" EUID="www-data" SUID="www-data" FSUID="www-data" EGID="www-data" SGID="www-data" FSGID="www-data"
type=SOCKADDR msg=audit(1772218265.271:1955): saddr=01002F7661722F72756E2F6D7973716C642F6D7973716C642E736F636BSADDR={ saddr_fam=local path=/var/run/mysqld/mysqld.sock }
type=PATH msg=audit(1772218265.271:1955): item=0 name="/var/run/mysqld/mysqld.sock" inode=1369 dev=00:18 mode=0140777 ouid=111 ogid=111 rdev=00:00 nametype=NORMAL cap_fp=0 cap_fi=0 cap_fe=0 cap_fver=0 cap_frootid=0OUID="mysql" OGID="mysql"
type=PROCTITLE msg=audit(1772218265.271:1955): proctitle=2F7573722F7362696E2F61706163686532002D6B007374617274
type=SYSCALL msg=audit(1772218267.048:1956): arch=c000003e syscall=42 success=yes exit=0 a0=10 a1=7ffebf71fe80 a2=1d a3=1 items=1 ppid=930 pid=1402 auid=4294967295 uid=33 gid=33 euid=33 suid=33 fsuid=33 egid=33 sgid=33 fsgid=33 tty=(none) ses=4294967295 comm="apache2" exe="/usr/sbin/apache2" subj=unconfined key="T1043_Commonly_Used_Port"ARCH=x86_64 SYSCALL=connect AUID="unset" UID="www-data" GID="www-data" EUID="www-data" SUID="www-data" FSUID="www-data" EGID="www-data" SGID="www-data" FSGID="www-data"
type=SOCKADDR msg=audit(1772218267.048:1956): saddr=01002F7661722F72756E2F6D7973716C642F6D7973716C642E736F636BSADDR={ saddr_fam=local path=/var/run/mysqld/mysqld.sock }
type=PATH msg=audit(1772218267.048:1956): item=0 name="/var/run/mysqld/mysqld.sock" inode=1369 dev=00:18 mode=0140777 ouid=111 ogid=111 rdev=00:00 nametype=NORMAL cap_fp=0 cap_fi=0 cap_fe=0 cap_fver=0 cap_frootid=0OUID="mysql" OGID="mysql"
type=PROCTITLE msg=audit(1772218267.048:1956): proctitle=2F7573722F7362696E2F61706163686532002D6B007374617274
type=SYSCALL msg=audit(1772218267.976:1957): arch=c000003e syscall=42 success=yes exit=0 a0=f a1=7ffebf71fe80 a2=1d a3=1 items=1 ppid=930 pid=1404 auid=4294967295 uid=33 gid=33 euid=33 suid=33 fsuid=33 egid=33 sgid=33 fsgid=33 tty=(none) ses=4294967295 comm="apache2" exe="/usr/sbin/apache2" subj=unconfined key="T1043_Commonly_Used_Port"ARCH=x86_64 SYSCALL=connect AUID="unset" UID="www-data" GID="www-data" EUID="www-data" SUID="www-data" FSUID="www-data" EGID="www-data" SGID="www-data" FSGID="www-data"
type=SOCKADDR msg=audit(1772218267.976:1957): saddr=01002F7661722F72756E2F6D7973716C642F6D7973716C642E736F636BSADDR={ saddr_fam=local path=/var/run/mysqld/mysqld.sock }
type=PATH msg=audit(1772218267.976:1957): item=0 name="/var/run/mysqld/mysqld.sock" inode=1369 dev=00:18 mode=0140777 ouid=111 ogid=111 rdev=00:00 nametype=NORMAL cap_fp=0 cap_fi=0 cap_fe=0 cap_fver=0 cap_frootid=0OUID="mysql" OGID="mysql"
type=PROCTITLE msg=audit(1772218267.976:1957): proctitle=2F7573722F7362696E2F61706163686532002D6B007374617274
type=SYSCALL msg=audit(1772218268.150:1958): arch=c000003e syscall=42 success=yes exit=0 a0=f a1=7ffebf71fe80 a2=1d a3=1 items=1 ppid=930 pid=1404 auid=4294967295 uid=33 gid=33 euid=33 suid=33 fsuid=33 egid=33 sgid=33 fsgid=33 tty=(none) ses=4294967295 comm="apache2" exe="/usr/sbin/apache2" subj=unconfined key="T1043_Commonly_Used_Port"ARCH=x86_64 SYSCALL=connect AUID="unset" UID="www-data" GID="www-data" EUID="www-data" SUID="www-data" FSUID="www-data" EGID="www-data" SGID="www-data" FSGID="www-data"
type=SOCKADDR msg=audit(1772218268.150:1958): saddr=01002F7661722F72756E2F6D7973716C642F6D7973716C642E736F636BSADDR={ saddr_fam=local path=/var/run/mysqld/mysqld.sock }
type=PATH msg=audit(1772218268.150:1958): item=0 name="/var/run/mysqld/mysqld.sock" inode=1369 dev=00:18 mode=0140777 ouid=111 ogid=111 rdev=00:00 nametype=NORMAL cap_fp=0 cap_fi=0 cap_fe=0 cap_fver=0 cap_frootid=0OUID="mysql" OGID="mysql"
type=PROCTITLE msg=audit(1772218268.150:1958): proctitle=2F7573722F7362696E2F61706163686532002D6B007374617274
type=SYSCALL msg=audit(1772218276.303:1959): arch=c000003e syscall=42 success=no exit=-115 a0=d a1=7c08ff8b4e20 a2=1c a3=b items=0 ppid=1 pid=930 auid=4294967295 uid=0 gid=0 euid=0 suid=0 fsuid=0 egid=0 sgid=0 fsgid=0 tty=(none) ses=4294967295 comm="apache2" exe="/usr/sbin/apache2" subj=unconfined key="T1043_Commonly_Used_Port"ARCH=x86_64 SYSCALL=connect AUID="unset" UID="root" GID="root" EUID="root" SUID="root" FSUID="root" EGID="root" SGID="root" FSGID="root"
type=SOCKADDR msg=audit(1772218276.303:1959): saddr=0A000050000000000000000000000000000000000000000000000000SADDR={ saddr_fam=inet6 laddr=:: lport=80 }
type=PROCTITLE msg=audit(1772218276.303:1959): proctitle=2F7573722F7362696E2F61706163686532002D6B007374617274
type=SYSCALL msg=audit(1772218297.667:1960): arch=c000003e syscall=42 success=yes exit=0 a0=f a1=7ffebf71fe80 a2=1d a3=1 items=1 ppid=930 pid=1403 auid=4294967295 uid=33 gid=33 euid=33 suid=33 fsuid=33 egid=33 sgid=33 fsgid=33 tty=(none) ses=4294967295 comm="apache2" exe="/usr/sbin/apache2" subj=unconfined key="T1043_Commonly_Used_Port"ARCH=x86_64 SYSCALL=connect AUID="unset" UID="www-data" GID="www-data" EUID="www-data" SUID="www-data" FSUID="www-data" EGID="www-data" SGID="www-data" FSGID="www-data"
type=SOCKADDR msg=audit(1772218297.667:1960): saddr=01002F7661722F72756E2F6D7973716C642F6D7973716C642E736F636BSADDR={ saddr_fam=local path=/var/run/mysqld/mysqld.sock }
type=PATH msg=audit(1772218297.667:1960): item=0 name="/var/run/mysqld/mysqld.sock" inode=1369 dev=00:18 mode=0140777 ouid=111 ogid=111 rdev=00:00 nametype=NORMAL cap_fp=0 cap_fi=0 cap_fe=0 cap_fver=0 cap_frootid=0OUID="mysql" OGID="mysql"
type=PROCTITLE msg=audit(1772218297.667:1960): proctitle=2F7573722F7362696E2F61706163686532002D6B007374617274
type=SYSCALL msg=audit(1772218298.265:1961): arch=c000003e syscall=42 success=yes exit=0 a0=f a1=7ffebf71fe80 a2=1d a3=1 items=1 ppid=930 pid=1228 auid=4294967295 uid=33 gid=33 euid=33 suid=33 fsuid=33 egid=33 sgid=33 fsgid=33 tty=(none) ses=4294967295 comm="apache2" exe="/usr/sbin/apache2" subj=unconfined key="T1043_Commonly_Used_Port"ARCH=x86_64 SYSCALL=connect AUID="unset" UID="www-data" GID="www-data" EUID="www-data" SUID="www-data" FSUID="www-data" EGID="www-data" SGID="www-data" FSGID="www-data"
type=SOCKADDR msg=audit(1772218298.265:1961): saddr=01002F7661722F72756E2F6D7973716C642F6D7973716C642E736F636BSADDR={ saddr_fam=local path=/var/run/mysqld/mysqld.sock }
type=PATH msg=audit(1772218298.265:1961): item=0 name="/var/run/mysqld/mysqld.sock" inode=1369 dev=00:18 mode=0140777 ouid=111 ogid=111 rdev=00:00 nametype=NORMAL cap_fp=0 cap_fi=0 cap_fe=0 cap_fver=0 cap_frootid=0OUID="mysql" OGID="mysql"
type=PROCTITLE msg=audit(1772218298.265:1961): proctitle=2F7573722F7362696E2F61706163686532002D6B007374617274
type=SYSCALL msg=audit(1772218299.064:1962): arch=c000003e syscall=106 success=yes exit=0 a0=21 a1=7c08ff8b14a0 a2=0 a3=22 items=0 ppid=930 pid=1423 auid=4294967295 uid=0 gid=33 euid=0 suid=0 fsuid=0 egid=33 sgid=33 fsgid=33 tty=(none) ses=4294967295 comm="apache2" exe="/usr/sbin/apache2" subj=unconfined key="T1166_Seuid_and_Setgid"ARCH=x86_64 SYSCALL=setgid AUID="unset" UID="root" GID="www-data" EUID="root" SUID="root" FSUID="root" EGID="www-data" SGID="www-data" FSGID="www-data"
type=PROCTITLE msg=audit(1772218299.064:1962): proctitle=2F7573722F7362696E2F61706163686532002D6B007374617274
type=SYSCALL msg=audit(1772218299.065:1963): arch=c000003e syscall=42 success=yes exit=0 a0=e a1=7ffebf7229f0 a2=2d a3=57b02d2082d0 items=1 ppid=930 pid=1423 auid=4294967295 uid=0 gid=33 euid=0 suid=0 fsuid=0 egid=33 sgid=33 fsgid=33 tty=(none) ses=4294967295 comm="apache2" exe="/usr/sbin/apache2" subj=unconfined key="T1043_Commonly_Used_Port"ARCH=x86_64 SYSCALL=connect AUID="unset" UID="root" GID="www-data" EUID="root" SUID="root" FSUID="root" EGID="www-data" SGID="www-data" FSGID="www-data"
type=SOCKADDR msg=audit(1772218299.065:1963): saddr=01002F72756E2F73797374656D642F7573657264622F696F2E73797374656D642E44796E616D69635573657200SADDR={ saddr_fam=local path=/run/systemd/userdb/io.systemd.DynamicUser }
type=PATH msg=audit(1772218299.065:1963): item=0 name="/run/systemd/userdb/io.systemd.DynamicUser" inode=451 dev=00:18 mode=0140666 ouid=0 ogid=0 rdev=00:00 nametype=NORMAL cap_fp=0 cap_fi=0 cap_fe=0 cap_fver=0 cap_frootid=0OUID="root" OGID="root"
type=PROCTITLE msg=audit(1772218299.065:1963): proctitle=2F7573722F7362696E2F61706163686532002D6B007374617274
type=SYSCALL msg=audit(1772218299.068:1964): arch=c000003e syscall=105 success=yes exit=0 a0=21 a1=57b02d07fe80 a2=57b5562259ef a3=57b02d07fe90 items=0 ppid=930 pid=1423 auid=4294967295 uid=33 gid=33 euid=33 suid=33 fsuid=33 egid=33 sgid=33 fsgid=33 tty=(none) ses=4294967295 comm="apache2" exe="/usr/sbin/apache2" subj=unconfined key="T1166_Seuid_and_Setgid"ARCH=x86_64 SYSCALL=setuid AUID="unset" UID="www-data" GID="www-data" EUID="www-data" SUID="www-data" FSUID="www-data" EGID="www-data" SGID="www-data" FSGID="www-data"
type=PROCTITLE msg=audit(1772218299.068:1964): proctitle=2F7573722F7362696E2F61706163686532002D6B007374617274
type=SYSCALL msg=audit(1772218306.816:1965): arch=c000003e syscall=42 success=no exit=-115 a0=d a1=7c08ff8b4e20 a2=1c a3=b items=0 ppid=1 pid=930 auid=4294967295 uid=0 gid=0 euid=0 suid=0 fsuid=0 egid=0 sgid=0 fsgid=0 tty=(none) ses=4294967295 comm="apache2" exe="/usr/sbin/apache2" subj=unconfined key="T1043_Commonly_Used_Port"ARCH=x86_64 SYSCALL=connect AUID="unset" UID="root" GID="root" EUID="root" SUID="root" FSUID="root" EGID="root" SGID="root" FSGID="root"
type=SOCKADDR msg=audit(1772218306.816:1965): saddr=0A000050000000000000000000000000000000000000000000000000SADDR={ saddr_fam=inet6 laddr=:: lport=80 }
type=PROCTITLE msg=audit(1772218306.816:1965): proctitle=2F7573722F7362696E2F61706163686532002D6B007374617274
type=SYSCALL msg=audit(1772218322.683:1966): arch=c000003e syscall=59 success=yes exit=0 a0=61cf92d60c40 a1=61cf92c1b3c0 a2=61cf92c1acc0 a3=61cf92c1b3c0 items=2 ppid=1383 pid=1424 auid=1000 uid=0 gid=0 euid=0 suid=0 fsuid=0 egid=0 sgid=0 fsgid=0 tty=pts1 ses=3 comm="ls" exe="/usr/bin/ls" subj=unconfined key="T1078_Valid_Accounts"ARCH=x86_64 SYSCALL=execve AUID="vboxuser" UID="root" GID="root" EUID="root" SUID="root" FSUID="root" EGID="root" SGID="root" FSGID="root"
type=EXECVE msg=audit(1772218322.683:1966): argc=4 a0="ls" a1="--color=auto" a2="-l" a3="/tmp/test-image.jpg"
type=PATH msg=audit(1772218322.683:1966): item=0 name="/usr/bin/ls" inode=1442533 dev=08:02 mode=0100755 ouid=0 ogid=0 rdev=00:00 nametype=NORMAL cap_fp=0 cap_fi=0 cap_fe=0 cap_fver=0 cap_frootid=0OUID="root" OGID="root"
type=PATH msg=audit(1772218322.683:1966): item=1 name="/lib64/ld-linux-x86-64.so.2" inode=1481429 dev=08:02 mode=0100755 ouid=0 ogid=0 rdev=00:00 nametype=NORMAL cap_fp=0 cap_fi=0 cap_fe=0 cap_fver=0 cap_frootid=0OUID="root" OGID="root"
type=PROCTITLE msg=audit(1772218322.683:1966): proctitle=6C73002D2D636F6C6F723D6175746F002D6C002F746D702F746573742D696D6167652E6A7067
type=SYSCALL msg=audit(1772218333.161:1967): arch=c000003e syscall=59 success=yes exit=0 a0=61cf92d60e30 a1=61cf92d60330 a2=61cf92c1acc0 a3=61cf92cffdf0 items=2 ppid=1383 pid=1425 auid=1000 uid=0 gid=0 euid=0 suid=0 fsuid=0 egid=0 sgid=0 fsgid=0 tty=pts1 ses=3 comm="ls" exe="/usr/bin/ls" subj=unconfined key="T1078_Valid_Accounts"ARCH=x86_64 SYSCALL=execve AUID="vboxuser" UID="root" GID="root" EUID="root" SUID="root" FSUID="root" EGID="root" SGID="root" FSGID="root"
type=EXECVE msg=audit(1772218333.161:1967): argc=5 a0="ls" a1="--color=auto" a2="-ld" a3="/tmp" a4="/var/www/html/wp-content/uploads"
type=PATH msg=audit(1772218333.161:1967): item=0 name="/usr/bin/ls" inode=1442533 dev=08:02 mode=0100755 ouid=0 ogid=0 rdev=00:00 nametype=NORMAL cap_fp=0 cap_fi=0 cap_fe=0 cap_fver=0 cap_frootid=0OUID="root" OGID="root"
type=PATH msg=audit(1772218333.161:1967): item=1 name="/lib64/ld-linux-x86-64.so.2" inode=1481429 dev=08:02 mode=0100755 ouid=0 ogid=0 rdev=00:00 nametype=NORMAL cap_fp=0 cap_fi=0 cap_fe=0 cap_fver=0 cap_frootid=0OUID="root" OGID="root"
type=PROCTITLE msg=audit(1772218333.161:1967): proctitle=6C73002D2D636F6C6F723D6175746F002D6C64002F746D70002F7661722F7777772F68746D6C2F77702D636F6E74656E742F75706C6F616473
type=SYSCALL msg=audit(1772218348.995:1968): arch=c000003e syscall=59 success=yes exit=0 a0=61cf92c1b2a0 a1=61cf92d60e70 a2=61cf92c1acc0 a3=1 items=2 ppid=1383 pid=1426 auid=1000 uid=0 gid=0 euid=0 suid=0 fsuid=0 egid=0 sgid=0 fsgid=0 tty=pts1 ses=3 comm="ls" exe="/usr/bin/ls" subj=unconfined key="T1078_Valid_Accounts"ARCH=x86_64 SYSCALL=execve AUID="vboxuser" UID="root" GID="root" EUID="root" SUID="root" FSUID="root" EGID="root" SGID="root" FSGID="root"
type=EXECVE msg=audit(1772218348.995:1968): argc=4 a0="ls" a1="--color=auto" a2="-ld" a3="/var/www/html/wp-content"
type=PATH msg=audit(1772218348.995:1968): item=0 name="/usr/bin/ls" inode=1442533 dev=08:02 mode=0100755 ouid=0 ogid=0 rdev=00:00 nametype=NORMAL cap_fp=0 cap_fi=0 cap_fe=0 cap_fver=0 cap_frootid=0OUID="root" OGID="root"
type=PATH msg=audit(1772218348.995:1968): item=1 name="/lib64/ld-linux-x86-64.so.2" inode=1481429 dev=08:02 mode=0100755 ouid=0 ogid=0 rdev=00:00 nametype=NORMAL cap_fp=0 cap_fi=0 cap_fe=0 cap_fver=0 cap_frootid=0OUID="root" OGID="root"
type=PROCTITLE msg=audit(1772218348.995:1968): proctitle=6C73002D2D636F6C6F723D6175746F002D6C64002F7661722F7777772F68746D6C2F77702D636F6E74656E74
type=SYSCALL msg=audit(1772218357.974:1969): arch=c000003e syscall=59 success=yes exit=0 a0=61cf92d60f30 a1=61cf92c1b380 a2=61cf92c1acc0 a3=61cf92c1b380 items=2 ppid=1383 pid=1427 auid=1000 uid=0 gid=0 euid=0 suid=0 fsuid=0 egid=0 sgid=0 fsgid=0 tty=pts1 ses=3 comm="ls" exe="/usr/bin/ls" subj=unconfined key="T1078_Valid_Accounts"ARCH=x86_64 SYSCALL=execve AUID="vboxuser" UID="root" GID="root" EUID="root" SUID="root" FSUID="root" EGID="root" SGID="root" FSGID="root"
type=EXECVE msg=audit(1772218357.974:1969): argc=5 a0="ls" a1="--color=auto" a2="-ld" a3="/var/www" a4="/var/www/html"
type=PATH msg=audit(1772218357.974:1969): item=0 name="/usr/bin/ls" inode=1442533 dev=08:02 mode=0100755 ouid=0 ogid=0 rdev=00:00 nametype=NORMAL cap_fp=0 cap_fi=0 cap_fe=0 cap_fver=0 cap_frootid=0OUID="root" OGID="root"
type=PATH msg=audit(1772218357.974:1969): item=1 name="/lib64/ld-linux-x86-64.so.2" inode=1481429 dev=08:02 mode=0100755 ouid=0 ogid=0 rdev=00:00 nametype=NORMAL cap_fp=0 cap_fi=0 cap_fe=0 cap_fver=0 cap_frootid=0OUID="root" OGID="root"
type=PROCTITLE msg=audit(1772218357.974:1969): proctitle=6C73002D2D636F6C6F723D6175746F002D6C64002F7661722F777777002F7661722F7777772F68746D6C
type=SYSCALL msg=audit(1772218367.144:1970): arch=c000003e syscall=59 success=yes exit=0 a0=61cf92d60f90 a1=61cf92d60ea0 a2=61cf92c1acc0 a3=61cf92d60ea0 items=2 ppid=1383 pid=1428 auid=1000 uid=0 gid=0 euid=0 suid=0 fsuid=0 egid=0 sgid=0 fsgid=0 tty=pts1 ses=3 comm="ls" exe="/usr/bin/ls" subj=unconfined key="T1078_Valid_Accounts"ARCH=x86_64 SYSCALL=execve AUID="vboxuser" UID="root" GID="root" EUID="root" SUID="root" FSUID="root" EGID="root" SGID="root" FSGID="root"
type=EXECVE msg=audit(1772218367.144:1970): argc=4 a0="ls" a1="--color=auto" a2="-l" a3="/var/www/html"
type=PATH msg=audit(1772218367.144:1970): item=0 name="/usr/bin/ls" inode=1442533 dev=08:02 mode=0100755 ouid=0 ogid=0 rdev=00:00 nametype=NORMAL cap_fp=0 cap_fi=0 cap_fe=0 cap_fver=0 cap_frootid=0OUID="root" OGID="root"
type=PATH msg=audit(1772218367.144:1970): item=1 name="/lib64/ld-linux-x86-64.so.2" inode=1481429 dev=08:02 mode=0100755 ouid=0 ogid=0 rdev=00:00 nametype=NORMAL cap_fp=0 cap_fi=0 cap_fe=0 cap_fver=0 cap_frootid=0OUID="root" OGID="root"
type=PROCTITLE msg=audit(1772218367.144:1970): proctitle=6C73002D2D636F6C6F723D6175746F002D6C002F7661722F7777772F68746D6C
type=SYSCALL msg=audit(1772218375.085:1971): arch=c000003e syscall=59 success=yes exit=0 a0=61cf92d60ff0 a1=61cf92d60ea0 a2=61cf92c1acc0 a3=61cf92d60ea0 items=2 ppid=1383 pid=1429 auid=1000 uid=0 gid=0 euid=0 suid=0 fsuid=0 egid=0 sgid=0 fsgid=0 tty=pts1 ses=3 comm="ls" exe="/usr/bin/ls" subj=unconfined key="T1078_Valid_Accounts"ARCH=x86_64 SYSCALL=execve AUID="vboxuser" UID="root" GID="root" EUID="root" SUID="root" FSUID="root" EGID="root" SGID="root" FSGID="root"
type=EXECVE msg=audit(1772218375.085:1971): argc=4 a0="ls" a1="--color=auto" a2="-l" a3="/var/www"
type=PATH msg=audit(1772218375.085:1971): item=0 name="/usr/bin/ls" inode=1442533 dev=08:02 mode=0100755 ouid=0 ogid=0 rdev=00:00 nametype=NORMAL cap_fp=0 cap_fi=0 cap_fe=0 cap_fver=0 cap_frootid=0OUID="root" OGID="root"
type=PATH msg=audit(1772218375.085:1971): item=1 name="/lib64/ld-linux-x86-64.so.2" inode=1481429 dev=08:02 mode=0100755 ouid=0 ogid=0 rdev=00:00 nametype=NORMAL cap_fp=0 cap_fi=0 cap_fe=0 cap_fver=0 cap_frootid=0OUID="root" OGID="root"
type=PROCTITLE msg=audit(1772218375.085:1971): proctitle=6C73002D2D636F6C6F723D6175746F002D6C002F7661722F777777
type=SYSCALL msg=audit(1772218383.102:1972): arch=c000003e syscall=59 success=yes exit=0 a0=61cf92d60e30 a1=61cf92c1b3c0 a2=61cf92c1acc0 a3=61cf92c1b3c0 items=2 ppid=1383 pid=1430 auid=1000 uid=0 gid=0 euid=0 suid=0 fsuid=0 egid=0 sgid=0 fsgid=0 tty=pts1 ses=3 comm="ls" exe="/usr/bin/ls" subj=unconfined key="T1078_Valid_Accounts"ARCH=x86_64 SYSCALL=execve AUID="vboxuser" UID="root" GID="root" EUID="root" SUID="root" FSUID="root" EGID="root" SGID="root" FSGID="root"
type=EXECVE msg=audit(1772218383.102:1972): argc=4 a0="ls" a1="--color=auto" a2="-l" a3="/var/www/wordpress"
type=PATH msg=audit(1772218383.102:1972): item=0 name="/usr/bin/ls" inode=1442533 dev=08:02 mode=0100755 ouid=0 ogid=0 rdev=00:00 nametype=NORMAL cap_fp=0 cap_fi=0 cap_fe=0 cap_fver=0 cap_frootid=0OUID="root" OGID="root"
type=PATH msg=audit(1772218383.102:1972): item=1 name="/lib64/ld-linux-x86-64.so.2" inode=1481429 dev=08:02 mode=0100755 ouid=0 ogid=0 rdev=00:00 nametype=NORMAL cap_fp=0 cap_fi=0 cap_fe=0 cap_fver=0 cap_frootid=0OUID="root" OGID="root"
type=PROCTITLE msg=audit(1772218383.102:1972): proctitle=6C73002D2D636F6C6F723D6175746F002D6C002F7661722F7777772F776F72647072657373
type=SYSCALL msg=audit(1772218392.515:1973): arch=c000003e syscall=59 success=yes exit=0 a0=61cf92d605b0 a1=61cf92d607f0 a2=61cf92c1acc0 a3=61cf92c1b380 items=2 ppid=1383 pid=1432 auid=1000 uid=0 gid=0 euid=0 suid=0 fsuid=0 egid=0 sgid=0 fsgid=0 tty=pts1 ses=3 comm="ls" exe="/usr/bin/ls" subj=unconfined key="T1078_Valid_Accounts"ARCH=x86_64 SYSCALL=execve AUID="vboxuser" UID="root" GID="root" EUID="root" SUID="root" FSUID="root" EGID="root" SGID="root" FSGID="root"
type=EXECVE msg=audit(1772218392.515:1973): argc=4 a0="ls" a1="--color=auto" a2="-ld" a3="/var/www/wordpress/wp-content"
type=PATH msg=audit(1772218392.515:1973): item=0 name="/usr/bin/ls" inode=1442533 dev=08:02 mode=0100755 ouid=0 ogid=0 rdev=00:00 nametype=NORMAL cap_fp=0 cap_fi=0 cap_fe=0 cap_fver=0 cap_frootid=0OUID="root" OGID="root"
type=PATH msg=audit(1772218392.515:1973): item=1 name="/lib64/ld-linux-x86-64.so.2" inode=1481429 dev=08:02 mode=0100755 ouid=0 ogid=0 rdev=00:00 nametype=NORMAL cap_fp=0 cap_fi=0 cap_fe=0 cap_fver=0 cap_frootid=0OUID="root" OGID="root"
type=PROCTITLE msg=audit(1772218392.515:1973): proctitle=6C73002D2D636F6C6F723D6175746F002D6C64002F7661722F7777772F776F726470726573732F77702D636F6E74656E74
type=SYSCALL msg=audit(1772218402.749:1974): arch=c000003e syscall=59 success=yes exit=0 a0=61cf92d61010 a1=61cf92d607f0 a2=61cf92c1acc0 a3=61cf92c2e7d0 items=2 ppid=1383 pid=1433 auid=1000 uid=0 gid=0 euid=0 suid=0 fsuid=0 egid=0 sgid=0 fsgid=0 tty=pts1 ses=3 comm="ls" exe="/usr/bin/ls" subj=unconfined key="T1078_Valid_Accounts"ARCH=x86_64 SYSCALL=execve AUID="vboxuser" UID="root" GID="root" EUID="root" SUID="root" FSUID="root" EGID="root" SGID="root" FSGID="root"
type=EXECVE msg=audit(1772218402.749:1974): argc=4 a0="ls" a1="--color=auto" a2="-ld" a3="/var/www/wordpress/wp-content/uploads"
type=PATH msg=audit(1772218402.749:1974): item=0 name="/usr/bin/ls" inode=1442533 dev=08:02 mode=0100755 ouid=0 ogid=0 rdev=00:00 nametype=NORMAL cap_fp=0 cap_fi=0 cap_fe=0 cap_fver=0 cap_frootid=0OUID="root" OGID="root"
type=PATH msg=audit(1772218402.749:1974): item=1 name="/lib64/ld-linux-x86-64.so.2" inode=1481429 dev=08:02 mode=0100755 ouid=0 ogid=0 rdev=00:00 nametype=NORMAL cap_fp=0 cap_fi=0 cap_fe=0 cap_fver=0 cap_frootid=0OUID="root" OGID="root"
type=PROCTITLE msg=audit(1772218402.749:1974): proctitle=6C73002D2D636F6C6F723D6175746F002D6C64002F7661722F7777772F776F726470726573732F77702D636F6E74656E742F75706C6F616473
type=SYSCALL msg=audit(1772218412.620:1975): arch=c000003e syscall=59 success=yes exit=0 a0=61cf92d61030 a1=61cf92d61080 a2=61cf92c1acc0 a3=61cf92cffda0 items=2 ppid=1383 pid=1434 auid=1000 uid=0 gid=0 euid=0 suid=0 fsuid=0 egid=0 sgid=0 fsgid=0 tty=pts1 ses=3 comm="chown" exe="/usr/bin/chown" subj=unconfined key="T1078_Valid_Accounts"ARCH=x86_64 SYSCALL=execve AUID="vboxuser" UID="root" GID="root" EUID="root" SUID="root" FSUID="root" EGID="root" SGID="root" FSGID="root"
type=EXECVE msg=audit(1772218412.620:1975): argc=3 a0="chown" a1="www-data:www-data" a2="/var/www/wordpress/wp-content/uploads"
type=PATH msg=audit(1772218412.620:1975): item=0 name="/usr/bin/chown" inode=1442312 dev=08:02 mode=0100755 ouid=0 ogid=0 rdev=00:00 nametype=NORMAL cap_fp=0 cap_fi=0 cap_fe=0 cap_fver=0 cap_frootid=0OUID="root" OGID="root"
type=PATH msg=audit(1772218412.620:1975): item=1 name="/lib64/ld-linux-x86-64.so.2" inode=1481429 dev=08:02 mode=0100755 ouid=0 ogid=0 rdev=00:00 nametype=NORMAL cap_fp=0 cap_fi=0 cap_fe=0 cap_fver=0 cap_frootid=0OUID="root" OGID="root"
type=PROCTITLE msg=audit(1772218412.620:1975): proctitle=63686F776E007777772D646174613A7777772D64617461002F7661722F7777772F776F726470726573732F77702D636F6E74656E742F75706C6F616473
type=SYSCALL msg=audit(1772218412.624:1976): arch=c000003e syscall=260 success=yes exit=0 a0=ffffff9c a1=5d42a9e45a70 a2=21 a3=21 items=1 ppid=1383 pid=1434 auid=1000 uid=0 gid=0 euid=0 suid=0 fsuid=0 egid=0 sgid=0 fsgid=0 tty=pts1 ses=3 comm="chown" exe="/usr/bin/chown" subj=unconfined key="T1166_Seuid_and_Setgid"ARCH=x86_64 SYSCALL=fchownat AUID="vboxuser" UID="root" GID="root" EUID="root" SUID="root" FSUID="root" EGID="root" SGID="root" FSGID="root"
type=PATH msg=audit(1772218412.624:1976): item=0 name="/var/www/wordpress/wp-content/uploads" inode=830791 dev=08:02 mode=040755 ouid=0 ogid=0 rdev=00:00 nametype=NORMAL cap_fp=0 cap_fi=0 cap_fe=0 cap_fver=0 cap_frootid=0OUID="root" OGID="root"
type=PROCTITLE msg=audit(1772218412.624:1976): proctitle=63686F776E007777772D646174613A7777772D64617461002F7661722F7777772F776F726470726573732F77702D636F6E74656E742F75706C6F616473
type=SYSCALL msg=audit(1772218416.470:1977): arch=c000003e syscall=59 success=yes exit=0 a0=7ffc0884a420 a1=7ffc0884a440 a2=7ffc0884af48 a3=8 items=2 ppid=1 pid=1435 auid=4294967295 uid=0 gid=0 euid=0 suid=0 fsuid=0 egid=0 sgid=0 fsgid=0 tty=(none) ses=4294967295 comm="9" exe="/usr/lib/systemd/systemd-executor" subj=unconfined key="T1078_Valid_Accounts"ARCH=x86_64 SYSCALL=execve AUID="unset" UID="root" GID="root" EUID="root" SUID="root" FSUID="root" EGID="root" SGID="root" FSGID="root"
type=EXECVE msg=audit(1772218416.470:1977): argc=7 a0="/usr/lib/systemd/systemd-executor" a1="--deserialize" a2="99" a3="--log-level" a4="info" a5="--log-target" a6="journal-or-kmsg"
type=PATH msg=audit(1772218416.470:1977): item=0 name="/proc/self/fd/9" inode=1463834 dev=08:02 mode=0100755 ouid=0 ogid=0 rdev=00:00 nametype=NORMAL cap_fp=0 cap_fi=0 cap_fe=0 cap_fver=0 cap_frootid=0OUID="root" OGID="root"
type=PATH msg=audit(1772218416.470:1977): item=1 name="/lib64/ld-linux-x86-64.so.2" inode=1481429 dev=08:02 mode=0100755 ouid=0 ogid=0 rdev=00:00 nametype=NORMAL cap_fp=0 cap_fi=0 cap_fe=0 cap_fver=0 cap_frootid=0OUID="root" OGID="root"
type=PROCTITLE msg=audit(1772218416.470:1977): proctitle=2F7573722F6C69622F73797374656D642F73797374656D642D6578656375746F72002D2D646573657269616C697A65003939002D2D6C6F672D6C6576656C00696E666F002D2D6C6F672D746172676574006A6F75726E616C2D6F722D6B6D7367
type=SYSCALL msg=audit(1772218416.483:1978): arch=c000003e syscall=42 success=yes exit=0 a0=4 a1=7fff16dab800 a2=1e a3=7fff16dab8b0 items=1 ppid=1 pid=1435 auid=4294967295 uid=0 gid=0 euid=0 suid=0 fsuid=0 egid=0 sgid=0 fsgid=0 tty=(none) ses=4294967295 comm="9" exe="/usr/lib/systemd/systemd-executor" subj=unconfined key="T1043_Commonly_Used_Port"ARCH=x86_64 SYSCALL=connect AUID="unset" UID="root" GID="root" EUID="root" SUID="root" FSUID="root" EGID="root" SGID="root" FSGID="root"
type=SOCKADDR msg=audit(1772218416.483:1978): saddr=01002F72756E2F73797374656D642F6A6F75726E616C2F736F636B657400SADDR={ saddr_fam=local path=/run/systemd/journal/socket }
type=PATH msg=audit(1772218416.483:1978): item=0 name="/run/systemd/journal/socket" inode=464 dev=00:18 mode=0140666 ouid=0 ogid=0 rdev=00:00 nametype=NORMAL cap_fp=0 cap_fi=0 cap_fe=0 cap_fver=0 cap_frootid=0OUID="root" OGID="root"
type=PROCTITLE msg=audit(1772218416.483:1978): proctitle=2F7573722F6C69622F73797374656D642F73797374656D642D6578656375746F72002D2D646573657269616C697A65003939002D2D6C6F672D6C6576656C00696E666F002D2D6C6F672D746172676574006A6F75726E616C2D6F722D6B6D7367
type=SYSCALL msg=audit(1772218416.617:1979): arch=c000003e syscall=42 success=yes exit=0 a0=3 a1=7fff16dab380 a2=1e a3=fffffff7 items=1 ppid=1 pid=1435 auid=4294967295 uid=0 gid=0 euid=0 suid=0 fsuid=0 egid=0 sgid=0 fsgid=0 tty=(none) ses=4294967295 comm="(wnloader)" exe="/usr/lib/systemd/systemd-executor" subj=unconfined key="T1043_Commonly_Used_Port"ARCH=x86_64 SYSCALL=connect AUID="unset" UID="root" GID="root" EUID="root" SUID="root" FSUID="root" EGID="root" SGID="root" FSGID="root"
type=SOCKADDR msg=audit(1772218416.617:1979): saddr=01002F72756E2F73797374656D642F6A6F75726E616C2F7374646F757400SADDR={ saddr_fam=local path=/run/systemd/journal/stdout }
type=PATH msg=audit(1772218416.617:1979): item=0 name="/run/systemd/journal/stdout" inode=465 dev=00:18 mode=0140666 ouid=0 ogid=0 rdev=00:00 nametype=NORMAL cap_fp=0 cap_fi=0 cap_fe=0 cap_fver=0 cap_frootid=0OUID="root" OGID="root"
type=PROCTITLE msg=audit(1772218416.617:1979): proctitle=2F7573722F6C69622F73797374656D642F73797374656D642D6578656375746F72002D2D646573657269616C697A65003939002D2D6C6F672D6C6576656C00696E666F002D2D6C6F672D746172676574006A6F75726E616C2D6F722D6B6D7367
type=SYSCALL msg=audit(1772218416.617:1980): arch=c000003e syscall=59 success=yes exit=0 a0=5d747b843090 a1=5d747b843070 a2=5d747b842d90 a3=5d747b843990 items=3 ppid=1 pid=1435 auid=4294967295 uid=0 gid=0 euid=0 suid=0 fsuid=0 egid=0 sgid=0 fsgid=0 tty=(none) ses=4294967295 comm="package-data-do" exe="/usr/bin/python3.12" subj=unconfined key="T1078_Valid_Accounts"ARCH=x86_64 SYSCALL=execve AUID="unset" UID="root" GID="root" EUID="root" SUID="root" FSUID="root" EGID="root" SGID="root" FSGID="root"
type=EXECVE msg=audit(1772218416.617:1980): argc=2 a0="/usr/bin/python3" a1="/usr/lib/update-notifier/package-data-downloader"
type=PATH msg=audit(1772218416.617:1980): item=0 name="/usr/lib/update-notifier/package-data-downloader" inode=1455128 dev=08:02 mode=0100755 ouid=0 ogid=0 rdev=00:00 nametype=NORMAL cap_fp=0 cap_fi=0 cap_fe=0 cap_fver=0 cap_frootid=0OUID="root" OGID="root"
type=PATH msg=audit(1772218416.617:1980): item=1 name="/usr/bin/python3" inode=1441874 dev=08:02 mode=0100755 ouid=0 ogid=0 rdev=00:00 nametype=NORMAL cap_fp=0 cap_fi=0 cap_fe=0 cap_fver=0 cap_frootid=0OUID="root" OGID="root"
type=PATH msg=audit(1772218416.617:1980): item=2 name="/lib64/ld-linux-x86-64.so.2" inode=1481429 dev=08:02 mode=0100755 ouid=0 ogid=0 rdev=00:00 nametype=NORMAL cap_fp=0 cap_fi=0 cap_fe=0 cap_fver=0 cap_frootid=0OUID="root" OGID="root"
type=PROCTITLE msg=audit(1772218416.617:1980): proctitle=2F7573722F6C69622F73797374656D642F73797374656D642D6578656375746F72002D2D646573657269616C697A65003939002D2D6C6F672D6C6576656C00696E666F002D2D6C6F672D746172676574006A6F75726E616C2D6F722D6B6D7367
type=SERVICE_START msg=audit(1772218416.816:1981): pid=1 uid=0 auid=4294967295 ses=4294967295 subj=unconfined msg='unit=update-notifier-download comm="systemd" exe="/usr/lib/systemd/systemd" hostname=? addr=? terminal=? res=success'UID="root" AUID="unset"
type=SERVICE_STOP msg=audit(1772218416.816:1982): pid=1 uid=0 auid=4294967295 ses=4294967295 subj=unconfined msg='unit=update-notifier-download comm="systemd" exe="/usr/lib/systemd/systemd" hostname=? addr=? terminal=? res=success'UID="root" AUID="unset"
type=SYSCALL msg=audit(1772218423.783:1983): arch=c000003e syscall=59 success=yes exit=0 a0=61cf92d611c0 a1=61cf92d608b0 a2=61cf92c1acc0 a3=61cf92d61240 items=2 ppid=1383 pid=1439 auid=1000 uid=0 gid=0 euid=0 suid=0 fsuid=0 egid=0 sgid=0 fsgid=0 tty=pts1 ses=3 comm="chmod" exe="/usr/bin/chmod" subj=unconfined key="T1078_Valid_Accounts"ARCH=x86_64 SYSCALL=execve AUID="vboxuser" UID="root" GID="root" EUID="root" SUID="root" FSUID="root" EGID="root" SGID="root" FSGID="root"
type=EXECVE msg=audit(1772218423.783:1983): argc=3 a0="chmod" a1="755" a2="/var/www/wordpress/wp-content/uploads"
type=PATH msg=audit(1772218423.783:1983): item=0 name="/usr/bin/chmod" inode=1442310 dev=08:02 mode=0100755 ouid=0 ogid=0 rdev=00:00 nametype=NORMAL cap_fp=0 cap_fi=0 cap_fe=0 cap_fver=0 cap_frootid=0OUID="root" OGID="root"
type=PATH msg=audit(1772218423.783:1983): item=1 name="/lib64/ld-linux-x86-64.so.2" inode=1481429 dev=08:02 mode=0100755 ouid=0 ogid=0 rdev=00:00 nametype=NORMAL cap_fp=0 cap_fi=0 cap_fe=0 cap_fver=0 cap_frootid=0OUID="root" OGID="root"
type=PROCTITLE msg=audit(1772218423.783:1983): proctitle=63686D6F6400373535002F7661722F7777772F776F726470726573732F77702D636F6E74656E742F75706C6F616473
type=SYSCALL msg=audit(1772218423.788:1984): arch=c000003e syscall=268 success=yes exit=0 a0=ffffff9c a1=64b279a274d0 a2=1ed a3=0 items=1 ppid=1383 pid=1439 auid=1000 uid=0 gid=0 euid=0 suid=0 fsuid=0 egid=0 sgid=0 fsgid=0 tty=pts1 ses=3 comm="chmod" exe="/usr/bin/chmod" subj=unconfined key="T1166_Seuid_and_Setgid"ARCH=x86_64 SYSCALL=fchmodat AUID="vboxuser" UID="root" GID="root" EUID="root" SUID="root" FSUID="root" EGID="root" SGID="root" FSGID="root"
type=PATH msg=audit(1772218423.788:1984): item=0 name="/var/www/wordpress/wp-content/uploads" inode=830791 dev=08:02 mode=040755 ouid=33 ogid=33 rdev=00:00 nametype=NORMAL cap_fp=0 cap_fi=0 cap_fe=0 cap_fver=0 cap_frootid=0OUID="www-data" OGID="www-data"
type=PROCTITLE msg=audit(1772218423.788:1984): proctitle=63686D6F6400373535002F7661722F7777772F776F726470726573732F77702D636F6E74656E742F75706C6F616473
type=SYSCALL msg=audit(1772218432.505:1985): arch=c000003e syscall=42 success=yes exit=0 a0=f a1=7ffebf71fe80 a2=1d a3=1 items=1 ppid=930 pid=1407 auid=4294967295 uid=33 gid=33 euid=33 suid=33 fsuid=33 egid=33 sgid=33 fsgid=33 tty=(none) ses=4294967295 comm="apache2" exe="/usr/sbin/apache2" subj=unconfined key="T1043_Commonly_Used_Port"ARCH=x86_64 SYSCALL=connect AUID="unset" UID="www-data" GID="www-data" EUID="www-data" SUID="www-data" FSUID="www-data" EGID="www-data" SGID="www-data" FSGID="www-data"
type=SOCKADDR msg=audit(1772218432.505:1985): saddr=01002F7661722F72756E2F6D7973716C642F6D7973716C642E736F636BSADDR={ saddr_fam=local path=/var/run/mysqld/mysqld.sock }
type=PATH msg=audit(1772218432.505:1985): item=0 name="/var/run/mysqld/mysqld.sock" inode=1369 dev=00:18 mode=0140777 ouid=111 ogid=111 rdev=00:00 nametype=NORMAL cap_fp=0 cap_fi=0 cap_fe=0 cap_fver=0 cap_frootid=0OUID="mysql" OGID="mysql"
type=PROCTITLE msg=audit(1772218432.505:1985): proctitle=2F7573722F7362696E2F61706163686532002D6B007374617274
type=SYSCALL msg=audit(1772218432.554:1986): arch=c000003e syscall=42 success=yes exit=0 a0=14 a1=7c08ee9ffd8c a2=10 a3=7c08ee9fc504 items=0 ppid=930 pid=1407 auid=4294967295 uid=33 gid=33 euid=33 suid=33 fsuid=33 egid=33 sgid=33 fsgid=33 tty=(none) ses=4294967295 comm="apache2" exe="/usr/sbin/apache2" subj=unconfined key="T1043_Commonly_Used_Port"ARCH=x86_64 SYSCALL=connect AUID="unset" UID="www-data" GID="www-data" EUID="www-data" SUID="www-data" FSUID="www-data" EGID="www-data" SGID="www-data" FSGID="www-data"
type=SOCKADDR msg=audit(1772218432.554:1986): saddr=020000357F0000350000000000000000SADDR={ saddr_fam=inet laddr=127.0.0.53 lport=53 }
type=PROCTITLE msg=audit(1772218432.554:1986): proctitle=2F7573722F7362696E2F61706163686532002D6B007374617274
type=SYSCALL msg=audit(1772218432.554:1987): arch=c000003e syscall=42 success=yes exit=0 a0=14 a1=7c08ee9ffd8c a2=10 a3=7c08ee9fc504 items=0 ppid=930 pid=1407 auid=4294967295 uid=33 gid=33 euid=33 suid=33 fsuid=33 egid=33 sgid=33 fsgid=33 tty=(none) ses=4294967295 comm="apache2" exe="/usr/sbin/apache2" subj=unconfined key="T1043_Commonly_Used_Port"ARCH=x86_64 SYSCALL=connect AUID="unset" UID="www-data" GID="www-data" EUID="www-data" SUID="www-data" FSUID="www-data" EGID="www-data" SGID="www-data" FSGID="www-data"
type=SOCKADDR msg=audit(1772218432.554:1987): saddr=020000357F0000350000000000000000SADDR={ saddr_fam=inet laddr=127.0.0.53 lport=53 }
type=PROCTITLE msg=audit(1772218432.554:1987): proctitle=2F7573722F7362696E2F61706163686532002D6B007374617274
type=SYSCALL msg=audit(1772218432.599:1988): arch=c000003e syscall=42 success=yes exit=0 a0=f a1=7ffebf71fe80 a2=1d a3=1 items=1 ppid=930 pid=1407 auid=4294967295 uid=33 gid=33 euid=33 suid=33 fsuid=33 egid=33 sgid=33 fsgid=33 tty=(none) ses=4294967295 comm="apache2" exe="/usr/sbin/apache2" subj=unconfined key="T1043_Commonly_Used_Port"ARCH=x86_64 SYSCALL=connect AUID="unset" UID="www-data" GID="www-data" EUID="www-data" SUID="www-data" FSUID="www-data" EGID="www-data" SGID="www-data" FSGID="www-data"
type=SOCKADDR msg=audit(1772218432.599:1988): saddr=01002F7661722F72756E2F6D7973716C642F6D7973716C642E736F636BSADDR={ saddr_fam=local path=/var/run/mysqld/mysqld.sock }
type=PATH msg=audit(1772218432.599:1988): item=0 name="/var/run/mysqld/mysqld.sock" inode=1369 dev=00:18 mode=0140777 ouid=111 ogid=111 rdev=00:00 nametype=NORMAL cap_fp=0 cap_fi=0 cap_fe=0 cap_fver=0 cap_frootid=0OUID="mysql" OGID="mysql"
type=PROCTITLE msg=audit(1772218432.599:1988): proctitle=2F7573722F7362696E2F61706163686532002D6B007374617274
type=SYSCALL msg=audit(1772218433.402:1989): arch=c000003e syscall=106 success=yes exit=0 a0=21 a1=7c08ff8b14a0 a2=0 a3=22 items=0 ppid=930 pid=1442 auid=4294967295 uid=0 gid=33 euid=0 suid=0 fsuid=0 egid=33 sgid=33 fsgid=33 tty=(none) ses=4294967295 comm="apache2" exe="/usr/sbin/apache2" subj=unconfined key="T1166_Seuid_and_Setgid"ARCH=x86_64 SYSCALL=setgid AUID="unset" UID="root" GID="www-data" EUID="root" SUID="root" FSUID="root" EGID="www-data" SGID="www-data" FSGID="www-data"
type=PROCTITLE msg=audit(1772218433.402:1989): proctitle=2F7573722F7362696E2F61706163686532002D6B007374617274
type=SYSCALL msg=audit(1772218433.402:1990): arch=c000003e syscall=42 success=yes exit=0 a0=e a1=7ffebf7229f0 a2=2d a3=57b02d2082d0 items=1 ppid=930 pid=1442 auid=4294967295 uid=0 gid=33 euid=0 suid=0 fsuid=0 egid=33 sgid=33 fsgid=33 tty=(none) ses=4294967295 comm="apache2" exe="/usr/sbin/apache2" subj=unconfined key="T1043_Commonly_Used_Port"ARCH=x86_64 SYSCALL=connect AUID="unset" UID="root" GID="www-data" EUID="root" SUID="root" FSUID="root" EGID="www-data" SGID="www-data" FSGID="www-data"
type=SOCKADDR msg=audit(1772218433.402:1990): saddr=01002F72756E2F73797374656D642F7573657264622F696F2E73797374656D642E44796E616D69635573657200SADDR={ saddr_fam=local path=/run/systemd/userdb/io.systemd.DynamicUser }
type=PATH msg=audit(1772218433.402:1990): item=0 name="/run/systemd/userdb/io.systemd.DynamicUser" inode=451 dev=00:18 mode=0140666 ouid=0 ogid=0 rdev=00:00 nametype=NORMAL cap_fp=0 cap_fi=0 cap_fe=0 cap_fver=0 cap_frootid=0OUID="root" OGID="root"
type=PROCTITLE msg=audit(1772218433.402:1990): proctitle=2F7573722F7362696E2F61706163686532002D6B007374617274
type=SYSCALL msg=audit(1772218433.405:1991): arch=c000003e syscall=105 success=yes exit=0 a0=21 a1=57b02d07fe80 a2=57b5562259ef a3=57b02d07fe90 items=0 ppid=930 pid=1442 auid=4294967295 uid=33 gid=33 euid=33 suid=33 fsuid=33 egid=33 sgid=33 fsgid=33 tty=(none) ses=4294967295 comm="apache2" exe="/usr/sbin/apache2" subj=unconfined key="T1166_Seuid_and_Setgid"ARCH=x86_64 SYSCALL=setuid AUID="unset" UID="www-data" GID="www-data" EUID="www-data" SUID="www-data" FSUID="www-data" EGID="www-data" SGID="www-data" FSGID="www-data"
type=PROCTITLE msg=audit(1772218433.405:1991): proctitle=2F7573722F7362696E2F61706163686532002D6B007374617274
type=SYSCALL msg=audit(1772218437.410:1992): arch=c000003e syscall=42 success=yes exit=0 a0=f a1=7ffebf71fe80 a2=1d a3=1 items=1 ppid=930 pid=1423 auid=4294967295 uid=33 gid=33 euid=33 suid=33 fsuid=33 egid=33 sgid=33 fsgid=33 tty=(none) ses=4294967295 comm="apache2" exe="/usr/sbin/apache2" subj=unconfined key="T1043_Commonly_Used_Port"ARCH=x86_64 SYSCALL=connect AUID="unset" UID="www-data" GID="www-data" EUID="www-data" SUID="www-data" FSUID="www-data" EGID="www-data" SGID="www-data" FSGID="www-data"
type=SOCKADDR msg=audit(1772218437.410:1992): saddr=01002F7661722F72756E2F6D7973716C642F6D7973716C642E736F636BSADDR={ saddr_fam=local path=/var/run/mysqld/mysqld.sock }
type=PATH msg=audit(1772218437.410:1992): item=0 name="/var/run/mysqld/mysqld.sock" inode=1369 dev=00:18 mode=0140777 ouid=111 ogid=111 rdev=00:00 nametype=NORMAL cap_fp=0 cap_fi=0 cap_fe=0 cap_fver=0 cap_frootid=0OUID="mysql" OGID="mysql"
type=PROCTITLE msg=audit(1772218437.410:1992): proctitle=2F7573722F7362696E2F61706163686532002D6B007374617274
type=SYSCALL msg=audit(1772218437.521:1993): arch=c000003e syscall=42 success=yes exit=0 a0=f a1=7ffebf71fe80 a2=1d a3=1 items=1 ppid=930 pid=1423 auid=4294967295 uid=33 gid=33 euid=33 suid=33 fsuid=33 egid=33 sgid=33 fsgid=33 tty=(none) ses=4294967295 comm="apache2" exe="/usr/sbin/apache2" subj=unconfined key="T1043_Commonly_Used_Port"ARCH=x86_64 SYSCALL=connect AUID="unset" UID="www-data" GID="www-data" EUID="www-data" SUID="www-data" FSUID="www-data" EGID="www-data" SGID="www-data" FSGID="www-data"
type=SOCKADDR msg=audit(1772218437.521:1993): saddr=01002F7661722F72756E2F6D7973716C642F6D7973716C642E736F636BSADDR={ saddr_fam=local path=/var/run/mysqld/mysqld.sock }
type=PATH msg=audit(1772218437.521:1993): item=0 name="/var/run/mysqld/mysqld.sock" inode=1369 dev=00:18 mode=0140777 ouid=111 ogid=111 rdev=00:00 nametype=NORMAL cap_fp=0 cap_fi=0 cap_fe=0 cap_fver=0 cap_frootid=0OUID="mysql" OGID="mysql"
type=PROCTITLE msg=audit(1772218437.521:1993): proctitle=2F7573722F7362696E2F61706163686532002D6B007374617274
type=SYSCALL msg=audit(1772218438.916:1994): arch=c000003e syscall=42 success=yes exit=0 a0=f a1=7ffebf71fe80 a2=1d a3=1 items=1 ppid=930 pid=1404 auid=4294967295 uid=33 gid=33 euid=33 suid=33 fsuid=33 egid=33 sgid=33 fsgid=33 tty=(none) ses=4294967295 comm="apache2" exe="/usr/sbin/apache2" subj=unconfined key="T1043_Commonly_Used_Port"ARCH=x86_64 SYSCALL=connect AUID="unset" UID="www-data" GID="www-data" EUID="www-data" SUID="www-data" FSUID="www-data" EGID="www-data" SGID="www-data" FSGID="www-data"
type=SOCKADDR msg=audit(1772218438.916:1994): saddr=01002F7661722F72756E2F6D7973716C642F6D7973716C642E736F636BSADDR={ saddr_fam=local path=/var/run/mysqld/mysqld.sock }
type=PATH msg=audit(1772218438.916:1994): item=0 name="/var/run/mysqld/mysqld.sock" inode=1369 dev=00:18 mode=0140777 ouid=111 ogid=111 rdev=00:00 nametype=NORMAL cap_fp=0 cap_fi=0 cap_fe=0 cap_fver=0 cap_frootid=0OUID="mysql" OGID="mysql"
type=PROCTITLE msg=audit(1772218438.916:1994): proctitle=2F7573722F7362696E2F61706163686532002D6B007374617274
type=SYSCALL msg=audit(1772218449.277:1995): arch=c000003e syscall=42 success=no exit=-115 a0=d a1=7c08ff8b4e20 a2=1c a3=b items=0 ppid=1 pid=930 auid=4294967295 uid=0 gid=0 euid=0 suid=0 fsuid=0 egid=0 sgid=0 fsgid=0 tty=(none) ses=4294967295 comm="apache2" exe="/usr/sbin/apache2" subj=unconfined key="T1043_Commonly_Used_Port"ARCH=x86_64 SYSCALL=connect AUID="unset" UID="root" GID="root" EUID="root" SUID="root" FSUID="root" EGID="root" SGID="root" FSGID="root"
type=SOCKADDR msg=audit(1772218449.277:1995): saddr=0A000050000000000000000000000000000000000000000000000000SADDR={ saddr_fam=inet6 laddr=:: lport=80 }
type=PROCTITLE msg=audit(1772218449.277:1995): proctitle=2F7573722F7362696E2F61706163686532002D6B007374617274
type=SYSCALL msg=audit(1772218483.168:1996): arch=c000003e syscall=59 success=yes exit=0 a0=61cf92d612d0 a1=61cf92d61130 a2=61cf92c1acc0 a3=61cf92d5fb10 items=2 ppid=1383 pid=1444 auid=1000 uid=0 gid=0 euid=0 suid=0 fsuid=0 egid=0 sgid=0 fsgid=0 tty=pts1 ses=3 comm="cp" exe="/usr/bin/cp" subj=unconfined key="T1078_Valid_Accounts"ARCH=x86_64 SYSCALL=execve AUID="vboxuser" UID="root" GID="root" EUID="root" SUID="root" FSUID="root" EGID="root" SGID="root" FSGID="root"
type=EXECVE msg=audit(1772218483.168:1996): argc=3 a0="cp" a1="/tmp/test-image.jpg" a2="/var/www/wordpress/wp-content/uploads/"
type=PATH msg=audit(1772218483.168:1996): item=0 name="/usr/bin/cp" inode=1442335 dev=08:02 mode=0100755 ouid=0 ogid=0 rdev=00:00 nametype=NORMAL cap_fp=0 cap_fi=0 cap_fe=0 cap_fver=0 cap_frootid=0OUID="root" OGID="root"
type=PATH msg=audit(1772218483.168:1996): item=1 name="/lib64/ld-linux-x86-64.so.2" inode=1481429 dev=08:02 mode=0100755 ouid=0 ogid=0 rdev=00:00 nametype=NORMAL cap_fp=0 cap_fi=0 cap_fe=0 cap_fver=0 cap_frootid=0OUID="root" OGID="root"
type=PROCTITLE msg=audit(1772218483.168:1996): proctitle=6370002F746D702F746573742D696D6167652E6A7067002F7661722F7777772F776F726470726573732F77702D636F6E74656E742F75706C6F6164732F
type=SYSCALL msg=audit(1772218492.642:1997): arch=c000003e syscall=59 success=yes exit=0 a0=61cf92d613c0 a1=61cf92d608b0 a2=61cf92c1acc0 a3=61cf92d5fb10 items=2 ppid=1383 pid=1445 auid=1000 uid=0 gid=0 euid=0 suid=0 fsuid=0 egid=0 sgid=0 fsgid=0 tty=pts1 ses=3 comm="ls" exe="/usr/bin/ls" subj=unconfined key="T1078_Valid_Accounts"ARCH=x86_64 SYSCALL=execve AUID="vboxuser" UID="root" GID="root" EUID="root" SUID="root" FSUID="root" EGID="root" SGID="root" FSGID="root"
type=EXECVE msg=audit(1772218492.642:1997): argc=4 a0="ls" a1="--color=auto" a2="-l" a3="/var/www/wordpress/wp-content/uploads/"
type=PATH msg=audit(1772218492.642:1997): item=0 name="/usr/bin/ls" inode=1442533 dev=08:02 mode=0100755 ouid=0 ogid=0 rdev=00:00 nametype=NORMAL cap_fp=0 cap_fi=0 cap_fe=0 cap_fver=0 cap_frootid=0OUID="root" OGID="root"
type=PATH msg=audit(1772218492.642:1997): item=1 name="/lib64/ld-linux-x86-64.so.2" inode=1481429 dev=08:02 mode=0100755 ouid=0 ogid=0 rdev=00:00 nametype=NORMAL cap_fp=0 cap_fi=0 cap_fe=0 cap_fver=0 cap_frootid=0OUID="root" OGID="root"
type=PROCTITLE msg=audit(1772218492.642:1997): proctitle=6C73002D2D636F6C6F723D6175746F002D6C002F7661722F7777772F776F726470726573732F77702D636F6E74656E742F75706C6F6164732F
type=SYSCALL msg=audit(1772218501.511:1998): arch=c000003e syscall=257 success=yes exit=7 a0=ffffff9c a1=7ef2431cf347 a2=80000 a3=0 items=1 ppid=786 pid=1447 auid=4294967295 uid=0 gid=0 euid=0 suid=0 fsuid=0 egid=0 sgid=0 fsgid=0 tty=(none) ses=4294967295 comm="cron" exe="/usr/sbin/cron" subj=unconfined key="T1087_Account_Discovery"ARCH=x86_64 SYSCALL=openat AUID="unset" UID="root" GID="root" EUID="root" SUID="root" FSUID="root" EGID="root" SGID="root" FSGID="root"
type=PATH msg=audit(1772218501.511:1998): item=0 name="/etc/shadow" inode=1050300 dev=08:02 mode=0100640 ouid=0 ogid=42 rdev=00:00 nametype=NORMAL cap_fp=0 cap_fi=0 cap_fe=0 cap_fver=0 cap_frootid=0OUID="root" OGID="shadow"
type=PROCTITLE msg=audit(1772218501.511:1998): proctitle=2F7573722F7362696E2F43524F4E002D66002D50
type=USER_ACCT msg=audit(1772218501.516:1999): pid=1447 uid=0 auid=4294967295 ses=4294967295 subj=unconfined msg='op=PAM:accounting grantors=pam_permit acct="root" exe="/usr/sbin/cron" hostname=? addr=? terminal=cron res=success'UID="root" AUID="unset"
type=CRED_ACQ msg=audit(1772218501.520:2000): pid=1447 uid=0 auid=4294967295 ses=4294967295 subj=unconfined msg='op=PAM:setcred grantors=pam_permit,pam_cap acct="root" exe="/usr/sbin/cron" hostname=? addr=? terminal=cron res=success'UID="root" AUID="unset"
type=LOGIN msg=audit(1772218501.520:2001): pid=1447 uid=0 subj=unconfined old-auid=4294967295 auid=0 tty=(none) old-ses=4294967295 ses=5 res=1UID="root" OLD-AUID="unset" AUID="root"
type=SYSCALL msg=audit(1772218501.520:2001): arch=c000003e syscall=1 success=yes exit=1 a0=7 a1=7ffda86a80d0 a2=1 a3=0 items=0 ppid=786 pid=1447 auid=0 uid=0 gid=0 euid=0 suid=0 fsuid=0 egid=0 sgid=0 fsgid=0 tty=(none) ses=5 comm="cron" exe="/usr/sbin/cron" subj=unconfined key=(null)ARCH=x86_64 SYSCALL=write AUID="root" UID="root" GID="root" EUID="root" SUID="root" FSUID="root" EGID="root" SGID="root" FSGID="root"
type=PROCTITLE msg=audit(1772218501.520:2001): proctitle=2F7573722F7362696E2F43524F4E002D66002D50
type=USER_START msg=audit(1772218501.522:2002): pid=1447 uid=0 auid=0 ses=5 subj=unconfined msg='op=PAM:session_open grantors=pam_loginuid,pam_env,pam_env,pam_permit,pam_umask,pam_unix,pam_limits acct="root" exe="/usr/sbin/cron" hostname=? addr=? terminal=cron res=success'UID="root" AUID="root"
type=SYSCALL msg=audit(1772218501.525:2003): arch=c000003e syscall=106 success=yes exit=0 a0=0 a1=55693f713900 a2=556c69e18163 a3=55693f713910 items=0 ppid=1447 pid=1448 auid=0 uid=0 gid=0 euid=0 suid=0 fsuid=0 egid=0 sgid=0 fsgid=0 tty=(none) ses=5 comm="cron" exe="/usr/sbin/cron" subj=unconfined key="T1166_Seuid_and_Setgid"ARCH=x86_64 SYSCALL=setgid AUID="root" UID="root" GID="root" EUID="root" SUID="root" FSUID="root" EGID="root" SGID="root" FSGID="root"
type=PROCTITLE msg=audit(1772218501.525:2003): proctitle=2F7573722F7362696E2F43524F4E002D66002D50
type=CRED_REFR msg=audit(1772218501.526:2004): pid=1448 uid=0 auid=0 ses=5 subj=unconfined msg='op=PAM:setcred grantors=pam_permit,pam_cap acct="root" exe="/usr/sbin/cron" hostname=? addr=? terminal=cron res=success'UID="root" AUID="root"
type=SYSCALL msg=audit(1772218501.528:2005): arch=c000003e syscall=105 success=yes exit=0 a0=0 a1=55693f71f5e0 a2=556c69e202cf a3=55693f71f5f0 items=0 ppid=1447 pid=1448 auid=0 uid=0 gid=0 euid=0 suid=0 fsuid=0 egid=0 sgid=0 fsgid=0 tty=(none) ses=5 comm="cron" exe="/usr/sbin/cron" subj=unconfined key="T1166_Seuid_and_Setgid"ARCH=x86_64 SYSCALL=setuid AUID="root" UID="root" GID="root" EUID="root" SUID="root" FSUID="root" EGID="root" SGID="root" FSGID="root"
type=PROCTITLE msg=audit(1772218501.528:2005): proctitle=2F7573722F7362696E2F43524F4E002D66002D50
type=SYSCALL msg=audit(1772218501.528:2006): arch=c000003e syscall=59 success=yes exit=0 a0=55693f71f5d6 a1=7ffda86a8180 a2=55693f72d0b0 a3=55693f71f5d6 items=2 ppid=1447 pid=1448 auid=0 uid=0 gid=0 euid=0 suid=0 fsuid=0 egid=0 sgid=0 fsgid=0 tty=(none) ses=5 comm="sh" exe="/usr/bin/dash" subj=unconfined key="T1078_Valid_Accounts"ARCH=x86_64 SYSCALL=execve AUID="root" UID="root" GID="root" EUID="root" SUID="root" FSUID="root" EGID="root" SGID="root" FSGID="root"
type=EXECVE msg=audit(1772218501.528:2006): argc=3 a0="/bin/sh" a1="-c" a2=636F6D6D616E64202D762064656269616E2D736131203E202F6465762F6E756C6C2026262064656269616E2D73613120312031
type=PATH msg=audit(1772218501.528:2006): item=0 name="/bin/sh" inode=1442345 dev=08:02 mode=0100755 ouid=0 ogid=0 rdev=00:00 nametype=NORMAL cap_fp=0 cap_fi=0 cap_fe=0 cap_fver=0 cap_frootid=0OUID="root" OGID="root"
type=PATH msg=audit(1772218501.528:2006): item=1 name="/lib64/ld-linux-x86-64.so.2" inode=1481429 dev=08:02 mode=0100755 ouid=0 ogid=0 rdev=00:00 nametype=NORMAL cap_fp=0 cap_fi=0 cap_fe=0 cap_fver=0 cap_frootid=0OUID="root" OGID="root"
type=PROCTITLE msg=audit(1772218501.528:2006): proctitle=2F7573722F7362696E2F43524F4E002D66002D50
type=SYSCALL msg=audit(1772218501.586:2007): arch=c000003e syscall=59 success=yes exit=0 a0=565ee46ef538 a1=565ee46ef4e0 a2=565ee46ef500 a3=8 items=3 ppid=1448 pid=1449 auid=0 uid=0 gid=0 euid=0 suid=0 fsuid=0 egid=0 sgid=0 fsgid=0 tty=(none) ses=5 comm="debian-sa1" exe="/usr/bin/dash" subj=unconfined key="T1078_Valid_Accounts"ARCH=x86_64 SYSCALL=execve AUID="root" UID="root" GID="root" EUID="root" SUID="root" FSUID="root" EGID="root" SGID="root" FSGID="root"
type=EXECVE msg=audit(1772218501.586:2007): argc=4 a0="/bin/sh" a1="/usr/lib/sysstat/debian-sa1" a2="1" a3="1"
type=PATH msg=audit(1772218501.586:2007): item=0 name="/usr/lib/sysstat/debian-sa1" inode=1456136 dev=08:02 mode=0100755 ouid=0 ogid=0 rdev=00:00 nametype=NORMAL cap_fp=0 cap_fi=0 cap_fe=0 cap_fver=0 cap_frootid=0OUID="root" OGID="root"
type=PATH msg=audit(1772218501.586:2007): item=1 name="/bin/sh" inode=1442345 dev=08:02 mode=0100755 ouid=0 ogid=0 rdev=00:00 nametype=NORMAL cap_fp=0 cap_fi=0 cap_fe=0 cap_fver=0 cap_frootid=0OUID="root" OGID="root"
type=PATH msg=audit(1772218501.586:2007): item=2 name="/lib64/ld-linux-x86-64.so.2" inode=1481429 dev=08:02 mode=0100755 ouid=0 ogid=0 rdev=00:00 nametype=NORMAL cap_fp=0 cap_fi=0 cap_fe=0 cap_fver=0 cap_frootid=0OUID="root" OGID="root"
type=PROCTITLE msg=audit(1772218501.586:2007): proctitle=2F62696E2F7368002F7573722F6C69622F737973737461742F64656269616E2D73613100310031
type=CRED_DISP msg=audit(1772218501.611:2008): pid=1447 uid=0 auid=0 ses=5 subj=unconfined msg='op=PAM:setcred grantors=pam_permit acct="root" exe="/usr/sbin/cron" hostname=? addr=? terminal=cron res=success'UID="root" AUID="root"
type=USER_END msg=audit(1772218501.611:2009): pid=1447 uid=0 auid=0 ses=5 subj=unconfined msg='op=PAM:session_close grantors=pam_loginuid,pam_env,pam_env,pam_permit,pam_umask,pam_unix,pam_limits acct="root" exe="/usr/sbin/cron" hostname=? addr=? terminal=cron res=success'UID="root" AUID="root"
type=SYSCALL msg=audit(1772218503.588:2010): arch=c000003e syscall=59 success=yes exit=0 a0=61cf92d60e50 a1=61cf92d61050 a2=61cf92c1acc0 a3=61cf92cff970 items=2 ppid=1383 pid=1450 auid=1000 uid=0 gid=0 euid=0 suid=0 fsuid=0 egid=0 sgid=0 fsgid=0 tty=pts1 ses=3 comm="chown" exe="/usr/bin/chown" subj=unconfined key="T1078_Valid_Accounts"ARCH=x86_64 SYSCALL=execve AUID="vboxuser" UID="root" GID="root" EUID="root" SUID="root" FSUID="root" EGID="root" SGID="root" FSGID="root"
type=EXECVE msg=audit(1772218503.588:2010): argc=3 a0="chown" a1="www-data:www-data" a2="/var/www/wordpress/wp-content/uploads/test-image.jpg"
type=PATH msg=audit(1772218503.588:2010): item=0 name="/usr/bin/chown" inode=1442312 dev=08:02 mode=0100755 ouid=0 ogid=0 rdev=00:00 nametype=NORMAL cap_fp=0 cap_fi=0 cap_fe=0 cap_fver=0 cap_frootid=0OUID="root" OGID="root"
type=PATH msg=audit(1772218503.588:2010): item=1 name="/lib64/ld-linux-x86-64.so.2" inode=1481429 dev=08:02 mode=0100755 ouid=0 ogid=0 rdev=00:00 nametype=NORMAL cap_fp=0 cap_fi=0 cap_fe=0 cap_fver=0 cap_frootid=0OUID="root" OGID="root"
type=PROCTITLE msg=audit(1772218503.588:2010): proctitle=63686F776E007777772D646174613A7777772D64617461002F7661722F7777772F776F726470726573732F77702D636F6E74656E742F75706C6F6164732F746573742D696D6167652E6A7067
type=SYSCALL msg=audit(1772218503.632:2011): arch=c000003e syscall=260 success=yes exit=0 a0=ffffff9c a1=63f94db0ba70 a2=21 a3=21 items=1 ppid=1383 pid=1450 auid=1000 uid=0 gid=0 euid=0 suid=0 fsuid=0 egid=0 sgid=0 fsgid=0 tty=pts1 ses=3 comm="chown" exe="/usr/bin/chown" subj=unconfined key="T1166_Seuid_and_Setgid"ARCH=x86_64 SYSCALL=fchownat AUID="vboxuser" UID="root" GID="root" EUID="root" SUID="root" FSUID="root" EGID="root" SGID="root" FSGID="root"
type=PATH msg=audit(1772218503.632:2011): item=0 name="/var/www/wordpress/wp-content/uploads/test-image.jpg" inode=826595 dev=08:02 mode=0100644 ouid=0 ogid=0 rdev=00:00 nametype=NORMAL cap_fp=0 cap_fi=0 cap_fe=0 cap_fver=0 cap_frootid=0OUID="root" OGID="root"
type=PROCTITLE msg=audit(1772218503.632:2011): proctitle=63686F776E007777772D646174613A7777772D64617461002F7661722F7777772F776F726470726573732F77702D636F6E74656E742F75706C6F6164732F746573742D696D6167652E6A7067
type=SYSCALL msg=audit(1772218513.474:2012): arch=c000003e syscall=42 success=yes exit=0 a0=f a1=7ffebf71fe80 a2=1d a3=1 items=1 ppid=930 pid=1231 auid=4294967295 uid=33 gid=33 euid=33 suid=33 fsuid=33 egid=33 sgid=33 fsgid=33 tty=(none) ses=4294967295 comm="apache2" exe="/usr/sbin/apache2" subj=unconfined key="T1043_Commonly_Used_Port"ARCH=x86_64 SYSCALL=connect AUID="unset" UID="www-data" GID="www-data" EUID="www-data" SUID="www-data" FSUID="www-data" EGID="www-data" SGID="www-data" FSGID="www-data"
type=SOCKADDR msg=audit(1772218513.474:2012): saddr=01002F7661722F72756E2F6D7973716C642F6D7973716C642E736F636BSADDR={ saddr_fam=local path=/var/run/mysqld/mysqld.sock }
type=PATH msg=audit(1772218513.474:2012): item=0 name="/var/run/mysqld/mysqld.sock" inode=1369 dev=00:18 mode=0140777 ouid=111 ogid=111 rdev=00:00 nametype=NORMAL cap_fp=0 cap_fi=0 cap_fe=0 cap_fver=0 cap_frootid=0OUID="mysql" OGID="mysql"
type=PROCTITLE msg=audit(1772218513.474:2012): proctitle=2F7573722F7362696E2F61706163686532002D6B007374617274
type=SYSCALL msg=audit(1772218513.510:2013): arch=c000003e syscall=42 success=yes exit=0 a0=14 a1=7c08ed44fd8c a2=10 a3=7c08ed44c504 items=0 ppid=930 pid=1231 auid=4294967295 uid=33 gid=33 euid=33 suid=33 fsuid=33 egid=33 sgid=33 fsgid=33 tty=(none) ses=4294967295 comm="apache2" exe="/usr/sbin/apache2" subj=unconfined key="T1043_Commonly_Used_Port"ARCH=x86_64 SYSCALL=connect AUID="unset" UID="www-data" GID="www-data" EUID="www-data" SUID="www-data" FSUID="www-data" EGID="www-data" SGID="www-data" FSGID="www-data"
type=SOCKADDR msg=audit(1772218513.510:2013): saddr=020000357F0000350000000000000000SADDR={ saddr_fam=inet laddr=127.0.0.53 lport=53 }
type=PROCTITLE msg=audit(1772218513.510:2013): proctitle=2F7573722F7362696E2F61706163686532002D6B007374617274
type=SYSCALL msg=audit(1772218513.512:2014): arch=c000003e syscall=42 success=yes exit=0 a0=14 a1=7c08ed44fd8c a2=10 a3=7c08ed44c504 items=0 ppid=930 pid=1231 auid=4294967295 uid=33 gid=33 euid=33 suid=33 fsuid=33 egid=33 sgid=33 fsgid=33 tty=(none) ses=4294967295 comm="apache2" exe="/usr/sbin/apache2" subj=unconfined key="T1043_Commonly_Used_Port"ARCH=x86_64 SYSCALL=connect AUID="unset" UID="www-data" GID="www-data" EUID="www-data" SUID="www-data" FSUID="www-data" EGID="www-data" SGID="www-data" FSGID="www-data"
type=SOCKADDR msg=audit(1772218513.512:2014): saddr=020000357F0000350000000000000000SADDR={ saddr_fam=inet laddr=127.0.0.53 lport=53 }
type=PROCTITLE msg=audit(1772218513.512:2014): proctitle=2F7573722F7362696E2F61706163686532002D6B007374617274
type=SYSCALL msg=audit(1772218513.569:2015): arch=c000003e syscall=42 success=yes exit=0 a0=f a1=7ffebf71fe80 a2=1d a3=1 items=1 ppid=930 pid=1231 auid=4294967295 uid=33 gid=33 euid=33 suid=33 fsuid=33 egid=33 sgid=33 fsgid=33 tty=(none) ses=4294967295 comm="apache2" exe="/usr/sbin/apache2" subj=unconfined key="T1043_Commonly_Used_Port"ARCH=x86_64 SYSCALL=connect AUID="unset" UID="www-data" GID="www-data" EUID="www-data" SUID="www-data" FSUID="www-data" EGID="www-data" SGID="www-data" FSGID="www-data"
type=SOCKADDR msg=audit(1772218513.569:2015): saddr=01002F7661722F72756E2F6D7973716C642F6D7973716C642E736F636BSADDR={ saddr_fam=local path=/var/run/mysqld/mysqld.sock }
type=PATH msg=audit(1772218513.569:2015): item=0 name="/var/run/mysqld/mysqld.sock" inode=1369 dev=00:18 mode=0140777 ouid=111 ogid=111 rdev=00:00 nametype=NORMAL cap_fp=0 cap_fi=0 cap_fe=0 cap_fver=0 cap_frootid=0OUID="mysql" OGID="mysql"
type=PROCTITLE msg=audit(1772218513.569:2015): proctitle=2F7573722F7362696E2F61706163686532002D6B007374617274
type=SYSCALL msg=audit(1772218514.313:2016): arch=c000003e syscall=106 success=yes exit=0 a0=21 a1=7c08ff8b14a0 a2=0 a3=22 items=0 ppid=930 pid=1453 auid=4294967295 uid=0 gid=33 euid=0 suid=0 fsuid=0 egid=33 sgid=33 fsgid=33 tty=(none) ses=4294967295 comm="apache2" exe="/usr/sbin/apache2" subj=unconfined key="T1166_Seuid_and_Setgid"ARCH=x86_64 SYSCALL=setgid AUID="unset" UID="root" GID="www-data" EUID="root" SUID="root" FSUID="root" EGID="www-data" SGID="www-data" FSGID="www-data"
type=PROCTITLE msg=audit(1772218514.313:2016): proctitle=2F7573722F7362696E2F61706163686532002D6B007374617274
type=SYSCALL msg=audit(1772218514.319:2017): arch=c000003e syscall=42 success=yes exit=0 a0=e a1=7ffebf7229f0 a2=2d a3=57b02d2082d0 items=1 ppid=930 pid=1453 auid=4294967295 uid=0 gid=33 euid=0 suid=0 fsuid=0 egid=33 sgid=33 fsgid=33 tty=(none) ses=4294967295 comm="apache2" exe="/usr/sbin/apache2" subj=unconfined key="T1043_Commonly_Used_Port"ARCH=x86_64 SYSCALL=connect AUID="unset" UID="root" GID="www-data" EUID="root" SUID="root" FSUID="root" EGID="www-data" SGID="www-data" FSGID="www-data"
type=SOCKADDR msg=audit(1772218514.319:2017): saddr=01002F72756E2F73797374656D642F7573657264622F696F2E73797374656D642E44796E616D69635573657200SADDR={ saddr_fam=local path=/run/systemd/userdb/io.systemd.DynamicUser }
type=PATH msg=audit(1772218514.319:2017): item=0 name="/run/systemd/userdb/io.systemd.DynamicUser" inode=451 dev=00:18 mode=0140666 ouid=0 ogid=0 rdev=00:00 nametype=NORMAL cap_fp=0 cap_fi=0 cap_fe=0 cap_fver=0 cap_frootid=0OUID="root" OGID="root"
type=PROCTITLE msg=audit(1772218514.319:2017): proctitle=2F7573722F7362696E2F61706163686532002D6B007374617274
type=SYSCALL msg=audit(1772218514.327:2018): arch=c000003e syscall=105 success=yes exit=0 a0=21 a1=57b02d07fe80 a2=57b5562259ef a3=57b02d07fe90 items=0 ppid=930 pid=1453 auid=4294967295 uid=33 gid=33 euid=33 suid=33 fsuid=33 egid=33 sgid=33 fsgid=33 tty=(none) ses=4294967295 comm="apache2" exe="/usr/sbin/apache2" subj=unconfined key="T1166_Seuid_and_Setgid"ARCH=x86_64 SYSCALL=setuid AUID="unset" UID="www-data" GID="www-data" EUID="www-data" SUID="www-data" FSUID="www-data" EGID="www-data" SGID="www-data" FSGID="www-data"
type=PROCTITLE msg=audit(1772218514.327:2018): proctitle=2F7573722F7362696E2F61706163686532002D6B007374617274
type=SYSCALL msg=audit(1772218516.299:2019): arch=c000003e syscall=42 success=yes exit=0 a0=f a1=7ffebf71fe80 a2=1d a3=1 items=1 ppid=930 pid=1403 auid=4294967295 uid=33 gid=33 euid=33 suid=33 fsuid=33 egid=33 sgid=33 fsgid=33 tty=(none) ses=4294967295 comm="apache2" exe="/usr/sbin/apache2" subj=unconfined key="T1043_Commonly_Used_Port"ARCH=x86_64 SYSCALL=connect AUID="unset" UID="www-data" GID="www-data" EUID="www-data" SUID="www-data" FSUID="www-data" EGID="www-data" SGID="www-data" FSGID="www-data"
type=SOCKADDR msg=audit(1772218516.299:2019): saddr=01002F7661722F72756E2F6D7973716C642F6D7973716C642E736F636BSADDR={ saddr_fam=local path=/var/run/mysqld/mysqld.sock }
type=PATH msg=audit(1772218516.299:2019): item=0 name="/var/run/mysqld/mysqld.sock" inode=1369 dev=00:18 mode=0140777 ouid=111 ogid=111 rdev=00:00 nametype=NORMAL cap_fp=0 cap_fi=0 cap_fe=0 cap_fver=0 cap_frootid=0OUID="mysql" OGID="mysql"
type=PROCTITLE msg=audit(1772218516.299:2019): proctitle=2F7573722F7362696E2F61706163686532002D6B007374617274
type=SYSCALL msg=audit(1772218516.439:2020): arch=c000003e syscall=42 success=yes exit=0 a0=f a1=7ffebf71fe80 a2=1d a3=1 items=1 ppid=930 pid=1403 auid=4294967295 uid=33 gid=33 euid=33 suid=33 fsuid=33 egid=33 sgid=33 fsgid=33 tty=(none) ses=4294967295 comm="apache2" exe="/usr/sbin/apache2" subj=unconfined key="T1043_Commonly_Used_Port"ARCH=x86_64 SYSCALL=connect AUID="unset" UID="www-data" GID="www-data" EUID="www-data" SUID="www-data" FSUID="www-data" EGID="www-data" SGID="www-data" FSGID="www-data"
type=SOCKADDR msg=audit(1772218516.439:2020): saddr=01002F7661722F72756E2F6D7973716C642F6D7973716C642E736F636BSADDR={ saddr_fam=local path=/var/run/mysqld/mysqld.sock }
type=PATH msg=audit(1772218516.439:2020): item=0 name="/var/run/mysqld/mysqld.sock" inode=1369 dev=00:18 mode=0140777 ouid=111 ogid=111 rdev=00:00 nametype=NORMAL cap_fp=0 cap_fi=0 cap_fe=0 cap_fver=0 cap_frootid=0OUID="mysql" OGID="mysql"
type=PROCTITLE msg=audit(1772218516.439:2020): proctitle=2F7573722F7362696E2F61706163686532002D6B007374617274
type=SYSCALL msg=audit(1772218518.091:2021): arch=c000003e syscall=42 success=yes exit=0 a0=f a1=7ffebf71fe80 a2=1d a3=1 items=1 ppid=930 pid=1403 auid=4294967295 uid=33 gid=33 euid=33 suid=33 fsuid=33 egid=33 sgid=33 fsgid=33 tty=(none) ses=4294967295 comm="apache2" exe="/usr/sbin/apache2" subj=unconfined key="T1043_Commonly_Used_Port"ARCH=x86_64 SYSCALL=connect AUID="unset" UID="www-data" GID="www-data" EUID="www-data" SUID="www-data" FSUID="www-data" EGID="www-data" SGID="www-data" FSGID="www-data"
type=SOCKADDR msg=audit(1772218518.091:2021): saddr=01002F7661722F72756E2F6D7973716C642F6D7973716C642E736F636BSADDR={ saddr_fam=local path=/var/run/mysqld/mysqld.sock }
type=PATH msg=audit(1772218518.091:2021): item=0 name="/var/run/mysqld/mysqld.sock" inode=1369 dev=00:18 mode=0140777 ouid=111 ogid=111 rdev=00:00 nametype=NORMAL cap_fp=0 cap_fi=0 cap_fe=0 cap_fver=0 cap_frootid=0OUID="mysql" OGID="mysql"
type=PROCTITLE msg=audit(1772218518.091:2021): proctitle=2F7573722F7362696E2F61706163686532002D6B007374617274
type=SYSCALL msg=audit(1772218526.649:2022): arch=c000003e syscall=42 success=no exit=-115 a0=d a1=7c08ff8b4e20 a2=1c a3=b items=0 ppid=1 pid=930 auid=4294967295 uid=0 gid=0 euid=0 suid=0 fsuid=0 egid=0 sgid=0 fsgid=0 tty=(none) ses=4294967295 comm="apache2" exe="/usr/sbin/apache2" subj=unconfined key="T1043_Commonly_Used_Port"ARCH=x86_64 SYSCALL=connect AUID="unset" UID="root" GID="root" EUID="root" SUID="root" FSUID="root" EGID="root" SGID="root" FSGID="root"
type=SOCKADDR msg=audit(1772218526.649:2022): saddr=0A000050000000000000000000000000000000000000000000000000SADDR={ saddr_fam=inet6 laddr=:: lport=80 }
type=PROCTITLE msg=audit(1772218526.649:2022): proctitle=2F7573722F7362696E2F61706163686532002D6B007374617274
type=SYSCALL msg=audit(1772218536.118:2023): arch=c000003e syscall=42 success=yes exit=0 a0=f a1=7ffebf71fe80 a2=1d a3=1 items=1 ppid=930 pid=1228 auid=4294967295 uid=33 gid=33 euid=33 suid=33 fsuid=33 egid=33 sgid=33 fsgid=33 tty=(none) ses=4294967295 comm="apache2" exe="/usr/sbin/apache2" subj=unconfined key="T1043_Commonly_Used_Port"ARCH=x86_64 SYSCALL=connect AUID="unset" UID="www-data" GID="www-data" EUID="www-data" SUID="www-data" FSUID="www-data" EGID="www-data" SGID="www-data" FSGID="www-data"
type=SOCKADDR msg=audit(1772218536.118:2023): saddr=01002F7661722F72756E2F6D7973716C642F6D7973716C642E736F636BSADDR={ saddr_fam=local path=/var/run/mysqld/mysqld.sock }
type=PATH msg=audit(1772218536.118:2023): item=0 name="/var/run/mysqld/mysqld.sock" inode=1369 dev=00:18 mode=0140777 ouid=111 ogid=111 rdev=00:00 nametype=NORMAL cap_fp=0 cap_fi=0 cap_fe=0 cap_fver=0 cap_frootid=0OUID="mysql" OGID="mysql"
type=PROCTITLE msg=audit(1772218536.118:2023): proctitle=2F7573722F7362696E2F61706163686532002D6B007374617274
type=SYSCALL msg=audit(1772218536.933:2024): arch=c000003e syscall=106 success=yes exit=0 a0=21 a1=7c08ff8b14a0 a2=0 a3=22 items=0 ppid=930 pid=1457 auid=4294967295 uid=0 gid=33 euid=0 suid=0 fsuid=0 egid=33 sgid=33 fsgid=33 tty=(none) ses=4294967295 comm="apache2" exe="/usr/sbin/apache2" subj=unconfined key="T1166_Seuid_and_Setgid"ARCH=x86_64 SYSCALL=setgid AUID="unset" UID="root" GID="www-data" EUID="root" SUID="root" FSUID="root" EGID="www-data" SGID="www-data" FSGID="www-data"
type=PROCTITLE msg=audit(1772218536.933:2024): proctitle=2F7573722F7362696E2F61706163686532002D6B007374617274
type=SYSCALL msg=audit(1772218536.934:2025): arch=c000003e syscall=42 success=yes exit=0 a0=e a1=7ffebf7229f0 a2=2d a3=57b02d2082d0 items=1 ppid=930 pid=1457 auid=4294967295 uid=0 gid=33 euid=0 suid=0 fsuid=0 egid=33 sgid=33 fsgid=33 tty=(none) ses=4294967295 comm="apache2" exe="/usr/sbin/apache2" subj=unconfined key="T1043_Commonly_Used_Port"ARCH=x86_64 SYSCALL=connect AUID="unset" UID="root" GID="www-data" EUID="root" SUID="root" FSUID="root" EGID="www-data" SGID="www-data" FSGID="www-data"
type=SOCKADDR msg=audit(1772218536.934:2025): saddr=01002F72756E2F73797374656D642F7573657264622F696F2E73797374656D642E44796E616D69635573657200SADDR={ saddr_fam=local path=/run/systemd/userdb/io.systemd.DynamicUser }
type=PATH msg=audit(1772218536.934:2025): item=0 name="/run/systemd/userdb/io.systemd.DynamicUser" inode=451 dev=00:18 mode=0140666 ouid=0 ogid=0 rdev=00:00 nametype=NORMAL cap_fp=0 cap_fi=0 cap_fe=0 cap_fver=0 cap_frootid=0OUID="root" OGID="root"
type=PROCTITLE msg=audit(1772218536.934:2025): proctitle=2F7573722F7362696E2F61706163686532002D6B007374617274
type=SYSCALL msg=audit(1772218536.941:2026): arch=c000003e syscall=105 success=yes exit=0 a0=21 a1=57b02d07fe80 a2=57b5562259ef a3=57b02d07fe90 items=0 ppid=930 pid=1457 auid=4294967295 uid=33 gid=33 euid=33 suid=33 fsuid=33 egid=33 sgid=33 fsgid=33 tty=(none) ses=4294967295 comm="apache2" exe="/usr/sbin/apache2" subj=unconfined key="T1166_Seuid_and_Setgid"ARCH=x86_64 SYSCALL=setuid AUID="unset" UID="www-data" GID="www-data" EUID="www-data" SUID="www-data" FSUID="www-data" EGID="www-data" SGID="www-data" FSGID="www-data"
type=PROCTITLE msg=audit(1772218536.941:2026): proctitle=2F7573722F7362696E2F61706163686532002D6B007374617274
type=SYSCALL msg=audit(1772218537.057:2027): arch=c000003e syscall=42 success=yes exit=0 a0=f a1=7ffebf71fe80 a2=1d a3=1 items=1 ppid=930 pid=1422 auid=4294967295 uid=33 gid=33 euid=33 suid=33 fsuid=33 egid=33 sgid=33 fsgid=33 tty=(none) ses=4294967295 comm="apache2" exe="/usr/sbin/apache2" subj=unconfined key="T1043_Commonly_Used_Port"ARCH=x86_64 SYSCALL=connect AUID="unset" UID="www-data" GID="www-data" EUID="www-data" SUID="www-data" FSUID="www-data" EGID="www-data" SGID="www-data" FSGID="www-data"
type=SOCKADDR msg=audit(1772218537.057:2027): saddr=01002F7661722F72756E2F6D7973716C642F6D7973716C642E736F636BSADDR={ saddr_fam=local path=/var/run/mysqld/mysqld.sock }
type=PATH msg=audit(1772218537.057:2027): item=0 name="/var/run/mysqld/mysqld.sock" inode=1369 dev=00:18 mode=0140777 ouid=111 ogid=111 rdev=00:00 nametype=NORMAL cap_fp=0 cap_fi=0 cap_fe=0 cap_fver=0 cap_frootid=0OUID="mysql" OGID="mysql"
type=PROCTITLE msg=audit(1772218537.057:2027): proctitle=2F7573722F7362696E2F61706163686532002D6B007374617274
type=SYSCALL msg=audit(1772218537.197:2028): arch=c000003e syscall=42 success=yes exit=0 a0=f a1=7ffebf71fe80 a2=1d a3=1 items=1 ppid=930 pid=1422 auid=4294967295 uid=33 gid=33 euid=33 suid=33 fsuid=33 egid=33 sgid=33 fsgid=33 tty=(none) ses=4294967295 comm="apache2" exe="/usr/sbin/apache2" subj=unconfined key="T1043_Commonly_Used_Port"ARCH=x86_64 SYSCALL=connect AUID="unset" UID="www-data" GID="www-data" EUID="www-data" SUID="www-data" FSUID="www-data" EGID="www-data" SGID="www-data" FSGID="www-data"
type=SOCKADDR msg=audit(1772218537.197:2028): saddr=01002F7661722F72756E2F6D7973716C642F6D7973716C642E736F636BSADDR={ saddr_fam=local path=/var/run/mysqld/mysqld.sock }
type=PATH msg=audit(1772218537.197:2028): item=0 name="/var/run/mysqld/mysqld.sock" inode=1369 dev=00:18 mode=0140777 ouid=111 ogid=111 rdev=00:00 nametype=NORMAL cap_fp=0 cap_fi=0 cap_fe=0 cap_fver=0 cap_frootid=0OUID="mysql" OGID="mysql"
type=PROCTITLE msg=audit(1772218537.197:2028): proctitle=2F7573722F7362696E2F61706163686532002D6B007374617274
type=SYSCALL msg=audit(1772218545.050:2029): arch=c000003e syscall=42 success=no exit=-115 a0=d a1=7c08ff8b4e20 a2=1c a3=b items=0 ppid=1 pid=930 auid=4294967295 uid=0 gid=0 euid=0 suid=0 fsuid=0 egid=0 sgid=0 fsgid=0 tty=(none) ses=4294967295 comm="apache2" exe="/usr/sbin/apache2" subj=unconfined key="T1043_Commonly_Used_Port"ARCH=x86_64 SYSCALL=connect AUID="unset" UID="root" GID="root" EUID="root" SUID="root" FSUID="root" EGID="root" SGID="root" FSGID="root"
type=SOCKADDR msg=audit(1772218545.050:2029): saddr=0A000050000000000000000000000000000000000000000000000000SADDR={ saddr_fam=inet6 laddr=:: lport=80 }
type=PROCTITLE msg=audit(1772218545.050:2029): proctitle=2F7573722F7362696E2F61706163686532002D6B007374617274
type=SYSCALL msg=audit(1772218587.461:2030): arch=c000003e syscall=42 success=yes exit=0 a0=f a1=7ffebf71fe80 a2=1d a3=1 items=1 ppid=930 pid=1232 auid=4294967295 uid=33 gid=33 euid=33 suid=33 fsuid=33 egid=33 sgid=33 fsgid=33 tty=(none) ses=4294967295 comm="apache2" exe="/usr/sbin/apache2" subj=unconfined key="T1043_Commonly_Used_Port"ARCH=x86_64 SYSCALL=connect AUID="unset" UID="www-data" GID="www-data" EUID="www-data" SUID="www-data" FSUID="www-data" EGID="www-data" SGID="www-data" FSGID="www-data"
type=SOCKADDR msg=audit(1772218587.461:2030): saddr=01002F7661722F72756E2F6D7973716C642F6D7973716C642E736F636BSADDR={ saddr_fam=local path=/var/run/mysqld/mysqld.sock }
type=PATH msg=audit(1772218587.461:2030): item=0 name="/var/run/mysqld/mysqld.sock" inode=1369 dev=00:18 mode=0140777 ouid=111 ogid=111 rdev=00:00 nametype=NORMAL cap_fp=0 cap_fi=0 cap_fe=0 cap_fver=0 cap_frootid=0OUID="mysql" OGID="mysql"
type=PROCTITLE msg=audit(1772218587.461:2030): proctitle=2F7573722F7362696E2F61706163686532002D6B007374617274
type=SYSCALL msg=audit(1772218587.496:2031): arch=c000003e syscall=42 success=yes exit=0 a0=14 a1=7c08eebffd8c a2=10 a3=7c08eebfc504 items=0 ppid=930 pid=1232 auid=4294967295 uid=33 gid=33 euid=33 suid=33 fsuid=33 egid=33 sgid=33 fsgid=33 tty=(none) ses=4294967295 comm="apache2" exe="/usr/sbin/apache2" subj=unconfined key="T1043_Commonly_Used_Port"ARCH=x86_64 SYSCALL=connect AUID="unset" UID="www-data" GID="www-data" EUID="www-data" SUID="www-data" FSUID="www-data" EGID="www-data" SGID="www-data" FSGID="www-data"
type=SOCKADDR msg=audit(1772218587.496:2031): saddr=020000357F0000350000000000000000SADDR={ saddr_fam=inet laddr=127.0.0.53 lport=53 }
type=PROCTITLE msg=audit(1772218587.496:2031): proctitle=2F7573722F7362696E2F61706163686532002D6B007374617274
type=SYSCALL msg=audit(1772218587.499:2032): arch=c000003e syscall=42 success=yes exit=0 a0=14 a1=7c08eebffd8c a2=10 a3=7c08eebfc504 items=0 ppid=930 pid=1232 auid=4294967295 uid=33 gid=33 euid=33 suid=33 fsuid=33 egid=33 sgid=33 fsgid=33 tty=(none) ses=4294967295 comm="apache2" exe="/usr/sbin/apache2" subj=unconfined key="T1043_Commonly_Used_Port"ARCH=x86_64 SYSCALL=connect AUID="unset" UID="www-data" GID="www-data" EUID="www-data" SUID="www-data" FSUID="www-data" EGID="www-data" SGID="www-data" FSGID="www-data"
type=SOCKADDR msg=audit(1772218587.499:2032): saddr=020000357F0000350000000000000000SADDR={ saddr_fam=inet laddr=127.0.0.53 lport=53 }
type=PROCTITLE msg=audit(1772218587.499:2032): proctitle=2F7573722F7362696E2F61706163686532002D6B007374617274
type=SYSCALL msg=audit(1772218587.557:2033): arch=c000003e syscall=42 success=yes exit=0 a0=f a1=7ffebf71fe80 a2=1d a3=1 items=1 ppid=930 pid=1232 auid=4294967295 uid=33 gid=33 euid=33 suid=33 fsuid=33 egid=33 sgid=33 fsgid=33 tty=(none) ses=4294967295 comm="apache2" exe="/usr/sbin/apache2" subj=unconfined key="T1043_Commonly_Used_Port"ARCH=x86_64 SYSCALL=connect AUID="unset" UID="www-data" GID="www-data" EUID="www-data" SUID="www-data" FSUID="www-data" EGID="www-data" SGID="www-data" FSGID="www-data"
type=SOCKADDR msg=audit(1772218587.557:2033): saddr=01002F7661722F72756E2F6D7973716C642F6D7973716C642E736F636BSADDR={ saddr_fam=local path=/var/run/mysqld/mysqld.sock }
type=PATH msg=audit(1772218587.557:2033): item=0 name="/var/run/mysqld/mysqld.sock" inode=1369 dev=00:18 mode=0140777 ouid=111 ogid=111 rdev=00:00 nametype=NORMAL cap_fp=0 cap_fi=0 cap_fe=0 cap_fver=0 cap_frootid=0OUID="mysql" OGID="mysql"
type=PROCTITLE msg=audit(1772218587.557:2033): proctitle=2F7573722F7362696E2F61706163686532002D6B007374617274
type=SYSCALL msg=audit(1772218588.135:2034): arch=c000003e syscall=106 success=yes exit=0 a0=21 a1=7c08ff8b14a0 a2=0 a3=22 items=0 ppid=930 pid=1459 auid=4294967295 uid=0 gid=33 euid=0 suid=0 fsuid=0 egid=33 sgid=33 fsgid=33 tty=(none) ses=4294967295 comm="apache2" exe="/usr/sbin/apache2" subj=unconfined key="T1166_Seuid_and_Setgid"ARCH=x86_64 SYSCALL=setgid AUID="unset" UID="root" GID="www-data" EUID="root" SUID="root" FSUID="root" EGID="www-data" SGID="www-data" FSGID="www-data"
type=PROCTITLE msg=audit(1772218588.135:2034): proctitle=2F7573722F7362696E2F61706163686532002D6B007374617274
type=SYSCALL msg=audit(1772218588.135:2035): arch=c000003e syscall=42 success=yes exit=0 a0=e a1=7ffebf7229f0 a2=2d a3=57b02d2082d0 items=1 ppid=930 pid=1459 auid=4294967295 uid=0 gid=33 euid=0 suid=0 fsuid=0 egid=33 sgid=33 fsgid=33 tty=(none) ses=4294967295 comm="apache2" exe="/usr/sbin/apache2" subj=unconfined key="T1043_Commonly_Used_Port"ARCH=x86_64 SYSCALL=connect AUID="unset" UID="root" GID="www-data" EUID="root" SUID="root" FSUID="root" EGID="www-data" SGID="www-data" FSGID="www-data"
type=SOCKADDR msg=audit(1772218588.135:2035): saddr=01002F72756E2F73797374656D642F7573657264622F696F2E73797374656D642E44796E616D69635573657200SADDR={ saddr_fam=local path=/run/systemd/userdb/io.systemd.DynamicUser }
type=PATH msg=audit(1772218588.135:2035): item=0 name="/run/systemd/userdb/io.systemd.DynamicUser" inode=451 dev=00:18 mode=0140666 ouid=0 ogid=0 rdev=00:00 nametype=NORMAL cap_fp=0 cap_fi=0 cap_fe=0 cap_fver=0 cap_frootid=0OUID="root" OGID="root"
type=PROCTITLE msg=audit(1772218588.135:2035): proctitle=2F7573722F7362696E2F61706163686532002D6B007374617274
type=SYSCALL msg=audit(1772218588.137:2036): arch=c000003e syscall=105 success=yes exit=0 a0=21 a1=57b02d07fe80 a2=57b5562259ef a3=57b02d07fe90 items=0 ppid=930 pid=1459 auid=4294967295 uid=33 gid=33 euid=33 suid=33 fsuid=33 egid=33 sgid=33 fsgid=33 tty=(none) ses=4294967295 comm="apache2" exe="/usr/sbin/apache2" subj=unconfined key="T1166_Seuid_and_Setgid"ARCH=x86_64 SYSCALL=setuid AUID="unset" UID="www-data" GID="www-data" EUID="www-data" SUID="www-data" FSUID="www-data" EGID="www-data" SGID="www-data" FSGID="www-data"
type=PROCTITLE msg=audit(1772218588.137:2036): proctitle=2F7573722F7362696E2F61706163686532002D6B007374617274
type=SYSCALL msg=audit(1772218590.584:2037): arch=c000003e syscall=42 success=yes exit=0 a0=f a1=7ffebf71fe80 a2=1d a3=1 items=1 ppid=930 pid=1232 auid=4294967295 uid=33 gid=33 euid=33 suid=33 fsuid=33 egid=33 sgid=33 fsgid=33 tty=(none) ses=4294967295 comm="apache2" exe="/usr/sbin/apache2" subj=unconfined key="T1043_Commonly_Used_Port"ARCH=x86_64 SYSCALL=connect AUID="unset" UID="www-data" GID="www-data" EUID="www-data" SUID="www-data" FSUID="www-data" EGID="www-data" SGID="www-data" FSGID="www-data"
type=SOCKADDR msg=audit(1772218590.584:2037): saddr=01002F7661722F72756E2F6D7973716C642F6D7973716C642E736F636BSADDR={ saddr_fam=local path=/var/run/mysqld/mysqld.sock }
type=PATH msg=audit(1772218590.584:2037): item=0 name="/var/run/mysqld/mysqld.sock" inode=1369 dev=00:18 mode=0140777 ouid=111 ogid=111 rdev=00:00 nametype=NORMAL cap_fp=0 cap_fi=0 cap_fe=0 cap_fver=0 cap_frootid=0OUID="mysql" OGID="mysql"
type=PROCTITLE msg=audit(1772218590.584:2037): proctitle=2F7573722F7362696E2F61706163686532002D6B007374617274
type=SYSCALL msg=audit(1772218590.717:2038): arch=c000003e syscall=42 success=yes exit=0 a0=f a1=7ffebf71fe80 a2=1d a3=1 items=1 ppid=930 pid=1232 auid=4294967295 uid=33 gid=33 euid=33 suid=33 fsuid=33 egid=33 sgid=33 fsgid=33 tty=(none) ses=4294967295 comm="apache2" exe="/usr/sbin/apache2" subj=unconfined key="T1043_Commonly_Used_Port"ARCH=x86_64 SYSCALL=connect AUID="unset" UID="www-data" GID="www-data" EUID="www-data" SUID="www-data" FSUID="www-data" EGID="www-data" SGID="www-data" FSGID="www-data"
type=SOCKADDR msg=audit(1772218590.717:2038): saddr=01002F7661722F72756E2F6D7973716C642F6D7973716C642E736F636BSADDR={ saddr_fam=local path=/var/run/mysqld/mysqld.sock }
type=PATH msg=audit(1772218590.717:2038): item=0 name="/var/run/mysqld/mysqld.sock" inode=1369 dev=00:18 mode=0140777 ouid=111 ogid=111 rdev=00:00 nametype=NORMAL cap_fp=0 cap_fi=0 cap_fe=0 cap_fver=0 cap_frootid=0OUID="mysql" OGID="mysql"
type=PROCTITLE msg=audit(1772218590.717:2038): proctitle=2F7573722F7362696E2F61706163686532002D6B007374617274
type=SYSCALL msg=audit(1772218592.190:2039): arch=c000003e syscall=42 success=yes exit=0 a0=f a1=7ffebf71fe80 a2=1d a3=1 items=1 ppid=930 pid=1403 auid=4294967295 uid=33 gid=33 euid=33 suid=33 fsuid=33 egid=33 sgid=33 fsgid=33 tty=(none) ses=4294967295 comm="apache2" exe="/usr/sbin/apache2" subj=unconfined key="T1043_Commonly_Used_Port"ARCH=x86_64 SYSCALL=connect AUID="unset" UID="www-data" GID="www-data" EUID="www-data" SUID="www-data" FSUID="www-data" EGID="www-data" SGID="www-data" FSGID="www-data"
type=SOCKADDR msg=audit(1772218592.190:2039): saddr=01002F7661722F72756E2F6D7973716C642F6D7973716C642E736F636BSADDR={ saddr_fam=local path=/var/run/mysqld/mysqld.sock }
type=PATH msg=audit(1772218592.190:2039): item=0 name="/var/run/mysqld/mysqld.sock" inode=1369 dev=00:18 mode=0140777 ouid=111 ogid=111 rdev=00:00 nametype=NORMAL cap_fp=0 cap_fi=0 cap_fe=0 cap_fver=0 cap_frootid=0OUID="mysql" OGID="mysql"
type=PROCTITLE msg=audit(1772218592.190:2039): proctitle=2F7573722F7362696E2F61706163686532002D6B007374617274
type=SYSCALL msg=audit(1772218600.202:2040): arch=c000003e syscall=42 success=no exit=-115 a0=d a1=7c08ff8b4e20 a2=1c a3=b items=0 ppid=1 pid=930 auid=4294967295 uid=0 gid=0 euid=0 suid=0 fsuid=0 egid=0 sgid=0 fsgid=0 tty=(none) ses=4294967295 comm="apache2" exe="/usr/sbin/apache2" subj=unconfined key="T1043_Commonly_Used_Port"ARCH=x86_64 SYSCALL=connect AUID="unset" UID="root" GID="root" EUID="root" SUID="root" FSUID="root" EGID="root" SGID="root" FSGID="root"
type=SOCKADDR msg=audit(1772218600.202:2040): saddr=0A000050000000000000000000000000000000000000000000000000SADDR={ saddr_fam=inet6 laddr=:: lport=80 }
type=PROCTITLE msg=audit(1772218600.202:2040): proctitle=2F7573722F7362696E2F61706163686532002D6B007374617274
type=SYSCALL msg=audit(1772218610.493:2041): arch=c000003e syscall=42 success=yes exit=0 a0=f a1=7ffebf71fe80 a2=1d a3=1 items=1 ppid=930 pid=1423 auid=4294967295 uid=33 gid=33 euid=33 suid=33 fsuid=33 egid=33 sgid=33 fsgid=33 tty=(none) ses=4294967295 comm="apache2" exe="/usr/sbin/apache2" subj=unconfined key="T1043_Commonly_Used_Port"ARCH=x86_64 SYSCALL=connect AUID="unset" UID="www-data" GID="www-data" EUID="www-data" SUID="www-data" FSUID="www-data" EGID="www-data" SGID="www-data" FSGID="www-data"
type=SOCKADDR msg=audit(1772218610.493:2041): saddr=01002F7661722F72756E2F6D7973716C642F6D7973716C642E736F636BSADDR={ saddr_fam=local path=/var/run/mysqld/mysqld.sock }
type=PATH msg=audit(1772218610.493:2041): item=0 name="/var/run/mysqld/mysqld.sock" inode=1369 dev=00:18 mode=0140777 ouid=111 ogid=111 rdev=00:00 nametype=NORMAL cap_fp=0 cap_fi=0 cap_fe=0 cap_fver=0 cap_frootid=0OUID="mysql" OGID="mysql"
type=PROCTITLE msg=audit(1772218610.493:2041): proctitle=2F7573722F7362696E2F61706163686532002D6B007374617274
type=SYSCALL msg=audit(1772218611.317:2042): arch=c000003e syscall=42 success=yes exit=0 a0=f a1=7ffebf71fe80 a2=1d a3=1 items=1 ppid=930 pid=1459 auid=4294967295 uid=33 gid=33 euid=33 suid=33 fsuid=33 egid=33 sgid=33 fsgid=33 tty=(none) ses=4294967295 comm="apache2" exe="/usr/sbin/apache2" subj=unconfined key="T1043_Commonly_Used_Port"ARCH=x86_64 SYSCALL=connect AUID="unset" UID="www-data" GID="www-data" EUID="www-data" SUID="www-data" FSUID="www-data" EGID="www-data" SGID="www-data" FSGID="www-data"
type=SOCKADDR msg=audit(1772218611.317:2042): saddr=01002F7661722F72756E2F6D7973716C642F6D7973716C642E736F636BSADDR={ saddr_fam=local path=/var/run/mysqld/mysqld.sock }
type=PATH msg=audit(1772218611.317:2042): item=0 name="/var/run/mysqld/mysqld.sock" inode=1369 dev=00:18 mode=0140777 ouid=111 ogid=111 rdev=00:00 nametype=NORMAL cap_fp=0 cap_fi=0 cap_fe=0 cap_fver=0 cap_frootid=0OUID="mysql" OGID="mysql"
type=PROCTITLE msg=audit(1772218611.317:2042): proctitle=2F7573722F7362696E2F61706163686532002D6B007374617274
type=SYSCALL msg=audit(1772218611.447:2043): arch=c000003e syscall=106 success=yes exit=0 a0=21 a1=7c08ff8b14a0 a2=0 a3=22 items=0 ppid=930 pid=1461 auid=4294967295 uid=0 gid=33 euid=0 suid=0 fsuid=0 egid=33 sgid=33 fsgid=33 tty=(none) ses=4294967295 comm="apache2" exe="/usr/sbin/apache2" subj=unconfined key="T1166_Seuid_and_Setgid"ARCH=x86_64 SYSCALL=setgid AUID="unset" UID="root" GID="www-data" EUID="root" SUID="root" FSUID="root" EGID="www-data" SGID="www-data" FSGID="www-data"
type=PROCTITLE msg=audit(1772218611.447:2043): proctitle=2F7573722F7362696E2F61706163686532002D6B007374617274
type=SYSCALL msg=audit(1772218611.447:2044): arch=c000003e syscall=42 success=yes exit=0 a0=e a1=7ffebf7229f0 a2=2d a3=57b02d2082d0 items=1 ppid=930 pid=1461 auid=4294967295 uid=0 gid=33 euid=0 suid=0 fsuid=0 egid=33 sgid=33 fsgid=33 tty=(none) ses=4294967295 comm="apache2" exe="/usr/sbin/apache2" subj=unconfined key="T1043_Commonly_Used_Port"ARCH=x86_64 SYSCALL=connect AUID="unset" UID="root" GID="www-data" EUID="root" SUID="root" FSUID="root" EGID="www-data" SGID="www-data" FSGID="www-data"
type=SOCKADDR msg=audit(1772218611.447:2044): saddr=01002F72756E2F73797374656D642F7573657264622F696F2E73797374656D642E44796E616D69635573657200SADDR={ saddr_fam=local path=/run/systemd/userdb/io.systemd.DynamicUser }
type=PATH msg=audit(1772218611.447:2044): item=0 name="/run/systemd/userdb/io.systemd.DynamicUser" inode=451 dev=00:18 mode=0140666 ouid=0 ogid=0 rdev=00:00 nametype=NORMAL cap_fp=0 cap_fi=0 cap_fe=0 cap_fver=0 cap_frootid=0OUID="root" OGID="root"
type=PROCTITLE msg=audit(1772218611.447:2044): proctitle=2F7573722F7362696E2F61706163686532002D6B007374617274
type=SYSCALL msg=audit(1772218611.451:2045): arch=c000003e syscall=105 success=yes exit=0 a0=21 a1=57b02d07fe80 a2=57b5562259ef a3=57b02d07fe90 items=0 ppid=930 pid=1461 auid=4294967295 uid=33 gid=33 euid=33 suid=33 fsuid=33 egid=33 sgid=33 fsgid=33 tty=(none) ses=4294967295 comm="apache2" exe="/usr/sbin/apache2" subj=unconfined key="T1166_Seuid_and_Setgid"ARCH=x86_64 SYSCALL=setuid AUID="unset" UID="www-data" GID="www-data" EUID="www-data" SUID="www-data" FSUID="www-data" EGID="www-data" SGID="www-data" FSGID="www-data"
type=PROCTITLE msg=audit(1772218611.451:2045): proctitle=2F7573722F7362696E2F61706163686532002D6B007374617274
type=SYSCALL msg=audit(1772218611.500:2046): arch=c000003e syscall=42 success=yes exit=0 a0=f a1=7ffebf71fe80 a2=1d a3=1 items=1 ppid=930 pid=1459 auid=4294967295 uid=33 gid=33 euid=33 suid=33 fsuid=33 egid=33 sgid=33 fsgid=33 tty=(none) ses=4294967295 comm="apache2" exe="/usr/sbin/apache2" subj=unconfined key="T1043_Commonly_Used_Port"ARCH=x86_64 SYSCALL=connect AUID="unset" UID="www-data" GID="www-data" EUID="www-data" SUID="www-data" FSUID="www-data" EGID="www-data" SGID="www-data" FSGID="www-data"
type=SOCKADDR msg=audit(1772218611.500:2046): saddr=01002F7661722F72756E2F6D7973716C642F6D7973716C642E736F636BSADDR={ saddr_fam=local path=/var/run/mysqld/mysqld.sock }
type=PATH msg=audit(1772218611.500:2046): item=0 name="/var/run/mysqld/mysqld.sock" inode=1369 dev=00:18 mode=0140777 ouid=111 ogid=111 rdev=00:00 nametype=NORMAL cap_fp=0 cap_fi=0 cap_fe=0 cap_fver=0 cap_frootid=0OUID="mysql" OGID="mysql"
type=PROCTITLE msg=audit(1772218611.500:2046): proctitle=2F7573722F7362696E2F61706163686532002D6B007374617274
type=SYSCALL msg=audit(1772218619.527:2047): arch=c000003e syscall=42 success=no exit=-115 a0=d a1=7c08ff8b4e20 a2=1c a3=b items=0 ppid=1 pid=930 auid=4294967295 uid=0 gid=0 euid=0 suid=0 fsuid=0 egid=0 sgid=0 fsgid=0 tty=(none) ses=4294967295 comm="apache2" exe="/usr/sbin/apache2" subj=unconfined key="T1043_Commonly_Used_Port"ARCH=x86_64 SYSCALL=connect AUID="unset" UID="root" GID="root" EUID="root" SUID="root" FSUID="root" EGID="root" SGID="root" FSGID="root"
type=SOCKADDR msg=audit(1772218619.527:2047): saddr=0A000050000000000000000000000000000000000000000000000000SADDR={ saddr_fam=inet6 laddr=:: lport=80 }
type=PROCTITLE msg=audit(1772218619.527:2047): proctitle=2F7573722F7362696E2F61706163686532002D6B007374617274
type=SYSCALL msg=audit(1772218628.451:2048): arch=c000003e syscall=42 success=yes exit=0 a0=f a1=7ffebf71fe80 a2=1d a3=1 items=1 ppid=930 pid=1232 auid=4294967295 uid=33 gid=33 euid=33 suid=33 fsuid=33 egid=33 sgid=33 fsgid=33 tty=(none) ses=4294967295 comm="apache2" exe="/usr/sbin/apache2" subj=unconfined key="T1043_Commonly_Used_Port"ARCH=x86_64 SYSCALL=connect AUID="unset" UID="www-data" GID="www-data" EUID="www-data" SUID="www-data" FSUID="www-data" EGID="www-data" SGID="www-data" FSGID="www-data"
type=SOCKADDR msg=audit(1772218628.451:2048): saddr=01002F7661722F72756E2F6D7973716C642F6D7973716C642E736F636BSADDR={ saddr_fam=local path=/var/run/mysqld/mysqld.sock }
type=PATH msg=audit(1772218628.451:2048): item=0 name="/var/run/mysqld/mysqld.sock" inode=1369 dev=00:18 mode=0140777 ouid=111 ogid=111 rdev=00:00 nametype=NORMAL cap_fp=0 cap_fi=0 cap_fe=0 cap_fver=0 cap_frootid=0OUID="mysql" OGID="mysql"
type=PROCTITLE msg=audit(1772218628.451:2048): proctitle=2F7573722F7362696E2F61706163686532002D6B007374617274
type=SYSCALL msg=audit(1772218628.717:2049): arch=c000003e syscall=106 success=yes exit=0 a0=21 a1=7c08ff8b14a0 a2=0 a3=22 items=0 ppid=930 pid=1463 auid=4294967295 uid=0 gid=33 euid=0 suid=0 fsuid=0 egid=33 sgid=33 fsgid=33 tty=(none) ses=4294967295 comm="apache2" exe="/usr/sbin/apache2" subj=unconfined key="T1166_Seuid_and_Setgid"ARCH=x86_64 SYSCALL=setgid AUID="unset" UID="root" GID="www-data" EUID="root" SUID="root" FSUID="root" EGID="www-data" SGID="www-data" FSGID="www-data"
type=PROCTITLE msg=audit(1772218628.717:2049): proctitle=2F7573722F7362696E2F61706163686532002D6B007374617274
type=SYSCALL msg=audit(1772218628.719:2050): arch=c000003e syscall=42 success=yes exit=0 a0=e a1=7ffebf7229f0 a2=2d a3=57b02d2082d0 items=1 ppid=930 pid=1463 auid=4294967295 uid=0 gid=33 euid=0 suid=0 fsuid=0 egid=33 sgid=33 fsgid=33 tty=(none) ses=4294967295 comm="apache2" exe="/usr/sbin/apache2" subj=unconfined key="T1043_Commonly_Used_Port"ARCH=x86_64 SYSCALL=connect AUID="unset" UID="root" GID="www-data" EUID="root" SUID="root" FSUID="root" EGID="www-data" SGID="www-data" FSGID="www-data"
type=SOCKADDR msg=audit(1772218628.719:2050): saddr=01002F72756E2F73797374656D642F7573657264622F696F2E73797374656D642E44796E616D69635573657200SADDR={ saddr_fam=local path=/run/systemd/userdb/io.systemd.DynamicUser }
type=PATH msg=audit(1772218628.719:2050): item=0 name="/run/systemd/userdb/io.systemd.DynamicUser" inode=451 dev=00:18 mode=0140666 ouid=0 ogid=0 rdev=00:00 nametype=NORMAL cap_fp=0 cap_fi=0 cap_fe=0 cap_fver=0 cap_frootid=0OUID="root" OGID="root"
type=PROCTITLE msg=audit(1772218628.719:2050): proctitle=2F7573722F7362696E2F61706163686532002D6B007374617274
type=SYSCALL msg=audit(1772218628.721:2051): arch=c000003e syscall=105 success=yes exit=0 a0=21 a1=57b02d07fe80 a2=57b5562259ef a3=57b02d07fe90 items=0 ppid=930 pid=1463 auid=4294967295 uid=33 gid=33 euid=33 suid=33 fsuid=33 egid=33 sgid=33 fsgid=33 tty=(none) ses=4294967295 comm="apache2" exe="/usr/sbin/apache2" subj=unconfined key="T1166_Seuid_and_Setgid"ARCH=x86_64 SYSCALL=setuid AUID="unset" UID="www-data" GID="www-data" EUID="www-data" SUID="www-data" FSUID="www-data" EGID="www-data" SGID="www-data" FSGID="www-data"
type=PROCTITLE msg=audit(1772218628.721:2051): proctitle=2F7573722F7362696E2F61706163686532002D6B007374617274
type=SYSCALL msg=audit(1772218629.007:2052): arch=c000003e syscall=42 success=yes exit=0 a0=f a1=7ffebf71fe80 a2=1d a3=1 items=1 ppid=930 pid=1419 auid=4294967295 uid=33 gid=33 euid=33 suid=33 fsuid=33 egid=33 sgid=33 fsgid=33 tty=(none) ses=4294967295 comm="apache2" exe="/usr/sbin/apache2" subj=unconfined key="T1043_Commonly_Used_Port"ARCH=x86_64 SYSCALL=connect AUID="unset" UID="www-data" GID="www-data" EUID="www-data" SUID="www-data" FSUID="www-data" EGID="www-data" SGID="www-data" FSGID="www-data"
type=SOCKADDR msg=audit(1772218629.007:2052): saddr=01002F7661722F72756E2F6D7973716C642F6D7973716C642E736F636BSADDR={ saddr_fam=local path=/var/run/mysqld/mysqld.sock }
type=PATH msg=audit(1772218629.007:2052): item=0 name="/var/run/mysqld/mysqld.sock" inode=1369 dev=00:18 mode=0140777 ouid=111 ogid=111 rdev=00:00 nametype=NORMAL cap_fp=0 cap_fi=0 cap_fe=0 cap_fver=0 cap_frootid=0OUID="mysql" OGID="mysql"
type=PROCTITLE msg=audit(1772218629.007:2052): proctitle=2F7573722F7362696E2F61706163686532002D6B007374617274
type=SYSCALL msg=audit(1772218634.783:2053): arch=c000003e syscall=42 success=no exit=-115 a0=d a1=7c08ff8b4e20 a2=1c a3=b items=0 ppid=1 pid=930 auid=4294967295 uid=0 gid=0 euid=0 suid=0 fsuid=0 egid=0 sgid=0 fsgid=0 tty=(none) ses=4294967295 comm="apache2" exe="/usr/sbin/apache2" subj=unconfined key="T1043_Commonly_Used_Port"ARCH=x86_64 SYSCALL=connect AUID="unset" UID="root" GID="root" EUID="root" SUID="root" FSUID="root" EGID="root" SGID="root" FSGID="root"
type=SOCKADDR msg=audit(1772218634.783:2053): saddr=0A000050000000000000000000000000000000000000000000000000SADDR={ saddr_fam=inet6 laddr=:: lport=80 }
type=PROCTITLE msg=audit(1772218634.783:2053): proctitle=2F7573722F7362696E2F61706163686532002D6B007374617274
type=SYSCALL msg=audit(1772218643.525:2054): arch=c000003e syscall=59 success=yes exit=0 a0=61cf92d61500 a1=61cf92d61050 a2=61cf92c1acc0 a3=61cf92d61220 items=2 ppid=1383 pid=1464 auid=1000 uid=0 gid=0 euid=0 suid=0 fsuid=0 egid=0 sgid=0 fsgid=0 tty=pts1 ses=3 comm="ls" exe="/usr/bin/ls" subj=unconfined key="T1078_Valid_Accounts"ARCH=x86_64 SYSCALL=execve AUID="vboxuser" UID="root" GID="root" EUID="root" SUID="root" FSUID="root" EGID="root" SGID="root" FSGID="root"
type=EXECVE msg=audit(1772218643.525:2054): argc=4 a0="ls" a1="--color=auto" a2="-l" a3="/tmp"
type=PATH msg=audit(1772218643.525:2054): item=0 name="/usr/bin/ls" inode=1442533 dev=08:02 mode=0100755 ouid=0 ogid=0 rdev=00:00 nametype=NORMAL cap_fp=0 cap_fi=0 cap_fe=0 cap_fver=0 cap_frootid=0OUID="root" OGID="root"
type=PATH msg=audit(1772218643.525:2054): item=1 name="/lib64/ld-linux-x86-64.so.2" inode=1481429 dev=08:02 mode=0100755 ouid=0 ogid=0 rdev=00:00 nametype=NORMAL cap_fp=0 cap_fi=0 cap_fe=0 cap_fver=0 cap_frootid=0OUID="root" OGID="root"
type=PROCTITLE msg=audit(1772218643.525:2054): proctitle=6C73002D2D636F6C6F723D6175746F002D6C002F746D70
type=SYSCALL msg=audit(1772218652.250:2055): arch=c000003e syscall=59 success=yes exit=0 a0=61cf92d60e50 a1=61cf92d61050 a2=61cf92c1acc0 a3=61cf92d61580 items=2 ppid=1383 pid=1465 auid=1000 uid=0 gid=0 euid=0 suid=0 fsuid=0 egid=0 sgid=0 fsgid=0 tty=pts1 ses=3 comm="chown" exe="/usr/bin/chown" subj=unconfined key="T1078_Valid_Accounts"ARCH=x86_64 SYSCALL=execve AUID="vboxuser" UID="root" GID="root" EUID="root" SUID="root" FSUID="root" EGID="root" SGID="root" FSGID="root"
type=EXECVE msg=audit(1772218652.250:2055): argc=3 a0="chown" a1="www-data:www-data" a2="/tmp/test-image.jpg"
type=PATH msg=audit(1772218652.250:2055): item=0 name="/usr/bin/chown" inode=1442312 dev=08:02 mode=0100755 ouid=0 ogid=0 rdev=00:00 nametype=NORMAL cap_fp=0 cap_fi=0 cap_fe=0 cap_fver=0 cap_frootid=0OUID="root" OGID="root"
type=PATH msg=audit(1772218652.250:2055): item=1 name="/lib64/ld-linux-x86-64.so.2" inode=1481429 dev=08:02 mode=0100755 ouid=0 ogid=0 rdev=00:00 nametype=NORMAL cap_fp=0 cap_fi=0 cap_fe=0 cap_fver=0 cap_frootid=0OUID="root" OGID="root"
type=PROCTITLE msg=audit(1772218652.250:2055): proctitle=63686F776E007777772D646174613A7777772D64617461002F746D702F746573742D696D6167652E6A7067
type=SYSCALL msg=audit(1772218652.266:2056): arch=c000003e syscall=260 success=yes exit=0 a0=ffffff9c a1=5f7764bb6a70 a2=21 a3=21 items=1 ppid=1383 pid=1465 auid=1000 uid=0 gid=0 euid=0 suid=0 fsuid=0 egid=0 sgid=0 fsgid=0 tty=pts1 ses=3 comm="chown" exe="/usr/bin/chown" subj=unconfined key="T1166_Seuid_and_Setgid"ARCH=x86_64 SYSCALL=fchownat AUID="vboxuser" UID="root" GID="root" EUID="root" SUID="root" FSUID="root" EGID="root" SGID="root" FSGID="root"
type=PATH msg=audit(1772218652.266:2056): item=0 name="/tmp/test-image.jpg" inode=1310734 dev=08:02 mode=0100644 ouid=0 ogid=0 rdev=00:00 nametype=NORMAL cap_fp=0 cap_fi=0 cap_fe=0 cap_fver=0 cap_frootid=0OUID="root" OGID="root"
type=PROCTITLE msg=audit(1772218652.266:2056): proctitle=63686F776E007777772D646174613A7777772D64617461002F746D702F746573742D696D6167652E6A7067
type=SYSCALL msg=audit(1772218660.003:2057): arch=c000003e syscall=42 success=yes exit=0 a0=f a1=7ffebf71fe80 a2=1d a3=1 items=1 ppid=930 pid=1459 auid=4294967295 uid=33 gid=33 euid=33 suid=33 fsuid=33 egid=33 sgid=33 fsgid=33 tty=(none) ses=4294967295 comm="apache2" exe="/usr/sbin/apache2" subj=unconfined key="T1043_Commonly_Used_Port"ARCH=x86_64 SYSCALL=connect AUID="unset" UID="www-data" GID="www-data" EUID="www-data" SUID="www-data" FSUID="www-data" EGID="www-data" SGID="www-data" FSGID="www-data"
type=SOCKADDR msg=audit(1772218660.003:2057): saddr=01002F7661722F72756E2F6D7973716C642F6D7973716C642E736F636BSADDR={ saddr_fam=local path=/var/run/mysqld/mysqld.sock }
type=PATH msg=audit(1772218660.003:2057): item=0 name="/var/run/mysqld/mysqld.sock" inode=1369 dev=00:18 mode=0140777 ouid=111 ogid=111 rdev=00:00 nametype=NORMAL cap_fp=0 cap_fi=0 cap_fe=0 cap_fver=0 cap_frootid=0OUID="mysql" OGID="mysql"
type=PROCTITLE msg=audit(1772218660.003:2057): proctitle=2F7573722F7362696E2F61706163686532002D6B007374617274
type=SYSCALL msg=audit(1772218660.042:2058): arch=c000003e syscall=42 success=yes exit=0 a0=14 a1=7c08eebffd8c a2=10 a3=7c08eebfc504 items=0 ppid=930 pid=1459 auid=4294967295 uid=33 gid=33 euid=33 suid=33 fsuid=33 egid=33 sgid=33 fsgid=33 tty=(none) ses=4294967295 comm="apache2" exe="/usr/sbin/apache2" subj=unconfined key="T1043_Commonly_Used_Port"ARCH=x86_64 SYSCALL=connect AUID="unset" UID="www-data" GID="www-data" EUID="www-data" SUID="www-data" FSUID="www-data" EGID="www-data" SGID="www-data" FSGID="www-data"
type=SOCKADDR msg=audit(1772218660.042:2058): saddr=020000357F0000350000000000000000SADDR={ saddr_fam=inet laddr=127.0.0.53 lport=53 }
type=PROCTITLE msg=audit(1772218660.042:2058): proctitle=2F7573722F7362696E2F61706163686532002D6B007374617274
type=SYSCALL msg=audit(1772218660.044:2059): arch=c000003e syscall=42 success=yes exit=0 a0=14 a1=7c08eebffd8c a2=10 a3=7c08eebfc504 items=0 ppid=930 pid=1459 auid=4294967295 uid=33 gid=33 euid=33 suid=33 fsuid=33 egid=33 sgid=33 fsgid=33 tty=(none) ses=4294967295 comm="apache2" exe="/usr/sbin/apache2" subj=unconfined key="T1043_Commonly_Used_Port"ARCH=x86_64 SYSCALL=connect AUID="unset" UID="www-data" GID="www-data" EUID="www-data" SUID="www-data" FSUID="www-data" EGID="www-data" SGID="www-data" FSGID="www-data"
type=SOCKADDR msg=audit(1772218660.044:2059): saddr=020000357F0000350000000000000000SADDR={ saddr_fam=inet laddr=127.0.0.53 lport=53 }
type=PROCTITLE msg=audit(1772218660.044:2059): proctitle=2F7573722F7362696E2F61706163686532002D6B007374617274
type=SYSCALL msg=audit(1772218660.096:2060): arch=c000003e syscall=42 success=yes exit=0 a0=f a1=7ffebf71fe80 a2=1d a3=1 items=1 ppid=930 pid=1459 auid=4294967295 uid=33 gid=33 euid=33 suid=33 fsuid=33 egid=33 sgid=33 fsgid=33 tty=(none) ses=4294967295 comm="apache2" exe="/usr/sbin/apache2" subj=unconfined key="T1043_Commonly_Used_Port"ARCH=x86_64 SYSCALL=connect AUID="unset" UID="www-data" GID="www-data" EUID="www-data" SUID="www-data" FSUID="www-data" EGID="www-data" SGID="www-data" FSGID="www-data"
type=SOCKADDR msg=audit(1772218660.096:2060): saddr=01002F7661722F72756E2F6D7973716C642F6D7973716C642E736F636BSADDR={ saddr_fam=local path=/var/run/mysqld/mysqld.sock }
type=PATH msg=audit(1772218660.096:2060): item=0 name="/var/run/mysqld/mysqld.sock" inode=1369 dev=00:18 mode=0140777 ouid=111 ogid=111 rdev=00:00 nametype=NORMAL cap_fp=0 cap_fi=0 cap_fe=0 cap_fver=0 cap_frootid=0OUID="mysql" OGID="mysql"
type=PROCTITLE msg=audit(1772218660.096:2060): proctitle=2F7573722F7362696E2F61706163686532002D6B007374617274
type=SYSCALL msg=audit(1772218660.376:2061): arch=c000003e syscall=106 success=yes exit=0 a0=21 a1=7c08ff8b14a0 a2=0 a3=22 items=0 ppid=930 pid=1467 auid=4294967295 uid=0 gid=33 euid=0 suid=0 fsuid=0 egid=33 sgid=33 fsgid=33 tty=(none) ses=4294967295 comm="apache2" exe="/usr/sbin/apache2" subj=unconfined key="T1166_Seuid_and_Setgid"ARCH=x86_64 SYSCALL=setgid AUID="unset" UID="root" GID="www-data" EUID="root" SUID="root" FSUID="root" EGID="www-data" SGID="www-data" FSGID="www-data"
type=PROCTITLE msg=audit(1772218660.376:2061): proctitle=2F7573722F7362696E2F61706163686532002D6B007374617274
type=SYSCALL msg=audit(1772218660.376:2062): arch=c000003e syscall=42 success=yes exit=0 a0=e a1=7ffebf7229f0 a2=2d a3=57b02d2082d0 items=1 ppid=930 pid=1467 auid=4294967295 uid=0 gid=33 euid=0 suid=0 fsuid=0 egid=33 sgid=33 fsgid=33 tty=(none) ses=4294967295 comm="apache2" exe="/usr/sbin/apache2" subj=unconfined key="T1043_Commonly_Used_Port"ARCH=x86_64 SYSCALL=connect AUID="unset" UID="root" GID="www-data" EUID="root" SUID="root" FSUID="root" EGID="www-data" SGID="www-data" FSGID="www-data"
type=SOCKADDR msg=audit(1772218660.376:2062): saddr=01002F72756E2F73797374656D642F7573657264622F696F2E73797374656D642E44796E616D69635573657200SADDR={ saddr_fam=local path=/run/systemd/userdb/io.systemd.DynamicUser }
type=PATH msg=audit(1772218660.376:2062): item=0 name="/run/systemd/userdb/io.systemd.DynamicUser" inode=451 dev=00:18 mode=0140666 ouid=0 ogid=0 rdev=00:00 nametype=NORMAL cap_fp=0 cap_fi=0 cap_fe=0 cap_fver=0 cap_frootid=0OUID="root" OGID="root"
type=PROCTITLE msg=audit(1772218660.376:2062): proctitle=2F7573722F7362696E2F61706163686532002D6B007374617274
type=SYSCALL msg=audit(1772218660.378:2063): arch=c000003e syscall=105 success=yes exit=0 a0=21 a1=57b02d07fe80 a2=57b5562259ef a3=57b02d07fe90 items=0 ppid=930 pid=1467 auid=4294967295 uid=33 gid=33 euid=33 suid=33 fsuid=33 egid=33 sgid=33 fsgid=33 tty=(none) ses=4294967295 comm="apache2" exe="/usr/sbin/apache2" subj=unconfined key="T1166_Seuid_and_Setgid"ARCH=x86_64 SYSCALL=setuid AUID="unset" UID="www-data" GID="www-data" EUID="www-data" SUID="www-data" FSUID="www-data" EGID="www-data" SGID="www-data" FSGID="www-data"
type=PROCTITLE msg=audit(1772218660.378:2063): proctitle=2F7573722F7362696E2F61706163686532002D6B007374617274
type=SYSCALL msg=audit(1772218662.710:2064): arch=c000003e syscall=42 success=yes exit=0 a0=f a1=7ffebf71fe80 a2=1d a3=1 items=1 ppid=930 pid=1232 auid=4294967295 uid=33 gid=33 euid=33 suid=33 fsuid=33 egid=33 sgid=33 fsgid=33 tty=(none) ses=4294967295 comm="apache2" exe="/usr/sbin/apache2" subj=unconfined key="T1043_Commonly_Used_Port"ARCH=x86_64 SYSCALL=connect AUID="unset" UID="www-data" GID="www-data" EUID="www-data" SUID="www-data" FSUID="www-data" EGID="www-data" SGID="www-data" FSGID="www-data"
type=SOCKADDR msg=audit(1772218662.710:2064): saddr=01002F7661722F72756E2F6D7973716C642F6D7973716C642E736F636BSADDR={ saddr_fam=local path=/var/run/mysqld/mysqld.sock }
type=PATH msg=audit(1772218662.710:2064): item=0 name="/var/run/mysqld/mysqld.sock" inode=1369 dev=00:18 mode=0140777 ouid=111 ogid=111 rdev=00:00 nametype=NORMAL cap_fp=0 cap_fi=0 cap_fe=0 cap_fver=0 cap_frootid=0OUID="mysql" OGID="mysql"
type=PROCTITLE msg=audit(1772218662.710:2064): proctitle=2F7573722F7362696E2F61706163686532002D6B007374617274
type=SYSCALL msg=audit(1772218662.804:2065): arch=c000003e syscall=42 success=yes exit=0 a0=f a1=7ffebf71fe80 a2=1d a3=1 items=1 ppid=930 pid=1232 auid=4294967295 uid=33 gid=33 euid=33 suid=33 fsuid=33 egid=33 sgid=33 fsgid=33 tty=(none) ses=4294967295 comm="apache2" exe="/usr/sbin/apache2" subj=unconfined key="T1043_Commonly_Used_Port"ARCH=x86_64 SYSCALL=connect AUID="unset" UID="www-data" GID="www-data" EUID="www-data" SUID="www-data" FSUID="www-data" EGID="www-data" SGID="www-data" FSGID="www-data"
type=SOCKADDR msg=audit(1772218662.804:2065): saddr=01002F7661722F72756E2F6D7973716C642F6D7973716C642E736F636BSADDR={ saddr_fam=local path=/var/run/mysqld/mysqld.sock }
type=PATH msg=audit(1772218662.804:2065): item=0 name="/var/run/mysqld/mysqld.sock" inode=1369 dev=00:18 mode=0140777 ouid=111 ogid=111 rdev=00:00 nametype=NORMAL cap_fp=0 cap_fi=0 cap_fe=0 cap_fver=0 cap_frootid=0OUID="mysql" OGID="mysql"
type=PROCTITLE msg=audit(1772218662.804:2065): proctitle=2F7573722F7362696E2F61706163686532002D6B007374617274
type=SYSCALL msg=audit(1772218664.052:2066): arch=c000003e syscall=42 success=yes exit=0 a0=f a1=7ffebf71fe80 a2=1d a3=1 items=1 ppid=930 pid=1457 auid=4294967295 uid=33 gid=33 euid=33 suid=33 fsuid=33 egid=33 sgid=33 fsgid=33 tty=(none) ses=4294967295 comm="apache2" exe="/usr/sbin/apache2" subj=unconfined key="T1043_Commonly_Used_Port"ARCH=x86_64 SYSCALL=connect AUID="unset" UID="www-data" GID="www-data" EUID="www-data" SUID="www-data" FSUID="www-data" EGID="www-data" SGID="www-data" FSGID="www-data"
type=SOCKADDR msg=audit(1772218664.052:2066): saddr=01002F7661722F72756E2F6D7973716C642F6D7973716C642E736F636BSADDR={ saddr_fam=local path=/var/run/mysqld/mysqld.sock }
type=PATH msg=audit(1772218664.052:2066): item=0 name="/var/run/mysqld/mysqld.sock" inode=1369 dev=00:18 mode=0140777 ouid=111 ogid=111 rdev=00:00 nametype=NORMAL cap_fp=0 cap_fi=0 cap_fe=0 cap_fver=0 cap_frootid=0OUID="mysql" OGID="mysql"
type=PROCTITLE msg=audit(1772218664.052:2066): proctitle=2F7573722F7362696E2F61706163686532002D6B007374617274
type=SYSCALL msg=audit(1772218666.428:2067): arch=c000003e syscall=42 success=yes exit=0 a0=f a1=7ffebf71fe80 a2=1d a3=1 items=1 ppid=930 pid=1457 auid=4294967295 uid=33 gid=33 euid=33 suid=33 fsuid=33 egid=33 sgid=33 fsgid=33 tty=(none) ses=4294967295 comm="apache2" exe="/usr/sbin/apache2" subj=unconfined key="T1043_Commonly_Used_Port"ARCH=x86_64 SYSCALL=connect AUID="unset" UID="www-data" GID="www-data" EUID="www-data" SUID="www-data" FSUID="www-data" EGID="www-data" SGID="www-data" FSGID="www-data"
type=SOCKADDR msg=audit(1772218666.428:2067): saddr=01002F7661722F72756E2F6D7973716C642F6D7973716C642E736F636BSADDR={ saddr_fam=local path=/var/run/mysqld/mysqld.sock }
type=PATH msg=audit(1772218666.428:2067): item=0 name="/var/run/mysqld/mysqld.sock" inode=1369 dev=00:18 mode=0140777 ouid=111 ogid=111 rdev=00:00 nametype=NORMAL cap_fp=0 cap_fi=0 cap_fe=0 cap_fver=0 cap_frootid=0OUID="mysql" OGID="mysql"
type=PROCTITLE msg=audit(1772218666.428:2067): proctitle=2F7573722F7362696E2F61706163686532002D6B007374617274
type=SYSCALL msg=audit(1772218667.281:2068): arch=c000003e syscall=42 success=yes exit=0 a0=f a1=7ffebf71fe80 a2=1d a3=1 items=1 ppid=930 pid=1232 auid=4294967295 uid=33 gid=33 euid=33 suid=33 fsuid=33 egid=33 sgid=33 fsgid=33 tty=(none) ses=4294967295 comm="apache2" exe="/usr/sbin/apache2" subj=unconfined key="T1043_Commonly_Used_Port"ARCH=x86_64 SYSCALL=connect AUID="unset" UID="www-data" GID="www-data" EUID="www-data" SUID="www-data" FSUID="www-data" EGID="www-data" SGID="www-data" FSGID="www-data"
type=SOCKADDR msg=audit(1772218667.281:2068): saddr=01002F7661722F72756E2F6D7973716C642F6D7973716C642E736F636BSADDR={ saddr_fam=local path=/var/run/mysqld/mysqld.sock }
type=PATH msg=audit(1772218667.281:2068): item=0 name="/var/run/mysqld/mysqld.sock" inode=1369 dev=00:18 mode=0140777 ouid=111 ogid=111 rdev=00:00 nametype=NORMAL cap_fp=0 cap_fi=0 cap_fe=0 cap_fver=0 cap_frootid=0OUID="mysql" OGID="mysql"
type=PROCTITLE msg=audit(1772218667.281:2068): proctitle=2F7573722F7362696E2F61706163686532002D6B007374617274
type=SYSCALL msg=audit(1772218667.464:2069): arch=c000003e syscall=42 success=yes exit=0 a0=f a1=7ffebf71fe80 a2=1d a3=1 items=1 ppid=930 pid=1232 auid=4294967295 uid=33 gid=33 euid=33 suid=33 fsuid=33 egid=33 sgid=33 fsgid=33 tty=(none) ses=4294967295 comm="apache2" exe="/usr/sbin/apache2" subj=unconfined key="T1043_Commonly_Used_Port"ARCH=x86_64 SYSCALL=connect AUID="unset" UID="www-data" GID="www-data" EUID="www-data" SUID="www-data" FSUID="www-data" EGID="www-data" SGID="www-data" FSGID="www-data"
type=SOCKADDR msg=audit(1772218667.464:2069): saddr=01002F7661722F72756E2F6D7973716C642F6D7973716C642E736F636BSADDR={ saddr_fam=local path=/var/run/mysqld/mysqld.sock }
type=PATH msg=audit(1772218667.464:2069): item=0 name="/var/run/mysqld/mysqld.sock" inode=1369 dev=00:18 mode=0140777 ouid=111 ogid=111 rdev=00:00 nametype=NORMAL cap_fp=0 cap_fi=0 cap_fe=0 cap_fver=0 cap_frootid=0OUID="mysql" OGID="mysql"
type=PROCTITLE msg=audit(1772218667.464:2069): proctitle=2F7573722F7362696E2F61706163686532002D6B007374617274
type=SYSCALL msg=audit(1772218674.643:2070): arch=c000003e syscall=42 success=no exit=-115 a0=d a1=7c08ff8b4e20 a2=1c a3=b items=0 ppid=1 pid=930 auid=4294967295 uid=0 gid=0 euid=0 suid=0 fsuid=0 egid=0 sgid=0 fsgid=0 tty=(none) ses=4294967295 comm="apache2" exe="/usr/sbin/apache2" subj=unconfined key="T1043_Commonly_Used_Port"ARCH=x86_64 SYSCALL=connect AUID="unset" UID="root" GID="root" EUID="root" SUID="root" FSUID="root" EGID="root" SGID="root" FSGID="root"
type=SOCKADDR msg=audit(1772218674.643:2070): saddr=0A000050000000000000000000000000000000000000000000000000SADDR={ saddr_fam=inet6 laddr=:: lport=80 }
type=PROCTITLE msg=audit(1772218674.643:2070): proctitle=2F7573722F7362696E2F61706163686532002D6B007374617274
type=SYSCALL msg=audit(1772218683.741:2071): arch=c000003e syscall=42 success=yes exit=0 a0=f a1=7ffebf71fe80 a2=1d a3=1 items=1 ppid=930 pid=1419 auid=4294967295 uid=33 gid=33 euid=33 suid=33 fsuid=33 egid=33 sgid=33 fsgid=33 tty=(none) ses=4294967295 comm="apache2" exe="/usr/sbin/apache2" subj=unconfined key="T1043_Commonly_Used_Port"ARCH=x86_64 SYSCALL=connect AUID="unset" UID="www-data" GID="www-data" EUID="www-data" SUID="www-data" FSUID="www-data" EGID="www-data" SGID="www-data" FSGID="www-data"
type=SOCKADDR msg=audit(1772218683.741:2071): saddr=01002F7661722F72756E2F6D7973716C642F6D7973716C642E736F636BSADDR={ saddr_fam=local path=/var/run/mysqld/mysqld.sock }
type=PATH msg=audit(1772218683.741:2071): item=0 name="/var/run/mysqld/mysqld.sock" inode=1369 dev=00:18 mode=0140777 ouid=111 ogid=111 rdev=00:00 nametype=NORMAL cap_fp=0 cap_fi=0 cap_fe=0 cap_fver=0 cap_frootid=0OUID="mysql" OGID="mysql"
type=PROCTITLE msg=audit(1772218683.741:2071): proctitle=2F7573722F7362696E2F61706163686532002D6B007374617274
type=SYSCALL msg=audit(1772218684.379:2072): arch=c000003e syscall=42 success=yes exit=0 a0=f a1=7ffebf71fe80 a2=1d a3=1 items=1 ppid=930 pid=1404 auid=4294967295 uid=33 gid=33 euid=33 suid=33 fsuid=33 egid=33 sgid=33 fsgid=33 tty=(none) ses=4294967295 comm="apache2" exe="/usr/sbin/apache2" subj=unconfined key="T1043_Commonly_Used_Port"ARCH=x86_64 SYSCALL=connect AUID="unset" UID="www-data" GID="www-data" EUID="www-data" SUID="www-data" FSUID="www-data" EGID="www-data" SGID="www-data" FSGID="www-data"
type=SOCKADDR msg=audit(1772218684.379:2072): saddr=01002F7661722F72756E2F6D7973716C642F6D7973716C642E736F636BSADDR={ saddr_fam=local path=/var/run/mysqld/mysqld.sock }
type=PATH msg=audit(1772218684.379:2072): item=0 name="/var/run/mysqld/mysqld.sock" inode=1369 dev=00:18 mode=0140777 ouid=111 ogid=111 rdev=00:00 nametype=NORMAL cap_fp=0 cap_fi=0 cap_fe=0 cap_fver=0 cap_frootid=0OUID="mysql" OGID="mysql"
type=PROCTITLE msg=audit(1772218684.379:2072): proctitle=2F7573722F7362696E2F61706163686532002D6B007374617274
type=SYSCALL msg=audit(1772218684.752:2073): arch=c000003e syscall=106 success=yes exit=0 a0=21 a1=7c08ff8b14a0 a2=0 a3=22 items=0 ppid=930 pid=1470 auid=4294967295 uid=0 gid=33 euid=0 suid=0 fsuid=0 egid=33 sgid=33 fsgid=33 tty=(none) ses=4294967295 comm="apache2" exe="/usr/sbin/apache2" subj=unconfined key="T1166_Seuid_and_Setgid"ARCH=x86_64 SYSCALL=setgid AUID="unset" UID="root" GID="www-data" EUID="root" SUID="root" FSUID="root" EGID="www-data" SGID="www-data" FSGID="www-data"
type=PROCTITLE msg=audit(1772218684.752:2073): proctitle=2F7573722F7362696E2F61706163686532002D6B007374617274
type=SYSCALL msg=audit(1772218684.752:2074): arch=c000003e syscall=42 success=yes exit=0 a0=e a1=7ffebf7229f0 a2=2d a3=57b02d2082d0 items=1 ppid=930 pid=1470 auid=4294967295 uid=0 gid=33 euid=0 suid=0 fsuid=0 egid=33 sgid=33 fsgid=33 tty=(none) ses=4294967295 comm="apache2" exe="/usr/sbin/apache2" subj=unconfined key="T1043_Commonly_Used_Port"ARCH=x86_64 SYSCALL=connect AUID="unset" UID="root" GID="www-data" EUID="root" SUID="root" FSUID="root" EGID="www-data" SGID="www-data" FSGID="www-data"
type=SOCKADDR msg=audit(1772218684.752:2074): saddr=01002F72756E2F73797374656D642F7573657264622F696F2E73797374656D642E44796E616D69635573657200SADDR={ saddr_fam=local path=/run/systemd/userdb/io.systemd.DynamicUser }
type=PATH msg=audit(1772218684.752:2074): item=0 name="/run/systemd/userdb/io.systemd.DynamicUser" inode=451 dev=00:18 mode=0140666 ouid=0 ogid=0 rdev=00:00 nametype=NORMAL cap_fp=0 cap_fi=0 cap_fe=0 cap_fver=0 cap_frootid=0OUID="root" OGID="root"
type=PROCTITLE msg=audit(1772218684.752:2074): proctitle=2F7573722F7362696E2F61706163686532002D6B007374617274
type=SYSCALL msg=audit(1772218684.761:2075): arch=c000003e syscall=105 success=yes exit=0 a0=21 a1=57b02d07fe80 a2=57b5562259ef a3=57b02d07fe90 items=0 ppid=930 pid=1470 auid=4294967295 uid=33 gid=33 euid=33 suid=33 fsuid=33 egid=33 sgid=33 fsgid=33 tty=(none) ses=4294967295 comm="apache2" exe="/usr/sbin/apache2" subj=unconfined key="T1166_Seuid_and_Setgid"ARCH=x86_64 SYSCALL=setuid AUID="unset" UID="www-data" GID="www-data" EUID="www-data" SUID="www-data" FSUID="www-data" EGID="www-data" SGID="www-data" FSGID="www-data"
type=PROCTITLE msg=audit(1772218684.761:2075): proctitle=2F7573722F7362696E2F61706163686532002D6B007374617274
type=SYSCALL msg=audit(1772218692.484:2076): arch=c000003e syscall=42 success=no exit=-115 a0=d a1=7c08ff8b4e20 a2=1c a3=b items=0 ppid=1 pid=930 auid=4294967295 uid=0 gid=0 euid=0 suid=0 fsuid=0 egid=0 sgid=0 fsgid=0 tty=(none) ses=4294967295 comm="apache2" exe="/usr/sbin/apache2" subj=unconfined key="T1043_Commonly_Used_Port"ARCH=x86_64 SYSCALL=connect AUID="unset" UID="root" GID="root" EUID="root" SUID="root" FSUID="root" EGID="root" SGID="root" FSGID="root"
type=SOCKADDR msg=audit(1772218692.484:2076): saddr=0A000050000000000000000000000000000000000000000000000000SADDR={ saddr_fam=inet6 laddr=:: lport=80 }
type=PROCTITLE msg=audit(1772218692.484:2076): proctitle=2F7573722F7362696E2F61706163686532002D6B007374617274
type=SYSCALL msg=audit(1772218708.206:2077): arch=c000003e syscall=59 success=yes exit=0 a0=61cf92d61380 a1=61cf92d61050 a2=61cf92c1acc0 a3=61cf92c37070 items=2 ppid=1383 pid=1471 auid=1000 uid=0 gid=0 euid=0 suid=0 fsuid=0 egid=0 sgid=0 fsgid=0 tty=pts1 ses=3 comm="cp" exe="/usr/bin/cp" subj=unconfined key="T1078_Valid_Accounts"ARCH=x86_64 SYSCALL=execve AUID="vboxuser" UID="root" GID="root" EUID="root" SUID="root" FSUID="root" EGID="root" SGID="root" FSGID="root"
type=EXECVE msg=audit(1772218708.206:2077): argc=3 a0="cp" a1="/tmp/test-image.jpg" a2="/var/www/wordpress/wp-content/uploads/test-image2.jpg"
type=PATH msg=audit(1772218708.206:2077): item=0 name="/usr/bin/cp" inode=1442335 dev=08:02 mode=0100755 ouid=0 ogid=0 rdev=00:00 nametype=NORMAL cap_fp=0 cap_fi=0 cap_fe=0 cap_fver=0 cap_frootid=0OUID="root" OGID="root"
type=PATH msg=audit(1772218708.206:2077): item=1 name="/lib64/ld-linux-x86-64.so.2" inode=1481429 dev=08:02 mode=0100755 ouid=0 ogid=0 rdev=00:00 nametype=NORMAL cap_fp=0 cap_fi=0 cap_fe=0 cap_fver=0 cap_frootid=0OUID="root" OGID="root"
type=PROCTITLE msg=audit(1772218708.206:2077): proctitle=6370002F746D702F746573742D696D6167652E6A7067002F7661722F7777772F776F726470726573732F77702D636F6E74656E742F75706C6F6164732F746573742D696D616765322E6A7067
type=SYSCALL msg=audit(1772218719.366:2078): arch=c000003e syscall=59 success=yes exit=0 a0=61cf92d61220 a1=61cf92d61050 a2=61cf92c1acc0 a3=61cf92cedcf0 items=2 ppid=1383 pid=1472 auid=1000 uid=0 gid=0 euid=0 suid=0 fsuid=0 egid=0 sgid=0 fsgid=0 tty=pts1 ses=3 comm="chown" exe="/usr/bin/chown" subj=unconfined key="T1078_Valid_Accounts"ARCH=x86_64 SYSCALL=execve AUID="vboxuser" UID="root" GID="root" EUID="root" SUID="root" FSUID="root" EGID="root" SGID="root" FSGID="root"
type=EXECVE msg=audit(1772218719.366:2078): argc=3 a0="chown" a1="www-data:www-data" a2="/var/www/wordpress/wp-content/uploads/test-image2.jpg"
type=PATH msg=audit(1772218719.366:2078): item=0 name="/usr/bin/chown" inode=1442312 dev=08:02 mode=0100755 ouid=0 ogid=0 rdev=00:00 nametype=NORMAL cap_fp=0 cap_fi=0 cap_fe=0 cap_fver=0 cap_frootid=0OUID="root" OGID="root"
type=PATH msg=audit(1772218719.366:2078): item=1 name="/lib64/ld-linux-x86-64.so.2" inode=1481429 dev=08:02 mode=0100755 ouid=0 ogid=0 rdev=00:00 nametype=NORMAL cap_fp=0 cap_fi=0 cap_fe=0 cap_fver=0 cap_frootid=0OUID="root" OGID="root"
type=PROCTITLE msg=audit(1772218719.366:2078): proctitle=63686F776E007777772D646174613A7777772D64617461002F7661722F7777772F776F726470726573732F77702D636F6E74656E742F75706C6F6164732F746573742D696D616765322E6A7067
type=SYSCALL msg=audit(1772218719.369:2079): arch=c000003e syscall=260 success=yes exit=0 a0=ffffff9c a1=5fcebc841a70 a2=21 a3=21 items=1 ppid=1383 pid=1472 auid=1000 uid=0 gid=0 euid=0 suid=0 fsuid=0 egid=0 sgid=0 fsgid=0 tty=pts1 ses=3 comm="chown" exe="/usr/bin/chown" subj=unconfined key="T1166_Seuid_and_Setgid"ARCH=x86_64 SYSCALL=fchownat AUID="vboxuser" UID="root" GID="root" EUID="root" SUID="root" FSUID="root" EGID="root" SGID="root" FSGID="root"
type=PATH msg=audit(1772218719.369:2079): item=0 name="/var/www/wordpress/wp-content/uploads/test-image2.jpg" inode=826596 dev=08:02 mode=0100644 ouid=0 ogid=0 rdev=00:00 nametype=NORMAL cap_fp=0 cap_fi=0 cap_fe=0 cap_fver=0 cap_frootid=0OUID="root" OGID="root"
type=PROCTITLE msg=audit(1772218719.369:2079): proctitle=63686F776E007777772D646174613A7777772D64617461002F7661722F7777772F776F726470726573732F77702D636F6E74656E742F75706C6F6164732F746573742D696D616765322E6A7067
type=SYSCALL msg=audit(1772218727.107:2080): arch=c000003e syscall=42 success=yes exit=0 a0=f a1=7ffebf71fe80 a2=1d a3=1 items=1 ppid=930 pid=1459 auid=4294967295 uid=33 gid=33 euid=33 suid=33 fsuid=33 egid=33 sgid=33 fsgid=33 tty=(none) ses=4294967295 comm="apache2" exe="/usr/sbin/apache2" subj=unconfined key="T1043_Commonly_Used_Port"ARCH=x86_64 SYSCALL=connect AUID="unset" UID="www-data" GID="www-data" EUID="www-data" SUID="www-data" FSUID="www-data" EGID="www-data" SGID="www-data" FSGID="www-data"
type=SOCKADDR msg=audit(1772218727.107:2080): saddr=01002F7661722F72756E2F6D7973716C642F6D7973716C642E736F636BSADDR={ saddr_fam=local path=/var/run/mysqld/mysqld.sock }
type=PATH msg=audit(1772218727.107:2080): item=0 name="/var/run/mysqld/mysqld.sock" inode=1369 dev=00:18 mode=0140777 ouid=111 ogid=111 rdev=00:00 nametype=NORMAL cap_fp=0 cap_fi=0 cap_fe=0 cap_fver=0 cap_frootid=0OUID="mysql" OGID="mysql"
type=PROCTITLE msg=audit(1772218727.107:2080): proctitle=2F7573722F7362696E2F61706163686532002D6B007374617274
type=SYSCALL msg=audit(1772218727.144:2081): arch=c000003e syscall=42 success=yes exit=0 a0=14 a1=7c08eebffd8c a2=10 a3=7c08eebfc504 items=0 ppid=930 pid=1459 auid=4294967295 uid=33 gid=33 euid=33 suid=33 fsuid=33 egid=33 sgid=33 fsgid=33 tty=(none) ses=4294967295 comm="apache2" exe="/usr/sbin/apache2" subj=unconfined key="T1043_Commonly_Used_Port"ARCH=x86_64 SYSCALL=connect AUID="unset" UID="www-data" GID="www-data" EUID="www-data" SUID="www-data" FSUID="www-data" EGID="www-data" SGID="www-data" FSGID="www-data"
type=SOCKADDR msg=audit(1772218727.144:2081): saddr=020000357F0000350000000000000000SADDR={ saddr_fam=inet laddr=127.0.0.53 lport=53 }
type=PROCTITLE msg=audit(1772218727.144:2081): proctitle=2F7573722F7362696E2F61706163686532002D6B007374617274
type=SYSCALL msg=audit(1772218727.146:2082): arch=c000003e syscall=42 success=yes exit=0 a0=14 a1=7c08eebffd8c a2=10 a3=7c08eebfc504 items=0 ppid=930 pid=1459 auid=4294967295 uid=33 gid=33 euid=33 suid=33 fsuid=33 egid=33 sgid=33 fsgid=33 tty=(none) ses=4294967295 comm="apache2" exe="/usr/sbin/apache2" subj=unconfined key="T1043_Commonly_Used_Port"ARCH=x86_64 SYSCALL=connect AUID="unset" UID="www-data" GID="www-data" EUID="www-data" SUID="www-data" FSUID="www-data" EGID="www-data" SGID="www-data" FSGID="www-data"
type=SOCKADDR msg=audit(1772218727.146:2082): saddr=020000357F0000350000000000000000SADDR={ saddr_fam=inet laddr=127.0.0.53 lport=53 }
type=PROCTITLE msg=audit(1772218727.146:2082): proctitle=2F7573722F7362696E2F61706163686532002D6B007374617274
type=SYSCALL msg=audit(1772218727.186:2083): arch=c000003e syscall=42 success=yes exit=0 a0=f a1=7ffebf71fe80 a2=1d a3=1 items=1 ppid=930 pid=1459 auid=4294967295 uid=33 gid=33 euid=33 suid=33 fsuid=33 egid=33 sgid=33 fsgid=33 tty=(none) ses=4294967295 comm="apache2" exe="/usr/sbin/apache2" subj=unconfined key="T1043_Commonly_Used_Port"ARCH=x86_64 SYSCALL=connect AUID="unset" UID="www-data" GID="www-data" EUID="www-data" SUID="www-data" FSUID="www-data" EGID="www-data" SGID="www-data" FSGID="www-data"
type=SOCKADDR msg=audit(1772218727.186:2083): saddr=01002F7661722F72756E2F6D7973716C642F6D7973716C642E736F636BSADDR={ saddr_fam=local path=/var/run/mysqld/mysqld.sock }
type=PATH msg=audit(1772218727.186:2083): item=0 name="/var/run/mysqld/mysqld.sock" inode=1369 dev=00:18 mode=0140777 ouid=111 ogid=111 rdev=00:00 nametype=NORMAL cap_fp=0 cap_fi=0 cap_fe=0 cap_fver=0 cap_frootid=0OUID="mysql" OGID="mysql"
type=PROCTITLE msg=audit(1772218727.186:2083): proctitle=2F7573722F7362696E2F61706163686532002D6B007374617274
type=SYSCALL msg=audit(1772218727.963:2084): arch=c000003e syscall=106 success=yes exit=0 a0=21 a1=7c08ff8b14a0 a2=0 a3=22 items=0 ppid=930 pid=1477 auid=4294967295 uid=0 gid=33 euid=0 suid=0 fsuid=0 egid=33 sgid=33 fsgid=33 tty=(none) ses=4294967295 comm="apache2" exe="/usr/sbin/apache2" subj=unconfined key="T1166_Seuid_and_Setgid"ARCH=x86_64 SYSCALL=setgid AUID="unset" UID="root" GID="www-data" EUID="root" SUID="root" FSUID="root" EGID="www-data" SGID="www-data" FSGID="www-data"
type=PROCTITLE msg=audit(1772218727.963:2084): proctitle=2F7573722F7362696E2F61706163686532002D6B007374617274
type=SYSCALL msg=audit(1772218727.963:2085): arch=c000003e syscall=42 success=yes exit=0 a0=e a1=7ffebf7229f0 a2=2d a3=57b02d2082d0 items=1 ppid=930 pid=1477 auid=4294967295 uid=0 gid=33 euid=0 suid=0 fsuid=0 egid=33 sgid=33 fsgid=33 tty=(none) ses=4294967295 comm="apache2" exe="/usr/sbin/apache2" subj=unconfined key="T1043_Commonly_Used_Port"ARCH=x86_64 SYSCALL=connect AUID="unset" UID="root" GID="www-data" EUID="root" SUID="root" FSUID="root" EGID="www-data" SGID="www-data" FSGID="www-data"
type=SOCKADDR msg=audit(1772218727.963:2085): saddr=01002F72756E2F73797374656D642F7573657264622F696F2E73797374656D642E44796E616D69635573657200SADDR={ saddr_fam=local path=/run/systemd/userdb/io.systemd.DynamicUser }
type=PATH msg=audit(1772218727.963:2085): item=0 name="/run/systemd/userdb/io.systemd.DynamicUser" inode=451 dev=00:18 mode=0140666 ouid=0 ogid=0 rdev=00:00 nametype=NORMAL cap_fp=0 cap_fi=0 cap_fe=0 cap_fver=0 cap_frootid=0OUID="root" OGID="root"
type=PROCTITLE msg=audit(1772218727.963:2085): proctitle=2F7573722F7362696E2F61706163686532002D6B007374617274
type=SYSCALL msg=audit(1772218727.971:2086): arch=c000003e syscall=105 success=yes exit=0 a0=21 a1=57b02d07fe80 a2=57b5562259ef a3=57b02d07fe90 items=0 ppid=930 pid=1477 auid=4294967295 uid=33 gid=33 euid=33 suid=33 fsuid=33 egid=33 sgid=33 fsgid=33 tty=(none) ses=4294967295 comm="apache2" exe="/usr/sbin/apache2" subj=unconfined key="T1166_Seuid_and_Setgid"ARCH=x86_64 SYSCALL=setuid AUID="unset" UID="www-data" GID="www-data" EUID="www-data" SUID="www-data" FSUID="www-data" EGID="www-data" SGID="www-data" FSGID="www-data"
type=PROCTITLE msg=audit(1772218727.971:2086): proctitle=2F7573722F7362696E2F61706163686532002D6B007374617274
type=SYSCALL msg=audit(1772218729.681:2087): arch=c000003e syscall=42 success=yes exit=0 a0=f a1=7ffebf71fe80 a2=1d a3=1 items=1 ppid=930 pid=1232 auid=4294967295 uid=33 gid=33 euid=33 suid=33 fsuid=33 egid=33 sgid=33 fsgid=33 tty=(none) ses=4294967295 comm="apache2" exe="/usr/sbin/apache2" subj=unconfined key="T1043_Commonly_Used_Port"ARCH=x86_64 SYSCALL=connect AUID="unset" UID="www-data" GID="www-data" EUID="www-data" SUID="www-data" FSUID="www-data" EGID="www-data" SGID="www-data" FSGID="www-data"
type=SOCKADDR msg=audit(1772218729.681:2087): saddr=01002F7661722F72756E2F6D7973716C642F6D7973716C642E736F636BSADDR={ saddr_fam=local path=/var/run/mysqld/mysqld.sock }
type=PATH msg=audit(1772218729.681:2087): item=0 name="/var/run/mysqld/mysqld.sock" inode=1369 dev=00:18 mode=0140777 ouid=111 ogid=111 rdev=00:00 nametype=NORMAL cap_fp=0 cap_fi=0 cap_fe=0 cap_fver=0 cap_frootid=0OUID="mysql" OGID="mysql"
type=PROCTITLE msg=audit(1772218729.681:2087): proctitle=2F7573722F7362696E2F61706163686532002D6B007374617274
type=SYSCALL msg=audit(1772218729.779:2088): arch=c000003e syscall=42 success=yes exit=0 a0=f a1=7ffebf71fe80 a2=1d a3=1 items=1 ppid=930 pid=1232 auid=4294967295 uid=33 gid=33 euid=33 suid=33 fsuid=33 egid=33 sgid=33 fsgid=33 tty=(none) ses=4294967295 comm="apache2" exe="/usr/sbin/apache2" subj=unconfined key="T1043_Commonly_Used_Port"ARCH=x86_64 SYSCALL=connect AUID="unset" UID="www-data" GID="www-data" EUID="www-data" SUID="www-data" FSUID="www-data" EGID="www-data" SGID="www-data" FSGID="www-data"
type=SOCKADDR msg=audit(1772218729.779:2088): saddr=01002F7661722F72756E2F6D7973716C642F6D7973716C642E736F636BSADDR={ saddr_fam=local path=/var/run/mysqld/mysqld.sock }
type=PATH msg=audit(1772218729.779:2088): item=0 name="/var/run/mysqld/mysqld.sock" inode=1369 dev=00:18 mode=0140777 ouid=111 ogid=111 rdev=00:00 nametype=NORMAL cap_fp=0 cap_fi=0 cap_fe=0 cap_fver=0 cap_frootid=0OUID="mysql" OGID="mysql"
type=PROCTITLE msg=audit(1772218729.779:2088): proctitle=2F7573722F7362696E2F61706163686532002D6B007374617274
type=SYSCALL msg=audit(1772218731.256:2089): arch=c000003e syscall=42 success=yes exit=0 a0=f a1=7ffebf71fe80 a2=1d a3=1 items=1 ppid=930 pid=1423 auid=4294967295 uid=33 gid=33 euid=33 suid=33 fsuid=33 egid=33 sgid=33 fsgid=33 tty=(none) ses=4294967295 comm="apache2" exe="/usr/sbin/apache2" subj=unconfined key="T1043_Commonly_Used_Port"ARCH=x86_64 SYSCALL=connect AUID="unset" UID="www-data" GID="www-data" EUID="www-data" SUID="www-data" FSUID="www-data" EGID="www-data" SGID="www-data" FSGID="www-data"
type=SOCKADDR msg=audit(1772218731.256:2089): saddr=01002F7661722F72756E2F6D7973716C642F6D7973716C642E736F636BSADDR={ saddr_fam=local path=/var/run/mysqld/mysqld.sock }
type=PATH msg=audit(1772218731.256:2089): item=0 name="/var/run/mysqld/mysqld.sock" inode=1369 dev=00:18 mode=0140777 ouid=111 ogid=111 rdev=00:00 nametype=NORMAL cap_fp=0 cap_fi=0 cap_fe=0 cap_fver=0 cap_frootid=0OUID="mysql" OGID="mysql"
type=PROCTITLE msg=audit(1772218731.256:2089): proctitle=2F7573722F7362696E2F61706163686532002D6B007374617274
type=SYSCALL msg=audit(1772218739.095:2090): arch=c000003e syscall=42 success=no exit=-115 a0=d a1=7c08ff8b4e20 a2=1c a3=b items=0 ppid=1 pid=930 auid=4294967295 uid=0 gid=0 euid=0 suid=0 fsuid=0 egid=0 sgid=0 fsgid=0 tty=(none) ses=4294967295 comm="apache2" exe="/usr/sbin/apache2" subj=unconfined key="T1043_Commonly_Used_Port"ARCH=x86_64 SYSCALL=connect AUID="unset" UID="root" GID="root" EUID="root" SUID="root" FSUID="root" EGID="root" SGID="root" FSGID="root"
type=SOCKADDR msg=audit(1772218739.095:2090): saddr=0A000050000000000000000000000000000000000000000000000000SADDR={ saddr_fam=inet6 laddr=:: lport=80 }
type=PROCTITLE msg=audit(1772218739.095:2090): proctitle=2F7573722F7362696E2F61706163686532002D6B007374617274
type=SYSCALL msg=audit(1772218757.958:2091): arch=c000003e syscall=42 success=yes exit=0 a0=f a1=7ffebf71fe80 a2=1d a3=1 items=1 ppid=930 pid=1463 auid=4294967295 uid=33 gid=33 euid=33 suid=33 fsuid=33 egid=33 sgid=33 fsgid=33 tty=(none) ses=4294967295 comm="apache2" exe="/usr/sbin/apache2" subj=unconfined key="T1043_Commonly_Used_Port"ARCH=x86_64 SYSCALL=connect AUID="unset" UID="www-data" GID="www-data" EUID="www-data" SUID="www-data" FSUID="www-data" EGID="www-data" SGID="www-data" FSGID="www-data"
type=SOCKADDR msg=audit(1772218757.958:2091): saddr=01002F7661722F72756E2F6D7973716C642F6D7973716C642E736F636BSADDR={ saddr_fam=local path=/var/run/mysqld/mysqld.sock }
type=PATH msg=audit(1772218757.958:2091): item=0 name="/var/run/mysqld/mysqld.sock" inode=1369 dev=00:18 mode=0140777 ouid=111 ogid=111 rdev=00:00 nametype=NORMAL cap_fp=0 cap_fi=0 cap_fe=0 cap_fver=0 cap_frootid=0OUID="mysql" OGID="mysql"
type=PROCTITLE msg=audit(1772218757.958:2091): proctitle=2F7573722F7362696E2F61706163686532002D6B007374617274
type=SYSCALL msg=audit(1772218758.436:2092): arch=c000003e syscall=42 success=yes exit=0 a0=f a1=7ffebf71fe80 a2=1d a3=1 items=1 ppid=930 pid=1463 auid=4294967295 uid=33 gid=33 euid=33 suid=33 fsuid=33 egid=33 sgid=33 fsgid=33 tty=(none) ses=4294967295 comm="apache2" exe="/usr/sbin/apache2" subj=unconfined key="T1043_Commonly_Used_Port"ARCH=x86_64 SYSCALL=connect AUID="unset" UID="www-data" GID="www-data" EUID="www-data" SUID="www-data" FSUID="www-data" EGID="www-data" SGID="www-data" FSGID="www-data"
type=SOCKADDR msg=audit(1772218758.436:2092): saddr=01002F7661722F72756E2F6D7973716C642F6D7973716C642E736F636BSADDR={ saddr_fam=local path=/var/run/mysqld/mysqld.sock }
type=PATH msg=audit(1772218758.436:2092): item=0 name="/var/run/mysqld/mysqld.sock" inode=1369 dev=00:18 mode=0140777 ouid=111 ogid=111 rdev=00:00 nametype=NORMAL cap_fp=0 cap_fi=0 cap_fe=0 cap_fver=0 cap_frootid=0OUID="mysql" OGID="mysql"
type=PROCTITLE msg=audit(1772218758.436:2092): proctitle=2F7573722F7362696E2F61706163686532002D6B007374617274
type=SYSCALL msg=audit(1772218760.362:2093): arch=c000003e syscall=42 success=yes exit=0 a0=f a1=7ffebf71fe80 a2=1d a3=1 items=1 ppid=930 pid=1463 auid=4294967295 uid=33 gid=33 euid=33 suid=33 fsuid=33 egid=33 sgid=33 fsgid=33 tty=(none) ses=4294967295 comm="apache2" exe="/usr/sbin/apache2" subj=unconfined key="T1043_Commonly_Used_Port"ARCH=x86_64 SYSCALL=connect AUID="unset" UID="www-data" GID="www-data" EUID="www-data" SUID="www-data" FSUID="www-data" EGID="www-data" SGID="www-data" FSGID="www-data"
type=SOCKADDR msg=audit(1772218760.362:2093): saddr=01002F7661722F72756E2F6D7973716C642F6D7973716C642E736F636BSADDR={ saddr_fam=local path=/var/run/mysqld/mysqld.sock }
type=PATH msg=audit(1772218760.362:2093): item=0 name="/var/run/mysqld/mysqld.sock" inode=1369 dev=00:18 mode=0140777 ouid=111 ogid=111 rdev=00:00 nametype=NORMAL cap_fp=0 cap_fi=0 cap_fe=0 cap_fver=0 cap_frootid=0OUID="mysql" OGID="mysql"
type=PROCTITLE msg=audit(1772218760.362:2093): proctitle=2F7573722F7362696E2F61706163686532002D6B007374617274
type=SYSCALL msg=audit(1772218760.913:2094): arch=c000003e syscall=42 success=yes exit=0 a0=f a1=7ffebf71fe80 a2=1d a3=1 items=1 ppid=930 pid=1477 auid=4294967295 uid=33 gid=33 euid=33 suid=33 fsuid=33 egid=33 sgid=33 fsgid=33 tty=(none) ses=4294967295 comm="apache2" exe="/usr/sbin/apache2" subj=unconfined key="T1043_Commonly_Used_Port"ARCH=x86_64 SYSCALL=connect AUID="unset" UID="www-data" GID="www-data" EUID="www-data" SUID="www-data" FSUID="www-data" EGID="www-data" SGID="www-data" FSGID="www-data"
type=SOCKADDR msg=audit(1772218760.913:2094): saddr=01002F7661722F72756E2F6D7973716C642F6D7973716C642E736F636BSADDR={ saddr_fam=local path=/var/run/mysqld/mysqld.sock }
type=PATH msg=audit(1772218760.913:2094): item=0 name="/var/run/mysqld/mysqld.sock" inode=1369 dev=00:18 mode=0140777 ouid=111 ogid=111 rdev=00:00 nametype=NORMAL cap_fp=0 cap_fi=0 cap_fe=0 cap_fver=0 cap_frootid=0OUID="mysql" OGID="mysql"
type=PROCTITLE msg=audit(1772218760.913:2094): proctitle=2F7573722F7362696E2F61706163686532002D6B007374617274
type=SYSCALL msg=audit(1772218761.210:2095): arch=c000003e syscall=42 success=yes exit=0 a0=f a1=7ffebf71fe80 a2=1d a3=1 items=1 ppid=930 pid=1477 auid=4294967295 uid=33 gid=33 euid=33 suid=33 fsuid=33 egid=33 sgid=33 fsgid=33 tty=(none) ses=4294967295 comm="apache2" exe="/usr/sbin/apache2" subj=unconfined key="T1043_Commonly_Used_Port"ARCH=x86_64 SYSCALL=connect AUID="unset" UID="www-data" GID="www-data" EUID="www-data" SUID="www-data" FSUID="www-data" EGID="www-data" SGID="www-data" FSGID="www-data"
type=SOCKADDR msg=audit(1772218761.210:2095): saddr=01002F7661722F72756E2F6D7973716C642F6D7973716C642E736F636BSADDR={ saddr_fam=local path=/var/run/mysqld/mysqld.sock }
type=PATH msg=audit(1772218761.210:2095): item=0 name="/var/run/mysqld/mysqld.sock" inode=1369 dev=00:18 mode=0140777 ouid=111 ogid=111 rdev=00:00 nametype=NORMAL cap_fp=0 cap_fi=0 cap_fe=0 cap_fver=0 cap_frootid=0OUID="mysql" OGID="mysql"
type=PROCTITLE msg=audit(1772218761.210:2095): proctitle=2F7573722F7362696E2F61706163686532002D6B007374617274
type=SYSCALL msg=audit(1772218761.256:2096): arch=c000003e syscall=106 success=yes exit=0 a0=21 a1=7c08ff8b14a0 a2=0 a3=22 items=0 ppid=930 pid=1478 auid=4294967295 uid=0 gid=33 euid=0 suid=0 fsuid=0 egid=33 sgid=33 fsgid=33 tty=(none) ses=4294967295 comm="apache2" exe="/usr/sbin/apache2" subj=unconfined key="T1166_Seuid_and_Setgid"ARCH=x86_64 SYSCALL=setgid AUID="unset" UID="root" GID="www-data" EUID="root" SUID="root" FSUID="root" EGID="www-data" SGID="www-data" FSGID="www-data"
type=PROCTITLE msg=audit(1772218761.256:2096): proctitle=2F7573722F7362696E2F61706163686532002D6B007374617274
type=SYSCALL msg=audit(1772218761.257:2097): arch=c000003e syscall=42 success=yes exit=0 a0=e a1=7ffebf7229f0 a2=2d a3=57b02d2082d0 items=1 ppid=930 pid=1478 auid=4294967295 uid=0 gid=33 euid=0 suid=0 fsuid=0 egid=33 sgid=33 fsgid=33 tty=(none) ses=4294967295 comm="apache2" exe="/usr/sbin/apache2" subj=unconfined key="T1043_Commonly_Used_Port"ARCH=x86_64 SYSCALL=connect AUID="unset" UID="root" GID="www-data" EUID="root" SUID="root" FSUID="root" EGID="www-data" SGID="www-data" FSGID="www-data"
type=SOCKADDR msg=audit(1772218761.257:2097): saddr=01002F72756E2F73797374656D642F7573657264622F696F2E73797374656D642E44796E616D69635573657200SADDR={ saddr_fam=local path=/run/systemd/userdb/io.systemd.DynamicUser }
type=PATH msg=audit(1772218761.257:2097): item=0 name="/run/systemd/userdb/io.systemd.DynamicUser" inode=451 dev=00:18 mode=0140666 ouid=0 ogid=0 rdev=00:00 nametype=NORMAL cap_fp=0 cap_fi=0 cap_fe=0 cap_fver=0 cap_frootid=0OUID="root" OGID="root"
type=PROCTITLE msg=audit(1772218761.257:2097): proctitle=2F7573722F7362696E2F61706163686532002D6B007374617274
type=SYSCALL msg=audit(1772218761.260:2098): arch=c000003e syscall=105 success=yes exit=0 a0=21 a1=57b02d07fe80 a2=57b5562259ef a3=57b02d07fe90 items=0 ppid=930 pid=1478 auid=4294967295 uid=33 gid=33 euid=33 suid=33 fsuid=33 egid=33 sgid=33 fsgid=33 tty=(none) ses=4294967295 comm="apache2" exe="/usr/sbin/apache2" subj=unconfined key="T1166_Seuid_and_Setgid"ARCH=x86_64 SYSCALL=setuid AUID="unset" UID="www-data" GID="www-data" EUID="www-data" SUID="www-data" FSUID="www-data" EGID="www-data" SGID="www-data" FSGID="www-data"
type=PROCTITLE msg=audit(1772218761.260:2098): proctitle=2F7573722F7362696E2F61706163686532002D6B007374617274
type=SYSCALL msg=audit(1772218769.304:2099): arch=c000003e syscall=42 success=no exit=-115 a0=d a1=7c08ff8b4e20 a2=1c a3=b items=0 ppid=1 pid=930 auid=4294967295 uid=0 gid=0 euid=0 suid=0 fsuid=0 egid=0 sgid=0 fsgid=0 tty=(none) ses=4294967295 comm="apache2" exe="/usr/sbin/apache2" subj=unconfined key="T1043_Commonly_Used_Port"ARCH=x86_64 SYSCALL=connect AUID="unset" UID="root" GID="root" EUID="root" SUID="root" FSUID="root" EGID="root" SGID="root" FSGID="root"
type=SOCKADDR msg=audit(1772218769.304:2099): saddr=0A000050000000000000000000000000000000000000000000000000SADDR={ saddr_fam=inet6 laddr=:: lport=80 }
type=PROCTITLE msg=audit(1772218769.304:2099): proctitle=2F7573722F7362696E2F61706163686532002D6B007374617274
type=SYSCALL msg=audit(1772218780.407:2100): arch=c000003e syscall=59 success=yes exit=0 a0=61cf92d615e0 a1=61cf92d608b0 a2=61cf92c1acc0 a3=61cf92c36ec0 items=2 ppid=1383 pid=1479 auid=1000 uid=0 gid=0 euid=0 suid=0 fsuid=0 egid=0 sgid=0 fsgid=0 tty=pts1 ses=3 comm="ls" exe="/usr/bin/ls" subj=unconfined key="T1078_Valid_Accounts"ARCH=x86_64 SYSCALL=execve AUID="vboxuser" UID="root" GID="root" EUID="root" SUID="root" FSUID="root" EGID="root" SGID="root" FSGID="root"
type=EXECVE msg=audit(1772218780.407:2100): argc=4 a0="ls" a1="--color=auto" a2="-l" a3="/var/www/wordpress/wp-content/uploads/"
type=PATH msg=audit(1772218780.407:2100): item=0 name="/usr/bin/ls" inode=1442533 dev=08:02 mode=0100755 ouid=0 ogid=0 rdev=00:00 nametype=NORMAL cap_fp=0 cap_fi=0 cap_fe=0 cap_fver=0 cap_frootid=0OUID="root" OGID="root"
type=PATH msg=audit(1772218780.407:2100): item=1 name="/lib64/ld-linux-x86-64.so.2" inode=1481429 dev=08:02 mode=0100755 ouid=0 ogid=0 rdev=00:00 nametype=NORMAL cap_fp=0 cap_fi=0 cap_fe=0 cap_fver=0 cap_frootid=0OUID="root" OGID="root"
type=PROCTITLE msg=audit(1772218780.407:2100): proctitle=6C73002D2D636F6C6F723D6175746F002D6C002F7661722F7777772F776F726470726573732F77702D636F6E74656E742F75706C6F6164732F
type=SYSCALL msg=audit(1772218790.714:2101): arch=c000003e syscall=59 success=yes exit=0 a0=61cf92d614a0 a1=61cf92d61600 a2=61cf92c1acc0 a3=61cf92d61640 items=2 ppid=1383 pid=1480 auid=1000 uid=0 gid=0 euid=0 suid=0 fsuid=0 egid=0 sgid=0 fsgid=0 tty=pts1 ses=3 comm="file" exe="/usr/bin/file" subj=unconfined key="T1078_Valid_Accounts"ARCH=x86_64 SYSCALL=execve AUID="vboxuser" UID="root" GID="root" EUID="root" SUID="root" FSUID="root" EGID="root" SGID="root" FSGID="root"
type=EXECVE msg=audit(1772218790.714:2101): argc=2 a0="file" a1="/var/www/wordpress/wp-content/uploads/test-image2.jpg"
type=PATH msg=audit(1772218790.714:2101): item=0 name="/usr/bin/file" inode=1442413 dev=08:02 mode=0100755 ouid=0 ogid=0 rdev=00:00 nametype=NORMAL cap_fp=0 cap_fi=0 cap_fe=0 cap_fver=0 cap_frootid=0OUID="root" OGID="root"
type=PATH msg=audit(1772218790.714:2101): item=1 name="/lib64/ld-linux-x86-64.so.2" inode=1481429 dev=08:02 mode=0100755 ouid=0 ogid=0 rdev=00:00 nametype=NORMAL cap_fp=0 cap_fi=0 cap_fe=0 cap_fver=0 cap_frootid=0OUID="root" OGID="root"
type=PROCTITLE msg=audit(1772218790.714:2101): proctitle=66696C65002F7661722F7777772F776F726470726573732F77702D636F6E74656E742F75706C6F6164732F746573742D696D616765322E6A7067
type=SYSCALL msg=audit(1772218798.485:2102): arch=c000003e syscall=59 success=yes exit=0 a0=61cf92d616d0 a1=61cf92d61620 a2=61cf92c1acc0 a3=61cf92d61710 items=2 ppid=1383 pid=1481 auid=1000 uid=0 gid=0 euid=0 suid=0 fsuid=0 egid=0 sgid=0 fsgid=0 tty=pts1 ses=3 comm="file" exe="/usr/bin/file" subj=unconfined key="T1078_Valid_Accounts"ARCH=x86_64 SYSCALL=execve AUID="vboxuser" UID="root" GID="root" EUID="root" SUID="root" FSUID="root" EGID="root" SGID="root" FSGID="root"
type=EXECVE msg=audit(1772218798.485:2102): argc=2 a0="file" a1="/tmp/test-image.jpg"
type=PATH msg=audit(1772218798.485:2102): item=0 name="/usr/bin/file" inode=1442413 dev=08:02 mode=0100755 ouid=0 ogid=0 rdev=00:00 nametype=NORMAL cap_fp=0 cap_fi=0 cap_fe=0 cap_fver=0 cap_frootid=0OUID="root" OGID="root"
type=PATH msg=audit(1772218798.485:2102): item=1 name="/lib64/ld-linux-x86-64.so.2" inode=1481429 dev=08:02 mode=0100755 ouid=0 ogid=0 rdev=00:00 nametype=NORMAL cap_fp=0 cap_fi=0 cap_fe=0 cap_fver=0 cap_frootid=0OUID="root" OGID="root"
type=PROCTITLE msg=audit(1772218798.485:2102): proctitle=66696C65002F746D702F746573742D696D6167652E6A7067
type=SYSCALL msg=audit(1772218806.934:2103): arch=c000003e syscall=59 success=yes exit=0 a0=61cf92d61830 a1=61cf92d618b0 a2=61cf92c1acc0 a3=61cf92d618b0 items=2 ppid=1383 pid=1484 auid=1000 uid=0 gid=0 euid=0 suid=0 fsuid=0 egid=0 sgid=0 fsgid=0 tty=pts1 ses=3 comm="head" exe="/usr/bin/head" subj=unconfined key="T1078_Valid_Accounts"ARCH=x86_64 SYSCALL=execve AUID="vboxuser" UID="root" GID="root" EUID="root" SUID="root" FSUID="root" EGID="root" SGID="root" FSGID="root"
type=EXECVE msg=audit(1772218806.934:2103): argc=4 a0="head" a1="-n" a2="10" a3="/tmp/test-image.jpg"
type=PATH msg=audit(1772218806.934:2103): item=0 name="/usr/bin/head" inode=1442464 dev=08:02 mode=0100755 ouid=0 ogid=0 rdev=00:00 nametype=NORMAL cap_fp=0 cap_fi=0 cap_fe=0 cap_fver=0 cap_frootid=0OUID="root" OGID="root"
type=PATH msg=audit(1772218806.934:2103): item=1 name="/lib64/ld-linux-x86-64.so.2" inode=1481429 dev=08:02 mode=0100755 ouid=0 ogid=0 rdev=00:00 nametype=NORMAL cap_fp=0 cap_fi=0 cap_fe=0 cap_fver=0 cap_frootid=0OUID="root" OGID="root"
type=PROCTITLE msg=audit(1772218806.934:2103): proctitle=68656164002D6E003130002F746D702F746573742D696D6167652E6A7067
type=SYSCALL msg=audit(1772218813.524:2104): arch=c000003e syscall=59 success=yes exit=0 a0=7ffc0884a420 a1=7ffc0884a440 a2=7ffc0884af48 a3=8 items=2 ppid=1 pid=1486 auid=4294967295 uid=0 gid=0 euid=0 suid=0 fsuid=0 egid=0 sgid=0 fsgid=0 tty=(none) ses=4294967295 comm="9" exe="/usr/lib/systemd/systemd-executor" subj=unconfined key="T1078_Valid_Accounts"ARCH=x86_64 SYSCALL=execve AUID="unset" UID="root" GID="root" EUID="root" SUID="root" FSUID="root" EGID="root" SGID="root" FSGID="root"
type=EXECVE msg=audit(1772218813.524:2104): argc=7 a0="/usr/lib/systemd/systemd-executor" a1="--deserialize" a2="99" a3="--log-level" a4="info" a5="--log-target" a6="journal-or-kmsg"
type=PATH msg=audit(1772218813.524:2104): item=0 name="/proc/self/fd/9" inode=1463834 dev=08:02 mode=0100755 ouid=0 ogid=0 rdev=00:00 nametype=NORMAL cap_fp=0 cap_fi=0 cap_fe=0 cap_fver=0 cap_frootid=0OUID="root" OGID="root"
type=PATH msg=audit(1772218813.524:2104): item=1 name="/lib64/ld-linux-x86-64.so.2" inode=1481429 dev=08:02 mode=0100755 ouid=0 ogid=0 rdev=00:00 nametype=NORMAL cap_fp=0 cap_fi=0 cap_fe=0 cap_fver=0 cap_frootid=0OUID="root" OGID="root"
type=PROCTITLE msg=audit(1772218813.524:2104): proctitle=2F7573722F6C69622F73797374656D642F73797374656D642D6578656375746F72002D2D646573657269616C697A65003939002D2D6C6F672D6C6576656C00696E666F002D2D6C6F672D746172676574006A6F75726E616C2D6F722D6B6D7367
type=SYSCALL msg=audit(1772218813.533:2105): arch=c000003e syscall=42 success=yes exit=0 a0=4 a1=7ffdb7d94d50 a2=1e a3=7ffdb7d94e00 items=1 ppid=1 pid=1486 auid=4294967295 uid=0 gid=0 euid=0 suid=0 fsuid=0 egid=0 sgid=0 fsgid=0 tty=(none) ses=4294967295 comm="9" exe="/usr/lib/systemd/systemd-executor" subj=unconfined key="T1043_Commonly_Used_Port"ARCH=x86_64 SYSCALL=connect AUID="unset" UID="root" GID="root" EUID="root" SUID="root" FSUID="root" EGID="root" SGID="root" FSGID="root"
type=SOCKADDR msg=audit(1772218813.533:2105): saddr=01002F72756E2F73797374656D642F6A6F75726E616C2F736F636B657400SADDR={ saddr_fam=local path=/run/systemd/journal/socket }
type=PATH msg=audit(1772218813.533:2105): item=0 name="/run/systemd/journal/socket" inode=464 dev=00:18 mode=0140666 ouid=0 ogid=0 rdev=00:00 nametype=NORMAL cap_fp=0 cap_fi=0 cap_fe=0 cap_fver=0 cap_frootid=0OUID="root" OGID="root"
type=PROCTITLE msg=audit(1772218813.533:2105): proctitle=2F7573722F6C69622F73797374656D642F73797374656D642D6578656375746F72002D2D646573657269616C697A65003939002D2D6C6F672D6C6576656C00696E666F002D2D6C6F672D746172676574006A6F75726E616C2D6F722D6B6D7367
type=SYSCALL msg=audit(1772218813.537:2106): arch=c000003e syscall=42 success=yes exit=0 a0=3 a1=7ffdb7d948d0 a2=1e a3=fffffff7 items=1 ppid=1 pid=1486 auid=4294967295 uid=0 gid=0 euid=0 suid=0 fsuid=0 egid=0 sgid=0 fsgid=0 tty=(none) ses=4294967295 comm="(sa1)" exe="/usr/lib/systemd/systemd-executor" subj=unconfined key="T1043_Commonly_Used_Port"ARCH=x86_64 SYSCALL=connect AUID="unset" UID="root" GID="root" EUID="root" SUID="root" FSUID="root" EGID="root" SGID="root" FSGID="root"
type=SOCKADDR msg=audit(1772218813.537:2106): saddr=01002F72756E2F73797374656D642F6A6F75726E616C2F7374646F757400SADDR={ saddr_fam=local path=/run/systemd/journal/stdout }
type=PATH msg=audit(1772218813.537:2106): item=0 name="/run/systemd/journal/stdout" inode=465 dev=00:18 mode=0140666 ouid=0 ogid=0 rdev=00:00 nametype=NORMAL cap_fp=0 cap_fi=0 cap_fe=0 cap_fver=0 cap_frootid=0OUID="root" OGID="root"
type=PROCTITLE msg=audit(1772218813.537:2106): proctitle=2F7573722F6C69622F73797374656D642F73797374656D642D6578656375746F72002D2D646573657269616C697A65003939002D2D6C6F672D6C6576656C00696E666F002D2D6C6F672D746172676574006A6F75726E616C2D6F722D6B6D7367
type=SYSCALL msg=audit(1772218813.537:2107): arch=c000003e syscall=59 success=yes exit=0 a0=63172e53b0c0 a1=63172e53b1c0 a2=63172e53a4b0 a3=63172e53b990 items=3 ppid=1 pid=1486 auid=4294967295 uid=0 gid=0 euid=0 suid=0 fsuid=0 egid=0 sgid=0 fsgid=0 tty=(none) ses=4294967295 comm="sa1" exe="/usr/bin/dash" subj=unconfined key="T1078_Valid_Accounts"ARCH=x86_64 SYSCALL=execve AUID="unset" UID="root" GID="root" EUID="root" SUID="root" FSUID="root" EGID="root" SGID="root" FSGID="root"
type=EXECVE msg=audit(1772218813.537:2107): argc=4 a0="/bin/sh" a1="/usr/lib/sysstat/sa1" a2="1" a3="1"
type=PATH msg=audit(1772218813.537:2107): item=0 name="/usr/lib/sysstat/sa1" inode=1456137 dev=08:02 mode=0100755 ouid=0 ogid=0 rdev=00:00 nametype=NORMAL cap_fp=0 cap_fi=0 cap_fe=0 cap_fver=0 cap_frootid=0OUID="root" OGID="root"
type=PATH msg=audit(1772218813.537:2107): item=1 name="/bin/sh" inode=1442345 dev=08:02 mode=0100755 ouid=0 ogid=0 rdev=00:00 nametype=NORMAL cap_fp=0 cap_fi=0 cap_fe=0 cap_fver=0 cap_frootid=0OUID="root" OGID="root"
type=PATH msg=audit(1772218813.537:2107): item=2 name="/lib64/ld-linux-x86-64.so.2" inode=1481429 dev=08:02 mode=0100755 ouid=0 ogid=0 rdev=00:00 nametype=NORMAL cap_fp=0 cap_fi=0 cap_fe=0 cap_fver=0 cap_frootid=0OUID="root" OGID="root"
type=PROCTITLE msg=audit(1772218813.537:2107): proctitle=2F7573722F6C69622F73797374656D642F73797374656D642D6578656375746F72002D2D646573657269616C697A65003939002D2D6C6F672D6C6576656C00696E666F002D2D6C6F672D746172676574006A6F75726E616C2D6F722D6B6D7367
type=SYSCALL msg=audit(1772218813.545:2108): arch=c000003e syscall=59 success=yes exit=0 a0=5f501a34d148 a1=5f501a34d228 a2=5f501a34d270 a3=0 items=2 ppid=1 pid=1486 auid=4294967295 uid=0 gid=0 euid=0 suid=0 fsuid=0 egid=0 sgid=0 fsgid=0 tty=(none) ses=4294967295 comm="sadc" exe="/usr/lib/sysstat/sadc" subj=unconfined key="T1078_Valid_Accounts"ARCH=x86_64 SYSCALL=execve AUID="unset" UID="root" GID="root" EUID="root" SUID="root" FSUID="root" EGID="root" SGID="root" FSGID="root"
type=EXECVE msg=audit(1772218813.545:2108): argc=8 a0="/usr/lib/sysstat/sadc" a1="-F" a2="-L" a3="-S" a4="DISK" a5="1" a6="1" a7="/var/log/sysstat"
type=PATH msg=audit(1772218813.545:2108): item=0 name="/usr/lib/sysstat/sadc" inode=1456139 dev=08:02 mode=0100755 ouid=0 ogid=0 rdev=00:00 nametype=NORMAL cap_fp=0 cap_fi=0 cap_fe=0 cap_fver=0 cap_frootid=0OUID="root" OGID="root"
type=PATH msg=audit(1772218813.545:2108): item=1 name="/lib64/ld-linux-x86-64.so.2" inode=1481429 dev=08:02 mode=0100755 ouid=0 ogid=0 rdev=00:00 nametype=NORMAL cap_fp=0 cap_fi=0 cap_fe=0 cap_fver=0 cap_frootid=0OUID="root" OGID="root"
type=PROCTITLE msg=audit(1772218813.545:2108): proctitle=2F7573722F6C69622F73797374656D642F73797374656D642D6578656375746F72002D2D646573657269616C697A65003939002D2D6C6F672D6C6576656C00696E666F002D2D6C6F672D746172676574006A6F75726E616C2D6F722D6B6D7367
type=SERVICE_START msg=audit(1772218813.556:2109): pid=1 uid=0 auid=4294967295 ses=4294967295 subj=unconfined msg='unit=sysstat-collect comm="systemd" exe="/usr/lib/systemd/systemd" hostname=? addr=? terminal=? res=success'UID="root" AUID="unset"
type=SERVICE_STOP msg=audit(1772218813.556:2110): pid=1 uid=0 auid=4294967295 ses=4294967295 subj=unconfined msg='unit=sysstat-collect comm="systemd" exe="/usr/lib/systemd/systemd" hostname=? addr=? terminal=? res=success'UID="root" AUID="unset"
type=SYSCALL msg=audit(1772218814.528:2111): arch=c000003e syscall=59 success=yes exit=0 a0=61cf92d61910 a1=61cf92d61710 a2=61cf92c1acc0 a3=61cf92d61710 items=2 ppid=1383 pid=1489 auid=1000 uid=0 gid=0 euid=0 suid=0 fsuid=0 egid=0 sgid=0 fsgid=0 tty=pts1 ses=3 comm="ls" exe="/usr/bin/ls" subj=unconfined key="T1078_Valid_Accounts"ARCH=x86_64 SYSCALL=execve AUID="vboxuser" UID="root" GID="root" EUID="root" SUID="root" FSUID="root" EGID="root" SGID="root" FSGID="root"
type=EXECVE msg=audit(1772218814.528:2111): argc=4 a0="ls" a1="--color=auto" a2="-lh" a3="/tmp/test-image.jpg"
type=PATH msg=audit(1772218814.528:2111): item=0 name="/usr/bin/ls" inode=1442533 dev=08:02 mode=0100755 ouid=0 ogid=0 rdev=00:00 nametype=NORMAL cap_fp=0 cap_fi=0 cap_fe=0 cap_fver=0 cap_frootid=0OUID="root" OGID="root"
type=PATH msg=audit(1772218814.528:2111): item=1 name="/lib64/ld-linux-x86-64.so.2" inode=1481429 dev=08:02 mode=0100755 ouid=0 ogid=0 rdev=00:00 nametype=NORMAL cap_fp=0 cap_fi=0 cap_fe=0 cap_fver=0 cap_frootid=0OUID="root" OGID="root"
type=PROCTITLE msg=audit(1772218814.528:2111): proctitle=6C73002D2D636F6C6F723D6175746F002D6C68002F746D702F746573742D696D6167652E6A7067
type=SYSCALL msg=audit(1772218820.490:2112): arch=c000003e syscall=59 success=yes exit=0 a0=61cf92d60f30 a1=61cf92d61710 a2=61cf92c1acc0 a3=61cf92d619e0 items=2 ppid=1383 pid=1490 auid=1000 uid=0 gid=0 euid=0 suid=0 fsuid=0 egid=0 sgid=0 fsgid=0 tty=pts1 ses=3 comm="tail" exe="/usr/bin/tail" subj=unconfined key="T1078_Valid_Accounts"ARCH=x86_64 SYSCALL=execve AUID="vboxuser" UID="root" GID="root" EUID="root" SUID="root" FSUID="root" EGID="root" SGID="root" FSGID="root"
type=EXECVE msg=audit(1772218820.490:2112): argc=4 a0="tail" a1="-c" a2="+10421148" a3="/var/www/nextcloud/data/nextcloud.log"
type=PATH msg=audit(1772218820.490:2112): item=0 name="/usr/bin/tail" inode=1442904 dev=08:02 mode=0100755 ouid=0 ogid=0 rdev=00:00 nametype=NORMAL cap_fp=0 cap_fi=0 cap_fe=0 cap_fver=0 cap_frootid=0OUID="root" OGID="root"
type=PATH msg=audit(1772218820.490:2112): item=1 name="/lib64/ld-linux-x86-64.so.2" inode=1481429 dev=08:02 mode=0100755 ouid=0 ogid=0 rdev=00:00 nametype=NORMAL cap_fp=0 cap_fi=0 cap_fe=0 cap_fver=0 cap_frootid=0OUID="root" OGID="root"
type=PROCTITLE msg=audit(1772218820.490:2112): proctitle=7461696C002D63002B3130343231313438002F7661722F7777772F6E657874636C6F75642F646174612F6E657874636C6F75642E6C6F67
type=SYSCALL msg=audit(1772218820.578:2113): arch=c000003e syscall=59 success=yes exit=0 a0=61cf92d61a50 a1=61cf92d618e0 a2=61cf92c1acc0 a3=61cf92d61b30 items=2 ppid=1383 pid=1491 auid=1000 uid=0 gid=0 euid=0 suid=0 fsuid=0 egid=0 sgid=0 fsgid=0 tty=pts1 ses=3 comm="tail" exe="/usr/bin/tail" subj=unconfined key="T1078_Valid_Accounts"ARCH=x86_64 SYSCALL=execve AUID="vboxuser" UID="root" GID="root" EUID="root" SUID="root" FSUID="root" EGID="root" SGID="root" FSGID="root"
type=EXECVE msg=audit(1772218820.578:2113): argc=4 a0="tail" a1="-c" a2="+124742" a3="/var/log/syslog"
type=PATH msg=audit(1772218820.578:2113): item=0 name="/usr/bin/tail" inode=1442904 dev=08:02 mode=0100755 ouid=0 ogid=0 rdev=00:00 nametype=NORMAL cap_fp=0 cap_fi=0 cap_fe=0 cap_fver=0 cap_frootid=0OUID="root" OGID="root"
type=PATH msg=audit(1772218820.578:2113): item=1 name="/lib64/ld-linux-x86-64.so.2" inode=1481429 dev=08:02 mode=0100755 ouid=0 ogid=0 rdev=00:00 nametype=NORMAL cap_fp=0 cap_fi=0 cap_fe=0 cap_fver=0 cap_frootid=0OUID="root" OGID="root"
type=PROCTITLE msg=audit(1772218820.578:2113): proctitle=7461696C002D63002B313234373432002F7661722F6C6F672F7379736C6F67
type=SYSCALL msg=audit(1772218820.663:2114): arch=c000003e syscall=59 success=yes exit=0 a0=61cf92d61790 a1=61cf92d618e0 a2=61cf92c1acc0 a3=61cf92d61bd0 items=2 ppid=1383 pid=1492 auid=1000 uid=0 gid=0 euid=0 suid=0 fsuid=0 egid=0 sgid=0 fsgid=0 tty=pts1 ses=3 comm="tail" exe="/usr/bin/tail" subj=unconfined key="T1078_Valid_Accounts"ARCH=x86_64 SYSCALL=execve AUID="vboxuser" UID="root" GID="root" EUID="root" SUID="root" FSUID="root" EGID="root" SGID="root" FSGID="root"
type=EXECVE msg=audit(1772218820.663:2114): argc=4 a0="tail" a1="-c" a2="+4893" a3="/var/log/auth.log"
type=PATH msg=audit(1772218820.663:2114): item=0 name="/usr/bin/tail" inode=1442904 dev=08:02 mode=0100755 ouid=0 ogid=0 rdev=00:00 nametype=NORMAL cap_fp=0 cap_fi=0 cap_fe=0 cap_fver=0 cap_frootid=0OUID="root" OGID="root"
type=PATH msg=audit(1772218820.663:2114): item=1 name="/lib64/ld-linux-x86-64.so.2" inode=1481429 dev=08:02 mode=0100755 ouid=0 ogid=0 rdev=00:00 nametype=NORMAL cap_fp=0 cap_fi=0 cap_fe=0 cap_fver=0 cap_frootid=0OUID="root" OGID="root"
type=PROCTITLE msg=audit(1772218820.663:2114): proctitle=7461696C002D63002B34383933002F7661722F6C6F672F617574682E6C6F67
type=SYSCALL msg=audit(1772218820.731:2115): arch=c000003e syscall=59 success=yes exit=0 a0=61cf92d61690 a1=61cf92d61710 a2=61cf92c1acc0 a3=61cf92d61c10 items=2 ppid=1383 pid=1493 auid=1000 uid=0 gid=0 euid=0 suid=0 fsuid=0 egid=0 sgid=0 fsgid=0 tty=pts1 ses=3 comm="tail" exe="/usr/bin/tail" subj=unconfined key="T1078_Valid_Accounts"ARCH=x86_64 SYSCALL=execve AUID="vboxuser" UID="root" GID="root" EUID="root" SUID="root" FSUID="root" EGID="root" SGID="root" FSGID="root"
type=EXECVE msg=audit(1772218820.731:2115): argc=4 a0="tail" a1="-c" a2="+179617777" a3="/var/log/audit/audit.log"
type=PATH msg=audit(1772218820.731:2115): item=0 name="/usr/bin/tail" inode=1442904 dev=08:02 mode=0100755 ouid=0 ogid=0 rdev=00:00 nametype=NORMAL cap_fp=0 cap_fi=0 cap_fe=0 cap_fver=0 cap_frootid=0OUID="root" OGID="root"
type=PATH msg=audit(1772218820.731:2115): item=1 name="/lib64/ld-linux-x86-64.so.2" inode=1481429 dev=08:02 mode=0100755 ouid=0 ogid=0 rdev=00:00 nametype=NORMAL cap_fp=0 cap_fi=0 cap_fe=0 cap_fver=0 cap_frootid=0OUID="root" OGID="root"
type=PROCTITLE msg=audit(1772218820.731:2115): proctitle=7461696C002D63002B313739363137373737002F7661722F6C6F672F61756469742F61756469742E6C6F67
type=SYSCALL msg=audit(1772218820.737:2116): arch=c000003e syscall=257 success=yes exit=3 a0=ffffff9c a1=7ffcde0676c3 a2=0 a3=0 items=1 ppid=1383 pid=1493 auid=1000 uid=0 gid=0 euid=0 suid=0 fsuid=0 egid=0 sgid=0 fsgid=0 tty=pts1 ses=3 comm="tail" exe="/usr/bin/tail" subj=unconfined key="auditlog"ARCH=x86_64 SYSCALL=openat AUID="vboxuser" UID="root" GID="root" EUID="root" SUID="root" FSUID="root" EGID="root" SGID="root" FSGID="root"
type=PATH msg=audit(1772218820.737:2116): item=0 name="/var/log/audit/audit.log" inode=659339 dev=08:02 mode=0100640 ouid=0 ogid=4 rdev=00:00 nametype=NORMAL cap_fp=0 cap_fi=0 cap_fe=0 cap_fver=0 cap_frootid=0OUID="root" OGID="adm"
type=PROCTITLE msg=audit(1772218820.737:2116): proctitle=7461696C002D63002B313739363137373737002F7661722F6C6F672F61756469742F61756469742E6C6F67