type=SYSCALL msg=audit(1765984141.124:2367): arch=c000003e syscall=257 success=yes exit=7 a0=ffffff9c a1=7f6f15bcf347 a2=80000 a3=0 items=1 ppid=792 pid=1575 auid=4294967295 uid=0 gid=0 euid=0 suid=0 fsuid=0 egid=0 sgid=0 fsgid=0 tty=(none) ses=4294967295 comm="cron" exe="/usr/sbin/cron" subj=unconfined key="T1087_Account_Discovery"ARCH=x86_64 SYSCALL=openat AUID="unset" UID="root" GID="root" EUID="root" SUID="root" FSUID="root" EGID="root" SGID="root" FSGID="root"
type=PATH msg=audit(1765984141.124:2367): item=0 name="/etc/shadow" inode=1050300 dev=08:02 mode=0100640 ouid=0 ogid=42 rdev=00:00 nametype=NORMAL cap_fp=0 cap_fi=0 cap_fe=0 cap_fver=0 cap_frootid=0OUID="root" OGID="shadow"
type=PROCTITLE msg=audit(1765984141.124:2367): proctitle=2F7573722F7362696E2F43524F4E002D66002D50
type=USER_ACCT msg=audit(1765984141.127:2368): pid=1575 uid=0 auid=4294967295 ses=4294967295 subj=unconfined msg='op=PAM:accounting grantors=pam_permit acct="root" exe="/usr/sbin/cron" hostname=? addr=? terminal=cron res=success'UID="root" AUID="unset"
type=CRED_ACQ msg=audit(1765984141.127:2369): pid=1575 uid=0 auid=4294967295 ses=4294967295 subj=unconfined msg='op=PAM:setcred grantors=pam_permit,pam_cap acct="root" exe="/usr/sbin/cron" hostname=? addr=? terminal=cron res=success'UID="root" AUID="unset"
type=LOGIN msg=audit(1765984141.129:2370): pid=1575 uid=0 subj=unconfined old-auid=4294967295 auid=0 tty=(none) old-ses=4294967295 ses=6 res=1UID="root" OLD-AUID="unset" AUID="root"
type=SYSCALL msg=audit(1765984141.129:2370): arch=c000003e syscall=1 success=yes exit=1 a0=7 a1=7fff519ae230 a2=1 a3=0 items=0 ppid=792 pid=1575 auid=0 uid=0 gid=0 euid=0 suid=0 fsuid=0 egid=0 sgid=0 fsgid=0 tty=(none) ses=6 comm="cron" exe="/usr/sbin/cron" subj=unconfined key=(null)ARCH=x86_64 SYSCALL=write AUID="root" UID="root" GID="root" EUID="root" SUID="root" FSUID="root" EGID="root" SGID="root" FSGID="root"
type=PROCTITLE msg=audit(1765984141.129:2370): proctitle=2F7573722F7362696E2F43524F4E002D66002D50
type=USER_START msg=audit(1765984141.129:2371): pid=1575 uid=0 auid=0 ses=6 subj=unconfined msg='op=PAM:session_open grantors=pam_loginuid,pam_env,pam_env,pam_permit,pam_umask,pam_unix,pam_limits acct="root" exe="/usr/sbin/cron" hostname=? addr=? terminal=cron res=success'UID="root" AUID="root"
type=SYSCALL msg=audit(1765984141.130:2372): arch=c000003e syscall=106 success=yes exit=0 a0=0 a1=5945ebb36900 a2=59407fea1d46 a3=5945ebb36910 items=0 ppid=1575 pid=1576 auid=0 uid=0 gid=0 euid=0 suid=0 fsuid=0 egid=0 sgid=0 fsgid=0 tty=(none) ses=6 comm="cron" exe="/usr/sbin/cron" subj=unconfined key="T1166_Seuid_and_Setgid"ARCH=x86_64 SYSCALL=setgid AUID="root" UID="root" GID="root" EUID="root" SUID="root" FSUID="root" EGID="root" SGID="root" FSGID="root"
type=PROCTITLE msg=audit(1765984141.130:2372): proctitle=2F7573722F7362696E2F43524F4E002D66002D50
type=CRED_REFR msg=audit(1765984141.131:2373): pid=1576 uid=0 auid=0 ses=6 subj=unconfined msg='op=PAM:setcred grantors=pam_permit,pam_cap acct="root" exe="/usr/sbin/cron" hostname=? addr=? terminal=cron res=success'UID="root" AUID="root"
type=SYSCALL msg=audit(1765984141.131:2374): arch=c000003e syscall=105 success=yes exit=0 a0=0 a1=5945ebb510f0 a2=59407febbb81 a3=5945ebb51100 items=0 ppid=1575 pid=1576 auid=0 uid=0 gid=0 euid=0 suid=0 fsuid=0 egid=0 sgid=0 fsgid=0 tty=(none) ses=6 comm="cron" exe="/usr/sbin/cron" subj=unconfined key="T1166_Seuid_and_Setgid"ARCH=x86_64 SYSCALL=setuid AUID="root" UID="root" GID="root" EUID="root" SUID="root" FSUID="root" EGID="root" SGID="root" FSGID="root"
type=PROCTITLE msg=audit(1765984141.131:2374): proctitle=2F7573722F7362696E2F43524F4E002D66002D50
type=SYSCALL msg=audit(1765984141.131:2375): arch=c000003e syscall=59 success=yes exit=0 a0=5945ebb500d6 a1=7fff519ae2e0 a2=5945ebb50160 a3=5945ebb500d6 items=2 ppid=1575 pid=1576 auid=0 uid=0 gid=0 euid=0 suid=0 fsuid=0 egid=0 sgid=0 fsgid=0 tty=(none) ses=6 comm="sh" exe="/usr/bin/dash" subj=unconfined key="T1078_Valid_Accounts"ARCH=x86_64 SYSCALL=execve AUID="root" UID="root" GID="root" EUID="root" SUID="root" FSUID="root" EGID="root" SGID="root" FSGID="root"
type=EXECVE msg=audit(1765984141.131:2375): argc=3 a0="/bin/sh" a1="-c" a2=20205B202D78202F7573722F6C69622F7068702F73657373696F6E636C65616E205D202626206966205B2021202D64202F72756E2F73797374656D642F73797374656D205D3B207468656E202F7573722F6C69622F7068702F73657373696F6E636C65616E3B206669
type=PATH msg=audit(1765984141.131:2375): item=0 name="/bin/sh" inode=1442345 dev=08:02 mode=0100755 ouid=0 ogid=0 rdev=00:00 nametype=NORMAL cap_fp=0 cap_fi=0 cap_fe=0 cap_fver=0 cap_frootid=0OUID="root" OGID="root"
type=PATH msg=audit(1765984141.131:2375): item=1 name="/lib64/ld-linux-x86-64.so.2" inode=1481429 dev=08:02 mode=0100755 ouid=0 ogid=0 rdev=00:00 nametype=NORMAL cap_fp=0 cap_fi=0 cap_fe=0 cap_fver=0 cap_frootid=0OUID="root" OGID="root"
type=PROCTITLE msg=audit(1765984141.131:2375): proctitle=2F7573722F7362696E2F43524F4E002D66002D50
type=CRED_DISP msg=audit(1765984141.140:2376): pid=1575 uid=0 auid=0 ses=6 subj=unconfined msg='op=PAM:setcred grantors=pam_permit acct="root" exe="/usr/sbin/cron" hostname=? addr=? terminal=cron res=success'UID="root" AUID="root"
type=USER_END msg=audit(1765984141.140:2377): pid=1575 uid=0 auid=0 ses=6 subj=unconfined msg='op=PAM:session_close grantors=pam_loginuid,pam_env,pam_env,pam_permit,pam_umask,pam_unix,pam_limits acct="root" exe="/usr/sbin/cron" hostname=? addr=? terminal=cron res=success'UID="root" AUID="root"
type=SYSCALL msg=audit(1765984153.508:2378): arch=c000003e syscall=42 success=yes exit=0 a0=e a1=7ffd075f83e0 a2=1d a3=1 items=1 ppid=897 pid=1497 auid=4294967295 uid=33 gid=33 euid=33 suid=33 fsuid=33 egid=33 sgid=33 fsgid=33 tty=(none) ses=4294967295 comm="apache2" exe="/usr/sbin/apache2" subj=unconfined key="T1043_Commonly_Used_Port"ARCH=x86_64 SYSCALL=connect AUID="unset" UID="www-data" GID="www-data" EUID="www-data" SUID="www-data" FSUID="www-data" EGID="www-data" SGID="www-data" FSGID="www-data"
type=SOCKADDR msg=audit(1765984153.508:2378): saddr=01002F7661722F72756E2F6D7973716C642F6D7973716C642E736F636BSADDR={ saddr_fam=local path=/var/run/mysqld/mysqld.sock }
type=PATH msg=audit(1765984153.508:2378): item=0 name="/var/run/mysqld/mysqld.sock" inode=1353 dev=00:18 mode=0140777 ouid=111 ogid=111 rdev=00:00 nametype=NORMAL cap_fp=0 cap_fi=0 cap_fe=0 cap_fver=0 cap_frootid=0OUID="mysql" OGID="mysql"
type=PROCTITLE msg=audit(1765984153.508:2378): proctitle=2F7573722F7362696E2F61706163686532002D6B007374617274
type=SYSCALL msg=audit(1765984153.676:2379): arch=c000003e syscall=106 success=yes exit=0 a0=21 a1=76efb97664a0 a2=0 a3=22 items=0 ppid=897 pid=1577 auid=4294967295 uid=0 gid=33 euid=0 suid=0 fsuid=0 egid=33 sgid=33 fsgid=33 tty=(none) ses=4294967295 comm="apache2" exe="/usr/sbin/apache2" subj=unconfined key="T1166_Seuid_and_Setgid"ARCH=x86_64 SYSCALL=setgid AUID="unset" UID="root" GID="www-data" EUID="root" SUID="root" FSUID="root" EGID="www-data" SGID="www-data" FSGID="www-data"
type=PROCTITLE msg=audit(1765984153.676:2379): proctitle=2F7573722F7362696E2F61706163686532002D6B007374617274
type=SYSCALL msg=audit(1765984153.676:2380): arch=c000003e syscall=42 success=yes exit=0 a0=c a1=7ffd075fb8b0 a2=2d a3=62cdae5f4310 items=1 ppid=897 pid=1577 auid=4294967295 uid=0 gid=33 euid=0 suid=0 fsuid=0 egid=33 sgid=33 fsgid=33 tty=(none) ses=4294967295 comm="apache2" exe="/usr/sbin/apache2" subj=unconfined key="T1043_Commonly_Used_Port"ARCH=x86_64 SYSCALL=connect AUID="unset" UID="root" GID="www-data" EUID="root" SUID="root" FSUID="root" EGID="www-data" SGID="www-data" FSGID="www-data"
type=SOCKADDR msg=audit(1765984153.676:2380): saddr=01002F72756E2F73797374656D642F7573657264622F696F2E73797374656D642E44796E616D69635573657200SADDR={ saddr_fam=local path=/run/systemd/userdb/io.systemd.DynamicUser }
type=PATH msg=audit(1765984153.676:2380): item=0 name="/run/systemd/userdb/io.systemd.DynamicUser" inode=440 dev=00:18 mode=0140666 ouid=0 ogid=0 rdev=00:00 nametype=NORMAL cap_fp=0 cap_fi=0 cap_fe=0 cap_fver=0 cap_frootid=0OUID="root" OGID="root"
type=PROCTITLE msg=audit(1765984153.676:2380): proctitle=2F7573722F7362696E2F61706163686532002D6B007374617274
type=SYSCALL msg=audit(1765984153.680:2381): arch=c000003e syscall=59 success=yes exit=0 a0=7ffe0bc5a2c0 a1=7ffe0bc5a2e0 a2=7ffe0bc5ade8 a3=8 items=2 ppid=1 pid=1578 auid=4294967295 uid=0 gid=0 euid=0 suid=0 fsuid=0 egid=0 sgid=0 fsgid=0 tty=(none) ses=4294967295 comm="9" exe="/usr/lib/systemd/systemd-executor" subj=unconfined key="T1078_Valid_Accounts"ARCH=x86_64 SYSCALL=execve AUID="unset" UID="root" GID="root" EUID="root" SUID="root" FSUID="root" EGID="root" SGID="root" FSGID="root"
type=EXECVE msg=audit(1765984153.680:2381): argc=7 a0="/usr/lib/systemd/systemd-executor" a1="--deserialize" a2="98" a3="--log-level" a4="info" a5="--log-target" a6="journal-or-kmsg"
type=PATH msg=audit(1765984153.680:2381): item=0 name="/proc/self/fd/9" inode=1463834 dev=08:02 mode=0100755 ouid=0 ogid=0 rdev=00:00 nametype=NORMAL cap_fp=0 cap_fi=0 cap_fe=0 cap_fver=0 cap_frootid=0OUID="root" OGID="root"
type=PATH msg=audit(1765984153.680:2381): item=1 name="/lib64/ld-linux-x86-64.so.2" inode=1481429 dev=08:02 mode=0100755 ouid=0 ogid=0 rdev=00:00 nametype=NORMAL cap_fp=0 cap_fi=0 cap_fe=0 cap_fver=0 cap_frootid=0OUID="root" OGID="root"
type=PROCTITLE msg=audit(1765984153.680:2381): proctitle=2F7573722F6C69622F73797374656D642F73797374656D642D6578656375746F72002D2D646573657269616C697A65003938002D2D6C6F672D6C6576656C00696E666F002D2D6C6F672D746172676574006A6F75726E616C2D6F722D6B6D7367
type=SYSCALL msg=audit(1765984153.680:2382): arch=c000003e syscall=42 success=yes exit=0 a0=4 a1=7ffcaff06870 a2=1e a3=7ffcaff06920 items=1 ppid=1 pid=1578 auid=4294967295 uid=0 gid=0 euid=0 suid=0 fsuid=0 egid=0 sgid=0 fsgid=0 tty=(none) ses=4294967295 comm="9" exe="/usr/lib/systemd/systemd-executor" subj=unconfined key="T1043_Commonly_Used_Port"ARCH=x86_64 SYSCALL=connect AUID="unset" UID="root" GID="root" EUID="root" SUID="root" FSUID="root" EGID="root" SGID="root" FSGID="root"
type=SOCKADDR msg=audit(1765984153.680:2382): saddr=01002F72756E2F73797374656D642F6A6F75726E616C2F736F636B657400SADDR={ saddr_fam=local path=/run/systemd/journal/socket }
type=PATH msg=audit(1765984153.680:2382): item=0 name="/run/systemd/journal/socket" inode=453 dev=00:18 mode=0140666 ouid=0 ogid=0 rdev=00:00 nametype=NORMAL cap_fp=0 cap_fi=0 cap_fe=0 cap_fver=0 cap_frootid=0OUID="root" OGID="root"
type=PROCTITLE msg=audit(1765984153.680:2382): proctitle=2F7573722F6C69622F73797374656D642F73797374656D642D6578656375746F72002D2D646573657269616C697A65003938002D2D6C6F672D6C6576656C00696E666F002D2D6C6F672D746172676574006A6F75726E616C2D6F722D6B6D7367
type=SYSCALL msg=audit(1765984156.156:2383): arch=c000003e syscall=42 success=yes exit=0 a0=3 a1=7ffcaff063f0 a2=1e a3=fffffff7 items=1 ppid=1 pid=1578 auid=4294967295 uid=0 gid=0 euid=0 suid=0 fsuid=0 egid=0 sgid=0 fsgid=0 tty=(none) ses=4294967295 comm="(ionclean)" exe="/usr/lib/systemd/systemd-executor" subj=unconfined key="T1043_Commonly_Used_Port"ARCH=x86_64 SYSCALL=connect AUID="unset" UID="root" GID="root" EUID="root" SUID="root" FSUID="root" EGID="root" SGID="root" FSGID="root"
type=SOCKADDR msg=audit(1765984156.156:2383): saddr=01002F72756E2F73797374656D642F6A6F75726E616C2F7374646F757400SADDR={ saddr_fam=local path=/run/systemd/journal/stdout }
type=PATH msg=audit(1765984156.156:2383): item=0 name="/run/systemd/journal/stdout" inode=454 dev=00:18 mode=0140666 ouid=0 ogid=0 rdev=00:00 nametype=NORMAL cap_fp=0 cap_fi=0 cap_fe=0 cap_fver=0 cap_frootid=0OUID="root" OGID="root"
type=PROCTITLE msg=audit(1765984156.156:2383): proctitle=2F7573722F6C69622F73797374656D642F73797374656D642D6578656375746F72002D2D646573657269616C697A65003938002D2D6C6F672D6C6576656C00696E666F002D2D6C6F672D746172676574006A6F75726E616C2D6F722D6B6D7367
type=SYSCALL msg=audit(1765984156.156:2384): arch=c000003e syscall=105 success=yes exit=0 a0=21 a1=62cdae46bec0 a2=62cb8285adbb a3=62cdae46bed0 items=0 ppid=897 pid=1577 auid=4294967295 uid=33 gid=33 euid=33 suid=33 fsuid=33 egid=33 sgid=33 fsgid=33 tty=(none) ses=4294967295 comm="apache2" exe="/usr/sbin/apache2" subj=unconfined key="T1166_Seuid_and_Setgid"ARCH=x86_64 SYSCALL=setuid AUID="unset" UID="www-data" GID="www-data" EUID="www-data" SUID="www-data" FSUID="www-data" EGID="www-data" SGID="www-data" FSGID="www-data"
type=PROCTITLE msg=audit(1765984156.156:2384): proctitle=2F7573722F7362696E2F61706163686532002D6B007374617274
type=SYSCALL msg=audit(1765984156.164:2385): arch=c000003e syscall=59 success=yes exit=0 a0=582a5c4082f0 a1=582a5c40f5b0 a2=582a5c404da0 a3=582a5c405b00 items=3 ppid=1 pid=1578 auid=4294967295 uid=0 gid=0 euid=0 suid=0 fsuid=0 egid=0 sgid=0 fsgid=0 tty=(none) ses=4294967295 comm="sessionclean" exe="/usr/bin/dash" subj=unconfined key="T1078_Valid_Accounts"ARCH=x86_64 SYSCALL=execve AUID="unset" UID="root" GID="root" EUID="root" SUID="root" FSUID="root" EGID="root" SGID="root" FSGID="root"
type=EXECVE msg=audit(1765984156.164:2385): argc=3 a0="/bin/sh" a1="-e" a2="/usr/lib/php/sessionclean"
type=PATH msg=audit(1765984156.164:2385): item=0 name="/usr/lib/php/sessionclean" inode=171792 dev=08:02 mode=0100755 ouid=0 ogid=0 rdev=00:00 nametype=NORMAL cap_fp=0 cap_fi=0 cap_fe=0 cap_fver=0 cap_frootid=0OUID="root" OGID="root"
type=PATH msg=audit(1765984156.164:2385): item=1 name="/bin/sh" inode=1442345 dev=08:02 mode=0100755 ouid=0 ogid=0 rdev=00:00 nametype=NORMAL cap_fp=0 cap_fi=0 cap_fe=0 cap_fver=0 cap_frootid=0OUID="root" OGID="root"
type=PATH msg=audit(1765984156.164:2385): item=2 name="/lib64/ld-linux-x86-64.so.2" inode=1481429 dev=08:02 mode=0100755 ouid=0 ogid=0 rdev=00:00 nametype=NORMAL cap_fp=0 cap_fi=0 cap_fe=0 cap_fver=0 cap_frootid=0OUID="root" OGID="root"
type=PROCTITLE msg=audit(1765984156.164:2385): proctitle=2F7573722F6C69622F73797374656D642F73797374656D642D6578656375746F72002D2D646573657269616C697A65003938002D2D6C6F672D6C6576656C00696E666F002D2D6C6F672D746172676574006A6F75726E616C2D6F722D6B6D7367
type=SYSCALL msg=audit(1765984156.172:2386): arch=c000003e syscall=59 success=yes exit=0 a0=5bb1d44ae270 a1=5bb1d44ae1e0 a2=5bb1d44ae208 a3=71e53fda7b00 items=2 ppid=1578 pid=1581 auid=4294967295 uid=0 gid=0 euid=0 suid=0 fsuid=0 egid=0 sgid=0 fsgid=0 tty=(none) ses=4294967295 comm="sort" exe="/usr/bin/sort" subj=unconfined key="T1078_Valid_Accounts"ARCH=x86_64 SYSCALL=execve AUID="unset" UID="root" GID="root" EUID="root" SUID="root" FSUID="root" EGID="root" SGID="root" FSGID="root"
type=SYSCALL msg=audit(1765984156.172:2387): arch=c000003e syscall=59 success=yes exit=0 a0=5bb1d44ae178 a1=5bb1d44ae1c0 a2=5bb1d44ae1d8 a3=1 items=3 ppid=1580 pid=1583 auid=4294967295 uid=0 gid=0 euid=0 suid=0 fsuid=0 egid=0 sgid=0 fsgid=0 tty=(none) ses=4294967295 comm="phpquery" exe="/usr/bin/dash" subj=unconfined key="T1078_Valid_Accounts"ARCH=x86_64 SYSCALL=execve AUID="unset" UID="root" GID="root" EUID="root" SUID="root" FSUID="root" EGID="root" SGID="root" FSGID="root"
type=EXECVE msg=audit(1765984156.172:2387): argc=3 a0="/bin/sh" a1="/usr/sbin/phpquery" a2="-V"
type=PATH msg=audit(1765984156.172:2387): item=0 name="/usr/sbin/phpquery" inode=1499175 dev=08:02 mode=0100755 ouid=0 ogid=0 rdev=00:00 nametype=NORMAL cap_fp=0 cap_fi=0 cap_fe=0 cap_fver=0 cap_frootid=0OUID="root" OGID="root"
type=PATH msg=audit(1765984156.172:2387): item=1 name="/bin/sh" inode=1442345 dev=08:02 mode=0100755 ouid=0 ogid=0 rdev=00:00 nametype=NORMAL cap_fp=0 cap_fi=0 cap_fe=0 cap_fver=0 cap_frootid=0OUID="root" OGID="root"
type=PATH msg=audit(1765984156.172:2387): item=2 name="/lib64/ld-linux-x86-64.so.2" inode=1481429 dev=08:02 mode=0100755 ouid=0 ogid=0 rdev=00:00 nametype=NORMAL cap_fp=0 cap_fi=0 cap_fe=0 cap_fver=0 cap_frootid=0OUID="root" OGID="root"
type=PROCTITLE msg=audit(1765984156.172:2387): proctitle=2F62696E2F7368002F7573722F7362696E2F7068707175657279002D56
type=SYSCALL msg=audit(1765984156.173:2388): arch=c000003e syscall=59 success=yes exit=0 a0=5bb1d44ae290 a1=5bb1d44ae1f8 a2=5bb1d44ae228 a3=71e53fda7b00 items=2 ppid=1578 pid=1582 auid=4294967295 uid=0 gid=0 euid=0 suid=0 fsuid=0 egid=0 sgid=0 fsgid=0 tty=(none) ses=4294967295 comm="sort" exe="/usr/bin/sort" subj=unconfined key="T1078_Valid_Accounts"ARCH=x86_64 SYSCALL=execve AUID="unset" UID="root" GID="root" EUID="root" SUID="root" FSUID="root" EGID="root" SGID="root" FSGID="root"
type=EXECVE msg=audit(1765984156.173:2388): argc=5 a0="sort" a1="-u" a2="-t:" a3="-k" a4="1,1"
type=PATH msg=audit(1765984156.173:2388): item=0 name="/usr/bin/sort" inode=1442847 dev=08:02 mode=0100755 ouid=0 ogid=0 rdev=00:00 nametype=NORMAL cap_fp=0 cap_fi=0 cap_fe=0 cap_fver=0 cap_frootid=0OUID="root" OGID="root"
type=PATH msg=audit(1765984156.173:2388): item=1 name="/lib64/ld-linux-x86-64.so.2" inode=1481429 dev=08:02 mode=0100755 ouid=0 ogid=0 rdev=00:00 nametype=NORMAL cap_fp=0 cap_fi=0 cap_fe=0 cap_fver=0 cap_frootid=0OUID="root" OGID="root"
type=PROCTITLE msg=audit(1765984156.173:2388): proctitle=736F7274002D75002D743A002D6B00312C31
type=EXECVE msg=audit(1765984156.172:2386): argc=4 a0="sort" a1="-rn" a2="-t:" a3="-k2,2"
type=PATH msg=audit(1765984156.172:2386): item=0 name="/usr/bin/sort" inode=1442847 dev=08:02 mode=0100755 ouid=0 ogid=0 rdev=00:00 nametype=NORMAL cap_fp=0 cap_fi=0 cap_fe=0 cap_fver=0 cap_frootid=0OUID="root" OGID="root"
type=PATH msg=audit(1765984156.172:2386): item=1 name="/lib64/ld-linux-x86-64.so.2" inode=1481429 dev=08:02 mode=0100755 ouid=0 ogid=0 rdev=00:00 nametype=NORMAL cap_fp=0 cap_fi=0 cap_fe=0 cap_fver=0 cap_frootid=0OUID="root" OGID="root"
type=PROCTITLE msg=audit(1765984156.172:2386): proctitle=736F7274002D726E002D743A002D6B322C32
type=SYSCALL msg=audit(1765984156.175:2389): arch=c000003e syscall=59 success=yes exit=0 a0=5c1b5b919480 a1=5c1b1f70e670 a2=5c1b5b919418 a3=5c1b5b919400 items=2 ppid=1583 pid=1585 auid=4294967295 uid=0 gid=0 euid=0 suid=0 fsuid=0 egid=0 sgid=0 fsgid=0 tty=(none) ses=4294967295 comm="expr" exe="/usr/bin/expr" subj=unconfined key="T1078_Valid_Accounts"ARCH=x86_64 SYSCALL=execve AUID="unset" UID="root" GID="root" EUID="root" SUID="root" FSUID="root" EGID="root" SGID="root" FSGID="root"
type=EXECVE msg=audit(1765984156.175:2389): argc=4 a0="expr" a1="2" a2="-" a3="1"
type=PATH msg=audit(1765984156.175:2389): item=0 name="/usr/bin/expr" inode=1442406 dev=08:02 mode=0100755 ouid=0 ogid=0 rdev=00:00 nametype=NORMAL cap_fp=0 cap_fi=0 cap_fe=0 cap_fver=0 cap_frootid=0OUID="root" OGID="root"
type=PATH msg=audit(1765984156.175:2389): item=1 name="/lib64/ld-linux-x86-64.so.2" inode=1481429 dev=08:02 mode=0100755 ouid=0 ogid=0 rdev=00:00 nametype=NORMAL cap_fp=0 cap_fi=0 cap_fe=0 cap_fver=0 cap_frootid=0OUID="root" OGID="root"
type=PROCTITLE msg=audit(1765984156.175:2389): proctitle=657870720032002D0031
type=SYSCALL msg=audit(1765984156.181:2390): arch=c000003e syscall=59 success=yes exit=0 a0=5c1b5b919760 a1=5c1b5b9196a0 a2=5c1b5b9196f8 a3=8 items=2 ppid=1589 pid=1590 auid=4294967295 uid=0 gid=0 euid=0 suid=0 fsuid=0 egid=0 sgid=0 fsgid=0 tty=(none) ses=4294967295 comm="find" exe="/usr/bin/find" subj=unconfined key="T1078_Valid_Accounts"ARCH=x86_64 SYSCALL=execve AUID="unset" UID="root" GID="root" EUID="root" SUID="root" FSUID="root" EGID="root" SGID="root" FSGID="root"
type=SYSCALL msg=audit(1765984156.181:2391): arch=c000003e syscall=59 success=yes exit=0 a0=5c1b5b919568 a1=5c1b5b9194e8 a2=5c1b5b919500 a3=74911bda7ca0 items=2 ppid=1583 pid=1588 auid=4294967295 uid=0 gid=0 euid=0 suid=0 fsuid=0 egid=0 sgid=0 fsgid=0 tty=(none) ses=4294967295 comm="sort" exe="/usr/bin/sort" subj=unconfined key="T1078_Valid_Accounts"ARCH=x86_64 SYSCALL=execve AUID="unset" UID="root" GID="root" EUID="root" SUID="root" FSUID="root" EGID="root" SGID="root" FSGID="root"
type=EXECVE msg=audit(1765984156.181:2390): argc=10 a0="find" a1="/usr/lib/php" a2="-mindepth" a3="1" a4="-maxdepth" a5="1" a6="-regex" a7=".*[0-9]\.[0-9]" a8="-printf" a9="%f\n"
type=PATH msg=audit(1765984156.181:2390): item=0 name="/usr/bin/find" inode=1442415 dev=08:02 mode=0100755 ouid=0 ogid=0 rdev=00:00 nametype=NORMAL cap_fp=0 cap_fi=0 cap_fe=0 cap_fver=0 cap_frootid=0OUID="root" OGID="root"
type=PATH msg=audit(1765984156.181:2390): item=1 name="/lib64/ld-linux-x86-64.so.2" inode=1481429 dev=08:02 mode=0100755 ouid=0 ogid=0 rdev=00:00 nametype=NORMAL cap_fp=0 cap_fi=0 cap_fe=0 cap_fver=0 cap_frootid=0OUID="root" OGID="root"
type=PROCTITLE msg=audit(1765984156.181:2390): proctitle=66696E64002F7573722F6C69622F706870002D6D696E64657074680031002D6D617864657074680031002D7265676578002E2A5B302D395D5C2E5B302D395D002D7072696E74660025665C6E
type=EXECVE msg=audit(1765984156.181:2391): argc=2 a0="sort" a1="-rn"
type=PATH msg=audit(1765984156.181:2391): item=0 name="/usr/bin/sort" inode=1442847 dev=08:02 mode=0100755 ouid=0 ogid=0 rdev=00:00 nametype=NORMAL cap_fp=0 cap_fi=0 cap_fe=0 cap_fver=0 cap_frootid=0OUID="root" OGID="root"
type=PATH msg=audit(1765984156.181:2391): item=1 name="/lib64/ld-linux-x86-64.so.2" inode=1481429 dev=08:02 mode=0100755 ouid=0 ogid=0 rdev=00:00 nametype=NORMAL cap_fp=0 cap_fi=0 cap_fe=0 cap_fver=0 cap_frootid=0OUID="root" OGID="root"
type=PROCTITLE msg=audit(1765984156.181:2391): proctitle=736F7274002D726E
type=SYSCALL msg=audit(1765984156.190:2392): arch=c000003e syscall=59 success=yes exit=0 a0=5bb1d44ae260 a1=5bb1d44ae6a0 a2=5bb1d44ae720 a3=1 items=2 ppid=1580 pid=1591 auid=4294967295 uid=0 gid=0 euid=0 suid=0 fsuid=0 egid=0 sgid=0 fsgid=0 tty=(none) ses=4294967295 comm="php8.3" exe="/usr/bin/php8.3" subj=unconfined key="T1078_Valid_Accounts"ARCH=x86_64 SYSCALL=execve AUID="unset" UID="root" GID="root" EUID="root" SUID="root" FSUID="root" EGID="root" SGID="root" FSGID="root"
type=EXECVE msg=audit(1765984156.190:2392): argc=7 a0="/usr/bin/php8.3" a1="-c" a2="/etc/php/8.3/apache2/php.ini" a3="-d" a4="error_reporting='~E_ALL'" a5="-r" a6=666F726561636828696E695F6765745F616C6C282273657373696F6E222920617320246B203D3E20247629206563686F2022246B3D222E24765B226C6F63616C5F76616C7565225D2E225C6E223B
type=PATH msg=audit(1765984156.190:2392): item=0 name="/usr/bin/php8.3" inode=1499184 dev=08:02 mode=0100755 ouid=0 ogid=0 rdev=00:00 nametype=NORMAL cap_fp=0 cap_fi=0 cap_fe=0 cap_fver=0 cap_frootid=0OUID="root" OGID="root"
type=PATH msg=audit(1765984156.190:2392): item=1 name="/lib64/ld-linux-x86-64.so.2" inode=1481429 dev=08:02 mode=0100755 ouid=0 ogid=0 rdev=00:00 nametype=NORMAL cap_fp=0 cap_fi=0 cap_fe=0 cap_fver=0 cap_frootid=0OUID="root" OGID="root"
type=PROCTITLE msg=audit(1765984156.190:2392): proctitle=2F7573722F62696E2F706870382E33002D63002F6574632F7068702F382E332F617061636865322F7068702E696E69002D64006572726F725F7265706F7274696E673D277E455F414C4C27002D7200666F726561636828696E695F6765745F616C6C282273657373696F6E222920617320246B203D3E20247629206563686F20
type=SYSCALL msg=audit(1765984156.238:2393): arch=c000003e syscall=59 success=yes exit=0 a0=5bb1d44ae750 a1=5bb1d44ae2e0 a2=5bb1d44ae6e8 a3=1 items=2 ppid=1592 pid=1594 auid=4294967295 uid=0 gid=0 euid=0 suid=0 fsuid=0 egid=0 sgid=0 fsgid=0 tty=(none) ses=4294967295 comm="sed" exe="/usr/bin/sed" subj=unconfined key="T1078_Valid_Accounts"ARCH=x86_64 SYSCALL=execve AUID="unset" UID="root" GID="root" EUID="root" SUID="root" FSUID="root" EGID="root" SGID="root" FSGID="root"
type=EXECVE msg=audit(1765984156.238:2393): argc=3 a0="sed" a1="-ne" a2="s/^session\.save_handler=\(.*\)$/\1/p"
type=PATH msg=audit(1765984156.238:2393): item=0 name="/usr/bin/sed" inode=1442742 dev=08:02 mode=0100755 ouid=0 ogid=0 rdev=00:00 nametype=NORMAL cap_fp=0 cap_fi=0 cap_fe=0 cap_fver=0 cap_frootid=0OUID="root" OGID="root"
type=PATH msg=audit(1765984156.238:2393): item=1 name="/lib64/ld-linux-x86-64.so.2" inode=1481429 dev=08:02 mode=0100755 ouid=0 ogid=0 rdev=00:00 nametype=NORMAL cap_fp=0 cap_fi=0 cap_fe=0 cap_fver=0 cap_frootid=0OUID="root" OGID="root"
type=PROCTITLE msg=audit(1765984156.238:2393): proctitle=736564002D6E6500732F5E73657373696F6E5C2E736176655F68616E646C65723D5C282E2A5C29242F5C312F70
type=SYSCALL msg=audit(1765984156.244:2394): arch=c000003e syscall=59 success=yes exit=0 a0=5bb1d44ae760 a1=5bb1d44ae2e8 a2=5bb1d44ae6f8 a3=5bb1d44aeca0 items=2 ppid=1595 pid=1597 auid=4294967295 uid=0 gid=0 euid=0 suid=0 fsuid=0 egid=0 sgid=0 fsgid=0 tty=(none) ses=4294967295 comm="sed" exe="/usr/bin/sed" subj=unconfined key="T1078_Valid_Accounts"ARCH=x86_64 SYSCALL=execve AUID="unset" UID="root" GID="root" EUID="root" SUID="root" FSUID="root" EGID="root" SGID="root" FSGID="root"
type=EXECVE msg=audit(1765984156.244:2394): argc=3 a0="sed" a1="-ne" a2="s/^session\.save_path=\(.*;\)\?\(.*\)$/\2/p"
type=PATH msg=audit(1765984156.244:2394): item=0 name="/usr/bin/sed" inode=1442742 dev=08:02 mode=0100755 ouid=0 ogid=0 rdev=00:00 nametype=NORMAL cap_fp=0 cap_fi=0 cap_fe=0 cap_fver=0 cap_frootid=0OUID="root" OGID="root"
type=PATH msg=audit(1765984156.244:2394): item=1 name="/lib64/ld-linux-x86-64.so.2" inode=1481429 dev=08:02 mode=0100755 ouid=0 ogid=0 rdev=00:00 nametype=NORMAL cap_fp=0 cap_fi=0 cap_fe=0 cap_fver=0 cap_frootid=0OUID="root" OGID="root"
type=PROCTITLE msg=audit(1765984156.244:2394): proctitle=736564002D6E6500732F5E73657373696F6E5C2E736176655F706174683D5C282E2A3B5C295C3F5C282E2A5C29242F5C322F70
type=SYSCALL msg=audit(1765984156.252:2395): arch=c000003e syscall=59 success=yes exit=0 a0=5bb1d44ae800 a1=5bb1d44ae2e0 a2=5bb1d44ae798 a3=5bb1d44aeca0 items=2 ppid=1598 pid=1600 auid=4294967295 uid=0 gid=0 euid=0 suid=0 fsuid=0 egid=0 sgid=0 fsgid=0 tty=(none) ses=4294967295 comm="sed" exe="/usr/bin/sed" subj=unconfined key="T1078_Valid_Accounts"ARCH=x86_64 SYSCALL=execve AUID="unset" UID="root" GID="root" EUID="root" SUID="root" FSUID="root" EGID="root" SGID="root" FSGID="root"
type=EXECVE msg=audit(1765984156.252:2395): argc=3 a0="sed" a1="-ne" a2="s/^session\.gc_maxlifetime=\(.*\)$/\1/p"
type=PATH msg=audit(1765984156.252:2395): item=0 name="/usr/bin/sed" inode=1442742 dev=08:02 mode=0100755 ouid=0 ogid=0 rdev=00:00 nametype=NORMAL cap_fp=0 cap_fi=0 cap_fe=0 cap_fver=0 cap_frootid=0OUID="root" OGID="root"
type=PATH msg=audit(1765984156.252:2395): item=1 name="/lib64/ld-linux-x86-64.so.2" inode=1481429 dev=08:02 mode=0100755 ouid=0 ogid=0 rdev=00:00 nametype=NORMAL cap_fp=0 cap_fi=0 cap_fe=0 cap_fver=0 cap_frootid=0OUID="root" OGID="root"
type=PROCTITLE msg=audit(1765984156.252:2395): proctitle=736564002D6E6500732F5E73657373696F6E5C2E67635F6D61786C69666574696D653D5C282E2A5C29242F5C312F70
type=SYSCALL msg=audit(1765984156.261:2396): arch=c000003e syscall=59 success=yes exit=0 a0=5bb1d44ae810 a1=5bb1d44ae2c0 a2=5bb1d44ae7a8 a3=5bb1d44aeca0 items=2 ppid=1601 pid=1603 auid=4294967295 uid=0 gid=0 euid=0 suid=0 fsuid=0 egid=0 sgid=0 fsgid=0 tty=(none) ses=4294967295 comm="sed" exe="/usr/bin/sed" subj=unconfined key="T1078_Valid_Accounts"ARCH=x86_64 SYSCALL=execve AUID="unset" UID="root" GID="root" EUID="root" SUID="root" FSUID="root" EGID="root" SGID="root" FSGID="root"
type=EXECVE msg=audit(1765984156.261:2396): argc=3 a0="sed" a1="-e" a2="s,@VERSION@,8.3,"
type=PATH msg=audit(1765984156.261:2396): item=0 name="/usr/bin/sed" inode=1442742 dev=08:02 mode=0100755 ouid=0 ogid=0 rdev=00:00 nametype=NORMAL cap_fp=0 cap_fi=0 cap_fe=0 cap_fver=0 cap_frootid=0OUID="root" OGID="root"
type=PATH msg=audit(1765984156.261:2396): item=1 name="/lib64/ld-linux-x86-64.so.2" inode=1481429 dev=08:02 mode=0100755 ouid=0 ogid=0 rdev=00:00 nametype=NORMAL cap_fp=0 cap_fi=0 cap_fe=0 cap_fver=0 cap_frootid=0OUID="root" OGID="root"
type=PROCTITLE msg=audit(1765984156.261:2396): proctitle=736564002D6500732C4056455253494F4E402C382E332C
type=SYSCALL msg=audit(1765984156.269:2397): arch=c000003e syscall=59 success=yes exit=0 a0=5bb1d44ae260 a1=5bb1d44ae7c8 a2=5bb1d44ae848 a3=5bb1d44aeca0 items=2 ppid=1580 pid=1604 auid=4294967295 uid=0 gid=0 euid=0 suid=0 fsuid=0 egid=0 sgid=0 fsgid=0 tty=(none) ses=4294967295 comm="php8.3" exe="/usr/bin/php8.3" subj=unconfined key="T1078_Valid_Accounts"ARCH=x86_64 SYSCALL=execve AUID="unset" UID="root" GID="root" EUID="root" SUID="root" FSUID="root" EGID="root" SGID="root" FSGID="root"
type=EXECVE msg=audit(1765984156.269:2397): argc=7 a0="/usr/bin/php8.3" a1="-c" a2="/etc/php/8.3/cli/php.ini" a3="-d" a4="error_reporting='~E_ALL'" a5="-r" a6=666F726561636828696E695F6765745F616C6C282273657373696F6E222920617320246B203D3E20247629206563686F2022246B3D222E24765B226C6F63616C5F76616C7565225D2E225C6E223B
type=PATH msg=audit(1765984156.269:2397): item=0 name="/usr/bin/php8.3" inode=1499184 dev=08:02 mode=0100755 ouid=0 ogid=0 rdev=00:00 nametype=NORMAL cap_fp=0 cap_fi=0 cap_fe=0 cap_fver=0 cap_frootid=0OUID="root" OGID="root"
type=PATH msg=audit(1765984156.269:2397): item=1 name="/lib64/ld-linux-x86-64.so.2" inode=1481429 dev=08:02 mode=0100755 ouid=0 ogid=0 rdev=00:00 nametype=NORMAL cap_fp=0 cap_fi=0 cap_fe=0 cap_fver=0 cap_frootid=0OUID="root" OGID="root"
type=PROCTITLE msg=audit(1765984156.269:2397): proctitle=2F7573722F62696E2F706870382E33002D63002F6574632F7068702F382E332F636C692F7068702E696E69002D64006572726F725F7265706F7274696E673D277E455F414C4C27002D7200666F726561636828696E695F6765745F616C6C282273657373696F6E222920617320246B203D3E20247629206563686F2022246B3D
type=SYSCALL msg=audit(1765984156.320:2398): arch=c000003e syscall=59 success=yes exit=0 a0=5bb1d44ae7b0 a1=5bb1d44ae2e0 a2=5bb1d44ae748 a3=5bb1d44ae9e0 items=2 ppid=1605 pid=1607 auid=4294967295 uid=0 gid=0 euid=0 suid=0 fsuid=0 egid=0 sgid=0 fsgid=0 tty=(none) ses=4294967295 comm="sed" exe="/usr/bin/sed" subj=unconfined key="T1078_Valid_Accounts"ARCH=x86_64 SYSCALL=execve AUID="unset" UID="root" GID="root" EUID="root" SUID="root" FSUID="root" EGID="root" SGID="root" FSGID="root"
type=EXECVE msg=audit(1765984156.320:2398): argc=3 a0="sed" a1="-ne" a2="s/^session\.save_handler=\(.*\)$/\1/p"
type=PATH msg=audit(1765984156.320:2398): item=0 name="/usr/bin/sed" inode=1442742 dev=08:02 mode=0100755 ouid=0 ogid=0 rdev=00:00 nametype=NORMAL cap_fp=0 cap_fi=0 cap_fe=0 cap_fver=0 cap_frootid=0OUID="root" OGID="root"
type=PATH msg=audit(1765984156.320:2398): item=1 name="/lib64/ld-linux-x86-64.so.2" inode=1481429 dev=08:02 mode=0100755 ouid=0 ogid=0 rdev=00:00 nametype=NORMAL cap_fp=0 cap_fi=0 cap_fe=0 cap_fver=0 cap_frootid=0OUID="root" OGID="root"
type=PROCTITLE msg=audit(1765984156.320:2398): proctitle=736564002D6E6500732F5E73657373696F6E5C2E736176655F68616E646C65723D5C282E2A5C29242F5C312F70
type=SYSCALL msg=audit(1765984156.327:2399): arch=c000003e syscall=59 success=yes exit=0 a0=5bb1d44ae7b0 a1=5bb1d44ae2e8 a2=5bb1d44ae748 a3=5bb1d44ae3e0 items=2 ppid=1608 pid=1610 auid=4294967295 uid=0 gid=0 euid=0 suid=0 fsuid=0 egid=0 sgid=0 fsgid=0 tty=(none) ses=4294967295 comm="sed" exe="/usr/bin/sed" subj=unconfined key="T1078_Valid_Accounts"ARCH=x86_64 SYSCALL=execve AUID="unset" UID="root" GID="root" EUID="root" SUID="root" FSUID="root" EGID="root" SGID="root" FSGID="root"
type=EXECVE msg=audit(1765984156.327:2399): argc=3 a0="sed" a1="-ne" a2="s/^session\.save_path=\(.*;\)\?\(.*\)$/\2/p"
type=PATH msg=audit(1765984156.327:2399): item=0 name="/usr/bin/sed" inode=1442742 dev=08:02 mode=0100755 ouid=0 ogid=0 rdev=00:00 nametype=NORMAL cap_fp=0 cap_fi=0 cap_fe=0 cap_fver=0 cap_frootid=0OUID="root" OGID="root"
type=PATH msg=audit(1765984156.327:2399): item=1 name="/lib64/ld-linux-x86-64.so.2" inode=1481429 dev=08:02 mode=0100755 ouid=0 ogid=0 rdev=00:00 nametype=NORMAL cap_fp=0 cap_fi=0 cap_fe=0 cap_fver=0 cap_frootid=0OUID="root" OGID="root"
type=PROCTITLE msg=audit(1765984156.327:2399): proctitle=736564002D6E6500732F5E73657373696F6E5C2E736176655F706174683D5C282E2A3B5C295C3F5C282E2A5C29242F5C322F70
type=SYSCALL msg=audit(1765984156.336:2400): arch=c000003e syscall=59 success=yes exit=0 a0=5bb1d44ae7b0 a1=5bb1d44ae2e0 a2=5bb1d44ae748 a3=5bb1d44ae9e0 items=2 ppid=1611 pid=1613 auid=4294967295 uid=0 gid=0 euid=0 suid=0 fsuid=0 egid=0 sgid=0 fsgid=0 tty=(none) ses=4294967295 comm="sed" exe="/usr/bin/sed" subj=unconfined key="T1078_Valid_Accounts"ARCH=x86_64 SYSCALL=execve AUID="unset" UID="root" GID="root" EUID="root" SUID="root" FSUID="root" EGID="root" SGID="root" FSGID="root"
type=EXECVE msg=audit(1765984156.336:2400): argc=3 a0="sed" a1="-ne" a2="s/^session\.gc_maxlifetime=\(.*\)$/\1/p"
type=PATH msg=audit(1765984156.336:2400): item=0 name="/usr/bin/sed" inode=1442742 dev=08:02 mode=0100755 ouid=0 ogid=0 rdev=00:00 nametype=NORMAL cap_fp=0 cap_fi=0 cap_fe=0 cap_fver=0 cap_frootid=0OUID="root" OGID="root"
type=PATH msg=audit(1765984156.336:2400): item=1 name="/lib64/ld-linux-x86-64.so.2" inode=1481429 dev=08:02 mode=0100755 ouid=0 ogid=0 rdev=00:00 nametype=NORMAL cap_fp=0 cap_fi=0 cap_fe=0 cap_fver=0 cap_frootid=0OUID="root" OGID="root"
type=PROCTITLE msg=audit(1765984156.336:2400): proctitle=736564002D6E6500732F5E73657373696F6E5C2E67635F6D61786C69666574696D653D5C282E2A5C29242F5C312F70
type=SYSCALL msg=audit(1765984156.342:2401): arch=c000003e syscall=59 success=yes exit=0 a0=5bb1d44ae7b0 a1=5bb1d44ae2c8 a2=5bb1d44ae748 a3=0 items=2 ppid=1614 pid=1616 auid=4294967295 uid=0 gid=0 euid=0 suid=0 fsuid=0 egid=0 sgid=0 fsgid=0 tty=(none) ses=4294967295 comm="sed" exe="/usr/bin/sed" subj=unconfined key="T1078_Valid_Accounts"ARCH=x86_64 SYSCALL=execve AUID="unset" UID="root" GID="root" EUID="root" SUID="root" FSUID="root" EGID="root" SGID="root" FSGID="root"
type=EXECVE msg=audit(1765984156.342:2401): argc=3 a0="sed" a1="-e" a2="s,@VERSION@,8.3,"
type=PATH msg=audit(1765984156.342:2401): item=0 name="/usr/bin/sed" inode=1442742 dev=08:02 mode=0100755 ouid=0 ogid=0 rdev=00:00 nametype=NORMAL cap_fp=0 cap_fi=0 cap_fe=0 cap_fver=0 cap_frootid=0OUID="root" OGID="root"
type=PATH msg=audit(1765984156.342:2401): item=1 name="/lib64/ld-linux-x86-64.so.2" inode=1481429 dev=08:02 mode=0100755 ouid=0 ogid=0 rdev=00:00 nametype=NORMAL cap_fp=0 cap_fi=0 cap_fe=0 cap_fver=0 cap_frootid=0OUID="root" OGID="root"
type=PROCTITLE msg=audit(1765984156.342:2401): proctitle=736564002D6500732C4056455253494F4E402C382E332C
type=SYSCALL msg=audit(1765984156.354:2402): arch=c000003e syscall=59 success=yes exit=0 a0=5bb1d44ae250 a1=5bb1d44ae1c8 a2=5bb1d44ae1e8 a3=71e53fda7b00 items=2 ppid=1580 pid=1617 auid=4294967295 uid=0 gid=0 euid=0 suid=0 fsuid=0 egid=0 sgid=0 fsgid=0 tty=(none) ses=4294967295 comm="pidof" exe="/usr/sbin/killall5" subj=unconfined key="T1078_Valid_Accounts"ARCH=x86_64 SYSCALL=execve AUID="unset" UID="root" GID="root" EUID="root" SUID="root" FSUID="root" EGID="root" SGID="root" FSGID="root"
type=EXECVE msg=audit(1765984156.354:2402): argc=3 a0="pidof" a1="apache2" a2="php8.3"
type=PATH msg=audit(1765984156.354:2402): item=0 name="/usr/bin/pidof" inode=1459945 dev=08:02 mode=0100755 ouid=0 ogid=0 rdev=00:00 nametype=NORMAL cap_fp=0 cap_fi=0 cap_fe=0 cap_fver=0 cap_frootid=0OUID="root" OGID="root"
type=PATH msg=audit(1765984156.354:2402): item=1 name="/lib64/ld-linux-x86-64.so.2" inode=1481429 dev=08:02 mode=0100755 ouid=0 ogid=0 rdev=00:00 nametype=NORMAL cap_fp=0 cap_fi=0 cap_fe=0 cap_fver=0 cap_frootid=0OUID="root" OGID="root"
type=PROCTITLE msg=audit(1765984156.354:2402): proctitle=7069646F66006170616368653200706870382E33
type=SYSCALL msg=audit(1765984156.369:2403): arch=c000003e syscall=59 success=yes exit=0 a0=5bb1d44ae858 a1=5bb1d44ae778 a2=5bb1d44ae7f0 a3=8 items=2 ppid=1580 pid=1618 auid=4294967295 uid=0 gid=0 euid=0 suid=0 fsuid=0 egid=0 sgid=0 fsgid=0 tty=(none) ses=4294967295 comm="find" exe="/usr/bin/find" subj=unconfined key="T1078_Valid_Accounts"ARCH=x86_64 SYSCALL=execve AUID="unset" UID="root" GID="root" EUID="root" SUID="root" FSUID="root" EGID="root" SGID="root" FSGID="root"
type=EXECVE msg=audit(1765984156.369:2403): argc=10 a0="find" a1="/proc/1577/fd" a2="-ignore_readdir_race" a3="-lname" a4="/var/lib/php/sessions/sess_*" a5="-exec" a6="touch" a7="-c" a8="{}" a9=";"
type=PATH msg=audit(1765984156.369:2403): item=0 name="/usr/bin/find" inode=1442415 dev=08:02 mode=0100755 ouid=0 ogid=0 rdev=00:00 nametype=NORMAL cap_fp=0 cap_fi=0 cap_fe=0 cap_fver=0 cap_frootid=0OUID="root" OGID="root"
type=PATH msg=audit(1765984156.369:2403): item=1 name="/lib64/ld-linux-x86-64.so.2" inode=1481429 dev=08:02 mode=0100755 ouid=0 ogid=0 rdev=00:00 nametype=NORMAL cap_fp=0 cap_fi=0 cap_fe=0 cap_fver=0 cap_frootid=0OUID="root" OGID="root"
type=PROCTITLE msg=audit(1765984156.369:2403): proctitle=66696E64002F70726F632F313537372F6664002D69676E6F72655F726561646469725F72616365002D6C6E616D65002F7661722F6C69622F7068702F73657373696F6E732F736573735F2A002D6578656300746F756368002D63007B7D003B
type=SYSCALL msg=audit(1765984156.378:2404): arch=c000003e syscall=59 success=yes exit=0 a0=5bb1d44ae858 a1=5bb1d44ae778 a2=5bb1d44ae7f0 a3=8 items=2 ppid=1580 pid=1619 auid=4294967295 uid=0 gid=0 euid=0 suid=0 fsuid=0 egid=0 sgid=0 fsgid=0 tty=(none) ses=4294967295 comm="find" exe="/usr/bin/find" subj=unconfined key="T1078_Valid_Accounts"ARCH=x86_64 SYSCALL=execve AUID="unset" UID="root" GID="root" EUID="root" SUID="root" FSUID="root" EGID="root" SGID="root" FSGID="root"
type=EXECVE msg=audit(1765984156.378:2404): argc=10 a0="find" a1="/proc/1501/fd" a2="-ignore_readdir_race" a3="-lname" a4="/var/lib/php/sessions/sess_*" a5="-exec" a6="touch" a7="-c" a8="{}" a9=";"
type=PATH msg=audit(1765984156.378:2404): item=0 name="/usr/bin/find" inode=1442415 dev=08:02 mode=0100755 ouid=0 ogid=0 rdev=00:00 nametype=NORMAL cap_fp=0 cap_fi=0 cap_fe=0 cap_fver=0 cap_frootid=0OUID="root" OGID="root"
type=PATH msg=audit(1765984156.378:2404): item=1 name="/lib64/ld-linux-x86-64.so.2" inode=1481429 dev=08:02 mode=0100755 ouid=0 ogid=0 rdev=00:00 nametype=NORMAL cap_fp=0 cap_fi=0 cap_fe=0 cap_fver=0 cap_frootid=0OUID="root" OGID="root"
type=PROCTITLE msg=audit(1765984156.378:2404): proctitle=66696E64002F70726F632F313530312F6664002D69676E6F72655F726561646469725F72616365002D6C6E616D65002F7661722F6C69622F7068702F73657373696F6E732F736573735F2A002D6578656300746F756368002D63007B7D003B
type=SYSCALL msg=audit(1765984156.387:2405): arch=c000003e syscall=59 success=yes exit=0 a0=5bb1d44ae858 a1=5bb1d44ae778 a2=5bb1d44ae7f0 a3=8 items=2 ppid=1580 pid=1620 auid=4294967295 uid=0 gid=0 euid=0 suid=0 fsuid=0 egid=0 sgid=0 fsgid=0 tty=(none) ses=4294967295 comm="find" exe="/usr/bin/find" subj=unconfined key="T1078_Valid_Accounts"ARCH=x86_64 SYSCALL=execve AUID="unset" UID="root" GID="root" EUID="root" SUID="root" FSUID="root" EGID="root" SGID="root" FSGID="root"
type=EXECVE msg=audit(1765984156.387:2405): argc=10 a0="find" a1="/proc/1500/fd" a2="-ignore_readdir_race" a3="-lname" a4="/var/lib/php/sessions/sess_*" a5="-exec" a6="touch" a7="-c" a8="{}" a9=";"
type=PATH msg=audit(1765984156.387:2405): item=0 name="/usr/bin/find" inode=1442415 dev=08:02 mode=0100755 ouid=0 ogid=0 rdev=00:00 nametype=NORMAL cap_fp=0 cap_fi=0 cap_fe=0 cap_fver=0 cap_frootid=0OUID="root" OGID="root"
type=PATH msg=audit(1765984156.387:2405): item=1 name="/lib64/ld-linux-x86-64.so.2" inode=1481429 dev=08:02 mode=0100755 ouid=0 ogid=0 rdev=00:00 nametype=NORMAL cap_fp=0 cap_fi=0 cap_fe=0 cap_fver=0 cap_frootid=0OUID="root" OGID="root"
type=PROCTITLE msg=audit(1765984156.387:2405): proctitle=66696E64002F70726F632F313530302F6664002D69676E6F72655F726561646469725F72616365002D6C6E616D65002F7661722F6C69622F7068702F73657373696F6E732F736573735F2A002D6578656300746F756368002D63007B7D003B
type=SYSCALL msg=audit(1765984156.394:2406): arch=c000003e syscall=59 success=yes exit=0 a0=5bb1d44ae858 a1=5bb1d44ae778 a2=5bb1d44ae7f0 a3=8 items=2 ppid=1580 pid=1621 auid=4294967295 uid=0 gid=0 euid=0 suid=0 fsuid=0 egid=0 sgid=0 fsgid=0 tty=(none) ses=4294967295 comm="find" exe="/usr/bin/find" subj=unconfined key="T1078_Valid_Accounts"ARCH=x86_64 SYSCALL=execve AUID="unset" UID="root" GID="root" EUID="root" SUID="root" FSUID="root" EGID="root" SGID="root" FSGID="root"
type=EXECVE msg=audit(1765984156.394:2406): argc=10 a0="find" a1="/proc/1499/fd" a2="-ignore_readdir_race" a3="-lname" a4="/var/lib/php/sessions/sess_*" a5="-exec" a6="touch" a7="-c" a8="{}" a9=";"
type=PATH msg=audit(1765984156.394:2406): item=0 name="/usr/bin/find" inode=1442415 dev=08:02 mode=0100755 ouid=0 ogid=0 rdev=00:00 nametype=NORMAL cap_fp=0 cap_fi=0 cap_fe=0 cap_fver=0 cap_frootid=0OUID="root" OGID="root"
type=PATH msg=audit(1765984156.394:2406): item=1 name="/lib64/ld-linux-x86-64.so.2" inode=1481429 dev=08:02 mode=0100755 ouid=0 ogid=0 rdev=00:00 nametype=NORMAL cap_fp=0 cap_fi=0 cap_fe=0 cap_fver=0 cap_frootid=0OUID="root" OGID="root"
type=PROCTITLE msg=audit(1765984156.394:2406): proctitle=66696E64002F70726F632F313439392F6664002D69676E6F72655F726561646469725F72616365002D6C6E616D65002F7661722F6C69622F7068702F73657373696F6E732F736573735F2A002D6578656300746F756368002D63007B7D003B
type=SYSCALL msg=audit(1765984156.401:2407): arch=c000003e syscall=59 success=yes exit=0 a0=5bb1d44ae858 a1=5bb1d44ae778 a2=5bb1d44ae7f0 a3=8 items=2 ppid=1580 pid=1622 auid=4294967295 uid=0 gid=0 euid=0 suid=0 fsuid=0 egid=0 sgid=0 fsgid=0 tty=(none) ses=4294967295 comm="find" exe="/usr/bin/find" subj=unconfined key="T1078_Valid_Accounts"ARCH=x86_64 SYSCALL=execve AUID="unset" UID="root" GID="root" EUID="root" SUID="root" FSUID="root" EGID="root" SGID="root" FSGID="root"
type=EXECVE msg=audit(1765984156.401:2407): argc=10 a0="find" a1="/proc/1498/fd" a2="-ignore_readdir_race" a3="-lname" a4="/var/lib/php/sessions/sess_*" a5="-exec" a6="touch" a7="-c" a8="{}" a9=";"
type=PATH msg=audit(1765984156.401:2407): item=0 name="/usr/bin/find" inode=1442415 dev=08:02 mode=0100755 ouid=0 ogid=0 rdev=00:00 nametype=NORMAL cap_fp=0 cap_fi=0 cap_fe=0 cap_fver=0 cap_frootid=0OUID="root" OGID="root"
type=PATH msg=audit(1765984156.401:2407): item=1 name="/lib64/ld-linux-x86-64.so.2" inode=1481429 dev=08:02 mode=0100755 ouid=0 ogid=0 rdev=00:00 nametype=NORMAL cap_fp=0 cap_fi=0 cap_fe=0 cap_fver=0 cap_frootid=0OUID="root" OGID="root"
type=PROCTITLE msg=audit(1765984156.401:2407): proctitle=66696E64002F70726F632F313439382F6664002D69676E6F72655F726561646469725F72616365002D6C6E616D65002F7661722F6C69622F7068702F73657373696F6E732F736573735F2A002D6578656300746F756368002D63007B7D003B
type=SYSCALL msg=audit(1765984156.409:2408): arch=c000003e syscall=59 success=yes exit=0 a0=5bb1d44ae858 a1=5bb1d44ae778 a2=5bb1d44ae7f0 a3=8 items=2 ppid=1580 pid=1623 auid=4294967295 uid=0 gid=0 euid=0 suid=0 fsuid=0 egid=0 sgid=0 fsgid=0 tty=(none) ses=4294967295 comm="find" exe="/usr/bin/find" subj=unconfined key="T1078_Valid_Accounts"ARCH=x86_64 SYSCALL=execve AUID="unset" UID="root" GID="root" EUID="root" SUID="root" FSUID="root" EGID="root" SGID="root" FSGID="root"
type=EXECVE msg=audit(1765984156.409:2408): argc=10 a0="find" a1="/proc/1497/fd" a2="-ignore_readdir_race" a3="-lname" a4="/var/lib/php/sessions/sess_*" a5="-exec" a6="touch" a7="-c" a8="{}" a9=";"
type=PATH msg=audit(1765984156.409:2408): item=0 name="/usr/bin/find" inode=1442415 dev=08:02 mode=0100755 ouid=0 ogid=0 rdev=00:00 nametype=NORMAL cap_fp=0 cap_fi=0 cap_fe=0 cap_fver=0 cap_frootid=0OUID="root" OGID="root"
type=PATH msg=audit(1765984156.409:2408): item=1 name="/lib64/ld-linux-x86-64.so.2" inode=1481429 dev=08:02 mode=0100755 ouid=0 ogid=0 rdev=00:00 nametype=NORMAL cap_fp=0 cap_fi=0 cap_fe=0 cap_fver=0 cap_frootid=0OUID="root" OGID="root"
type=PROCTITLE msg=audit(1765984156.409:2408): proctitle=66696E64002F70726F632F313439372F6664002D69676E6F72655F726561646469725F72616365002D6C6E616D65002F7661722F6C69622F7068702F73657373696F6E732F736573735F2A002D6578656300746F756368002D63007B7D003B
type=SYSCALL msg=audit(1765984156.416:2409): arch=c000003e syscall=59 success=yes exit=0 a0=5bb1d44ae858 a1=5bb1d44ae778 a2=5bb1d44ae7f0 a3=8 items=2 ppid=1580 pid=1624 auid=4294967295 uid=0 gid=0 euid=0 suid=0 fsuid=0 egid=0 sgid=0 fsgid=0 tty=(none) ses=4294967295 comm="find" exe="/usr/bin/find" subj=unconfined key="T1078_Valid_Accounts"ARCH=x86_64 SYSCALL=execve AUID="unset" UID="root" GID="root" EUID="root" SUID="root" FSUID="root" EGID="root" SGID="root" FSGID="root"
type=EXECVE msg=audit(1765984156.416:2409): argc=10 a0="find" a1="/proc/897/fd" a2="-ignore_readdir_race" a3="-lname" a4="/var/lib/php/sessions/sess_*" a5="-exec" a6="touch" a7="-c" a8="{}" a9=";"
type=PATH msg=audit(1765984156.416:2409): item=0 name="/usr/bin/find" inode=1442415 dev=08:02 mode=0100755 ouid=0 ogid=0 rdev=00:00 nametype=NORMAL cap_fp=0 cap_fi=0 cap_fe=0 cap_fver=0 cap_frootid=0OUID="root" OGID="root"
type=PATH msg=audit(1765984156.416:2409): item=1 name="/lib64/ld-linux-x86-64.so.2" inode=1481429 dev=08:02 mode=0100755 ouid=0 ogid=0 rdev=00:00 nametype=NORMAL cap_fp=0 cap_fi=0 cap_fe=0 cap_fver=0 cap_frootid=0OUID="root" OGID="root"
type=PROCTITLE msg=audit(1765984156.416:2409): proctitle=66696E64002F70726F632F3839372F6664002D69676E6F72655F726561646469725F72616365002D6C6E616D65002F7661722F6C69622F7068702F73657373696F6E732F736573735F2A002D6578656300746F756368002D63007B7D003B
type=SYSCALL msg=audit(1765984156.421:2410): arch=c000003e syscall=59 success=yes exit=0 a0=5bb1d44ae6a0 a1=5bb1d44ae5c0 a2=5bb1d44ae638 a3=8 items=2 ppid=1584 pid=1625 auid=4294967295 uid=0 gid=0 euid=0 suid=0 fsuid=0 egid=0 sgid=0 fsgid=0 tty=(none) ses=4294967295 comm="find" exe="/usr/bin/find" subj=unconfined key="T1078_Valid_Accounts"ARCH=x86_64 SYSCALL=execve AUID="unset" UID="root" GID="root" EUID="root" SUID="root" FSUID="root" EGID="root" SGID="root" FSGID="root"
type=EXECVE msg=audit(1765984156.421:2410): argc=14 a0="find" a1="-O3" a2="/var/lib/php/sessions/" a3="-ignore_readdir_race" a4="-depth" a5="-mindepth" a6="1" a7="-name" a8="sess_*" a9="-type" a10="f" a11="-cmin" a12="+24" a13="-delete"
type=PATH msg=audit(1765984156.421:2410): item=0 name="/usr/bin/find" inode=1442415 dev=08:02 mode=0100755 ouid=0 ogid=0 rdev=00:00 nametype=NORMAL cap_fp=0 cap_fi=0 cap_fe=0 cap_fver=0 cap_frootid=0OUID="root" OGID="root"
type=PATH msg=audit(1765984156.421:2410): item=1 name="/lib64/ld-linux-x86-64.so.2" inode=1481429 dev=08:02 mode=0100755 ouid=0 ogid=0 rdev=00:00 nametype=NORMAL cap_fp=0 cap_fi=0 cap_fe=0 cap_fver=0 cap_frootid=0OUID="root" OGID="root"
type=PROCTITLE msg=audit(1765984156.421:2410): proctitle=66696E64002D4F33002F7661722F6C69622F7068702F73657373696F6E732F002D69676E6F72655F726561646469725F72616365002D6465707468002D6D696E64657074680031002D6E616D6500736573735F2A002D747970650066002D636D696E002B3234002D64656C657465
type=SERVICE_START msg=audit(1765984156.433:2411): pid=1 uid=0 auid=4294967295 ses=4294967295 subj=unconfined msg='unit=phpsessionclean comm="systemd" exe="/usr/lib/systemd/systemd" hostname=? addr=? terminal=? res=success'UID="root" AUID="unset"
type=SERVICE_STOP msg=audit(1765984156.433:2412): pid=1 uid=0 auid=4294967295 ses=4294967295 subj=unconfined msg='unit=phpsessionclean comm="systemd" exe="/usr/lib/systemd/systemd" hostname=? addr=? terminal=? res=success'UID="root" AUID="unset"
type=SYSCALL msg=audit(1765984186.134:2413): arch=c000003e syscall=59 success=yes exit=0 a0=56c4b03ca800 a1=56c4b036a020 a2=56c4b0350960 a3=56c4b03b7bb0 items=2 ppid=1284 pid=1641 auid=1000 uid=0 gid=0 euid=0 suid=0 fsuid=0 egid=0 sgid=0 fsgid=0 tty=pts1 ses=1 comm="less" exe="/usr/bin/less" subj=unconfined key="T1078_Valid_Accounts"ARCH=x86_64 SYSCALL=execve AUID="vboxuser" UID="root" GID="root" EUID="root" SUID="root" FSUID="root" EGID="root" SGID="root" FSGID="root"
type=EXECVE msg=audit(1765984186.134:2413): argc=2 a0="less" a1="/var/log/apache2/nextcloud.local-error.log"
type=PATH msg=audit(1765984186.134:2413): item=0 name="/usr/bin/less" inode=1442509 dev=08:02 mode=0100755 ouid=0 ogid=0 rdev=00:00 nametype=NORMAL cap_fp=0 cap_fi=0 cap_fe=0 cap_fver=0 cap_frootid=0OUID="root" OGID="root"
type=PATH msg=audit(1765984186.134:2413): item=1 name="/lib64/ld-linux-x86-64.so.2" inode=1481429 dev=08:02 mode=0100755 ouid=0 ogid=0 rdev=00:00 nametype=NORMAL cap_fp=0 cap_fi=0 cap_fe=0 cap_fver=0 cap_frootid=0OUID="root" OGID="root"
type=PROCTITLE msg=audit(1765984186.134:2413): proctitle=6C657373002F7661722F6C6F672F617061636865322F6E657874636C6F75642E6C6F63616C2D6572726F722E6C6F67
type=SYSCALL msg=audit(1765984186.151:2414): arch=c000003e syscall=59 success=yes exit=0 a0=7fabad7cb42f a1=7ffc60e57c10 a2=7ffc60e58180 a3=8 items=2 ppid=1641 pid=1642 auid=1000 uid=0 gid=0 euid=0 suid=0 fsuid=0 egid=0 sgid=0 fsgid=0 tty=pts1 ses=1 comm="sh" exe="/usr/bin/dash" subj=unconfined key="T1078_Valid_Accounts"ARCH=x86_64 SYSCALL=execve AUID="vboxuser" UID="root" GID="root" EUID="root" SUID="root" FSUID="root" EGID="root" SGID="root" FSGID="root"
type=EXECVE msg=audit(1765984186.151:2414): argc=4 a0="sh" a1="-c" a2="--" a3=2F62696E2F62617368202D63205C202F7573722F62696E2F6C657373706970655C202F7661722F6C6F672F617061636865322F6E657874636C6F75642E6C6F63616C2D6572726F722E6C6F67
type=PATH msg=audit(1765984186.151:2414): item=0 name="/bin/sh" inode=1442345 dev=08:02 mode=0100755 ouid=0 ogid=0 rdev=00:00 nametype=NORMAL cap_fp=0 cap_fi=0 cap_fe=0 cap_fver=0 cap_frootid=0OUID="root" OGID="root"
type=PATH msg=audit(1765984186.151:2414): item=1 name="/lib64/ld-linux-x86-64.so.2" inode=1481429 dev=08:02 mode=0100755 ouid=0 ogid=0 rdev=00:00 nametype=NORMAL cap_fp=0 cap_fi=0 cap_fe=0 cap_fver=0 cap_frootid=0OUID="root" OGID="root"
type=PROCTITLE msg=audit(1765984186.151:2414): proctitle=7368002D63002D2D002F62696E2F62617368202D63205C202F7573722F62696E2F6C657373706970655C202F7661722F6C6F672F617061636865322F6E657874636C6F75642E6C6F63616C2D6572726F722E6C6F67
type=SYSCALL msg=audit(1765984186.157:2415): arch=c000003e syscall=59 success=yes exit=0 a0=6420abee95d0 a1=6420abee9660 a2=6420e8b497a8 a3=1 items=2 ppid=1642 pid=1643 auid=1000 uid=0 gid=0 euid=0 suid=0 fsuid=0 egid=0 sgid=0 fsgid=0 tty=pts1 ses=1 comm="bash" exe="/usr/bin/bash" subj=unconfined key="T1078_Valid_Accounts"ARCH=x86_64 SYSCALL=execve AUID="vboxuser" UID="root" GID="root" EUID="root" SUID="root" FSUID="root" EGID="root" SGID="root" FSGID="root"
type=EXECVE msg=audit(1765984186.157:2415): argc=3 a0="/bin/bash" a1="-c" a2=202F7573722F62696E2F6C65737370697065202F7661722F6C6F672F617061636865322F6E657874636C6F75642E6C6F63616C2D6572726F722E6C6F67
type=PATH msg=audit(1765984186.157:2415): item=0 name="/bin/bash" inode=1442260 dev=08:02 mode=0100755 ouid=0 ogid=0 rdev=00:00 nametype=NORMAL cap_fp=0 cap_fi=0 cap_fe=0 cap_fver=0 cap_frootid=0OUID="root" OGID="root"
type=PATH msg=audit(1765984186.157:2415): item=1 name="/lib64/ld-linux-x86-64.so.2" inode=1481429 dev=08:02 mode=0100755 ouid=0 ogid=0 rdev=00:00 nametype=NORMAL cap_fp=0 cap_fi=0 cap_fe=0 cap_fver=0 cap_frootid=0OUID="root" OGID="root"
type=PROCTITLE msg=audit(1765984186.157:2415): proctitle=2F62696E2F62617368002D6300202F7573722F62696E2F6C65737370697065202F7661722F6C6F672F617061636865322F6E657874636C6F75642E6C6F63616C2D6572726F722E6C6F67
type=SYSCALL msg=audit(1765984186.161:2416): arch=c000003e syscall=59 success=yes exit=0 a0=5ffb21a395e0 a1=5ffb21a37b50 a2=5ffb21a36db0 a3=8 items=3 ppid=1642 pid=1643 auid=1000 uid=0 gid=0 euid=0 suid=0 fsuid=0 egid=0 sgid=0 fsgid=0 tty=pts1 ses=1 comm="lesspipe" exe="/usr/bin/dash" subj=unconfined key="T1078_Valid_Accounts"ARCH=x86_64 SYSCALL=execve AUID="vboxuser" UID="root" GID="root" EUID="root" SUID="root" FSUID="root" EGID="root" SGID="root" FSGID="root"
type=EXECVE msg=audit(1765984186.161:2416): argc=3 a0="/bin/sh" a1="/usr/bin/lesspipe" a2="/var/log/apache2/nextcloud.local-error.log"
type=PATH msg=audit(1765984186.161:2416): item=0 name="/usr/bin/lesspipe" inode=1442512 dev=08:02 mode=0100755 ouid=0 ogid=0 rdev=00:00 nametype=NORMAL cap_fp=0 cap_fi=0 cap_fe=0 cap_fver=0 cap_frootid=0OUID="root" OGID="root"
type=PATH msg=audit(1765984186.161:2416): item=1 name="/bin/sh" inode=1442345 dev=08:02 mode=0100755 ouid=0 ogid=0 rdev=00:00 nametype=NORMAL cap_fp=0 cap_fi=0 cap_fe=0 cap_fver=0 cap_frootid=0OUID="root" OGID="root"
type=PATH msg=audit(1765984186.161:2416): item=2 name="/lib64/ld-linux-x86-64.so.2" inode=1481429 dev=08:02 mode=0100755 ouid=0 ogid=0 rdev=00:00 nametype=NORMAL cap_fp=0 cap_fi=0 cap_fe=0 cap_fver=0 cap_frootid=0OUID="root" OGID="root"
type=PROCTITLE msg=audit(1765984186.161:2416): proctitle=2F62696E2F62617368002D6300202F7573722F62696E2F6C65737370697065202F7661722F6C6F672F617061636865322F6E657874636C6F75642E6C6F63616C2D6572726F722E6C6F67
type=SYSCALL msg=audit(1765984186.168:2417): arch=c000003e syscall=59 success=yes exit=0 a0=62cb5db3a918 a1=62cb40ddb600 a2=62cb5db3a878 a3=1 items=2 ppid=1643 pid=1644 auid=1000 uid=0 gid=0 euid=0 suid=0 fsuid=0 egid=0 sgid=0 fsgid=0 tty=pts1 ses=1 comm="basename" exe="/usr/bin/basename" subj=unconfined key="T1078_Valid_Accounts"ARCH=x86_64 SYSCALL=execve AUID="vboxuser" UID="root" GID="root" EUID="root" SUID="root" FSUID="root" EGID="root" SGID="root" FSGID="root"
type=EXECVE msg=audit(1765984186.168:2417): argc=2 a0="basename" a1="/usr/bin/lesspipe"
type=PATH msg=audit(1765984186.168:2417): item=0 name="/usr/bin/basename" inode=1442258 dev=08:02 mode=0100755 ouid=0 ogid=0 rdev=00:00 nametype=NORMAL cap_fp=0 cap_fi=0 cap_fe=0 cap_fver=0 cap_frootid=0OUID="root" OGID="root"
type=PATH msg=audit(1765984186.168:2417): item=1 name="/lib64/ld-linux-x86-64.so.2" inode=1481429 dev=08:02 mode=0100755 ouid=0 ogid=0 rdev=00:00 nametype=NORMAL cap_fp=0 cap_fi=0 cap_fe=0 cap_fver=0 cap_frootid=0OUID="root" OGID="root"
type=PROCTITLE msg=audit(1765984186.168:2417): proctitle=626173656E616D65002F7573722F62696E2F6C65737370697065
type=SYSCALL msg=audit(1765984186.176:2418): arch=c000003e syscall=59 success=yes exit=0 a0=62cb5db468b0 a1=62cb5db467f0 a2=62cb5db46810 a3=62cb5db46a10 items=2 ppid=1646 pid=1648 auid=1000 uid=0 gid=0 euid=0 suid=0 fsuid=0 egid=0 sgid=0 fsgid=0 tty=pts1 ses=1 comm="tr" exe="/usr/bin/tr" subj=unconfined key="T1078_Valid_Accounts"ARCH=x86_64 SYSCALL=execve AUID="vboxuser" UID="root" GID="root" EUID="root" SUID="root" FSUID="root" EGID="root" SGID="root" FSGID="root"
type=EXECVE msg=audit(1765984186.176:2418): argc=3 a0="tr" a1="[:upper:]" a2="[:lower:]"
type=PATH msg=audit(1765984186.176:2418): item=0 name="/usr/bin/tr" inode=1442926 dev=08:02 mode=0100755 ouid=0 ogid=0 rdev=00:00 nametype=NORMAL cap_fp=0 cap_fi=0 cap_fe=0 cap_fver=0 cap_frootid=0OUID="root" OGID="root"
type=PATH msg=audit(1765984186.176:2418): item=1 name="/lib64/ld-linux-x86-64.so.2" inode=1481429 dev=08:02 mode=0100755 ouid=0 ogid=0 rdev=00:00 nametype=NORMAL cap_fp=0 cap_fi=0 cap_fe=0 cap_fver=0 cap_frootid=0OUID="root" OGID="root"
type=PROCTITLE msg=audit(1765984186.176:2418): proctitle=7472005B3A75707065723A5D005B3A6C6F7765723A5D
type=SYSCALL msg=audit(1765984187.938:2419): arch=c000003e syscall=91 success=yes exit=0 a0=4 a1=180 a2=0 a3=1b6 items=1 ppid=1284 pid=1641 auid=1000 uid=0 gid=0 euid=0 suid=0 fsuid=0 egid=0 sgid=0 fsgid=0 tty=pts1 ses=1 comm="less" exe="/usr/bin/less" subj=unconfined key="T1166_Seuid_and_Setgid"ARCH=x86_64 SYSCALL=fchmod AUID="vboxuser" UID="root" GID="root" EUID="root" SUID="root" FSUID="root" EGID="root" SGID="root" FSGID="root"
type=PATH msg=audit(1765984187.938:2419): item=0 name=(null) inode=1049747 dev=08:02 mode=0100644 ouid=0 ogid=0 rdev=00:00 nametype=NORMAL cap_fp=0 cap_fi=0 cap_fe=0 cap_fver=0 cap_frootid=0OUID="root" OGID="root"
type=PROCTITLE msg=audit(1765984187.938:2419): proctitle=6C657373002F7661722F6C6F672F617061636865322F6E657874636C6F75642E6C6F63616C2D6572726F722E6C6F67
type=SYSCALL msg=audit(1765984187.938:2420): arch=c000003e syscall=82 success=yes exit=0 a0=593b847c5d20 a1=593b847c5d00 a2=593e17c42ac1 a3=593b847b1320 items=5 ppid=1284 pid=1641 auid=1000 uid=0 gid=0 euid=0 suid=0 fsuid=0 egid=0 sgid=0 fsgid=0 tty=pts1 ses=1 comm="less" exe="/usr/bin/less" subj=unconfined key="T1107_File_Deletion"ARCH=x86_64 SYSCALL=rename AUID="vboxuser" UID="root" GID="root" EUID="root" SUID="root" FSUID="root" EGID="root" SGID="root" FSGID="root"
type=PATH msg=audit(1765984187.938:2420): item=0 name="/root/" inode=1048578 dev=08:02 mode=040700 ouid=0 ogid=0 rdev=00:00 nametype=PARENT cap_fp=0 cap_fi=0 cap_fe=0 cap_fver=0 cap_frootid=0OUID="root" OGID="root"
type=PATH msg=audit(1765984187.938:2420): item=1 name="/root/" inode=1048578 dev=08:02 mode=040700 ouid=0 ogid=0 rdev=00:00 nametype=PARENT cap_fp=0 cap_fi=0 cap_fe=0 cap_fver=0 cap_frootid=0OUID="root" OGID="root"
type=PATH msg=audit(1765984187.938:2420): item=2 name="/root/.lesshsQ" inode=1049747 dev=08:02 mode=0100600 ouid=0 ogid=0 rdev=00:00 nametype=DELETE cap_fp=0 cap_fi=0 cap_fe=0 cap_fver=0 cap_frootid=0OUID="root" OGID="root"
type=PATH msg=audit(1765984187.938:2420): item=3 name="/root/.lesshst" inode=1050534 dev=08:02 mode=0100600 ouid=0 ogid=0 rdev=00:00 nametype=DELETE cap_fp=0 cap_fi=0 cap_fe=0 cap_fver=0 cap_frootid=0OUID="root" OGID="root"
type=PATH msg=audit(1765984187.938:2420): item=4 name="/root/.lesshst" inode=1049747 dev=08:02 mode=0100600 ouid=0 ogid=0 rdev=00:00 nametype=CREATE cap_fp=0 cap_fi=0 cap_fe=0 cap_fver=0 cap_frootid=0OUID="root" OGID="root"
type=PROCTITLE msg=audit(1765984187.938:2420): proctitle=6C657373002F7661722F6C6F672F617061636865322F6E657874636C6F75642E6C6F63616C2D6572726F722E6C6F67
type=SYSCALL msg=audit(1765984208.255:2421): arch=c000003e syscall=59 success=yes exit=0 a0=56c4b03b7540 a1=56c4b03cff30 a2=56c4b0350960 a3=56c4b03d2f30 items=2 ppid=1284 pid=1666 auid=1000 uid=0 gid=0 euid=0 suid=0 fsuid=0 egid=0 sgid=0 fsgid=0 tty=pts1 ses=1 comm="less" exe="/usr/bin/less" subj=unconfined key="T1078_Valid_Accounts"ARCH=x86_64 SYSCALL=execve AUID="vboxuser" UID="root" GID="root" EUID="root" SUID="root" FSUID="root" EGID="root" SGID="root" FSGID="root"
type=EXECVE msg=audit(1765984208.255:2421): argc=2 a0="less" a1="/var/log/apache2/nextcloud.local-access.log"
type=PATH msg=audit(1765984208.255:2421): item=0 name="/usr/bin/less" inode=1442509 dev=08:02 mode=0100755 ouid=0 ogid=0 rdev=00:00 nametype=NORMAL cap_fp=0 cap_fi=0 cap_fe=0 cap_fver=0 cap_frootid=0OUID="root" OGID="root"
type=PATH msg=audit(1765984208.255:2421): item=1 name="/lib64/ld-linux-x86-64.so.2" inode=1481429 dev=08:02 mode=0100755 ouid=0 ogid=0 rdev=00:00 nametype=NORMAL cap_fp=0 cap_fi=0 cap_fe=0 cap_fver=0 cap_frootid=0OUID="root" OGID="root"
type=PROCTITLE msg=audit(1765984208.255:2421): proctitle=6C657373002F7661722F6C6F672F617061636865322F6E657874636C6F75642E6C6F63616C2D6163636573732E6C6F67
type=SYSCALL msg=audit(1765984208.261:2422): arch=c000003e syscall=59 success=yes exit=0 a0=74a1a9fcb42f a1=7ffcf25792f0 a2=7ffcf2579860 a3=8 items=2 ppid=1666 pid=1667 auid=1000 uid=0 gid=0 euid=0 suid=0 fsuid=0 egid=0 sgid=0 fsgid=0 tty=pts1 ses=1 comm="sh" exe="/usr/bin/dash" subj=unconfined key="T1078_Valid_Accounts"ARCH=x86_64 SYSCALL=execve AUID="vboxuser" UID="root" GID="root" EUID="root" SUID="root" FSUID="root" EGID="root" SGID="root" FSGID="root"
type=EXECVE msg=audit(1765984208.261:2422): argc=4 a0="sh" a1="-c" a2="--" a3=2F62696E2F62617368202D63205C202F7573722F62696E2F6C657373706970655C202F7661722F6C6F672F617061636865322F6E657874636C6F75642E6C6F63616C2D6163636573732E6C6F67
type=PATH msg=audit(1765984208.261:2422): item=0 name="/bin/sh" inode=1442345 dev=08:02 mode=0100755 ouid=0 ogid=0 rdev=00:00 nametype=NORMAL cap_fp=0 cap_fi=0 cap_fe=0 cap_fver=0 cap_frootid=0OUID="root" OGID="root"
type=PATH msg=audit(1765984208.261:2422): item=1 name="/lib64/ld-linux-x86-64.so.2" inode=1481429 dev=08:02 mode=0100755 ouid=0 ogid=0 rdev=00:00 nametype=NORMAL cap_fp=0 cap_fi=0 cap_fe=0 cap_fver=0 cap_frootid=0OUID="root" OGID="root"
type=PROCTITLE msg=audit(1765984208.261:2422): proctitle=7368002D63002D2D002F62696E2F62617368202D63205C202F7573722F62696E2F6C657373706970655C202F7661722F6C6F672F617061636865322F6E657874636C6F75642E6C6F63616C2D6163636573732E6C6F67
type=SYSCALL msg=audit(1765984208.264:2423): arch=c000003e syscall=59 success=yes exit=0 a0=5900791335d8 a1=590079133670 a2=5900a205e7a8 a3=1 items=2 ppid=1667 pid=1668 auid=1000 uid=0 gid=0 euid=0 suid=0 fsuid=0 egid=0 sgid=0 fsgid=0 tty=pts1 ses=1 comm="bash" exe="/usr/bin/bash" subj=unconfined key="T1078_Valid_Accounts"ARCH=x86_64 SYSCALL=execve AUID="vboxuser" UID="root" GID="root" EUID="root" SUID="root" FSUID="root" EGID="root" SGID="root" FSGID="root"
type=EXECVE msg=audit(1765984208.264:2423): argc=3 a0="/bin/bash" a1="-c" a2=202F7573722F62696E2F6C65737370697065202F7661722F6C6F672F617061636865322F6E657874636C6F75642E6C6F63616C2D6163636573732E6C6F67
type=PATH msg=audit(1765984208.264:2423): item=0 name="/bin/bash" inode=1442260 dev=08:02 mode=0100755 ouid=0 ogid=0 rdev=00:00 nametype=NORMAL cap_fp=0 cap_fi=0 cap_fe=0 cap_fver=0 cap_frootid=0OUID="root" OGID="root"
type=PATH msg=audit(1765984208.264:2423): item=1 name="/lib64/ld-linux-x86-64.so.2" inode=1481429 dev=08:02 mode=0100755 ouid=0 ogid=0 rdev=00:00 nametype=NORMAL cap_fp=0 cap_fi=0 cap_fe=0 cap_fver=0 cap_frootid=0OUID="root" OGID="root"
type=PROCTITLE msg=audit(1765984208.264:2423): proctitle=2F62696E2F62617368002D6300202F7573722F62696E2F6C65737370697065202F7661722F6C6F672F617061636865322F6E657874636C6F75642E6C6F63616C2D6163636573732E6C6F67
type=SYSCALL msg=audit(1765984208.269:2424): arch=c000003e syscall=59 success=yes exit=0 a0=57d25342d5e0 a1=57d25342bb50 a2=57d25342adb0 a3=8 items=3 ppid=1667 pid=1668 auid=1000 uid=0 gid=0 euid=0 suid=0 fsuid=0 egid=0 sgid=0 fsgid=0 tty=pts1 ses=1 comm="lesspipe" exe="/usr/bin/dash" subj=unconfined key="T1078_Valid_Accounts"ARCH=x86_64 SYSCALL=execve AUID="vboxuser" UID="root" GID="root" EUID="root" SUID="root" FSUID="root" EGID="root" SGID="root" FSGID="root"
type=EXECVE msg=audit(1765984208.269:2424): argc=3 a0="/bin/sh" a1="/usr/bin/lesspipe" a2="/var/log/apache2/nextcloud.local-access.log"
type=PATH msg=audit(1765984208.269:2424): item=0 name="/usr/bin/lesspipe" inode=1442512 dev=08:02 mode=0100755 ouid=0 ogid=0 rdev=00:00 nametype=NORMAL cap_fp=0 cap_fi=0 cap_fe=0 cap_fver=0 cap_frootid=0OUID="root" OGID="root"
type=PATH msg=audit(1765984208.269:2424): item=1 name="/bin/sh" inode=1442345 dev=08:02 mode=0100755 ouid=0 ogid=0 rdev=00:00 nametype=NORMAL cap_fp=0 cap_fi=0 cap_fe=0 cap_fver=0 cap_frootid=0OUID="root" OGID="root"
type=PATH msg=audit(1765984208.269:2424): item=2 name="/lib64/ld-linux-x86-64.so.2" inode=1481429 dev=08:02 mode=0100755 ouid=0 ogid=0 rdev=00:00 nametype=NORMAL cap_fp=0 cap_fi=0 cap_fe=0 cap_fver=0 cap_frootid=0OUID="root" OGID="root"
type=PROCTITLE msg=audit(1765984208.269:2424): proctitle=2F62696E2F62617368002D6300202F7573722F62696E2F6C65737370697065202F7661722F6C6F672F617061636865322F6E657874636C6F75642E6C6F63616C2D6163636573732E6C6F67
type=SYSCALL msg=audit(1765984208.274:2425): arch=c000003e syscall=59 success=yes exit=0 a0=641fd1633918 a1=641fc8904600 a2=641fd1633878 a3=1 items=2 ppid=1668 pid=1669 auid=1000 uid=0 gid=0 euid=0 suid=0 fsuid=0 egid=0 sgid=0 fsgid=0 tty=pts1 ses=1 comm="basename" exe="/usr/bin/basename" subj=unconfined key="T1078_Valid_Accounts"ARCH=x86_64 SYSCALL=execve AUID="vboxuser" UID="root" GID="root" EUID="root" SUID="root" FSUID="root" EGID="root" SGID="root" FSGID="root"
type=EXECVE msg=audit(1765984208.274:2425): argc=2 a0="basename" a1="/usr/bin/lesspipe"
type=PATH msg=audit(1765984208.274:2425): item=0 name="/usr/bin/basename" inode=1442258 dev=08:02 mode=0100755 ouid=0 ogid=0 rdev=00:00 nametype=NORMAL cap_fp=0 cap_fi=0 cap_fe=0 cap_fver=0 cap_frootid=0OUID="root" OGID="root"
type=PATH msg=audit(1765984208.274:2425): item=1 name="/lib64/ld-linux-x86-64.so.2" inode=1481429 dev=08:02 mode=0100755 ouid=0 ogid=0 rdev=00:00 nametype=NORMAL cap_fp=0 cap_fi=0 cap_fe=0 cap_fver=0 cap_frootid=0OUID="root" OGID="root"
type=PROCTITLE msg=audit(1765984208.274:2425): proctitle=626173656E616D65002F7573722F62696E2F6C65737370697065
type=SYSCALL msg=audit(1765984208.280:2426): arch=c000003e syscall=59 success=yes exit=0 a0=641fd163f8b0 a1=641fd163f7f0 a2=641fd163f810 a3=641fd163fa10 items=2 ppid=1671 pid=1673 auid=1000 uid=0 gid=0 euid=0 suid=0 fsuid=0 egid=0 sgid=0 fsgid=0 tty=pts1 ses=1 comm="tr" exe="/usr/bin/tr" subj=unconfined key="T1078_Valid_Accounts"ARCH=x86_64 SYSCALL=execve AUID="vboxuser" UID="root" GID="root" EUID="root" SUID="root" FSUID="root" EGID="root" SGID="root" FSGID="root"
type=EXECVE msg=audit(1765984208.280:2426): argc=3 a0="tr" a1="[:upper:]" a2="[:lower:]"
type=PATH msg=audit(1765984208.280:2426): item=0 name="/usr/bin/tr" inode=1442926 dev=08:02 mode=0100755 ouid=0 ogid=0 rdev=00:00 nametype=NORMAL cap_fp=0 cap_fi=0 cap_fe=0 cap_fver=0 cap_frootid=0OUID="root" OGID="root"
type=PATH msg=audit(1765984208.280:2426): item=1 name="/lib64/ld-linux-x86-64.so.2" inode=1481429 dev=08:02 mode=0100755 ouid=0 ogid=0 rdev=00:00 nametype=NORMAL cap_fp=0 cap_fi=0 cap_fe=0 cap_fver=0 cap_frootid=0OUID="root" OGID="root"
type=PROCTITLE msg=audit(1765984208.280:2426): proctitle=7472005B3A75707065723A5D005B3A6C6F7765723A5D
type=SYSCALL msg=audit(1765984225.649:2427): arch=c000003e syscall=59 success=yes exit=0 a0=7ffe0bc5a2c0 a1=7ffe0bc5a2e0 a2=7ffe0bc5ade8 a3=8 items=2 ppid=1 pid=1674 auid=4294967295 uid=0 gid=0 euid=0 suid=0 fsuid=0 egid=0 sgid=0 fsgid=0 tty=(none) ses=4294967295 comm="9" exe="/usr/lib/systemd/systemd-executor" subj=unconfined key="T1078_Valid_Accounts"ARCH=x86_64 SYSCALL=execve AUID="unset" UID="root" GID="root" EUID="root" SUID="root" FSUID="root" EGID="root" SGID="root" FSGID="root"
type=EXECVE msg=audit(1765984225.649:2427): argc=7 a0="/usr/lib/systemd/systemd-executor" a1="--deserialize" a2="86" a3="--log-level" a4="info" a5="--log-target" a6="journal-or-kmsg"
type=PATH msg=audit(1765984225.649:2427): item=0 name="/proc/self/fd/9" inode=1463834 dev=08:02 mode=0100755 ouid=0 ogid=0 rdev=00:00 nametype=NORMAL cap_fp=0 cap_fi=0 cap_fe=0 cap_fver=0 cap_frootid=0OUID="root" OGID="root"
type=PATH msg=audit(1765984225.649:2427): item=1 name="/lib64/ld-linux-x86-64.so.2" inode=1481429 dev=08:02 mode=0100755 ouid=0 ogid=0 rdev=00:00 nametype=NORMAL cap_fp=0 cap_fi=0 cap_fe=0 cap_fver=0 cap_frootid=0OUID="root" OGID="root"
type=PROCTITLE msg=audit(1765984225.649:2427): proctitle=2F7573722F6C69622F73797374656D642F73797374656D642D6578656375746F72002D2D646573657269616C697A65003836002D2D6C6F672D6C6576656C00696E666F002D2D6C6F672D746172676574006A6F75726E616C2D6F722D6B6D7367
type=SYSCALL msg=audit(1765984225.656:2428): arch=c000003e syscall=42 success=yes exit=0 a0=4 a1=7fff0a9936d0 a2=1e a3=7fff0a993780 items=1 ppid=1 pid=1674 auid=4294967295 uid=0 gid=0 euid=0 suid=0 fsuid=0 egid=0 sgid=0 fsgid=0 tty=(none) ses=4294967295 comm="9" exe="/usr/lib/systemd/systemd-executor" subj=unconfined key="T1043_Commonly_Used_Port"ARCH=x86_64 SYSCALL=connect AUID="unset" UID="root" GID="root" EUID="root" SUID="root" FSUID="root" EGID="root" SGID="root" FSGID="root"
type=SOCKADDR msg=audit(1765984225.656:2428): saddr=01002F72756E2F73797374656D642F6A6F75726E616C2F736F636B657400SADDR={ saddr_fam=local path=/run/systemd/journal/socket }
type=PATH msg=audit(1765984225.656:2428): item=0 name="/run/systemd/journal/socket" inode=453 dev=00:18 mode=0140666 ouid=0 ogid=0 rdev=00:00 nametype=NORMAL cap_fp=0 cap_fi=0 cap_fe=0 cap_fver=0 cap_frootid=0OUID="root" OGID="root"
type=PROCTITLE msg=audit(1765984225.656:2428): proctitle=2F7573722F6C69622F73797374656D642F73797374656D642D6578656375746F72002D2D646573657269616C697A65003836002D2D6C6F672D6C6576656C00696E666F002D2D6C6F672D746172676574006A6F75726E616C2D6F722D6B6D7367
type=SYSCALL msg=audit(1765984225.688:2429): arch=c000003e syscall=42 success=yes exit=0 a0=3 a1=7fff0a993250 a2=1e a3=fffffff7 items=1 ppid=1 pid=1674 auid=4294967295 uid=0 gid=0 euid=0 suid=0 fsuid=0 egid=0 sgid=0 fsgid=0 tty=(none) ses=4294967295 comm="(sa1)" exe="/usr/lib/systemd/systemd-executor" subj=unconfined key="T1043_Commonly_Used_Port"ARCH=x86_64 SYSCALL=connect AUID="unset" UID="root" GID="root" EUID="root" SUID="root" FSUID="root" EGID="root" SGID="root" FSGID="root"
type=SOCKADDR msg=audit(1765984225.688:2429): saddr=01002F72756E2F73797374656D642F6A6F75726E616C2F7374646F757400SADDR={ saddr_fam=local path=/run/systemd/journal/stdout }
type=PATH msg=audit(1765984225.688:2429): item=0 name="/run/systemd/journal/stdout" inode=454 dev=00:18 mode=0140666 ouid=0 ogid=0 rdev=00:00 nametype=NORMAL cap_fp=0 cap_fi=0 cap_fe=0 cap_fver=0 cap_frootid=0OUID="root" OGID="root"
type=PROCTITLE msg=audit(1765984225.688:2429): proctitle=2F7573722F6C69622F73797374656D642F73797374656D642D6578656375746F72002D2D646573657269616C697A65003836002D2D6C6F672D6C6576656C00696E666F002D2D6C6F672D746172676574006A6F75726E616C2D6F722D6B6D7367
type=SYSCALL msg=audit(1765984225.688:2430): arch=c000003e syscall=59 success=yes exit=0 a0=61e4aa7e40c0 a1=61e4aa7e41c0 a2=61e4aa7e34b0 a3=61e4aa7e4990 items=3 ppid=1 pid=1674 auid=4294967295 uid=0 gid=0 euid=0 suid=0 fsuid=0 egid=0 sgid=0 fsgid=0 tty=(none) ses=4294967295 comm="sa1" exe="/usr/bin/dash" subj=unconfined key="T1078_Valid_Accounts"ARCH=x86_64 SYSCALL=execve AUID="unset" UID="root" GID="root" EUID="root" SUID="root" FSUID="root" EGID="root" SGID="root" FSGID="root"
type=EXECVE msg=audit(1765984225.688:2430): argc=4 a0="/bin/sh" a1="/usr/lib/sysstat/sa1" a2="1" a3="1"
type=PATH msg=audit(1765984225.688:2430): item=0 name="/usr/lib/sysstat/sa1" inode=1456137 dev=08:02 mode=0100755 ouid=0 ogid=0 rdev=00:00 nametype=NORMAL cap_fp=0 cap_fi=0 cap_fe=0 cap_fver=0 cap_frootid=0OUID="root" OGID="root"
type=PATH msg=audit(1765984225.688:2430): item=1 name="/bin/sh" inode=1442345 dev=08:02 mode=0100755 ouid=0 ogid=0 rdev=00:00 nametype=NORMAL cap_fp=0 cap_fi=0 cap_fe=0 cap_fver=0 cap_frootid=0OUID="root" OGID="root"
type=PATH msg=audit(1765984225.688:2430): item=2 name="/lib64/ld-linux-x86-64.so.2" inode=1481429 dev=08:02 mode=0100755 ouid=0 ogid=0 rdev=00:00 nametype=NORMAL cap_fp=0 cap_fi=0 cap_fe=0 cap_fver=0 cap_frootid=0OUID="root" OGID="root"
type=PROCTITLE msg=audit(1765984225.688:2430): proctitle=2F7573722F6C69622F73797374656D642F73797374656D642D6578656375746F72002D2D646573657269616C697A65003836002D2D6C6F672D6C6576656C00696E666F002D2D6C6F672D746172676574006A6F75726E616C2D6F722D6B6D7367
type=SYSCALL msg=audit(1765984225.691:2431): arch=c000003e syscall=59 success=yes exit=0 a0=624deced0148 a1=624deced0228 a2=624deced0270 a3=0 items=2 ppid=1 pid=1674 auid=4294967295 uid=0 gid=0 euid=0 suid=0 fsuid=0 egid=0 sgid=0 fsgid=0 tty=(none) ses=4294967295 comm="sadc" exe="/usr/lib/sysstat/sadc" subj=unconfined key="T1078_Valid_Accounts"ARCH=x86_64 SYSCALL=execve AUID="unset" UID="root" GID="root" EUID="root" SUID="root" FSUID="root" EGID="root" SGID="root" FSGID="root"
type=EXECVE msg=audit(1765984225.691:2431): argc=8 a0="/usr/lib/sysstat/sadc" a1="-F" a2="-L" a3="-S" a4="DISK" a5="1" a6="1" a7="/var/log/sysstat"
type=PATH msg=audit(1765984225.691:2431): item=0 name="/usr/lib/sysstat/sadc" inode=1456139 dev=08:02 mode=0100755 ouid=0 ogid=0 rdev=00:00 nametype=NORMAL cap_fp=0 cap_fi=0 cap_fe=0 cap_fver=0 cap_frootid=0OUID="root" OGID="root"
type=PATH msg=audit(1765984225.691:2431): item=1 name="/lib64/ld-linux-x86-64.so.2" inode=1481429 dev=08:02 mode=0100755 ouid=0 ogid=0 rdev=00:00 nametype=NORMAL cap_fp=0 cap_fi=0 cap_fe=0 cap_fver=0 cap_frootid=0OUID="root" OGID="root"
type=PROCTITLE msg=audit(1765984225.691:2431): proctitle=2F7573722F6C69622F73797374656D642F73797374656D642D6578656375746F72002D2D646573657269616C697A65003836002D2D6C6F672D6C6576656C00696E666F002D2D6C6F672D746172676574006A6F75726E616C2D6F722D6B6D7367
type=SERVICE_START msg=audit(1765984225.696:2432): pid=1 uid=0 auid=4294967295 ses=4294967295 subj=unconfined msg='unit=sysstat-collect comm="systemd" exe="/usr/lib/systemd/systemd" hostname=? addr=? terminal=? res=success'UID="root" AUID="unset"
type=SERVICE_STOP msg=audit(1765984225.696:2433): pid=1 uid=0 auid=4294967295 ses=4294967295 subj=unconfined msg='unit=sysstat-collect comm="systemd" exe="/usr/lib/systemd/systemd" hostname=? addr=? terminal=? res=success'UID="root" AUID="unset"
type=SYSCALL msg=audit(1765984294.827:2434): arch=c000003e syscall=91 success=yes exit=0 a0=4 a1=180 a2=0 a3=1b6 items=1 ppid=1284 pid=1666 auid=1000 uid=0 gid=0 euid=0 suid=0 fsuid=0 egid=0 sgid=0 fsgid=0 tty=pts1 ses=1 comm="less" exe="/usr/bin/less" subj=unconfined key="T1166_Seuid_and_Setgid"ARCH=x86_64 SYSCALL=fchmod AUID="vboxuser" UID="root" GID="root" EUID="root" SUID="root" FSUID="root" EGID="root" SGID="root" FSGID="root"
type=PATH msg=audit(1765984294.827:2434): item=0 name=(null) inode=1050534 dev=08:02 mode=0100644 ouid=0 ogid=0 rdev=00:00 nametype=NORMAL cap_fp=0 cap_fi=0 cap_fe=0 cap_fver=0 cap_frootid=0OUID="root" OGID="root"
type=PROCTITLE msg=audit(1765984294.827:2434): proctitle=6C657373002F7661722F6C6F672F617061636865322F6E657874636C6F75642E6C6F63616C2D6163636573732E6C6F67
type=SYSCALL msg=audit(1765984294.827:2435): arch=c000003e syscall=82 success=yes exit=0 a0=5a4a8a165bd0 a1=5a4a8a165bb0 a2=5a4f2ebecd7b a3=5a4a8a15b320 items=5 ppid=1284 pid=1666 auid=1000 uid=0 gid=0 euid=0 suid=0 fsuid=0 egid=0 sgid=0 fsgid=0 tty=pts1 ses=1 comm="less" exe="/usr/bin/less" subj=unconfined key="T1107_File_Deletion"ARCH=x86_64 SYSCALL=rename AUID="vboxuser" UID="root" GID="root" EUID="root" SUID="root" FSUID="root" EGID="root" SGID="root" FSGID="root"
type=PATH msg=audit(1765984294.827:2435): item=0 name="/root/" inode=1048578 dev=08:02 mode=040700 ouid=0 ogid=0 rdev=00:00 nametype=PARENT cap_fp=0 cap_fi=0 cap_fe=0 cap_fver=0 cap_frootid=0OUID="root" OGID="root"
type=PATH msg=audit(1765984294.827:2435): item=1 name="/root/" inode=1048578 dev=08:02 mode=040700 ouid=0 ogid=0 rdev=00:00 nametype=PARENT cap_fp=0 cap_fi=0 cap_fe=0 cap_fver=0 cap_frootid=0OUID="root" OGID="root"
type=PATH msg=audit(1765984294.827:2435): item=2 name="/root/.lesshsQ" inode=1050534 dev=08:02 mode=0100600 ouid=0 ogid=0 rdev=00:00 nametype=DELETE cap_fp=0 cap_fi=0 cap_fe=0 cap_fver=0 cap_frootid=0OUID="root" OGID="root"
type=PATH msg=audit(1765984294.827:2435): item=3 name="/root/.lesshst" inode=1049747 dev=08:02 mode=0100600 ouid=0 ogid=0 rdev=00:00 nametype=DELETE cap_fp=0 cap_fi=0 cap_fe=0 cap_fver=0 cap_frootid=0OUID="root" OGID="root"
type=PATH msg=audit(1765984294.827:2435): item=4 name="/root/.lesshst" inode=1050534 dev=08:02 mode=0100600 ouid=0 ogid=0 rdev=00:00 nametype=CREATE cap_fp=0 cap_fi=0 cap_fe=0 cap_fver=0 cap_frootid=0OUID="root" OGID="root"
type=PROCTITLE msg=audit(1765984294.827:2435): proctitle=6C657373002F7661722F6C6F672F617061636865322F6E657874636C6F75642E6C6F63616C2D6163636573732E6C6F67
type=SYSCALL msg=audit(1765984303.624:2436): arch=c000003e syscall=59 success=yes exit=0 a0=56c4b03b6890 a1=56c4b03c1d00 a2=56c4b0350960 a3=8 items=2 ppid=1284 pid=1680 auid=1000 uid=0 gid=0 euid=0 suid=0 fsuid=0 egid=0 sgid=0 fsgid=0 tty=pts1 ses=1 comm="grep" exe="/usr/bin/grep" subj=unconfined key="T1078_Valid_Accounts"ARCH=x86_64 SYSCALL=execve AUID="vboxuser" UID="root" GID="root" EUID="root" SUID="root" FSUID="root" EGID="root" SGID="root" FSGID="root"
type=EXECVE msg=audit(1765984303.624:2436): argc=3 a0="grep" a1="-q" a2="function"
type=PATH msg=audit(1765984303.624:2436): item=0 name="/usr/bin/grep" inode=1442450 dev=08:02 mode=0100755 ouid=0 ogid=0 rdev=00:00 nametype=NORMAL cap_fp=0 cap_fi=0 cap_fe=0 cap_fver=0 cap_frootid=0OUID="root" OGID="root"
type=PATH msg=audit(1765984303.624:2436): item=1 name="/lib64/ld-linux-x86-64.so.2" inode=1481429 dev=08:02 mode=0100755 ouid=0 ogid=0 rdev=00:00 nametype=NORMAL cap_fp=0 cap_fi=0 cap_fe=0 cap_fver=0 cap_frootid=0OUID="root" OGID="root"
type=PROCTITLE msg=audit(1765984303.624:2436): proctitle=67726570002D710066756E6374696F6E
type=SYSCALL msg=audit(1765984312.972:2437): arch=c000003e syscall=59 success=yes exit=0 a0=56c4b03c3120 a1=56c4b03c26f0 a2=56c4b0350960 a3=56c4b03c5a20 items=2 ppid=1284 pid=1778 auid=1000 uid=0 gid=0 euid=0 suid=0 fsuid=0 egid=0 sgid=0 fsgid=0 tty=pts1 ses=1 comm="vim" exe="/usr/bin/vim.basic" subj=unconfined key="T1078_Valid_Accounts"ARCH=x86_64 SYSCALL=execve AUID="vboxuser" UID="root" GID="root" EUID="root" SUID="root" FSUID="root" EGID="root" SGID="root" FSGID="root"
type=EXECVE msg=audit(1765984312.972:2437): argc=2 a0="vim" a1="/etc/apache2/sites-enabled/nextcloud.conf"
type=PATH msg=audit(1765984312.972:2437): item=0 name="/usr/bin/vim" inode=1483710 dev=08:02 mode=0100755 ouid=0 ogid=0 rdev=00:00 nametype=NORMAL cap_fp=0 cap_fi=0 cap_fe=0 cap_fver=0 cap_frootid=0OUID="root" OGID="root"
type=PATH msg=audit(1765984312.972:2437): item=1 name="/lib64/ld-linux-x86-64.so.2" inode=1481429 dev=08:02 mode=0100755 ouid=0 ogid=0 rdev=00:00 nametype=NORMAL cap_fp=0 cap_fi=0 cap_fe=0 cap_fver=0 cap_frootid=0OUID="root" OGID="root"
type=PROCTITLE msg=audit(1765984312.972:2437): proctitle=76696D002F6574632F617061636865322F73697465732D656E61626C65642F6E657874636C6F75642E636F6E66
type=SYSCALL msg=audit(1765984313.212:2438): arch=c000003e syscall=87 success=yes exit=0 a0=57c16925c370 a1=7ffcf1d887c0 a2=5 a3=180 items=2 ppid=1284 pid=1778 auid=1000 uid=0 gid=0 euid=0 suid=0 fsuid=0 egid=0 sgid=0 fsgid=0 tty=pts1 ses=1 comm="vim" exe="/usr/bin/vim.basic" subj=unconfined key="T1107_File_Deletion"ARCH=x86_64 SYSCALL=unlink AUID="vboxuser" UID="root" GID="root" EUID="root" SUID="root" FSUID="root" EGID="root" SGID="root" FSGID="root"
type=PATH msg=audit(1765984313.212:2438): item=0 name="/etc/apache2/sites-available/" inode=1050469 dev=08:02 mode=040755 ouid=0 ogid=0 rdev=00:00 nametype=PARENT cap_fp=0 cap_fi=0 cap_fe=0 cap_fver=0 cap_frootid=0OUID="root" OGID="root"
type=PATH msg=audit(1765984313.212:2438): item=1 name="/etc/apache2/sites-available/.nextcloud.conf.swx" inode=1051118 dev=08:02 mode=0100600 ouid=0 ogid=0 rdev=00:00 nametype=DELETE cap_fp=0 cap_fi=0 cap_fe=0 cap_fver=0 cap_frootid=0OUID="root" OGID="root"
type=PROCTITLE msg=audit(1765984313.212:2438): proctitle=76696D002F6574632F617061636865322F73697465732D656E61626C65642F6E657874636C6F75642E636F6E66
type=SYSCALL msg=audit(1765984313.212:2439): arch=c000003e syscall=87 success=yes exit=0 a0=57c16925c3b0 a1=7ffcf1d887c0 a2=5 a3=180 items=2 ppid=1284 pid=1778 auid=1000 uid=0 gid=0 euid=0 suid=0 fsuid=0 egid=0 sgid=0 fsgid=0 tty=pts1 ses=1 comm="vim" exe="/usr/bin/vim.basic" subj=unconfined key="T1107_File_Deletion"ARCH=x86_64 SYSCALL=unlink AUID="vboxuser" UID="root" GID="root" EUID="root" SUID="root" FSUID="root" EGID="root" SGID="root" FSGID="root"
type=PATH msg=audit(1765984313.212:2439): item=0 name="/etc/apache2/sites-available/" inode=1050469 dev=08:02 mode=040755 ouid=0 ogid=0 rdev=00:00 nametype=PARENT cap_fp=0 cap_fi=0 cap_fe=0 cap_fver=0 cap_frootid=0OUID="root" OGID="root"
type=PATH msg=audit(1765984313.212:2439): item=1 name="/etc/apache2/sites-available/.nextcloud.conf.swp" inode=1049747 dev=08:02 mode=0100600 ouid=0 ogid=0 rdev=00:00 nametype=DELETE cap_fp=0 cap_fi=0 cap_fe=0 cap_fver=0 cap_frootid=0OUID="root" OGID="root"
type=PROCTITLE msg=audit(1765984313.212:2439): proctitle=76696D002F6574632F617061636865322F73697465732D656E61626C65642F6E657874636C6F75642E636F6E66
type=SYSCALL msg=audit(1765984313.212:2440): arch=c000003e syscall=90 success=yes exit=0 a0=57c16925c3b0 a1=1a4 a2=0 a3=57c12d749c60 items=1 ppid=1284 pid=1778 auid=1000 uid=0 gid=0 euid=0 suid=0 fsuid=0 egid=0 sgid=0 fsgid=0 tty=pts1 ses=1 comm="vim" exe="/usr/bin/vim.basic" subj=unconfined key="T1166_Seuid_and_Setgid"ARCH=x86_64 SYSCALL=chmod AUID="vboxuser" UID="root" GID="root" EUID="root" SUID="root" FSUID="root" EGID="root" SGID="root" FSGID="root"
type=PATH msg=audit(1765984313.212:2440): item=0 name="/etc/apache2/sites-available/.nextcloud.conf.swp" inode=1049747 dev=08:02 mode=0100600 ouid=0 ogid=0 rdev=00:00 nametype=NORMAL cap_fp=0 cap_fi=0 cap_fe=0 cap_fver=0 cap_frootid=0OUID="root" OGID="root"
type=PROCTITLE msg=audit(1765984313.212:2440): proctitle=76696D002F6574632F617061636865322F73697465732D656E61626C65642F6E657874636C6F75642E636F6E66
type=SYSCALL msg=audit(1765984319.320:2441): arch=c000003e syscall=87 success=yes exit=0 a0=57c16925c370 a1=0 a2=0 a3=0 items=2 ppid=1284 pid=1778 auid=1000 uid=0 gid=0 euid=0 suid=0 fsuid=0 egid=0 sgid=0 fsgid=0 tty=pts1 ses=1 comm="vim" exe="/usr/bin/vim.basic" subj=unconfined key="T1107_File_Deletion"ARCH=x86_64 SYSCALL=unlink AUID="vboxuser" UID="root" GID="root" EUID="root" SUID="root" FSUID="root" EGID="root" SGID="root" FSGID="root"
type=PATH msg=audit(1765984319.320:2441): item=0 name="/etc/apache2/sites-available/" inode=1050469 dev=08:02 mode=040755 ouid=0 ogid=0 rdev=00:00 nametype=PARENT cap_fp=0 cap_fi=0 cap_fe=0 cap_fver=0 cap_frootid=0OUID="root" OGID="root"
type=PATH msg=audit(1765984319.320:2441): item=1 name="/etc/apache2/sites-available/.nextcloud.conf.swp" inode=1049747 dev=08:02 mode=0100644 ouid=0 ogid=0 rdev=00:00 nametype=DELETE cap_fp=0 cap_fi=0 cap_fe=0 cap_fver=0 cap_frootid=0OUID="root" OGID="root"
type=PROCTITLE msg=audit(1765984319.320:2441): proctitle=76696D002F6574632F617061636865322F73697465732D656E61626C65642F6E657874636C6F75642E636F6E66
type=SYSCALL msg=audit(1765984319.360:2442): arch=c000003e syscall=87 success=yes exit=0 a0=57c16950c400 a1=0 a2=0 a3=180 items=2 ppid=1284 pid=1778 auid=1000 uid=0 gid=0 euid=0 suid=0 fsuid=0 egid=0 sgid=0 fsgid=0 tty=pts1 ses=1 comm="vim" exe="/usr/bin/vim.basic" subj=unconfined key="T1107_File_Deletion"ARCH=x86_64 SYSCALL=unlink AUID="vboxuser" UID="root" GID="root" EUID="root" SUID="root" FSUID="root" EGID="root" SGID="root" FSGID="root"
type=PATH msg=audit(1765984319.360:2442): item=0 name="/var/www/" inode=659459 dev=08:02 mode=040755 ouid=0 ogid=0 rdev=00:00 nametype=PARENT cap_fp=0 cap_fi=0 cap_fe=0 cap_fver=0 cap_frootid=0OUID="root" OGID="root"
type=PATH msg=audit(1765984319.360:2442): item=1 name="/var/www/.nextcloud.swpx" inode=706891 dev=08:02 mode=0100600 ouid=0 ogid=0 rdev=00:00 nametype=DELETE cap_fp=0 cap_fi=0 cap_fe=0 cap_fver=0 cap_frootid=0OUID="root" OGID="root"
type=PROCTITLE msg=audit(1765984319.360:2442): proctitle=76696D002F6574632F617061636865322F73697465732D656E61626C65642F6E657874636C6F75642E636F6E66
type=SYSCALL msg=audit(1765984319.368:2443): arch=c000003e syscall=87 success=yes exit=0 a0=57c16956fb10 a1=0 a2=0 a3=180 items=2 ppid=1284 pid=1778 auid=1000 uid=0 gid=0 euid=0 suid=0 fsuid=0 egid=0 sgid=0 fsgid=0 tty=pts1 ses=1 comm="vim" exe="/usr/bin/vim.basic" subj=unconfined key="T1107_File_Deletion"ARCH=x86_64 SYSCALL=unlink AUID="vboxuser" UID="root" GID="root" EUID="root" SUID="root" FSUID="root" EGID="root" SGID="root" FSGID="root"
type=PATH msg=audit(1765984319.368:2443): item=0 name="/var/www/" inode=659459 dev=08:02 mode=040755 ouid=0 ogid=0 rdev=00:00 nametype=PARENT cap_fp=0 cap_fi=0 cap_fe=0 cap_fver=0 cap_frootid=0OUID="root" OGID="root"
type=PATH msg=audit(1765984319.368:2443): item=1 name="/var/www/.nextcloud.swp" inode=706890 dev=08:02 mode=0100600 ouid=0 ogid=0 rdev=00:00 nametype=DELETE cap_fp=0 cap_fi=0 cap_fe=0 cap_fver=0 cap_frootid=0OUID="root" OGID="root"
type=PROCTITLE msg=audit(1765984319.368:2443): proctitle=76696D002F6574632F617061636865322F73697465732D656E61626C65642F6E657874636C6F75642E636F6E66
type=SYSCALL msg=audit(1765984319.368:2444): arch=c000003e syscall=87 success=yes exit=0 a0=57c16956fb10 a1=0 a2=0 a3=0 items=2 ppid=1284 pid=1778 auid=1000 uid=0 gid=0 euid=0 suid=0 fsuid=0 egid=0 sgid=0 fsgid=0 tty=pts1 ses=1 comm="vim" exe="/usr/bin/vim.basic" subj=unconfined key="T1107_File_Deletion"ARCH=x86_64 SYSCALL=unlink AUID="vboxuser" UID="root" GID="root" EUID="root" SUID="root" FSUID="root" EGID="root" SGID="root" FSGID="root"
type=PATH msg=audit(1765984319.368:2444): item=0 name="/var/www/" inode=659459 dev=08:02 mode=040755 ouid=0 ogid=0 rdev=00:00 nametype=PARENT cap_fp=0 cap_fi=0 cap_fe=0 cap_fver=0 cap_frootid=0OUID="root" OGID="root"
type=PATH msg=audit(1765984319.368:2444): item=1 name="/var/www/.nextcloud.swp" inode=706890 dev=08:02 mode=0100600 ouid=0 ogid=0 rdev=00:00 nametype=DELETE cap_fp=0 cap_fi=0 cap_fe=0 cap_fver=0 cap_frootid=0OUID="root" OGID="root"
type=PROCTITLE msg=audit(1765984319.368:2444): proctitle=76696D002F6574632F617061636865322F73697465732D656E61626C65642F6E657874636C6F75642E636F6E66
type=SYSCALL msg=audit(1765984326.184:2445): arch=c000003e syscall=87 success=yes exit=0 a0=57c169650130 a1=0 a2=0 a3=180 items=2 ppid=1284 pid=1778 auid=1000 uid=0 gid=0 euid=0 suid=0 fsuid=0 egid=0 sgid=0 fsgid=0 tty=pts1 ses=1 comm="vim" exe="/usr/bin/vim.basic" subj=unconfined key="T1107_File_Deletion"ARCH=x86_64 SYSCALL=unlink AUID="vboxuser" UID="root" GID="root" EUID="root" SUID="root" FSUID="root" EGID="root" SGID="root" FSGID="root"
type=PATH msg=audit(1765984326.184:2445): item=0 name="/var/www/nextcloud/config/" inode=696342 dev=08:02 mode=040755 ouid=33 ogid=33 rdev=00:00 nametype=PARENT cap_fp=0 cap_fi=0 cap_fe=0 cap_fver=0 cap_frootid=0OUID="www-data" OGID="www-data"
type=PATH msg=audit(1765984326.184:2445): item=1 name="/var/www/nextcloud/config/.swpx" inode=706891 dev=08:02 mode=0100600 ouid=0 ogid=0 rdev=00:00 nametype=DELETE cap_fp=0 cap_fi=0 cap_fe=0 cap_fver=0 cap_frootid=0OUID="root" OGID="root"
type=PROCTITLE msg=audit(1765984326.184:2445): proctitle=76696D002F6574632F617061636865322F73697465732D656E61626C65642F6E657874636C6F75642E636F6E66
type=SYSCALL msg=audit(1765984326.184:2446): arch=c000003e syscall=87 success=yes exit=0 a0=57c16957a130 a1=0 a2=0 a3=180 items=2 ppid=1284 pid=1778 auid=1000 uid=0 gid=0 euid=0 suid=0 fsuid=0 egid=0 sgid=0 fsgid=0 tty=pts1 ses=1 comm="vim" exe="/usr/bin/vim.basic" subj=unconfined key="T1107_File_Deletion"ARCH=x86_64 SYSCALL=unlink AUID="vboxuser" UID="root" GID="root" EUID="root" SUID="root" FSUID="root" EGID="root" SGID="root" FSGID="root"
type=PATH msg=audit(1765984326.184:2446): item=0 name="/var/www/nextcloud/config/" inode=696342 dev=08:02 mode=040755 ouid=33 ogid=33 rdev=00:00 nametype=PARENT cap_fp=0 cap_fi=0 cap_fe=0 cap_fver=0 cap_frootid=0OUID="www-data" OGID="www-data"
type=PATH msg=audit(1765984326.184:2446): item=1 name="/var/www/nextcloud/config/.swp" inode=706890 dev=08:02 mode=0100600 ouid=0 ogid=0 rdev=00:00 nametype=DELETE cap_fp=0 cap_fi=0 cap_fe=0 cap_fver=0 cap_frootid=0OUID="root" OGID="root"
type=PROCTITLE msg=audit(1765984326.184:2446): proctitle=76696D002F6574632F617061636865322F73697465732D656E61626C65642F6E657874636C6F75642E636F6E66
type=SYSCALL msg=audit(1765984326.187:2447): arch=c000003e syscall=87 success=yes exit=0 a0=57c16957a130 a1=0 a2=0 a3=0 items=2 ppid=1284 pid=1778 auid=1000 uid=0 gid=0 euid=0 suid=0 fsuid=0 egid=0 sgid=0 fsgid=0 tty=pts1 ses=1 comm="vim" exe="/usr/bin/vim.basic" subj=unconfined key="T1107_File_Deletion"ARCH=x86_64 SYSCALL=unlink AUID="vboxuser" UID="root" GID="root" EUID="root" SUID="root" FSUID="root" EGID="root" SGID="root" FSGID="root"
type=PATH msg=audit(1765984326.187:2447): item=0 name="/var/www/nextcloud/config/" inode=696342 dev=08:02 mode=040755 ouid=33 ogid=33 rdev=00:00 nametype=PARENT cap_fp=0 cap_fi=0 cap_fe=0 cap_fver=0 cap_frootid=0OUID="www-data" OGID="www-data"
type=PATH msg=audit(1765984326.187:2447): item=1 name="/var/www/nextcloud/config/.swp" inode=706890 dev=08:02 mode=0100600 ouid=0 ogid=0 rdev=00:00 nametype=DELETE cap_fp=0 cap_fi=0 cap_fe=0 cap_fver=0 cap_frootid=0OUID="root" OGID="root"
type=PROCTITLE msg=audit(1765984326.187:2447): proctitle=76696D002F6574632F617061636865322F73697465732D656E61626C65642F6E657874636C6F75642E636F6E66
type=SYSCALL msg=audit(1765984332.032:2448): arch=c000003e syscall=87 success=yes exit=0 a0=57c169545a10 a1=0 a2=0 a3=180 items=2 ppid=1284 pid=1778 auid=1000 uid=0 gid=0 euid=0 suid=0 fsuid=0 egid=0 sgid=0 fsgid=0 tty=pts1 ses=1 comm="vim" exe="/usr/bin/vim.basic" subj=unconfined key="T1107_File_Deletion"ARCH=x86_64 SYSCALL=unlink AUID="vboxuser" UID="root" GID="root" EUID="root" SUID="root" FSUID="root" EGID="root" SGID="root" FSGID="root"
type=PATH msg=audit(1765984332.032:2448): item=0 name="/var/www/nextcloud/config/" inode=696342 dev=08:02 mode=040755 ouid=33 ogid=33 rdev=00:00 nametype=PARENT cap_fp=0 cap_fi=0 cap_fe=0 cap_fver=0 cap_frootid=0OUID="www-data" OGID="www-data"
type=PATH msg=audit(1765984332.032:2448): item=1 name="/var/www/nextcloud/config/.config.php.swx" inode=706891 dev=08:02 mode=0100600 ouid=0 ogid=0 rdev=00:00 nametype=DELETE cap_fp=0 cap_fi=0 cap_fe=0 cap_fver=0 cap_frootid=0OUID="root" OGID="root"
type=PROCTITLE msg=audit(1765984332.032:2448): proctitle=76696D002F6574632F617061636865322F73697465732D656E61626C65642F6E657874636C6F75642E636F6E66
type=SYSCALL msg=audit(1765984332.039:2449): arch=c000003e syscall=87 success=yes exit=0 a0=57c169550730 a1=0 a2=0 a3=180 items=2 ppid=1284 pid=1778 auid=1000 uid=0 gid=0 euid=0 suid=0 fsuid=0 egid=0 sgid=0 fsgid=0 tty=pts1 ses=1 comm="vim" exe="/usr/bin/vim.basic" subj=unconfined key="T1107_File_Deletion"ARCH=x86_64 SYSCALL=unlink AUID="vboxuser" UID="root" GID="root" EUID="root" SUID="root" FSUID="root" EGID="root" SGID="root" FSGID="root"
type=PATH msg=audit(1765984332.039:2449): item=0 name="/var/www/nextcloud/config/" inode=696342 dev=08:02 mode=040755 ouid=33 ogid=33 rdev=00:00 nametype=PARENT cap_fp=0 cap_fi=0 cap_fe=0 cap_fver=0 cap_frootid=0OUID="www-data" OGID="www-data"
type=PATH msg=audit(1765984332.039:2449): item=1 name="/var/www/nextcloud/config/.config.php.swp" inode=706890 dev=08:02 mode=0100600 ouid=0 ogid=0 rdev=00:00 nametype=DELETE cap_fp=0 cap_fi=0 cap_fe=0 cap_fver=0 cap_frootid=0OUID="root" OGID="root"
type=PROCTITLE msg=audit(1765984332.039:2449): proctitle=76696D002F6574632F617061636865322F73697465732D656E61626C65642F6E657874636C6F75642E636F6E66
type=SYSCALL msg=audit(1765984332.039:2450): arch=c000003e syscall=93 success=yes exit=0 a0=4 a1=ffffffff a2=21 a3=0 items=1 ppid=1284 pid=1778 auid=1000 uid=0 gid=0 euid=0 suid=0 fsuid=0 egid=0 sgid=0 fsgid=0 tty=pts1 ses=1 comm="vim" exe="/usr/bin/vim.basic" subj=unconfined key="T1166_Seuid_and_Setgid"ARCH=x86_64 SYSCALL=fchown AUID="vboxuser" UID="root" GID="root" EUID="root" SUID="root" FSUID="root" EGID="root" SGID="root" FSGID="root"
type=PATH msg=audit(1765984332.039:2450): item=0 name=(null) inode=706890 dev=08:02 mode=0100600 ouid=0 ogid=0 rdev=00:00 nametype=NORMAL cap_fp=0 cap_fi=0 cap_fe=0 cap_fver=0 cap_frootid=0OUID="root" OGID="root"
type=PROCTITLE msg=audit(1765984332.039:2450): proctitle=76696D002F6574632F617061636865322F73697465732D656E61626C65642F6E657874636C6F75642E636F6E66
type=SYSCALL msg=audit(1765984332.039:2451): arch=c000003e syscall=90 success=yes exit=0 a0=57c169550730 a1=1a0 a2=21 a3=0 items=1 ppid=1284 pid=1778 auid=1000 uid=0 gid=0 euid=0 suid=0 fsuid=0 egid=0 sgid=0 fsgid=0 tty=pts1 ses=1 comm="vim" exe="/usr/bin/vim.basic" subj=unconfined key="T1166_Seuid_and_Setgid"ARCH=x86_64 SYSCALL=chmod AUID="vboxuser" UID="root" GID="root" EUID="root" SUID="root" FSUID="root" EGID="root" SGID="root" FSGID="root"
type=PATH msg=audit(1765984332.039:2451): item=0 name="/var/www/nextcloud/config/.config.php.swp" inode=706890 dev=08:02 mode=0100600 ouid=0 ogid=33 rdev=00:00 nametype=NORMAL cap_fp=0 cap_fi=0 cap_fe=0 cap_fver=0 cap_frootid=0OUID="root" OGID="www-data"
type=PROCTITLE msg=audit(1765984332.039:2451): proctitle=76696D002F6574632F617061636865322F73697465732D656E61626C65642F6E657874636C6F75642E636F6E66
type=SYSCALL msg=audit(1765984371.233:2452): arch=c000003e syscall=87 success=yes exit=0 a0=57c16956f680 a1=57c16956f680 a2=7ffcf1d87640 a3=0 items=2 ppid=1284 pid=1778 auid=1000 uid=0 gid=0 euid=0 suid=0 fsuid=0 egid=0 sgid=0 fsgid=0 tty=pts1 ses=1 comm="vim" exe="/usr/bin/vim.basic" subj=unconfined key="T1107_File_Deletion"ARCH=x86_64 SYSCALL=unlink AUID="vboxuser" UID="root" GID="root" EUID="root" SUID="root" FSUID="root" EGID="root" SGID="root" FSGID="root"
type=PATH msg=audit(1765984371.233:2452): item=0 name="/root/" inode=1048578 dev=08:02 mode=040700 ouid=0 ogid=0 rdev=00:00 nametype=PARENT cap_fp=0 cap_fi=0 cap_fe=0 cap_fver=0 cap_frootid=0OUID="root" OGID="root"
type=PATH msg=audit(1765984371.233:2452): item=1 name="/root/.viminfo" inode=1051134 dev=08:02 mode=0100600 ouid=0 ogid=0 rdev=00:00 nametype=DELETE cap_fp=0 cap_fi=0 cap_fe=0 cap_fver=0 cap_frootid=0OUID="root" OGID="root"
type=PROCTITLE msg=audit(1765984371.233:2452): proctitle=76696D002F6574632F617061636865322F73697465732D656E61626C65642F6E657874636C6F75642E636F6E66
type=SYSCALL msg=audit(1765984371.233:2453): arch=c000003e syscall=82 success=yes exit=0 a0=57c169662f00 a1=57c16956f680 a2=7ffcf1d87640 a3=0 items=4 ppid=1284 pid=1778 auid=1000 uid=0 gid=0 euid=0 suid=0 fsuid=0 egid=0 sgid=0 fsgid=0 tty=pts1 ses=1 comm="vim" exe="/usr/bin/vim.basic" subj=unconfined key="T1107_File_Deletion"ARCH=x86_64 SYSCALL=rename AUID="vboxuser" UID="root" GID="root" EUID="root" SUID="root" FSUID="root" EGID="root" SGID="root" FSGID="root"
type=PATH msg=audit(1765984371.233:2453): item=0 name="/root/" inode=1048578 dev=08:02 mode=040700 ouid=0 ogid=0 rdev=00:00 nametype=PARENT cap_fp=0 cap_fi=0 cap_fe=0 cap_fver=0 cap_frootid=0OUID="root" OGID="root"
type=PATH msg=audit(1765984371.233:2453): item=1 name="/root/" inode=1048578 dev=08:02 mode=040700 ouid=0 ogid=0 rdev=00:00 nametype=PARENT cap_fp=0 cap_fi=0 cap_fe=0 cap_fver=0 cap_frootid=0OUID="root" OGID="root"
type=PATH msg=audit(1765984371.233:2453): item=2 name="/root/.viminfo.tmp" inode=1051118 dev=08:02 mode=0100600 ouid=0 ogid=0 rdev=00:00 nametype=DELETE cap_fp=0 cap_fi=0 cap_fe=0 cap_fver=0 cap_frootid=0OUID="root" OGID="root"
type=PATH msg=audit(1765984371.233:2453): item=3 name="/root/.viminfo" inode=1051118 dev=08:02 mode=0100600 ouid=0 ogid=0 rdev=00:00 nametype=CREATE cap_fp=0 cap_fi=0 cap_fe=0 cap_fver=0 cap_frootid=0OUID="root" OGID="root"
type=PROCTITLE msg=audit(1765984371.233:2453): proctitle=76696D002F6574632F617061636865322F73697465732D656E61626C65642F6E657874636C6F75642E636F6E66
type=SYSCALL msg=audit(1765984371.287:2454): arch=c000003e syscall=87 success=yes exit=0 a0=57c169545a10 a1=0 a2=0 a3=57c12d749c60 items=2 ppid=1284 pid=1778 auid=1000 uid=0 gid=0 euid=0 suid=0 fsuid=0 egid=0 sgid=0 fsgid=0 tty=pts1 ses=1 comm="vim" exe="/usr/bin/vim.basic" subj=unconfined key="T1107_File_Deletion"ARCH=x86_64 SYSCALL=unlink AUID="vboxuser" UID="root" GID="root" EUID="root" SUID="root" FSUID="root" EGID="root" SGID="root" FSGID="root"
type=PATH msg=audit(1765984371.287:2454): item=0 name="/var/www/nextcloud/config/" inode=696342 dev=08:02 mode=040755 ouid=33 ogid=33 rdev=00:00 nametype=PARENT cap_fp=0 cap_fi=0 cap_fe=0 cap_fver=0 cap_frootid=0OUID="www-data" OGID="www-data"
type=PATH msg=audit(1765984371.287:2454): item=1 name="/var/www/nextcloud/config/.config.php.swp" inode=706890 dev=08:02 mode=0100640 ouid=0 ogid=33 rdev=00:00 nametype=DELETE cap_fp=0 cap_fi=0 cap_fe=0 cap_fver=0 cap_frootid=0OUID="root" OGID="www-data"
type=PROCTITLE msg=audit(1765984371.287:2454): proctitle=76696D002F6574632F617061636865322F73697465732D656E61626C65642F6E657874636C6F75642E636F6E66
type=SYSCALL msg=audit(1765984406.878:2455): arch=c000003e syscall=59 success=yes exit=0 a0=56c4b03c8940 a1=56c4b03c9a70 a2=56c4b0350960 a3=56c4b03c0c20 items=2 ppid=1284 pid=1790 auid=1000 uid=0 gid=0 euid=0 suid=0 fsuid=0 egid=0 sgid=0 fsgid=0 tty=pts1 ses=1 comm="ls" exe="/usr/bin/ls" subj=unconfined key="T1078_Valid_Accounts"ARCH=x86_64 SYSCALL=execve AUID="vboxuser" UID="root" GID="root" EUID="root" SUID="root" FSUID="root" EGID="root" SGID="root" FSGID="root"
type=EXECVE msg=audit(1765984406.878:2455): argc=3 a0="ls" a1="--color=auto" a2="-ltr"
type=PATH msg=audit(1765984406.878:2455): item=0 name="/usr/bin/ls" inode=1442533 dev=08:02 mode=0100755 ouid=0 ogid=0 rdev=00:00 nametype=NORMAL cap_fp=0 cap_fi=0 cap_fe=0 cap_fver=0 cap_frootid=0OUID="root" OGID="root"
type=PATH msg=audit(1765984406.878:2455): item=1 name="/lib64/ld-linux-x86-64.so.2" inode=1481429 dev=08:02 mode=0100755 ouid=0 ogid=0 rdev=00:00 nametype=NORMAL cap_fp=0 cap_fi=0 cap_fe=0 cap_fver=0 cap_frootid=0OUID="root" OGID="root"
type=PROCTITLE msg=audit(1765984406.878:2455): proctitle=6C73002D2D636F6C6F723D6175746F002D6C7472
type=SYSCALL msg=audit(1765984420.245:2456): arch=c000003e syscall=59 success=yes exit=0 a0=56c4b03cb0a0 a1=56c4b03c4f40 a2=56c4b0350960 a3=56c4b03c4f40 items=2 ppid=1284 pid=1795 auid=1000 uid=0 gid=0 euid=0 suid=0 fsuid=0 egid=0 sgid=0 fsgid=0 tty=pts1 ses=1 comm="less" exe="/usr/bin/less" subj=unconfined key="T1078_Valid_Accounts"ARCH=x86_64 SYSCALL=execve AUID="vboxuser" UID="root" GID="root" EUID="root" SUID="root" FSUID="root" EGID="root" SGID="root" FSGID="root"
type=EXECVE msg=audit(1765984420.245:2456): argc=2 a0="less" a1="error.log.1"
type=PATH msg=audit(1765984420.245:2456): item=0 name="/usr/bin/less" inode=1442509 dev=08:02 mode=0100755 ouid=0 ogid=0 rdev=00:00 nametype=NORMAL cap_fp=0 cap_fi=0 cap_fe=0 cap_fver=0 cap_frootid=0OUID="root" OGID="root"
type=PATH msg=audit(1765984420.245:2456): item=1 name="/lib64/ld-linux-x86-64.so.2" inode=1481429 dev=08:02 mode=0100755 ouid=0 ogid=0 rdev=00:00 nametype=NORMAL cap_fp=0 cap_fi=0 cap_fe=0 cap_fver=0 cap_frootid=0OUID="root" OGID="root"
type=PROCTITLE msg=audit(1765984420.245:2456): proctitle=6C657373006572726F722E6C6F672E31
type=SYSCALL msg=audit(1765984420.253:2457): arch=c000003e syscall=59 success=yes exit=0 a0=714f7fdcb42f a1=7ffd6c90b8b0 a2=7ffd6c90be20 a3=8 items=2 ppid=1795 pid=1796 auid=1000 uid=0 gid=0 euid=0 suid=0 fsuid=0 egid=0 sgid=0 fsgid=0 tty=pts1 ses=1 comm="sh" exe="/usr/bin/dash" subj=unconfined key="T1078_Valid_Accounts"ARCH=x86_64 SYSCALL=execve AUID="vboxuser" UID="root" GID="root" EUID="root" SUID="root" FSUID="root" EGID="root" SGID="root" FSGID="root"
type=EXECVE msg=audit(1765984420.253:2457): argc=4 a0="sh" a1="-c" a2="--" a3=2F62696E2F62617368202D63205C202F7573722F62696E2F6C657373706970655C206572726F722E6C6F672E31
type=PATH msg=audit(1765984420.253:2457): item=0 name="/bin/sh" inode=1442345 dev=08:02 mode=0100755 ouid=0 ogid=0 rdev=00:00 nametype=NORMAL cap_fp=0 cap_fi=0 cap_fe=0 cap_fver=0 cap_frootid=0OUID="root" OGID="root"
type=PATH msg=audit(1765984420.253:2457): item=1 name="/lib64/ld-linux-x86-64.so.2" inode=1481429 dev=08:02 mode=0100755 ouid=0 ogid=0 rdev=00:00 nametype=NORMAL cap_fp=0 cap_fi=0 cap_fe=0 cap_fver=0 cap_frootid=0OUID="root" OGID="root"
type=PROCTITLE msg=audit(1765984420.253:2457): proctitle=7368002D63002D2D002F62696E2F62617368202D63205C202F7573722F62696E2F6C657373706970655C206572726F722E6C6F672E31
type=SYSCALL msg=audit(1765984420.260:2458): arch=c000003e syscall=59 success=yes exit=0 a0=60b6795b5598 a1=60b6795b5610 a2=60b6b83937d8 a3=1 items=2 ppid=1796 pid=1797 auid=1000 uid=0 gid=0 euid=0 suid=0 fsuid=0 egid=0 sgid=0 fsgid=0 tty=pts1 ses=1 comm="bash" exe="/usr/bin/bash" subj=unconfined key="T1078_Valid_Accounts"ARCH=x86_64 SYSCALL=execve AUID="vboxuser" UID="root" GID="root" EUID="root" SUID="root" FSUID="root" EGID="root" SGID="root" FSGID="root"
type=EXECVE msg=audit(1765984420.260:2458): argc=3 a0="/bin/bash" a1="-c" a2=202F7573722F62696E2F6C65737370697065206572726F722E6C6F672E31
type=PATH msg=audit(1765984420.260:2458): item=0 name="/bin/bash" inode=1442260 dev=08:02 mode=0100755 ouid=0 ogid=0 rdev=00:00 nametype=NORMAL cap_fp=0 cap_fi=0 cap_fe=0 cap_fver=0 cap_frootid=0OUID="root" OGID="root"
type=PATH msg=audit(1765984420.260:2458): item=1 name="/lib64/ld-linux-x86-64.so.2" inode=1481429 dev=08:02 mode=0100755 ouid=0 ogid=0 rdev=00:00 nametype=NORMAL cap_fp=0 cap_fi=0 cap_fe=0 cap_fver=0 cap_frootid=0OUID="root" OGID="root"
type=PROCTITLE msg=audit(1765984420.260:2458): proctitle=2F62696E2F62617368002D6300202F7573722F62696E2F6C65737370697065206572726F722E6C6F672E31
type=SYSCALL msg=audit(1765984420.267:2459): arch=c000003e syscall=59 success=yes exit=0 a0=61ff13903560 a1=61ff13901b70 a2=61ff13900dd0 a3=8 items=3 ppid=1796 pid=1797 auid=1000 uid=0 gid=0 euid=0 suid=0 fsuid=0 egid=0 sgid=0 fsgid=0 tty=pts1 ses=1 comm="lesspipe" exe="/usr/bin/dash" subj=unconfined key="T1078_Valid_Accounts"ARCH=x86_64 SYSCALL=execve AUID="vboxuser" UID="root" GID="root" EUID="root" SUID="root" FSUID="root" EGID="root" SGID="root" FSGID="root"
type=EXECVE msg=audit(1765984420.267:2459): argc=3 a0="/bin/sh" a1="/usr/bin/lesspipe" a2="error.log.1"
type=PATH msg=audit(1765984420.267:2459): item=0 name="/usr/bin/lesspipe" inode=1442512 dev=08:02 mode=0100755 ouid=0 ogid=0 rdev=00:00 nametype=NORMAL cap_fp=0 cap_fi=0 cap_fe=0 cap_fver=0 cap_frootid=0OUID="root" OGID="root"
type=PATH msg=audit(1765984420.267:2459): item=1 name="/bin/sh" inode=1442345 dev=08:02 mode=0100755 ouid=0 ogid=0 rdev=00:00 nametype=NORMAL cap_fp=0 cap_fi=0 cap_fe=0 cap_fver=0 cap_frootid=0OUID="root" OGID="root"
type=PATH msg=audit(1765984420.267:2459): item=2 name="/lib64/ld-linux-x86-64.so.2" inode=1481429 dev=08:02 mode=0100755 ouid=0 ogid=0 rdev=00:00 nametype=NORMAL cap_fp=0 cap_fi=0 cap_fe=0 cap_fver=0 cap_frootid=0OUID="root" OGID="root"
type=PROCTITLE msg=audit(1765984420.267:2459): proctitle=2F62696E2F62617368002D6300202F7573722F62696E2F6C65737370697065206572726F722E6C6F672E31
type=SYSCALL msg=audit(1765984420.276:2460): arch=c000003e syscall=59 success=yes exit=0 a0=5c1b2d562950 a1=5c1afca25600 a2=5c1b2d5628a8 a3=1 items=2 ppid=1797 pid=1798 auid=1000 uid=0 gid=0 euid=0 suid=0 fsuid=0 egid=0 sgid=0 fsgid=0 tty=pts1 ses=1 comm="basename" exe="/usr/bin/basename" subj=unconfined key="T1078_Valid_Accounts"ARCH=x86_64 SYSCALL=execve AUID="vboxuser" UID="root" GID="root" EUID="root" SUID="root" FSUID="root" EGID="root" SGID="root" FSGID="root"
type=EXECVE msg=audit(1765984420.276:2460): argc=2 a0="basename" a1="/usr/bin/lesspipe"
type=PATH msg=audit(1765984420.276:2460): item=0 name="/usr/bin/basename" inode=1442258 dev=08:02 mode=0100755 ouid=0 ogid=0 rdev=00:00 nametype=NORMAL cap_fp=0 cap_fi=0 cap_fe=0 cap_fver=0 cap_frootid=0OUID="root" OGID="root"
type=PATH msg=audit(1765984420.276:2460): item=1 name="/lib64/ld-linux-x86-64.so.2" inode=1481429 dev=08:02 mode=0100755 ouid=0 ogid=0 rdev=00:00 nametype=NORMAL cap_fp=0 cap_fi=0 cap_fe=0 cap_fver=0 cap_frootid=0OUID="root" OGID="root"
type=PROCTITLE msg=audit(1765984420.276:2460): proctitle=626173656E616D65002F7573722F62696E2F6C65737370697065
type=SYSCALL msg=audit(1765984420.284:2461): arch=c000003e syscall=59 success=yes exit=0 a0=5c1b2d56e8e8 a1=5c1b2d56e820 a2=5c1b2d56e840 a3=5c1b2d56ea40 items=2 ppid=1800 pid=1802 auid=1000 uid=0 gid=0 euid=0 suid=0 fsuid=0 egid=0 sgid=0 fsgid=0 tty=pts1 ses=1 comm="tr" exe="/usr/bin/tr" subj=unconfined key="T1078_Valid_Accounts"ARCH=x86_64 SYSCALL=execve AUID="vboxuser" UID="root" GID="root" EUID="root" SUID="root" FSUID="root" EGID="root" SGID="root" FSGID="root"
type=EXECVE msg=audit(1765984420.284:2461): argc=3 a0="tr" a1="[:upper:]" a2="[:lower:]"
type=PATH msg=audit(1765984420.284:2461): item=0 name="/usr/bin/tr" inode=1442926 dev=08:02 mode=0100755 ouid=0 ogid=0 rdev=00:00 nametype=NORMAL cap_fp=0 cap_fi=0 cap_fe=0 cap_fver=0 cap_frootid=0OUID="root" OGID="root"
type=PATH msg=audit(1765984420.284:2461): item=1 name="/lib64/ld-linux-x86-64.so.2" inode=1481429 dev=08:02 mode=0100755 ouid=0 ogid=0 rdev=00:00 nametype=NORMAL cap_fp=0 cap_fi=0 cap_fe=0 cap_fver=0 cap_frootid=0OUID="root" OGID="root"
type=PROCTITLE msg=audit(1765984420.284:2461): proctitle=7472005B3A75707065723A5D005B3A6C6F7765723A5D
type=SYSCALL msg=audit(1765984437.066:2462): arch=c000003e syscall=91 success=yes exit=0 a0=4 a1=180 a2=0 a3=1b6 items=1 ppid=1284 pid=1795 auid=1000 uid=0 gid=0 euid=0 suid=0 fsuid=0 egid=0 sgid=0 fsgid=0 tty=pts1 ses=1 comm="less" exe="/usr/bin/less" subj=unconfined key="T1166_Seuid_and_Setgid"ARCH=x86_64 SYSCALL=fchmod AUID="vboxuser" UID="root" GID="root" EUID="root" SUID="root" FSUID="root" EGID="root" SGID="root" FSGID="root"
type=PATH msg=audit(1765984437.066:2462): item=0 name=(null) inode=1051135 dev=08:02 mode=0100644 ouid=0 ogid=0 rdev=00:00 nametype=NORMAL cap_fp=0 cap_fi=0 cap_fe=0 cap_fver=0 cap_frootid=0OUID="root" OGID="root"
type=PROCTITLE msg=audit(1765984437.066:2462): proctitle=6C657373006572726F722E6C6F672E31
type=SYSCALL msg=audit(1765984437.066:2463): arch=c000003e syscall=82 success=yes exit=0 a0=5594a2eb8af0 a1=5594a2eb8ad0 a2=5591fba1b5ee a3=5594a2eae320 items=5 ppid=1284 pid=1795 auid=1000 uid=0 gid=0 euid=0 suid=0 fsuid=0 egid=0 sgid=0 fsgid=0 tty=pts1 ses=1 comm="less" exe="/usr/bin/less" subj=unconfined key="T1107_File_Deletion"ARCH=x86_64 SYSCALL=rename AUID="vboxuser" UID="root" GID="root" EUID="root" SUID="root" FSUID="root" EGID="root" SGID="root" FSGID="root"
type=PATH msg=audit(1765984437.066:2463): item=0 name="/root/" inode=1048578 dev=08:02 mode=040700 ouid=0 ogid=0 rdev=00:00 nametype=PARENT cap_fp=0 cap_fi=0 cap_fe=0 cap_fver=0 cap_frootid=0OUID="root" OGID="root"
type=PATH msg=audit(1765984437.066:2463): item=1 name="/root/" inode=1048578 dev=08:02 mode=040700 ouid=0 ogid=0 rdev=00:00 nametype=PARENT cap_fp=0 cap_fi=0 cap_fe=0 cap_fver=0 cap_frootid=0OUID="root" OGID="root"
type=PATH msg=audit(1765984437.066:2463): item=2 name="/root/.lesshsQ" inode=1051135 dev=08:02 mode=0100600 ouid=0 ogid=0 rdev=00:00 nametype=DELETE cap_fp=0 cap_fi=0 cap_fe=0 cap_fver=0 cap_frootid=0OUID="root" OGID="root"
type=PATH msg=audit(1765984437.066:2463): item=3 name="/root/.lesshst" inode=1050534 dev=08:02 mode=0100600 ouid=0 ogid=0 rdev=00:00 nametype=DELETE cap_fp=0 cap_fi=0 cap_fe=0 cap_fver=0 cap_frootid=0OUID="root" OGID="root"
type=PATH msg=audit(1765984437.066:2463): item=4 name="/root/.lesshst" inode=1051135 dev=08:02 mode=0100600 ouid=0 ogid=0 rdev=00:00 nametype=CREATE cap_fp=0 cap_fi=0 cap_fe=0 cap_fver=0 cap_frootid=0OUID="root" OGID="root"
type=PROCTITLE msg=audit(1765984437.066:2463): proctitle=6C657373006572726F722E6C6F672E31
type=SYSCALL msg=audit(1765984501.173:2464): arch=c000003e syscall=257 success=yes exit=7 a0=ffffff9c a1=7f6f15bcf347 a2=80000 a3=0 items=1 ppid=792 pid=1803 auid=4294967295 uid=0 gid=0 euid=0 suid=0 fsuid=0 egid=0 sgid=0 fsgid=0 tty=(none) ses=4294967295 comm="cron" exe="/usr/sbin/cron" subj=unconfined key="T1087_Account_Discovery"ARCH=x86_64 SYSCALL=openat AUID="unset" UID="root" GID="root" EUID="root" SUID="root" FSUID="root" EGID="root" SGID="root" FSGID="root"
type=PATH msg=audit(1765984501.173:2464): item=0 name="/etc/shadow" inode=1050300 dev=08:02 mode=0100640 ouid=0 ogid=42 rdev=00:00 nametype=NORMAL cap_fp=0 cap_fi=0 cap_fe=0 cap_fver=0 cap_frootid=0OUID="root" OGID="shadow"
type=PROCTITLE msg=audit(1765984501.173:2464): proctitle=2F7573722F7362696E2F43524F4E002D66002D50
type=USER_ACCT msg=audit(1765984501.176:2465): pid=1803 uid=0 auid=4294967295 ses=4294967295 subj=unconfined msg='op=PAM:accounting grantors=pam_permit acct="root" exe="/usr/sbin/cron" hostname=? addr=? terminal=cron res=success'UID="root" AUID="unset"
type=CRED_ACQ msg=audit(1765984501.176:2466): pid=1803 uid=0 auid=4294967295 ses=4294967295 subj=unconfined msg='op=PAM:setcred grantors=pam_permit,pam_cap acct="root" exe="/usr/sbin/cron" hostname=? addr=? terminal=cron res=success'UID="root" AUID="unset"
type=LOGIN msg=audit(1765984501.176:2467): pid=1803 uid=0 subj=unconfined old-auid=4294967295 auid=0 tty=(none) old-ses=4294967295 ses=7 res=1UID="root" OLD-AUID="unset" AUID="root"
type=SYSCALL msg=audit(1765984501.176:2467): arch=c000003e syscall=1 success=yes exit=1 a0=7 a1=7fff519ae230 a2=1 a3=0 items=0 ppid=792 pid=1803 auid=0 uid=0 gid=0 euid=0 suid=0 fsuid=0 egid=0 sgid=0 fsgid=0 tty=(none) ses=7 comm="cron" exe="/usr/sbin/cron" subj=unconfined key=(null)ARCH=x86_64 SYSCALL=write AUID="root" UID="root" GID="root" EUID="root" SUID="root" FSUID="root" EGID="root" SGID="root" FSGID="root"
type=PROCTITLE msg=audit(1765984501.176:2467): proctitle=2F7573722F7362696E2F43524F4E002D66002D50
type=USER_START msg=audit(1765984501.176:2468): pid=1803 uid=0 auid=0 ses=7 subj=unconfined msg='op=PAM:session_open grantors=pam_loginuid,pam_env,pam_env,pam_permit,pam_umask,pam_unix,pam_limits acct="root" exe="/usr/sbin/cron" hostname=? addr=? terminal=cron res=success'UID="root" AUID="root"
type=SYSCALL msg=audit(1765984501.179:2469): arch=c000003e syscall=106 success=yes exit=0 a0=0 a1=5945ebb36900 a2=59407fea1d46 a3=5945ebb36910 items=0 ppid=1803 pid=1804 auid=0 uid=0 gid=0 euid=0 suid=0 fsuid=0 egid=0 sgid=0 fsgid=0 tty=(none) ses=7 comm="cron" exe="/usr/sbin/cron" subj=unconfined key="T1166_Seuid_and_Setgid"ARCH=x86_64 SYSCALL=setgid AUID="root" UID="root" GID="root" EUID="root" SUID="root" FSUID="root" EGID="root" SGID="root" FSGID="root"
type=PROCTITLE msg=audit(1765984501.179:2469): proctitle=2F7573722F7362696E2F43524F4E002D66002D50
type=CRED_REFR msg=audit(1765984501.180:2470): pid=1804 uid=0 auid=0 ses=7 subj=unconfined msg='op=PAM:setcred grantors=pam_permit,pam_cap acct="root" exe="/usr/sbin/cron" hostname=? addr=? terminal=cron res=success'UID="root" AUID="root"
type=SYSCALL msg=audit(1765984501.181:2471): arch=c000003e syscall=105 success=yes exit=0 a0=0 a1=5945ebb425e0 a2=59407fea9e92 a3=5945ebb425f0 items=0 ppid=1803 pid=1804 auid=0 uid=0 gid=0 euid=0 suid=0 fsuid=0 egid=0 sgid=0 fsgid=0 tty=(none) ses=7 comm="cron" exe="/usr/sbin/cron" subj=unconfined key="T1166_Seuid_and_Setgid"ARCH=x86_64 SYSCALL=setuid AUID="root" UID="root" GID="root" EUID="root" SUID="root" FSUID="root" EGID="root" SGID="root" FSGID="root"
type=PROCTITLE msg=audit(1765984501.181:2471): proctitle=2F7573722F7362696E2F43524F4E002D66002D50
type=SYSCALL msg=audit(1765984501.181:2472): arch=c000003e syscall=59 success=yes exit=0 a0=5945ebb425d6 a1=7fff519ae2e0 a2=5945ebb500b0 a3=5945ebb425d6 items=2 ppid=1803 pid=1804 auid=0 uid=0 gid=0 euid=0 suid=0 fsuid=0 egid=0 sgid=0 fsgid=0 tty=(none) ses=7 comm="sh" exe="/usr/bin/dash" subj=unconfined key="T1078_Valid_Accounts"ARCH=x86_64 SYSCALL=execve AUID="root" UID="root" GID="root" EUID="root" SUID="root" FSUID="root" EGID="root" SGID="root" FSGID="root"
type=EXECVE msg=audit(1765984501.181:2472): argc=3 a0="/bin/sh" a1="-c" a2=636F6D6D616E64202D762064656269616E2D736131203E202F6465762F6E756C6C2026262064656269616E2D73613120312031
type=PATH msg=audit(1765984501.181:2472): item=0 name="/bin/sh" inode=1442345 dev=08:02 mode=0100755 ouid=0 ogid=0 rdev=00:00 nametype=NORMAL cap_fp=0 cap_fi=0 cap_fe=0 cap_fver=0 cap_frootid=0OUID="root" OGID="root"
type=PATH msg=audit(1765984501.181:2472): item=1 name="/lib64/ld-linux-x86-64.so.2" inode=1481429 dev=08:02 mode=0100755 ouid=0 ogid=0 rdev=00:00 nametype=NORMAL cap_fp=0 cap_fi=0 cap_fe=0 cap_fver=0 cap_frootid=0OUID="root" OGID="root"
type=PROCTITLE msg=audit(1765984501.181:2472): proctitle=2F7573722F7362696E2F43524F4E002D66002D50
type=SYSCALL msg=audit(1765984501.186:2473): arch=c000003e syscall=59 success=yes exit=0 a0=63dee60d4538 a1=63dee60d44e0 a2=63dee60d4500 a3=8 items=3 ppid=1804 pid=1805 auid=0 uid=0 gid=0 euid=0 suid=0 fsuid=0 egid=0 sgid=0 fsgid=0 tty=(none) ses=7 comm="debian-sa1" exe="/usr/bin/dash" subj=unconfined key="T1078_Valid_Accounts"ARCH=x86_64 SYSCALL=execve AUID="root" UID="root" GID="root" EUID="root" SUID="root" FSUID="root" EGID="root" SGID="root" FSGID="root"
type=EXECVE msg=audit(1765984501.186:2473): argc=4 a0="/bin/sh" a1="/usr/lib/sysstat/debian-sa1" a2="1" a3="1"
type=PATH msg=audit(1765984501.186:2473): item=0 name="/usr/lib/sysstat/debian-sa1" inode=1456136 dev=08:02 mode=0100755 ouid=0 ogid=0 rdev=00:00 nametype=NORMAL cap_fp=0 cap_fi=0 cap_fe=0 cap_fver=0 cap_frootid=0OUID="root" OGID="root"
type=PATH msg=audit(1765984501.186:2473): item=1 name="/bin/sh" inode=1442345 dev=08:02 mode=0100755 ouid=0 ogid=0 rdev=00:00 nametype=NORMAL cap_fp=0 cap_fi=0 cap_fe=0 cap_fver=0 cap_frootid=0OUID="root" OGID="root"
type=PATH msg=audit(1765984501.186:2473): item=2 name="/lib64/ld-linux-x86-64.so.2" inode=1481429 dev=08:02 mode=0100755 ouid=0 ogid=0 rdev=00:00 nametype=NORMAL cap_fp=0 cap_fi=0 cap_fe=0 cap_fver=0 cap_frootid=0OUID="root" OGID="root"
type=PROCTITLE msg=audit(1765984501.186:2473): proctitle=2F62696E2F7368002F7573722F6C69622F737973737461742F64656269616E2D73613100310031
type=CRED_DISP msg=audit(1765984501.194:2474): pid=1803 uid=0 auid=0 ses=7 subj=unconfined msg='op=PAM:setcred grantors=pam_permit acct="root" exe="/usr/sbin/cron" hostname=? addr=? terminal=cron res=success'UID="root" AUID="root"
type=USER_END msg=audit(1765984501.195:2475): pid=1803 uid=0 auid=0 ses=7 subj=unconfined msg='op=PAM:session_close grantors=pam_loginuid,pam_env,pam_env,pam_permit,pam_umask,pam_unix,pam_limits acct="root" exe="/usr/sbin/cron" hostname=? addr=? terminal=cron res=success'UID="root" AUID="root"
type=SYSCALL msg=audit(1765984607.535:2476): arch=c000003e syscall=59 success=yes exit=0 a0=7ffe0bc5a2c0 a1=7ffe0bc5a2e0 a2=7ffe0bc5ade8 a3=8 items=2 ppid=1 pid=1819 auid=4294967295 uid=0 gid=0 euid=0 suid=0 fsuid=0 egid=0 sgid=0 fsgid=0 tty=(none) ses=4294967295 comm="9" exe="/usr/lib/systemd/systemd-executor" subj=unconfined key="T1078_Valid_Accounts"ARCH=x86_64 SYSCALL=execve AUID="unset" UID="root" GID="root" EUID="root" SUID="root" FSUID="root" EGID="root" SGID="root" FSGID="root"
type=EXECVE msg=audit(1765984607.535:2476): argc=7 a0="/usr/lib/systemd/systemd-executor" a1="--deserialize" a2="86" a3="--log-level" a4="info" a5="--log-target" a6="journal-or-kmsg"
type=PATH msg=audit(1765984607.535:2476): item=0 name="/proc/self/fd/9" inode=1463834 dev=08:02 mode=0100755 ouid=0 ogid=0 rdev=00:00 nametype=NORMAL cap_fp=0 cap_fi=0 cap_fe=0 cap_fver=0 cap_frootid=0OUID="root" OGID="root"
type=PATH msg=audit(1765984607.535:2476): item=1 name="/lib64/ld-linux-x86-64.so.2" inode=1481429 dev=08:02 mode=0100755 ouid=0 ogid=0 rdev=00:00 nametype=NORMAL cap_fp=0 cap_fi=0 cap_fe=0 cap_fver=0 cap_frootid=0OUID="root" OGID="root"
type=PROCTITLE msg=audit(1765984607.535:2476): proctitle=2F7573722F6C69622F73797374656D642F73797374656D642D6578656375746F72002D2D646573657269616C697A65003836002D2D6C6F672D6C6576656C00696E666F002D2D6C6F672D746172676574006A6F75726E616C2D6F722D6B6D7367
type=SYSCALL msg=audit(1765984607.544:2477): arch=c000003e syscall=42 success=yes exit=0 a0=4 a1=7ffe9d29aa00 a2=1e a3=7ffe9d29aab0 items=1 ppid=1 pid=1819 auid=4294967295 uid=0 gid=0 euid=0 suid=0 fsuid=0 egid=0 sgid=0 fsgid=0 tty=(none) ses=4294967295 comm="9" exe="/usr/lib/systemd/systemd-executor" subj=unconfined key="T1043_Commonly_Used_Port"ARCH=x86_64 SYSCALL=connect AUID="unset" UID="root" GID="root" EUID="root" SUID="root" FSUID="root" EGID="root" SGID="root" FSGID="root"
type=SOCKADDR msg=audit(1765984607.544:2477): saddr=01002F72756E2F73797374656D642F6A6F75726E616C2F736F636B657400SADDR={ saddr_fam=local path=/run/systemd/journal/socket }
type=PATH msg=audit(1765984607.544:2477): item=0 name="/run/systemd/journal/socket" inode=453 dev=00:18 mode=0140666 ouid=0 ogid=0 rdev=00:00 nametype=NORMAL cap_fp=0 cap_fi=0 cap_fe=0 cap_fver=0 cap_frootid=0OUID="root" OGID="root"
type=PROCTITLE msg=audit(1765984607.544:2477): proctitle=2F7573722F6C69622F73797374656D642F73797374656D642D6578656375746F72002D2D646573657269616C697A65003836002D2D6C6F672D6C6576656C00696E666F002D2D6C6F672D746172676574006A6F75726E616C2D6F722D6B6D7367
type=SYSCALL msg=audit(1765984607.544:2478): arch=c000003e syscall=42 success=yes exit=0 a0=3 a1=7ffe9d29a580 a2=1e a3=fffffff7 items=1 ppid=1 pid=1819 auid=4294967295 uid=0 gid=0 euid=0 suid=0 fsuid=0 egid=0 sgid=0 fsgid=0 tty=(none) ses=4294967295 comm="(tmpfiles)" exe="/usr/lib/systemd/systemd-executor" subj=unconfined key="T1043_Commonly_Used_Port"ARCH=x86_64 SYSCALL=connect AUID="unset" UID="root" GID="root" EUID="root" SUID="root" FSUID="root" EGID="root" SGID="root" FSGID="root"
type=SOCKADDR msg=audit(1765984607.544:2478): saddr=01002F72756E2F73797374656D642F6A6F75726E616C2F7374646F757400SADDR={ saddr_fam=local path=/run/systemd/journal/stdout }
type=PATH msg=audit(1765984607.544:2478): item=0 name="/run/systemd/journal/stdout" inode=454 dev=00:18 mode=0140666 ouid=0 ogid=0 rdev=00:00 nametype=NORMAL cap_fp=0 cap_fi=0 cap_fe=0 cap_fver=0 cap_frootid=0OUID="root" OGID="root"
type=PROCTITLE msg=audit(1765984607.544:2478): proctitle=2F7573722F6C69622F73797374656D642F73797374656D642D6578656375746F72002D2D646573657269616C697A65003836002D2D6C6F672D6C6576656C00696E666F002D2D6C6F672D746172676574006A6F75726E616C2D6F722D6B6D7367
type=SYSCALL msg=audit(1765984607.551:2479): arch=c000003e syscall=59 success=yes exit=0 a0=62765976e120 a1=62765976e1a0 a2=62765976de20 a3=62765976eb40 items=2 ppid=1 pid=1819 auid=4294967295 uid=0 gid=0 euid=0 suid=0 fsuid=0 egid=0 sgid=0 fsgid=0 tty=(none) ses=4294967295 comm="systemd-tmpfile" exe="/usr/bin/systemd-tmpfiles" subj=unconfined key="T1078_Valid_Accounts"ARCH=x86_64 SYSCALL=execve AUID="unset" UID="root" GID="root" EUID="root" SUID="root" FSUID="root" EGID="root" SGID="root" FSGID="root"
type=EXECVE msg=audit(1765984607.551:2479): argc=2 a0="systemd-tmpfiles" a1="--clean"
type=PATH msg=audit(1765984607.551:2479): item=0 name="/usr/bin/systemd-tmpfiles" inode=1461699 dev=08:02 mode=0100755 ouid=0 ogid=0 rdev=00:00 nametype=NORMAL cap_fp=0 cap_fi=0 cap_fe=0 cap_fver=0 cap_frootid=0OUID="root" OGID="root"
type=PATH msg=audit(1765984607.551:2479): item=1 name="/lib64/ld-linux-x86-64.so.2" inode=1481429 dev=08:02 mode=0100755 ouid=0 ogid=0 rdev=00:00 nametype=NORMAL cap_fp=0 cap_fi=0 cap_fe=0 cap_fver=0 cap_frootid=0OUID="root" OGID="root"
type=PROCTITLE msg=audit(1765984607.551:2479): proctitle=2F7573722F6C69622F73797374656D642F73797374656D642D6578656375746F72002D2D646573657269616C697A65003836002D2D6C6F672D6C6576656C00696E666F002D2D6C6F672D746172676574006A6F75726E616C2D6F722D6B6D7367
type=SYSCALL msg=audit(1765984607.561:2480): arch=c000003e syscall=42 success=yes exit=0 a0=3 a1=7ffc02963be0 a2=1e a3=7ffc02963c90 items=1 ppid=1 pid=1819 auid=4294967295 uid=0 gid=0 euid=0 suid=0 fsuid=0 egid=0 sgid=0 fsgid=0 tty=(none) ses=4294967295 comm="systemd-tmpfile" exe="/usr/bin/systemd-tmpfiles" subj=unconfined key="T1043_Commonly_Used_Port"ARCH=x86_64 SYSCALL=connect AUID="unset" UID="root" GID="root" EUID="root" SUID="root" FSUID="root" EGID="root" SGID="root" FSGID="root"
type=SOCKADDR msg=audit(1765984607.561:2480): saddr=01002F72756E2F73797374656D642F6A6F75726E616C2F736F636B657400SADDR={ saddr_fam=local path=/run/systemd/journal/socket }
type=PATH msg=audit(1765984607.561:2480): item=0 name="/run/systemd/journal/socket" inode=453 dev=00:18 mode=0140666 ouid=0 ogid=0 rdev=00:00 nametype=NORMAL cap_fp=0 cap_fi=0 cap_fe=0 cap_fver=0 cap_frootid=0OUID="root" OGID="root"
type=PROCTITLE msg=audit(1765984607.561:2480): proctitle=2F7573722F6C69622F73797374656D642F73797374656D642D6578656375746F72002D2D646573657269616C697A65003836002D2D6C6F672D6C6576656C00696E666F002D2D6C6F672D746172676574006A6F75726E616C2D6F722D6B6D7367
type=SYSCALL msg=audit(1765984607.566:2481): arch=c000003e syscall=257 success=yes exit=5 a0=7 a1=62e8ccc44810 a2=2a0000 a3=0 items=1 ppid=1 pid=1819 auid=4294967295 uid=0 gid=0 euid=0 suid=0 fsuid=0 egid=0 sgid=0 fsgid=0 tty=(none) ses=4294967295 comm="systemd-tmpfile" exe="/usr/bin/systemd-tmpfiles" subj=unconfined key="T1168_Local_Job_Scheduling"ARCH=x86_64 SYSCALL=openat AUID="unset" UID="root" GID="root" EUID="root" SUID="root" FSUID="root" EGID="root" SGID="root" FSGID="root"
type=PATH msg=audit(1765984607.566:2481): item=0 name="crontabs" inode=655830 dev=08:02 mode=041730 ouid=0 ogid=990 rdev=00:00 nametype=NORMAL cap_fp=0 cap_fi=0 cap_fe=0 cap_fver=0 cap_frootid=0OUID="root" OGID="crontab"
type=PROCTITLE msg=audit(1765984607.566:2481): proctitle=2F7573722F6C69622F73797374656D642F73797374656D642D6578656375746F72002D2D646573657269616C697A65003836002D2D6C6F672D6C6576656C00696E666F002D2D6C6F672D746172676574006A6F75726E616C2D6F722D6B6D7367
type=SYSCALL msg=audit(1765984607.566:2482): arch=c000003e syscall=257 success=yes exit=8 a0=ffffff9c a1=7ffc029636d0 a2=280100 a3=0 items=1 ppid=1 pid=1819 auid=4294967295 uid=0 gid=0 euid=0 suid=0 fsuid=0 egid=0 sgid=0 fsgid=0 tty=(none) ses=4294967295 comm="systemd-tmpfile" exe="/usr/bin/systemd-tmpfiles" subj=unconfined key="T1168_Local_Job_Scheduling"ARCH=x86_64 SYSCALL=openat AUID="unset" UID="root" GID="root" EUID="root" SUID="root" FSUID="root" EGID="root" SGID="root" FSGID="root"
type=PATH msg=audit(1765984607.566:2482): item=0 name="/proc/self/fd/5" inode=655830 dev=08:02 mode=041730 ouid=0 ogid=990 rdev=00:00 nametype=NORMAL cap_fp=0 cap_fi=0 cap_fe=0 cap_fver=0 cap_frootid=0OUID="root" OGID="crontab"
type=PROCTITLE msg=audit(1765984607.566:2482): proctitle=2F7573722F6C69622F73797374656D642F73797374656D642D6578656375746F72002D2D646573657269616C697A65003836002D2D6C6F672D6C6576656C00696E666F002D2D6C6F672D746172676574006A6F75726E616C2D6F722D6B6D7367
type=SERVICE_START msg=audit(1765984607.664:2483): pid=1 uid=0 auid=4294967295 ses=4294967295 subj=unconfined msg='unit=systemd-tmpfiles-clean comm="systemd" exe="/usr/lib/systemd/systemd" hostname=? addr=? terminal=? res=success'UID="root" AUID="unset"
type=SERVICE_STOP msg=audit(1765984607.664:2484): pid=1 uid=0 auid=4294967295 ses=4294967295 subj=unconfined msg='unit=systemd-tmpfiles-clean comm="systemd" exe="/usr/lib/systemd/systemd" hostname=? addr=? terminal=? res=success'UID="root" AUID="unset"
type=SYSCALL msg=audit(1765984621.208:2485): arch=c000003e syscall=257 success=yes exit=7 a0=ffffff9c a1=7f6f15bcf347 a2=80000 a3=0 items=1 ppid=792 pid=1823 auid=4294967295 uid=0 gid=0 euid=0 suid=0 fsuid=0 egid=0 sgid=0 fsgid=0 tty=(none) ses=4294967295 comm="cron" exe="/usr/sbin/cron" subj=unconfined key="T1087_Account_Discovery"ARCH=x86_64 SYSCALL=openat AUID="unset" UID="root" GID="root" EUID="root" SUID="root" FSUID="root" EGID="root" SGID="root" FSGID="root"
type=PATH msg=audit(1765984621.208:2485): item=0 name="/etc/shadow" inode=1050300 dev=08:02 mode=0100640 ouid=0 ogid=42 rdev=00:00 nametype=NORMAL cap_fp=0 cap_fi=0 cap_fe=0 cap_fver=0 cap_frootid=0OUID="root" OGID="shadow"
type=PROCTITLE msg=audit(1765984621.208:2485): proctitle=2F7573722F7362696E2F43524F4E002D66002D50
type=USER_ACCT msg=audit(1765984621.210:2486): pid=1823 uid=0 auid=4294967295 ses=4294967295 subj=unconfined msg='op=PAM:accounting grantors=pam_permit acct="root" exe="/usr/sbin/cron" hostname=? addr=? terminal=cron res=success'UID="root" AUID="unset"
type=CRED_ACQ msg=audit(1765984621.210:2487): pid=1823 uid=0 auid=4294967295 ses=4294967295 subj=unconfined msg='op=PAM:setcred grantors=pam_permit,pam_cap acct="root" exe="/usr/sbin/cron" hostname=? addr=? terminal=cron res=success'UID="root" AUID="unset"
type=LOGIN msg=audit(1765984621.210:2488): pid=1823 uid=0 subj=unconfined old-auid=4294967295 auid=0 tty=(none) old-ses=4294967295 ses=8 res=1UID="root" OLD-AUID="unset" AUID="root"
type=SYSCALL msg=audit(1765984621.210:2488): arch=c000003e syscall=1 success=yes exit=1 a0=7 a1=7fff519ae230 a2=1 a3=0 items=0 ppid=792 pid=1823 auid=0 uid=0 gid=0 euid=0 suid=0 fsuid=0 egid=0 sgid=0 fsgid=0 tty=(none) ses=8 comm="cron" exe="/usr/sbin/cron" subj=unconfined key=(null)ARCH=x86_64 SYSCALL=write AUID="root" UID="root" GID="root" EUID="root" SUID="root" FSUID="root" EGID="root" SGID="root" FSGID="root"
type=PROCTITLE msg=audit(1765984621.210:2488): proctitle=2F7573722F7362696E2F43524F4E002D66002D50
type=USER_START msg=audit(1765984621.211:2489): pid=1823 uid=0 auid=0 ses=8 subj=unconfined msg='op=PAM:session_open grantors=pam_loginuid,pam_env,pam_env,pam_permit,pam_umask,pam_unix,pam_limits acct="root" exe="/usr/sbin/cron" hostname=? addr=? terminal=cron res=success'UID="root" AUID="root"
type=SYSCALL msg=audit(1765984621.211:2490): arch=c000003e syscall=106 success=yes exit=0 a0=0 a1=5945ebb36900 a2=59407fea1d46 a3=5945ebb36910 items=0 ppid=1823 pid=1824 auid=0 uid=0 gid=0 euid=0 suid=0 fsuid=0 egid=0 sgid=0 fsgid=0 tty=(none) ses=8 comm="cron" exe="/usr/sbin/cron" subj=unconfined key="T1166_Seuid_and_Setgid"ARCH=x86_64 SYSCALL=setgid AUID="root" UID="root" GID="root" EUID="root" SUID="root" FSUID="root" EGID="root" SGID="root" FSGID="root"
type=PROCTITLE msg=audit(1765984621.211:2490): proctitle=2F7573722F7362696E2F43524F4E002D66002D50
type=CRED_REFR msg=audit(1765984621.212:2491): pid=1824 uid=0 auid=0 ses=8 subj=unconfined msg='op=PAM:setcred grantors=pam_permit,pam_cap acct="root" exe="/usr/sbin/cron" hostname=? addr=? terminal=cron res=success'UID="root" AUID="root"
type=SYSCALL msg=audit(1765984621.212:2492): arch=c000003e syscall=105 success=yes exit=0 a0=0 a1=5945ebb425c0 a2=59407fea9ef2 a3=5945ebb425d0 items=0 ppid=1823 pid=1824 auid=0 uid=0 gid=0 euid=0 suid=0 fsuid=0 egid=0 sgid=0 fsgid=0 tty=(none) ses=8 comm="cron" exe="/usr/sbin/cron" subj=unconfined key="T1166_Seuid_and_Setgid"ARCH=x86_64 SYSCALL=setuid AUID="root" UID="root" GID="root" EUID="root" SUID="root" FSUID="root" EGID="root" SGID="root" FSGID="root"
type=PROCTITLE msg=audit(1765984621.212:2492): proctitle=2F7573722F7362696E2F43524F4E002D66002D50
type=SYSCALL msg=audit(1765984621.212:2493): arch=c000003e syscall=59 success=yes exit=0 a0=5945ebb425b6 a1=7fff519ae2e0 a2=5945ebb50080 a3=5945ebb425b6 items=2 ppid=1823 pid=1824 auid=0 uid=0 gid=0 euid=0 suid=0 fsuid=0 egid=0 sgid=0 fsgid=0 tty=(none) ses=8 comm="sh" exe="/usr/bin/dash" subj=unconfined key="T1078_Valid_Accounts"ARCH=x86_64 SYSCALL=execve AUID="root" UID="root" GID="root" EUID="root" SUID="root" FSUID="root" EGID="root" SGID="root" FSGID="root"
type=EXECVE msg=audit(1765984621.212:2493): argc=3 a0="/bin/sh" a1="-c" a2=6364202F2026262072756E2D7061727473202D2D7265706F7274202F6574632F63726F6E2E686F75726C79
type=PATH msg=audit(1765984621.212:2493): item=0 name="/bin/sh" inode=1442345 dev=08:02 mode=0100755 ouid=0 ogid=0 rdev=00:00 nametype=NORMAL cap_fp=0 cap_fi=0 cap_fe=0 cap_fver=0 cap_frootid=0OUID="root" OGID="root"
type=PATH msg=audit(1765984621.212:2493): item=1 name="/lib64/ld-linux-x86-64.so.2" inode=1481429 dev=08:02 mode=0100755 ouid=0 ogid=0 rdev=00:00 nametype=NORMAL cap_fp=0 cap_fi=0 cap_fe=0 cap_fver=0 cap_frootid=0OUID="root" OGID="root"
type=PROCTITLE msg=audit(1765984621.212:2493): proctitle=2F7573722F7362696E2F43524F4E002D66002D50
type=SYSCALL msg=audit(1765984621.216:2494): arch=c000003e syscall=59 success=yes exit=0 a0=64a867e225c0 a1=64a867e22560 a2=64a867e22580 a3=8 items=2 ppid=1824 pid=1825 auid=0 uid=0 gid=0 euid=0 suid=0 fsuid=0 egid=0 sgid=0 fsgid=0 tty=(none) ses=8 comm="run-parts" exe="/usr/bin/run-parts" subj=unconfined key="T1078_Valid_Accounts"ARCH=x86_64 SYSCALL=execve AUID="root" UID="root" GID="root" EUID="root" SUID="root" FSUID="root" EGID="root" SGID="root" FSGID="root"
type=EXECVE msg=audit(1765984621.216:2494): argc=3 a0="run-parts" a1="--report" a2="/etc/cron.hourly"
type=PATH msg=audit(1765984621.216:2494): item=0 name="/usr/bin/run-parts" inode=1442714 dev=08:02 mode=0100755 ouid=0 ogid=0 rdev=00:00 nametype=NORMAL cap_fp=0 cap_fi=0 cap_fe=0 cap_fver=0 cap_frootid=0OUID="root" OGID="root"
type=PATH msg=audit(1765984621.216:2494): item=1 name="/lib64/ld-linux-x86-64.so.2" inode=1481429 dev=08:02 mode=0100755 ouid=0 ogid=0 rdev=00:00 nametype=NORMAL cap_fp=0 cap_fi=0 cap_fe=0 cap_fver=0 cap_frootid=0OUID="root" OGID="root"
type=PROCTITLE msg=audit(1765984621.216:2494): proctitle=72756E2D7061727473002D2D7265706F7274002F6574632F63726F6E2E686F75726C79
type=CRED_DISP msg=audit(1765984621.232:2495): pid=1823 uid=0 auid=0 ses=8 subj=unconfined msg='op=PAM:setcred grantors=pam_permit acct="root" exe="/usr/sbin/cron" hostname=? addr=? terminal=cron res=success'UID="root" AUID="root"
type=USER_END msg=audit(1765984621.232:2496): pid=1823 uid=0 auid=0 ses=8 subj=unconfined msg='op=PAM:session_close grantors=pam_loginuid,pam_env,pam_env,pam_permit,pam_umask,pam_unix,pam_limits acct="root" exe="/usr/sbin/cron" hostname=? addr=? terminal=cron res=success'UID="root" AUID="root"
type=SYSCALL msg=audit(1765984626.496:2497): arch=c000003e syscall=59 success=yes exit=0 a0=56c4b03c9890 a1=56c4b03c92b0 a2=56c4b0350960 a3=56c4b03c92b0 items=3 ppid=1826 pid=1827 auid=1000 uid=0 gid=0 euid=0 suid=0 fsuid=0 egid=0 sgid=0 fsgid=0 tty=pts1 ses=1 comm="command-not-fou" exe="/usr/bin/python3.12" subj=unconfined key="T1078_Valid_Accounts"ARCH=x86_64 SYSCALL=execve AUID="vboxuser" UID="root" GID="root" EUID="root" SUID="root" FSUID="root" EGID="root" SGID="root" FSGID="root"
type=EXECVE msg=audit(1765984626.496:2497): argc=4 a0="/usr/bin/python3" a1="/usr/lib/command-not-found" a2="--" a3="nextcloudcommand"
type=PATH msg=audit(1765984626.496:2497): item=0 name="/usr/lib/command-not-found" inode=1443040 dev=08:02 mode=0100755 ouid=0 ogid=0 rdev=00:00 nametype=NORMAL cap_fp=0 cap_fi=0 cap_fe=0 cap_fver=0 cap_frootid=0OUID="root" OGID="root"
type=PATH msg=audit(1765984626.496:2497): item=1 name="/usr/bin/python3" inode=1441874 dev=08:02 mode=0100755 ouid=0 ogid=0 rdev=00:00 nametype=NORMAL cap_fp=0 cap_fi=0 cap_fe=0 cap_fver=0 cap_frootid=0OUID="root" OGID="root"
type=PATH msg=audit(1765984626.496:2497): item=2 name="/lib64/ld-linux-x86-64.so.2" inode=1481429 dev=08:02 mode=0100755 ouid=0 ogid=0 rdev=00:00 nametype=NORMAL cap_fp=0 cap_fi=0 cap_fe=0 cap_fver=0 cap_frootid=0OUID="root" OGID="root"
type=PROCTITLE msg=audit(1765984626.496:2497): proctitle=2F7573722F62696E2F707974686F6E33002F7573722F6C69622F636F6D6D616E642D6E6F742D666F756E64002D2D006E657874636C6F7564636F6D6D616E64
type=SYSCALL msg=audit(1765984626.682:2498): arch=c000003e syscall=42 success=yes exit=0 a0=5 a1=7fff52708630 a2=2d a3=98fbac0 items=1 ppid=1826 pid=1827 auid=1000 uid=0 gid=0 euid=0 suid=0 fsuid=0 egid=0 sgid=0 fsgid=0 tty=pts1 ses=1 comm="command-not-fou" exe="/usr/bin/python3.12" subj=unconfined key="T1043_Commonly_Used_Port"ARCH=x86_64 SYSCALL=connect AUID="vboxuser" UID="root" GID="root" EUID="root" SUID="root" FSUID="root" EGID="root" SGID="root" FSGID="root"
type=SOCKADDR msg=audit(1765984626.682:2498): saddr=01002F72756E2F73797374656D642F7573657264622F696F2E73797374656D642E44796E616D69635573657200SADDR={ saddr_fam=local path=/run/systemd/userdb/io.systemd.DynamicUser }
type=PATH msg=audit(1765984626.682:2498): item=0 name="/run/systemd/userdb/io.systemd.DynamicUser" inode=440 dev=00:18 mode=0140666 ouid=0 ogid=0 rdev=00:00 nametype=NORMAL cap_fp=0 cap_fi=0 cap_fe=0 cap_fver=0 cap_frootid=0OUID="root" OGID="root"
type=PROCTITLE msg=audit(1765984626.682:2498): proctitle=2F7573722F62696E2F707974686F6E33002F7573722F6C69622F636F6D6D616E642D6E6F742D666F756E64002D2D006E657874636C6F7564636F6D6D616E64
type=SYSCALL msg=audit(1765984626.684:2499): arch=c000003e syscall=42 success=yes exit=0 a0=5 a1=7fff52708620 a2=2d a3=9900b50 items=1 ppid=1826 pid=1827 auid=1000 uid=0 gid=0 euid=0 suid=0 fsuid=0 egid=0 sgid=0 fsgid=0 tty=pts1 ses=1 comm="command-not-fou" exe="/usr/bin/python3.12" subj=unconfined key="T1043_Commonly_Used_Port"ARCH=x86_64 SYSCALL=connect AUID="vboxuser" UID="root" GID="root" EUID="root" SUID="root" FSUID="root" EGID="root" SGID="root" FSGID="root"
type=SOCKADDR msg=audit(1765984626.684:2499): saddr=01002F72756E2F73797374656D642F7573657264622F696F2E73797374656D642E44796E616D69635573657200SADDR={ saddr_fam=local path=/run/systemd/userdb/io.systemd.DynamicUser }
type=PATH msg=audit(1765984626.684:2499): item=0 name="/run/systemd/userdb/io.systemd.DynamicUser" inode=440 dev=00:18 mode=0140666 ouid=0 ogid=0 rdev=00:00 nametype=NORMAL cap_fp=0 cap_fi=0 cap_fe=0 cap_fver=0 cap_frootid=0OUID="root" OGID="root"
type=PROCTITLE msg=audit(1765984626.684:2499): proctitle=2F7573722F62696E2F707974686F6E33002F7573722F6C69622F636F6D6D616E642D6E6F742D666F756E64002D2D006E657874636C6F7564636F6D6D616E64
type=SYSCALL msg=audit(1765984626.698:2500): arch=c000003e syscall=59 success=yes exit=0 a0=7fc1e9d0c880 a1=7fc1e88b0150 a2=7fff527093f0 a3=7fc1e9a148a8 items=2 ppid=1827 pid=1828 auid=1000 uid=0 gid=0 euid=0 suid=0 fsuid=0 egid=0 sgid=0 fsgid=0 tty=pts1 ses=1 comm="snap" exe="/usr/bin/snap" subj=unconfined key="T1078_Valid_Accounts"ARCH=x86_64 SYSCALL=execve AUID="vboxuser" UID="root" GID="root" EUID="root" SUID="root" FSUID="root" EGID="root" SGID="root" FSGID="root"
type=EXECVE msg=audit(1765984626.698:2500): argc=5 a0="/usr/bin/snap" a1="advise-snap" a2="--format=json" a3="--command" a4="nextcloudcommand"
type=PATH msg=audit(1765984626.698:2500): item=0 name="/usr/bin/snap" inode=1458585 dev=08:02 mode=0100755 ouid=0 ogid=0 rdev=00:00 nametype=NORMAL cap_fp=0 cap_fi=0 cap_fe=0 cap_fver=0 cap_frootid=0OUID="root" OGID="root"
type=PATH msg=audit(1765984626.698:2500): item=1 name="/lib64/ld-linux-x86-64.so.2" inode=1481429 dev=08:02 mode=0100755 ouid=0 ogid=0 rdev=00:00 nametype=NORMAL cap_fp=0 cap_fi=0 cap_fe=0 cap_fver=0 cap_frootid=0OUID="root" OGID="root"
type=PROCTITLE msg=audit(1765984626.698:2500): proctitle=2F7573722F62696E2F736E6170006164766973652D736E6170002D2D666F726D61743D6A736F6E002D2D636F6D6D616E64006E657874636C6F7564636F6D6D616E64
type=SYSCALL msg=audit(1765984660.348:2501): arch=c000003e syscall=59 success=yes exit=0 a0=56c4b03bab20 a1=56c4b03c73a0 a2=56c4b0350960 a3=56c4b03d8620 items=2 ppid=1284 pid=1833 auid=1000 uid=0 gid=0 euid=0 suid=0 fsuid=0 egid=0 sgid=0 fsgid=0 tty=pts1 ses=1 comm="vim" exe="/usr/bin/vim.basic" subj=unconfined key="T1078_Valid_Accounts"ARCH=x86_64 SYSCALL=execve AUID="vboxuser" UID="root" GID="root" EUID="root" SUID="root" FSUID="root" EGID="root" SGID="root" FSGID="root"
type=EXECVE msg=audit(1765984660.348:2501): argc=2 a0="vim" a1="/etc/apache2/sites-enabled/nextcloud.conf"
type=PATH msg=audit(1765984660.348:2501): item=0 name="/usr/bin/vim" inode=1483710 dev=08:02 mode=0100755 ouid=0 ogid=0 rdev=00:00 nametype=NORMAL cap_fp=0 cap_fi=0 cap_fe=0 cap_fver=0 cap_frootid=0OUID="root" OGID="root"
type=PATH msg=audit(1765984660.348:2501): item=1 name="/lib64/ld-linux-x86-64.so.2" inode=1481429 dev=08:02 mode=0100755 ouid=0 ogid=0 rdev=00:00 nametype=NORMAL cap_fp=0 cap_fi=0 cap_fe=0 cap_fver=0 cap_frootid=0OUID="root" OGID="root"
type=PROCTITLE msg=audit(1765984660.348:2501): proctitle=76696D002F6574632F617061636865322F73697465732D656E61626C65642F6E657874636C6F75642E636F6E66
type=SYSCALL msg=audit(1765984660.378:2502): arch=c000003e syscall=87 success=yes exit=0 a0=5712274206f0 a1=7ffd52ff9b10 a2=5 a3=180 items=2 ppid=1284 pid=1833 auid=1000 uid=0 gid=0 euid=0 suid=0 fsuid=0 egid=0 sgid=0 fsgid=0 tty=pts1 ses=1 comm="vim" exe="/usr/bin/vim.basic" subj=unconfined key="T1107_File_Deletion"ARCH=x86_64 SYSCALL=unlink AUID="vboxuser" UID="root" GID="root" EUID="root" SUID="root" FSUID="root" EGID="root" SGID="root" FSGID="root"
type=PATH msg=audit(1765984660.378:2502): item=0 name="/etc/apache2/sites-available/" inode=1050469 dev=08:02 mode=040755 ouid=0 ogid=0 rdev=00:00 nametype=PARENT cap_fp=0 cap_fi=0 cap_fe=0 cap_fver=0 cap_frootid=0OUID="root" OGID="root"
type=PATH msg=audit(1765984660.378:2502): item=1 name="/etc/apache2/sites-available/.nextcloud.conf.swx" inode=1051136 dev=08:02 mode=0100600 ouid=0 ogid=0 rdev=00:00 nametype=DELETE cap_fp=0 cap_fi=0 cap_fe=0 cap_fver=0 cap_frootid=0OUID="root" OGID="root"
type=PROCTITLE msg=audit(1765984660.378:2502): proctitle=76696D002F6574632F617061636865322F73697465732D656E61626C65642F6E657874636C6F75642E636F6E66
type=SYSCALL msg=audit(1765984660.378:2503): arch=c000003e syscall=87 success=yes exit=0 a0=571227420730 a1=7ffd52ff9b10 a2=5 a3=180 items=2 ppid=1284 pid=1833 auid=1000 uid=0 gid=0 euid=0 suid=0 fsuid=0 egid=0 sgid=0 fsgid=0 tty=pts1 ses=1 comm="vim" exe="/usr/bin/vim.basic" subj=unconfined key="T1107_File_Deletion"ARCH=x86_64 SYSCALL=unlink AUID="vboxuser" UID="root" GID="root" EUID="root" SUID="root" FSUID="root" EGID="root" SGID="root" FSGID="root"
type=PATH msg=audit(1765984660.378:2503): item=0 name="/etc/apache2/sites-available/" inode=1050469 dev=08:02 mode=040755 ouid=0 ogid=0 rdev=00:00 nametype=PARENT cap_fp=0 cap_fi=0 cap_fe=0 cap_fver=0 cap_frootid=0OUID="root" OGID="root"
type=PATH msg=audit(1765984660.378:2503): item=1 name="/etc/apache2/sites-available/.nextcloud.conf.swp" inode=1050534 dev=08:02 mode=0100600 ouid=0 ogid=0 rdev=00:00 nametype=DELETE cap_fp=0 cap_fi=0 cap_fe=0 cap_fver=0 cap_frootid=0OUID="root" OGID="root"
type=PROCTITLE msg=audit(1765984660.378:2503): proctitle=76696D002F6574632F617061636865322F73697465732D656E61626C65642F6E657874636C6F75642E636F6E66
type=SYSCALL msg=audit(1765984660.378:2504): arch=c000003e syscall=90 success=yes exit=0 a0=571227420730 a1=1a4 a2=0 a3=5712138d2c60 items=1 ppid=1284 pid=1833 auid=1000 uid=0 gid=0 euid=0 suid=0 fsuid=0 egid=0 sgid=0 fsgid=0 tty=pts1 ses=1 comm="vim" exe="/usr/bin/vim.basic" subj=unconfined key="T1166_Seuid_and_Setgid"ARCH=x86_64 SYSCALL=chmod AUID="vboxuser" UID="root" GID="root" EUID="root" SUID="root" FSUID="root" EGID="root" SGID="root" FSGID="root"
type=PATH msg=audit(1765984660.378:2504): item=0 name="/etc/apache2/sites-available/.nextcloud.conf.swp" inode=1050534 dev=08:02 mode=0100600 ouid=0 ogid=0 rdev=00:00 nametype=NORMAL cap_fp=0 cap_fi=0 cap_fe=0 cap_fver=0 cap_frootid=0OUID="root" OGID="root"
type=PROCTITLE msg=audit(1765984660.378:2504): proctitle=76696D002F6574632F617061636865322F73697465732D656E61626C65642F6E657874636C6F75642E636F6E66
type=SYSCALL msg=audit(1765984669.260:2505): arch=c000003e syscall=87 success=yes exit=0 a0=5712274206f0 a1=0 a2=0 a3=0 items=2 ppid=1284 pid=1833 auid=1000 uid=0 gid=0 euid=0 suid=0 fsuid=0 egid=0 sgid=0 fsgid=0 tty=pts1 ses=1 comm="vim" exe="/usr/bin/vim.basic" subj=unconfined key="T1107_File_Deletion"ARCH=x86_64 SYSCALL=unlink AUID="vboxuser" UID="root" GID="root" EUID="root" SUID="root" FSUID="root" EGID="root" SGID="root" FSGID="root"
type=PATH msg=audit(1765984669.260:2505): item=0 name="/etc/apache2/sites-available/" inode=1050469 dev=08:02 mode=040755 ouid=0 ogid=0 rdev=00:00 nametype=PARENT cap_fp=0 cap_fi=0 cap_fe=0 cap_fver=0 cap_frootid=0OUID="root" OGID="root"
type=PATH msg=audit(1765984669.260:2505): item=1 name="/etc/apache2/sites-available/.nextcloud.conf.swp" inode=1050534 dev=08:02 mode=0100644 ouid=0 ogid=0 rdev=00:00 nametype=DELETE cap_fp=0 cap_fi=0 cap_fe=0 cap_fver=0 cap_frootid=0OUID="root" OGID="root"
type=PROCTITLE msg=audit(1765984669.260:2505): proctitle=76696D002F6574632F617061636865322F73697465732D656E61626C65642F6E657874636C6F75642E636F6E66
type=SYSCALL msg=audit(1765984669.262:2506): arch=c000003e syscall=87 success=yes exit=0 a0=571227437c20 a1=0 a2=0 a3=180 items=2 ppid=1284 pid=1833 auid=1000 uid=0 gid=0 euid=0 suid=0 fsuid=0 egid=0 sgid=0 fsgid=0 tty=pts1 ses=1 comm="vim" exe="/usr/bin/vim.basic" subj=unconfined key="T1107_File_Deletion"ARCH=x86_64 SYSCALL=unlink AUID="vboxuser" UID="root" GID="root" EUID="root" SUID="root" FSUID="root" EGID="root" SGID="root" FSGID="root"
type=PATH msg=audit(1765984669.262:2506): item=0 name="/var/www/" inode=659459 dev=08:02 mode=040755 ouid=0 ogid=0 rdev=00:00 nametype=PARENT cap_fp=0 cap_fi=0 cap_fe=0 cap_fver=0 cap_frootid=0OUID="root" OGID="root"
type=PATH msg=audit(1765984669.262:2506): item=1 name="/var/www/.nextcloud.swpx" inode=706891 dev=08:02 mode=0100600 ouid=0 ogid=0 rdev=00:00 nametype=DELETE cap_fp=0 cap_fi=0 cap_fe=0 cap_fver=0 cap_frootid=0OUID="root" OGID="root"
type=PROCTITLE msg=audit(1765984669.262:2506): proctitle=76696D002F6574632F617061636865322F73697465732D656E61626C65642F6E657874636C6F75642E636F6E66
type=SYSCALL msg=audit(1765984669.284:2507): arch=c000003e syscall=87 success=yes exit=0 a0=5712275722b0 a1=0 a2=0 a3=180 items=2 ppid=1284 pid=1833 auid=1000 uid=0 gid=0 euid=0 suid=0 fsuid=0 egid=0 sgid=0 fsgid=0 tty=pts1 ses=1 comm="vim" exe="/usr/bin/vim.basic" subj=unconfined key="T1107_File_Deletion"ARCH=x86_64 SYSCALL=unlink AUID="vboxuser" UID="root" GID="root" EUID="root" SUID="root" FSUID="root" EGID="root" SGID="root" FSGID="root"
type=PATH msg=audit(1765984669.284:2507): item=0 name="/var/www/" inode=659459 dev=08:02 mode=040755 ouid=0 ogid=0 rdev=00:00 nametype=PARENT cap_fp=0 cap_fi=0 cap_fe=0 cap_fver=0 cap_frootid=0OUID="root" OGID="root"
type=PATH msg=audit(1765984669.284:2507): item=1 name="/var/www/.nextcloud.swp" inode=706890 dev=08:02 mode=0100600 ouid=0 ogid=0 rdev=00:00 nametype=DELETE cap_fp=0 cap_fi=0 cap_fe=0 cap_fver=0 cap_frootid=0OUID="root" OGID="root"
type=PROCTITLE msg=audit(1765984669.284:2507): proctitle=76696D002F6574632F617061636865322F73697465732D656E61626C65642F6E657874636C6F75642E636F6E66
type=SYSCALL msg=audit(1765984669.284:2508): arch=c000003e syscall=87 success=yes exit=0 a0=5712275722b0 a1=0 a2=0 a3=0 items=2 ppid=1284 pid=1833 auid=1000 uid=0 gid=0 euid=0 suid=0 fsuid=0 egid=0 sgid=0 fsgid=0 tty=pts1 ses=1 comm="vim" exe="/usr/bin/vim.basic" subj=unconfined key="T1107_File_Deletion"ARCH=x86_64 SYSCALL=unlink AUID="vboxuser" UID="root" GID="root" EUID="root" SUID="root" FSUID="root" EGID="root" SGID="root" FSGID="root"
type=PATH msg=audit(1765984669.284:2508): item=0 name="/var/www/" inode=659459 dev=08:02 mode=040755 ouid=0 ogid=0 rdev=00:00 nametype=PARENT cap_fp=0 cap_fi=0 cap_fe=0 cap_fver=0 cap_frootid=0OUID="root" OGID="root"
type=PATH msg=audit(1765984669.284:2508): item=1 name="/var/www/.nextcloud.swp" inode=706890 dev=08:02 mode=0100600 ouid=0 ogid=0 rdev=00:00 nametype=DELETE cap_fp=0 cap_fi=0 cap_fe=0 cap_fver=0 cap_frootid=0OUID="root" OGID="root"
type=PROCTITLE msg=audit(1765984669.284:2508): proctitle=76696D002F6574632F617061636865322F73697465732D656E61626C65642F6E657874636C6F75642E636F6E66
type=SYSCALL msg=audit(1765984672.316:2509): arch=c000003e syscall=87 success=yes exit=0 a0=571227570ce0 a1=0 a2=0 a3=180 items=2 ppid=1284 pid=1833 auid=1000 uid=0 gid=0 euid=0 suid=0 fsuid=0 egid=0 sgid=0 fsgid=0 tty=pts1 ses=1 comm="vim" exe="/usr/bin/vim.basic" subj=unconfined key="T1107_File_Deletion"ARCH=x86_64 SYSCALL=unlink AUID="vboxuser" UID="root" GID="root" EUID="root" SUID="root" FSUID="root" EGID="root" SGID="root" FSGID="root"
type=PATH msg=audit(1765984672.316:2509): item=0 name="/var/www/nextcloud/config/" inode=696342 dev=08:02 mode=040755 ouid=33 ogid=33 rdev=00:00 nametype=PARENT cap_fp=0 cap_fi=0 cap_fe=0 cap_fver=0 cap_frootid=0OUID="www-data" OGID="www-data"
type=PATH msg=audit(1765984672.316:2509): item=1 name="/var/www/nextcloud/config/.swpx" inode=706891 dev=08:02 mode=0100600 ouid=0 ogid=0 rdev=00:00 nametype=DELETE cap_fp=0 cap_fi=0 cap_fe=0 cap_fver=0 cap_frootid=0OUID="root" OGID="root"
type=PROCTITLE msg=audit(1765984672.316:2509): proctitle=76696D002F6574632F617061636865322F73697465732D656E61626C65642F6E657874636C6F75642E636F6E66
type=SYSCALL msg=audit(1765984672.316:2510): arch=c000003e syscall=87 success=yes exit=0 a0=571227572750 a1=0 a2=0 a3=180 items=2 ppid=1284 pid=1833 auid=1000 uid=0 gid=0 euid=0 suid=0 fsuid=0 egid=0 sgid=0 fsgid=0 tty=pts1 ses=1 comm="vim" exe="/usr/bin/vim.basic" subj=unconfined key="T1107_File_Deletion"ARCH=x86_64 SYSCALL=unlink AUID="vboxuser" UID="root" GID="root" EUID="root" SUID="root" FSUID="root" EGID="root" SGID="root" FSGID="root"
type=PATH msg=audit(1765984672.316:2510): item=0 name="/var/www/nextcloud/config/" inode=696342 dev=08:02 mode=040755 ouid=33 ogid=33 rdev=00:00 nametype=PARENT cap_fp=0 cap_fi=0 cap_fe=0 cap_fver=0 cap_frootid=0OUID="www-data" OGID="www-data"
type=PATH msg=audit(1765984672.316:2510): item=1 name="/var/www/nextcloud/config/.swp" inode=706890 dev=08:02 mode=0100600 ouid=0 ogid=0 rdev=00:00 nametype=DELETE cap_fp=0 cap_fi=0 cap_fe=0 cap_fver=0 cap_frootid=0OUID="root" OGID="root"
type=PROCTITLE msg=audit(1765984672.316:2510): proctitle=76696D002F6574632F617061636865322F73697465732D656E61626C65642F6E657874636C6F75642E636F6E66
type=SYSCALL msg=audit(1765984672.319:2511): arch=c000003e syscall=87 success=yes exit=0 a0=571227572750 a1=0 a2=0 a3=0 items=2 ppid=1284 pid=1833 auid=1000 uid=0 gid=0 euid=0 suid=0 fsuid=0 egid=0 sgid=0 fsgid=0 tty=pts1 ses=1 comm="vim" exe="/usr/bin/vim.basic" subj=unconfined key="T1107_File_Deletion"ARCH=x86_64 SYSCALL=unlink AUID="vboxuser" UID="root" GID="root" EUID="root" SUID="root" FSUID="root" EGID="root" SGID="root" FSGID="root"
type=PATH msg=audit(1765984672.319:2511): item=0 name="/var/www/nextcloud/config/" inode=696342 dev=08:02 mode=040755 ouid=33 ogid=33 rdev=00:00 nametype=PARENT cap_fp=0 cap_fi=0 cap_fe=0 cap_fver=0 cap_frootid=0OUID="www-data" OGID="www-data"
type=PATH msg=audit(1765984672.319:2511): item=1 name="/var/www/nextcloud/config/.swp" inode=706890 dev=08:02 mode=0100600 ouid=0 ogid=0 rdev=00:00 nametype=DELETE cap_fp=0 cap_fi=0 cap_fe=0 cap_fver=0 cap_frootid=0OUID="root" OGID="root"
type=PROCTITLE msg=audit(1765984672.319:2511): proctitle=76696D002F6574632F617061636865322F73697465732D656E61626C65642F6E657874636C6F75642E636F6E66
type=SYSCALL msg=audit(1765984674.180:2512): arch=c000003e syscall=87 success=yes exit=0 a0=5712274af580 a1=0 a2=0 a3=180 items=2 ppid=1284 pid=1833 auid=1000 uid=0 gid=0 euid=0 suid=0 fsuid=0 egid=0 sgid=0 fsgid=0 tty=pts1 ses=1 comm="vim" exe="/usr/bin/vim.basic" subj=unconfined key="T1107_File_Deletion"ARCH=x86_64 SYSCALL=unlink AUID="vboxuser" UID="root" GID="root" EUID="root" SUID="root" FSUID="root" EGID="root" SGID="root" FSGID="root"
type=PATH msg=audit(1765984674.180:2512): item=0 name="/var/www/nextcloud/config/" inode=696342 dev=08:02 mode=040755 ouid=33 ogid=33 rdev=00:00 nametype=PARENT cap_fp=0 cap_fi=0 cap_fe=0 cap_fver=0 cap_frootid=0OUID="www-data" OGID="www-data"
type=PATH msg=audit(1765984674.180:2512): item=1 name="/var/www/nextcloud/config/.config.php.swx" inode=706891 dev=08:02 mode=0100600 ouid=0 ogid=0 rdev=00:00 nametype=DELETE cap_fp=0 cap_fi=0 cap_fe=0 cap_fver=0 cap_frootid=0OUID="root" OGID="root"
type=PROCTITLE msg=audit(1765984674.180:2512): proctitle=76696D002F6574632F617061636865322F73697465732D656E61626C65642F6E657874636C6F75642E636F6E66
type=SYSCALL msg=audit(1765984674.186:2513): arch=c000003e syscall=87 success=yes exit=0 a0=571227470050 a1=0 a2=0 a3=180 items=2 ppid=1284 pid=1833 auid=1000 uid=0 gid=0 euid=0 suid=0 fsuid=0 egid=0 sgid=0 fsgid=0 tty=pts1 ses=1 comm="vim" exe="/usr/bin/vim.basic" subj=unconfined key="T1107_File_Deletion"ARCH=x86_64 SYSCALL=unlink AUID="vboxuser" UID="root" GID="root" EUID="root" SUID="root" FSUID="root" EGID="root" SGID="root" FSGID="root"
type=PATH msg=audit(1765984674.186:2513): item=0 name="/var/www/nextcloud/config/" inode=696342 dev=08:02 mode=040755 ouid=33 ogid=33 rdev=00:00 nametype=PARENT cap_fp=0 cap_fi=0 cap_fe=0 cap_fver=0 cap_frootid=0OUID="www-data" OGID="www-data"
type=PATH msg=audit(1765984674.186:2513): item=1 name="/var/www/nextcloud/config/.config.php.swp" inode=706890 dev=08:02 mode=0100600 ouid=0 ogid=0 rdev=00:00 nametype=DELETE cap_fp=0 cap_fi=0 cap_fe=0 cap_fver=0 cap_frootid=0OUID="root" OGID="root"
type=PROCTITLE msg=audit(1765984674.186:2513): proctitle=76696D002F6574632F617061636865322F73697465732D656E61626C65642F6E657874636C6F75642E636F6E66
type=SYSCALL msg=audit(1765984674.186:2514): arch=c000003e syscall=93 success=yes exit=0 a0=4 a1=ffffffff a2=21 a3=0 items=1 ppid=1284 pid=1833 auid=1000 uid=0 gid=0 euid=0 suid=0 fsuid=0 egid=0 sgid=0 fsgid=0 tty=pts1 ses=1 comm="vim" exe="/usr/bin/vim.basic" subj=unconfined key="T1166_Seuid_and_Setgid"ARCH=x86_64 SYSCALL=fchown AUID="vboxuser" UID="root" GID="root" EUID="root" SUID="root" FSUID="root" EGID="root" SGID="root" FSGID="root"
type=PATH msg=audit(1765984674.186:2514): item=0 name=(null) inode=706890 dev=08:02 mode=0100600 ouid=0 ogid=0 rdev=00:00 nametype=NORMAL cap_fp=0 cap_fi=0 cap_fe=0 cap_fver=0 cap_frootid=0OUID="root" OGID="root"
type=PROCTITLE msg=audit(1765984674.186:2514): proctitle=76696D002F6574632F617061636865322F73697465732D656E61626C65642F6E657874636C6F75642E636F6E66
type=SYSCALL msg=audit(1765984674.186:2515): arch=c000003e syscall=90 success=yes exit=0 a0=571227470050 a1=1a0 a2=21 a3=0 items=1 ppid=1284 pid=1833 auid=1000 uid=0 gid=0 euid=0 suid=0 fsuid=0 egid=0 sgid=0 fsgid=0 tty=pts1 ses=1 comm="vim" exe="/usr/bin/vim.basic" subj=unconfined key="T1166_Seuid_and_Setgid"ARCH=x86_64 SYSCALL=chmod AUID="vboxuser" UID="root" GID="root" EUID="root" SUID="root" FSUID="root" EGID="root" SGID="root" FSGID="root"
type=PATH msg=audit(1765984674.186:2515): item=0 name="/var/www/nextcloud/config/.config.php.swp" inode=706890 dev=08:02 mode=0100600 ouid=0 ogid=33 rdev=00:00 nametype=NORMAL cap_fp=0 cap_fi=0 cap_fe=0 cap_fver=0 cap_frootid=0OUID="root" OGID="www-data"
type=PROCTITLE msg=audit(1765984674.186:2515): proctitle=76696D002F6574632F617061636865322F73697465732D656E61626C65642F6E657874636C6F75642E636F6E66
type=SYSCALL msg=audit(1765984687.857:2516): arch=c000003e syscall=87 success=yes exit=0 a0=571227581400 a1=571227581400 a2=7ffd52ff8990 a3=0 items=2 ppid=1284 pid=1833 auid=1000 uid=0 gid=0 euid=0 suid=0 fsuid=0 egid=0 sgid=0 fsgid=0 tty=pts1 ses=1 comm="vim" exe="/usr/bin/vim.basic" subj=unconfined key="T1107_File_Deletion"ARCH=x86_64 SYSCALL=unlink AUID="vboxuser" UID="root" GID="root" EUID="root" SUID="root" FSUID="root" EGID="root" SGID="root" FSGID="root"
type=PATH msg=audit(1765984687.857:2516): item=0 name="/root/" inode=1048578 dev=08:02 mode=040700 ouid=0 ogid=0 rdev=00:00 nametype=PARENT cap_fp=0 cap_fi=0 cap_fe=0 cap_fver=0 cap_frootid=0OUID="root" OGID="root"
type=PATH msg=audit(1765984687.857:2516): item=1 name="/root/.viminfo" inode=1051118 dev=08:02 mode=0100600 ouid=0 ogid=0 rdev=00:00 nametype=DELETE cap_fp=0 cap_fi=0 cap_fe=0 cap_fver=0 cap_frootid=0OUID="root" OGID="root"
type=PROCTITLE msg=audit(1765984687.857:2516): proctitle=76696D002F6574632F617061636865322F73697465732D656E61626C65642F6E657874636C6F75642E636F6E66
type=SYSCALL msg=audit(1765984687.857:2517): arch=c000003e syscall=82 success=yes exit=0 a0=5712276b83e0 a1=571227581400 a2=7ffd52ff8990 a3=0 items=4 ppid=1284 pid=1833 auid=1000 uid=0 gid=0 euid=0 suid=0 fsuid=0 egid=0 sgid=0 fsgid=0 tty=pts1 ses=1 comm="vim" exe="/usr/bin/vim.basic" subj=unconfined key="T1107_File_Deletion"ARCH=x86_64 SYSCALL=rename AUID="vboxuser" UID="root" GID="root" EUID="root" SUID="root" FSUID="root" EGID="root" SGID="root" FSGID="root"
type=PATH msg=audit(1765984687.857:2517): item=0 name="/root/" inode=1048578 dev=08:02 mode=040700 ouid=0 ogid=0 rdev=00:00 nametype=PARENT cap_fp=0 cap_fi=0 cap_fe=0 cap_fver=0 cap_frootid=0OUID="root" OGID="root"
type=PATH msg=audit(1765984687.857:2517): item=1 name="/root/" inode=1048578 dev=08:02 mode=040700 ouid=0 ogid=0 rdev=00:00 nametype=PARENT cap_fp=0 cap_fi=0 cap_fe=0 cap_fver=0 cap_frootid=0OUID="root" OGID="root"
type=PATH msg=audit(1765984687.857:2517): item=2 name="/root/.viminfo.tmp" inode=1050534 dev=08:02 mode=0100600 ouid=0 ogid=0 rdev=00:00 nametype=DELETE cap_fp=0 cap_fi=0 cap_fe=0 cap_fver=0 cap_frootid=0OUID="root" OGID="root"
type=PATH msg=audit(1765984687.857:2517): item=3 name="/root/.viminfo" inode=1050534 dev=08:02 mode=0100600 ouid=0 ogid=0 rdev=00:00 nametype=CREATE cap_fp=0 cap_fi=0 cap_fe=0 cap_fver=0 cap_frootid=0OUID="root" OGID="root"
type=PROCTITLE msg=audit(1765984687.857:2517): proctitle=76696D002F6574632F617061636865322F73697465732D656E61626C65642F6E657874636C6F75642E636F6E66
type=SYSCALL msg=audit(1765984687.885:2518): arch=c000003e syscall=93 success=yes exit=0 a0=3 a1=0 a2=0 a3=81a4 items=1 ppid=1284 pid=1833 auid=1000 uid=0 gid=0 euid=0 suid=0 fsuid=0 egid=0 sgid=0 fsgid=0 tty=pts1 ses=1 comm="vim" exe="/usr/bin/vim.basic" subj=unconfined key="T1166_Seuid_and_Setgid"ARCH=x86_64 SYSCALL=fchown AUID="vboxuser" UID="root" GID="root" EUID="root" SUID="root" FSUID="root" EGID="root" SGID="root" FSGID="root"
type=PATH msg=audit(1765984687.885:2518): item=0 name=(null) inode=1051118 dev=08:02 mode=0100644 ouid=0 ogid=0 rdev=00:00 nametype=NORMAL cap_fp=0 cap_fi=0 cap_fe=0 cap_fver=0 cap_frootid=0OUID="root" OGID="root"
type=PROCTITLE msg=audit(1765984687.885:2518): proctitle=76696D002F6574632F617061636865322F73697465732D656E61626C65642F6E657874636C6F75642E636F6E66
type=SYSCALL msg=audit(1765984687.885:2519): arch=c000003e syscall=87 success=yes exit=0 a0=571227111420 a1=0 a2=0 a3=0 items=2 ppid=1284 pid=1833 auid=1000 uid=0 gid=0 euid=0 suid=0 fsuid=0 egid=0 sgid=0 fsgid=0 tty=pts1 ses=1 comm="vim" exe="/usr/bin/vim.basic" subj=unconfined key="T1107_File_Deletion"ARCH=x86_64 SYSCALL=unlink AUID="vboxuser" UID="root" GID="root" EUID="root" SUID="root" FSUID="root" EGID="root" SGID="root" FSGID="root"
type=PATH msg=audit(1765984687.885:2519): item=0 name="/root/.vim/" inode=1049747 dev=08:02 mode=040755 ouid=0 ogid=0 rdev=00:00 nametype=PARENT cap_fp=0 cap_fi=0 cap_fe=0 cap_fver=0 cap_frootid=0OUID="root" OGID="root"
type=PATH msg=audit(1765984687.885:2519): item=1 name="/root/.vim/4913" inode=1051118 dev=08:02 mode=0100644 ouid=0 ogid=0 rdev=00:00 nametype=DELETE cap_fp=0 cap_fi=0 cap_fe=0 cap_fver=0 cap_frootid=0OUID="root" OGID="root"
type=PROCTITLE msg=audit(1765984687.885:2519): proctitle=76696D002F6574632F617061636865322F73697465732D656E61626C65642F6E657874636C6F75642E636F6E66
type=SYSCALL msg=audit(1765984687.885:2520): arch=c000003e syscall=87 success=no exit=-2 a0=5712275a8db0 a1=5712275a8db0 a2=fffffffffffffc58 a3=0 items=1 ppid=1284 pid=1833 auid=1000 uid=0 gid=0 euid=0 suid=0 fsuid=0 egid=0 sgid=0 fsgid=0 tty=pts1 ses=1 comm="vim" exe="/usr/bin/vim.basic" subj=unconfined key="T1107_File_Deletion"ARCH=x86_64 SYSCALL=unlink AUID="vboxuser" UID="root" GID="root" EUID="root" SUID="root" FSUID="root" EGID="root" SGID="root" FSGID="root"
type=PATH msg=audit(1765984687.885:2520): item=0 name="/root/.vim/" inode=1049747 dev=08:02 mode=040755 ouid=0 ogid=0 rdev=00:00 nametype=PARENT cap_fp=0 cap_fi=0 cap_fe=0 cap_fver=0 cap_frootid=0OUID="root" OGID="root"
type=PROCTITLE msg=audit(1765984687.885:2520): proctitle=76696D002F6574632F617061636865322F73697465732D656E61626C65642F6E657874636C6F75642E636F6E66
type=SYSCALL msg=audit(1765984687.885:2521): arch=c000003e syscall=82 success=yes exit=0 a0=5712275a8d88 a1=5712275a8db0 a2=fffffffffffffc58 a3=0 items=4 ppid=1284 pid=1833 auid=1000 uid=0 gid=0 euid=0 suid=0 fsuid=0 egid=0 sgid=0 fsgid=0 tty=pts1 ses=1 comm="vim" exe="/usr/bin/vim.basic" subj=unconfined key="T1107_File_Deletion"ARCH=x86_64 SYSCALL=rename AUID="vboxuser" UID="root" GID="root" EUID="root" SUID="root" FSUID="root" EGID="root" SGID="root" FSGID="root"
type=PATH msg=audit(1765984687.885:2521): item=0 name="/root/.vim/" inode=1049747 dev=08:02 mode=040755 ouid=0 ogid=0 rdev=00:00 nametype=PARENT cap_fp=0 cap_fi=0 cap_fe=0 cap_fver=0 cap_frootid=0OUID="root" OGID="root"
type=PATH msg=audit(1765984687.885:2521): item=1 name="/root/.vim/" inode=1049747 dev=08:02 mode=040755 ouid=0 ogid=0 rdev=00:00 nametype=PARENT cap_fp=0 cap_fi=0 cap_fe=0 cap_fver=0 cap_frootid=0OUID="root" OGID="root"
type=PATH msg=audit(1765984687.885:2521): item=2 name="/root/.vim/.netrwhist" inode=1051134 dev=08:02 mode=0100644 ouid=0 ogid=0 rdev=00:00 nametype=DELETE cap_fp=0 cap_fi=0 cap_fe=0 cap_fver=0 cap_frootid=0OUID="root" OGID="root"
type=PATH msg=audit(1765984687.885:2521): item=3 name="/root/.vim/.netrwhist~" inode=1051134 dev=08:02 mode=0100644 ouid=0 ogid=0 rdev=00:00 nametype=CREATE cap_fp=0 cap_fi=0 cap_fe=0 cap_fver=0 cap_frootid=0OUID="root" OGID="root"
type=PROCTITLE msg=audit(1765984687.885:2521): proctitle=76696D002F6574632F617061636865322F73697465732D656E61626C65642F6E657874636C6F75642E636F6E66
type=SYSCALL msg=audit(1765984687.902:2522): arch=c000003e syscall=91 success=yes exit=0 a0=3 a1=81a4 a2=fffffffffffffc58 a3=0 items=1 ppid=1284 pid=1833 auid=1000 uid=0 gid=0 euid=0 suid=0 fsuid=0 egid=0 sgid=0 fsgid=0 tty=pts1 ses=1 comm="vim" exe="/usr/bin/vim.basic" subj=unconfined key="T1166_Seuid_and_Setgid"ARCH=x86_64 SYSCALL=fchmod AUID="vboxuser" UID="root" GID="root" EUID="root" SUID="root" FSUID="root" EGID="root" SGID="root" FSGID="root"
type=PATH msg=audit(1765984687.902:2522): item=0 name=(null) inode=1051118 dev=08:02 mode=0100644 ouid=0 ogid=0 rdev=00:00 nametype=NORMAL cap_fp=0 cap_fi=0 cap_fe=0 cap_fver=0 cap_frootid=0OUID="root" OGID="root"
type=PROCTITLE msg=audit(1765984687.902:2522): proctitle=76696D002F6574632F617061636865322F73697465732D656E61626C65642F6E657874636C6F75642E636F6E66
type=SYSCALL msg=audit(1765984687.902:2523): arch=c000003e syscall=188 success=yes exit=0 a0=5712275a8d88 a1=77bb7e4e7000 a2=571227124500 a3=1c items=1 ppid=1284 pid=1833 auid=1000 uid=0 gid=0 euid=0 suid=0 fsuid=0 egid=0 sgid=0 fsgid=0 tty=pts1 ses=1 comm="vim" exe="/usr/bin/vim.basic" subj=unconfined key="T1166_Seuid_and_Setgid"ARCH=x86_64 SYSCALL=setxattr AUID="vboxuser" UID="root" GID="root" EUID="root" SUID="root" FSUID="root" EGID="root" SGID="root" FSGID="root"
type=PATH msg=audit(1765984687.902:2523): item=0 name="/root/.vim/.netrwhist" inode=1051118 dev=08:02 mode=0100644 ouid=0 ogid=0 rdev=00:00 nametype=NORMAL cap_fp=0 cap_fi=0 cap_fe=0 cap_fver=0 cap_frootid=0OUID="root" OGID="root"
type=PROCTITLE msg=audit(1765984687.902:2523): proctitle=76696D002F6574632F617061636865322F73697465732D656E61626C65642F6E657874636C6F75642E636F6E66
type=SYSCALL msg=audit(1765984687.902:2524): arch=c000003e syscall=87 success=yes exit=0 a0=5712275a8db0 a1=2b a2=571213829b7d a3=57122757a8d0 items=2 ppid=1284 pid=1833 auid=1000 uid=0 gid=0 euid=0 suid=0 fsuid=0 egid=0 sgid=0 fsgid=0 tty=pts1 ses=1 comm="vim" exe="/usr/bin/vim.basic" subj=unconfined key="T1107_File_Deletion"ARCH=x86_64 SYSCALL=unlink AUID="vboxuser" UID="root" GID="root" EUID="root" SUID="root" FSUID="root" EGID="root" SGID="root" FSGID="root"
type=PATH msg=audit(1765984687.902:2524): item=0 name="/root/.vim/" inode=1049747 dev=08:02 mode=040755 ouid=0 ogid=0 rdev=00:00 nametype=PARENT cap_fp=0 cap_fi=0 cap_fe=0 cap_fver=0 cap_frootid=0OUID="root" OGID="root"
type=PATH msg=audit(1765984687.902:2524): item=1 name="/root/.vim/.netrwhist~" inode=1051134 dev=08:02 mode=0100644 ouid=0 ogid=0 rdev=00:00 nametype=DELETE cap_fp=0 cap_fi=0 cap_fe=0 cap_fver=0 cap_frootid=0OUID="root" OGID="root"
type=PROCTITLE msg=audit(1765984687.902:2524): proctitle=76696D002F6574632F617061636865322F73697465732D656E61626C65642F6E657874636C6F75642E636F6E66
type=SYSCALL msg=audit(1765984687.906:2525): arch=c000003e syscall=87 success=yes exit=0 a0=5712274af580 a1=0 a2=0 a3=5712138d2c60 items=2 ppid=1284 pid=1833 auid=1000 uid=0 gid=0 euid=0 suid=0 fsuid=0 egid=0 sgid=0 fsgid=0 tty=pts1 ses=1 comm="vim" exe="/usr/bin/vim.basic" subj=unconfined key="T1107_File_Deletion"ARCH=x86_64 SYSCALL=unlink AUID="vboxuser" UID="root" GID="root" EUID="root" SUID="root" FSUID="root" EGID="root" SGID="root" FSGID="root"
type=PATH msg=audit(1765984687.906:2525): item=0 name="/var/www/nextcloud/config/" inode=696342 dev=08:02 mode=040755 ouid=33 ogid=33 rdev=00:00 nametype=PARENT cap_fp=0 cap_fi=0 cap_fe=0 cap_fver=0 cap_frootid=0OUID="www-data" OGID="www-data"
type=PATH msg=audit(1765984687.906:2525): item=1 name="/var/www/nextcloud/config/.config.php.swp" inode=706890 dev=08:02 mode=0100640 ouid=0 ogid=33 rdev=00:00 nametype=DELETE cap_fp=0 cap_fi=0 cap_fe=0 cap_fver=0 cap_frootid=0OUID="root" OGID="www-data"
type=PROCTITLE msg=audit(1765984687.906:2525): proctitle=76696D002F6574632F617061636865322F73697465732D656E61626C65642F6E657874636C6F75642E636F6E66
type=SYSCALL msg=audit(1765984694.587:2526): arch=c000003e syscall=114 success=yes exit=0 a0=ffffffff a1=3e8 a2=0 a3=3e8 items=0 ppid=1169 pid=1171 auid=1000 uid=0 gid=0 euid=0 suid=0 fsuid=0 egid=1000 sgid=1000 fsgid=1000 tty=(none) ses=1 comm="sshd" exe="/usr/sbin/sshd" subj=unconfined key="T1166_Seuid_and_Setgid"ARCH=x86_64 SYSCALL=setregid AUID="vboxuser" UID="root" GID="root" EUID="root" SUID="root" FSUID="root" EGID="vboxuser" SGID="vboxuser" FSGID="vboxuser"
type=PROCTITLE msg=audit(1765984694.587:2526): proctitle=2F7573722F7362696E2F73736864002D44002D52
type=SYSCALL msg=audit(1765984694.590:2527): arch=c000003e syscall=113 success=yes exit=0 a0=ffffffff a1=0 a2=0 a3=7ffc97a12d90 items=0 ppid=1169 pid=1171 auid=1000 uid=0 gid=0 euid=0 suid=0 fsuid=0 egid=1000 sgid=1000 fsgid=1000 tty=(none) ses=1 comm="sshd" exe="/usr/sbin/sshd" subj=unconfined key="T1166_Seuid_and_Setgid"ARCH=x86_64 SYSCALL=setreuid AUID="vboxuser" UID="root" GID="root" EUID="root" SUID="root" FSUID="root" EGID="vboxuser" SGID="vboxuser" FSGID="vboxuser"
type=PROCTITLE msg=audit(1765984694.590:2527): proctitle=2F7573722F7362696E2F73736864002D44002D52
type=SYSCALL msg=audit(1765984694.590:2528): arch=c000003e syscall=114 success=yes exit=0 a0=ffffffff a1=0 a2=775b8ab2725d a3=7ffc97a12d90 items=0 ppid=1169 pid=1171 auid=1000 uid=0 gid=0 euid=0 suid=0 fsuid=0 egid=0 sgid=1000 fsgid=0 tty=(none) ses=1 comm="sshd" exe="/usr/sbin/sshd" subj=unconfined key="T1166_Seuid_and_Setgid"ARCH=x86_64 SYSCALL=setregid AUID="vboxuser" UID="root" GID="root" EUID="root" SUID="root" FSUID="root" EGID="root" SGID="vboxuser" FSGID="root"
type=PROCTITLE msg=audit(1765984694.590:2528): proctitle=2F7573722F7362696E2F73736864002D44002D52
type=SYSCALL msg=audit(1765984694.590:2529): arch=c000003e syscall=42 success=yes exit=0 a0=8 a1=6231b5b03548 a2=1e a3=7ffc97a12404 items=1 ppid=1169 pid=1171 auid=1000 uid=0 gid=0 euid=0 suid=0 fsuid=0 egid=0 sgid=1000 fsgid=0 tty=(none) ses=1 comm="sshd" exe="/usr/sbin/sshd" subj=unconfined key="T1043_Commonly_Used_Port"ARCH=x86_64 SYSCALL=connect AUID="vboxuser" UID="root" GID="root" EUID="root" SUID="root" FSUID="root" EGID="root" SGID="vboxuser" FSGID="root"
type=SOCKADDR msg=audit(1765984694.590:2529): saddr=01002F72756E2F646275732F73797374656D5F6275735F736F636B657400SADDR={ saddr_fam=local path=/run/dbus/system_bus_socket }
type=PATH msg=audit(1765984694.590:2529): item=0 name="/run/dbus/system_bus_socket" inode=890 dev=00:18 mode=0140666 ouid=0 ogid=0 rdev=00:00 nametype=NORMAL cap_fp=0 cap_fi=0 cap_fe=0 cap_fver=0 cap_frootid=0OUID="root" OGID="root"
type=PROCTITLE msg=audit(1765984694.590:2529): proctitle=2F7573722F7362696E2F73736864002D44002D52
type=USER_END msg=audit(1765984694.594:2530): pid=1171 uid=0 auid=1000 ses=1 subj=unconfined msg='op=PAM:session_close grantors=pam_selinux,pam_loginuid,pam_keyinit,pam_permit,pam_umask,pam_unix,pam_systemd,pam_mail,pam_limits,pam_env,pam_env,pam_selinux acct="vboxuser" exe="/usr/sbin/sshd" hostname=192.168.56.1 addr=192.168.56.1 terminal=ssh res=success'UID="root" AUID="vboxuser"
type=CRED_DISP msg=audit(1765984694.595:2531): pid=1171 uid=0 auid=1000 ses=1 subj=unconfined msg='op=PAM:setcred grantors=pam_permit acct="vboxuser" exe="/usr/sbin/sshd" hostname=192.168.56.1 addr=192.168.56.1 terminal=ssh res=success'UID="root" AUID="vboxuser"
type=SYSCALL msg=audit(1765984694.598:2532): arch=c000003e syscall=257 success=yes exit=10 a0=ffffff9c a1=775b8abd46b0 a2=80002 a3=0 items=1 ppid=1169 pid=1171 auid=1000 uid=0 gid=0 euid=0 suid=0 fsuid=0 egid=0 sgid=1000 fsgid=0 tty=(none) ses=1 comm="sshd" exe="/usr/sbin/sshd" subj=unconfined key="T1108_Redundant_Access"ARCH=x86_64 SYSCALL=openat AUID="vboxuser" UID="root" GID="root" EUID="root" SUID="root" FSUID="root" EGID="root" SGID="vboxuser" FSGID="root"
type=PATH msg=audit(1765984694.598:2532): item=0 name="/var/run/utmp" inode=618 dev=00:18 mode=0100664 ouid=0 ogid=43 rdev=00:00 nametype=NORMAL cap_fp=0 cap_fi=0 cap_fe=0 cap_fver=0 cap_frootid=0OUID="root" OGID="utmp"
type=PROCTITLE msg=audit(1765984694.598:2532): proctitle=2F7573722F7362696E2F73736864002D44002D52
type=SYSCALL msg=audit(1765984694.599:2533): arch=c000003e syscall=257 success=yes exit=8 a0=ffffff9c a1=775b8abcf672 a2=80001 a3=0 items=1 ppid=1169 pid=1171 auid=1000 uid=0 gid=0 euid=0 suid=0 fsuid=0 egid=0 sgid=1000 fsgid=0 tty=(none) ses=1 comm="sshd" exe="/usr/sbin/sshd" subj=unconfined key="T1108_Redundant_Access"ARCH=x86_64 SYSCALL=openat AUID="vboxuser" UID="root" GID="root" EUID="root" SUID="root" FSUID="root" EGID="root" SGID="vboxuser" FSGID="root"
type=PATH msg=audit(1765984694.599:2533): item=0 name="/var/log/wtmp" inode=658714 dev=08:02 mode=0100664 ouid=0 ogid=43 rdev=00:00 nametype=NORMAL cap_fp=0 cap_fi=0 cap_fe=0 cap_fver=0 cap_frootid=0OUID="root" OGID="utmp"
type=PROCTITLE msg=audit(1765984694.599:2533): proctitle=2F7573722F7362696E2F73736864002D44002D52
type=SYSCALL msg=audit(1765984694.605:2534): arch=c000003e syscall=92 success=yes exit=0 a0=5814a9f08bd0 a1=3e8 a2=3e8 a3=5814a9e298f0 items=1 ppid=1 pid=1268 auid=1000 uid=1000 gid=1000 euid=1000 suid=1000 fsuid=1000 egid=1000 sgid=1000 fsgid=1000 tty=(none) ses=1 comm="bash" exe="/usr/bin/bash" subj=unconfined key="T1166_Seuid_and_Setgid"ARCH=x86_64 SYSCALL=chown AUID="vboxuser" UID="vboxuser" GID="vboxuser" EUID="vboxuser" SUID="vboxuser" FSUID="vboxuser" EGID="vboxuser" SGID="vboxuser" FSGID="vboxuser"
type=PATH msg=audit(1765984694.605:2534): item=0 name="/home/vboxuser/.bash_history" inode=164871 dev=08:02 mode=0100600 ouid=1000 ogid=1000 rdev=00:00 nametype=NORMAL cap_fp=0 cap_fi=0 cap_fe=0 cap_fver=0 cap_frootid=0OUID="vboxuser" OGID="vboxuser"
type=PROCTITLE msg=audit(1765984694.605:2534): proctitle="-bash"
type=SYSCALL msg=audit(1765984694.606:2535): arch=c000003e syscall=92 success=yes exit=0 a0=56c4b0273560 a1=0 a2=0 a3=56c4b03b84a0 items=1 ppid=1283 pid=1284 auid=1000 uid=0 gid=0 euid=0 suid=0 fsuid=0 egid=0 sgid=0 fsgid=0 tty=(none) ses=1 comm="bash" exe="/usr/bin/bash" subj=unconfined key="T1166_Seuid_and_Setgid"ARCH=x86_64 SYSCALL=chown AUID="vboxuser" UID="root" GID="root" EUID="root" SUID="root" FSUID="root" EGID="root" SGID="root" FSGID="root"
type=PATH msg=audit(1765984694.606:2535): item=0 name="/root/.bash_history" inode=1048923 dev=08:02 mode=0100600 ouid=0 ogid=0 rdev=00:00 nametype=NORMAL cap_fp=0 cap_fi=0 cap_fe=0 cap_fver=0 cap_frootid=0OUID="root" OGID="root"
type=PROCTITLE msg=audit(1765984694.606:2535): proctitle="-bash"
type=SYSCALL msg=audit(1765984694.614:2536): arch=c000003e syscall=257 success=yes exit=10 a0=ffffff9c a1=714f871d46b0 a2=80002 a3=0 items=1 ppid=1 pid=1282 auid=1000 uid=1000 gid=0 euid=0 suid=0 fsuid=0 egid=0 sgid=0 fsgid=0 tty=(none) ses=1 comm="sudo" exe="/usr/bin/sudo" subj=unconfined key="T1108_Redundant_Access"ARCH=x86_64 SYSCALL=openat AUID="vboxuser" UID="vboxuser" GID="root" EUID="root" SUID="root" FSUID="root" EGID="root" SGID="root" FSGID="root"
type=PATH msg=audit(1765984694.614:2536): item=0 name="/var/run/utmp" inode=618 dev=00:18 mode=0100664 ouid=0 ogid=43 rdev=00:00 nametype=NORMAL cap_fp=0 cap_fi=0 cap_fe=0 cap_fver=0 cap_frootid=0OUID="root" OGID="utmp"
type=PROCTITLE msg=audit(1765984694.614:2536): proctitle=7375646F002D69
type=USER_END msg=audit(1765984694.617:2537): pid=1282 uid=1000 auid=1000 ses=1 subj=unconfined msg='op=PAM:session_close grantors=pam_limits,pam_env,pam_env,pam_permit,pam_umask,pam_unix,pam_systemd acct="root" exe="/usr/bin/sudo" hostname=? addr=? terminal=/dev/pts/0 res=success'UID="vboxuser" AUID="vboxuser"
type=CRED_DISP msg=audit(1765984694.625:2538): pid=1282 uid=1000 auid=1000 ses=1 subj=unconfined msg='op=PAM:setcred grantors=pam_permit acct="root" exe="/usr/bin/sudo" hostname=? addr=? terminal=/dev/pts/0 res=success'UID="vboxuser" AUID="vboxuser"
type=SYSCALL msg=audit(1765984701.992:2539): arch=c000003e syscall=59 success=yes exit=0 a0=5f83f0a46970 a1=5f83f09ff740 a2=5f83f0900cc0 a3=5f83f091ce70 items=2 ppid=1560 pid=1837 auid=1000 uid=0 gid=0 euid=0 suid=0 fsuid=0 egid=0 sgid=0 fsgid=0 tty=pts3 ses=5 comm="tail" exe="/usr/bin/tail" subj=unconfined key="T1078_Valid_Accounts"ARCH=x86_64 SYSCALL=execve AUID="vboxuser" UID="root" GID="root" EUID="root" SUID="root" FSUID="root" EGID="root" SGID="root" FSGID="root"
type=EXECVE msg=audit(1765984701.992:2539): argc=4 a0="tail" a1="-c" a2="+10427595" a3="/var/www/nextcloud/data/nextcloud.log"
type=PATH msg=audit(1765984701.992:2539): item=0 name="/usr/bin/tail" inode=1442904 dev=08:02 mode=0100755 ouid=0 ogid=0 rdev=00:00 nametype=NORMAL cap_fp=0 cap_fi=0 cap_fe=0 cap_fver=0 cap_frootid=0OUID="root" OGID="root"
type=PATH msg=audit(1765984701.992:2539): item=1 name="/lib64/ld-linux-x86-64.so.2" inode=1481429 dev=08:02 mode=0100755 ouid=0 ogid=0 rdev=00:00 nametype=NORMAL cap_fp=0 cap_fi=0 cap_fe=0 cap_fver=0 cap_frootid=0OUID="root" OGID="root"
type=PROCTITLE msg=audit(1765984701.992:2539): proctitle=7461696C002D63002B3130343237353935002F7661722F7777772F6E657874636C6F75642F646174612F6E657874636C6F75642E6C6F67
type=SYSCALL msg=audit(1765984702.092:2540): arch=c000003e syscall=59 success=yes exit=0 a0=5f83f0a46a30 a1=5f83f09ffaa0 a2=5f83f0900cc0 a3=5f83f0a46480 items=2 ppid=1560 pid=1838 auid=1000 uid=0 gid=0 euid=0 suid=0 fsuid=0 egid=0 sgid=0 fsgid=0 tty=pts3 ses=5 comm="tail" exe="/usr/bin/tail" subj=unconfined key="T1078_Valid_Accounts"ARCH=x86_64 SYSCALL=execve AUID="vboxuser" UID="root" GID="root" EUID="root" SUID="root" FSUID="root" EGID="root" SGID="root" FSGID="root"
type=EXECVE msg=audit(1765984702.092:2540): argc=4 a0="tail" a1="-c" a2="+866670" a3="/var/log/syslog"
type=PATH msg=audit(1765984702.092:2540): item=0 name="/usr/bin/tail" inode=1442904 dev=08:02 mode=0100755 ouid=0 ogid=0 rdev=00:00 nametype=NORMAL cap_fp=0 cap_fi=0 cap_fe=0 cap_fver=0 cap_frootid=0OUID="root" OGID="root"
type=PATH msg=audit(1765984702.092:2540): item=1 name="/lib64/ld-linux-x86-64.so.2" inode=1481429 dev=08:02 mode=0100755 ouid=0 ogid=0 rdev=00:00 nametype=NORMAL cap_fp=0 cap_fi=0 cap_fe=0 cap_fver=0 cap_frootid=0OUID="root" OGID="root"
type=PROCTITLE msg=audit(1765984702.092:2540): proctitle=7461696C002D63002B383636363730002F7661722F6C6F672F7379736C6F67
type=SYSCALL msg=audit(1765984702.166:2541): arch=c000003e syscall=59 success=yes exit=0 a0=5f83f09dfe90 a1=5f83f09ffaa0 a2=5f83f0900cc0 a3=5f83f0a46b30 items=2 ppid=1560 pid=1839 auid=1000 uid=0 gid=0 euid=0 suid=0 fsuid=0 egid=0 sgid=0 fsgid=0 tty=pts3 ses=5 comm="tail" exe="/usr/bin/tail" subj=unconfined key="T1078_Valid_Accounts"ARCH=x86_64 SYSCALL=execve AUID="vboxuser" UID="root" GID="root" EUID="root" SUID="root" FSUID="root" EGID="root" SGID="root" FSGID="root"
type=EXECVE msg=audit(1765984702.166:2541): argc=4 a0="tail" a1="-c" a2="+56009" a3="/var/log/auth.log"
type=PATH msg=audit(1765984702.166:2541): item=0 name="/usr/bin/tail" inode=1442904 dev=08:02 mode=0100755 ouid=0 ogid=0 rdev=00:00 nametype=NORMAL cap_fp=0 cap_fi=0 cap_fe=0 cap_fver=0 cap_frootid=0OUID="root" OGID="root"
type=PATH msg=audit(1765984702.166:2541): item=1 name="/lib64/ld-linux-x86-64.so.2" inode=1481429 dev=08:02 mode=0100755 ouid=0 ogid=0 rdev=00:00 nametype=NORMAL cap_fp=0 cap_fi=0 cap_fe=0 cap_fver=0 cap_frootid=0OUID="root" OGID="root"
type=PROCTITLE msg=audit(1765984702.166:2541): proctitle=7461696C002D63002B3536303039002F7661722F6C6F672F617574682E6C6F67
type=SYSCALL msg=audit(1765984702.254:2542): arch=c000003e syscall=59 success=yes exit=0 a0=5f83f09dfe50 a1=5f83f09ff740 a2=5f83f0900cc0 a3=5f83f0a46b70 items=2 ppid=1560 pid=1840 auid=1000 uid=0 gid=0 euid=0 suid=0 fsuid=0 egid=0 sgid=0 fsgid=0 tty=pts3 ses=5 comm="tail" exe="/usr/bin/tail" subj=unconfined key="T1078_Valid_Accounts"ARCH=x86_64 SYSCALL=execve AUID="vboxuser" UID="root" GID="root" EUID="root" SUID="root" FSUID="root" EGID="root" SGID="root" FSGID="root"
type=EXECVE msg=audit(1765984702.254:2542): argc=4 a0="tail" a1="-c" a2="+150471095" a3="/var/log/audit/audit.log"
type=PATH msg=audit(1765984702.254:2542): item=0 name="/usr/bin/tail" inode=1442904 dev=08:02 mode=0100755 ouid=0 ogid=0 rdev=00:00 nametype=NORMAL cap_fp=0 cap_fi=0 cap_fe=0 cap_fver=0 cap_frootid=0OUID="root" OGID="root"
type=PATH msg=audit(1765984702.254:2542): item=1 name="/lib64/ld-linux-x86-64.so.2" inode=1481429 dev=08:02 mode=0100755 ouid=0 ogid=0 rdev=00:00 nametype=NORMAL cap_fp=0 cap_fi=0 cap_fe=0 cap_fver=0 cap_frootid=0OUID="root" OGID="root"
type=PROCTITLE msg=audit(1765984702.254:2542): proctitle=7461696C002D63002B313530343731303935002F7661722F6C6F672F61756469742F61756469742E6C6F67
type=SYSCALL msg=audit(1765984702.263:2543): arch=c000003e syscall=257 success=yes exit=3 a0=ffffff9c a1=7fff75c296c3 a2=0 a3=0 items=1 ppid=1560 pid=1840 auid=1000 uid=0 gid=0 euid=0 suid=0 fsuid=0 egid=0 sgid=0 fsgid=0 tty=pts3 ses=5 comm="tail" exe="/usr/bin/tail" subj=unconfined key="auditlog"ARCH=x86_64 SYSCALL=openat AUID="vboxuser" UID="root" GID="root" EUID="root" SUID="root" FSUID="root" EGID="root" SGID="root" FSGID="root"
type=PATH msg=audit(1765984702.263:2543): item=0 name="/var/log/audit/audit.log" inode=659339 dev=08:02 mode=0100640 ouid=0 ogid=4 rdev=00:00 nametype=NORMAL cap_fp=0 cap_fi=0 cap_fe=0 cap_fver=0 cap_frootid=0OUID="root" OGID="adm"
type=PROCTITLE msg=audit(1765984702.263:2543): proctitle=7461696C002D63002B313530343731303935002F7661722F6C6F672F61756469742F61756469742E6C6F67type=SYSCALL msg=audit(1765969130.767:2366): arch=c000003e syscall=42 success=yes exit=0 a0=e a1=7ffe619bab60 a2=1d a3=1 items=1 ppid=950 pid=1503 auid=4294967295 uid=33 gid=33 euid=33 suid=33 fsuid=33 egid=33 sgid=33 fsgid=33 tty=(none) ses=4294967295 comm="apache2" exe="/usr/sbin/apache2" subj=unconfined key="T1043_Commonly_Used_Port"ARCH=x86_64 SYSCALL=connect AUID="unset" UID="www-data" GID="www-data" EUID="www-data" SUID="www-data" FSUID="www-data" EGID="www-data" SGID="www-data" FSGID="www-data"
type=SOCKADDR msg=audit(1765969130.767:2366): saddr=01002F7661722F72756E2F6D7973716C642F6D7973716C642E736F636BSADDR={ saddr_fam=local path=/var/run/mysqld/mysqld.sock }
type=PATH msg=audit(1765969130.767:2366): item=0 name="/var/run/mysqld/mysqld.sock" inode=1361 dev=00:18 mode=0140777 ouid=111 ogid=111 rdev=00:00 nametype=NORMAL cap_fp=0 cap_fi=0 cap_fe=0 cap_fver=0 cap_frootid=0OUID="mysql" OGID="mysql"
type=PROCTITLE msg=audit(1765969130.767:2366): proctitle=2F7573722F7362696E2F61706163686532002D6B007374617274
type=SYSCALL msg=audit(1765969131.157:2367): arch=c000003e syscall=106 success=yes exit=0 a0=21 a1=7b17197df4a0 a2=0 a3=22 items=0 ppid=950 pid=1582 auid=4294967295 uid=0 gid=33 euid=0 suid=0 fsuid=0 egid=33 sgid=33 fsgid=33 tty=(none) ses=4294967295 comm="apache2" exe="/usr/sbin/apache2" subj=unconfined key="T1166_Seuid_and_Setgid"ARCH=x86_64 SYSCALL=setgid AUID="unset" UID="root" GID="www-data" EUID="root" SUID="root" FSUID="root" EGID="www-data" SGID="www-data" FSGID="www-data"
type=PROCTITLE msg=audit(1765969131.157:2367): proctitle=2F7573722F7362696E2F61706163686532002D6B007374617274
type=SYSCALL msg=audit(1765969131.159:2368): arch=c000003e syscall=42 success=yes exit=0 a0=c a1=7ffe619be030 a2=2d a3=579ea5ae71f0 items=1 ppid=950 pid=1582 auid=4294967295 uid=0 gid=33 euid=0 suid=0 fsuid=0 egid=33 sgid=33 fsgid=33 tty=(none) ses=4294967295 comm="apache2" exe="/usr/sbin/apache2" subj=unconfined key="T1043_Commonly_Used_Port"ARCH=x86_64 SYSCALL=connect AUID="unset" UID="root" GID="www-data" EUID="root" SUID="root" FSUID="root" EGID="www-data" SGID="www-data" FSGID="www-data"
type=SOCKADDR msg=audit(1765969131.159:2368): saddr=01002F72756E2F73797374656D642F7573657264622F696F2E73797374656D642E44796E616D69635573657200SADDR={ saddr_fam=local path=/run/systemd/userdb/io.systemd.DynamicUser }
type=PATH msg=audit(1765969131.159:2368): item=0 name="/run/systemd/userdb/io.systemd.DynamicUser" inode=443 dev=00:18 mode=0140666 ouid=0 ogid=0 rdev=00:00 nametype=NORMAL cap_fp=0 cap_fi=0 cap_fe=0 cap_fver=0 cap_frootid=0OUID="root" OGID="root"
type=PROCTITLE msg=audit(1765969131.159:2368): proctitle=2F7573722F7362696E2F61706163686532002D6B007374617274
type=SYSCALL msg=audit(1765969131.161:2369): arch=c000003e syscall=105 success=yes exit=0 a0=21 a1=579ea595eda0 a2=579bdc4421ee a3=579ea595edb0 items=0 ppid=950 pid=1582 auid=4294967295 uid=33 gid=33 euid=33 suid=33 fsuid=33 egid=33 sgid=33 fsgid=33 tty=(none) ses=4294967295 comm="apache2" exe="/usr/sbin/apache2" subj=unconfined key="T1166_Seuid_and_Setgid"ARCH=x86_64 SYSCALL=setuid AUID="unset" UID="www-data" GID="www-data" EUID="www-data" SUID="www-data" FSUID="www-data" EGID="www-data" SGID="www-data" FSGID="www-data"
type=PROCTITLE msg=audit(1765969131.161:2369): proctitle=2F7573722F7362696E2F61706163686532002D6B007374617274
type=SYSCALL msg=audit(1765969153.724:2370): arch=c000003e syscall=59 success=yes exit=0 a0=6420a6344b80 a1=6420a634af20 a2=6420a62d6960 a3=8 items=2 ppid=1304 pid=1587 auid=1000 uid=0 gid=0 euid=0 suid=0 fsuid=0 egid=0 sgid=0 fsgid=0 tty=pts1 ses=1 comm="grep" exe="/usr/bin/grep" subj=unconfined key="T1078_Valid_Accounts"ARCH=x86_64 SYSCALL=execve AUID="vboxuser" UID="root" GID="root" EUID="root" SUID="root" FSUID="root" EGID="root" SGID="root" FSGID="root"
type=EXECVE msg=audit(1765969153.724:2370): argc=3 a0="grep" a1="-q" a2="function"
type=PATH msg=audit(1765969153.724:2370): item=0 name="/usr/bin/grep" inode=1442450 dev=08:02 mode=0100755 ouid=0 ogid=0 rdev=00:00 nametype=NORMAL cap_fp=0 cap_fi=0 cap_fe=0 cap_fver=0 cap_frootid=0OUID="root" OGID="root"
type=PATH msg=audit(1765969153.724:2370): item=1 name="/lib64/ld-linux-x86-64.so.2" inode=1481429 dev=08:02 mode=0100755 ouid=0 ogid=0 rdev=00:00 nametype=NORMAL cap_fp=0 cap_fi=0 cap_fe=0 cap_fver=0 cap_frootid=0OUID="root" OGID="root"
type=PROCTITLE msg=audit(1765969153.724:2370): proctitle=67726570002D710066756E6374696F6E
type=SYSCALL msg=audit(1765969174.607:2371): arch=c000003e syscall=59 success=yes exit=0 a0=6420a633eb20 a1=6420a62f0020 a2=6420a62d6960 a3=6420a6345a40 items=2 ppid=1304 pid=1852 auid=1000 uid=0 gid=0 euid=0 suid=0 fsuid=0 egid=0 sgid=0 fsgid=0 tty=pts1 ses=1 comm="vim" exe="/usr/bin/vim.basic" subj=unconfined key="T1078_Valid_Accounts"ARCH=x86_64 SYSCALL=execve AUID="vboxuser" UID="root" GID="root" EUID="root" SUID="root" FSUID="root" EGID="root" SGID="root" FSGID="root"
type=EXECVE msg=audit(1765969174.607:2371): argc=2 a0="vim" a1="/etc/apache2/sites-enabled/nextcloud.conf"
type=PATH msg=audit(1765969174.607:2371): item=0 name="/usr/bin/vim" inode=1483710 dev=08:02 mode=0100755 ouid=0 ogid=0 rdev=00:00 nametype=NORMAL cap_fp=0 cap_fi=0 cap_fe=0 cap_fver=0 cap_frootid=0OUID="root" OGID="root"
type=PATH msg=audit(1765969174.607:2371): item=1 name="/lib64/ld-linux-x86-64.so.2" inode=1481429 dev=08:02 mode=0100755 ouid=0 ogid=0 rdev=00:00 nametype=NORMAL cap_fp=0 cap_fi=0 cap_fe=0 cap_fver=0 cap_frootid=0OUID="root" OGID="root"
type=PROCTITLE msg=audit(1765969174.607:2371): proctitle=76696D002F6574632F617061636865322F73697465732D656E61626C65642F6E657874636C6F75642E636F6E66
type=SYSCALL msg=audit(1765969174.777:2372): arch=c000003e syscall=87 success=yes exit=0 a0=5e695b101370 a1=7ffde51d3240 a2=5 a3=180 items=2 ppid=1304 pid=1852 auid=1000 uid=0 gid=0 euid=0 suid=0 fsuid=0 egid=0 sgid=0 fsgid=0 tty=pts1 ses=1 comm="vim" exe="/usr/bin/vim.basic" subj=unconfined key="T1107_File_Deletion"ARCH=x86_64 SYSCALL=unlink AUID="vboxuser" UID="root" GID="root" EUID="root" SUID="root" FSUID="root" EGID="root" SGID="root" FSGID="root"
type=PATH msg=audit(1765969174.777:2372): item=0 name="/etc/apache2/sites-available/" inode=1050469 dev=08:02 mode=040755 ouid=0 ogid=0 rdev=00:00 nametype=PARENT cap_fp=0 cap_fi=0 cap_fe=0 cap_fver=0 cap_frootid=0OUID="root" OGID="root"
type=PATH msg=audit(1765969174.777:2372): item=1 name="/etc/apache2/sites-available/.nextcloud.conf.swx" inode=1051118 dev=08:02 mode=0100600 ouid=0 ogid=0 rdev=00:00 nametype=DELETE cap_fp=0 cap_fi=0 cap_fe=0 cap_fver=0 cap_frootid=0OUID="root" OGID="root"
type=PROCTITLE msg=audit(1765969174.777:2372): proctitle=76696D002F6574632F617061636865322F73697465732D656E61626C65642F6E657874636C6F75642E636F6E66
type=SYSCALL msg=audit(1765969174.777:2373): arch=c000003e syscall=87 success=yes exit=0 a0=5e695b1013b0 a1=7ffde51d3240 a2=5 a3=180 items=2 ppid=1304 pid=1852 auid=1000 uid=0 gid=0 euid=0 suid=0 fsuid=0 egid=0 sgid=0 fsgid=0 tty=pts1 ses=1 comm="vim" exe="/usr/bin/vim.basic" subj=unconfined key="T1107_File_Deletion"ARCH=x86_64 SYSCALL=unlink AUID="vboxuser" UID="root" GID="root" EUID="root" SUID="root" FSUID="root" EGID="root" SGID="root" FSGID="root"
type=PATH msg=audit(1765969174.777:2373): item=0 name="/etc/apache2/sites-available/" inode=1050469 dev=08:02 mode=040755 ouid=0 ogid=0 rdev=00:00 nametype=PARENT cap_fp=0 cap_fi=0 cap_fe=0 cap_fver=0 cap_frootid=0OUID="root" OGID="root"
type=PATH msg=audit(1765969174.777:2373): item=1 name="/etc/apache2/sites-available/.nextcloud.conf.swp" inode=1049747 dev=08:02 mode=0100600 ouid=0 ogid=0 rdev=00:00 nametype=DELETE cap_fp=0 cap_fi=0 cap_fe=0 cap_fver=0 cap_frootid=0OUID="root" OGID="root"
type=PROCTITLE msg=audit(1765969174.777:2373): proctitle=76696D002F6574632F617061636865322F73697465732D656E61626C65642F6E657874636C6F75642E636F6E66
type=SYSCALL msg=audit(1765969174.777:2374): arch=c000003e syscall=90 success=yes exit=0 a0=5e695b1013b0 a1=1a4 a2=0 a3=5e6935474c60 items=1 ppid=1304 pid=1852 auid=1000 uid=0 gid=0 euid=0 suid=0 fsuid=0 egid=0 sgid=0 fsgid=0 tty=pts1 ses=1 comm="vim" exe="/usr/bin/vim.basic" subj=unconfined key="T1166_Seuid_and_Setgid"ARCH=x86_64 SYSCALL=chmod AUID="vboxuser" UID="root" GID="root" EUID="root" SUID="root" FSUID="root" EGID="root" SGID="root" FSGID="root"
type=PATH msg=audit(1765969174.777:2374): item=0 name="/etc/apache2/sites-available/.nextcloud.conf.swp" inode=1049747 dev=08:02 mode=0100600 ouid=0 ogid=0 rdev=00:00 nametype=NORMAL cap_fp=0 cap_fi=0 cap_fe=0 cap_fver=0 cap_frootid=0OUID="root" OGID="root"
type=PROCTITLE msg=audit(1765969174.777:2374): proctitle=76696D002F6574632F617061636865322F73697465732D656E61626C65642F6E657874636C6F75642E636F6E66
type=SYSCALL msg=audit(1765969179.537:2375): arch=c000003e syscall=87 success=yes exit=0 a0=5e695b3e3270 a1=5e695b3e3270 a2=7ffde51d20c0 a3=0 items=2 ppid=1304 pid=1852 auid=1000 uid=0 gid=0 euid=0 suid=0 fsuid=0 egid=0 sgid=0 fsgid=0 tty=pts1 ses=1 comm="vim" exe="/usr/bin/vim.basic" subj=unconfined key="T1107_File_Deletion"ARCH=x86_64 SYSCALL=unlink AUID="vboxuser" UID="root" GID="root" EUID="root" SUID="root" FSUID="root" EGID="root" SGID="root" FSGID="root"
type=PATH msg=audit(1765969179.537:2375): item=0 name="/root/" inode=1048578 dev=08:02 mode=040700 ouid=0 ogid=0 rdev=00:00 nametype=PARENT cap_fp=0 cap_fi=0 cap_fe=0 cap_fver=0 cap_frootid=0OUID="root" OGID="root"
type=PATH msg=audit(1765969179.537:2375): item=1 name="/root/.viminfo" inode=1051134 dev=08:02 mode=0100600 ouid=0 ogid=0 rdev=00:00 nametype=DELETE cap_fp=0 cap_fi=0 cap_fe=0 cap_fver=0 cap_frootid=0OUID="root" OGID="root"
type=PROCTITLE msg=audit(1765969179.537:2375): proctitle=76696D002F6574632F617061636865322F73697465732D656E61626C65642F6E657874636C6F75642E636F6E66
type=SYSCALL msg=audit(1765969179.537:2376): arch=c000003e syscall=82 success=yes exit=0 a0=5e695b3a9020 a1=5e695b3e3270 a2=7ffde51d20c0 a3=0 items=4 ppid=1304 pid=1852 auid=1000 uid=0 gid=0 euid=0 suid=0 fsuid=0 egid=0 sgid=0 fsgid=0 tty=pts1 ses=1 comm="vim" exe="/usr/bin/vim.basic" subj=unconfined key="T1107_File_Deletion"ARCH=x86_64 SYSCALL=rename AUID="vboxuser" UID="root" GID="root" EUID="root" SUID="root" FSUID="root" EGID="root" SGID="root" FSGID="root"
type=PATH msg=audit(1765969179.537:2376): item=0 name="/root/" inode=1048578 dev=08:02 mode=040700 ouid=0 ogid=0 rdev=00:00 nametype=PARENT cap_fp=0 cap_fi=0 cap_fe=0 cap_fver=0 cap_frootid=0OUID="root" OGID="root"
type=PATH msg=audit(1765969179.537:2376): item=1 name="/root/" inode=1048578 dev=08:02 mode=040700 ouid=0 ogid=0 rdev=00:00 nametype=PARENT cap_fp=0 cap_fi=0 cap_fe=0 cap_fver=0 cap_frootid=0OUID="root" OGID="root"
type=PATH msg=audit(1765969179.537:2376): item=2 name="/root/.viminfo.tmp" inode=1051118 dev=08:02 mode=0100600 ouid=0 ogid=0 rdev=00:00 nametype=DELETE cap_fp=0 cap_fi=0 cap_fe=0 cap_fver=0 cap_frootid=0OUID="root" OGID="root"
type=PATH msg=audit(1765969179.537:2376): item=3 name="/root/.viminfo" inode=1051118 dev=08:02 mode=0100600 ouid=0 ogid=0 rdev=00:00 nametype=CREATE cap_fp=0 cap_fi=0 cap_fe=0 cap_fver=0 cap_frootid=0OUID="root" OGID="root"
type=PROCTITLE msg=audit(1765969179.537:2376): proctitle=76696D002F6574632F617061636865322F73697465732D656E61626C65642F6E657874636C6F75642E636F6E66
type=SYSCALL msg=audit(1765969179.564:2377): arch=c000003e syscall=87 success=yes exit=0 a0=5e695b101370 a1=0 a2=0 a3=5e6935474c60 items=2 ppid=1304 pid=1852 auid=1000 uid=0 gid=0 euid=0 suid=0 fsuid=0 egid=0 sgid=0 fsgid=0 tty=pts1 ses=1 comm="vim" exe="/usr/bin/vim.basic" subj=unconfined key="T1107_File_Deletion"ARCH=x86_64 SYSCALL=unlink AUID="vboxuser" UID="root" GID="root" EUID="root" SUID="root" FSUID="root" EGID="root" SGID="root" FSGID="root"
type=PATH msg=audit(1765969179.564:2377): item=0 name="/etc/apache2/sites-available/" inode=1050469 dev=08:02 mode=040755 ouid=0 ogid=0 rdev=00:00 nametype=PARENT cap_fp=0 cap_fi=0 cap_fe=0 cap_fver=0 cap_frootid=0OUID="root" OGID="root"
type=PATH msg=audit(1765969179.564:2377): item=1 name="/etc/apache2/sites-available/.nextcloud.conf.swp" inode=1049747 dev=08:02 mode=0100644 ouid=0 ogid=0 rdev=00:00 nametype=DELETE cap_fp=0 cap_fi=0 cap_fe=0 cap_fver=0 cap_frootid=0OUID="root" OGID="root"
type=PROCTITLE msg=audit(1765969179.564:2377): proctitle=76696D002F6574632F617061636865322F73697465732D656E61626C65642F6E657874636C6F75642E636F6E66
type=SYSCALL msg=audit(1765969199.595:2378): arch=c000003e syscall=59 success=yes exit=0 a0=7fff76b64be0 a1=7fff76b64c00 a2=7fff76b65708 a3=8 items=2 ppid=1 pid=2000 auid=4294967295 uid=0 gid=0 euid=0 suid=0 fsuid=0 egid=0 sgid=0 fsgid=0 tty=(none) ses=4294967295 comm="9" exe="/usr/lib/systemd/systemd-executor" subj=unconfined key="T1078_Valid_Accounts"ARCH=x86_64 SYSCALL=execve AUID="unset" UID="root" GID="root" EUID="root" SUID="root" FSUID="root" EGID="root" SGID="root" FSGID="root"
type=EXECVE msg=audit(1765969199.595:2378): argc=7 a0="/usr/lib/systemd/systemd-executor" a1="--deserialize" a2="106" a3="--log-level" a4="info" a5="--log-target" a6="journal-or-kmsg"
type=PATH msg=audit(1765969199.595:2378): item=0 name="/proc/self/fd/9" inode=1463834 dev=08:02 mode=0100755 ouid=0 ogid=0 rdev=00:00 nametype=NORMAL cap_fp=0 cap_fi=0 cap_fe=0 cap_fver=0 cap_frootid=0OUID="root" OGID="root"
type=PATH msg=audit(1765969199.595:2378): item=1 name="/lib64/ld-linux-x86-64.so.2" inode=1481429 dev=08:02 mode=0100755 ouid=0 ogid=0 rdev=00:00 nametype=NORMAL cap_fp=0 cap_fi=0 cap_fe=0 cap_fver=0 cap_frootid=0OUID="root" OGID="root"
type=PROCTITLE msg=audit(1765969199.595:2378): proctitle=2F7573722F6C69622F73797374656D642F73797374656D642D6578656375746F72002D2D646573657269616C697A6500313036002D2D6C6F672D6C6576656C00696E666F002D2D6C6F672D746172676574006A6F75726E616C2D6F722D6B6D7367
type=SYSCALL msg=audit(1765969199.607:2379): arch=c000003e syscall=42 success=yes exit=0 a0=4 a1=7ffc61c7b200 a2=1e a3=7ffc61c7b2b0 items=1 ppid=1 pid=2000 auid=4294967295 uid=0 gid=0 euid=0 suid=0 fsuid=0 egid=0 sgid=0 fsgid=0 tty=(none) ses=4294967295 comm="9" exe="/usr/lib/systemd/systemd-executor" subj=unconfined key="T1043_Commonly_Used_Port"ARCH=x86_64 SYSCALL=connect AUID="unset" UID="root" GID="root" EUID="root" SUID="root" FSUID="root" EGID="root" SGID="root" FSGID="root"
type=SOCKADDR msg=audit(1765969199.607:2379): saddr=01002F72756E2F73797374656D642F6A6F75726E616C2F736F636B657400SADDR={ saddr_fam=local path=/run/systemd/journal/socket }
type=PATH msg=audit(1765969199.607:2379): item=0 name="/run/systemd/journal/socket" inode=456 dev=00:18 mode=0140666 ouid=0 ogid=0 rdev=00:00 nametype=NORMAL cap_fp=0 cap_fi=0 cap_fe=0 cap_fver=0 cap_frootid=0OUID="root" OGID="root"
type=PROCTITLE msg=audit(1765969199.607:2379): proctitle=2F7573722F6C69622F73797374656D642F73797374656D642D6578656375746F72002D2D646573657269616C697A6500313036002D2D6C6F672D6C6576656C00696E666F002D2D6C6F672D746172676574006A6F75726E616C2D6F722D6B6D7367
type=SYSCALL msg=audit(1765969199.628:2380): arch=c000003e syscall=42 success=yes exit=0 a0=3 a1=7ffc61c7ad80 a2=1e a3=fffffff7 items=1 ppid=1 pid=2000 auid=4294967295 uid=0 gid=0 euid=0 suid=0 fsuid=0 egid=0 sgid=0 fsgid=0 tty=(none) ses=4294967295 comm="(wnloader)" exe="/usr/lib/systemd/systemd-executor" subj=unconfined key="T1043_Commonly_Used_Port"ARCH=x86_64 SYSCALL=connect AUID="unset" UID="root" GID="root" EUID="root" SUID="root" FSUID="root" EGID="root" SGID="root" FSGID="root"
type=SOCKADDR msg=audit(1765969199.628:2380): saddr=01002F72756E2F73797374656D642F6A6F75726E616C2F7374646F757400SADDR={ saddr_fam=local path=/run/systemd/journal/stdout }
type=PATH msg=audit(1765969199.628:2380): item=0 name="/run/systemd/journal/stdout" inode=457 dev=00:18 mode=0140666 ouid=0 ogid=0 rdev=00:00 nametype=NORMAL cap_fp=0 cap_fi=0 cap_fe=0 cap_fver=0 cap_frootid=0OUID="root" OGID="root"
type=PROCTITLE msg=audit(1765969199.628:2380): proctitle=2F7573722F6C69622F73797374656D642F73797374656D642D6578656375746F72002D2D646573657269616C697A6500313036002D2D6C6F672D6C6576656C00696E666F002D2D6C6F672D746172676574006A6F75726E616C2D6F722D6B6D7367
type=SYSCALL msg=audit(1765969199.628:2381): arch=c000003e syscall=59 success=yes exit=0 a0=57d74464f090 a1=57d74464f070 a2=57d74464ed90 a3=57d74464f990 items=3 ppid=1 pid=2000 auid=4294967295 uid=0 gid=0 euid=0 suid=0 fsuid=0 egid=0 sgid=0 fsgid=0 tty=(none) ses=4294967295 comm="package-data-do" exe="/usr/bin/python3.12" subj=unconfined key="T1078_Valid_Accounts"ARCH=x86_64 SYSCALL=execve AUID="unset" UID="root" GID="root" EUID="root" SUID="root" FSUID="root" EGID="root" SGID="root" FSGID="root"
type=EXECVE msg=audit(1765969199.628:2381): argc=2 a0="/usr/bin/python3" a1="/usr/lib/update-notifier/package-data-downloader"
type=PATH msg=audit(1765969199.628:2381): item=0 name="/usr/lib/update-notifier/package-data-downloader" inode=1455128 dev=08:02 mode=0100755 ouid=0 ogid=0 rdev=00:00 nametype=NORMAL cap_fp=0 cap_fi=0 cap_fe=0 cap_fver=0 cap_frootid=0OUID="root" OGID="root"
type=PATH msg=audit(1765969199.628:2381): item=1 name="/usr/bin/python3" inode=1441874 dev=08:02 mode=0100755 ouid=0 ogid=0 rdev=00:00 nametype=NORMAL cap_fp=0 cap_fi=0 cap_fe=0 cap_fver=0 cap_frootid=0OUID="root" OGID="root"
type=PATH msg=audit(1765969199.628:2381): item=2 name="/lib64/ld-linux-x86-64.so.2" inode=1481429 dev=08:02 mode=0100755 ouid=0 ogid=0 rdev=00:00 nametype=NORMAL cap_fp=0 cap_fi=0 cap_fe=0 cap_fver=0 cap_frootid=0OUID="root" OGID="root"
type=PROCTITLE msg=audit(1765969199.628:2381): proctitle=2F7573722F6C69622F73797374656D642F73797374656D642D6578656375746F72002D2D646573657269616C697A6500313036002D2D6C6F672D6C6576656C00696E666F002D2D6C6F672D746172676574006A6F75726E616C2D6F722D6B6D7367
type=SERVICE_START msg=audit(1765969199.805:2382): pid=1 uid=0 auid=4294967295 ses=4294967295 subj=unconfined msg='unit=update-notifier-download comm="systemd" exe="/usr/lib/systemd/systemd" hostname=? addr=? terminal=? res=success'UID="root" AUID="unset"
type=SERVICE_STOP msg=audit(1765969199.805:2383): pid=1 uid=0 auid=4294967295 ses=4294967295 subj=unconfined msg='unit=update-notifier-download comm="systemd" exe="/usr/lib/systemd/systemd" hostname=? addr=? terminal=? res=success'UID="root" AUID="unset"
type=SYSCALL msg=audit(1765969200.537:2384): arch=c000003e syscall=59 success=no exit=-13 a0=6420a6357520 a1=6420a63448d0 a2=6420a62d6960 a3=6420a6344a50 items=1 ppid=1304 pid=2002 auid=1000 uid=0 gid=0 euid=0 suid=0 fsuid=0 egid=0 sgid=0 fsgid=0 tty=pts1 ses=1 comm="bash" exe="/usr/bin/bash" subj=unconfined key="T1078_Valid_Accounts"ARCH=x86_64 SYSCALL=execve AUID="vboxuser" UID="root" GID="root" EUID="root" SUID="root" FSUID="root" EGID="root" SGID="root" FSGID="root"
type=PATH msg=audit(1765969200.537:2384): item=0 name="/var/www/nextcloud/config/" inode=696342 dev=08:02 mode=040755 ouid=33 ogid=33 rdev=00:00 nametype=NORMAL cap_fp=0 cap_fi=0 cap_fe=0 cap_fver=0 cap_frootid=0OUID="www-data" OGID="www-data"
type=PROCTITLE msg=audit(1765969200.537:2384): proctitle="-bash"
type=SYSCALL msg=audit(1765969206.277:2385): arch=c000003e syscall=59 success=yes exit=0 a0=6420a6344870 a1=6420a633cf40 a2=6420a62d6960 a3=6420a6340bf0 items=2 ppid=1304 pid=2003 auid=1000 uid=0 gid=0 euid=0 suid=0 fsuid=0 egid=0 sgid=0 fsgid=0 tty=pts1 ses=1 comm="ls" exe="/usr/bin/ls" subj=unconfined key="T1078_Valid_Accounts"ARCH=x86_64 SYSCALL=execve AUID="vboxuser" UID="root" GID="root" EUID="root" SUID="root" FSUID="root" EGID="root" SGID="root" FSGID="root"
type=EXECVE msg=audit(1765969206.277:2385): argc=3 a0="ls" a1="--color=auto" a2="-lah"
type=PATH msg=audit(1765969206.277:2385): item=0 name="/usr/bin/ls" inode=1442533 dev=08:02 mode=0100755 ouid=0 ogid=0 rdev=00:00 nametype=NORMAL cap_fp=0 cap_fi=0 cap_fe=0 cap_fver=0 cap_frootid=0OUID="root" OGID="root"
type=PATH msg=audit(1765969206.277:2385): item=1 name="/lib64/ld-linux-x86-64.so.2" inode=1481429 dev=08:02 mode=0100755 ouid=0 ogid=0 rdev=00:00 nametype=NORMAL cap_fp=0 cap_fi=0 cap_fe=0 cap_fver=0 cap_frootid=0OUID="root" OGID="root"
type=PROCTITLE msg=audit(1765969206.277:2385): proctitle=6C73002D2D636F6C6F723D6175746F002D6C6168
type=SYSCALL msg=audit(1765969216.324:2386): arch=c000003e syscall=59 success=yes exit=0 a0=6420a634c040 a1=6420a63487c0 a2=6420a62d6960 a3=6420a63487c0 items=2 ppid=1304 pid=2020 auid=1000 uid=0 gid=0 euid=0 suid=0 fsuid=0 egid=0 sgid=0 fsgid=0 tty=pts1 ses=1 comm="diff" exe="/usr/bin/diff" subj=unconfined key="T1078_Valid_Accounts"ARCH=x86_64 SYSCALL=execve AUID="vboxuser" UID="root" GID="root" EUID="root" SUID="root" FSUID="root" EGID="root" SGID="root" FSGID="root"
type=EXECVE msg=audit(1765969216.324:2386): argc=3 a0="diff" a1="config.php" a2="config.sample.php"
type=PATH msg=audit(1765969216.324:2386): item=0 name="/usr/bin/diff" inode=1442372 dev=08:02 mode=0100755 ouid=0 ogid=0 rdev=00:00 nametype=NORMAL cap_fp=0 cap_fi=0 cap_fe=0 cap_fver=0 cap_frootid=0OUID="root" OGID="root"
type=PATH msg=audit(1765969216.324:2386): item=1 name="/lib64/ld-linux-x86-64.so.2" inode=1481429 dev=08:02 mode=0100755 ouid=0 ogid=0 rdev=00:00 nametype=NORMAL cap_fp=0 cap_fi=0 cap_fe=0 cap_fver=0 cap_frootid=0OUID="root" OGID="root"
type=PROCTITLE msg=audit(1765969216.324:2386): proctitle=6469666600636F6E6669672E70687000636F6E6669672E73616D706C652E706870
type=SYSCALL msg=audit(1765969221.325:2387): arch=c000003e syscall=59 success=yes exit=0 a0=6420a63523c0 a1=6420a635a490 a2=6420a62d6960 a3=6420a635a490 items=2 ppid=1304 pid=2021 auid=1000 uid=0 gid=0 euid=0 suid=0 fsuid=0 egid=0 sgid=0 fsgid=0 tty=pts1 ses=1 comm="diff" exe="/usr/bin/diff" subj=unconfined key="T1078_Valid_Accounts"ARCH=x86_64 SYSCALL=execve AUID="vboxuser" UID="root" GID="root" EUID="root" SUID="root" FSUID="root" EGID="root" SGID="root" FSGID="root"
type=EXECVE msg=audit(1765969221.325:2387): argc=4 a0="diff" a1="-y" a2="config.php" a3="config.sample.php"
type=PATH msg=audit(1765969221.325:2387): item=0 name="/usr/bin/diff" inode=1442372 dev=08:02 mode=0100755 ouid=0 ogid=0 rdev=00:00 nametype=NORMAL cap_fp=0 cap_fi=0 cap_fe=0 cap_fver=0 cap_frootid=0OUID="root" OGID="root"
type=PATH msg=audit(1765969221.325:2387): item=1 name="/lib64/ld-linux-x86-64.so.2" inode=1481429 dev=08:02 mode=0100755 ouid=0 ogid=0 rdev=00:00 nametype=NORMAL cap_fp=0 cap_fi=0 cap_fe=0 cap_fver=0 cap_frootid=0OUID="root" OGID="root"
type=PROCTITLE msg=audit(1765969221.325:2387): proctitle=64696666002D7900636F6E6669672E70687000636F6E6669672E73616D706C652E706870
type=SYSCALL msg=audit(1765969224.955:2388): arch=c000003e syscall=59 success=yes exit=0 a0=7fff76b64be0 a1=7fff76b64c00 a2=7fff76b65708 a3=8 items=2 ppid=1 pid=2022 auid=4294967295 uid=0 gid=0 euid=0 suid=0 fsuid=0 egid=0 sgid=0 fsgid=0 tty=(none) ses=4294967295 comm="9" exe="/usr/lib/systemd/systemd-executor" subj=unconfined key="T1078_Valid_Accounts"ARCH=x86_64 SYSCALL=execve AUID="unset" UID="root" GID="root" EUID="root" SUID="root" FSUID="root" EGID="root" SGID="root" FSGID="root"
type=EXECVE msg=audit(1765969224.955:2388): argc=7 a0="/usr/lib/systemd/systemd-executor" a1="--deserialize" a2="106" a3="--log-level" a4="info" a5="--log-target" a6="journal-or-kmsg"
type=PATH msg=audit(1765969224.955:2388): item=0 name="/proc/self/fd/9" inode=1463834 dev=08:02 mode=0100755 ouid=0 ogid=0 rdev=00:00 nametype=NORMAL cap_fp=0 cap_fi=0 cap_fe=0 cap_fver=0 cap_frootid=0OUID="root" OGID="root"
type=PATH msg=audit(1765969224.955:2388): item=1 name="/lib64/ld-linux-x86-64.so.2" inode=1481429 dev=08:02 mode=0100755 ouid=0 ogid=0 rdev=00:00 nametype=NORMAL cap_fp=0 cap_fi=0 cap_fe=0 cap_fver=0 cap_frootid=0OUID="root" OGID="root"
type=PROCTITLE msg=audit(1765969224.955:2388): proctitle=2F7573722F6C69622F73797374656D642F73797374656D642D6578656375746F72002D2D646573657269616C697A6500313036002D2D6C6F672D6C6576656C00696E666F002D2D6C6F672D746172676574006A6F75726E616C2D6F722D6B6D7367
type=SYSCALL msg=audit(1765969224.987:2389): arch=c000003e syscall=42 success=yes exit=0 a0=4 a1=7ffd7fa02850 a2=1e a3=7ffd7fa02900 items=1 ppid=1 pid=2022 auid=4294967295 uid=0 gid=0 euid=0 suid=0 fsuid=0 egid=0 sgid=0 fsgid=0 tty=(none) ses=4294967295 comm="9" exe="/usr/lib/systemd/systemd-executor" subj=unconfined key="T1043_Commonly_Used_Port"ARCH=x86_64 SYSCALL=connect AUID="unset" UID="root" GID="root" EUID="root" SUID="root" FSUID="root" EGID="root" SGID="root" FSGID="root"
type=SOCKADDR msg=audit(1765969224.987:2389): saddr=01002F72756E2F73797374656D642F6A6F75726E616C2F736F636B657400SADDR={ saddr_fam=local path=/run/systemd/journal/socket }
type=PATH msg=audit(1765969224.987:2389): item=0 name="/run/systemd/journal/socket" inode=456 dev=00:18 mode=0140666 ouid=0 ogid=0 rdev=00:00 nametype=NORMAL cap_fp=0 cap_fi=0 cap_fe=0 cap_fver=0 cap_frootid=0OUID="root" OGID="root"
type=PROCTITLE msg=audit(1765969224.987:2389): proctitle=2F7573722F6C69622F73797374656D642F73797374656D642D6578656375746F72002D2D646573657269616C697A6500313036002D2D6C6F672D6C6576656C00696E666F002D2D6C6F672D746172676574006A6F75726E616C2D6F722D6B6D7367
type=SYSCALL msg=audit(1765969224.998:2390): arch=c000003e syscall=42 success=yes exit=0 a0=3 a1=7ffd7fa023d0 a2=1e a3=fffffff7 items=1 ppid=1 pid=2022 auid=4294967295 uid=0 gid=0 euid=0 suid=0 fsuid=0 egid=0 sgid=0 fsgid=0 tty=(none) ses=4294967295 comm="(sa1)" exe="/usr/lib/systemd/systemd-executor" subj=unconfined key="T1043_Commonly_Used_Port"ARCH=x86_64 SYSCALL=connect AUID="unset" UID="root" GID="root" EUID="root" SUID="root" FSUID="root" EGID="root" SGID="root" FSGID="root"
type=SOCKADDR msg=audit(1765969224.998:2390): saddr=01002F72756E2F73797374656D642F6A6F75726E616C2F7374646F757400SADDR={ saddr_fam=local path=/run/systemd/journal/stdout }
type=PATH msg=audit(1765969224.998:2390): item=0 name="/run/systemd/journal/stdout" inode=457 dev=00:18 mode=0140666 ouid=0 ogid=0 rdev=00:00 nametype=NORMAL cap_fp=0 cap_fi=0 cap_fe=0 cap_fver=0 cap_frootid=0OUID="root" OGID="root"
type=PROCTITLE msg=audit(1765969224.998:2390): proctitle=2F7573722F6C69622F73797374656D642F73797374656D642D6578656375746F72002D2D646573657269616C697A6500313036002D2D6C6F672D6C6576656C00696E666F002D2D6C6F672D746172676574006A6F75726E616C2D6F722D6B6D7367
type=SYSCALL msg=audit(1765969224.999:2391): arch=c000003e syscall=59 success=yes exit=0 a0=5667771ac0c0 a1=5667771ac1c0 a2=5667771ab4b0 a3=5667771ac990 items=3 ppid=1 pid=2022 auid=4294967295 uid=0 gid=0 euid=0 suid=0 fsuid=0 egid=0 sgid=0 fsgid=0 tty=(none) ses=4294967295 comm="sa1" exe="/usr/bin/dash" subj=unconfined key="T1078_Valid_Accounts"ARCH=x86_64 SYSCALL=execve AUID="unset" UID="root" GID="root" EUID="root" SUID="root" FSUID="root" EGID="root" SGID="root" FSGID="root"
type=EXECVE msg=audit(1765969224.999:2391): argc=4 a0="/bin/sh" a1="/usr/lib/sysstat/sa1" a2="1" a3="1"
type=PATH msg=audit(1765969224.999:2391): item=0 name="/usr/lib/sysstat/sa1" inode=1456137 dev=08:02 mode=0100755 ouid=0 ogid=0 rdev=00:00 nametype=NORMAL cap_fp=0 cap_fi=0 cap_fe=0 cap_fver=0 cap_frootid=0OUID="root" OGID="root"
type=PATH msg=audit(1765969224.999:2391): item=1 name="/bin/sh" inode=1442345 dev=08:02 mode=0100755 ouid=0 ogid=0 rdev=00:00 nametype=NORMAL cap_fp=0 cap_fi=0 cap_fe=0 cap_fver=0 cap_frootid=0OUID="root" OGID="root"
type=PATH msg=audit(1765969224.999:2391): item=2 name="/lib64/ld-linux-x86-64.so.2" inode=1481429 dev=08:02 mode=0100755 ouid=0 ogid=0 rdev=00:00 nametype=NORMAL cap_fp=0 cap_fi=0 cap_fe=0 cap_fver=0 cap_frootid=0OUID="root" OGID="root"
type=PROCTITLE msg=audit(1765969224.999:2391): proctitle=2F7573722F6C69622F73797374656D642F73797374656D642D6578656375746F72002D2D646573657269616C697A6500313036002D2D6C6F672D6C6576656C00696E666F002D2D6C6F672D746172676574006A6F75726E616C2D6F722D6B6D7367
type=SYSCALL msg=audit(1765969225.005:2392): arch=c000003e syscall=59 success=yes exit=0 a0=638205ff9148 a1=638205ff9228 a2=638205ff9270 a3=0 items=2 ppid=1 pid=2022 auid=4294967295 uid=0 gid=0 euid=0 suid=0 fsuid=0 egid=0 sgid=0 fsgid=0 tty=(none) ses=4294967295 comm="sadc" exe="/usr/lib/sysstat/sadc" subj=unconfined key="T1078_Valid_Accounts"ARCH=x86_64 SYSCALL=execve AUID="unset" UID="root" GID="root" EUID="root" SUID="root" FSUID="root" EGID="root" SGID="root" FSGID="root"
type=EXECVE msg=audit(1765969225.005:2392): argc=8 a0="/usr/lib/sysstat/sadc" a1="-F" a2="-L" a3="-S" a4="DISK" a5="1" a6="1" a7="/var/log/sysstat"
type=PATH msg=audit(1765969225.005:2392): item=0 name="/usr/lib/sysstat/sadc" inode=1456139 dev=08:02 mode=0100755 ouid=0 ogid=0 rdev=00:00 nametype=NORMAL cap_fp=0 cap_fi=0 cap_fe=0 cap_fver=0 cap_frootid=0OUID="root" OGID="root"
type=PATH msg=audit(1765969225.005:2392): item=1 name="/lib64/ld-linux-x86-64.so.2" inode=1481429 dev=08:02 mode=0100755 ouid=0 ogid=0 rdev=00:00 nametype=NORMAL cap_fp=0 cap_fi=0 cap_fe=0 cap_fver=0 cap_frootid=0OUID="root" OGID="root"
type=PROCTITLE msg=audit(1765969225.005:2392): proctitle=2F7573722F6C69622F73797374656D642F73797374656D642D6578656375746F72002D2D646573657269616C697A6500313036002D2D6C6F672D6C6576656C00696E666F002D2D6C6F672D746172676574006A6F75726E616C2D6F722D6B6D7367
type=SERVICE_START msg=audit(1765969225.016:2393): pid=1 uid=0 auid=4294967295 ses=4294967295 subj=unconfined msg='unit=sysstat-collect comm="systemd" exe="/usr/lib/systemd/systemd" hostname=? addr=? terminal=? res=success'UID="root" AUID="unset"
type=SERVICE_STOP msg=audit(1765969225.016:2394): pid=1 uid=0 auid=4294967295 ses=4294967295 subj=unconfined msg='unit=sysstat-collect comm="systemd" exe="/usr/lib/systemd/systemd" hostname=? addr=? terminal=? res=success'UID="root" AUID="unset"
type=SYSCALL msg=audit(1765969228.878:2395): arch=c000003e syscall=59 success=yes exit=0 a0=6420a63402d0 a1=6420a634fef0 a2=6420a62d6960 a3=6420a6346810 items=2 ppid=1304 pid=2024 auid=1000 uid=0 gid=0 euid=0 suid=0 fsuid=0 egid=0 sgid=0 fsgid=0 tty=pts1 ses=1 comm="diff" exe="/usr/bin/diff" subj=unconfined key="T1078_Valid_Accounts"ARCH=x86_64 SYSCALL=execve AUID="vboxuser" UID="root" GID="root" EUID="root" SUID="root" FSUID="root" EGID="root" SGID="root" FSGID="root"
type=EXECVE msg=audit(1765969228.878:2395): argc=4 a0="diff" a1="-y" a2="config.php" a3="config.sample.php"
type=PATH msg=audit(1765969228.878:2395): item=0 name="/usr/bin/diff" inode=1442372 dev=08:02 mode=0100755 ouid=0 ogid=0 rdev=00:00 nametype=NORMAL cap_fp=0 cap_fi=0 cap_fe=0 cap_fver=0 cap_frootid=0OUID="root" OGID="root"
type=PATH msg=audit(1765969228.878:2395): item=1 name="/lib64/ld-linux-x86-64.so.2" inode=1481429 dev=08:02 mode=0100755 ouid=0 ogid=0 rdev=00:00 nametype=NORMAL cap_fp=0 cap_fi=0 cap_fe=0 cap_fver=0 cap_frootid=0OUID="root" OGID="root"
type=PROCTITLE msg=audit(1765969228.878:2395): proctitle=64696666002D7900636F6E6669672E70687000636F6E6669672E73616D706C652E706870
type=SYSCALL msg=audit(1765969228.880:2396): arch=c000003e syscall=59 success=yes exit=0 a0=6420a62d2f60 a1=6420a633fdb0 a2=6420a62d6960 a3=6420a634b020 items=3 ppid=2025 pid=2026 auid=1000 uid=0 gid=0 euid=0 suid=0 fsuid=0 egid=0 sgid=0 fsgid=0 tty=pts1 ses=1 comm="command-not-fou" exe="/usr/bin/python3.12" subj=unconfined key="T1078_Valid_Accounts"ARCH=x86_64 SYSCALL=execve AUID="vboxuser" UID="root" GID="root" EUID="root" SUID="root" FSUID="root" EGID="root" SGID="root" FSGID="root"
type=EXECVE msg=audit(1765969228.880:2396): argc=4 a0="/usr/bin/python3" a1="/usr/lib/command-not-found" a2="--" a3="LESS"
type=PATH msg=audit(1765969228.880:2396): item=0 name="/usr/lib/command-not-found" inode=1443040 dev=08:02 mode=0100755 ouid=0 ogid=0 rdev=00:00 nametype=NORMAL cap_fp=0 cap_fi=0 cap_fe=0 cap_fver=0 cap_frootid=0OUID="root" OGID="root"
type=PATH msg=audit(1765969228.880:2396): item=1 name="/usr/bin/python3" inode=1441874 dev=08:02 mode=0100755 ouid=0 ogid=0 rdev=00:00 nametype=NORMAL cap_fp=0 cap_fi=0 cap_fe=0 cap_fver=0 cap_frootid=0OUID="root" OGID="root"
type=PATH msg=audit(1765969228.880:2396): item=2 name="/lib64/ld-linux-x86-64.so.2" inode=1481429 dev=08:02 mode=0100755 ouid=0 ogid=0 rdev=00:00 nametype=NORMAL cap_fp=0 cap_fi=0 cap_fe=0 cap_fver=0 cap_frootid=0OUID="root" OGID="root"
type=PROCTITLE msg=audit(1765969228.880:2396): proctitle=2F7573722F62696E2F707974686F6E33002F7573722F6C69622F636F6D6D616E642D6E6F742D666F756E64002D2D004C455353
type=SYSCALL msg=audit(1765969228.990:2397): arch=c000003e syscall=42 success=yes exit=0 a0=5 a1=7ffcf53b1ec0 a2=2d a3=3d2d5a30 items=1 ppid=2025 pid=2026 auid=1000 uid=0 gid=0 euid=0 suid=0 fsuid=0 egid=0 sgid=0 fsgid=0 tty=pts1 ses=1 comm="command-not-fou" exe="/usr/bin/python3.12" subj=unconfined key="T1043_Commonly_Used_Port"ARCH=x86_64 SYSCALL=connect AUID="vboxuser" UID="root" GID="root" EUID="root" SUID="root" FSUID="root" EGID="root" SGID="root" FSGID="root"
type=SOCKADDR msg=audit(1765969228.990:2397): saddr=01002F72756E2F73797374656D642F7573657264622F696F2E73797374656D642E44796E616D69635573657200SADDR={ saddr_fam=local path=/run/systemd/userdb/io.systemd.DynamicUser }
type=PATH msg=audit(1765969228.990:2397): item=0 name="/run/systemd/userdb/io.systemd.DynamicUser" inode=443 dev=00:18 mode=0140666 ouid=0 ogid=0 rdev=00:00 nametype=NORMAL cap_fp=0 cap_fi=0 cap_fe=0 cap_fver=0 cap_frootid=0OUID="root" OGID="root"
type=PROCTITLE msg=audit(1765969228.990:2397): proctitle=2F7573722F62696E2F707974686F6E33002F7573722F6C69622F636F6D6D616E642D6E6F742D666F756E64002D2D004C455353
type=SYSCALL msg=audit(1765969228.995:2398): arch=c000003e syscall=42 success=yes exit=0 a0=5 a1=7ffcf53b1eb0 a2=2d a3=3d2da340 items=1 ppid=2025 pid=2026 auid=1000 uid=0 gid=0 euid=0 suid=0 fsuid=0 egid=0 sgid=0 fsgid=0 tty=pts1 ses=1 comm="command-not-fou" exe="/usr/bin/python3.12" subj=unconfined key="T1043_Commonly_Used_Port"ARCH=x86_64 SYSCALL=connect AUID="vboxuser" UID="root" GID="root" EUID="root" SUID="root" FSUID="root" EGID="root" SGID="root" FSGID="root"
type=SOCKADDR msg=audit(1765969228.995:2398): saddr=01002F72756E2F73797374656D642F7573657264622F696F2E73797374656D642E44796E616D69635573657200SADDR={ saddr_fam=local path=/run/systemd/userdb/io.systemd.DynamicUser }
type=PATH msg=audit(1765969228.995:2398): item=0 name="/run/systemd/userdb/io.systemd.DynamicUser" inode=443 dev=00:18 mode=0140666 ouid=0 ogid=0 rdev=00:00 nametype=NORMAL cap_fp=0 cap_fi=0 cap_fe=0 cap_fver=0 cap_frootid=0OUID="root" OGID="root"
type=PROCTITLE msg=audit(1765969228.995:2398): proctitle=2F7573722F62696E2F707974686F6E33002F7573722F6C69622F636F6D6D616E642D6E6F742D666F756E64002D2D004C455353
type=SYSCALL msg=audit(1765969228.998:2399): arch=c000003e syscall=59 success=yes exit=0 a0=7e80266d4880 a1=7e8025260390 a2=7ffcf53b2c80 a3=7e80264148a8 items=2 ppid=2026 pid=2027 auid=1000 uid=0 gid=0 euid=0 suid=0 fsuid=0 egid=0 sgid=0 fsgid=0 tty=pts1 ses=1 comm="snap" exe="/usr/bin/snap" subj=unconfined key="T1078_Valid_Accounts"ARCH=x86_64 SYSCALL=execve AUID="vboxuser" UID="root" GID="root" EUID="root" SUID="root" FSUID="root" EGID="root" SGID="root" FSGID="root"
type=EXECVE msg=audit(1765969228.998:2399): argc=5 a0="/usr/bin/snap" a1="advise-snap" a2="--format=json" a3="--command" a4="LESS"
type=PATH msg=audit(1765969228.998:2399): item=0 name="/usr/bin/snap" inode=1458585 dev=08:02 mode=0100755 ouid=0 ogid=0 rdev=00:00 nametype=NORMAL cap_fp=0 cap_fi=0 cap_fe=0 cap_fver=0 cap_frootid=0OUID="root" OGID="root"
type=PATH msg=audit(1765969228.998:2399): item=1 name="/lib64/ld-linux-x86-64.so.2" inode=1481429 dev=08:02 mode=0100755 ouid=0 ogid=0 rdev=00:00 nametype=NORMAL cap_fp=0 cap_fi=0 cap_fe=0 cap_fver=0 cap_frootid=0OUID="root" OGID="root"
type=PROCTITLE msg=audit(1765969228.998:2399): proctitle=2F7573722F62696E2F736E6170006164766973652D736E6170002D2D666F726D61743D6A736F6E002D2D636F6D6D616E64004C455353
type=SYSCALL msg=audit(1765969233.337:2400): arch=c000003e syscall=59 success=yes exit=0 a0=6420a6344960 a1=6420a6346810 a2=6420a62d6960 a3=8 items=2 ppid=1304 pid=2032 auid=1000 uid=0 gid=0 euid=0 suid=0 fsuid=0 egid=0 sgid=0 fsgid=0 tty=pts1 ses=1 comm="diff" exe="/usr/bin/diff" subj=unconfined key="T1078_Valid_Accounts"ARCH=x86_64 SYSCALL=execve AUID="vboxuser" UID="root" GID="root" EUID="root" SUID="root" FSUID="root" EGID="root" SGID="root" FSGID="root"
type=EXECVE msg=audit(1765969233.337:2400): argc=4 a0="diff" a1="-y" a2="config.php" a3="config.sample.php"
type=PATH msg=audit(1765969233.337:2400): item=0 name="/usr/bin/diff" inode=1442372 dev=08:02 mode=0100755 ouid=0 ogid=0 rdev=00:00 nametype=NORMAL cap_fp=0 cap_fi=0 cap_fe=0 cap_fver=0 cap_frootid=0OUID="root" OGID="root"
type=PATH msg=audit(1765969233.337:2400): item=1 name="/lib64/ld-linux-x86-64.so.2" inode=1481429 dev=08:02 mode=0100755 ouid=0 ogid=0 rdev=00:00 nametype=NORMAL cap_fp=0 cap_fi=0 cap_fe=0 cap_fver=0 cap_frootid=0OUID="root" OGID="root"
type=PROCTITLE msg=audit(1765969233.337:2400): proctitle=64696666002D7900636F6E6669672E70687000636F6E6669672E73616D706C652E706870
type=SYSCALL msg=audit(1765969233.336:2401): arch=c000003e syscall=59 success=yes exit=0 a0=6420a61d49c0 a1=6420a633fe80 a2=6420a62d6960 a3=8 items=2 ppid=1304 pid=2033 auid=1000 uid=0 gid=0 euid=0 suid=0 fsuid=0 egid=0 sgid=0 fsgid=0 tty=pts1 ses=1 comm="less" exe="/usr/bin/less" subj=unconfined key="T1078_Valid_Accounts"ARCH=x86_64 SYSCALL=execve AUID="vboxuser" UID="root" GID="root" EUID="root" SUID="root" FSUID="root" EGID="root" SGID="root" FSGID="root"
type=EXECVE msg=audit(1765969233.336:2401): argc=1 a0="less"
type=PATH msg=audit(1765969233.336:2401): item=0 name="/usr/bin/less" inode=1442509 dev=08:02 mode=0100755 ouid=0 ogid=0 rdev=00:00 nametype=NORMAL cap_fp=0 cap_fi=0 cap_fe=0 cap_fver=0 cap_frootid=0OUID="root" OGID="root"
type=PATH msg=audit(1765969233.336:2401): item=1 name="/lib64/ld-linux-x86-64.so.2" inode=1481429 dev=08:02 mode=0100755 ouid=0 ogid=0 rdev=00:00 nametype=NORMAL cap_fp=0 cap_fi=0 cap_fe=0 cap_fver=0 cap_frootid=0OUID="root" OGID="root"
type=PROCTITLE msg=audit(1765969233.336:2401): proctitle="less"
type=SYSCALL msg=audit(1765969250.803:2402): arch=c000003e syscall=91 success=yes exit=0 a0=4 a1=180 a2=0 a3=1b6 items=1 ppid=1304 pid=2033 auid=1000 uid=0 gid=0 euid=0 suid=0 fsuid=0 egid=0 sgid=0 fsgid=0 tty=pts1 ses=1 comm="less" exe="/usr/bin/less" subj=unconfined key="T1166_Seuid_and_Setgid"ARCH=x86_64 SYSCALL=fchmod AUID="vboxuser" UID="root" GID="root" EUID="root" SUID="root" FSUID="root" EGID="root" SGID="root" FSGID="root"
type=PATH msg=audit(1765969250.803:2402): item=0 name=(null) inode=1049747 dev=08:02 mode=0100644 ouid=0 ogid=0 rdev=00:00 nametype=NORMAL cap_fp=0 cap_fi=0 cap_fe=0 cap_fver=0 cap_frootid=0OUID="root" OGID="root"
type=PROCTITLE msg=audit(1765969250.803:2402): proctitle="less"
type=SYSCALL msg=audit(1765969250.804:2403): arch=c000003e syscall=82 success=yes exit=0 a0=5a713da05c80 a1=5a713da05c60 a2=5a749ab3b507 a3=5a713d9d7320 items=5 ppid=1304 pid=2033 auid=1000 uid=0 gid=0 euid=0 suid=0 fsuid=0 egid=0 sgid=0 fsgid=0 tty=pts1 ses=1 comm="less" exe="/usr/bin/less" subj=unconfined key="T1107_File_Deletion"ARCH=x86_64 SYSCALL=rename AUID="vboxuser" UID="root" GID="root" EUID="root" SUID="root" FSUID="root" EGID="root" SGID="root" FSGID="root"
type=PATH msg=audit(1765969250.804:2403): item=0 name="/root/" inode=1048578 dev=08:02 mode=040700 ouid=0 ogid=0 rdev=00:00 nametype=PARENT cap_fp=0 cap_fi=0 cap_fe=0 cap_fver=0 cap_frootid=0OUID="root" OGID="root"
type=PATH msg=audit(1765969250.804:2403): item=1 name="/root/" inode=1048578 dev=08:02 mode=040700 ouid=0 ogid=0 rdev=00:00 nametype=PARENT cap_fp=0 cap_fi=0 cap_fe=0 cap_fver=0 cap_frootid=0OUID="root" OGID="root"
type=PATH msg=audit(1765969250.804:2403): item=2 name="/root/.lesshsQ" inode=1049747 dev=08:02 mode=0100600 ouid=0 ogid=0 rdev=00:00 nametype=DELETE cap_fp=0 cap_fi=0 cap_fe=0 cap_fver=0 cap_frootid=0OUID="root" OGID="root"
type=PATH msg=audit(1765969250.804:2403): item=3 name="/root/.lesshst" inode=1050534 dev=08:02 mode=0100600 ouid=0 ogid=0 rdev=00:00 nametype=DELETE cap_fp=0 cap_fi=0 cap_fe=0 cap_fver=0 cap_frootid=0OUID="root" OGID="root"
type=PATH msg=audit(1765969250.804:2403): item=4 name="/root/.lesshst" inode=1049747 dev=08:02 mode=0100600 ouid=0 ogid=0 rdev=00:00 nametype=CREATE cap_fp=0 cap_fi=0 cap_fe=0 cap_fver=0 cap_frootid=0OUID="root" OGID="root"
type=PROCTITLE msg=audit(1765969250.804:2403): proctitle="less"
type=SYSCALL msg=audit(1765969253.202:2404): arch=c000003e syscall=59 success=yes exit=0 a0=6420a63456c0 a1=6420a633fe80 a2=6420a62d6960 a3=6420a633fe80 items=2 ppid=1304 pid=2051 auid=1000 uid=0 gid=0 euid=0 suid=0 fsuid=0 egid=0 sgid=0 fsgid=0 tty=pts1 ses=1 comm="vim" exe="/usr/bin/vim.basic" subj=unconfined key="T1078_Valid_Accounts"ARCH=x86_64 SYSCALL=execve AUID="vboxuser" UID="root" GID="root" EUID="root" SUID="root" FSUID="root" EGID="root" SGID="root" FSGID="root"
type=EXECVE msg=audit(1765969253.202:2404): argc=2 a0="vim" a1="config.php"
type=PATH msg=audit(1765969253.202:2404): item=0 name="/usr/bin/vim" inode=1483710 dev=08:02 mode=0100755 ouid=0 ogid=0 rdev=00:00 nametype=NORMAL cap_fp=0 cap_fi=0 cap_fe=0 cap_fver=0 cap_frootid=0OUID="root" OGID="root"
type=PATH msg=audit(1765969253.202:2404): item=1 name="/lib64/ld-linux-x86-64.so.2" inode=1481429 dev=08:02 mode=0100755 ouid=0 ogid=0 rdev=00:00 nametype=NORMAL cap_fp=0 cap_fi=0 cap_fe=0 cap_fver=0 cap_frootid=0OUID="root" OGID="root"
type=PROCTITLE msg=audit(1765969253.202:2404): proctitle=76696D00636F6E6669672E706870
type=SYSCALL msg=audit(1765969253.311:2405): arch=c000003e syscall=87 success=yes exit=0 a0=56eb3a0ae5f0 a1=7ffebfc57e00 a2=5 a3=180 items=2 ppid=1304 pid=2051 auid=1000 uid=0 gid=0 euid=0 suid=0 fsuid=0 egid=0 sgid=0 fsgid=0 tty=pts1 ses=1 comm="vim" exe="/usr/bin/vim.basic" subj=unconfined key="T1107_File_Deletion"ARCH=x86_64 SYSCALL=unlink AUID="vboxuser" UID="root" GID="root" EUID="root" SUID="root" FSUID="root" EGID="root" SGID="root" FSGID="root"
type=PATH msg=audit(1765969253.311:2405): item=0 name="/var/www/nextcloud/config" inode=696342 dev=08:02 mode=040755 ouid=33 ogid=33 rdev=00:00 nametype=PARENT cap_fp=0 cap_fi=0 cap_fe=0 cap_fver=0 cap_frootid=0OUID="www-data" OGID="www-data"
type=PATH msg=audit(1765969253.311:2405): item=1 name=".config.php.swx" inode=706891 dev=08:02 mode=0100600 ouid=0 ogid=0 rdev=00:00 nametype=DELETE cap_fp=0 cap_fi=0 cap_fe=0 cap_fver=0 cap_frootid=0OUID="root" OGID="root"
type=PROCTITLE msg=audit(1765969253.311:2405): proctitle=76696D00636F6E6669672E706870
type=SYSCALL msg=audit(1765969253.313:2406): arch=c000003e syscall=87 success=yes exit=0 a0=56eb3a5809a0 a1=7ffebfc57e00 a2=5 a3=180 items=2 ppid=1304 pid=2051 auid=1000 uid=0 gid=0 euid=0 suid=0 fsuid=0 egid=0 sgid=0 fsgid=0 tty=pts1 ses=1 comm="vim" exe="/usr/bin/vim.basic" subj=unconfined key="T1107_File_Deletion"ARCH=x86_64 SYSCALL=unlink AUID="vboxuser" UID="root" GID="root" EUID="root" SUID="root" FSUID="root" EGID="root" SGID="root" FSGID="root"
type=PATH msg=audit(1765969253.313:2406): item=0 name="/var/www/nextcloud/config" inode=696342 dev=08:02 mode=040755 ouid=33 ogid=33 rdev=00:00 nametype=PARENT cap_fp=0 cap_fi=0 cap_fe=0 cap_fver=0 cap_frootid=0OUID="www-data" OGID="www-data"
type=PATH msg=audit(1765969253.313:2406): item=1 name=".config.php.swp" inode=706890 dev=08:02 mode=0100600 ouid=0 ogid=0 rdev=00:00 nametype=DELETE cap_fp=0 cap_fi=0 cap_fe=0 cap_fver=0 cap_frootid=0OUID="root" OGID="root"
type=PROCTITLE msg=audit(1765969253.313:2406): proctitle=76696D00636F6E6669672E706870
type=SYSCALL msg=audit(1765969253.313:2407): arch=c000003e syscall=93 success=yes exit=0 a0=4 a1=ffffffff a2=21 a3=0 items=1 ppid=1304 pid=2051 auid=1000 uid=0 gid=0 euid=0 suid=0 fsuid=0 egid=0 sgid=0 fsgid=0 tty=pts1 ses=1 comm="vim" exe="/usr/bin/vim.basic" subj=unconfined key="T1166_Seuid_and_Setgid"ARCH=x86_64 SYSCALL=fchown AUID="vboxuser" UID="root" GID="root" EUID="root" SUID="root" FSUID="root" EGID="root" SGID="root" FSGID="root"
type=PATH msg=audit(1765969253.313:2407): item=0 name=(null) inode=706890 dev=08:02 mode=0100600 ouid=0 ogid=0 rdev=00:00 nametype=NORMAL cap_fp=0 cap_fi=0 cap_fe=0 cap_fver=0 cap_frootid=0OUID="root" OGID="root"
type=PROCTITLE msg=audit(1765969253.313:2407): proctitle=76696D00636F6E6669672E706870
type=SYSCALL msg=audit(1765969253.313:2408): arch=c000003e syscall=90 success=yes exit=0 a0=56eb3a5809a0 a1=1a0 a2=21 a3=0 items=1 ppid=1304 pid=2051 auid=1000 uid=0 gid=0 euid=0 suid=0 fsuid=0 egid=0 sgid=0 fsgid=0 tty=pts1 ses=1 comm="vim" exe="/usr/bin/vim.basic" subj=unconfined key="T1166_Seuid_and_Setgid"ARCH=x86_64 SYSCALL=chmod AUID="vboxuser" UID="root" GID="root" EUID="root" SUID="root" FSUID="root" EGID="root" SGID="root" FSGID="root"
type=PATH msg=audit(1765969253.313:2408): item=0 name=".config.php.swp" inode=706890 dev=08:02 mode=0100600 ouid=0 ogid=33 rdev=00:00 nametype=NORMAL cap_fp=0 cap_fi=0 cap_fe=0 cap_fver=0 cap_frootid=0OUID="root" OGID="www-data"
type=PROCTITLE msg=audit(1765969253.313:2408): proctitle=76696D00636F6E6669672E706870
type=SYSCALL msg=audit(1765969264.680:2409): arch=c000003e syscall=93 success=yes exit=0 a0=3 a1=21 a2=21 a3=81a0 items=1 ppid=1304 pid=2051 auid=1000 uid=0 gid=0 euid=0 suid=0 fsuid=0 egid=0 sgid=0 fsgid=0 tty=pts1 ses=1 comm="vim" exe="/usr/bin/vim.basic" subj=unconfined key="T1166_Seuid_and_Setgid"ARCH=x86_64 SYSCALL=fchown AUID="vboxuser" UID="root" GID="root" EUID="root" SUID="root" FSUID="root" EGID="root" SGID="root" FSGID="root"
type=PATH msg=audit(1765969264.680:2409): item=0 name=(null) inode=706891 dev=08:02 mode=0100640 ouid=0 ogid=0 rdev=00:00 nametype=NORMAL cap_fp=0 cap_fi=0 cap_fe=0 cap_fver=0 cap_frootid=0OUID="root" OGID="root"
type=PROCTITLE msg=audit(1765969264.680:2409): proctitle=76696D00636F6E6669672E706870
type=SYSCALL msg=audit(1765969264.680:2410): arch=c000003e syscall=87 success=yes exit=0 a0=56eb3a0a4420 a1=0 a2=0 a3=0 items=2 ppid=1304 pid=2051 auid=1000 uid=0 gid=0 euid=0 suid=0 fsuid=0 egid=0 sgid=0 fsgid=0 tty=pts1 ses=1 comm="vim" exe="/usr/bin/vim.basic" subj=unconfined key="T1107_File_Deletion"ARCH=x86_64 SYSCALL=unlink AUID="vboxuser" UID="root" GID="root" EUID="root" SUID="root" FSUID="root" EGID="root" SGID="root" FSGID="root"
type=PATH msg=audit(1765969264.680:2410): item=0 name="/var/www/nextcloud/config" inode=696342 dev=08:02 mode=040755 ouid=33 ogid=33 rdev=00:00 nametype=PARENT cap_fp=0 cap_fi=0 cap_fe=0 cap_fver=0 cap_frootid=0OUID="www-data" OGID="www-data"
type=PATH msg=audit(1765969264.680:2410): item=1 name="4913" inode=706891 dev=08:02 mode=0100640 ouid=33 ogid=33 rdev=00:00 nametype=DELETE cap_fp=0 cap_fi=0 cap_fe=0 cap_fver=0 cap_frootid=0OUID="www-data" OGID="www-data"
type=PROCTITLE msg=audit(1765969264.680:2410): proctitle=76696D00636F6E6669672E706870
type=SYSCALL msg=audit(1765969264.680:2411): arch=c000003e syscall=87 success=no exit=-2 a0=56eb3a5809a0 a1=56eb3a5809a0 a2=fffffffffffffc58 a3=0 items=1 ppid=1304 pid=2051 auid=1000 uid=0 gid=0 euid=0 suid=0 fsuid=0 egid=0 sgid=0 fsgid=0 tty=pts1 ses=1 comm="vim" exe="/usr/bin/vim.basic" subj=unconfined key="T1107_File_Deletion"ARCH=x86_64 SYSCALL=unlink AUID="vboxuser" UID="root" GID="root" EUID="root" SUID="root" FSUID="root" EGID="root" SGID="root" FSGID="root"
type=PATH msg=audit(1765969264.680:2411): item=0 name="/var/www/nextcloud/config" inode=696342 dev=08:02 mode=040755 ouid=33 ogid=33 rdev=00:00 nametype=PARENT cap_fp=0 cap_fi=0 cap_fe=0 cap_fver=0 cap_frootid=0OUID="www-data" OGID="www-data"
type=PROCTITLE msg=audit(1765969264.680:2411): proctitle=76696D00636F6E6669672E706870
type=SYSCALL msg=audit(1765969264.680:2412): arch=c000003e syscall=82 success=yes exit=0 a0=56eb3a0b36c0 a1=56eb3a5809a0 a2=fffffffffffffc58 a3=0 items=4 ppid=1304 pid=2051 auid=1000 uid=0 gid=0 euid=0 suid=0 fsuid=0 egid=0 sgid=0 fsgid=0 tty=pts1 ses=1 comm="vim" exe="/usr/bin/vim.basic" subj=unconfined key="T1107_File_Deletion"ARCH=x86_64 SYSCALL=rename AUID="vboxuser" UID="root" GID="root" EUID="root" SUID="root" FSUID="root" EGID="root" SGID="root" FSGID="root"
type=PATH msg=audit(1765969264.680:2412): item=0 name="/var/www/nextcloud/config" inode=696342 dev=08:02 mode=040755 ouid=33 ogid=33 rdev=00:00 nametype=PARENT cap_fp=0 cap_fi=0 cap_fe=0 cap_fver=0 cap_frootid=0OUID="www-data" OGID="www-data"
type=PATH msg=audit(1765969264.680:2412): item=1 name="/var/www/nextcloud/config" inode=696342 dev=08:02 mode=040755 ouid=33 ogid=33 rdev=00:00 nametype=PARENT cap_fp=0 cap_fi=0 cap_fe=0 cap_fver=0 cap_frootid=0OUID="www-data" OGID="www-data"
type=PATH msg=audit(1765969264.680:2412): item=2 name="config.php" inode=655462 dev=08:02 mode=0100640 ouid=33 ogid=33 rdev=00:00 nametype=DELETE cap_fp=0 cap_fi=0 cap_fe=0 cap_fver=0 cap_frootid=0OUID="www-data" OGID="www-data"
type=PATH msg=audit(1765969264.680:2412): item=3 name="config.phz~" inode=655462 dev=08:02 mode=0100640 ouid=33 ogid=33 rdev=00:00 nametype=CREATE cap_fp=0 cap_fi=0 cap_fe=0 cap_fver=0 cap_frootid=0OUID="www-data" OGID="www-data"
type=PROCTITLE msg=audit(1765969264.680:2412): proctitle=76696D00636F6E6669672E706870
type=SYSCALL msg=audit(1765969264.693:2413): arch=c000003e syscall=93 success=yes exit=0 a0=3 a1=21 a2=ffffffff a3=0 items=1 ppid=1304 pid=2051 auid=1000 uid=0 gid=0 euid=0 suid=0 fsuid=0 egid=0 sgid=0 fsgid=0 tty=pts1 ses=1 comm="vim" exe="/usr/bin/vim.basic" subj=unconfined key="T1166_Seuid_and_Setgid"ARCH=x86_64 SYSCALL=fchown AUID="vboxuser" UID="root" GID="root" EUID="root" SUID="root" FSUID="root" EGID="root" SGID="root" FSGID="root"
type=PATH msg=audit(1765969264.693:2413): item=0 name=(null) inode=706891 dev=08:02 mode=0100640 ouid=0 ogid=0 rdev=00:00 nametype=NORMAL cap_fp=0 cap_fi=0 cap_fe=0 cap_fver=0 cap_frootid=0OUID="root" OGID="root"
type=PROCTITLE msg=audit(1765969264.693:2413): proctitle=76696D00636F6E6669672E706870
type=SYSCALL msg=audit(1765969264.693:2414): arch=c000003e syscall=93 success=yes exit=0 a0=3 a1=ffffffff a2=21 a3=0 items=1 ppid=1304 pid=2051 auid=1000 uid=0 gid=0 euid=0 suid=0 fsuid=0 egid=0 sgid=0 fsgid=0 tty=pts1 ses=1 comm="vim" exe="/usr/bin/vim.basic" subj=unconfined key="T1166_Seuid_and_Setgid"ARCH=x86_64 SYSCALL=fchown AUID="vboxuser" UID="root" GID="root" EUID="root" SUID="root" FSUID="root" EGID="root" SGID="root" FSGID="root"
type=PATH msg=audit(1765969264.693:2414): item=0 name=(null) inode=706891 dev=08:02 mode=0100640 ouid=33 ogid=0 rdev=00:00 nametype=NORMAL cap_fp=0 cap_fi=0 cap_fe=0 cap_fver=0 cap_frootid=0OUID="www-data" OGID="root"
type=PROCTITLE msg=audit(1765969264.693:2414): proctitle=76696D00636F6E6669672E706870
type=SYSCALL msg=audit(1765969264.693:2415): arch=c000003e syscall=91 success=yes exit=0 a0=3 a1=81a0 a2=7ffebfc57910 a3=0 items=1 ppid=1304 pid=2051 auid=1000 uid=0 gid=0 euid=0 suid=0 fsuid=0 egid=0 sgid=0 fsgid=0 tty=pts1 ses=1 comm="vim" exe="/usr/bin/vim.basic" subj=unconfined key="T1166_Seuid_and_Setgid"ARCH=x86_64 SYSCALL=fchmod AUID="vboxuser" UID="root" GID="root" EUID="root" SUID="root" FSUID="root" EGID="root" SGID="root" FSGID="root"
type=PATH msg=audit(1765969264.693:2415): item=0 name=(null) inode=706891 dev=08:02 mode=0100640 ouid=33 ogid=33 rdev=00:00 nametype=NORMAL cap_fp=0 cap_fi=0 cap_fe=0 cap_fver=0 cap_frootid=0OUID="www-data" OGID="www-data"
type=PROCTITLE msg=audit(1765969264.693:2415): proctitle=76696D00636F6E6669672E706870
type=SYSCALL msg=audit(1765969264.693:2416): arch=c000003e syscall=188 success=yes exit=0 a0=56eb3a0b36c0 a1=7a6e30083000 a2=56eb3a5b8980 a3=1c items=1 ppid=1304 pid=2051 auid=1000 uid=0 gid=0 euid=0 suid=0 fsuid=0 egid=0 sgid=0 fsgid=0 tty=pts1 ses=1 comm="vim" exe="/usr/bin/vim.basic" subj=unconfined key="T1166_Seuid_and_Setgid"ARCH=x86_64 SYSCALL=setxattr AUID="vboxuser" UID="root" GID="root" EUID="root" SUID="root" FSUID="root" EGID="root" SGID="root" FSGID="root"
type=PATH msg=audit(1765969264.693:2416): item=0 name="config.php" inode=706891 dev=08:02 mode=0100640 ouid=33 ogid=33 rdev=00:00 nametype=NORMAL cap_fp=0 cap_fi=0 cap_fe=0 cap_fver=0 cap_frootid=0OUID="www-data" OGID="www-data"
type=PROCTITLE msg=audit(1765969264.693:2416): proctitle=76696D00636F6E6669672E706870
type=SYSCALL msg=audit(1765969264.693:2417): arch=c000003e syscall=87 success=yes exit=0 a0=56eb3a5809a0 a1=382d6674 a2=56eb02507b7d a3=0 items=2 ppid=1304 pid=2051 auid=1000 uid=0 gid=0 euid=0 suid=0 fsuid=0 egid=0 sgid=0 fsgid=0 tty=pts1 ses=1 comm="vim" exe="/usr/bin/vim.basic" subj=unconfined key="T1107_File_Deletion"ARCH=x86_64 SYSCALL=unlink AUID="vboxuser" UID="root" GID="root" EUID="root" SUID="root" FSUID="root" EGID="root" SGID="root" FSGID="root"
type=PATH msg=audit(1765969264.693:2417): item=0 name="/var/www/nextcloud/config" inode=696342 dev=08:02 mode=040755 ouid=33 ogid=33 rdev=00:00 nametype=PARENT cap_fp=0 cap_fi=0 cap_fe=0 cap_fver=0 cap_frootid=0OUID="www-data" OGID="www-data"
type=PATH msg=audit(1765969264.693:2417): item=1 name="config.phz~" inode=655462 dev=08:02 mode=0100640 ouid=33 ogid=33 rdev=00:00 nametype=DELETE cap_fp=0 cap_fi=0 cap_fe=0 cap_fver=0 cap_frootid=0OUID="www-data" OGID="www-data"
type=PROCTITLE msg=audit(1765969264.693:2417): proctitle=76696D00636F6E6669672E706870
type=SYSCALL msg=audit(1765969264.694:2418): arch=c000003e syscall=87 success=yes exit=0 a0=56eb3a581200 a1=56eb3a581200 a2=7ffebfc56cf0 a3=0 items=2 ppid=1304 pid=2051 auid=1000 uid=0 gid=0 euid=0 suid=0 fsuid=0 egid=0 sgid=0 fsgid=0 tty=pts1 ses=1 comm="vim" exe="/usr/bin/vim.basic" subj=unconfined key="T1107_File_Deletion"ARCH=x86_64 SYSCALL=unlink AUID="vboxuser" UID="root" GID="root" EUID="root" SUID="root" FSUID="root" EGID="root" SGID="root" FSGID="root"
type=PATH msg=audit(1765969264.694:2418): item=0 name="/root/" inode=1048578 dev=08:02 mode=040700 ouid=0 ogid=0 rdev=00:00 nametype=PARENT cap_fp=0 cap_fi=0 cap_fe=0 cap_fver=0 cap_frootid=0OUID="root" OGID="root"
type=PATH msg=audit(1765969264.694:2418): item=1 name="/root/.viminfo" inode=1051118 dev=08:02 mode=0100600 ouid=0 ogid=0 rdev=00:00 nametype=DELETE cap_fp=0 cap_fi=0 cap_fe=0 cap_fver=0 cap_frootid=0OUID="root" OGID="root"
type=PROCTITLE msg=audit(1765969264.694:2418): proctitle=76696D00636F6E6669672E706870
type=SYSCALL msg=audit(1765969264.694:2419): arch=c000003e syscall=82 success=yes exit=0 a0=56eb3a5811c0 a1=56eb3a581200 a2=7ffebfc56cf0 a3=0 items=4 ppid=1304 pid=2051 auid=1000 uid=0 gid=0 euid=0 suid=0 fsuid=0 egid=0 sgid=0 fsgid=0 tty=pts1 ses=1 comm="vim" exe="/usr/bin/vim.basic" subj=unconfined key="T1107_File_Deletion"ARCH=x86_64 SYSCALL=rename AUID="vboxuser" UID="root" GID="root" EUID="root" SUID="root" FSUID="root" EGID="root" SGID="root" FSGID="root"
type=PATH msg=audit(1765969264.694:2419): item=0 name="/root/" inode=1048578 dev=08:02 mode=040700 ouid=0 ogid=0 rdev=00:00 nametype=PARENT cap_fp=0 cap_fi=0 cap_fe=0 cap_fver=0 cap_frootid=0OUID="root" OGID="root"
type=PATH msg=audit(1765969264.694:2419): item=1 name="/root/" inode=1048578 dev=08:02 mode=040700 ouid=0 ogid=0 rdev=00:00 nametype=PARENT cap_fp=0 cap_fi=0 cap_fe=0 cap_fver=0 cap_frootid=0OUID="root" OGID="root"
type=PATH msg=audit(1765969264.694:2419): item=2 name="/root/.viminfo.tmp" inode=1050534 dev=08:02 mode=0100600 ouid=0 ogid=0 rdev=00:00 nametype=DELETE cap_fp=0 cap_fi=0 cap_fe=0 cap_fver=0 cap_frootid=0OUID="root" OGID="root"
type=PATH msg=audit(1765969264.694:2419): item=3 name="/root/.viminfo" inode=1050534 dev=08:02 mode=0100600 ouid=0 ogid=0 rdev=00:00 nametype=CREATE cap_fp=0 cap_fi=0 cap_fe=0 cap_fver=0 cap_frootid=0OUID="root" OGID="root"
type=PROCTITLE msg=audit(1765969264.694:2419): proctitle=76696D00636F6E6669672E706870
type=SYSCALL msg=audit(1765969264.695:2420): arch=c000003e syscall=87 success=yes exit=0 a0=56eb3a5809c0 a1=0 a2=0 a3=56eb025b0c60 items=2 ppid=1304 pid=2051 auid=1000 uid=0 gid=0 euid=0 suid=0 fsuid=0 egid=0 sgid=0 fsgid=0 tty=pts1 ses=1 comm="vim" exe="/usr/bin/vim.basic" subj=unconfined key="T1107_File_Deletion"ARCH=x86_64 SYSCALL=unlink AUID="vboxuser" UID="root" GID="root" EUID="root" SUID="root" FSUID="root" EGID="root" SGID="root" FSGID="root"
type=PATH msg=audit(1765969264.695:2420): item=0 name="/var/www/nextcloud/config/" inode=696342 dev=08:02 mode=040755 ouid=33 ogid=33 rdev=00:00 nametype=PARENT cap_fp=0 cap_fi=0 cap_fe=0 cap_fver=0 cap_frootid=0OUID="www-data" OGID="www-data"
type=PATH msg=audit(1765969264.695:2420): item=1 name="/var/www/nextcloud/config/.config.php.swp" inode=706890 dev=08:02 mode=0100640 ouid=0 ogid=33 rdev=00:00 nametype=DELETE cap_fp=0 cap_fi=0 cap_fe=0 cap_fver=0 cap_frootid=0OUID="root" OGID="www-data"
type=PROCTITLE msg=audit(1765969264.695:2420): proctitle=76696D00636F6E6669672E706870
type=SYSCALL msg=audit(1765969270.174:2421): arch=c000003e syscall=42 success=yes exit=0 a0=d a1=7ffe619bab60 a2=1d a3=1 items=1 ppid=950 pid=1505 auid=4294967295 uid=33 gid=33 euid=33 suid=33 fsuid=33 egid=33 sgid=33 fsgid=33 tty=(none) ses=4294967295 comm="apache2" exe="/usr/sbin/apache2" subj=unconfined key="T1043_Commonly_Used_Port"ARCH=x86_64 SYSCALL=connect AUID="unset" UID="www-data" GID="www-data" EUID="www-data" SUID="www-data" FSUID="www-data" EGID="www-data" SGID="www-data" FSGID="www-data"
type=SOCKADDR msg=audit(1765969270.174:2421): saddr=01002F7661722F72756E2F6D7973716C642F6D7973716C642E736F636BSADDR={ saddr_fam=local path=/var/run/mysqld/mysqld.sock }
type=PATH msg=audit(1765969270.174:2421): item=0 name="/var/run/mysqld/mysqld.sock" inode=1361 dev=00:18 mode=0140777 ouid=111 ogid=111 rdev=00:00 nametype=NORMAL cap_fp=0 cap_fi=0 cap_fe=0 cap_fver=0 cap_frootid=0OUID="mysql" OGID="mysql"
type=PROCTITLE msg=audit(1765969270.174:2421): proctitle=2F7573722F7362696E2F61706163686532002D6B007374617274
type=SYSCALL msg=audit(1765969270.354:2422): arch=c000003e syscall=42 success=yes exit=0 a0=d a1=7ffe619bab60 a2=1d a3=1 items=1 ppid=950 pid=1505 auid=4294967295 uid=33 gid=33 euid=33 suid=33 fsuid=33 egid=33 sgid=33 fsgid=33 tty=(none) ses=4294967295 comm="apache2" exe="/usr/sbin/apache2" subj=unconfined key="T1043_Commonly_Used_Port"ARCH=x86_64 SYSCALL=connect AUID="unset" UID="www-data" GID="www-data" EUID="www-data" SUID="www-data" FSUID="www-data" EGID="www-data" SGID="www-data" FSGID="www-data"
type=SOCKADDR msg=audit(1765969270.354:2422): saddr=01002F7661722F72756E2F6D7973716C642F6D7973716C642E736F636BSADDR={ saddr_fam=local path=/var/run/mysqld/mysqld.sock }
type=PATH msg=audit(1765969270.354:2422): item=0 name="/var/run/mysqld/mysqld.sock" inode=1361 dev=00:18 mode=0140777 ouid=111 ogid=111 rdev=00:00 nametype=NORMAL cap_fp=0 cap_fi=0 cap_fe=0 cap_fver=0 cap_frootid=0OUID="mysql" OGID="mysql"
type=PROCTITLE msg=audit(1765969270.354:2422): proctitle=2F7573722F7362696E2F61706163686532002D6B007374617274
type=SYSCALL msg=audit(1765969282.460:2423): arch=c000003e syscall=59 success=yes exit=0 a0=55e0bae61970 a1=55e0bae1a740 a2=55e0bad1bcc0 a3=55e0bad37e70 items=2 ppid=1566 pid=2053 auid=1000 uid=0 gid=0 euid=0 suid=0 fsuid=0 egid=0 sgid=0 fsgid=0 tty=pts3 ses=4 comm="tail" exe="/usr/bin/tail" subj=unconfined key="T1078_Valid_Accounts"ARCH=x86_64 SYSCALL=execve AUID="vboxuser" UID="root" GID="root" EUID="root" SUID="root" FSUID="root" EGID="root" SGID="root" FSGID="root"
type=EXECVE msg=audit(1765969282.460:2423): argc=4 a0="tail" a1="-c" a2="+10418437" a3="/var/www/nextcloud/data/nextcloud.log"
type=PATH msg=audit(1765969282.460:2423): item=0 name="/usr/bin/tail" inode=1442904 dev=08:02 mode=0100755 ouid=0 ogid=0 rdev=00:00 nametype=NORMAL cap_fp=0 cap_fi=0 cap_fe=0 cap_fver=0 cap_frootid=0OUID="root" OGID="root"
type=PATH msg=audit(1765969282.460:2423): item=1 name="/lib64/ld-linux-x86-64.so.2" inode=1481429 dev=08:02 mode=0100755 ouid=0 ogid=0 rdev=00:00 nametype=NORMAL cap_fp=0 cap_fi=0 cap_fe=0 cap_fver=0 cap_frootid=0OUID="root" OGID="root"
type=PROCTITLE msg=audit(1765969282.460:2423): proctitle=7461696C002D63002B3130343138343337002F7661722F7777772F6E657874636C6F75642F646174612F6E657874636C6F75642E6C6F67
type=SYSCALL msg=audit(1765969282.538:2424): arch=c000003e syscall=59 success=yes exit=0 a0=55e0bae61a30 a1=55e0bae1aaa0 a2=55e0bad1bcc0 a3=55e0bae61480 items=2 ppid=1566 pid=2054 auid=1000 uid=0 gid=0 euid=0 suid=0 fsuid=0 egid=0 sgid=0 fsgid=0 tty=pts3 ses=4 comm="tail" exe="/usr/bin/tail" subj=unconfined key="T1078_Valid_Accounts"ARCH=x86_64 SYSCALL=execve AUID="vboxuser" UID="root" GID="root" EUID="root" SUID="root" FSUID="root" EGID="root" SGID="root" FSGID="root"
type=EXECVE msg=audit(1765969282.538:2424): argc=4 a0="tail" a1="-c" a2="+865695" a3="/var/log/syslog"
type=PATH msg=audit(1765969282.538:2424): item=0 name="/usr/bin/tail" inode=1442904 dev=08:02 mode=0100755 ouid=0 ogid=0 rdev=00:00 nametype=NORMAL cap_fp=0 cap_fi=0 cap_fe=0 cap_fver=0 cap_frootid=0OUID="root" OGID="root"
type=PATH msg=audit(1765969282.538:2424): item=1 name="/lib64/ld-linux-x86-64.so.2" inode=1481429 dev=08:02 mode=0100755 ouid=0 ogid=0 rdev=00:00 nametype=NORMAL cap_fp=0 cap_fi=0 cap_fe=0 cap_fver=0 cap_frootid=0OUID="root" OGID="root"
type=PROCTITLE msg=audit(1765969282.538:2424): proctitle=7461696C002D63002B383635363935002F7661722F6C6F672F7379736C6F67
type=SYSCALL msg=audit(1765969282.624:2425): arch=c000003e syscall=59 success=yes exit=0 a0=55e0badfae90 a1=55e0bae1aaa0 a2=55e0bad1bcc0 a3=55e0bae61b30 items=2 ppid=1566 pid=2055 auid=1000 uid=0 gid=0 euid=0 suid=0 fsuid=0 egid=0 sgid=0 fsgid=0 tty=pts3 ses=4 comm="tail" exe="/usr/bin/tail" subj=unconfined key="T1078_Valid_Accounts"ARCH=x86_64 SYSCALL=execve AUID="vboxuser" UID="root" GID="root" EUID="root" SUID="root" FSUID="root" EGID="root" SGID="root" FSGID="root"
type=EXECVE msg=audit(1765969282.624:2425): argc=4 a0="tail" a1="-c" a2="+55757" a3="/var/log/auth.log"
type=PATH msg=audit(1765969282.624:2425): item=0 name="/usr/bin/tail" inode=1442904 dev=08:02 mode=0100755 ouid=0 ogid=0 rdev=00:00 nametype=NORMAL cap_fp=0 cap_fi=0 cap_fe=0 cap_fver=0 cap_frootid=0OUID="root" OGID="root"
type=PATH msg=audit(1765969282.624:2425): item=1 name="/lib64/ld-linux-x86-64.so.2" inode=1481429 dev=08:02 mode=0100755 ouid=0 ogid=0 rdev=00:00 nametype=NORMAL cap_fp=0 cap_fi=0 cap_fe=0 cap_fver=0 cap_frootid=0OUID="root" OGID="root"
type=PROCTITLE msg=audit(1765969282.624:2425): proctitle=7461696C002D63002B3535373537002F7661722F6C6F672F617574682E6C6F67
type=SYSCALL msg=audit(1765969282.686:2426): arch=c000003e syscall=59 success=yes exit=0 a0=55e0badfae50 a1=55e0bae1a740 a2=55e0bad1bcc0 a3=55e0bae61b70 items=2 ppid=1566 pid=2056 auid=1000 uid=0 gid=0 euid=0 suid=0 fsuid=0 egid=0 sgid=0 fsgid=0 tty=pts3 ses=4 comm="tail" exe="/usr/bin/tail" subj=unconfined key="T1078_Valid_Accounts"ARCH=x86_64 SYSCALL=execve AUID="vboxuser" UID="root" GID="root" EUID="root" SUID="root" FSUID="root" EGID="root" SGID="root" FSGID="root"
type=EXECVE msg=audit(1765969282.686:2426): argc=4 a0="tail" a1="-c" a2="+150484915" a3="/var/log/audit/audit.log"
type=PATH msg=audit(1765969282.686:2426): item=0 name="/usr/bin/tail" inode=1442904 dev=08:02 mode=0100755 ouid=0 ogid=0 rdev=00:00 nametype=NORMAL cap_fp=0 cap_fi=0 cap_fe=0 cap_fver=0 cap_frootid=0OUID="root" OGID="root"
type=PATH msg=audit(1765969282.686:2426): item=1 name="/lib64/ld-linux-x86-64.so.2" inode=1481429 dev=08:02 mode=0100755 ouid=0 ogid=0 rdev=00:00 nametype=NORMAL cap_fp=0 cap_fi=0 cap_fe=0 cap_fver=0 cap_frootid=0OUID="root" OGID="root"
type=PROCTITLE msg=audit(1765969282.686:2426): proctitle=7461696C002D63002B313530343834393135002F7661722F6C6F672F61756469742F61756469742E6C6F67
type=SYSCALL msg=audit(1765969282.688:2427): arch=c000003e syscall=257 success=yes exit=3 a0=ffffff9c a1=7fff0d1736c3 a2=0 a3=0 items=1 ppid=1566 pid=2056 auid=1000 uid=0 gid=0 euid=0 suid=0 fsuid=0 egid=0 sgid=0 fsgid=0 tty=pts3 ses=4 comm="tail" exe="/usr/bin/tail" subj=unconfined key="auditlog"ARCH=x86_64 SYSCALL=openat AUID="vboxuser" UID="root" GID="root" EUID="root" SUID="root" FSUID="root" EGID="root" SGID="root" FSGID="root"
type=PATH msg=audit(1765969282.688:2427): item=0 name="/var/log/audit/audit.log" inode=659339 dev=08:02 mode=0100640 ouid=0 ogid=4 rdev=00:00 nametype=NORMAL cap_fp=0 cap_fi=0 cap_fe=0 cap_fver=0 cap_frootid=0OUID="root" OGID="adm"
type=PROCTITLE msg=audit(1765969282.688:2427): proctitle=7461696C002D63002B313530343834393135002F7661722F6C6F672F61756469742F61756469742E6C6F67type=SYSCALL msg=audit(1765884408.541:2248): arch=c000003e syscall=59 success=yes exit=0 a0=60456fd1d8d0 a1=60456fd1d000 a2=60456fd1ca90 a3=1 items=2 ppid=1445 pid=1458 auid=1000 uid=0 gid=0 euid=0 suid=0 fsuid=0 egid=0 sgid=0 fsgid=0 tty=pts3 ses=5 comm="stat" exe="/usr/bin/stat" subj=unconfined key="T1078_Valid_Accounts"ARCH=x86_64 SYSCALL=execve AUID="vboxuser" UID="root" GID="root" EUID="root" SUID="root" FSUID="root" EGID="root" SGID="root" FSGID="root"
type=EXECVE msg=audit(1765884408.541:2248): argc=4 a0="stat" a1="-c" a2="%s" a3="/var/log/syslog"
type=PATH msg=audit(1765884408.541:2248): item=0 name="/usr/bin/stat" inode=1442862 dev=08:02 mode=0100755 ouid=0 ogid=0 rdev=00:00 nametype=NORMAL cap_fp=0 cap_fi=0 cap_fe=0 cap_fver=0 cap_frootid=0OUID="root" OGID="root"
type=PATH msg=audit(1765884408.541:2248): item=1 name="/lib64/ld-linux-x86-64.so.2" inode=1481429 dev=08:02 mode=0100755 ouid=0 ogid=0 rdev=00:00 nametype=NORMAL cap_fp=0 cap_fi=0 cap_fe=0 cap_fver=0 cap_frootid=0OUID="root" OGID="root"
type=PROCTITLE msg=audit(1765884408.541:2248): proctitle=73746174002D63002573002F7661722F6C6F672F7379736C6F67
type=SYSCALL msg=audit(1765884408.627:2249): arch=c000003e syscall=59 success=yes exit=0 a0=60456fd1dbd0 a1=60456fd1d010 a2=60456fd1ca90 a3=1 items=2 ppid=1445 pid=1459 auid=1000 uid=0 gid=0 euid=0 suid=0 fsuid=0 egid=0 sgid=0 fsgid=0 tty=pts3 ses=5 comm="stat" exe="/usr/bin/stat" subj=unconfined key="T1078_Valid_Accounts"ARCH=x86_64 SYSCALL=execve AUID="vboxuser" UID="root" GID="root" EUID="root" SUID="root" FSUID="root" EGID="root" SGID="root" FSGID="root"
type=EXECVE msg=audit(1765884408.627:2249): argc=4 a0="stat" a1="-c" a2="%s" a3="/var/log/auth.log"
type=PATH msg=audit(1765884408.627:2249): item=0 name="/usr/bin/stat" inode=1442862 dev=08:02 mode=0100755 ouid=0 ogid=0 rdev=00:00 nametype=NORMAL cap_fp=0 cap_fi=0 cap_fe=0 cap_fver=0 cap_frootid=0OUID="root" OGID="root"
type=PATH msg=audit(1765884408.627:2249): item=1 name="/lib64/ld-linux-x86-64.so.2" inode=1481429 dev=08:02 mode=0100755 ouid=0 ogid=0 rdev=00:00 nametype=NORMAL cap_fp=0 cap_fi=0 cap_fe=0 cap_fver=0 cap_frootid=0OUID="root" OGID="root"
type=PROCTITLE msg=audit(1765884408.627:2249): proctitle=73746174002D63002573002F7661722F6C6F672F617574682E6C6F67
type=SYSCALL msg=audit(1765884434.386:2250): arch=c000003e syscall=42 success=yes exit=0 a0=e a1=7ffd20e4ce70 a2=1d a3=1 items=1 ppid=958 pid=1381 auid=4294967295 uid=33 gid=33 euid=33 suid=33 fsuid=33 egid=33 sgid=33 fsgid=33 tty=(none) ses=4294967295 comm="apache2" exe="/usr/sbin/apache2" subj=unconfined key="T1043_Commonly_Used_Port"ARCH=x86_64 SYSCALL=connect AUID="unset" UID="www-data" GID="www-data" EUID="www-data" SUID="www-data" FSUID="www-data" EGID="www-data" SGID="www-data" FSGID="www-data"
type=SOCKADDR msg=audit(1765884434.386:2250): saddr=01002F7661722F72756E2F6D7973716C642F6D7973716C642E736F636BSADDR={ saddr_fam=local path=/var/run/mysqld/mysqld.sock }
type=PATH msg=audit(1765884434.386:2250): item=0 name="/var/run/mysqld/mysqld.sock" inode=1330 dev=00:18 mode=0140777 ouid=111 ogid=111 rdev=00:00 nametype=NORMAL cap_fp=0 cap_fi=0 cap_fe=0 cap_fver=0 cap_frootid=0OUID="mysql" OGID="mysql"
type=PROCTITLE msg=audit(1765884434.386:2250): proctitle=2F7573722F7362696E2F61706163686532002D6B007374617274
type=SYSCALL msg=audit(1765884435.056:2251): arch=c000003e syscall=106 success=yes exit=0 a0=21 a1=7538455244a0 a2=0 a3=22 items=0 ppid=958 pid=1461 auid=4294967295 uid=0 gid=33 euid=0 suid=0 fsuid=0 egid=33 sgid=33 fsgid=33 tty=(none) ses=4294967295 comm="apache2" exe="/usr/sbin/apache2" subj=unconfined key="T1166_Seuid_and_Setgid"ARCH=x86_64 SYSCALL=setgid AUID="unset" UID="root" GID="www-data" EUID="root" SUID="root" FSUID="root" EGID="www-data" SGID="www-data" FSGID="www-data"
type=PROCTITLE msg=audit(1765884435.056:2251): proctitle=2F7573722F7362696E2F61706163686532002D6B007374617274
type=SYSCALL msg=audit(1765884435.056:2252): arch=c000003e syscall=42 success=yes exit=0 a0=c a1=7ffd20e50340 a2=2d a3=5e5c74234250 items=1 ppid=958 pid=1461 auid=4294967295 uid=0 gid=33 euid=0 suid=0 fsuid=0 egid=33 sgid=33 fsgid=33 tty=(none) ses=4294967295 comm="apache2" exe="/usr/sbin/apache2" subj=unconfined key="T1043_Commonly_Used_Port"ARCH=x86_64 SYSCALL=connect AUID="unset" UID="root" GID="www-data" EUID="root" SUID="root" FSUID="root" EGID="www-data" SGID="www-data" FSGID="www-data"
type=SOCKADDR msg=audit(1765884435.056:2252): saddr=01002F72756E2F73797374656D642F7573657264622F696F2E73797374656D642E44796E616D69635573657200SADDR={ saddr_fam=local path=/run/systemd/userdb/io.systemd.DynamicUser }
type=PATH msg=audit(1765884435.056:2252): item=0 name="/run/systemd/userdb/io.systemd.DynamicUser" inode=439 dev=00:18 mode=0140666 ouid=0 ogid=0 rdev=00:00 nametype=NORMAL cap_fp=0 cap_fi=0 cap_fe=0 cap_fver=0 cap_frootid=0OUID="root" OGID="root"
type=PROCTITLE msg=audit(1765884435.056:2252): proctitle=2F7573722F7362696E2F61706163686532002D6B007374617274
type=SYSCALL msg=audit(1765884435.056:2253): arch=c000003e syscall=105 success=yes exit=0 a0=21 a1=5e5c740abe00 a2=5e5991e409bb a3=5e5c740abe10 items=0 ppid=958 pid=1461 auid=4294967295 uid=33 gid=33 euid=33 suid=33 fsuid=33 egid=33 sgid=33 fsgid=33 tty=(none) ses=4294967295 comm="apache2" exe="/usr/sbin/apache2" subj=unconfined key="T1166_Seuid_and_Setgid"ARCH=x86_64 SYSCALL=setuid AUID="unset" UID="www-data" GID="www-data" EUID="www-data" SUID="www-data" FSUID="www-data" EGID="www-data" SGID="www-data" FSGID="www-data"
type=PROCTITLE msg=audit(1765884435.056:2253): proctitle=2F7573722F7362696E2F61706163686532002D6B007374617274
type=SYSCALL msg=audit(1765884436.214:2254): arch=c000003e syscall=106 success=yes exit=0 a0=21 a1=7538455244a0 a2=0 a3=22 items=0 ppid=958 pid=1462 auid=4294967295 uid=0 gid=33 euid=0 suid=0 fsuid=0 egid=33 sgid=33 fsgid=33 tty=(none) ses=4294967295 comm="apache2" exe="/usr/sbin/apache2" subj=unconfined key="T1166_Seuid_and_Setgid"ARCH=x86_64 SYSCALL=setgid AUID="unset" UID="root" GID="www-data" EUID="root" SUID="root" FSUID="root" EGID="www-data" SGID="www-data" FSGID="www-data"
type=PROCTITLE msg=audit(1765884436.214:2254): proctitle=2F7573722F7362696E2F61706163686532002D6B007374617274
type=SYSCALL msg=audit(1765884436.216:2255): arch=c000003e syscall=42 success=yes exit=0 a0=c a1=7ffd20e50340 a2=2d a3=5e5c74234250 items=1 ppid=958 pid=1462 auid=4294967295 uid=0 gid=33 euid=0 suid=0 fsuid=0 egid=33 sgid=33 fsgid=33 tty=(none) ses=4294967295 comm="apache2" exe="/usr/sbin/apache2" subj=unconfined key="T1043_Commonly_Used_Port"ARCH=x86_64 SYSCALL=connect AUID="unset" UID="root" GID="www-data" EUID="root" SUID="root" FSUID="root" EGID="www-data" SGID="www-data" FSGID="www-data"
type=SOCKADDR msg=audit(1765884436.216:2255): saddr=01002F72756E2F73797374656D642F7573657264622F696F2E73797374656D642E44796E616D69635573657200SADDR={ saddr_fam=local path=/run/systemd/userdb/io.systemd.DynamicUser }
type=PATH msg=audit(1765884436.216:2255): item=0 name="/run/systemd/userdb/io.systemd.DynamicUser" inode=439 dev=00:18 mode=0140666 ouid=0 ogid=0 rdev=00:00 nametype=NORMAL cap_fp=0 cap_fi=0 cap_fe=0 cap_fver=0 cap_frootid=0OUID="root" OGID="root"
type=PROCTITLE msg=audit(1765884436.216:2255): proctitle=2F7573722F7362696E2F61706163686532002D6B007374617274
type=SYSCALL msg=audit(1765884436.217:2256): arch=c000003e syscall=105 success=yes exit=0 a0=21 a1=5e5c740abe00 a2=5e5991e409bb a3=5e5c740abe10 items=0 ppid=958 pid=1462 auid=4294967295 uid=33 gid=33 euid=33 suid=33 fsuid=33 egid=33 sgid=33 fsgid=33 tty=(none) ses=4294967295 comm="apache2" exe="/usr/sbin/apache2" subj=unconfined key="T1166_Seuid_and_Setgid"ARCH=x86_64 SYSCALL=setuid AUID="unset" UID="www-data" GID="www-data" EUID="www-data" SUID="www-data" FSUID="www-data" EGID="www-data" SGID="www-data" FSGID="www-data"
type=PROCTITLE msg=audit(1765884436.217:2256): proctitle=2F7573722F7362696E2F61706163686532002D6B007374617274
type=SYSCALL msg=audit(1765884442.912:2257): arch=c000003e syscall=59 success=yes exit=0 a0=5f63ce8f6790 a1=5f63ce8f0020 a2=5f63ce8d6960 a3=5f63ce8f0020 items=2 ppid=1203 pid=1463 auid=1000 uid=0 gid=0 euid=0 suid=0 fsuid=0 egid=0 sgid=0 fsgid=0 tty=pts1 ses=1 comm="df" exe="/usr/bin/df" subj=unconfined key="T1078_Valid_Accounts"ARCH=x86_64 SYSCALL=execve AUID="vboxuser" UID="root" GID="root" EUID="root" SUID="root" FSUID="root" EGID="root" SGID="root" FSGID="root"
type=EXECVE msg=audit(1765884442.912:2257): argc=2 a0="df" a1="-h"
type=PATH msg=audit(1765884442.912:2257): item=0 name="/usr/bin/df" inode=1442369 dev=08:02 mode=0100755 ouid=0 ogid=0 rdev=00:00 nametype=NORMAL cap_fp=0 cap_fi=0 cap_fe=0 cap_fver=0 cap_frootid=0OUID="root" OGID="root"
type=PATH msg=audit(1765884442.912:2257): item=1 name="/lib64/ld-linux-x86-64.so.2" inode=1481429 dev=08:02 mode=0100755 ouid=0 ogid=0 rdev=00:00 nametype=NORMAL cap_fp=0 cap_fi=0 cap_fe=0 cap_fver=0 cap_frootid=0OUID="root" OGID="root"
type=PROCTITLE msg=audit(1765884442.912:2257): proctitle=6466002D68
type=SYSCALL msg=audit(1765884448.410:2258): arch=c000003e syscall=59 success=yes exit=0 a0=5f63ce93cea0 a1=5f63ce94efe0 a2=5f63ce8d6960 a3=5f63ce8f67f0 items=2 ppid=1203 pid=1476 auid=1000 uid=0 gid=0 euid=0 suid=0 fsuid=0 egid=0 sgid=0 fsgid=0 tty=pts1 ses=1 comm="ls" exe="/usr/bin/ls" subj=unconfined key="T1078_Valid_Accounts"ARCH=x86_64 SYSCALL=execve AUID="vboxuser" UID="root" GID="root" EUID="root" SUID="root" FSUID="root" EGID="root" SGID="root" FSGID="root"
type=EXECVE msg=audit(1765884448.410:2258): argc=3 a0="ls" a1="--color=auto" a2="-la"
type=PATH msg=audit(1765884448.410:2258): item=0 name="/usr/bin/ls" inode=1442533 dev=08:02 mode=0100755 ouid=0 ogid=0 rdev=00:00 nametype=NORMAL cap_fp=0 cap_fi=0 cap_fe=0 cap_fver=0 cap_frootid=0OUID="root" OGID="root"
type=PATH msg=audit(1765884448.410:2258): item=1 name="/lib64/ld-linux-x86-64.so.2" inode=1481429 dev=08:02 mode=0100755 ouid=0 ogid=0 rdev=00:00 nametype=NORMAL cap_fp=0 cap_fi=0 cap_fe=0 cap_fver=0 cap_frootid=0OUID="root" OGID="root"
type=PROCTITLE msg=audit(1765884448.410:2258): proctitle=6C73002D2D636F6C6F723D6175746F002D6C61
type=SYSCALL msg=audit(1765884450.473:2259): arch=c000003e syscall=59 success=yes exit=0 a0=5f63ce93ec20 a1=5f63ce93dec0 a2=5f63ce8d6960 a3=5f63ce93dec0 items=2 ppid=1203 pid=1479 auid=1000 uid=0 gid=0 euid=0 suid=0 fsuid=0 egid=0 sgid=0 fsgid=0 tty=pts1 ses=1 comm="ls" exe="/usr/bin/ls" subj=unconfined key="T1078_Valid_Accounts"ARCH=x86_64 SYSCALL=execve AUID="vboxuser" UID="root" GID="root" EUID="root" SUID="root" FSUID="root" EGID="root" SGID="root" FSGID="root"
type=EXECVE msg=audit(1765884450.473:2259): argc=2 a0="ls" a1="--color=auto"
type=PATH msg=audit(1765884450.473:2259): item=0 name="/usr/bin/ls" inode=1442533 dev=08:02 mode=0100755 ouid=0 ogid=0 rdev=00:00 nametype=NORMAL cap_fp=0 cap_fi=0 cap_fe=0 cap_fver=0 cap_frootid=0OUID="root" OGID="root"
type=PATH msg=audit(1765884450.473:2259): item=1 name="/lib64/ld-linux-x86-64.so.2" inode=1481429 dev=08:02 mode=0100755 ouid=0 ogid=0 rdev=00:00 nametype=NORMAL cap_fp=0 cap_fi=0 cap_fe=0 cap_fver=0 cap_frootid=0OUID="root" OGID="root"
type=PROCTITLE msg=audit(1765884450.473:2259): proctitle=6C73002D2D636F6C6F723D6175746F
type=SYSCALL msg=audit(1765884451.833:2260): arch=c000003e syscall=59 success=yes exit=0 a0=5f63ce941800 a1=5f63ce93e8a0 a2=5f63ce8d6960 a3=8 items=2 ppid=1203 pid=1484 auid=1000 uid=0 gid=0 euid=0 suid=0 fsuid=0 egid=0 sgid=0 fsgid=0 tty=pts1 ses=1 comm="grep" exe="/usr/bin/grep" subj=unconfined key="T1078_Valid_Accounts"ARCH=x86_64 SYSCALL=execve AUID="vboxuser" UID="root" GID="root" EUID="root" SUID="root" FSUID="root" EGID="root" SGID="root" FSGID="root"
type=EXECVE msg=audit(1765884451.833:2260): argc=3 a0="grep" a1="-q" a2="function"
type=PATH msg=audit(1765884451.833:2260): item=0 name="/usr/bin/grep" inode=1442450 dev=08:02 mode=0100755 ouid=0 ogid=0 rdev=00:00 nametype=NORMAL cap_fp=0 cap_fi=0 cap_fe=0 cap_fver=0 cap_frootid=0OUID="root" OGID="root"
type=PATH msg=audit(1765884451.833:2260): item=1 name="/lib64/ld-linux-x86-64.so.2" inode=1481429 dev=08:02 mode=0100755 ouid=0 ogid=0 rdev=00:00 nametype=NORMAL cap_fp=0 cap_fi=0 cap_fe=0 cap_fver=0 cap_frootid=0OUID="root" OGID="root"
type=PROCTITLE msg=audit(1765884451.833:2260): proctitle=67726570002D710066756E6374696F6E
type=SYSCALL msg=audit(1765884452.245:2261): arch=c000003e syscall=59 success=yes exit=0 a0=5f63ce942c60 a1=5f63ce945f00 a2=5f63ce8d6960 a3=5f63ce945f00 items=2 ppid=1203 pid=1493 auid=1000 uid=0 gid=0 euid=0 suid=0 fsuid=0 egid=0 sgid=0 fsgid=0 tty=pts1 ses=1 comm="vim" exe="/usr/bin/vim.basic" subj=unconfined key="T1078_Valid_Accounts"ARCH=x86_64 SYSCALL=execve AUID="vboxuser" UID="root" GID="root" EUID="root" SUID="root" FSUID="root" EGID="root" SGID="root" FSGID="root"
type=EXECVE msg=audit(1765884452.245:2261): argc=2 a0="vim" a1="config."
type=PATH msg=audit(1765884452.245:2261): item=0 name="/usr/bin/vim" inode=1483710 dev=08:02 mode=0100755 ouid=0 ogid=0 rdev=00:00 nametype=NORMAL cap_fp=0 cap_fi=0 cap_fe=0 cap_fver=0 cap_frootid=0OUID="root" OGID="root"
type=PATH msg=audit(1765884452.245:2261): item=1 name="/lib64/ld-linux-x86-64.so.2" inode=1481429 dev=08:02 mode=0100755 ouid=0 ogid=0 rdev=00:00 nametype=NORMAL cap_fp=0 cap_fi=0 cap_fe=0 cap_fver=0 cap_frootid=0OUID="root" OGID="root"
type=PROCTITLE msg=audit(1765884452.245:2261): proctitle=76696D00636F6E6669672E
type=SYSCALL msg=audit(1765884452.424:2262): arch=c000003e syscall=87 success=yes exit=0 a0=5b07eb6fb5f0 a1=7ffc9ba1e5a0 a2=4 a3=180 items=2 ppid=1203 pid=1493 auid=1000 uid=0 gid=0 euid=0 suid=0 fsuid=0 egid=0 sgid=0 fsgid=0 tty=pts1 ses=1 comm="vim" exe="/usr/bin/vim.basic" subj=unconfined key="T1107_File_Deletion"ARCH=x86_64 SYSCALL=unlink AUID="vboxuser" UID="root" GID="root" EUID="root" SUID="root" FSUID="root" EGID="root" SGID="root" FSGID="root"
type=PATH msg=audit(1765884452.424:2262): item=0 name="/var/www/nextcloud/config" inode=696342 dev=08:02 mode=040755 ouid=33 ogid=33 rdev=00:00 nametype=PARENT cap_fp=0 cap_fi=0 cap_fe=0 cap_fver=0 cap_frootid=0OUID="www-data" OGID="www-data"
type=PATH msg=audit(1765884452.424:2262): item=1 name=".config..swx" inode=706881 dev=08:02 mode=0100600 ouid=0 ogid=0 rdev=00:00 nametype=DELETE cap_fp=0 cap_fi=0 cap_fe=0 cap_fver=0 cap_frootid=0OUID="root" OGID="root"
type=PROCTITLE msg=audit(1765884452.424:2262): proctitle=76696D00636F6E6669672E
type=SYSCALL msg=audit(1765884452.424:2263): arch=c000003e syscall=87 success=yes exit=0 a0=5b07eba614d0 a1=7ffc9ba1e5a0 a2=4 a3=180 items=2 ppid=1203 pid=1493 auid=1000 uid=0 gid=0 euid=0 suid=0 fsuid=0 egid=0 sgid=0 fsgid=0 tty=pts1 ses=1 comm="vim" exe="/usr/bin/vim.basic" subj=unconfined key="T1107_File_Deletion"ARCH=x86_64 SYSCALL=unlink AUID="vboxuser" UID="root" GID="root" EUID="root" SUID="root" FSUID="root" EGID="root" SGID="root" FSGID="root"
type=PATH msg=audit(1765884452.424:2263): item=0 name="/var/www/nextcloud/config" inode=696342 dev=08:02 mode=040755 ouid=33 ogid=33 rdev=00:00 nametype=PARENT cap_fp=0 cap_fi=0 cap_fe=0 cap_fver=0 cap_frootid=0OUID="www-data" OGID="www-data"
type=PATH msg=audit(1765884452.424:2263): item=1 name=".config..swp" inode=706879 dev=08:02 mode=0100600 ouid=0 ogid=0 rdev=00:00 nametype=DELETE cap_fp=0 cap_fi=0 cap_fe=0 cap_fver=0 cap_frootid=0OUID="root" OGID="root"
type=PROCTITLE msg=audit(1765884452.424:2263): proctitle=76696D00636F6E6669672E
type=SYSCALL msg=audit(1765884453.740:2264): arch=c000003e syscall=87 success=yes exit=0 a0=5b07eba572f0 a1=5b07eba572f0 a2=7ffc9ba1d420 a3=0 items=2 ppid=1203 pid=1493 auid=1000 uid=0 gid=0 euid=0 suid=0 fsuid=0 egid=0 sgid=0 fsgid=0 tty=pts1 ses=1 comm="vim" exe="/usr/bin/vim.basic" subj=unconfined key="T1107_File_Deletion"ARCH=x86_64 SYSCALL=unlink AUID="vboxuser" UID="root" GID="root" EUID="root" SUID="root" FSUID="root" EGID="root" SGID="root" FSGID="root"
type=PATH msg=audit(1765884453.740:2264): item=0 name="/root/" inode=1048578 dev=08:02 mode=040700 ouid=0 ogid=0 rdev=00:00 nametype=PARENT cap_fp=0 cap_fi=0 cap_fe=0 cap_fver=0 cap_frootid=0OUID="root" OGID="root"
type=PATH msg=audit(1765884453.740:2264): item=1 name="/root/.viminfo" inode=1051134 dev=08:02 mode=0100600 ouid=0 ogid=0 rdev=00:00 nametype=DELETE cap_fp=0 cap_fi=0 cap_fe=0 cap_fver=0 cap_frootid=0OUID="root" OGID="root"
type=PROCTITLE msg=audit(1765884453.740:2264): proctitle=76696D00636F6E6669672E
type=SYSCALL msg=audit(1765884453.742:2265): arch=c000003e syscall=82 success=yes exit=0 a0=5b07eba55950 a1=5b07eba572f0 a2=7ffc9ba1d420 a3=0 items=4 ppid=1203 pid=1493 auid=1000 uid=0 gid=0 euid=0 suid=0 fsuid=0 egid=0 sgid=0 fsgid=0 tty=pts1 ses=1 comm="vim" exe="/usr/bin/vim.basic" subj=unconfined key="T1107_File_Deletion"ARCH=x86_64 SYSCALL=rename AUID="vboxuser" UID="root" GID="root" EUID="root" SUID="root" FSUID="root" EGID="root" SGID="root" FSGID="root"
type=PATH msg=audit(1765884453.742:2265): item=0 name="/root/" inode=1048578 dev=08:02 mode=040700 ouid=0 ogid=0 rdev=00:00 nametype=PARENT cap_fp=0 cap_fi=0 cap_fe=0 cap_fver=0 cap_frootid=0OUID="root" OGID="root"
type=PATH msg=audit(1765884453.742:2265): item=1 name="/root/" inode=1048578 dev=08:02 mode=040700 ouid=0 ogid=0 rdev=00:00 nametype=PARENT cap_fp=0 cap_fi=0 cap_fe=0 cap_fver=0 cap_frootid=0OUID="root" OGID="root"
type=PATH msg=audit(1765884453.742:2265): item=2 name="/root/.viminfo.tmp" inode=1049747 dev=08:02 mode=0100600 ouid=0 ogid=0 rdev=00:00 nametype=DELETE cap_fp=0 cap_fi=0 cap_fe=0 cap_fver=0 cap_frootid=0OUID="root" OGID="root"
type=PATH msg=audit(1765884453.742:2265): item=3 name="/root/.viminfo" inode=1049747 dev=08:02 mode=0100600 ouid=0 ogid=0 rdev=00:00 nametype=CREATE cap_fp=0 cap_fi=0 cap_fe=0 cap_fver=0 cap_frootid=0OUID="root" OGID="root"
type=PROCTITLE msg=audit(1765884453.742:2265): proctitle=76696D00636F6E6669672E
type=SYSCALL msg=audit(1765884453.746:2266): arch=c000003e syscall=87 success=yes exit=0 a0=5b07eba28f90 a1=0 a2=0 a3=5b07e72e4c60 items=2 ppid=1203 pid=1493 auid=1000 uid=0 gid=0 euid=0 suid=0 fsuid=0 egid=0 sgid=0 fsgid=0 tty=pts1 ses=1 comm="vim" exe="/usr/bin/vim.basic" subj=unconfined key="T1107_File_Deletion"ARCH=x86_64 SYSCALL=unlink AUID="vboxuser" UID="root" GID="root" EUID="root" SUID="root" FSUID="root" EGID="root" SGID="root" FSGID="root"
type=PATH msg=audit(1765884453.746:2266): item=0 name="/var/www/nextcloud/config/" inode=696342 dev=08:02 mode=040755 ouid=33 ogid=33 rdev=00:00 nametype=PARENT cap_fp=0 cap_fi=0 cap_fe=0 cap_fver=0 cap_frootid=0OUID="www-data" OGID="www-data"
type=PATH msg=audit(1765884453.746:2266): item=1 name="/var/www/nextcloud/config/.config..swp" inode=706879 dev=08:02 mode=0100600 ouid=0 ogid=0 rdev=00:00 nametype=DELETE cap_fp=0 cap_fi=0 cap_fe=0 cap_fver=0 cap_frootid=0OUID="root" OGID="root"
type=PROCTITLE msg=audit(1765884453.746:2266): proctitle=76696D00636F6E6669672E
type=SYSCALL msg=audit(1765884455.234:2267): arch=c000003e syscall=59 success=yes exit=0 a0=5f63ce94d230 a1=5f63ce947c50 a2=5f63ce8d6960 a3=5f63ce947c50 items=2 ppid=1203 pid=1503 auid=1000 uid=0 gid=0 euid=0 suid=0 fsuid=0 egid=0 sgid=0 fsgid=0 tty=pts1 ses=1 comm="vim" exe="/usr/bin/vim.basic" subj=unconfined key="T1078_Valid_Accounts"ARCH=x86_64 SYSCALL=execve AUID="vboxuser" UID="root" GID="root" EUID="root" SUID="root" FSUID="root" EGID="root" SGID="root" FSGID="root"
type=EXECVE msg=audit(1765884455.234:2267): argc=2 a0="vim" a1="config.php"
type=PATH msg=audit(1765884455.234:2267): item=0 name="/usr/bin/vim" inode=1483710 dev=08:02 mode=0100755 ouid=0 ogid=0 rdev=00:00 nametype=NORMAL cap_fp=0 cap_fi=0 cap_fe=0 cap_fver=0 cap_frootid=0OUID="root" OGID="root"
type=PATH msg=audit(1765884455.234:2267): item=1 name="/lib64/ld-linux-x86-64.so.2" inode=1481429 dev=08:02 mode=0100755 ouid=0 ogid=0 rdev=00:00 nametype=NORMAL cap_fp=0 cap_fi=0 cap_fe=0 cap_fver=0 cap_frootid=0OUID="root" OGID="root"
type=PROCTITLE msg=audit(1765884455.234:2267): proctitle=76696D00636F6E6669672E706870
type=SYSCALL msg=audit(1765884455.340:2268): arch=c000003e syscall=87 success=yes exit=0 a0=5b5cc30e55f0 a1=7ffdb088e100 a2=5 a3=180 items=2 ppid=1203 pid=1503 auid=1000 uid=0 gid=0 euid=0 suid=0 fsuid=0 egid=0 sgid=0 fsgid=0 tty=pts1 ses=1 comm="vim" exe="/usr/bin/vim.basic" subj=unconfined key="T1107_File_Deletion"ARCH=x86_64 SYSCALL=unlink AUID="vboxuser" UID="root" GID="root" EUID="root" SUID="root" FSUID="root" EGID="root" SGID="root" FSGID="root"
type=PATH msg=audit(1765884455.340:2268): item=0 name="/var/www/nextcloud/config" inode=696342 dev=08:02 mode=040755 ouid=33 ogid=33 rdev=00:00 nametype=PARENT cap_fp=0 cap_fi=0 cap_fe=0 cap_fver=0 cap_frootid=0OUID="www-data" OGID="www-data"
type=PATH msg=audit(1765884455.340:2268): item=1 name=".config.php.swx" inode=706881 dev=08:02 mode=0100600 ouid=0 ogid=0 rdev=00:00 nametype=DELETE cap_fp=0 cap_fi=0 cap_fe=0 cap_fver=0 cap_frootid=0OUID="root" OGID="root"
type=PROCTITLE msg=audit(1765884455.340:2268): proctitle=76696D00636F6E6669672E706870
type=SYSCALL msg=audit(1765884455.340:2269): arch=c000003e syscall=87 success=yes exit=0 a0=5b5cc35b7980 a1=7ffdb088e100 a2=5 a3=180 items=2 ppid=1203 pid=1503 auid=1000 uid=0 gid=0 euid=0 suid=0 fsuid=0 egid=0 sgid=0 fsgid=0 tty=pts1 ses=1 comm="vim" exe="/usr/bin/vim.basic" subj=unconfined key="T1107_File_Deletion"ARCH=x86_64 SYSCALL=unlink AUID="vboxuser" UID="root" GID="root" EUID="root" SUID="root" FSUID="root" EGID="root" SGID="root" FSGID="root"
type=PATH msg=audit(1765884455.340:2269): item=0 name="/var/www/nextcloud/config" inode=696342 dev=08:02 mode=040755 ouid=33 ogid=33 rdev=00:00 nametype=PARENT cap_fp=0 cap_fi=0 cap_fe=0 cap_fver=0 cap_frootid=0OUID="www-data" OGID="www-data"
type=PATH msg=audit(1765884455.340:2269): item=1 name=".config.php.swp" inode=706879 dev=08:02 mode=0100600 ouid=0 ogid=0 rdev=00:00 nametype=DELETE cap_fp=0 cap_fi=0 cap_fe=0 cap_fver=0 cap_frootid=0OUID="root" OGID="root"
type=PROCTITLE msg=audit(1765884455.340:2269): proctitle=76696D00636F6E6669672E706870
type=SYSCALL msg=audit(1765884455.340:2270): arch=c000003e syscall=93 success=yes exit=0 a0=4 a1=ffffffff a2=21 a3=0 items=1 ppid=1203 pid=1503 auid=1000 uid=0 gid=0 euid=0 suid=0 fsuid=0 egid=0 sgid=0 fsgid=0 tty=pts1 ses=1 comm="vim" exe="/usr/bin/vim.basic" subj=unconfined key="T1166_Seuid_and_Setgid"ARCH=x86_64 SYSCALL=fchown AUID="vboxuser" UID="root" GID="root" EUID="root" SUID="root" FSUID="root" EGID="root" SGID="root" FSGID="root"
type=PATH msg=audit(1765884455.340:2270): item=0 name=(null) inode=706879 dev=08:02 mode=0100600 ouid=0 ogid=0 rdev=00:00 nametype=NORMAL cap_fp=0 cap_fi=0 cap_fe=0 cap_fver=0 cap_frootid=0OUID="root" OGID="root"
type=PROCTITLE msg=audit(1765884455.340:2270): proctitle=76696D00636F6E6669672E706870
type=SYSCALL msg=audit(1765884455.340:2271): arch=c000003e syscall=90 success=yes exit=0 a0=5b5cc35b7980 a1=1a0 a2=21 a3=0 items=1 ppid=1203 pid=1503 auid=1000 uid=0 gid=0 euid=0 suid=0 fsuid=0 egid=0 sgid=0 fsgid=0 tty=pts1 ses=1 comm="vim" exe="/usr/bin/vim.basic" subj=unconfined key="T1166_Seuid_and_Setgid"ARCH=x86_64 SYSCALL=chmod AUID="vboxuser" UID="root" GID="root" EUID="root" SUID="root" FSUID="root" EGID="root" SGID="root" FSGID="root"
type=PATH msg=audit(1765884455.340:2271): item=0 name=".config.php.swp" inode=706879 dev=08:02 mode=0100600 ouid=0 ogid=33 rdev=00:00 nametype=NORMAL cap_fp=0 cap_fi=0 cap_fe=0 cap_fver=0 cap_frootid=0OUID="root" OGID="www-data"
type=PROCTITLE msg=audit(1765884455.340:2271): proctitle=76696D00636F6E6669672E706870
type=SYSCALL msg=audit(1765884468.743:2272): arch=c000003e syscall=93 success=yes exit=0 a0=3 a1=21 a2=21 a3=81a0 items=1 ppid=1203 pid=1503 auid=1000 uid=0 gid=0 euid=0 suid=0 fsuid=0 egid=0 sgid=0 fsgid=0 tty=pts1 ses=1 comm="vim" exe="/usr/bin/vim.basic" subj=unconfined key="T1166_Seuid_and_Setgid"ARCH=x86_64 SYSCALL=fchown AUID="vboxuser" UID="root" GID="root" EUID="root" SUID="root" FSUID="root" EGID="root" SGID="root" FSGID="root"
type=PATH msg=audit(1765884468.743:2272): item=0 name=(null) inode=706881 dev=08:02 mode=0100640 ouid=0 ogid=0 rdev=00:00 nametype=NORMAL cap_fp=0 cap_fi=0 cap_fe=0 cap_fver=0 cap_frootid=0OUID="root" OGID="root"
type=PROCTITLE msg=audit(1765884468.743:2272): proctitle=76696D00636F6E6669672E706870
type=SYSCALL msg=audit(1765884468.745:2273): arch=c000003e syscall=87 success=yes exit=0 a0=5b5cc30db420 a1=0 a2=0 a3=0 items=2 ppid=1203 pid=1503 auid=1000 uid=0 gid=0 euid=0 suid=0 fsuid=0 egid=0 sgid=0 fsgid=0 tty=pts1 ses=1 comm="vim" exe="/usr/bin/vim.basic" subj=unconfined key="T1107_File_Deletion"ARCH=x86_64 SYSCALL=unlink AUID="vboxuser" UID="root" GID="root" EUID="root" SUID="root" FSUID="root" EGID="root" SGID="root" FSGID="root"
type=PATH msg=audit(1765884468.745:2273): item=0 name="/var/www/nextcloud/config" inode=696342 dev=08:02 mode=040755 ouid=33 ogid=33 rdev=00:00 nametype=PARENT cap_fp=0 cap_fi=0 cap_fe=0 cap_fver=0 cap_frootid=0OUID="www-data" OGID="www-data"
type=PATH msg=audit(1765884468.745:2273): item=1 name="4913" inode=706881 dev=08:02 mode=0100640 ouid=33 ogid=33 rdev=00:00 nametype=DELETE cap_fp=0 cap_fi=0 cap_fe=0 cap_fver=0 cap_frootid=0OUID="www-data" OGID="www-data"
type=PROCTITLE msg=audit(1765884468.745:2273): proctitle=76696D00636F6E6669672E706870
type=SYSCALL msg=audit(1765884468.748:2274): arch=c000003e syscall=87 success=no exit=-2 a0=5b5cc33e9230 a1=5b5cc33e9230 a2=fffffffffffffc58 a3=0 items=1 ppid=1203 pid=1503 auid=1000 uid=0 gid=0 euid=0 suid=0 fsuid=0 egid=0 sgid=0 fsgid=0 tty=pts1 ses=1 comm="vim" exe="/usr/bin/vim.basic" subj=unconfined key="T1107_File_Deletion"ARCH=x86_64 SYSCALL=unlink AUID="vboxuser" UID="root" GID="root" EUID="root" SUID="root" FSUID="root" EGID="root" SGID="root" FSGID="root"
type=PATH msg=audit(1765884468.748:2274): item=0 name="/var/www/nextcloud/config" inode=696342 dev=08:02 mode=040755 ouid=33 ogid=33 rdev=00:00 nametype=PARENT cap_fp=0 cap_fi=0 cap_fe=0 cap_fver=0 cap_frootid=0OUID="www-data" OGID="www-data"
type=PROCTITLE msg=audit(1765884468.748:2274): proctitle=76696D00636F6E6669672E706870
type=SYSCALL msg=audit(1765884468.748:2275): arch=c000003e syscall=82 success=yes exit=0 a0=5b5cc30ea6c0 a1=5b5cc33e9230 a2=fffffffffffffc58 a3=0 items=4 ppid=1203 pid=1503 auid=1000 uid=0 gid=0 euid=0 suid=0 fsuid=0 egid=0 sgid=0 fsgid=0 tty=pts1 ses=1 comm="vim" exe="/usr/bin/vim.basic" subj=unconfined key="T1107_File_Deletion"ARCH=x86_64 SYSCALL=rename AUID="vboxuser" UID="root" GID="root" EUID="root" SUID="root" FSUID="root" EGID="root" SGID="root" FSGID="root"
type=PATH msg=audit(1765884468.748:2275): item=0 name="/var/www/nextcloud/config" inode=696342 dev=08:02 mode=040755 ouid=33 ogid=33 rdev=00:00 nametype=PARENT cap_fp=0 cap_fi=0 cap_fe=0 cap_fver=0 cap_frootid=0OUID="www-data" OGID="www-data"
type=PATH msg=audit(1765884468.748:2275): item=1 name="/var/www/nextcloud/config" inode=696342 dev=08:02 mode=040755 ouid=33 ogid=33 rdev=00:00 nametype=PARENT cap_fp=0 cap_fi=0 cap_fe=0 cap_fver=0 cap_frootid=0OUID="www-data" OGID="www-data"
type=PATH msg=audit(1765884468.748:2275): item=2 name="config.php" inode=655462 dev=08:02 mode=0100640 ouid=33 ogid=33 rdev=00:00 nametype=DELETE cap_fp=0 cap_fi=0 cap_fe=0 cap_fver=0 cap_frootid=0OUID="www-data" OGID="www-data"
type=PATH msg=audit(1765884468.748:2275): item=3 name="config.phz~" inode=655462 dev=08:02 mode=0100640 ouid=33 ogid=33 rdev=00:00 nametype=CREATE cap_fp=0 cap_fi=0 cap_fe=0 cap_fver=0 cap_frootid=0OUID="www-data" OGID="www-data"
type=PROCTITLE msg=audit(1765884468.748:2275): proctitle=76696D00636F6E6669672E706870
type=SYSCALL msg=audit(1765884468.783:2276): arch=c000003e syscall=93 success=yes exit=0 a0=3 a1=21 a2=ffffffff a3=0 items=1 ppid=1203 pid=1503 auid=1000 uid=0 gid=0 euid=0 suid=0 fsuid=0 egid=0 sgid=0 fsgid=0 tty=pts1 ses=1 comm="vim" exe="/usr/bin/vim.basic" subj=unconfined key="T1166_Seuid_and_Setgid"ARCH=x86_64 SYSCALL=fchown AUID="vboxuser" UID="root" GID="root" EUID="root" SUID="root" FSUID="root" EGID="root" SGID="root" FSGID="root"
type=PATH msg=audit(1765884468.783:2276): item=0 name=(null) inode=706881 dev=08:02 mode=0100640 ouid=0 ogid=0 rdev=00:00 nametype=NORMAL cap_fp=0 cap_fi=0 cap_fe=0 cap_fver=0 cap_frootid=0OUID="root" OGID="root"
type=PROCTITLE msg=audit(1765884468.783:2276): proctitle=76696D00636F6E6669672E706870
type=SYSCALL msg=audit(1765884468.783:2277): arch=c000003e syscall=93 success=yes exit=0 a0=3 a1=ffffffff a2=21 a3=0 items=1 ppid=1203 pid=1503 auid=1000 uid=0 gid=0 euid=0 suid=0 fsuid=0 egid=0 sgid=0 fsgid=0 tty=pts1 ses=1 comm="vim" exe="/usr/bin/vim.basic" subj=unconfined key="T1166_Seuid_and_Setgid"ARCH=x86_64 SYSCALL=fchown AUID="vboxuser" UID="root" GID="root" EUID="root" SUID="root" FSUID="root" EGID="root" SGID="root" FSGID="root"
type=PATH msg=audit(1765884468.783:2277): item=0 name=(null) inode=706881 dev=08:02 mode=0100640 ouid=33 ogid=0 rdev=00:00 nametype=NORMAL cap_fp=0 cap_fi=0 cap_fe=0 cap_fver=0 cap_frootid=0OUID="www-data" OGID="root"
type=PROCTITLE msg=audit(1765884468.783:2277): proctitle=76696D00636F6E6669672E706870
type=SYSCALL msg=audit(1765884468.783:2278): arch=c000003e syscall=91 success=yes exit=0 a0=3 a1=81a0 a2=7ffdb088dbd0 a3=0 items=1 ppid=1203 pid=1503 auid=1000 uid=0 gid=0 euid=0 suid=0 fsuid=0 egid=0 sgid=0 fsgid=0 tty=pts1 ses=1 comm="vim" exe="/usr/bin/vim.basic" subj=unconfined key="T1166_Seuid_and_Setgid"ARCH=x86_64 SYSCALL=fchmod AUID="vboxuser" UID="root" GID="root" EUID="root" SUID="root" FSUID="root" EGID="root" SGID="root" FSGID="root"
type=PATH msg=audit(1765884468.783:2278): item=0 name=(null) inode=706881 dev=08:02 mode=0100640 ouid=33 ogid=33 rdev=00:00 nametype=NORMAL cap_fp=0 cap_fi=0 cap_fe=0 cap_fver=0 cap_frootid=0OUID="www-data" OGID="www-data"
type=PROCTITLE msg=audit(1765884468.783:2278): proctitle=76696D00636F6E6669672E706870
type=SYSCALL msg=audit(1765884468.783:2279): arch=c000003e syscall=188 success=yes exit=0 a0=5b5cc30ea6c0 a1=7726f927c000 a2=5b5cc35ac5a0 a3=1c items=1 ppid=1203 pid=1503 auid=1000 uid=0 gid=0 euid=0 suid=0 fsuid=0 egid=0 sgid=0 fsgid=0 tty=pts1 ses=1 comm="vim" exe="/usr/bin/vim.basic" subj=unconfined key="T1166_Seuid_and_Setgid"ARCH=x86_64 SYSCALL=setxattr AUID="vboxuser" UID="root" GID="root" EUID="root" SUID="root" FSUID="root" EGID="root" SGID="root" FSGID="root"
type=PATH msg=audit(1765884468.783:2279): item=0 name="config.php" inode=706881 dev=08:02 mode=0100640 ouid=33 ogid=33 rdev=00:00 nametype=NORMAL cap_fp=0 cap_fi=0 cap_fe=0 cap_fver=0 cap_frootid=0OUID="www-data" OGID="www-data"
type=PROCTITLE msg=audit(1765884468.783:2279): proctitle=76696D00636F6E6669672E706870
type=SYSCALL msg=audit(1765884468.785:2280): arch=c000003e syscall=87 success=yes exit=0 a0=5b5cc33e9230 a1=382d6674 a2=5b5c86514b7d a3=0 items=2 ppid=1203 pid=1503 auid=1000 uid=0 gid=0 euid=0 suid=0 fsuid=0 egid=0 sgid=0 fsgid=0 tty=pts1 ses=1 comm="vim" exe="/usr/bin/vim.basic" subj=unconfined key="T1107_File_Deletion"ARCH=x86_64 SYSCALL=unlink AUID="vboxuser" UID="root" GID="root" EUID="root" SUID="root" FSUID="root" EGID="root" SGID="root" FSGID="root"
type=PATH msg=audit(1765884468.785:2280): item=0 name="/var/www/nextcloud/config" inode=696342 dev=08:02 mode=040755 ouid=33 ogid=33 rdev=00:00 nametype=PARENT cap_fp=0 cap_fi=0 cap_fe=0 cap_fver=0 cap_frootid=0OUID="www-data" OGID="www-data"
type=PATH msg=audit(1765884468.785:2280): item=1 name="config.phz~" inode=655462 dev=08:02 mode=0100640 ouid=33 ogid=33 rdev=00:00 nametype=DELETE cap_fp=0 cap_fi=0 cap_fe=0 cap_fver=0 cap_frootid=0OUID="www-data" OGID="www-data"
type=PROCTITLE msg=audit(1765884468.785:2280): proctitle=76696D00636F6E6669672E706870
type=SYSCALL msg=audit(1765884473.197:2281): arch=c000003e syscall=42 success=yes exit=0 a0=d a1=7ffd20e4ce70 a2=1d a3=1 items=1 ppid=958 pid=1384 auid=4294967295 uid=33 gid=33 euid=33 suid=33 fsuid=33 egid=33 sgid=33 fsgid=33 tty=(none) ses=4294967295 comm="apache2" exe="/usr/sbin/apache2" subj=unconfined key="T1043_Commonly_Used_Port"ARCH=x86_64 SYSCALL=connect AUID="unset" UID="www-data" GID="www-data" EUID="www-data" SUID="www-data" FSUID="www-data" EGID="www-data" SGID="www-data" FSGID="www-data"
type=SOCKADDR msg=audit(1765884473.197:2281): saddr=01002F7661722F72756E2F6D7973716C642F6D7973716C642E736F636BSADDR={ saddr_fam=local path=/var/run/mysqld/mysqld.sock }
type=PATH msg=audit(1765884473.197:2281): item=0 name="/var/run/mysqld/mysqld.sock" inode=1330 dev=00:18 mode=0140777 ouid=111 ogid=111 rdev=00:00 nametype=NORMAL cap_fp=0 cap_fi=0 cap_fe=0 cap_fver=0 cap_frootid=0OUID="mysql" OGID="mysql"
type=PROCTITLE msg=audit(1765884473.197:2281): proctitle=2F7573722F7362696E2F61706163686532002D6B007374617274
type=SYSCALL msg=audit(1765884474.996:2282): arch=c000003e syscall=42 success=yes exit=0 a0=d a1=7ffd20e4ce70 a2=1d a3=1 items=1 ppid=958 pid=1384 auid=4294967295 uid=33 gid=33 euid=33 suid=33 fsuid=33 egid=33 sgid=33 fsgid=33 tty=(none) ses=4294967295 comm="apache2" exe="/usr/sbin/apache2" subj=unconfined key="T1043_Commonly_Used_Port"ARCH=x86_64 SYSCALL=connect AUID="unset" UID="www-data" GID="www-data" EUID="www-data" SUID="www-data" FSUID="www-data" EGID="www-data" SGID="www-data" FSGID="www-data"
type=SOCKADDR msg=audit(1765884474.996:2282): saddr=01002F7661722F72756E2F6D7973716C642F6D7973716C642E736F636BSADDR={ saddr_fam=local path=/var/run/mysqld/mysqld.sock }
type=PATH msg=audit(1765884474.996:2282): item=0 name="/var/run/mysqld/mysqld.sock" inode=1330 dev=00:18 mode=0140777 ouid=111 ogid=111 rdev=00:00 nametype=NORMAL cap_fp=0 cap_fi=0 cap_fe=0 cap_fver=0 cap_frootid=0OUID="mysql" OGID="mysql"
type=PROCTITLE msg=audit(1765884474.996:2282): proctitle=2F7573722F7362696E2F61706163686532002D6B007374617274
type=SYSCALL msg=audit(1765884475.507:2283): arch=c000003e syscall=42 success=yes exit=0 a0=d a1=7ffd20e4ce70 a2=1d a3=1 items=1 ppid=958 pid=1385 auid=4294967295 uid=33 gid=33 euid=33 suid=33 fsuid=33 egid=33 sgid=33 fsgid=33 tty=(none) ses=4294967295 comm="apache2" exe="/usr/sbin/apache2" subj=unconfined key="T1043_Commonly_Used_Port"ARCH=x86_64 SYSCALL=connect AUID="unset" UID="www-data" GID="www-data" EUID="www-data" SUID="www-data" FSUID="www-data" EGID="www-data" SGID="www-data" FSGID="www-data"
type=SOCKADDR msg=audit(1765884475.507:2283): saddr=01002F7661722F72756E2F6D7973716C642F6D7973716C642E736F636BSADDR={ saddr_fam=local path=/var/run/mysqld/mysqld.sock }
type=PATH msg=audit(1765884475.507:2283): item=0 name="/var/run/mysqld/mysqld.sock" inode=1330 dev=00:18 mode=0140777 ouid=111 ogid=111 rdev=00:00 nametype=NORMAL cap_fp=0 cap_fi=0 cap_fe=0 cap_fver=0 cap_frootid=0OUID="mysql" OGID="mysql"
type=PROCTITLE msg=audit(1765884475.507:2283): proctitle=2F7573722F7362696E2F61706163686532002D6B007374617274
type=SYSCALL msg=audit(1765884475.680:2284): arch=c000003e syscall=42 success=yes exit=0 a0=d a1=7ffd20e4ce70 a2=1d a3=1 items=1 ppid=958 pid=1462 auid=4294967295 uid=33 gid=33 euid=33 suid=33 fsuid=33 egid=33 sgid=33 fsgid=33 tty=(none) ses=4294967295 comm="apache2" exe="/usr/sbin/apache2" subj=unconfined key="T1043_Commonly_Used_Port"ARCH=x86_64 SYSCALL=connect AUID="unset" UID="www-data" GID="www-data" EUID="www-data" SUID="www-data" FSUID="www-data" EGID="www-data" SGID="www-data" FSGID="www-data"
type=SOCKADDR msg=audit(1765884475.680:2284): saddr=01002F7661722F72756E2F6D7973716C642F6D7973716C642E736F636BSADDR={ saddr_fam=local path=/var/run/mysqld/mysqld.sock }
type=PATH msg=audit(1765884475.680:2284): item=0 name="/var/run/mysqld/mysqld.sock" inode=1330 dev=00:18 mode=0140777 ouid=111 ogid=111 rdev=00:00 nametype=NORMAL cap_fp=0 cap_fi=0 cap_fe=0 cap_fver=0 cap_frootid=0OUID="mysql" OGID="mysql"
type=PROCTITLE msg=audit(1765884475.680:2284): proctitle=2F7573722F7362696E2F61706163686532002D6B007374617274
type=SYSCALL msg=audit(1765884475.687:2285): arch=c000003e syscall=42 success=yes exit=0 a0=d a1=7ffd20e4ce70 a2=1d a3=1 items=1 ppid=958 pid=1385 auid=4294967295 uid=33 gid=33 euid=33 suid=33 fsuid=33 egid=33 sgid=33 fsgid=33 tty=(none) ses=4294967295 comm="apache2" exe="/usr/sbin/apache2" subj=unconfined key="T1043_Commonly_Used_Port"ARCH=x86_64 SYSCALL=connect AUID="unset" UID="www-data" GID="www-data" EUID="www-data" SUID="www-data" FSUID="www-data" EGID="www-data" SGID="www-data" FSGID="www-data"
type=SOCKADDR msg=audit(1765884475.687:2285): saddr=01002F7661722F72756E2F6D7973716C642F6D7973716C642E736F636BSADDR={ saddr_fam=local path=/var/run/mysqld/mysqld.sock }
type=PATH msg=audit(1765884475.687:2285): item=0 name="/var/run/mysqld/mysqld.sock" inode=1330 dev=00:18 mode=0140777 ouid=111 ogid=111 rdev=00:00 nametype=NORMAL cap_fp=0 cap_fi=0 cap_fe=0 cap_fver=0 cap_frootid=0OUID="mysql" OGID="mysql"
type=PROCTITLE msg=audit(1765884475.687:2285): proctitle=2F7573722F7362696E2F61706163686532002D6B007374617274
type=SYSCALL msg=audit(1765884475.689:2286): arch=c000003e syscall=42 success=yes exit=0 a0=d a1=7ffd20e4ce70 a2=1d a3=1 items=1 ppid=958 pid=1461 auid=4294967295 uid=33 gid=33 euid=33 suid=33 fsuid=33 egid=33 sgid=33 fsgid=33 tty=(none) ses=4294967295 comm="apache2" exe="/usr/sbin/apache2" subj=unconfined key="T1043_Commonly_Used_Port"ARCH=x86_64 SYSCALL=connect AUID="unset" UID="www-data" GID="www-data" EUID="www-data" SUID="www-data" FSUID="www-data" EGID="www-data" SGID="www-data" FSGID="www-data"
type=SOCKADDR msg=audit(1765884475.689:2286): saddr=01002F7661722F72756E2F6D7973716C642F6D7973716C642E736F636BSADDR={ saddr_fam=local path=/var/run/mysqld/mysqld.sock }
type=PATH msg=audit(1765884475.689:2286): item=0 name="/var/run/mysqld/mysqld.sock" inode=1330 dev=00:18 mode=0140777 ouid=111 ogid=111 rdev=00:00 nametype=NORMAL cap_fp=0 cap_fi=0 cap_fe=0 cap_fver=0 cap_frootid=0OUID="mysql" OGID="mysql"
type=PROCTITLE msg=audit(1765884475.689:2286): proctitle=2F7573722F7362696E2F61706163686532002D6B007374617274
type=SYSCALL msg=audit(1765884475.754:2287): arch=c000003e syscall=42 success=yes exit=0 a0=d a1=7ffd20e4ce70 a2=1d a3=1 items=1 ppid=958 pid=1381 auid=4294967295 uid=33 gid=33 euid=33 suid=33 fsuid=33 egid=33 sgid=33 fsgid=33 tty=(none) ses=4294967295 comm="apache2" exe="/usr/sbin/apache2" subj=unconfined key="T1043_Commonly_Used_Port"ARCH=x86_64 SYSCALL=connect AUID="unset" UID="www-data" GID="www-data" EUID="www-data" SUID="www-data" FSUID="www-data" EGID="www-data" SGID="www-data" FSGID="www-data"
type=SOCKADDR msg=audit(1765884475.754:2287): saddr=01002F7661722F72756E2F6D7973716C642F6D7973716C642E736F636BSADDR={ saddr_fam=local path=/var/run/mysqld/mysqld.sock }
type=PATH msg=audit(1765884475.754:2287): item=0 name="/var/run/mysqld/mysqld.sock" inode=1330 dev=00:18 mode=0140777 ouid=111 ogid=111 rdev=00:00 nametype=NORMAL cap_fp=0 cap_fi=0 cap_fe=0 cap_fver=0 cap_frootid=0OUID="mysql" OGID="mysql"
type=PROCTITLE msg=audit(1765884475.754:2287): proctitle=2F7573722F7362696E2F61706163686532002D6B007374617274
type=SYSCALL msg=audit(1765884475.835:2288): arch=c000003e syscall=42 success=yes exit=0 a0=d a1=7ffd20e4ce70 a2=1d a3=1 items=1 ppid=958 pid=1385 auid=4294967295 uid=33 gid=33 euid=33 suid=33 fsuid=33 egid=33 sgid=33 fsgid=33 tty=(none) ses=4294967295 comm="apache2" exe="/usr/sbin/apache2" subj=unconfined key="T1043_Commonly_Used_Port"ARCH=x86_64 SYSCALL=connect AUID="unset" UID="www-data" GID="www-data" EUID="www-data" SUID="www-data" FSUID="www-data" EGID="www-data" SGID="www-data" FSGID="www-data"
type=SOCKADDR msg=audit(1765884475.835:2288): saddr=01002F7661722F72756E2F6D7973716C642F6D7973716C642E736F636BSADDR={ saddr_fam=local path=/var/run/mysqld/mysqld.sock }
type=PATH msg=audit(1765884475.835:2288): item=0 name="/var/run/mysqld/mysqld.sock" inode=1330 dev=00:18 mode=0140777 ouid=111 ogid=111 rdev=00:00 nametype=NORMAL cap_fp=0 cap_fi=0 cap_fe=0 cap_fver=0 cap_frootid=0OUID="mysql" OGID="mysql"
type=PROCTITLE msg=audit(1765884475.835:2288): proctitle=2F7573722F7362696E2F61706163686532002D6B007374617274
type=SYSCALL msg=audit(1765884475.877:2290): arch=c000003e syscall=42 success=yes exit=0 a0=d a1=7ffd20e4ce70 a2=1d a3=1 items=1 ppid=958 pid=1461 auid=4294967295 uid=33 gid=33 euid=33 suid=33 fsuid=33 egid=33 sgid=33 fsgid=33 tty=(none) ses=4294967295 comm="apache2" exe="/usr/sbin/apache2" subj=unconfined key="T1043_Commonly_Used_Port"ARCH=x86_64 SYSCALL=connect AUID="unset" UID="www-data" GID="www-data" EUID="www-data" SUID="www-data" FSUID="www-data" EGID="www-data" SGID="www-data" FSGID="www-data"
type=SYSCALL msg=audit(1765884475.877:2289): arch=c000003e syscall=42 success=yes exit=0 a0=d a1=7ffd20e4ce70 a2=1d a3=1 items=1 ppid=958 pid=1462 auid=4294967295 uid=33 gid=33 euid=33 suid=33 fsuid=33 egid=33 sgid=33 fsgid=33 tty=(none) ses=4294967295 comm="apache2" exe="/usr/sbin/apache2" subj=unconfined key="T1043_Commonly_Used_Port"ARCH=x86_64 SYSCALL=connect AUID="unset" UID="www-data" GID="www-data" EUID="www-data" SUID="www-data" FSUID="www-data" EGID="www-data" SGID="www-data" FSGID="www-data"
type=SOCKADDR msg=audit(1765884475.877:2290): saddr=01002F7661722F72756E2F6D7973716C642F6D7973716C642E736F636BSADDR={ saddr_fam=local path=/var/run/mysqld/mysqld.sock }
type=PATH msg=audit(1765884475.877:2290): item=0 name="/var/run/mysqld/mysqld.sock" inode=1330 dev=00:18 mode=0140777 ouid=111 ogid=111 rdev=00:00 nametype=NORMAL cap_fp=0 cap_fi=0 cap_fe=0 cap_fver=0 cap_frootid=0OUID="mysql" OGID="mysql"
type=PROCTITLE msg=audit(1765884475.877:2290): proctitle=2F7573722F7362696E2F61706163686532002D6B007374617274
type=SOCKADDR msg=audit(1765884475.877:2289): saddr=01002F7661722F72756E2F6D7973716C642F6D7973716C642E736F636BSADDR={ saddr_fam=local path=/var/run/mysqld/mysqld.sock }
type=PATH msg=audit(1765884475.877:2289): item=0 name="/var/run/mysqld/mysqld.sock" inode=1330 dev=00:18 mode=0140777 ouid=111 ogid=111 rdev=00:00 nametype=NORMAL cap_fp=0 cap_fi=0 cap_fe=0 cap_fver=0 cap_frootid=0OUID="mysql" OGID="mysql"
type=PROCTITLE msg=audit(1765884475.877:2289): proctitle=2F7573722F7362696E2F61706163686532002D6B007374617274
type=SYSCALL msg=audit(1765884476.040:2291): arch=c000003e syscall=42 success=yes exit=0 a0=d a1=7ffd20e4ce70 a2=1d a3=1 items=1 ppid=958 pid=1381 auid=4294967295 uid=33 gid=33 euid=33 suid=33 fsuid=33 egid=33 sgid=33 fsgid=33 tty=(none) ses=4294967295 comm="apache2" exe="/usr/sbin/apache2" subj=unconfined key="T1043_Commonly_Used_Port"ARCH=x86_64 SYSCALL=connect AUID="unset" UID="www-data" GID="www-data" EUID="www-data" SUID="www-data" FSUID="www-data" EGID="www-data" SGID="www-data" FSGID="www-data"
type=SOCKADDR msg=audit(1765884476.040:2291): saddr=01002F7661722F72756E2F6D7973716C642F6D7973716C642E736F636BSADDR={ saddr_fam=local path=/var/run/mysqld/mysqld.sock }
type=PATH msg=audit(1765884476.040:2291): item=0 name="/var/run/mysqld/mysqld.sock" inode=1330 dev=00:18 mode=0140777 ouid=111 ogid=111 rdev=00:00 nametype=NORMAL cap_fp=0 cap_fi=0 cap_fe=0 cap_fver=0 cap_frootid=0OUID="mysql" OGID="mysql"
type=PROCTITLE msg=audit(1765884476.040:2291): proctitle=2F7573722F7362696E2F61706163686532002D6B007374617274
type=SYSCALL msg=audit(1765884476.038:2292): arch=c000003e syscall=42 success=yes exit=0 a0=d a1=7ffd20e4ce70 a2=1d a3=1 items=1 ppid=958 pid=1461 auid=4294967295 uid=33 gid=33 euid=33 suid=33 fsuid=33 egid=33 sgid=33 fsgid=33 tty=(none) ses=4294967295 comm="apache2" exe="/usr/sbin/apache2" subj=unconfined key="T1043_Commonly_Used_Port"ARCH=x86_64 SYSCALL=connect AUID="unset" UID="www-data" GID="www-data" EUID="www-data" SUID="www-data" FSUID="www-data" EGID="www-data" SGID="www-data" FSGID="www-data"
type=SOCKADDR msg=audit(1765884476.038:2292): saddr=01002F7661722F72756E2F6D7973716C642F6D7973716C642E736F636BSADDR={ saddr_fam=local path=/var/run/mysqld/mysqld.sock }
type=PATH msg=audit(1765884476.038:2292): item=0 name="/var/run/mysqld/mysqld.sock" inode=1330 dev=00:18 mode=0140777 ouid=111 ogid=111 rdev=00:00 nametype=NORMAL cap_fp=0 cap_fi=0 cap_fe=0 cap_fver=0 cap_frootid=0OUID="mysql" OGID="mysql"
type=PROCTITLE msg=audit(1765884476.038:2292): proctitle=2F7573722F7362696E2F61706163686532002D6B007374617274
type=SYSCALL msg=audit(1765884476.062:2293): arch=c000003e syscall=42 success=yes exit=0 a0=d a1=7ffd20e4ce70 a2=1d a3=1 items=1 ppid=958 pid=1462 auid=4294967295 uid=33 gid=33 euid=33 suid=33 fsuid=33 egid=33 sgid=33 fsgid=33 tty=(none) ses=4294967295 comm="apache2" exe="/usr/sbin/apache2" subj=unconfined key="T1043_Commonly_Used_Port"ARCH=x86_64 SYSCALL=connect AUID="unset" UID="www-data" GID="www-data" EUID="www-data" SUID="www-data" FSUID="www-data" EGID="www-data" SGID="www-data" FSGID="www-data"
type=SOCKADDR msg=audit(1765884476.062:2293): saddr=01002F7661722F72756E2F6D7973716C642F6D7973716C642E736F636BSADDR={ saddr_fam=local path=/var/run/mysqld/mysqld.sock }
type=PATH msg=audit(1765884476.062:2293): item=0 name="/var/run/mysqld/mysqld.sock" inode=1330 dev=00:18 mode=0140777 ouid=111 ogid=111 rdev=00:00 nametype=NORMAL cap_fp=0 cap_fi=0 cap_fe=0 cap_fver=0 cap_frootid=0OUID="mysql" OGID="mysql"
type=PROCTITLE msg=audit(1765884476.062:2293): proctitle=2F7573722F7362696E2F61706163686532002D6B007374617274
type=SYSCALL msg=audit(1765884476.494:2294): arch=c000003e syscall=106 success=yes exit=0 a0=21 a1=7538455244a0 a2=0 a3=22 items=0 ppid=958 pid=1512 auid=4294967295 uid=0 gid=33 euid=0 suid=0 fsuid=0 egid=33 sgid=33 fsgid=33 tty=(none) ses=4294967295 comm="apache2" exe="/usr/sbin/apache2" subj=unconfined key="T1166_Seuid_and_Setgid"ARCH=x86_64 SYSCALL=setgid AUID="unset" UID="root" GID="www-data" EUID="root" SUID="root" FSUID="root" EGID="www-data" SGID="www-data" FSGID="www-data"
type=PROCTITLE msg=audit(1765884476.494:2294): proctitle=2F7573722F7362696E2F61706163686532002D6B007374617274
type=SYSCALL msg=audit(1765884476.496:2295): arch=c000003e syscall=42 success=yes exit=0 a0=c a1=7ffd20e50340 a2=2d a3=5e5c74234250 items=1 ppid=958 pid=1512 auid=4294967295 uid=0 gid=33 euid=0 suid=0 fsuid=0 egid=33 sgid=33 fsgid=33 tty=(none) ses=4294967295 comm="apache2" exe="/usr/sbin/apache2" subj=unconfined key="T1043_Commonly_Used_Port"ARCH=x86_64 SYSCALL=connect AUID="unset" UID="root" GID="www-data" EUID="root" SUID="root" FSUID="root" EGID="www-data" SGID="www-data" FSGID="www-data"
type=SOCKADDR msg=audit(1765884476.496:2295): saddr=01002F72756E2F73797374656D642F7573657264622F696F2E73797374656D642E44796E616D69635573657200SADDR={ saddr_fam=local path=/run/systemd/userdb/io.systemd.DynamicUser }
type=PATH msg=audit(1765884476.496:2295): item=0 name="/run/systemd/userdb/io.systemd.DynamicUser" inode=439 dev=00:18 mode=0140666 ouid=0 ogid=0 rdev=00:00 nametype=NORMAL cap_fp=0 cap_fi=0 cap_fe=0 cap_fver=0 cap_frootid=0OUID="root" OGID="root"
type=PROCTITLE msg=audit(1765884476.496:2295): proctitle=2F7573722F7362696E2F61706163686532002D6B007374617274
type=SYSCALL msg=audit(1765884476.497:2296): arch=c000003e syscall=105 success=yes exit=0 a0=21 a1=5e5c740abe00 a2=5e5991e409bb a3=5e5c740abe10 items=0 ppid=958 pid=1512 auid=4294967295 uid=33 gid=33 euid=33 suid=33 fsuid=33 egid=33 sgid=33 fsgid=33 tty=(none) ses=4294967295 comm="apache2" exe="/usr/sbin/apache2" subj=unconfined key="T1166_Seuid_and_Setgid"ARCH=x86_64 SYSCALL=setuid AUID="unset" UID="www-data" GID="www-data" EUID="www-data" SUID="www-data" FSUID="www-data" EGID="www-data" SGID="www-data" FSGID="www-data"
type=PROCTITLE msg=audit(1765884476.497:2296): proctitle=2F7573722F7362696E2F61706163686532002D6B007374617274
type=SYSCALL msg=audit(1765884476.838:2297): arch=c000003e syscall=42 success=yes exit=0 a0=d a1=7ffd20e4ce70 a2=1d a3=1 items=1 ppid=958 pid=1384 auid=4294967295 uid=33 gid=33 euid=33 suid=33 fsuid=33 egid=33 sgid=33 fsgid=33 tty=(none) ses=4294967295 comm="apache2" exe="/usr/sbin/apache2" subj=unconfined key="T1043_Commonly_Used_Port"ARCH=x86_64 SYSCALL=connect AUID="unset" UID="www-data" GID="www-data" EUID="www-data" SUID="www-data" FSUID="www-data" EGID="www-data" SGID="www-data" FSGID="www-data"
type=SOCKADDR msg=audit(1765884476.838:2297): saddr=01002F7661722F72756E2F6D7973716C642F6D7973716C642E736F636BSADDR={ saddr_fam=local path=/var/run/mysqld/mysqld.sock }
type=PATH msg=audit(1765884476.838:2297): item=0 name="/var/run/mysqld/mysqld.sock" inode=1330 dev=00:18 mode=0140777 ouid=111 ogid=111 rdev=00:00 nametype=NORMAL cap_fp=0 cap_fi=0 cap_fe=0 cap_fver=0 cap_frootid=0OUID="mysql" OGID="mysql"
type=PROCTITLE msg=audit(1765884476.838:2297): proctitle=2F7573722F7362696E2F61706163686532002D6B007374617274
type=SYSCALL msg=audit(1765884476.840:2298): arch=c000003e syscall=42 success=yes exit=0 a0=d a1=7ffd20e4ce70 a2=1d a3=1 items=1 ppid=958 pid=1383 auid=4294967295 uid=33 gid=33 euid=33 suid=33 fsuid=33 egid=33 sgid=33 fsgid=33 tty=(none) ses=4294967295 comm="apache2" exe="/usr/sbin/apache2" subj=unconfined key="T1043_Commonly_Used_Port"ARCH=x86_64 SYSCALL=connect AUID="unset" UID="www-data" GID="www-data" EUID="www-data" SUID="www-data" FSUID="www-data" EGID="www-data" SGID="www-data" FSGID="www-data"
type=SOCKADDR msg=audit(1765884476.840:2298): saddr=01002F7661722F72756E2F6D7973716C642F6D7973716C642E736F636BSADDR={ saddr_fam=local path=/var/run/mysqld/mysqld.sock }
type=PATH msg=audit(1765884476.840:2298): item=0 name="/var/run/mysqld/mysqld.sock" inode=1330 dev=00:18 mode=0140777 ouid=111 ogid=111 rdev=00:00 nametype=NORMAL cap_fp=0 cap_fi=0 cap_fe=0 cap_fver=0 cap_frootid=0OUID="mysql" OGID="mysql"
type=PROCTITLE msg=audit(1765884476.840:2298): proctitle=2F7573722F7362696E2F61706163686532002D6B007374617274
type=SYSCALL msg=audit(1765884476.972:2299): arch=c000003e syscall=42 success=yes exit=0 a0=e a1=7ffd20e4ce70 a2=1d a3=1 items=1 ppid=958 pid=1384 auid=4294967295 uid=33 gid=33 euid=33 suid=33 fsuid=33 egid=33 sgid=33 fsgid=33 tty=(none) ses=4294967295 comm="apache2" exe="/usr/sbin/apache2" subj=unconfined key="T1043_Commonly_Used_Port"ARCH=x86_64 SYSCALL=connect AUID="unset" UID="www-data" GID="www-data" EUID="www-data" SUID="www-data" FSUID="www-data" EGID="www-data" SGID="www-data" FSGID="www-data"
type=SOCKADDR msg=audit(1765884476.972:2299): saddr=01002F7661722F72756E2F6D7973716C642F6D7973716C642E736F636BSADDR={ saddr_fam=local path=/var/run/mysqld/mysqld.sock }
type=PATH msg=audit(1765884476.972:2299): item=0 name="/var/run/mysqld/mysqld.sock" inode=1330 dev=00:18 mode=0140777 ouid=111 ogid=111 rdev=00:00 nametype=NORMAL cap_fp=0 cap_fi=0 cap_fe=0 cap_fver=0 cap_frootid=0OUID="mysql" OGID="mysql"
type=PROCTITLE msg=audit(1765884476.972:2299): proctitle=2F7573722F7362696E2F61706163686532002D6B007374617274
type=SYSCALL msg=audit(1765884477.023:2300): arch=c000003e syscall=59 success=yes exit=0 a0=7538453cb42f a1=7ffd20e407c0 a2=7ffd20e50c28 a3=8 items=2 ppid=1383 pid=1513 auid=4294967295 uid=33 gid=33 euid=33 suid=33 fsuid=33 egid=33 sgid=33 fsgid=33 tty=(none) ses=4294967295 comm="sh" exe="/usr/bin/dash" subj=unconfined key="T1166_Seuid_and_Setgid"ARCH=x86_64 SYSCALL=execve AUID="unset" UID="www-data" GID="www-data" EUID="www-data" SUID="www-data" FSUID="www-data" EGID="www-data" SGID="www-data" FSGID="www-data"
type=EXECVE msg=audit(1765884477.023:2300): argc=4 a0="sh" a1="-c" a2="--" a3=27696E6B73636170652720272F746D702F6D616769636B2D3934466174424C627454564F696B6677702D4561444553474862346B6E55306E27202D2D6578706F72742D66696C656E616D653D272F746D702F6D616769636B2D6352366C505A656550655166683238564B726B6C426F6E7936626E76574D47452E706E6727202D2D6578706F72742D6470693D27373227202D2D6578706F72742D6261636B67726F756E643D277267622830252C30252C30252927202D2D6578706F72742D6261636B67726F756E642D6F7061636974793D273027203E20272F746D702F6D616769636B2D32517049646C36706761384632454B4C784B4E48616853346D3077736750504A2720323E2631
type=PATH msg=audit(1765884477.023:2300): item=0 name="/bin/sh" inode=1442345 dev=08:02 mode=0100755 ouid=0 ogid=0 rdev=00:00 nametype=NORMAL cap_fp=0 cap_fi=0 cap_fe=0 cap_fver=0 cap_frootid=0OUID="root" OGID="root"
type=PATH msg=audit(1765884477.023:2300): item=1 name="/lib64/ld-linux-x86-64.so.2" inode=1481429 dev=08:02 mode=0100755 ouid=0 ogid=0 rdev=00:00 nametype=NORMAL cap_fp=0 cap_fi=0 cap_fe=0 cap_fver=0 cap_frootid=0OUID="root" OGID="root"
type=PROCTITLE msg=audit(1765884477.023:2300): proctitle=7368002D63002D2D0027696E6B73636170652720272F746D702F6D616769636B2D3934466174424C627454564F696B6677702D4561444553474862346B6E55306E27202D2D6578706F72742D66696C656E616D653D272F746D702F6D616769636B2D6352366C505A656550655166683238564B726B6C426F6E7936626E76574D
type=SYSCALL msg=audit(1765884477.115:2301): arch=c000003e syscall=59 success=yes exit=0 a0=7538453cb42f a1=7ffd20e407c0 a2=7ffd20e50c28 a3=8 items=2 ppid=1383 pid=1514 auid=4294967295 uid=33 gid=33 euid=33 suid=33 fsuid=33 egid=33 sgid=33 fsgid=33 tty=(none) ses=4294967295 comm="sh" exe="/usr/bin/dash" subj=unconfined key="T1166_Seuid_and_Setgid"ARCH=x86_64 SYSCALL=execve AUID="unset" UID="www-data" GID="www-data" EUID="www-data" SUID="www-data" FSUID="www-data" EGID="www-data" SGID="www-data" FSGID="www-data"
type=EXECVE msg=audit(1765884477.115:2301): argc=4 a0="sh" a1="-c" a2="--" a3=27696E6B73636170652720272F746D702F6D616769636B2D764869394E7258695830574C4B5162336B57584C393235745159735A6171416627202D2D6578706F72742D66696C656E616D653D272F746D702F6D616769636B2D7348714535326B47393833724E4951472D47472D6C3969486C4951766478356C2E706E6727202D2D6578706F72742D6470693D273234353727202D2D6578706F72742D6261636B67726F756E643D277267622830252C30252C30252927202D2D6578706F72742D6261636B67726F756E642D6F7061636974793D273027203E20272F746D702F6D616769636B2D3165495552386C6B765A636863416D6A36386432356D756236785877677865392720323E2631
type=PATH msg=audit(1765884477.115:2301): item=0 name="/bin/sh" inode=1442345 dev=08:02 mode=0100755 ouid=0 ogid=0 rdev=00:00 nametype=NORMAL cap_fp=0 cap_fi=0 cap_fe=0 cap_fver=0 cap_frootid=0OUID="root" OGID="root"
type=PATH msg=audit(1765884477.115:2301): item=1 name="/lib64/ld-linux-x86-64.so.2" inode=1481429 dev=08:02 mode=0100755 ouid=0 ogid=0 rdev=00:00 nametype=NORMAL cap_fp=0 cap_fi=0 cap_fe=0 cap_fver=0 cap_frootid=0OUID="root" OGID="root"
type=PROCTITLE msg=audit(1765884477.115:2301): proctitle=7368002D63002D2D0027696E6B73636170652720272F746D702F6D616769636B2D764869394E7258695830574C4B5162336B57584C393235745159735A6171416627202D2D6578706F72742D66696C656E616D653D272F746D702F6D616769636B2D7348714535326B47393833724E4951472D47472D6C3969486C4951766478
type=SYSCALL msg=audit(1765884477.161:2302): arch=c000003e syscall=59 success=yes exit=0 a0=7538453cb42f a1=7ffd20e407c0 a2=7ffd20e50c28 a3=8 items=2 ppid=1383 pid=1515 auid=4294967295 uid=33 gid=33 euid=33 suid=33 fsuid=33 egid=33 sgid=33 fsgid=33 tty=(none) ses=4294967295 comm="sh" exe="/usr/bin/dash" subj=unconfined key="T1166_Seuid_and_Setgid"ARCH=x86_64 SYSCALL=execve AUID="unset" UID="www-data" GID="www-data" EUID="www-data" SUID="www-data" FSUID="www-data" EGID="www-data" SGID="www-data" FSGID="www-data"
type=EXECVE msg=audit(1765884477.161:2302): argc=4 a0="sh" a1="-c" a2="--" a3=27696E6B73636170652720272F746D702F6D616769636B2D344856517668437A346D4748446C755035473134675349656D6C37616E33596C27202D2D6578706F72742D66696C656E616D653D272F746D702F6D616769636B2D46547A6842424E676E5666536E4B4E38702D5539344E324463486D5654714F472E706E6727202D2D6578706F72742D6470693D27393627202D2D6578706F72742D6261636B67726F756E643D277267622830252C30252C30252927202D2D6578706F72742D6261636B67726F756E642D6F7061636974793D273027203E20272F746D702F6D616769636B2D435671714B696A516651745242394F4F78515A2D5078577A30473261574F67372720323E2631
type=PATH msg=audit(1765884477.161:2302): item=0 name="/bin/sh" inode=1442345 dev=08:02 mode=0100755 ouid=0 ogid=0 rdev=00:00 nametype=NORMAL cap_fp=0 cap_fi=0 cap_fe=0 cap_fver=0 cap_frootid=0OUID="root" OGID="root"
type=PATH msg=audit(1765884477.161:2302): item=1 name="/lib64/ld-linux-x86-64.so.2" inode=1481429 dev=08:02 mode=0100755 ouid=0 ogid=0 rdev=00:00 nametype=NORMAL cap_fp=0 cap_fi=0 cap_fe=0 cap_fver=0 cap_frootid=0OUID="root" OGID="root"
type=PROCTITLE msg=audit(1765884477.161:2302): proctitle=7368002D63002D2D0027696E6B73636170652720272F746D702F6D616769636B2D344856517668437A346D4748446C755035473134675349656D6C37616E33596C27202D2D6578706F72742D66696C656E616D653D272F746D702F6D616769636B2D46547A6842424E676E5666536E4B4E38702D5539344E324463486D565471
type=SYSCALL msg=audit(1765884477.212:2303): arch=c000003e syscall=42 success=yes exit=0 a0=e a1=7ffd20e4ce70 a2=1d a3=1 items=1 ppid=958 pid=1384 auid=4294967295 uid=33 gid=33 euid=33 suid=33 fsuid=33 egid=33 sgid=33 fsgid=33 tty=(none) ses=4294967295 comm="apache2" exe="/usr/sbin/apache2" subj=unconfined key="T1043_Commonly_Used_Port"ARCH=x86_64 SYSCALL=connect AUID="unset" UID="www-data" GID="www-data" EUID="www-data" SUID="www-data" FSUID="www-data" EGID="www-data" SGID="www-data" FSGID="www-data"
type=SOCKADDR msg=audit(1765884477.212:2303): saddr=01002F7661722F72756E2F6D7973716C642F6D7973716C642E736F636BSADDR={ saddr_fam=local path=/var/run/mysqld/mysqld.sock }
type=PATH msg=audit(1765884477.212:2303): item=0 name="/var/run/mysqld/mysqld.sock" inode=1330 dev=00:18 mode=0140777 ouid=111 ogid=111 rdev=00:00 nametype=NORMAL cap_fp=0 cap_fi=0 cap_fe=0 cap_fver=0 cap_frootid=0OUID="mysql" OGID="mysql"
type=PROCTITLE msg=audit(1765884477.212:2303): proctitle=2F7573722F7362696E2F61706163686532002D6B007374617274
type=SYSCALL msg=audit(1765884477.499:2304): arch=c000003e syscall=106 success=yes exit=0 a0=21 a1=7538455244a0 a2=0 a3=22 items=0 ppid=958 pid=1516 auid=4294967295 uid=0 gid=33 euid=0 suid=0 fsuid=0 egid=33 sgid=33 fsgid=33 tty=(none) ses=4294967295 comm="apache2" exe="/usr/sbin/apache2" subj=unconfined key="T1166_Seuid_and_Setgid"ARCH=x86_64 SYSCALL=setgid AUID="unset" UID="root" GID="www-data" EUID="root" SUID="root" FSUID="root" EGID="www-data" SGID="www-data" FSGID="www-data"
type=PROCTITLE msg=audit(1765884477.499:2304): proctitle=2F7573722F7362696E2F61706163686532002D6B007374617274
type=SYSCALL msg=audit(1765884477.502:2305): arch=c000003e syscall=42 success=yes exit=0 a0=c a1=7ffd20e50340 a2=2d a3=5e5c74234250 items=1 ppid=958 pid=1516 auid=4294967295 uid=0 gid=33 euid=0 suid=0 fsuid=0 egid=33 sgid=33 fsgid=33 tty=(none) ses=4294967295 comm="apache2" exe="/usr/sbin/apache2" subj=unconfined key="T1043_Commonly_Used_Port"ARCH=x86_64 SYSCALL=connect AUID="unset" UID="root" GID="www-data" EUID="root" SUID="root" FSUID="root" EGID="www-data" SGID="www-data" FSGID="www-data"
type=SOCKADDR msg=audit(1765884477.502:2305): saddr=01002F72756E2F73797374656D642F7573657264622F696F2E73797374656D642E44796E616D69635573657200SADDR={ saddr_fam=local path=/run/systemd/userdb/io.systemd.DynamicUser }
type=PATH msg=audit(1765884477.502:2305): item=0 name="/run/systemd/userdb/io.systemd.DynamicUser" inode=439 dev=00:18 mode=0140666 ouid=0 ogid=0 rdev=00:00 nametype=NORMAL cap_fp=0 cap_fi=0 cap_fe=0 cap_fver=0 cap_frootid=0OUID="root" OGID="root"
type=PROCTITLE msg=audit(1765884477.502:2305): proctitle=2F7573722F7362696E2F61706163686532002D6B007374617274
type=SYSCALL msg=audit(1765884477.506:2306): arch=c000003e syscall=105 success=yes exit=0 a0=21 a1=5e5c740abe00 a2=5e5991e409bb a3=5e5c740abe10 items=0 ppid=958 pid=1516 auid=4294967295 uid=33 gid=33 euid=33 suid=33 fsuid=33 egid=33 sgid=33 fsgid=33 tty=(none) ses=4294967295 comm="apache2" exe="/usr/sbin/apache2" subj=unconfined key="T1166_Seuid_and_Setgid"ARCH=x86_64 SYSCALL=setuid AUID="unset" UID="www-data" GID="www-data" EUID="www-data" SUID="www-data" FSUID="www-data" EGID="www-data" SGID="www-data" FSGID="www-data"
type=PROCTITLE msg=audit(1765884477.506:2306): proctitle=2F7573722F7362696E2F61706163686532002D6B007374617274
type=SYSCALL msg=audit(1765884477.645:2307): arch=c000003e syscall=59 success=yes exit=0 a0=7538453cb42f a1=7ffd20e4db90 a2=7ffd20e50c28 a3=8 items=2 ppid=1384 pid=1517 auid=4294967295 uid=33 gid=33 euid=33 suid=33 fsuid=33 egid=33 sgid=33 fsgid=33 tty=(none) ses=4294967295 comm="sh" exe="/usr/bin/dash" subj=unconfined key="T1166_Seuid_and_Setgid"ARCH=x86_64 SYSCALL=execve AUID="unset" UID="www-data" GID="www-data" EUID="www-data" SUID="www-data" FSUID="www-data" EGID="www-data" SGID="www-data" FSGID="www-data"
type=EXECVE msg=audit(1765884477.645:2307): argc=4 a0="sh" a1="-c" a2="--" a3=636F6D6D616E64202D76202D2D20276C696272656F666669636527
type=PATH msg=audit(1765884477.645:2307): item=0 name="/bin/sh" inode=1442345 dev=08:02 mode=0100755 ouid=0 ogid=0 rdev=00:00 nametype=NORMAL cap_fp=0 cap_fi=0 cap_fe=0 cap_fver=0 cap_frootid=0OUID="root" OGID="root"
type=PATH msg=audit(1765884477.645:2307): item=1 name="/lib64/ld-linux-x86-64.so.2" inode=1481429 dev=08:02 mode=0100755 ouid=0 ogid=0 rdev=00:00 nametype=NORMAL cap_fp=0 cap_fi=0 cap_fe=0 cap_fver=0 cap_frootid=0OUID="root" OGID="root"
type=PROCTITLE msg=audit(1765884477.645:2307): proctitle=7368002D63002D2D00636F6D6D616E64202D76202D2D20276C696272656F666669636527
type=SYSCALL msg=audit(1765884477.650:2308): arch=c000003e syscall=59 success=yes exit=0 a0=7538453cb42f a1=7ffd20e4db90 a2=7ffd20e50c28 a3=8 items=2 ppid=1384 pid=1518 auid=4294967295 uid=33 gid=33 euid=33 suid=33 fsuid=33 egid=33 sgid=33 fsgid=33 tty=(none) ses=4294967295 comm="sh" exe="/usr/bin/dash" subj=unconfined key="T1166_Seuid_and_Setgid"ARCH=x86_64 SYSCALL=execve AUID="unset" UID="www-data" GID="www-data" EUID="www-data" SUID="www-data" FSUID="www-data" EGID="www-data" SGID="www-data" FSGID="www-data"
type=EXECVE msg=audit(1765884477.650:2308): argc=4 a0="sh" a1="-c" a2="--" a3=636F6D6D616E64202D76202D2D20276F70656E6F666669636527
type=PATH msg=audit(1765884477.650:2308): item=0 name="/bin/sh" inode=1442345 dev=08:02 mode=0100755 ouid=0 ogid=0 rdev=00:00 nametype=NORMAL cap_fp=0 cap_fi=0 cap_fe=0 cap_fver=0 cap_frootid=0OUID="root" OGID="root"
type=PATH msg=audit(1765884477.650:2308): item=1 name="/lib64/ld-linux-x86-64.so.2" inode=1481429 dev=08:02 mode=0100755 ouid=0 ogid=0 rdev=00:00 nametype=NORMAL cap_fp=0 cap_fi=0 cap_fe=0 cap_fver=0 cap_frootid=0OUID="root" OGID="root"
type=PROCTITLE msg=audit(1765884477.650:2308): proctitle=7368002D63002D2D00636F6D6D616E64202D76202D2D20276F70656E6F666669636527
type=SYSCALL msg=audit(1765884477.658:2309): arch=c000003e syscall=42 success=yes exit=0 a0=d a1=7ffd20e4ce70 a2=1d a3=1 items=1 ppid=958 pid=1383 auid=4294967295 uid=33 gid=33 euid=33 suid=33 fsuid=33 egid=33 sgid=33 fsgid=33 tty=(none) ses=4294967295 comm="apache2" exe="/usr/sbin/apache2" subj=unconfined key="T1043_Commonly_Used_Port"ARCH=x86_64 SYSCALL=connect AUID="unset" UID="www-data" GID="www-data" EUID="www-data" SUID="www-data" FSUID="www-data" EGID="www-data" SGID="www-data" FSGID="www-data"
type=SOCKADDR msg=audit(1765884477.658:2309): saddr=01002F7661722F72756E2F6D7973716C642F6D7973716C642E736F636BSADDR={ saddr_fam=local path=/var/run/mysqld/mysqld.sock }
type=PATH msg=audit(1765884477.658:2309): item=0 name="/var/run/mysqld/mysqld.sock" inode=1330 dev=00:18 mode=0140777 ouid=111 ogid=111 rdev=00:00 nametype=NORMAL cap_fp=0 cap_fi=0 cap_fe=0 cap_fver=0 cap_frootid=0OUID="mysql" OGID="mysql"
type=PROCTITLE msg=audit(1765884477.658:2309): proctitle=2F7573722F7362696E2F61706163686532002D6B007374617274
type=SYSCALL msg=audit(1765884478.047:2310): arch=c000003e syscall=42 success=yes exit=0 a0=d a1=7ffd20e4ce70 a2=1d a3=1 items=1 ppid=958 pid=1383 auid=4294967295 uid=33 gid=33 euid=33 suid=33 fsuid=33 egid=33 sgid=33 fsgid=33 tty=(none) ses=4294967295 comm="apache2" exe="/usr/sbin/apache2" subj=unconfined key="T1043_Commonly_Used_Port"ARCH=x86_64 SYSCALL=connect AUID="unset" UID="www-data" GID="www-data" EUID="www-data" SUID="www-data" FSUID="www-data" EGID="www-data" SGID="www-data" FSGID="www-data"
type=SOCKADDR msg=audit(1765884478.047:2310): saddr=01002F7661722F72756E2F6D7973716C642F6D7973716C642E736F636BSADDR={ saddr_fam=local path=/var/run/mysqld/mysqld.sock }
type=PATH msg=audit(1765884478.047:2310): item=0 name="/var/run/mysqld/mysqld.sock" inode=1330 dev=00:18 mode=0140777 ouid=111 ogid=111 rdev=00:00 nametype=NORMAL cap_fp=0 cap_fi=0 cap_fe=0 cap_fver=0 cap_frootid=0OUID="mysql" OGID="mysql"
type=PROCTITLE msg=audit(1765884478.047:2310): proctitle=2F7573722F7362696E2F61706163686532002D6B007374617274
type=SYSCALL msg=audit(1765884478.141:2311): arch=c000003e syscall=42 success=yes exit=0 a0=d a1=7ffd20e4ce70 a2=1d a3=1 items=1 ppid=958 pid=1384 auid=4294967295 uid=33 gid=33 euid=33 suid=33 fsuid=33 egid=33 sgid=33 fsgid=33 tty=(none) ses=4294967295 comm="apache2" exe="/usr/sbin/apache2" subj=unconfined key="T1043_Commonly_Used_Port"ARCH=x86_64 SYSCALL=connect AUID="unset" UID="www-data" GID="www-data" EUID="www-data" SUID="www-data" FSUID="www-data" EGID="www-data" SGID="www-data" FSGID="www-data"
type=SOCKADDR msg=audit(1765884478.141:2311): saddr=01002F7661722F72756E2F6D7973716C642F6D7973716C642E736F636BSADDR={ saddr_fam=local path=/var/run/mysqld/mysqld.sock }
type=PATH msg=audit(1765884478.141:2311): item=0 name="/var/run/mysqld/mysqld.sock" inode=1330 dev=00:18 mode=0140777 ouid=111 ogid=111 rdev=00:00 nametype=NORMAL cap_fp=0 cap_fi=0 cap_fe=0 cap_fver=0 cap_frootid=0OUID="mysql" OGID="mysql"
type=PROCTITLE msg=audit(1765884478.141:2311): proctitle=2F7573722F7362696E2F61706163686532002D6B007374617274
type=SYSCALL msg=audit(1765884478.212:2312): arch=c000003e syscall=42 success=yes exit=0 a0=d a1=7ffd20e4ce70 a2=1d a3=1 items=1 ppid=958 pid=1462 auid=4294967295 uid=33 gid=33 euid=33 suid=33 fsuid=33 egid=33 sgid=33 fsgid=33 tty=(none) ses=4294967295 comm="apache2" exe="/usr/sbin/apache2" subj=unconfined key="T1043_Commonly_Used_Port"ARCH=x86_64 SYSCALL=connect AUID="unset" UID="www-data" GID="www-data" EUID="www-data" SUID="www-data" FSUID="www-data" EGID="www-data" SGID="www-data" FSGID="www-data"
type=SOCKADDR msg=audit(1765884478.212:2312): saddr=01002F7661722F72756E2F6D7973716C642F6D7973716C642E736F636BSADDR={ saddr_fam=local path=/var/run/mysqld/mysqld.sock }
type=PATH msg=audit(1765884478.212:2312): item=0 name="/var/run/mysqld/mysqld.sock" inode=1330 dev=00:18 mode=0140777 ouid=111 ogid=111 rdev=00:00 nametype=NORMAL cap_fp=0 cap_fi=0 cap_fe=0 cap_fver=0 cap_frootid=0OUID="mysql" OGID="mysql"
type=PROCTITLE msg=audit(1765884478.212:2312): proctitle=2F7573722F7362696E2F61706163686532002D6B007374617274
type=SYSCALL msg=audit(1765884478.237:2313): arch=c000003e syscall=42 success=yes exit=0 a0=e a1=7ffd20e4ce70 a2=1d a3=1 items=1 ppid=958 pid=1461 auid=4294967295 uid=33 gid=33 euid=33 suid=33 fsuid=33 egid=33 sgid=33 fsgid=33 tty=(none) ses=4294967295 comm="apache2" exe="/usr/sbin/apache2" subj=unconfined key="T1043_Commonly_Used_Port"ARCH=x86_64 SYSCALL=connect AUID="unset" UID="www-data" GID="www-data" EUID="www-data" SUID="www-data" FSUID="www-data" EGID="www-data" SGID="www-data" FSGID="www-data"
type=SOCKADDR msg=audit(1765884478.237:2313): saddr=01002F7661722F72756E2F6D7973716C642F6D7973716C642E736F636BSADDR={ saddr_fam=local path=/var/run/mysqld/mysqld.sock }
type=PATH msg=audit(1765884478.237:2313): item=0 name="/var/run/mysqld/mysqld.sock" inode=1330 dev=00:18 mode=0140777 ouid=111 ogid=111 rdev=00:00 nametype=NORMAL cap_fp=0 cap_fi=0 cap_fe=0 cap_fver=0 cap_frootid=0OUID="mysql" OGID="mysql"
type=PROCTITLE msg=audit(1765884478.237:2313): proctitle=2F7573722F7362696E2F61706163686532002D6B007374617274
type=SYSCALL msg=audit(1765884478.514:2314): arch=c000003e syscall=106 success=yes exit=0 a0=21 a1=7538455244a0 a2=0 a3=22 items=0 ppid=958 pid=1519 auid=4294967295 uid=0 gid=33 euid=0 suid=0 fsuid=0 egid=33 sgid=33 fsgid=33 tty=(none) ses=4294967295 comm="apache2" exe="/usr/sbin/apache2" subj=unconfined key="T1166_Seuid_and_Setgid"ARCH=x86_64 SYSCALL=setgid AUID="unset" UID="root" GID="www-data" EUID="root" SUID="root" FSUID="root" EGID="www-data" SGID="www-data" FSGID="www-data"
type=PROCTITLE msg=audit(1765884478.514:2314): proctitle=2F7573722F7362696E2F61706163686532002D6B007374617274
type=SYSCALL msg=audit(1765884478.514:2315): arch=c000003e syscall=42 success=yes exit=0 a0=c a1=7ffd20e50340 a2=2d a3=5e5c74234250 items=1 ppid=958 pid=1519 auid=4294967295 uid=0 gid=33 euid=0 suid=0 fsuid=0 egid=33 sgid=33 fsgid=33 tty=(none) ses=4294967295 comm="apache2" exe="/usr/sbin/apache2" subj=unconfined key="T1043_Commonly_Used_Port"ARCH=x86_64 SYSCALL=connect AUID="unset" UID="root" GID="www-data" EUID="root" SUID="root" FSUID="root" EGID="www-data" SGID="www-data" FSGID="www-data"
type=SOCKADDR msg=audit(1765884478.514:2315): saddr=01002F72756E2F73797374656D642F7573657264622F696F2E73797374656D642E44796E616D69635573657200SADDR={ saddr_fam=local path=/run/systemd/userdb/io.systemd.DynamicUser }
type=PATH msg=audit(1765884478.514:2315): item=0 name="/run/systemd/userdb/io.systemd.DynamicUser" inode=439 dev=00:18 mode=0140666 ouid=0 ogid=0 rdev=00:00 nametype=NORMAL cap_fp=0 cap_fi=0 cap_fe=0 cap_fver=0 cap_frootid=0OUID="root" OGID="root"
type=PROCTITLE msg=audit(1765884478.514:2315): proctitle=2F7573722F7362696E2F61706163686532002D6B007374617274
type=SYSCALL msg=audit(1765884478.516:2316): arch=c000003e syscall=105 success=yes exit=0 a0=21 a1=5e5c740abe00 a2=5e5991e409bb a3=5e5c740abe10 items=0 ppid=958 pid=1519 auid=4294967295 uid=33 gid=33 euid=33 suid=33 fsuid=33 egid=33 sgid=33 fsgid=33 tty=(none) ses=4294967295 comm="apache2" exe="/usr/sbin/apache2" subj=unconfined key="T1166_Seuid_and_Setgid"ARCH=x86_64 SYSCALL=setuid AUID="unset" UID="www-data" GID="www-data" EUID="www-data" SUID="www-data" FSUID="www-data" EGID="www-data" SGID="www-data" FSGID="www-data"
type=PROCTITLE msg=audit(1765884478.516:2316): proctitle=2F7573722F7362696E2F61706163686532002D6B007374617274
type=SYSCALL msg=audit(1765884478.822:2317): arch=c000003e syscall=42 success=yes exit=0 a0=d a1=7ffd20e4ce70 a2=1d a3=1 items=1 ppid=958 pid=1383 auid=4294967295 uid=33 gid=33 euid=33 suid=33 fsuid=33 egid=33 sgid=33 fsgid=33 tty=(none) ses=4294967295 comm="apache2" exe="/usr/sbin/apache2" subj=unconfined key="T1043_Commonly_Used_Port"ARCH=x86_64 SYSCALL=connect AUID="unset" UID="www-data" GID="www-data" EUID="www-data" SUID="www-data" FSUID="www-data" EGID="www-data" SGID="www-data" FSGID="www-data"
type=SOCKADDR msg=audit(1765884478.822:2317): saddr=01002F7661722F72756E2F6D7973716C642F6D7973716C642E736F636BSADDR={ saddr_fam=local path=/var/run/mysqld/mysqld.sock }
type=PATH msg=audit(1765884478.822:2317): item=0 name="/var/run/mysqld/mysqld.sock" inode=1330 dev=00:18 mode=0140777 ouid=111 ogid=111 rdev=00:00 nametype=NORMAL cap_fp=0 cap_fi=0 cap_fe=0 cap_fver=0 cap_frootid=0OUID="mysql" OGID="mysql"
type=PROCTITLE msg=audit(1765884478.822:2317): proctitle=2F7573722F7362696E2F61706163686532002D6B007374617274
type=SYSCALL msg=audit(1765884479.094:2319): arch=c000003e syscall=42 success=yes exit=0 a0=d a1=7ffd20e4ce70 a2=1d a3=1 items=1 ppid=958 pid=1384 auid=4294967295 uid=33 gid=33 euid=33 suid=33 fsuid=33 egid=33 sgid=33 fsgid=33 tty=(none) ses=4294967295 comm="apache2" exe="/usr/sbin/apache2" subj=unconfined key="T1043_Commonly_Used_Port"ARCH=x86_64 SYSCALL=connect AUID="unset" UID="www-data" GID="www-data" EUID="www-data" SUID="www-data" FSUID="www-data" EGID="www-data" SGID="www-data" FSGID="www-data"
type=SYSCALL msg=audit(1765884479.094:2318): arch=c000003e syscall=42 success=yes exit=0 a0=d a1=7ffd20e4ce70 a2=1d a3=1 items=1 ppid=958 pid=1383 auid=4294967295 uid=33 gid=33 euid=33 suid=33 fsuid=33 egid=33 sgid=33 fsgid=33 tty=(none) ses=4294967295 comm="apache2" exe="/usr/sbin/apache2" subj=unconfined key="T1043_Commonly_Used_Port"ARCH=x86_64 SYSCALL=connect AUID="unset" UID="www-data" GID="www-data" EUID="www-data" SUID="www-data" FSUID="www-data" EGID="www-data" SGID="www-data" FSGID="www-data"
type=SOCKADDR msg=audit(1765884479.094:2318): saddr=01002F7661722F72756E2F6D7973716C642F6D7973716C642E736F636BSADDR={ saddr_fam=local path=/var/run/mysqld/mysqld.sock }
type=PATH msg=audit(1765884479.094:2318): item=0 name="/var/run/mysqld/mysqld.sock" inode=1330 dev=00:18 mode=0140777 ouid=111 ogid=111 rdev=00:00 nametype=NORMAL cap_fp=0 cap_fi=0 cap_fe=0 cap_fver=0 cap_frootid=0OUID="mysql" OGID="mysql"
type=PROCTITLE msg=audit(1765884479.094:2318): proctitle=2F7573722F7362696E2F61706163686532002D6B007374617274
type=SOCKADDR msg=audit(1765884479.094:2319): saddr=01002F7661722F72756E2F6D7973716C642F6D7973716C642E736F636BSADDR={ saddr_fam=local path=/var/run/mysqld/mysqld.sock }
type=PATH msg=audit(1765884479.094:2319): item=0 name="/var/run/mysqld/mysqld.sock" inode=1330 dev=00:18 mode=0140777 ouid=111 ogid=111 rdev=00:00 nametype=NORMAL cap_fp=0 cap_fi=0 cap_fe=0 cap_fver=0 cap_frootid=0OUID="mysql" OGID="mysql"
type=PROCTITLE msg=audit(1765884479.094:2319): proctitle=2F7573722F7362696E2F61706163686532002D6B007374617274
type=SYSCALL msg=audit(1765884479.095:2320): arch=c000003e syscall=42 success=yes exit=0 a0=d a1=7ffd20e4ce70 a2=1d a3=1 items=1 ppid=958 pid=1381 auid=4294967295 uid=33 gid=33 euid=33 suid=33 fsuid=33 egid=33 sgid=33 fsgid=33 tty=(none) ses=4294967295 comm="apache2" exe="/usr/sbin/apache2" subj=unconfined key="T1043_Commonly_Used_Port"ARCH=x86_64 SYSCALL=connect AUID="unset" UID="www-data" GID="www-data" EUID="www-data" SUID="www-data" FSUID="www-data" EGID="www-data" SGID="www-data" FSGID="www-data"
type=SOCKADDR msg=audit(1765884479.095:2320): saddr=01002F7661722F72756E2F6D7973716C642F6D7973716C642E736F636BSADDR={ saddr_fam=local path=/var/run/mysqld/mysqld.sock }
type=PATH msg=audit(1765884479.095:2320): item=0 name="/var/run/mysqld/mysqld.sock" inode=1330 dev=00:18 mode=0140777 ouid=111 ogid=111 rdev=00:00 nametype=NORMAL cap_fp=0 cap_fi=0 cap_fe=0 cap_fver=0 cap_frootid=0OUID="mysql" OGID="mysql"
type=PROCTITLE msg=audit(1765884479.095:2320): proctitle=2F7573722F7362696E2F61706163686532002D6B007374617274
type=SYSCALL msg=audit(1765884479.519:2321): arch=c000003e syscall=106 success=yes exit=0 a0=21 a1=7538455244a0 a2=0 a3=22 items=0 ppid=958 pid=1520 auid=4294967295 uid=0 gid=33 euid=0 suid=0 fsuid=0 egid=33 sgid=33 fsgid=33 tty=(none) ses=4294967295 comm="apache2" exe="/usr/sbin/apache2" subj=unconfined key="T1166_Seuid_and_Setgid"ARCH=x86_64 SYSCALL=setgid AUID="unset" UID="root" GID="www-data" EUID="root" SUID="root" FSUID="root" EGID="www-data" SGID="www-data" FSGID="www-data"
type=PROCTITLE msg=audit(1765884479.519:2321): proctitle=2F7573722F7362696E2F61706163686532002D6B007374617274
type=SYSCALL msg=audit(1765884479.519:2322): arch=c000003e syscall=42 success=yes exit=0 a0=c a1=7ffd20e50340 a2=2d a3=5e5c74234250 items=1 ppid=958 pid=1520 auid=4294967295 uid=0 gid=33 euid=0 suid=0 fsuid=0 egid=33 sgid=33 fsgid=33 tty=(none) ses=4294967295 comm="apache2" exe="/usr/sbin/apache2" subj=unconfined key="T1043_Commonly_Used_Port"ARCH=x86_64 SYSCALL=connect AUID="unset" UID="root" GID="www-data" EUID="root" SUID="root" FSUID="root" EGID="www-data" SGID="www-data" FSGID="www-data"
type=SOCKADDR msg=audit(1765884479.519:2322): saddr=01002F72756E2F73797374656D642F7573657264622F696F2E73797374656D642E44796E616D69635573657200SADDR={ saddr_fam=local path=/run/systemd/userdb/io.systemd.DynamicUser }
type=PATH msg=audit(1765884479.519:2322): item=0 name="/run/systemd/userdb/io.systemd.DynamicUser" inode=439 dev=00:18 mode=0140666 ouid=0 ogid=0 rdev=00:00 nametype=NORMAL cap_fp=0 cap_fi=0 cap_fe=0 cap_fver=0 cap_frootid=0OUID="root" OGID="root"
type=PROCTITLE msg=audit(1765884479.519:2322): proctitle=2F7573722F7362696E2F61706163686532002D6B007374617274
type=SYSCALL msg=audit(1765884479.521:2323): arch=c000003e syscall=105 success=yes exit=0 a0=21 a1=5e5c740abe00 a2=5e5991e409bb a3=5e5c740abe10 items=0 ppid=958 pid=1520 auid=4294967295 uid=33 gid=33 euid=33 suid=33 fsuid=33 egid=33 sgid=33 fsgid=33 tty=(none) ses=4294967295 comm="apache2" exe="/usr/sbin/apache2" subj=unconfined key="T1166_Seuid_and_Setgid"ARCH=x86_64 SYSCALL=setuid AUID="unset" UID="www-data" GID="www-data" EUID="www-data" SUID="www-data" FSUID="www-data" EGID="www-data" SGID="www-data" FSGID="www-data"
type=PROCTITLE msg=audit(1765884479.521:2323): proctitle=2F7573722F7362696E2F61706163686532002D6B007374617274
type=SYSCALL msg=audit(1765884479.592:2324): arch=c000003e syscall=42 success=yes exit=0 a0=d a1=7ffd20e4ce70 a2=1d a3=1 items=1 ppid=958 pid=1383 auid=4294967295 uid=33 gid=33 euid=33 suid=33 fsuid=33 egid=33 sgid=33 fsgid=33 tty=(none) ses=4294967295 comm="apache2" exe="/usr/sbin/apache2" subj=unconfined key="T1043_Commonly_Used_Port"ARCH=x86_64 SYSCALL=connect AUID="unset" UID="www-data" GID="www-data" EUID="www-data" SUID="www-data" FSUID="www-data" EGID="www-data" SGID="www-data" FSGID="www-data"
type=SOCKADDR msg=audit(1765884479.592:2324): saddr=01002F7661722F72756E2F6D7973716C642F6D7973716C642E736F636BSADDR={ saddr_fam=local path=/var/run/mysqld/mysqld.sock }
type=PATH msg=audit(1765884479.592:2324): item=0 name="/var/run/mysqld/mysqld.sock" inode=1330 dev=00:18 mode=0140777 ouid=111 ogid=111 rdev=00:00 nametype=NORMAL cap_fp=0 cap_fi=0 cap_fe=0 cap_fver=0 cap_frootid=0OUID="mysql" OGID="mysql"
type=PROCTITLE msg=audit(1765884479.592:2324): proctitle=2F7573722F7362696E2F61706163686532002D6B007374617274
type=SYSCALL msg=audit(1765884479.595:2325): arch=c000003e syscall=42 success=yes exit=0 a0=d a1=7ffd20e4ce70 a2=1d a3=1 items=1 ppid=958 pid=1384 auid=4294967295 uid=33 gid=33 euid=33 suid=33 fsuid=33 egid=33 sgid=33 fsgid=33 tty=(none) ses=4294967295 comm="apache2" exe="/usr/sbin/apache2" subj=unconfined key="T1043_Commonly_Used_Port"ARCH=x86_64 SYSCALL=connect AUID="unset" UID="www-data" GID="www-data" EUID="www-data" SUID="www-data" FSUID="www-data" EGID="www-data" SGID="www-data" FSGID="www-data"
type=SOCKADDR msg=audit(1765884479.595:2325): saddr=01002F7661722F72756E2F6D7973716C642F6D7973716C642E736F636BSADDR={ saddr_fam=local path=/var/run/mysqld/mysqld.sock }
type=PATH msg=audit(1765884479.595:2325): item=0 name="/var/run/mysqld/mysqld.sock" inode=1330 dev=00:18 mode=0140777 ouid=111 ogid=111 rdev=00:00 nametype=NORMAL cap_fp=0 cap_fi=0 cap_fe=0 cap_fver=0 cap_frootid=0OUID="mysql" OGID="mysql"
type=PROCTITLE msg=audit(1765884479.595:2325): proctitle=2F7573722F7362696E2F61706163686532002D6B007374617274
type=SYSCALL msg=audit(1765884479.597:2326): arch=c000003e syscall=42 success=yes exit=0 a0=d a1=7ffd20e4ce70 a2=1d a3=1 items=1 ppid=958 pid=1381 auid=4294967295 uid=33 gid=33 euid=33 suid=33 fsuid=33 egid=33 sgid=33 fsgid=33 tty=(none) ses=4294967295 comm="apache2" exe="/usr/sbin/apache2" subj=unconfined key="T1043_Commonly_Used_Port"ARCH=x86_64 SYSCALL=connect AUID="unset" UID="www-data" GID="www-data" EUID="www-data" SUID="www-data" FSUID="www-data" EGID="www-data" SGID="www-data" FSGID="www-data"
type=SOCKADDR msg=audit(1765884479.597:2326): saddr=01002F7661722F72756E2F6D7973716C642F6D7973716C642E736F636BSADDR={ saddr_fam=local path=/var/run/mysqld/mysqld.sock }
type=PATH msg=audit(1765884479.597:2326): item=0 name="/var/run/mysqld/mysqld.sock" inode=1330 dev=00:18 mode=0140777 ouid=111 ogid=111 rdev=00:00 nametype=NORMAL cap_fp=0 cap_fi=0 cap_fe=0 cap_fver=0 cap_frootid=0OUID="mysql" OGID="mysql"
type=PROCTITLE msg=audit(1765884479.597:2326): proctitle=2F7573722F7362696E2F61706163686532002D6B007374617274
type=SYSCALL msg=audit(1765884485.653:2327): arch=c000003e syscall=42 success=no exit=-115 a0=b a1=753845527e20 a2=1c a3=753845218eb0 items=0 ppid=1 pid=958 auid=4294967295 uid=0 gid=0 euid=0 suid=0 fsuid=0 egid=0 sgid=0 fsgid=0 tty=(none) ses=4294967295 comm="apache2" exe="/usr/sbin/apache2" subj=unconfined key="T1043_Commonly_Used_Port"ARCH=x86_64 SYSCALL=connect AUID="unset" UID="root" GID="root" EUID="root" SUID="root" FSUID="root" EGID="root" SGID="root" FSGID="root"
type=SOCKADDR msg=audit(1765884485.653:2327): saddr=0A000050000000000000000000000000000000000000000000000000SADDR={ saddr_fam=inet6 laddr=:: lport=80 }
type=PROCTITLE msg=audit(1765884485.653:2327): proctitle=2F7573722F7362696E2F61706163686532002D6B007374617274
type=SYSCALL msg=audit(1765884504.220:2328): arch=c000003e syscall=59 success=yes exit=0 a0=60456fd1d940 a1=60456fcd6740 a2=60456fbd7cc0 a3=60456fbf3e70 items=2 ppid=1445 pid=1521 auid=1000 uid=0 gid=0 euid=0 suid=0 fsuid=0 egid=0 sgid=0 fsgid=0 tty=pts3 ses=5 comm="tail" exe="/usr/bin/tail" subj=unconfined key="T1078_Valid_Accounts"ARCH=x86_64 SYSCALL=execve AUID="vboxuser" UID="root" GID="root" EUID="root" SUID="root" FSUID="root" EGID="root" SGID="root" FSGID="root"
type=EXECVE msg=audit(1765884504.220:2328): argc=4 a0="tail" a1="-c" a2="+10423018" a3="/var/www/nextcloud/data/nextcloud.log"
type=PATH msg=audit(1765884504.220:2328): item=0 name="/usr/bin/tail" inode=1442904 dev=08:02 mode=0100755 ouid=0 ogid=0 rdev=00:00 nametype=NORMAL cap_fp=0 cap_fi=0 cap_fe=0 cap_fver=0 cap_frootid=0OUID="root" OGID="root"
type=PATH msg=audit(1765884504.220:2328): item=1 name="/lib64/ld-linux-x86-64.so.2" inode=1481429 dev=08:02 mode=0100755 ouid=0 ogid=0 rdev=00:00 nametype=NORMAL cap_fp=0 cap_fi=0 cap_fe=0 cap_fver=0 cap_frootid=0OUID="root" OGID="root"
type=PROCTITLE msg=audit(1765884504.220:2328): proctitle=7461696C002D63002B3130343233303138002F7661722F7777772F6E657874636C6F75642F646174612F6E657874636C6F75642E6C6F67
type=SYSCALL msg=audit(1765884504.377:2329): arch=c000003e syscall=59 success=yes exit=0 a0=60456fd1da00 a1=60456fcd6aa0 a2=60456fbd7cc0 a3=60456fd1d4a0 items=2 ppid=1445 pid=1522 auid=1000 uid=0 gid=0 euid=0 suid=0 fsuid=0 egid=0 sgid=0 fsgid=0 tty=pts3 ses=5 comm="tail" exe="/usr/bin/tail" subj=unconfined key="T1078_Valid_Accounts"ARCH=x86_64 SYSCALL=execve AUID="vboxuser" UID="root" GID="root" EUID="root" SUID="root" FSUID="root" EGID="root" SGID="root" FSGID="root"
type=EXECVE msg=audit(1765884504.377:2329): argc=4 a0="tail" a1="-c" a2="+150339969" a3="/var/log/audit/audit.log"
type=PATH msg=audit(1765884504.377:2329): item=0 name="/usr/bin/tail" inode=1442904 dev=08:02 mode=0100755 ouid=0 ogid=0 rdev=00:00 nametype=NORMAL cap_fp=0 cap_fi=0 cap_fe=0 cap_fver=0 cap_frootid=0OUID="root" OGID="root"
type=PATH msg=audit(1765884504.377:2329): item=1 name="/lib64/ld-linux-x86-64.so.2" inode=1481429 dev=08:02 mode=0100755 ouid=0 ogid=0 rdev=00:00 nametype=NORMAL cap_fp=0 cap_fi=0 cap_fe=0 cap_fver=0 cap_frootid=0OUID="root" OGID="root"
type=PROCTITLE msg=audit(1765884504.377:2329): proctitle=7461696C002D63002B313530333339393639002F7661722F6C6F672F61756469742F61756469742E6C6F67
type=SYSCALL msg=audit(1765884504.379:2330): arch=c000003e syscall=257 success=yes exit=3 a0=ffffff9c a1=7ffcb94c16c3 a2=0 a3=0 items=1 ppid=1445 pid=1522 auid=1000 uid=0 gid=0 euid=0 suid=0 fsuid=0 egid=0 sgid=0 fsgid=0 tty=pts3 ses=5 comm="tail" exe="/usr/bin/tail" subj=unconfined key="auditlog"ARCH=x86_64 SYSCALL=openat AUID="vboxuser" UID="root" GID="root" EUID="root" SUID="root" FSUID="root" EGID="root" SGID="root" FSGID="root"
type=PATH msg=audit(1765884504.379:2330): item=0 name="/var/log/audit/audit.log" inode=659339 dev=08:02 mode=0100640 ouid=0 ogid=4 rdev=00:00 nametype=NORMAL cap_fp=0 cap_fi=0 cap_fe=0 cap_fver=0 cap_frootid=0OUID="root" OGID="adm"
type=PROCTITLE msg=audit(1765884504.379:2330): proctitle=7461696C002D63002B313530333339393639002F7661722F6C6F672F61756469742F61756469742E6C6F67type=SYSCALL msg=audit(1765889413.445:2248): arch=c000003e syscall=59 success=yes exit=0 a0=7fff52197ee0 a1=7fff52197f00 a2=7fff52198a08 a3=8 items=2 ppid=1 pid=1477 auid=4294967295 uid=0 gid=0 euid=0 suid=0 fsuid=0 egid=0 sgid=0 fsgid=0 tty=(none) ses=4294967295 comm="9" exe="/usr/lib/systemd/systemd-executor" subj=unconfined key="T1078_Valid_Accounts"ARCH=x86_64 SYSCALL=execve AUID="unset" UID="root" GID="root" EUID="root" SUID="root" FSUID="root" EGID="root" SGID="root" FSGID="root"
type=EXECVE msg=audit(1765889413.445:2248): argc=7 a0="/usr/lib/systemd/systemd-executor" a1="--deserialize" a2="104" a3="--log-level" a4="info" a5="--log-target" a6="journal-or-kmsg"
type=PATH msg=audit(1765889413.445:2248): item=0 name="/proc/self/fd/9" inode=1463834 dev=08:02 mode=0100755 ouid=0 ogid=0 rdev=00:00 nametype=NORMAL cap_fp=0 cap_fi=0 cap_fe=0 cap_fver=0 cap_frootid=0OUID="root" OGID="root"
type=PATH msg=audit(1765889413.445:2248): item=1 name="/lib64/ld-linux-x86-64.so.2" inode=1481429 dev=08:02 mode=0100755 ouid=0 ogid=0 rdev=00:00 nametype=NORMAL cap_fp=0 cap_fi=0 cap_fe=0 cap_fver=0 cap_frootid=0OUID="root" OGID="root"
type=PROCTITLE msg=audit(1765889413.445:2248): proctitle=2F7573722F6C69622F73797374656D642F73797374656D642D6578656375746F72002D2D646573657269616C697A6500313034002D2D6C6F672D6C6576656C00696E666F002D2D6C6F672D746172676574006A6F75726E616C2D6F722D6B6D7367
type=SYSCALL msg=audit(1765889413.452:2249): arch=c000003e syscall=42 success=yes exit=0 a0=4 a1=7ffdf9b612a0 a2=1e a3=7ffdf9b61350 items=1 ppid=1 pid=1477 auid=4294967295 uid=0 gid=0 euid=0 suid=0 fsuid=0 egid=0 sgid=0 fsgid=0 tty=(none) ses=4294967295 comm="9" exe="/usr/lib/systemd/systemd-executor" subj=unconfined key="T1043_Commonly_Used_Port"ARCH=x86_64 SYSCALL=connect AUID="unset" UID="root" GID="root" EUID="root" SUID="root" FSUID="root" EGID="root" SGID="root" FSGID="root"
type=SOCKADDR msg=audit(1765889413.452:2249): saddr=01002F72756E2F73797374656D642F6A6F75726E616C2F736F636B657400SADDR={ saddr_fam=local path=/run/systemd/journal/socket }
type=PATH msg=audit(1765889413.452:2249): item=0 name="/run/systemd/journal/socket" inode=454 dev=00:18 mode=0140666 ouid=0 ogid=0 rdev=00:00 nametype=NORMAL cap_fp=0 cap_fi=0 cap_fe=0 cap_fver=0 cap_frootid=0OUID="root" OGID="root"
type=PROCTITLE msg=audit(1765889413.452:2249): proctitle=2F7573722F6C69622F73797374656D642F73797374656D642D6578656375746F72002D2D646573657269616C697A6500313034002D2D6C6F672D6C6576656C00696E666F002D2D6C6F672D746172676574006A6F75726E616C2D6F722D6B6D7367
type=SYSCALL msg=audit(1765889413.456:2250): arch=c000003e syscall=42 success=yes exit=0 a0=3 a1=7ffdf9b60e20 a2=1e a3=fffffff7 items=1 ppid=1 pid=1477 auid=4294967295 uid=0 gid=0 euid=0 suid=0 fsuid=0 egid=0 sgid=0 fsgid=0 tty=(none) ses=4294967295 comm="(sa1)" exe="/usr/lib/systemd/systemd-executor" subj=unconfined key="T1043_Commonly_Used_Port"ARCH=x86_64 SYSCALL=connect AUID="unset" UID="root" GID="root" EUID="root" SUID="root" FSUID="root" EGID="root" SGID="root" FSGID="root"
type=SOCKADDR msg=audit(1765889413.456:2250): saddr=01002F72756E2F73797374656D642F6A6F75726E616C2F7374646F757400SADDR={ saddr_fam=local path=/run/systemd/journal/stdout }
type=PATH msg=audit(1765889413.456:2250): item=0 name="/run/systemd/journal/stdout" inode=455 dev=00:18 mode=0140666 ouid=0 ogid=0 rdev=00:00 nametype=NORMAL cap_fp=0 cap_fi=0 cap_fe=0 cap_fver=0 cap_frootid=0OUID="root" OGID="root"
type=PROCTITLE msg=audit(1765889413.456:2250): proctitle=2F7573722F6C69622F73797374656D642F73797374656D642D6578656375746F72002D2D646573657269616C697A6500313034002D2D6C6F672D6C6576656C00696E666F002D2D6C6F672D746172676574006A6F75726E616C2D6F722D6B6D7367
type=SYSCALL msg=audit(1765889413.457:2251): arch=c000003e syscall=59 success=yes exit=0 a0=5b68e9aa60c0 a1=5b68e9aa61c0 a2=5b68e9aa54b0 a3=5b68e9aa6990 items=3 ppid=1 pid=1477 auid=4294967295 uid=0 gid=0 euid=0 suid=0 fsuid=0 egid=0 sgid=0 fsgid=0 tty=(none) ses=4294967295 comm="sa1" exe="/usr/bin/dash" subj=unconfined key="T1078_Valid_Accounts"ARCH=x86_64 SYSCALL=execve AUID="unset" UID="root" GID="root" EUID="root" SUID="root" FSUID="root" EGID="root" SGID="root" FSGID="root"
type=EXECVE msg=audit(1765889413.457:2251): argc=4 a0="/bin/sh" a1="/usr/lib/sysstat/sa1" a2="1" a3="1"
type=PATH msg=audit(1765889413.457:2251): item=0 name="/usr/lib/sysstat/sa1" inode=1456137 dev=08:02 mode=0100755 ouid=0 ogid=0 rdev=00:00 nametype=NORMAL cap_fp=0 cap_fi=0 cap_fe=0 cap_fver=0 cap_frootid=0OUID="root" OGID="root"
type=PATH msg=audit(1765889413.457:2251): item=1 name="/bin/sh" inode=1442345 dev=08:02 mode=0100755 ouid=0 ogid=0 rdev=00:00 nametype=NORMAL cap_fp=0 cap_fi=0 cap_fe=0 cap_fver=0 cap_frootid=0OUID="root" OGID="root"
type=PATH msg=audit(1765889413.457:2251): item=2 name="/lib64/ld-linux-x86-64.so.2" inode=1481429 dev=08:02 mode=0100755 ouid=0 ogid=0 rdev=00:00 nametype=NORMAL cap_fp=0 cap_fi=0 cap_fe=0 cap_fver=0 cap_frootid=0OUID="root" OGID="root"
type=PROCTITLE msg=audit(1765889413.457:2251): proctitle=2F7573722F6C69622F73797374656D642F73797374656D642D6578656375746F72002D2D646573657269616C697A6500313034002D2D6C6F672D6C6576656C00696E666F002D2D6C6F672D746172676574006A6F75726E616C2D6F722D6B6D7367
type=SYSCALL msg=audit(1765889413.460:2252): arch=c000003e syscall=59 success=yes exit=0 a0=5976bb985148 a1=5976bb985228 a2=5976bb985270 a3=0 items=2 ppid=1 pid=1477 auid=4294967295 uid=0 gid=0 euid=0 suid=0 fsuid=0 egid=0 sgid=0 fsgid=0 tty=(none) ses=4294967295 comm="sadc" exe="/usr/lib/sysstat/sadc" subj=unconfined key="T1078_Valid_Accounts"ARCH=x86_64 SYSCALL=execve AUID="unset" UID="root" GID="root" EUID="root" SUID="root" FSUID="root" EGID="root" SGID="root" FSGID="root"
type=EXECVE msg=audit(1765889413.460:2252): argc=8 a0="/usr/lib/sysstat/sadc" a1="-F" a2="-L" a3="-S" a4="DISK" a5="1" a6="1" a7="/var/log/sysstat"
type=PATH msg=audit(1765889413.460:2252): item=0 name="/usr/lib/sysstat/sadc" inode=1456139 dev=08:02 mode=0100755 ouid=0 ogid=0 rdev=00:00 nametype=NORMAL cap_fp=0 cap_fi=0 cap_fe=0 cap_fver=0 cap_frootid=0OUID="root" OGID="root"
type=PATH msg=audit(1765889413.460:2252): item=1 name="/lib64/ld-linux-x86-64.so.2" inode=1481429 dev=08:02 mode=0100755 ouid=0 ogid=0 rdev=00:00 nametype=NORMAL cap_fp=0 cap_fi=0 cap_fe=0 cap_fver=0 cap_frootid=0OUID="root" OGID="root"
type=PROCTITLE msg=audit(1765889413.460:2252): proctitle=2F7573722F6C69622F73797374656D642F73797374656D642D6578656375746F72002D2D646573657269616C697A6500313034002D2D6C6F672D6C6576656C00696E666F002D2D6C6F672D746172676574006A6F75726E616C2D6F722D6B6D7367
type=SERVICE_START msg=audit(1765889413.468:2253): pid=1 uid=0 auid=4294967295 ses=4294967295 subj=unconfined msg='unit=sysstat-collect comm="systemd" exe="/usr/lib/systemd/systemd" hostname=? addr=? terminal=? res=success'UID="root" AUID="unset"
type=SERVICE_STOP msg=audit(1765889413.468:2254): pid=1 uid=0 auid=4294967295 ses=4294967295 subj=unconfined msg='unit=sysstat-collect comm="systemd" exe="/usr/lib/systemd/systemd" hostname=? addr=? terminal=? res=success'UID="root" AUID="unset"
type=SYSCALL msg=audit(1765889416.061:2255): arch=c000003e syscall=59 success=yes exit=0 a0=59ff90a67010 a1=59ff90a6d8f0 a2=59ff909f9960 a3=59ff90a6d450 items=2 ppid=1182 pid=1483 auid=1000 uid=0 gid=0 euid=0 suid=0 fsuid=0 egid=0 sgid=0 fsgid=0 tty=pts1 ses=1 comm="tail" exe="/usr/bin/tail" subj=unconfined key="T1078_Valid_Accounts"ARCH=x86_64 SYSCALL=execve AUID="vboxuser" UID="root" GID="root" EUID="root" SUID="root" FSUID="root" EGID="root" SGID="root" FSGID="root"
type=EXECVE msg=audit(1765889416.061:2255): argc=3 a0="tail" a1="-f" a2="/var/log/apache2/nextcloud.local-error.log"
type=PATH msg=audit(1765889416.061:2255): item=0 name="/usr/bin/tail" inode=1442904 dev=08:02 mode=0100755 ouid=0 ogid=0 rdev=00:00 nametype=NORMAL cap_fp=0 cap_fi=0 cap_fe=0 cap_fver=0 cap_frootid=0OUID="root" OGID="root"
type=PATH msg=audit(1765889416.061:2255): item=1 name="/lib64/ld-linux-x86-64.so.2" inode=1481429 dev=08:02 mode=0100755 ouid=0 ogid=0 rdev=00:00 nametype=NORMAL cap_fp=0 cap_fi=0 cap_fe=0 cap_fver=0 cap_frootid=0OUID="root" OGID="root"
type=PROCTITLE msg=audit(1765889416.061:2255): proctitle=7461696C002D66002F7661722F6C6F672F617061636865322F6E657874636C6F75642E6C6F63616C2D6572726F722E6C6F67
type=SYSCALL msg=audit(1765889418.777:2256): arch=c000003e syscall=106 success=yes exit=0 a0=21 a1=78b8f63e74a0 a2=0 a3=22 items=0 ppid=886 pid=1484 auid=4294967295 uid=0 gid=33 euid=0 suid=0 fsuid=0 egid=33 sgid=33 fsgid=33 tty=(none) ses=4294967295 comm="apache2" exe="/usr/sbin/apache2" subj=unconfined key="T1166_Seuid_and_Setgid"ARCH=x86_64 SYSCALL=setgid AUID="unset" UID="root" GID="www-data" EUID="root" SUID="root" FSUID="root" EGID="www-data" SGID="www-data" FSGID="www-data"
type=PROCTITLE msg=audit(1765889418.777:2256): proctitle=2F7573722F7362696E2F61706163686532002D6B007374617274
type=SYSCALL msg=audit(1765889418.777:2257): arch=c000003e syscall=42 success=yes exit=0 a0=e a1=7ffccd6b7480 a2=1d a3=1 items=1 ppid=886 pid=1391 auid=4294967295 uid=33 gid=33 euid=33 suid=33 fsuid=33 egid=33 sgid=33 fsgid=33 tty=(none) ses=4294967295 comm="apache2" exe="/usr/sbin/apache2" subj=unconfined key="T1043_Commonly_Used_Port"ARCH=x86_64 SYSCALL=connect AUID="unset" UID="www-data" GID="www-data" EUID="www-data" SUID="www-data" FSUID="www-data" EGID="www-data" SGID="www-data" FSGID="www-data"
type=SOCKADDR msg=audit(1765889418.777:2257): saddr=01002F7661722F72756E2F6D7973716C642F6D7973716C642E736F636BSADDR={ saddr_fam=local path=/var/run/mysqld/mysqld.sock }
type=PATH msg=audit(1765889418.777:2257): item=0 name="/var/run/mysqld/mysqld.sock" inode=1342 dev=00:18 mode=0140777 ouid=111 ogid=111 rdev=00:00 nametype=NORMAL cap_fp=0 cap_fi=0 cap_fe=0 cap_fver=0 cap_frootid=0OUID="mysql" OGID="mysql"
type=PROCTITLE msg=audit(1765889418.777:2257): proctitle=2F7573722F7362696E2F61706163686532002D6B007374617274
type=SYSCALL msg=audit(1765889418.780:2258): arch=c000003e syscall=42 success=yes exit=0 a0=c a1=7ffccd6ba950 a2=2d a3=573a3f74c310 items=1 ppid=886 pid=1484 auid=4294967295 uid=0 gid=33 euid=0 suid=0 fsuid=0 egid=33 sgid=33 fsgid=33 tty=(none) ses=4294967295 comm="apache2" exe="/usr/sbin/apache2" subj=unconfined key="T1043_Commonly_Used_Port"ARCH=x86_64 SYSCALL=connect AUID="unset" UID="root" GID="www-data" EUID="root" SUID="root" FSUID="root" EGID="www-data" SGID="www-data" FSGID="www-data"
type=SOCKADDR msg=audit(1765889418.780:2258): saddr=01002F72756E2F73797374656D642F7573657264622F696F2E73797374656D642E44796E616D69635573657200SADDR={ saddr_fam=local path=/run/systemd/userdb/io.systemd.DynamicUser }
type=PATH msg=audit(1765889418.780:2258): item=0 name="/run/systemd/userdb/io.systemd.DynamicUser" inode=441 dev=00:18 mode=0140666 ouid=0 ogid=0 rdev=00:00 nametype=NORMAL cap_fp=0 cap_fi=0 cap_fe=0 cap_fver=0 cap_frootid=0OUID="root" OGID="root"
type=PROCTITLE msg=audit(1765889418.780:2258): proctitle=2F7573722F7362696E2F61706163686532002D6B007374617274
type=SYSCALL msg=audit(1765889418.780:2259): arch=c000003e syscall=105 success=yes exit=0 a0=21 a1=573a3f5c3ec0 a2=573f4cd73c13 a3=573a3f5c3ed0 items=0 ppid=886 pid=1484 auid=4294967295 uid=33 gid=33 euid=33 suid=33 fsuid=33 egid=33 sgid=33 fsgid=33 tty=(none) ses=4294967295 comm="apache2" exe="/usr/sbin/apache2" subj=unconfined key="T1166_Seuid_and_Setgid"ARCH=x86_64 SYSCALL=setuid AUID="unset" UID="www-data" GID="www-data" EUID="www-data" SUID="www-data" FSUID="www-data" EGID="www-data" SGID="www-data" FSGID="www-data"
type=PROCTITLE msg=audit(1765889418.780:2259): proctitle=2F7573722F7362696E2F61706163686532002D6B007374617274
type=SYSCALL msg=audit(1765889439.240:2260): arch=c000003e syscall=59 success=yes exit=0 a0=59ff90a6b610 a1=59ff90a74f30 a2=59ff909f9960 a3=59ff90936710 items=2 ppid=1182 pid=1489 auid=1000 uid=0 gid=0 euid=0 suid=0 fsuid=0 egid=0 sgid=0 fsgid=0 tty=pts1 ses=1 comm="ls" exe="/usr/bin/ls" subj=unconfined key="T1078_Valid_Accounts"ARCH=x86_64 SYSCALL=execve AUID="vboxuser" UID="root" GID="root" EUID="root" SUID="root" FSUID="root" EGID="root" SGID="root" FSGID="root"
type=EXECVE msg=audit(1765889439.240:2260): argc=3 a0="ls" a1="--color=auto" a2="la"
type=PATH msg=audit(1765889439.240:2260): item=0 name="/usr/bin/ls" inode=1442533 dev=08:02 mode=0100755 ouid=0 ogid=0 rdev=00:00 nametype=NORMAL cap_fp=0 cap_fi=0 cap_fe=0 cap_fver=0 cap_frootid=0OUID="root" OGID="root"
type=PATH msg=audit(1765889439.240:2260): item=1 name="/lib64/ld-linux-x86-64.so.2" inode=1481429 dev=08:02 mode=0100755 ouid=0 ogid=0 rdev=00:00 nametype=NORMAL cap_fp=0 cap_fi=0 cap_fe=0 cap_fver=0 cap_frootid=0OUID="root" OGID="root"
type=PROCTITLE msg=audit(1765889439.240:2260): proctitle=6C73002D2D636F6C6F723D6175746F006C61
type=SYSCALL msg=audit(1765889441.141:2261): arch=c000003e syscall=59 success=yes exit=0 a0=59ff90a75e30 a1=59ff90a74e10 a2=59ff909f9960 a3=59ff90a6c860 items=2 ppid=1182 pid=1490 auid=1000 uid=0 gid=0 euid=0 suid=0 fsuid=0 egid=0 sgid=0 fsgid=0 tty=pts1 ses=1 comm="ls" exe="/usr/bin/ls" subj=unconfined key="T1078_Valid_Accounts"ARCH=x86_64 SYSCALL=execve AUID="vboxuser" UID="root" GID="root" EUID="root" SUID="root" FSUID="root" EGID="root" SGID="root" FSGID="root"
type=EXECVE msg=audit(1765889441.141:2261): argc=3 a0="ls" a1="--color=auto" a2="-la"
type=PATH msg=audit(1765889441.141:2261): item=0 name="/usr/bin/ls" inode=1442533 dev=08:02 mode=0100755 ouid=0 ogid=0 rdev=00:00 nametype=NORMAL cap_fp=0 cap_fi=0 cap_fe=0 cap_fver=0 cap_frootid=0OUID="root" OGID="root"
type=PATH msg=audit(1765889441.141:2261): item=1 name="/lib64/ld-linux-x86-64.so.2" inode=1481429 dev=08:02 mode=0100755 ouid=0 ogid=0 rdev=00:00 nametype=NORMAL cap_fp=0 cap_fi=0 cap_fe=0 cap_fver=0 cap_frootid=0OUID="root" OGID="root"
type=PROCTITLE msg=audit(1765889441.141:2261): proctitle=6C73002D2D636F6C6F723D6175746F002D6C61
type=SYSCALL msg=audit(1765889442.450:2262): arch=c000003e syscall=59 success=yes exit=0 a0=59ff90a7b9b0 a1=59ff90a6d960 a2=59ff909f9960 a3=59ff90a6d960 items=2 ppid=1182 pid=1493 auid=1000 uid=0 gid=0 euid=0 suid=0 fsuid=0 egid=0 sgid=0 fsgid=0 tty=pts1 ses=1 comm="cat" exe="/usr/bin/cat" subj=unconfined key="T1078_Valid_Accounts"ARCH=x86_64 SYSCALL=execve AUID="vboxuser" UID="root" GID="root" EUID="root" SUID="root" FSUID="root" EGID="root" SGID="root" FSGID="root"
type=EXECVE msg=audit(1765889442.450:2262): argc=2 a0="cat" a1="nextcloud.conf"
type=PATH msg=audit(1765889442.450:2262): item=0 name="/usr/bin/cat" inode=1442301 dev=08:02 mode=0100755 ouid=0 ogid=0 rdev=00:00 nametype=NORMAL cap_fp=0 cap_fi=0 cap_fe=0 cap_fver=0 cap_frootid=0OUID="root" OGID="root"
type=PATH msg=audit(1765889442.450:2262): item=1 name="/lib64/ld-linux-x86-64.so.2" inode=1481429 dev=08:02 mode=0100755 ouid=0 ogid=0 rdev=00:00 nametype=NORMAL cap_fp=0 cap_fi=0 cap_fe=0 cap_fver=0 cap_frootid=0OUID="root" OGID="root"
type=PROCTITLE msg=audit(1765889442.450:2262): proctitle=636174006E657874636C6F75642E636F6E66
type=SYSCALL msg=audit(1765889447.454:2263): arch=c000003e syscall=59 success=yes exit=0 a0=59ff90a64fe0 a1=59ff90a7ba90 a2=59ff909f9960 a3=59ff90a656e0 items=2 ppid=1182 pid=1498 auid=1000 uid=0 gid=0 euid=0 suid=0 fsuid=0 egid=0 sgid=0 fsgid=0 tty=pts1 ses=1 comm="ls" exe="/usr/bin/ls" subj=unconfined key="T1078_Valid_Accounts"ARCH=x86_64 SYSCALL=execve AUID="vboxuser" UID="root" GID="root" EUID="root" SUID="root" FSUID="root" EGID="root" SGID="root" FSGID="root"
type=EXECVE msg=audit(1765889447.454:2263): argc=3 a0="ls" a1="--color=auto" a2="-la"
type=PATH msg=audit(1765889447.454:2263): item=0 name="/usr/bin/ls" inode=1442533 dev=08:02 mode=0100755 ouid=0 ogid=0 rdev=00:00 nametype=NORMAL cap_fp=0 cap_fi=0 cap_fe=0 cap_fver=0 cap_frootid=0OUID="root" OGID="root"
type=PATH msg=audit(1765889447.454:2263): item=1 name="/lib64/ld-linux-x86-64.so.2" inode=1481429 dev=08:02 mode=0100755 ouid=0 ogid=0 rdev=00:00 nametype=NORMAL cap_fp=0 cap_fi=0 cap_fe=0 cap_fver=0 cap_frootid=0OUID="root" OGID="root"
type=PROCTITLE msg=audit(1765889447.454:2263): proctitle=6C73002D2D636F6C6F723D6175746F002D6C61
type=SYSCALL msg=audit(1765889452.476:2264): arch=c000003e syscall=59 success=yes exit=0 a0=59ff90a74760 a1=59ff90a7a570 a2=59ff909f9960 a3=59ff90a70f60 items=2 ppid=1182 pid=1499 auid=1000 uid=0 gid=0 euid=0 suid=0 fsuid=0 egid=0 sgid=0 fsgid=0 tty=pts1 ses=1 comm="grep" exe="/usr/bin/grep" subj=unconfined key="T1078_Valid_Accounts"ARCH=x86_64 SYSCALL=execve AUID="vboxuser" UID="root" GID="root" EUID="root" SUID="root" FSUID="root" EGID="root" SGID="root" FSGID="root"
type=EXECVE msg=audit(1765889452.476:2264): argc=32 a0="grep" a1="--color=auto" a2="trusted_domains" a3="3rdparty" a4="apps" a5="AUTHORS" a6="composer.json" a7="composer.lock" a8="config" a9="console.php" a10="COPYING" a11="core" a12="cron.php" a13="data" a14="dist" a15="index.html" a16="index.php" a17="lib" a18="LICENSES" a19="occ" a20="ocs" a21="ocs-provider" a22="package.json" a23="package-lock.json" a24="public.php" a25="remote.php" a26="resources" a27="robots.txt" a28="status.php" a29="themes" a30="updater" a31="version.php"
type=PATH msg=audit(1765889452.476:2264): item=0 name="/usr/bin/grep" inode=1442450 dev=08:02 mode=0100755 ouid=0 ogid=0 rdev=00:00 nametype=NORMAL cap_fp=0 cap_fi=0 cap_fe=0 cap_fver=0 cap_frootid=0OUID="root" OGID="root"
type=PATH msg=audit(1765889452.476:2264): item=1 name="/lib64/ld-linux-x86-64.so.2" inode=1481429 dev=08:02 mode=0100755 ouid=0 ogid=0 rdev=00:00 nametype=NORMAL cap_fp=0 cap_fi=0 cap_fe=0 cap_fver=0 cap_frootid=0OUID="root" OGID="root"
type=PROCTITLE msg=audit(1765889452.476:2264): proctitle=67726570002D2D636F6C6F723D6175746F00747275737465645F646F6D61696E73003372647061727479006170707300415554484F525300636F6D706F7365722E6A736F6E00636F6D706F7365722E6C6F636B00636F6E66696700636F6E736F6C652E70687000434F5059494E4700636F72650063726F6E2E70687000646174
type=SYSCALL msg=audit(1765889457.791:2265): arch=c000003e syscall=59 success=yes exit=0 a0=59ff9091c560 a1=59ff90a7cab0 a2=59ff909f9960 a3=59ff90936940 items=2 ppid=1182 pid=1500 auid=1000 uid=0 gid=0 euid=0 suid=0 fsuid=0 egid=0 sgid=0 fsgid=0 tty=pts1 ses=1 comm="grep" exe="/usr/bin/grep" subj=unconfined key="T1078_Valid_Accounts"ARCH=x86_64 SYSCALL=execve AUID="vboxuser" UID="root" GID="root" EUID="root" SUID="root" FSUID="root" EGID="root" SGID="root" FSGID="root"
type=EXECVE msg=audit(1765889457.791:2265): argc=33 a0="grep" a1="--color=auto" a2="-r" a3="trusted_domains" a4="3rdparty" a5="apps" a6="AUTHORS" a7="composer.json" a8="composer.lock" a9="config" a10="console.php" a11="COPYING" a12="core" a13="cron.php" a14="data" a15="dist" a16="index.html" a17="index.php" a18="lib" a19="LICENSES" a20="occ" a21="ocs" a22="ocs-provider" a23="package.json" a24="package-lock.json" a25="public.php" a26="remote.php" a27="resources" a28="robots.txt" a29="status.php" a30="themes" a31="updater" a32="version.php"
type=PATH msg=audit(1765889457.791:2265): item=0 name="/usr/bin/grep" inode=1442450 dev=08:02 mode=0100755 ouid=0 ogid=0 rdev=00:00 nametype=NORMAL cap_fp=0 cap_fi=0 cap_fe=0 cap_fver=0 cap_frootid=0OUID="root" OGID="root"
type=PATH msg=audit(1765889457.791:2265): item=1 name="/lib64/ld-linux-x86-64.so.2" inode=1481429 dev=08:02 mode=0100755 ouid=0 ogid=0 rdev=00:00 nametype=NORMAL cap_fp=0 cap_fi=0 cap_fe=0 cap_fver=0 cap_frootid=0OUID="root" OGID="root"
type=PROCTITLE msg=audit(1765889457.791:2265): proctitle=67726570002D2D636F6C6F723D6175746F002D7200747275737465645F646F6D61696E73003372647061727479006170707300415554484F525300636F6D706F7365722E6A736F6E00636F6D706F7365722E6C6F636B00636F6E66696700636F6E736F6C652E70687000434F5059494E4700636F72650063726F6E2E706870
type=SYSCALL msg=audit(1765889483.182:2266): arch=c000003e syscall=59 success=yes exit=0 a0=59ff90a6a850 a1=59ff90a677d0 a2=59ff909f9960 a3=59ff90a683e0 items=2 ppid=1182 pid=1503 auid=1000 uid=0 gid=0 euid=0 suid=0 fsuid=0 egid=0 sgid=0 fsgid=0 tty=pts1 ses=1 comm="ls" exe="/usr/bin/ls" subj=unconfined key="T1078_Valid_Accounts"ARCH=x86_64 SYSCALL=execve AUID="vboxuser" UID="root" GID="root" EUID="root" SUID="root" FSUID="root" EGID="root" SGID="root" FSGID="root"
type=EXECVE msg=audit(1765889483.182:2266): argc=3 a0="ls" a1="--color=auto" a2="-la"
type=PATH msg=audit(1765889483.182:2266): item=0 name="/usr/bin/ls" inode=1442533 dev=08:02 mode=0100755 ouid=0 ogid=0 rdev=00:00 nametype=NORMAL cap_fp=0 cap_fi=0 cap_fe=0 cap_fver=0 cap_frootid=0OUID="root" OGID="root"
type=PATH msg=audit(1765889483.182:2266): item=1 name="/lib64/ld-linux-x86-64.so.2" inode=1481429 dev=08:02 mode=0100755 ouid=0 ogid=0 rdev=00:00 nametype=NORMAL cap_fp=0 cap_fi=0 cap_fe=0 cap_fver=0 cap_frootid=0OUID="root" OGID="root"
type=PROCTITLE msg=audit(1765889483.182:2266): proctitle=6C73002D2D636F6C6F723D6175746F002D6C61
type=SYSCALL msg=audit(1765889484.815:2267): arch=c000003e syscall=59 success=yes exit=0 a0=59ff90a623b0 a1=59ff90a696f0 a2=59ff909f9960 a3=8 items=2 ppid=1182 pid=1508 auid=1000 uid=0 gid=0 euid=0 suid=0 fsuid=0 egid=0 sgid=0 fsgid=0 tty=pts1 ses=1 comm="grep" exe="/usr/bin/grep" subj=unconfined key="T1078_Valid_Accounts"ARCH=x86_64 SYSCALL=execve AUID="vboxuser" UID="root" GID="root" EUID="root" SUID="root" FSUID="root" EGID="root" SGID="root" FSGID="root"
type=EXECVE msg=audit(1765889484.815:2267): argc=3 a0="grep" a1="-q" a2="function"
type=PATH msg=audit(1765889484.815:2267): item=0 name="/usr/bin/grep" inode=1442450 dev=08:02 mode=0100755 ouid=0 ogid=0 rdev=00:00 nametype=NORMAL cap_fp=0 cap_fi=0 cap_fe=0 cap_fver=0 cap_frootid=0OUID="root" OGID="root"
type=PATH msg=audit(1765889484.815:2267): item=1 name="/lib64/ld-linux-x86-64.so.2" inode=1481429 dev=08:02 mode=0100755 ouid=0 ogid=0 rdev=00:00 nametype=NORMAL cap_fp=0 cap_fi=0 cap_fe=0 cap_fver=0 cap_frootid=0OUID="root" OGID="root"
type=PROCTITLE msg=audit(1765889484.815:2267): proctitle=67726570002D710066756E6374696F6E
type=SYSCALL msg=audit(1765889485.184:2268): arch=c000003e syscall=59 success=yes exit=0 a0=59ff90a60fb0 a1=59ff90a670c0 a2=59ff909f9960 a3=59ff90a670c0 items=2 ppid=1182 pid=1517 auid=1000 uid=0 gid=0 euid=0 suid=0 fsuid=0 egid=0 sgid=0 fsgid=0 tty=pts1 ses=1 comm="vim" exe="/usr/bin/vim.basic" subj=unconfined key="T1078_Valid_Accounts"ARCH=x86_64 SYSCALL=execve AUID="vboxuser" UID="root" GID="root" EUID="root" SUID="root" FSUID="root" EGID="root" SGID="root" FSGID="root"
type=EXECVE msg=audit(1765889485.184:2268): argc=2 a0="vim" a1="config."
type=PATH msg=audit(1765889485.184:2268): item=0 name="/usr/bin/vim" inode=1483710 dev=08:02 mode=0100755 ouid=0 ogid=0 rdev=00:00 nametype=NORMAL cap_fp=0 cap_fi=0 cap_fe=0 cap_fver=0 cap_frootid=0OUID="root" OGID="root"
type=PATH msg=audit(1765889485.184:2268): item=1 name="/lib64/ld-linux-x86-64.so.2" inode=1481429 dev=08:02 mode=0100755 ouid=0 ogid=0 rdev=00:00 nametype=NORMAL cap_fp=0 cap_fi=0 cap_fe=0 cap_fver=0 cap_frootid=0OUID="root" OGID="root"
type=PROCTITLE msg=audit(1765889485.184:2268): proctitle=76696D00636F6E6669672E
type=SYSCALL msg=audit(1765889485.365:2269): arch=c000003e syscall=87 success=yes exit=0 a0=5aa0551195f0 a1=7ffed9d5a580 a2=4 a3=180 items=2 ppid=1182 pid=1517 auid=1000 uid=0 gid=0 euid=0 suid=0 fsuid=0 egid=0 sgid=0 fsgid=0 tty=pts1 ses=1 comm="vim" exe="/usr/bin/vim.basic" subj=unconfined key="T1107_File_Deletion"ARCH=x86_64 SYSCALL=unlink AUID="vboxuser" UID="root" GID="root" EUID="root" SUID="root" FSUID="root" EGID="root" SGID="root" FSGID="root"
type=PATH msg=audit(1765889485.365:2269): item=0 name="/var/www/nextcloud/config" inode=696342 dev=08:02 mode=040755 ouid=33 ogid=33 rdev=00:00 nametype=PARENT cap_fp=0 cap_fi=0 cap_fe=0 cap_fver=0 cap_frootid=0OUID="www-data" OGID="www-data"
type=PATH msg=audit(1765889485.365:2269): item=1 name=".config..swx" inode=706883 dev=08:02 mode=0100600 ouid=0 ogid=0 rdev=00:00 nametype=DELETE cap_fp=0 cap_fi=0 cap_fe=0 cap_fver=0 cap_frootid=0OUID="root" OGID="root"
type=PROCTITLE msg=audit(1765889485.365:2269): proctitle=76696D00636F6E6669672E
type=SYSCALL msg=audit(1765889485.365:2270): arch=c000003e syscall=87 success=yes exit=0 a0=5aa05547f4d0 a1=7ffed9d5a580 a2=4 a3=180 items=2 ppid=1182 pid=1517 auid=1000 uid=0 gid=0 euid=0 suid=0 fsuid=0 egid=0 sgid=0 fsgid=0 tty=pts1 ses=1 comm="vim" exe="/usr/bin/vim.basic" subj=unconfined key="T1107_File_Deletion"ARCH=x86_64 SYSCALL=unlink AUID="vboxuser" UID="root" GID="root" EUID="root" SUID="root" FSUID="root" EGID="root" SGID="root" FSGID="root"
type=PATH msg=audit(1765889485.365:2270): item=0 name="/var/www/nextcloud/config" inode=696342 dev=08:02 mode=040755 ouid=33 ogid=33 rdev=00:00 nametype=PARENT cap_fp=0 cap_fi=0 cap_fe=0 cap_fver=0 cap_frootid=0OUID="www-data" OGID="www-data"
type=PATH msg=audit(1765889485.365:2270): item=1 name=".config..swp" inode=706882 dev=08:02 mode=0100600 ouid=0 ogid=0 rdev=00:00 nametype=DELETE cap_fp=0 cap_fi=0 cap_fe=0 cap_fver=0 cap_frootid=0OUID="root" OGID="root"
type=PROCTITLE msg=audit(1765889485.365:2270): proctitle=76696D00636F6E6669672E
type=SYSCALL msg=audit(1765889486.594:2271): arch=c000003e syscall=87 success=yes exit=0 a0=5aa0554752f0 a1=5aa0554752f0 a2=7ffed9d59400 a3=0 items=2 ppid=1182 pid=1517 auid=1000 uid=0 gid=0 euid=0 suid=0 fsuid=0 egid=0 sgid=0 fsgid=0 tty=pts1 ses=1 comm="vim" exe="/usr/bin/vim.basic" subj=unconfined key="T1107_File_Deletion"ARCH=x86_64 SYSCALL=unlink AUID="vboxuser" UID="root" GID="root" EUID="root" SUID="root" FSUID="root" EGID="root" SGID="root" FSGID="root"
type=PATH msg=audit(1765889486.594:2271): item=0 name="/root/" inode=1048578 dev=08:02 mode=040700 ouid=0 ogid=0 rdev=00:00 nametype=PARENT cap_fp=0 cap_fi=0 cap_fe=0 cap_fver=0 cap_frootid=0OUID="root" OGID="root"
type=PATH msg=audit(1765889486.594:2271): item=1 name="/root/.viminfo" inode=1051134 dev=08:02 mode=0100600 ouid=0 ogid=0 rdev=00:00 nametype=DELETE cap_fp=0 cap_fi=0 cap_fe=0 cap_fver=0 cap_frootid=0OUID="root" OGID="root"
type=PROCTITLE msg=audit(1765889486.594:2271): proctitle=76696D00636F6E6669672E
type=SYSCALL msg=audit(1765889486.594:2272): arch=c000003e syscall=82 success=yes exit=0 a0=5aa055473950 a1=5aa0554752f0 a2=7ffed9d59400 a3=0 items=4 ppid=1182 pid=1517 auid=1000 uid=0 gid=0 euid=0 suid=0 fsuid=0 egid=0 sgid=0 fsgid=0 tty=pts1 ses=1 comm="vim" exe="/usr/bin/vim.basic" subj=unconfined key="T1107_File_Deletion"ARCH=x86_64 SYSCALL=rename AUID="vboxuser" UID="root" GID="root" EUID="root" SUID="root" FSUID="root" EGID="root" SGID="root" FSGID="root"
type=PATH msg=audit(1765889486.594:2272): item=0 name="/root/" inode=1048578 dev=08:02 mode=040700 ouid=0 ogid=0 rdev=00:00 nametype=PARENT cap_fp=0 cap_fi=0 cap_fe=0 cap_fver=0 cap_frootid=0OUID="root" OGID="root"
type=PATH msg=audit(1765889486.594:2272): item=1 name="/root/" inode=1048578 dev=08:02 mode=040700 ouid=0 ogid=0 rdev=00:00 nametype=PARENT cap_fp=0 cap_fi=0 cap_fe=0 cap_fver=0 cap_frootid=0OUID="root" OGID="root"
type=PATH msg=audit(1765889486.594:2272): item=2 name="/root/.viminfo.tmp" inode=1049747 dev=08:02 mode=0100600 ouid=0 ogid=0 rdev=00:00 nametype=DELETE cap_fp=0 cap_fi=0 cap_fe=0 cap_fver=0 cap_frootid=0OUID="root" OGID="root"
type=PATH msg=audit(1765889486.594:2272): item=3 name="/root/.viminfo" inode=1049747 dev=08:02 mode=0100600 ouid=0 ogid=0 rdev=00:00 nametype=CREATE cap_fp=0 cap_fi=0 cap_fe=0 cap_fver=0 cap_frootid=0OUID="root" OGID="root"
type=PROCTITLE msg=audit(1765889486.594:2272): proctitle=76696D00636F6E6669672E
type=SYSCALL msg=audit(1765889486.597:2273): arch=c000003e syscall=87 success=yes exit=0 a0=5aa055446f90 a1=0 a2=0 a3=5aa035d31c60 items=2 ppid=1182 pid=1517 auid=1000 uid=0 gid=0 euid=0 suid=0 fsuid=0 egid=0 sgid=0 fsgid=0 tty=pts1 ses=1 comm="vim" exe="/usr/bin/vim.basic" subj=unconfined key="T1107_File_Deletion"ARCH=x86_64 SYSCALL=unlink AUID="vboxuser" UID="root" GID="root" EUID="root" SUID="root" FSUID="root" EGID="root" SGID="root" FSGID="root"
type=PATH msg=audit(1765889486.597:2273): item=0 name="/var/www/nextcloud/config/" inode=696342 dev=08:02 mode=040755 ouid=33 ogid=33 rdev=00:00 nametype=PARENT cap_fp=0 cap_fi=0 cap_fe=0 cap_fver=0 cap_frootid=0OUID="www-data" OGID="www-data"
type=PATH msg=audit(1765889486.597:2273): item=1 name="/var/www/nextcloud/config/.config..swp" inode=706882 dev=08:02 mode=0100600 ouid=0 ogid=0 rdev=00:00 nametype=DELETE cap_fp=0 cap_fi=0 cap_fe=0 cap_fver=0 cap_frootid=0OUID="root" OGID="root"
type=PROCTITLE msg=audit(1765889486.597:2273): proctitle=76696D00636F6E6669672E
type=SYSCALL msg=audit(1765889488.398:2274): arch=c000003e syscall=59 success=yes exit=0 a0=59ff90a61d00 a1=59ff90a65590 a2=59ff909f9960 a3=59ff90a65590 items=2 ppid=1182 pid=1519 auid=1000 uid=0 gid=0 euid=0 suid=0 fsuid=0 egid=0 sgid=0 fsgid=0 tty=pts1 ses=1 comm="vim" exe="/usr/bin/vim.basic" subj=unconfined key="T1078_Valid_Accounts"ARCH=x86_64 SYSCALL=execve AUID="vboxuser" UID="root" GID="root" EUID="root" SUID="root" FSUID="root" EGID="root" SGID="root" FSGID="root"
type=EXECVE msg=audit(1765889488.398:2274): argc=2 a0="vim" a1="config.php"
type=PATH msg=audit(1765889488.398:2274): item=0 name="/usr/bin/vim" inode=1483710 dev=08:02 mode=0100755 ouid=0 ogid=0 rdev=00:00 nametype=NORMAL cap_fp=0 cap_fi=0 cap_fe=0 cap_fver=0 cap_frootid=0OUID="root" OGID="root"
type=PATH msg=audit(1765889488.398:2274): item=1 name="/lib64/ld-linux-x86-64.so.2" inode=1481429 dev=08:02 mode=0100755 ouid=0 ogid=0 rdev=00:00 nametype=NORMAL cap_fp=0 cap_fi=0 cap_fe=0 cap_fver=0 cap_frootid=0OUID="root" OGID="root"
type=PROCTITLE msg=audit(1765889488.398:2274): proctitle=76696D00636F6E6669672E706870
type=SYSCALL msg=audit(1765889488.479:2275): arch=c000003e syscall=87 success=yes exit=0 a0=6500255425f0 a1=7ffd45e7fc90 a2=5 a3=180 items=2 ppid=1182 pid=1519 auid=1000 uid=0 gid=0 euid=0 suid=0 fsuid=0 egid=0 sgid=0 fsgid=0 tty=pts1 ses=1 comm="vim" exe="/usr/bin/vim.basic" subj=unconfined key="T1107_File_Deletion"ARCH=x86_64 SYSCALL=unlink AUID="vboxuser" UID="root" GID="root" EUID="root" SUID="root" FSUID="root" EGID="root" SGID="root" FSGID="root"
type=PATH msg=audit(1765889488.479:2275): item=0 name="/var/www/nextcloud/config" inode=696342 dev=08:02 mode=040755 ouid=33 ogid=33 rdev=00:00 nametype=PARENT cap_fp=0 cap_fi=0 cap_fe=0 cap_fver=0 cap_frootid=0OUID="www-data" OGID="www-data"
type=PATH msg=audit(1765889488.479:2275): item=1 name=".config.php.swx" inode=706883 dev=08:02 mode=0100600 ouid=0 ogid=0 rdev=00:00 nametype=DELETE cap_fp=0 cap_fi=0 cap_fe=0 cap_fver=0 cap_frootid=0OUID="root" OGID="root"
type=PROCTITLE msg=audit(1765889488.479:2275): proctitle=76696D00636F6E6669672E706870
type=SYSCALL msg=audit(1765889488.479:2276): arch=c000003e syscall=87 success=yes exit=0 a0=650025a14980 a1=7ffd45e7fc90 a2=5 a3=180 items=2 ppid=1182 pid=1519 auid=1000 uid=0 gid=0 euid=0 suid=0 fsuid=0 egid=0 sgid=0 fsgid=0 tty=pts1 ses=1 comm="vim" exe="/usr/bin/vim.basic" subj=unconfined key="T1107_File_Deletion"ARCH=x86_64 SYSCALL=unlink AUID="vboxuser" UID="root" GID="root" EUID="root" SUID="root" FSUID="root" EGID="root" SGID="root" FSGID="root"
type=PATH msg=audit(1765889488.479:2276): item=0 name="/var/www/nextcloud/config" inode=696342 dev=08:02 mode=040755 ouid=33 ogid=33 rdev=00:00 nametype=PARENT cap_fp=0 cap_fi=0 cap_fe=0 cap_fver=0 cap_frootid=0OUID="www-data" OGID="www-data"
type=PATH msg=audit(1765889488.479:2276): item=1 name=".config.php.swp" inode=706882 dev=08:02 mode=0100600 ouid=0 ogid=0 rdev=00:00 nametype=DELETE cap_fp=0 cap_fi=0 cap_fe=0 cap_fver=0 cap_frootid=0OUID="root" OGID="root"
type=PROCTITLE msg=audit(1765889488.479:2276): proctitle=76696D00636F6E6669672E706870
type=SYSCALL msg=audit(1765889488.479:2277): arch=c000003e syscall=93 success=yes exit=0 a0=4 a1=ffffffff a2=21 a3=0 items=1 ppid=1182 pid=1519 auid=1000 uid=0 gid=0 euid=0 suid=0 fsuid=0 egid=0 sgid=0 fsgid=0 tty=pts1 ses=1 comm="vim" exe="/usr/bin/vim.basic" subj=unconfined key="T1166_Seuid_and_Setgid"ARCH=x86_64 SYSCALL=fchown AUID="vboxuser" UID="root" GID="root" EUID="root" SUID="root" FSUID="root" EGID="root" SGID="root" FSGID="root"
type=PATH msg=audit(1765889488.479:2277): item=0 name=(null) inode=706882 dev=08:02 mode=0100600 ouid=0 ogid=0 rdev=00:00 nametype=NORMAL cap_fp=0 cap_fi=0 cap_fe=0 cap_fver=0 cap_frootid=0OUID="root" OGID="root"
type=PROCTITLE msg=audit(1765889488.479:2277): proctitle=76696D00636F6E6669672E706870
type=SYSCALL msg=audit(1765889488.479:2278): arch=c000003e syscall=90 success=yes exit=0 a0=650025a14980 a1=1a0 a2=21 a3=0 items=1 ppid=1182 pid=1519 auid=1000 uid=0 gid=0 euid=0 suid=0 fsuid=0 egid=0 sgid=0 fsgid=0 tty=pts1 ses=1 comm="vim" exe="/usr/bin/vim.basic" subj=unconfined key="T1166_Seuid_and_Setgid"ARCH=x86_64 SYSCALL=chmod AUID="vboxuser" UID="root" GID="root" EUID="root" SUID="root" FSUID="root" EGID="root" SGID="root" FSGID="root"
type=PATH msg=audit(1765889488.479:2278): item=0 name=".config.php.swp" inode=706882 dev=08:02 mode=0100600 ouid=0 ogid=33 rdev=00:00 nametype=NORMAL cap_fp=0 cap_fi=0 cap_fe=0 cap_fver=0 cap_frootid=0OUID="root" OGID="www-data"
type=PROCTITLE msg=audit(1765889488.479:2278): proctitle=76696D00636F6E6669672E706870
type=SYSCALL msg=audit(1765889509.561:2279): arch=c000003e syscall=93 success=yes exit=0 a0=3 a1=21 a2=21 a3=81a0 items=1 ppid=1182 pid=1519 auid=1000 uid=0 gid=0 euid=0 suid=0 fsuid=0 egid=0 sgid=0 fsgid=0 tty=pts1 ses=1 comm="vim" exe="/usr/bin/vim.basic" subj=unconfined key="T1166_Seuid_and_Setgid"ARCH=x86_64 SYSCALL=fchown AUID="vboxuser" UID="root" GID="root" EUID="root" SUID="root" FSUID="root" EGID="root" SGID="root" FSGID="root"
type=PATH msg=audit(1765889509.561:2279): item=0 name=(null) inode=706883 dev=08:02 mode=0100640 ouid=0 ogid=0 rdev=00:00 nametype=NORMAL cap_fp=0 cap_fi=0 cap_fe=0 cap_fver=0 cap_frootid=0OUID="root" OGID="root"
type=PROCTITLE msg=audit(1765889509.561:2279): proctitle=76696D00636F6E6669672E706870
type=SYSCALL msg=audit(1765889509.561:2280): arch=c000003e syscall=87 success=yes exit=0 a0=650025538420 a1=0 a2=0 a3=0 items=2 ppid=1182 pid=1519 auid=1000 uid=0 gid=0 euid=0 suid=0 fsuid=0 egid=0 sgid=0 fsgid=0 tty=pts1 ses=1 comm="vim" exe="/usr/bin/vim.basic" subj=unconfined key="T1107_File_Deletion"ARCH=x86_64 SYSCALL=unlink AUID="vboxuser" UID="root" GID="root" EUID="root" SUID="root" FSUID="root" EGID="root" SGID="root" FSGID="root"
type=PATH msg=audit(1765889509.561:2280): item=0 name="/var/www/nextcloud/config" inode=696342 dev=08:02 mode=040755 ouid=33 ogid=33 rdev=00:00 nametype=PARENT cap_fp=0 cap_fi=0 cap_fe=0 cap_fver=0 cap_frootid=0OUID="www-data" OGID="www-data"
type=PATH msg=audit(1765889509.561:2280): item=1 name="4913" inode=706883 dev=08:02 mode=0100640 ouid=33 ogid=33 rdev=00:00 nametype=DELETE cap_fp=0 cap_fi=0 cap_fe=0 cap_fver=0 cap_frootid=0OUID="www-data" OGID="www-data"
type=PROCTITLE msg=audit(1765889509.561:2280): proctitle=76696D00636F6E6669672E706870
type=SYSCALL msg=audit(1765889509.561:2281): arch=c000003e syscall=87 success=no exit=-2 a0=6500258ed260 a1=6500258ed260 a2=fffffffffffffc58 a3=0 items=1 ppid=1182 pid=1519 auid=1000 uid=0 gid=0 euid=0 suid=0 fsuid=0 egid=0 sgid=0 fsgid=0 tty=pts1 ses=1 comm="vim" exe="/usr/bin/vim.basic" subj=unconfined key="T1107_File_Deletion"ARCH=x86_64 SYSCALL=unlink AUID="vboxuser" UID="root" GID="root" EUID="root" SUID="root" FSUID="root" EGID="root" SGID="root" FSGID="root"
type=PATH msg=audit(1765889509.561:2281): item=0 name="/var/www/nextcloud/config" inode=696342 dev=08:02 mode=040755 ouid=33 ogid=33 rdev=00:00 nametype=PARENT cap_fp=0 cap_fi=0 cap_fe=0 cap_fver=0 cap_frootid=0OUID="www-data" OGID="www-data"
type=PROCTITLE msg=audit(1765889509.561:2281): proctitle=76696D00636F6E6669672E706870
type=SYSCALL msg=audit(1765889509.561:2282): arch=c000003e syscall=82 success=yes exit=0 a0=6500255476c0 a1=6500258ed260 a2=fffffffffffffc58 a3=0 items=4 ppid=1182 pid=1519 auid=1000 uid=0 gid=0 euid=0 suid=0 fsuid=0 egid=0 sgid=0 fsgid=0 tty=pts1 ses=1 comm="vim" exe="/usr/bin/vim.basic" subj=unconfined key="T1107_File_Deletion"ARCH=x86_64 SYSCALL=rename AUID="vboxuser" UID="root" GID="root" EUID="root" SUID="root" FSUID="root" EGID="root" SGID="root" FSGID="root"
type=PATH msg=audit(1765889509.561:2282): item=0 name="/var/www/nextcloud/config" inode=696342 dev=08:02 mode=040755 ouid=33 ogid=33 rdev=00:00 nametype=PARENT cap_fp=0 cap_fi=0 cap_fe=0 cap_fver=0 cap_frootid=0OUID="www-data" OGID="www-data"
type=PATH msg=audit(1765889509.561:2282): item=1 name="/var/www/nextcloud/config" inode=696342 dev=08:02 mode=040755 ouid=33 ogid=33 rdev=00:00 nametype=PARENT cap_fp=0 cap_fi=0 cap_fe=0 cap_fver=0 cap_frootid=0OUID="www-data" OGID="www-data"
type=PATH msg=audit(1765889509.561:2282): item=2 name="config.php" inode=655462 dev=08:02 mode=0100640 ouid=33 ogid=33 rdev=00:00 nametype=DELETE cap_fp=0 cap_fi=0 cap_fe=0 cap_fver=0 cap_frootid=0OUID="www-data" OGID="www-data"
type=PATH msg=audit(1765889509.561:2282): item=3 name="config.phz~" inode=655462 dev=08:02 mode=0100640 ouid=33 ogid=33 rdev=00:00 nametype=CREATE cap_fp=0 cap_fi=0 cap_fe=0 cap_fver=0 cap_frootid=0OUID="www-data" OGID="www-data"
type=PROCTITLE msg=audit(1765889509.561:2282): proctitle=76696D00636F6E6669672E706870
type=SYSCALL msg=audit(1765889509.592:2283): arch=c000003e syscall=93 success=yes exit=0 a0=3 a1=21 a2=ffffffff a3=0 items=1 ppid=1182 pid=1519 auid=1000 uid=0 gid=0 euid=0 suid=0 fsuid=0 egid=0 sgid=0 fsgid=0 tty=pts1 ses=1 comm="vim" exe="/usr/bin/vim.basic" subj=unconfined key="T1166_Seuid_and_Setgid"ARCH=x86_64 SYSCALL=fchown AUID="vboxuser" UID="root" GID="root" EUID="root" SUID="root" FSUID="root" EGID="root" SGID="root" FSGID="root"
type=PATH msg=audit(1765889509.592:2283): item=0 name=(null) inode=706883 dev=08:02 mode=0100640 ouid=0 ogid=0 rdev=00:00 nametype=NORMAL cap_fp=0 cap_fi=0 cap_fe=0 cap_fver=0 cap_frootid=0OUID="root" OGID="root"
type=PROCTITLE msg=audit(1765889509.592:2283): proctitle=76696D00636F6E6669672E706870
type=SYSCALL msg=audit(1765889509.592:2284): arch=c000003e syscall=93 success=yes exit=0 a0=3 a1=ffffffff a2=21 a3=0 items=1 ppid=1182 pid=1519 auid=1000 uid=0 gid=0 euid=0 suid=0 fsuid=0 egid=0 sgid=0 fsgid=0 tty=pts1 ses=1 comm="vim" exe="/usr/bin/vim.basic" subj=unconfined key="T1166_Seuid_and_Setgid"ARCH=x86_64 SYSCALL=fchown AUID="vboxuser" UID="root" GID="root" EUID="root" SUID="root" FSUID="root" EGID="root" SGID="root" FSGID="root"
type=PATH msg=audit(1765889509.592:2284): item=0 name=(null) inode=706883 dev=08:02 mode=0100640 ouid=33 ogid=0 rdev=00:00 nametype=NORMAL cap_fp=0 cap_fi=0 cap_fe=0 cap_fver=0 cap_frootid=0OUID="www-data" OGID="root"
type=PROCTITLE msg=audit(1765889509.592:2284): proctitle=76696D00636F6E6669672E706870
type=SYSCALL msg=audit(1765889509.592:2285): arch=c000003e syscall=91 success=yes exit=0 a0=3 a1=81a0 a2=7ffd45e7f740 a3=0 items=1 ppid=1182 pid=1519 auid=1000 uid=0 gid=0 euid=0 suid=0 fsuid=0 egid=0 sgid=0 fsgid=0 tty=pts1 ses=1 comm="vim" exe="/usr/bin/vim.basic" subj=unconfined key="T1166_Seuid_and_Setgid"ARCH=x86_64 SYSCALL=fchmod AUID="vboxuser" UID="root" GID="root" EUID="root" SUID="root" FSUID="root" EGID="root" SGID="root" FSGID="root"
type=PATH msg=audit(1765889509.592:2285): item=0 name=(null) inode=706883 dev=08:02 mode=0100640 ouid=33 ogid=33 rdev=00:00 nametype=NORMAL cap_fp=0 cap_fi=0 cap_fe=0 cap_fver=0 cap_frootid=0OUID="www-data" OGID="www-data"
type=PROCTITLE msg=audit(1765889509.592:2285): proctitle=76696D00636F6E6669672E706870
type=SYSCALL msg=audit(1765889509.592:2286): arch=c000003e syscall=188 success=yes exit=0 a0=6500255476c0 a1=7ca70515e000 a2=650025a095a0 a3=1c items=1 ppid=1182 pid=1519 auid=1000 uid=0 gid=0 euid=0 suid=0 fsuid=0 egid=0 sgid=0 fsgid=0 tty=pts1 ses=1 comm="vim" exe="/usr/bin/vim.basic" subj=unconfined key="T1166_Seuid_and_Setgid"ARCH=x86_64 SYSCALL=setxattr AUID="vboxuser" UID="root" GID="root" EUID="root" SUID="root" FSUID="root" EGID="root" SGID="root" FSGID="root"
type=PATH msg=audit(1765889509.592:2286): item=0 name="config.php" inode=706883 dev=08:02 mode=0100640 ouid=33 ogid=33 rdev=00:00 nametype=NORMAL cap_fp=0 cap_fi=0 cap_fe=0 cap_fver=0 cap_frootid=0OUID="www-data" OGID="www-data"
type=PROCTITLE msg=audit(1765889509.592:2286): proctitle=76696D00636F6E6669672E706870
type=SYSCALL msg=audit(1765889509.592:2287): arch=c000003e syscall=87 success=yes exit=0 a0=6500258ed260 a1=382d6674 a2=6500070b9b7d a3=0 items=2 ppid=1182 pid=1519 auid=1000 uid=0 gid=0 euid=0 suid=0 fsuid=0 egid=0 sgid=0 fsgid=0 tty=pts1 ses=1 comm="vim" exe="/usr/bin/vim.basic" subj=unconfined key="T1107_File_Deletion"ARCH=x86_64 SYSCALL=unlink AUID="vboxuser" UID="root" GID="root" EUID="root" SUID="root" FSUID="root" EGID="root" SGID="root" FSGID="root"
type=PATH msg=audit(1765889509.592:2287): item=0 name="/var/www/nextcloud/config" inode=696342 dev=08:02 mode=040755 ouid=33 ogid=33 rdev=00:00 nametype=PARENT cap_fp=0 cap_fi=0 cap_fe=0 cap_fver=0 cap_frootid=0OUID="www-data" OGID="www-data"
type=PATH msg=audit(1765889509.592:2287): item=1 name="config.phz~" inode=655462 dev=08:02 mode=0100640 ouid=33 ogid=33 rdev=00:00 nametype=DELETE cap_fp=0 cap_fi=0 cap_fe=0 cap_fver=0 cap_frootid=0OUID="www-data" OGID="www-data"
type=PROCTITLE msg=audit(1765889509.592:2287): proctitle=76696D00636F6E6669672E706870
type=SYSCALL msg=audit(1765889509.593:2288): arch=c000003e syscall=87 success=yes exit=0 a0=650025a09600 a1=650025a09600 a2=7ffd45e7eb20 a3=0 items=2 ppid=1182 pid=1519 auid=1000 uid=0 gid=0 euid=0 suid=0 fsuid=0 egid=0 sgid=0 fsgid=0 tty=pts1 ses=1 comm="vim" exe="/usr/bin/vim.basic" subj=unconfined key="T1107_File_Deletion"ARCH=x86_64 SYSCALL=unlink AUID="vboxuser" UID="root" GID="root" EUID="root" SUID="root" FSUID="root" EGID="root" SGID="root" FSGID="root"
type=PATH msg=audit(1765889509.593:2288): item=0 name="/root/" inode=1048578 dev=08:02 mode=040700 ouid=0 ogid=0 rdev=00:00 nametype=PARENT cap_fp=0 cap_fi=0 cap_fe=0 cap_fver=0 cap_frootid=0OUID="root" OGID="root"
type=PATH msg=audit(1765889509.593:2288): item=1 name="/root/.viminfo" inode=1049747 dev=08:02 mode=0100600 ouid=0 ogid=0 rdev=00:00 nametype=DELETE cap_fp=0 cap_fi=0 cap_fe=0 cap_fver=0 cap_frootid=0OUID="root" OGID="root"
type=PROCTITLE msg=audit(1765889509.593:2288): proctitle=76696D00636F6E6669672E706870
type=SYSCALL msg=audit(1765889509.593:2289): arch=c000003e syscall=82 success=yes exit=0 a0=650025a151a0 a1=650025a09600 a2=7ffd45e7eb20 a3=0 items=4 ppid=1182 pid=1519 auid=1000 uid=0 gid=0 euid=0 suid=0 fsuid=0 egid=0 sgid=0 fsgid=0 tty=pts1 ses=1 comm="vim" exe="/usr/bin/vim.basic" subj=unconfined key="T1107_File_Deletion"ARCH=x86_64 SYSCALL=rename AUID="vboxuser" UID="root" GID="root" EUID="root" SUID="root" FSUID="root" EGID="root" SGID="root" FSGID="root"
type=PATH msg=audit(1765889509.593:2289): item=0 name="/root/" inode=1048578 dev=08:02 mode=040700 ouid=0 ogid=0 rdev=00:00 nametype=PARENT cap_fp=0 cap_fi=0 cap_fe=0 cap_fver=0 cap_frootid=0OUID="root" OGID="root"
type=PATH msg=audit(1765889509.593:2289): item=1 name="/root/" inode=1048578 dev=08:02 mode=040700 ouid=0 ogid=0 rdev=00:00 nametype=PARENT cap_fp=0 cap_fi=0 cap_fe=0 cap_fver=0 cap_frootid=0OUID="root" OGID="root"
type=PATH msg=audit(1765889509.593:2289): item=2 name="/root/.viminfo.tmp" inode=1051118 dev=08:02 mode=0100600 ouid=0 ogid=0 rdev=00:00 nametype=DELETE cap_fp=0 cap_fi=0 cap_fe=0 cap_fver=0 cap_frootid=0OUID="root" OGID="root"
type=PATH msg=audit(1765889509.593:2289): item=3 name="/root/.viminfo" inode=1051118 dev=08:02 mode=0100600 ouid=0 ogid=0 rdev=00:00 nametype=CREATE cap_fp=0 cap_fi=0 cap_fe=0 cap_fver=0 cap_frootid=0OUID="root" OGID="root"
type=PROCTITLE msg=audit(1765889509.593:2289): proctitle=76696D00636F6E6669672E706870
type=SYSCALL msg=audit(1765889509.594:2290): arch=c000003e syscall=87 success=yes exit=0 a0=650025a149c0 a1=0 a2=0 a3=650007162c60 items=2 ppid=1182 pid=1519 auid=1000 uid=0 gid=0 euid=0 suid=0 fsuid=0 egid=0 sgid=0 fsgid=0 tty=pts1 ses=1 comm="vim" exe="/usr/bin/vim.basic" subj=unconfined key="T1107_File_Deletion"ARCH=x86_64 SYSCALL=unlink AUID="vboxuser" UID="root" GID="root" EUID="root" SUID="root" FSUID="root" EGID="root" SGID="root" FSGID="root"
type=PATH msg=audit(1765889509.594:2290): item=0 name="/var/www/nextcloud/config/" inode=696342 dev=08:02 mode=040755 ouid=33 ogid=33 rdev=00:00 nametype=PARENT cap_fp=0 cap_fi=0 cap_fe=0 cap_fver=0 cap_frootid=0OUID="www-data" OGID="www-data"
type=PATH msg=audit(1765889509.594:2290): item=1 name="/var/www/nextcloud/config/.config.php.swp" inode=706882 dev=08:02 mode=0100640 ouid=0 ogid=33 rdev=00:00 nametype=DELETE cap_fp=0 cap_fi=0 cap_fe=0 cap_fver=0 cap_frootid=0OUID="root" OGID="www-data"
type=PROCTITLE msg=audit(1765889509.594:2290): proctitle=76696D00636F6E6669672E706870
type=SYSCALL msg=audit(1765889514.146:2291): arch=c000003e syscall=42 success=yes exit=0 a0=d a1=7ffccd6b7480 a2=1d a3=1 items=1 ppid=886 pid=1392 auid=4294967295 uid=33 gid=33 euid=33 suid=33 fsuid=33 egid=33 sgid=33 fsgid=33 tty=(none) ses=4294967295 comm="apache2" exe="/usr/sbin/apache2" subj=unconfined key="T1043_Commonly_Used_Port"ARCH=x86_64 SYSCALL=connect AUID="unset" UID="www-data" GID="www-data" EUID="www-data" SUID="www-data" FSUID="www-data" EGID="www-data" SGID="www-data" FSGID="www-data"
type=SOCKADDR msg=audit(1765889514.146:2291): saddr=01002F7661722F72756E2F6D7973716C642F6D7973716C642E736F636BSADDR={ saddr_fam=local path=/var/run/mysqld/mysqld.sock }
type=PATH msg=audit(1765889514.146:2291): item=0 name="/var/run/mysqld/mysqld.sock" inode=1342 dev=00:18 mode=0140777 ouid=111 ogid=111 rdev=00:00 nametype=NORMAL cap_fp=0 cap_fi=0 cap_fe=0 cap_fver=0 cap_frootid=0OUID="mysql" OGID="mysql"
type=PROCTITLE msg=audit(1765889514.146:2291): proctitle=2F7573722F7362696E2F61706163686532002D6B007374617274
type=SYSCALL msg=audit(1765889514.524:2292): arch=c000003e syscall=42 success=yes exit=0 a0=d a1=7ffccd6b7480 a2=1d a3=1 items=1 ppid=886 pid=1392 auid=4294967295 uid=33 gid=33 euid=33 suid=33 fsuid=33 egid=33 sgid=33 fsgid=33 tty=(none) ses=4294967295 comm="apache2" exe="/usr/sbin/apache2" subj=unconfined key="T1043_Commonly_Used_Port"ARCH=x86_64 SYSCALL=connect AUID="unset" UID="www-data" GID="www-data" EUID="www-data" SUID="www-data" FSUID="www-data" EGID="www-data" SGID="www-data" FSGID="www-data"
type=SOCKADDR msg=audit(1765889514.524:2292): saddr=01002F7661722F72756E2F6D7973716C642F6D7973716C642E736F636BSADDR={ saddr_fam=local path=/var/run/mysqld/mysqld.sock }
type=PATH msg=audit(1765889514.524:2292): item=0 name="/var/run/mysqld/mysqld.sock" inode=1342 dev=00:18 mode=0140777 ouid=111 ogid=111 rdev=00:00 nametype=NORMAL cap_fp=0 cap_fi=0 cap_fe=0 cap_fver=0 cap_frootid=0OUID="mysql" OGID="mysql"
type=PROCTITLE msg=audit(1765889514.524:2292): proctitle=2F7573722F7362696E2F61706163686532002D6B007374617274
type=SYSCALL msg=audit(1765889514.768:2293): arch=c000003e syscall=42 success=yes exit=0 a0=d a1=7ffccd6b7480 a2=1d a3=1 items=1 ppid=886 pid=1392 auid=4294967295 uid=33 gid=33 euid=33 suid=33 fsuid=33 egid=33 sgid=33 fsgid=33 tty=(none) ses=4294967295 comm="apache2" exe="/usr/sbin/apache2" subj=unconfined key="T1043_Commonly_Used_Port"ARCH=x86_64 SYSCALL=connect AUID="unset" UID="www-data" GID="www-data" EUID="www-data" SUID="www-data" FSUID="www-data" EGID="www-data" SGID="www-data" FSGID="www-data"
type=SOCKADDR msg=audit(1765889514.768:2293): saddr=01002F7661722F72756E2F6D7973716C642F6D7973716C642E736F636BSADDR={ saddr_fam=local path=/var/run/mysqld/mysqld.sock }
type=PATH msg=audit(1765889514.768:2293): item=0 name="/var/run/mysqld/mysqld.sock" inode=1342 dev=00:18 mode=0140777 ouid=111 ogid=111 rdev=00:00 nametype=NORMAL cap_fp=0 cap_fi=0 cap_fe=0 cap_fver=0 cap_frootid=0OUID="mysql" OGID="mysql"
type=PROCTITLE msg=audit(1765889514.768:2293): proctitle=2F7573722F7362696E2F61706163686532002D6B007374617274
type=SYSCALL msg=audit(1765889514.776:2294): arch=c000003e syscall=42 success=yes exit=0 a0=d a1=7ffccd6b7480 a2=1d a3=1 items=1 ppid=886 pid=1395 auid=4294967295 uid=33 gid=33 euid=33 suid=33 fsuid=33 egid=33 sgid=33 fsgid=33 tty=(none) ses=4294967295 comm="apache2" exe="/usr/sbin/apache2" subj=unconfined key="T1043_Commonly_Used_Port"ARCH=x86_64 SYSCALL=connect AUID="unset" UID="www-data" GID="www-data" EUID="www-data" SUID="www-data" FSUID="www-data" EGID="www-data" SGID="www-data" FSGID="www-data"
type=SYSCALL msg=audit(1765889514.783:2295): arch=c000003e syscall=42 success=yes exit=0 a0=d a1=7ffccd6b7480 a2=1d a3=1 items=1 ppid=886 pid=1394 auid=4294967295 uid=33 gid=33 euid=33 suid=33 fsuid=33 egid=33 sgid=33 fsgid=33 tty=(none) ses=4294967295 comm="apache2" exe="/usr/sbin/apache2" subj=unconfined key="T1043_Commonly_Used_Port"ARCH=x86_64 SYSCALL=connect AUID="unset" UID="www-data" GID="www-data" EUID="www-data" SUID="www-data" FSUID="www-data" EGID="www-data" SGID="www-data" FSGID="www-data"
type=SOCKADDR msg=audit(1765889514.783:2295): saddr=01002F7661722F72756E2F6D7973716C642F6D7973716C642E736F636BSADDR={ saddr_fam=local path=/var/run/mysqld/mysqld.sock }
type=PATH msg=audit(1765889514.783:2295): item=0 name="/var/run/mysqld/mysqld.sock" inode=1342 dev=00:18 mode=0140777 ouid=111 ogid=111 rdev=00:00 nametype=NORMAL cap_fp=0 cap_fi=0 cap_fe=0 cap_fver=0 cap_frootid=0OUID="mysql" OGID="mysql"
type=PROCTITLE msg=audit(1765889514.783:2295): proctitle=2F7573722F7362696E2F61706163686532002D6B007374617274
type=SYSCALL msg=audit(1765889514.785:2296): arch=c000003e syscall=42 success=yes exit=0 a0=d a1=7ffccd6b7480 a2=1d a3=1 items=1 ppid=886 pid=1391 auid=4294967295 uid=33 gid=33 euid=33 suid=33 fsuid=33 egid=33 sgid=33 fsgid=33 tty=(none) ses=4294967295 comm="apache2" exe="/usr/sbin/apache2" subj=unconfined key="T1043_Commonly_Used_Port"ARCH=x86_64 SYSCALL=connect AUID="unset" UID="www-data" GID="www-data" EUID="www-data" SUID="www-data" FSUID="www-data" EGID="www-data" SGID="www-data" FSGID="www-data"
type=SOCKADDR msg=audit(1765889514.785:2296): saddr=01002F7661722F72756E2F6D7973716C642F6D7973716C642E736F636BSADDR={ saddr_fam=local path=/var/run/mysqld/mysqld.sock }
type=PATH msg=audit(1765889514.785:2296): item=0 name="/var/run/mysqld/mysqld.sock" inode=1342 dev=00:18 mode=0140777 ouid=111 ogid=111 rdev=00:00 nametype=NORMAL cap_fp=0 cap_fi=0 cap_fe=0 cap_fver=0 cap_frootid=0OUID="mysql" OGID="mysql"
type=PROCTITLE msg=audit(1765889514.785:2296): proctitle=2F7573722F7362696E2F61706163686532002D6B007374617274
type=SYSCALL msg=audit(1765889514.776:2297): arch=c000003e syscall=42 success=yes exit=0 a0=d a1=7ffccd6b7480 a2=1d a3=1 items=1 ppid=886 pid=1484 auid=4294967295 uid=33 gid=33 euid=33 suid=33 fsuid=33 egid=33 sgid=33 fsgid=33 tty=(none) ses=4294967295 comm="apache2" exe="/usr/sbin/apache2" subj=unconfined key="T1043_Commonly_Used_Port"ARCH=x86_64 SYSCALL=connect AUID="unset" UID="www-data" GID="www-data" EUID="www-data" SUID="www-data" FSUID="www-data" EGID="www-data" SGID="www-data" FSGID="www-data"
type=SOCKADDR msg=audit(1765889514.776:2294): saddr=01002F7661722F72756E2F6D7973716C642F6D7973716C642E736F636BSADDR={ saddr_fam=local path=/var/run/mysqld/mysqld.sock }
type=PATH msg=audit(1765889514.776:2294): item=0 name="/var/run/mysqld/mysqld.sock" inode=1342 dev=00:18 mode=0140777 ouid=111 ogid=111 rdev=00:00 nametype=NORMAL cap_fp=0 cap_fi=0 cap_fe=0 cap_fver=0 cap_frootid=0OUID="mysql" OGID="mysql"
type=PROCTITLE msg=audit(1765889514.776:2294): proctitle=2F7573722F7362696E2F61706163686532002D6B007374617274
type=SOCKADDR msg=audit(1765889514.776:2297): saddr=01002F7661722F72756E2F6D7973716C642F6D7973716C642E736F636BSADDR={ saddr_fam=local path=/var/run/mysqld/mysqld.sock }
type=PATH msg=audit(1765889514.776:2297): item=0 name="/var/run/mysqld/mysqld.sock" inode=1342 dev=00:18 mode=0140777 ouid=111 ogid=111 rdev=00:00 nametype=NORMAL cap_fp=0 cap_fi=0 cap_fe=0 cap_fver=0 cap_frootid=0OUID="mysql" OGID="mysql"
type=PROCTITLE msg=audit(1765889514.776:2297): proctitle=2F7573722F7362696E2F61706163686532002D6B007374617274
type=SYSCALL msg=audit(1765889514.812:2298): arch=c000003e syscall=42 success=yes exit=0 a0=d a1=7ffccd6b7480 a2=1d a3=1 items=1 ppid=886 pid=1393 auid=4294967295 uid=33 gid=33 euid=33 suid=33 fsuid=33 egid=33 sgid=33 fsgid=33 tty=(none) ses=4294967295 comm="apache2" exe="/usr/sbin/apache2" subj=unconfined key="T1043_Commonly_Used_Port"ARCH=x86_64 SYSCALL=connect AUID="unset" UID="www-data" GID="www-data" EUID="www-data" SUID="www-data" FSUID="www-data" EGID="www-data" SGID="www-data" FSGID="www-data"
type=SOCKADDR msg=audit(1765889514.812:2298): saddr=01002F7661722F72756E2F6D7973716C642F6D7973716C642E736F636BSADDR={ saddr_fam=local path=/var/run/mysqld/mysqld.sock }
type=PATH msg=audit(1765889514.812:2298): item=0 name="/var/run/mysqld/mysqld.sock" inode=1342 dev=00:18 mode=0140777 ouid=111 ogid=111 rdev=00:00 nametype=NORMAL cap_fp=0 cap_fi=0 cap_fe=0 cap_fver=0 cap_frootid=0OUID="mysql" OGID="mysql"
type=PROCTITLE msg=audit(1765889514.812:2298): proctitle=2F7573722F7362696E2F61706163686532002D6B007374617274
type=SYSCALL msg=audit(1765889514.891:2299): arch=c000003e syscall=42 success=yes exit=0 a0=d a1=7ffccd6b7480 a2=1d a3=1 items=1 ppid=886 pid=1392 auid=4294967295 uid=33 gid=33 euid=33 suid=33 fsuid=33 egid=33 sgid=33 fsgid=33 tty=(none) ses=4294967295 comm="apache2" exe="/usr/sbin/apache2" subj=unconfined key="T1043_Commonly_Used_Port"ARCH=x86_64 SYSCALL=connect AUID="unset" UID="www-data" GID="www-data" EUID="www-data" SUID="www-data" FSUID="www-data" EGID="www-data" SGID="www-data" FSGID="www-data"
type=SOCKADDR msg=audit(1765889514.891:2299): saddr=01002F7661722F72756E2F6D7973716C642F6D7973716C642E736F636BSADDR={ saddr_fam=local path=/var/run/mysqld/mysqld.sock }
type=PATH msg=audit(1765889514.891:2299): item=0 name="/var/run/mysqld/mysqld.sock" inode=1342 dev=00:18 mode=0140777 ouid=111 ogid=111 rdev=00:00 nametype=NORMAL cap_fp=0 cap_fi=0 cap_fe=0 cap_fver=0 cap_frootid=0OUID="mysql" OGID="mysql"
type=PROCTITLE msg=audit(1765889514.891:2299): proctitle=2F7573722F7362696E2F61706163686532002D6B007374617274
type=SYSCALL msg=audit(1765889514.903:2300): arch=c000003e syscall=106 success=yes exit=0 a0=21 a1=78b8f63e74a0 a2=0 a3=22 items=0 ppid=886 pid=1526 auid=4294967295 uid=0 gid=33 euid=0 suid=0 fsuid=0 egid=33 sgid=33 fsgid=33 tty=(none) ses=4294967295 comm="apache2" exe="/usr/sbin/apache2" subj=unconfined key="T1166_Seuid_and_Setgid"ARCH=x86_64 SYSCALL=setgid AUID="unset" UID="root" GID="www-data" EUID="root" SUID="root" FSUID="root" EGID="www-data" SGID="www-data" FSGID="www-data"
type=PROCTITLE msg=audit(1765889514.903:2300): proctitle=2F7573722F7362696E2F61706163686532002D6B007374617274
type=SYSCALL msg=audit(1765889514.903:2301): arch=c000003e syscall=42 success=yes exit=0 a0=c a1=7ffccd6ba950 a2=2d a3=573a3f74c310 items=1 ppid=886 pid=1526 auid=4294967295 uid=0 gid=33 euid=0 suid=0 fsuid=0 egid=33 sgid=33 fsgid=33 tty=(none) ses=4294967295 comm="apache2" exe="/usr/sbin/apache2" subj=unconfined key="T1043_Commonly_Used_Port"ARCH=x86_64 SYSCALL=connect AUID="unset" UID="root" GID="www-data" EUID="root" SUID="root" FSUID="root" EGID="www-data" SGID="www-data" FSGID="www-data"
type=SOCKADDR msg=audit(1765889514.903:2301): saddr=01002F72756E2F73797374656D642F7573657264622F696F2E73797374656D642E44796E616D69635573657200SADDR={ saddr_fam=local path=/run/systemd/userdb/io.systemd.DynamicUser }
type=PATH msg=audit(1765889514.903:2301): item=0 name="/run/systemd/userdb/io.systemd.DynamicUser" inode=441 dev=00:18 mode=0140666 ouid=0 ogid=0 rdev=00:00 nametype=NORMAL cap_fp=0 cap_fi=0 cap_fe=0 cap_fver=0 cap_frootid=0OUID="root" OGID="root"
type=PROCTITLE msg=audit(1765889514.903:2301): proctitle=2F7573722F7362696E2F61706163686532002D6B007374617274
type=SYSCALL msg=audit(1765889514.935:2302): arch=c000003e syscall=105 success=yes exit=0 a0=21 a1=573a3f5c3ec0 a2=573f4cd73c13 a3=573a3f5c3ed0 items=0 ppid=886 pid=1526 auid=4294967295 uid=33 gid=33 euid=33 suid=33 fsuid=33 egid=33 sgid=33 fsgid=33 tty=(none) ses=4294967295 comm="apache2" exe="/usr/sbin/apache2" subj=unconfined key="T1166_Seuid_and_Setgid"ARCH=x86_64 SYSCALL=setuid AUID="unset" UID="www-data" GID="www-data" EUID="www-data" SUID="www-data" FSUID="www-data" EGID="www-data" SGID="www-data" FSGID="www-data"
type=PROCTITLE msg=audit(1765889514.935:2302): proctitle=2F7573722F7362696E2F61706163686532002D6B007374617274
type=SYSCALL msg=audit(1765889514.996:2303): arch=c000003e syscall=42 success=yes exit=0 a0=d a1=7ffccd6b7480 a2=1d a3=1 items=1 ppid=886 pid=1393 auid=4294967295 uid=33 gid=33 euid=33 suid=33 fsuid=33 egid=33 sgid=33 fsgid=33 tty=(none) ses=4294967295 comm="apache2" exe="/usr/sbin/apache2" subj=unconfined key="T1043_Commonly_Used_Port"ARCH=x86_64 SYSCALL=connect AUID="unset" UID="www-data" GID="www-data" EUID="www-data" SUID="www-data" FSUID="www-data" EGID="www-data" SGID="www-data" FSGID="www-data"
type=SOCKADDR msg=audit(1765889514.996:2303): saddr=01002F7661722F72756E2F6D7973716C642F6D7973716C642E736F636BSADDR={ saddr_fam=local path=/var/run/mysqld/mysqld.sock }
type=PATH msg=audit(1765889514.996:2303): item=0 name="/var/run/mysqld/mysqld.sock" inode=1342 dev=00:18 mode=0140777 ouid=111 ogid=111 rdev=00:00 nametype=NORMAL cap_fp=0 cap_fi=0 cap_fe=0 cap_fver=0 cap_frootid=0OUID="mysql" OGID="mysql"
type=PROCTITLE msg=audit(1765889514.996:2303): proctitle=2F7573722F7362696E2F61706163686532002D6B007374617274
type=SYSCALL msg=audit(1765889514.997:2304): arch=c000003e syscall=42 success=yes exit=0 a0=d a1=7ffccd6b7480 a2=1d a3=1 items=1 ppid=886 pid=1391 auid=4294967295 uid=33 gid=33 euid=33 suid=33 fsuid=33 egid=33 sgid=33 fsgid=33 tty=(none) ses=4294967295 comm="apache2" exe="/usr/sbin/apache2" subj=unconfined key="T1043_Commonly_Used_Port"ARCH=x86_64 SYSCALL=connect AUID="unset" UID="www-data" GID="www-data" EUID="www-data" SUID="www-data" FSUID="www-data" EGID="www-data" SGID="www-data" FSGID="www-data"
type=SOCKADDR msg=audit(1765889514.997:2304): saddr=01002F7661722F72756E2F6D7973716C642F6D7973716C642E736F636BSADDR={ saddr_fam=local path=/var/run/mysqld/mysqld.sock }
type=PATH msg=audit(1765889514.997:2304): item=0 name="/var/run/mysqld/mysqld.sock" inode=1342 dev=00:18 mode=0140777 ouid=111 ogid=111 rdev=00:00 nametype=NORMAL cap_fp=0 cap_fi=0 cap_fe=0 cap_fver=0 cap_frootid=0OUID="mysql" OGID="mysql"
type=PROCTITLE msg=audit(1765889514.997:2304): proctitle=2F7573722F7362696E2F61706163686532002D6B007374617274
type=SYSCALL msg=audit(1765889515.004:2305): arch=c000003e syscall=42 success=yes exit=0 a0=d a1=7ffccd6b7480 a2=1d a3=1 items=1 ppid=886 pid=1395 auid=4294967295 uid=33 gid=33 euid=33 suid=33 fsuid=33 egid=33 sgid=33 fsgid=33 tty=(none) ses=4294967295 comm="apache2" exe="/usr/sbin/apache2" subj=unconfined key="T1043_Commonly_Used_Port"ARCH=x86_64 SYSCALL=connect AUID="unset" UID="www-data" GID="www-data" EUID="www-data" SUID="www-data" FSUID="www-data" EGID="www-data" SGID="www-data" FSGID="www-data"
type=SOCKADDR msg=audit(1765889515.004:2305): saddr=01002F7661722F72756E2F6D7973716C642F6D7973716C642E736F636BSADDR={ saddr_fam=local path=/var/run/mysqld/mysqld.sock }
type=PATH msg=audit(1765889515.004:2305): item=0 name="/var/run/mysqld/mysqld.sock" inode=1342 dev=00:18 mode=0140777 ouid=111 ogid=111 rdev=00:00 nametype=NORMAL cap_fp=0 cap_fi=0 cap_fe=0 cap_fver=0 cap_frootid=0OUID="mysql" OGID="mysql"
type=PROCTITLE msg=audit(1765889515.004:2305): proctitle=2F7573722F7362696E2F61706163686532002D6B007374617274
type=SYSCALL msg=audit(1765889515.909:2306): arch=c000003e syscall=106 success=yes exit=0 a0=21 a1=78b8f63e74a0 a2=0 a3=22 items=0 ppid=886 pid=1527 auid=4294967295 uid=0 gid=33 euid=0 suid=0 fsuid=0 egid=33 sgid=33 fsgid=33 tty=(none) ses=4294967295 comm="apache2" exe="/usr/sbin/apache2" subj=unconfined key="T1166_Seuid_and_Setgid"ARCH=x86_64 SYSCALL=setgid AUID="unset" UID="root" GID="www-data" EUID="root" SUID="root" FSUID="root" EGID="www-data" SGID="www-data" FSGID="www-data"
type=PROCTITLE msg=audit(1765889515.909:2306): proctitle=2F7573722F7362696E2F61706163686532002D6B007374617274
type=SYSCALL msg=audit(1765889515.910:2307): arch=c000003e syscall=42 success=yes exit=0 a0=c a1=7ffccd6ba950 a2=2d a3=573a3f74c310 items=1 ppid=886 pid=1527 auid=4294967295 uid=0 gid=33 euid=0 suid=0 fsuid=0 egid=33 sgid=33 fsgid=33 tty=(none) ses=4294967295 comm="apache2" exe="/usr/sbin/apache2" subj=unconfined key="T1043_Commonly_Used_Port"ARCH=x86_64 SYSCALL=connect AUID="unset" UID="root" GID="www-data" EUID="root" SUID="root" FSUID="root" EGID="www-data" SGID="www-data" FSGID="www-data"
type=SOCKADDR msg=audit(1765889515.910:2307): saddr=01002F72756E2F73797374656D642F7573657264622F696F2E73797374656D642E44796E616D69635573657200SADDR={ saddr_fam=local path=/run/systemd/userdb/io.systemd.DynamicUser }
type=PATH msg=audit(1765889515.910:2307): item=0 name="/run/systemd/userdb/io.systemd.DynamicUser" inode=441 dev=00:18 mode=0140666 ouid=0 ogid=0 rdev=00:00 nametype=NORMAL cap_fp=0 cap_fi=0 cap_fe=0 cap_fver=0 cap_frootid=0OUID="root" OGID="root"
type=PROCTITLE msg=audit(1765889515.910:2307): proctitle=2F7573722F7362696E2F61706163686532002D6B007374617274
type=SYSCALL msg=audit(1765889515.911:2308): arch=c000003e syscall=105 success=yes exit=0 a0=21 a1=573a3f5c3ec0 a2=573f4cd73c13 a3=573a3f5c3ed0 items=0 ppid=886 pid=1527 auid=4294967295 uid=33 gid=33 euid=33 suid=33 fsuid=33 egid=33 sgid=33 fsgid=33 tty=(none) ses=4294967295 comm="apache2" exe="/usr/sbin/apache2" subj=unconfined key="T1166_Seuid_and_Setgid"ARCH=x86_64 SYSCALL=setuid AUID="unset" UID="www-data" GID="www-data" EUID="www-data" SUID="www-data" FSUID="www-data" EGID="www-data" SGID="www-data" FSGID="www-data"
type=PROCTITLE msg=audit(1765889515.911:2308): proctitle=2F7573722F7362696E2F61706163686532002D6B007374617274
type=SYSCALL msg=audit(1765889516.912:2309): arch=c000003e syscall=106 success=yes exit=0 a0=21 a1=78b8f63e74a0 a2=0 a3=22 items=0 ppid=886 pid=1528 auid=4294967295 uid=0 gid=33 euid=0 suid=0 fsuid=0 egid=33 sgid=33 fsgid=33 tty=(none) ses=4294967295 comm="apache2" exe="/usr/sbin/apache2" subj=unconfined key="T1166_Seuid_and_Setgid"ARCH=x86_64 SYSCALL=setgid AUID="unset" UID="root" GID="www-data" EUID="root" SUID="root" FSUID="root" EGID="www-data" SGID="www-data" FSGID="www-data"
type=PROCTITLE msg=audit(1765889516.912:2309): proctitle=2F7573722F7362696E2F61706163686532002D6B007374617274
type=SYSCALL msg=audit(1765889516.915:2310): arch=c000003e syscall=42 success=yes exit=0 a0=c a1=7ffccd6ba950 a2=2d a3=573a3f74c310 items=1 ppid=886 pid=1528 auid=4294967295 uid=0 gid=33 euid=0 suid=0 fsuid=0 egid=33 sgid=33 fsgid=33 tty=(none) ses=4294967295 comm="apache2" exe="/usr/sbin/apache2" subj=unconfined key="T1043_Commonly_Used_Port"ARCH=x86_64 SYSCALL=connect AUID="unset" UID="root" GID="www-data" EUID="root" SUID="root" FSUID="root" EGID="www-data" SGID="www-data" FSGID="www-data"
type=SOCKADDR msg=audit(1765889516.915:2310): saddr=01002F72756E2F73797374656D642F7573657264622F696F2E73797374656D642E44796E616D69635573657200SADDR={ saddr_fam=local path=/run/systemd/userdb/io.systemd.DynamicUser }
type=PATH msg=audit(1765889516.915:2310): item=0 name="/run/systemd/userdb/io.systemd.DynamicUser" inode=441 dev=00:18 mode=0140666 ouid=0 ogid=0 rdev=00:00 nametype=NORMAL cap_fp=0 cap_fi=0 cap_fe=0 cap_fver=0 cap_frootid=0OUID="root" OGID="root"
type=PROCTITLE msg=audit(1765889516.915:2310): proctitle=2F7573722F7362696E2F61706163686532002D6B007374617274
type=SYSCALL msg=audit(1765889516.916:2311): arch=c000003e syscall=105 success=yes exit=0 a0=21 a1=573a3f5c3ec0 a2=573f4cd73c13 a3=573a3f5c3ed0 items=0 ppid=886 pid=1528 auid=4294967295 uid=33 gid=33 euid=33 suid=33 fsuid=33 egid=33 sgid=33 fsgid=33 tty=(none) ses=4294967295 comm="apache2" exe="/usr/sbin/apache2" subj=unconfined key="T1166_Seuid_and_Setgid"ARCH=x86_64 SYSCALL=setuid AUID="unset" UID="www-data" GID="www-data" EUID="www-data" SUID="www-data" FSUID="www-data" EGID="www-data" SGID="www-data" FSGID="www-data"
type=PROCTITLE msg=audit(1765889516.916:2311): proctitle=2F7573722F7362696E2F61706163686532002D6B007374617274
type=SYSCALL msg=audit(1765889517.915:2312): arch=c000003e syscall=106 success=yes exit=0 a0=21 a1=78b8f63e74a0 a2=0 a3=22 items=0 ppid=886 pid=1529 auid=4294967295 uid=0 gid=33 euid=0 suid=0 fsuid=0 egid=33 sgid=33 fsgid=33 tty=(none) ses=4294967295 comm="apache2" exe="/usr/sbin/apache2" subj=unconfined key="T1166_Seuid_and_Setgid"ARCH=x86_64 SYSCALL=setgid AUID="unset" UID="root" GID="www-data" EUID="root" SUID="root" FSUID="root" EGID="www-data" SGID="www-data" FSGID="www-data"
type=PROCTITLE msg=audit(1765889517.915:2312): proctitle=2F7573722F7362696E2F61706163686532002D6B007374617274
type=SYSCALL msg=audit(1765889517.918:2313): arch=c000003e syscall=42 success=yes exit=0 a0=c a1=7ffccd6ba950 a2=2d a3=573a3f74c310 items=1 ppid=886 pid=1529 auid=4294967295 uid=0 gid=33 euid=0 suid=0 fsuid=0 egid=33 sgid=33 fsgid=33 tty=(none) ses=4294967295 comm="apache2" exe="/usr/sbin/apache2" subj=unconfined key="T1043_Commonly_Used_Port"ARCH=x86_64 SYSCALL=connect AUID="unset" UID="root" GID="www-data" EUID="root" SUID="root" FSUID="root" EGID="www-data" SGID="www-data" FSGID="www-data"
type=SOCKADDR msg=audit(1765889517.918:2313): saddr=01002F72756E2F73797374656D642F7573657264622F696F2E73797374656D642E44796E616D69635573657200SADDR={ saddr_fam=local path=/run/systemd/userdb/io.systemd.DynamicUser }
type=PATH msg=audit(1765889517.918:2313): item=0 name="/run/systemd/userdb/io.systemd.DynamicUser" inode=441 dev=00:18 mode=0140666 ouid=0 ogid=0 rdev=00:00 nametype=NORMAL cap_fp=0 cap_fi=0 cap_fe=0 cap_fver=0 cap_frootid=0OUID="root" OGID="root"
type=PROCTITLE msg=audit(1765889517.918:2313): proctitle=2F7573722F7362696E2F61706163686532002D6B007374617274
type=SYSCALL msg=audit(1765889517.920:2314): arch=c000003e syscall=105 success=yes exit=0 a0=21 a1=573a3f5c3ec0 a2=573f4cd73c13 a3=573a3f5c3ed0 items=0 ppid=886 pid=1529 auid=4294967295 uid=33 gid=33 euid=33 suid=33 fsuid=33 egid=33 sgid=33 fsgid=33 tty=(none) ses=4294967295 comm="apache2" exe="/usr/sbin/apache2" subj=unconfined key="T1166_Seuid_and_Setgid"ARCH=x86_64 SYSCALL=setuid AUID="unset" UID="www-data" GID="www-data" EUID="www-data" SUID="www-data" FSUID="www-data" EGID="www-data" SGID="www-data" FSGID="www-data"
type=PROCTITLE msg=audit(1765889517.920:2314): proctitle=2F7573722F7362696E2F61706163686532002D6B007374617274
type=SYSCALL msg=audit(1765889518.901:2315): arch=c000003e syscall=42 success=yes exit=0 a0=d a1=7ffccd6b7480 a2=1d a3=1 items=1 ppid=886 pid=1392 auid=4294967295 uid=33 gid=33 euid=33 suid=33 fsuid=33 egid=33 sgid=33 fsgid=33 tty=(none) ses=4294967295 comm="apache2" exe="/usr/sbin/apache2" subj=unconfined key="T1043_Commonly_Used_Port"ARCH=x86_64 SYSCALL=connect AUID="unset" UID="www-data" GID="www-data" EUID="www-data" SUID="www-data" FSUID="www-data" EGID="www-data" SGID="www-data" FSGID="www-data"
type=SOCKADDR msg=audit(1765889518.901:2315): saddr=01002F7661722F72756E2F6D7973716C642F6D7973716C642E736F636BSADDR={ saddr_fam=local path=/var/run/mysqld/mysqld.sock }
type=PATH msg=audit(1765889518.901:2315): item=0 name="/var/run/mysqld/mysqld.sock" inode=1342 dev=00:18 mode=0140777 ouid=111 ogid=111 rdev=00:00 nametype=NORMAL cap_fp=0 cap_fi=0 cap_fe=0 cap_fver=0 cap_frootid=0OUID="mysql" OGID="mysql"
type=PROCTITLE msg=audit(1765889518.901:2315): proctitle=2F7573722F7362696E2F61706163686532002D6B007374617274
type=SYSCALL msg=audit(1765889518.951:2316): arch=c000003e syscall=106 success=yes exit=0 a0=21 a1=78b8f63e74a0 a2=0 a3=22 items=0 ppid=886 pid=1530 auid=4294967295 uid=0 gid=33 euid=0 suid=0 fsuid=0 egid=33 sgid=33 fsgid=33 tty=(none) ses=4294967295 comm="apache2" exe="/usr/sbin/apache2" subj=unconfined key="T1166_Seuid_and_Setgid"ARCH=x86_64 SYSCALL=setgid AUID="unset" UID="root" GID="www-data" EUID="root" SUID="root" FSUID="root" EGID="www-data" SGID="www-data" FSGID="www-data"
type=PROCTITLE msg=audit(1765889518.951:2316): proctitle=2F7573722F7362696E2F61706163686532002D6B007374617274
type=SYSCALL msg=audit(1765889518.958:2317): arch=c000003e syscall=42 success=yes exit=0 a0=c a1=7ffccd6ba950 a2=2d a3=573a3f74c310 items=1 ppid=886 pid=1530 auid=4294967295 uid=0 gid=33 euid=0 suid=0 fsuid=0 egid=33 sgid=33 fsgid=33 tty=(none) ses=4294967295 comm="apache2" exe="/usr/sbin/apache2" subj=unconfined key="T1043_Commonly_Used_Port"ARCH=x86_64 SYSCALL=connect AUID="unset" UID="root" GID="www-data" EUID="root" SUID="root" FSUID="root" EGID="www-data" SGID="www-data" FSGID="www-data"
type=SOCKADDR msg=audit(1765889518.958:2317): saddr=01002F72756E2F73797374656D642F7573657264622F696F2E73797374656D642E44796E616D69635573657200SADDR={ saddr_fam=local path=/run/systemd/userdb/io.systemd.DynamicUser }
type=PATH msg=audit(1765889518.958:2317): item=0 name="/run/systemd/userdb/io.systemd.DynamicUser" inode=441 dev=00:18 mode=0140666 ouid=0 ogid=0 rdev=00:00 nametype=NORMAL cap_fp=0 cap_fi=0 cap_fe=0 cap_fver=0 cap_frootid=0OUID="root" OGID="root"
type=PROCTITLE msg=audit(1765889518.958:2317): proctitle=2F7573722F7362696E2F61706163686532002D6B007374617274
type=SYSCALL msg=audit(1765889518.959:2318): arch=c000003e syscall=105 success=yes exit=0 a0=21 a1=573a3f5c3ec0 a2=573f4cd73c13 a3=573a3f5c3ed0 items=0 ppid=886 pid=1530 auid=4294967295 uid=33 gid=33 euid=33 suid=33 fsuid=33 egid=33 sgid=33 fsgid=33 tty=(none) ses=4294967295 comm="apache2" exe="/usr/sbin/apache2" subj=unconfined key="T1166_Seuid_and_Setgid"ARCH=x86_64 SYSCALL=setuid AUID="unset" UID="www-data" GID="www-data" EUID="www-data" SUID="www-data" FSUID="www-data" EGID="www-data" SGID="www-data" FSGID="www-data"
type=PROCTITLE msg=audit(1765889518.959:2318): proctitle=2F7573722F7362696E2F61706163686532002D6B007374617274
type=SYSCALL msg=audit(1765889521.006:2319): arch=c000003e syscall=42 success=yes exit=0 a0=d a1=7ffccd6b7480 a2=1d a3=1 items=1 ppid=886 pid=1392 auid=4294967295 uid=33 gid=33 euid=33 suid=33 fsuid=33 egid=33 sgid=33 fsgid=33 tty=(none) ses=4294967295 comm="apache2" exe="/usr/sbin/apache2" subj=unconfined key="T1043_Commonly_Used_Port"ARCH=x86_64 SYSCALL=connect AUID="unset" UID="www-data" GID="www-data" EUID="www-data" SUID="www-data" FSUID="www-data" EGID="www-data" SGID="www-data" FSGID="www-data"
type=SOCKADDR msg=audit(1765889521.006:2319): saddr=01002F7661722F72756E2F6D7973716C642F6D7973716C642E736F636BSADDR={ saddr_fam=local path=/var/run/mysqld/mysqld.sock }
type=PATH msg=audit(1765889521.006:2319): item=0 name="/var/run/mysqld/mysqld.sock" inode=1342 dev=00:18 mode=0140777 ouid=111 ogid=111 rdev=00:00 nametype=NORMAL cap_fp=0 cap_fi=0 cap_fe=0 cap_fver=0 cap_frootid=0OUID="mysql" OGID="mysql"
type=PROCTITLE msg=audit(1765889521.006:2319): proctitle=2F7573722F7362696E2F61706163686532002D6B007374617274
type=SYSCALL msg=audit(1765889521.482:2320): arch=c000003e syscall=42 success=yes exit=0 a0=d a1=7ffccd6b7480 a2=1d a3=1 items=1 ppid=886 pid=1528 auid=4294967295 uid=33 gid=33 euid=33 suid=33 fsuid=33 egid=33 sgid=33 fsgid=33 tty=(none) ses=4294967295 comm="apache2" exe="/usr/sbin/apache2" subj=unconfined key="T1043_Commonly_Used_Port"ARCH=x86_64 SYSCALL=connect AUID="unset" UID="www-data" GID="www-data" EUID="www-data" SUID="www-data" FSUID="www-data" EGID="www-data" SGID="www-data" FSGID="www-data"
type=SOCKADDR msg=audit(1765889521.482:2320): saddr=01002F7661722F72756E2F6D7973716C642F6D7973716C642E736F636BSADDR={ saddr_fam=local path=/var/run/mysqld/mysqld.sock }
type=PATH msg=audit(1765889521.482:2320): item=0 name="/var/run/mysqld/mysqld.sock" inode=1342 dev=00:18 mode=0140777 ouid=111 ogid=111 rdev=00:00 nametype=NORMAL cap_fp=0 cap_fi=0 cap_fe=0 cap_fver=0 cap_frootid=0OUID="mysql" OGID="mysql"
type=PROCTITLE msg=audit(1765889521.482:2320): proctitle=2F7573722F7362696E2F61706163686532002D6B007374617274
type=SYSCALL msg=audit(1765889521.956:2321): arch=c000003e syscall=42 success=no exit=-115 a0=b a1=78b8f63eae20 a2=1c a3=78b8f6418eb0 items=0 ppid=1 pid=886 auid=4294967295 uid=0 gid=0 euid=0 suid=0 fsuid=0 egid=0 sgid=0 fsgid=0 tty=(none) ses=4294967295 comm="apache2" exe="/usr/sbin/apache2" subj=unconfined key="T1043_Commonly_Used_Port"ARCH=x86_64 SYSCALL=connect AUID="unset" UID="root" GID="root" EUID="root" SUID="root" FSUID="root" EGID="root" SGID="root" FSGID="root"
type=SOCKADDR msg=audit(1765889521.956:2321): saddr=0A000050000000000000000000000000000000000000000000000000SADDR={ saddr_fam=inet6 laddr=:: lport=80 }
type=PROCTITLE msg=audit(1765889521.956:2321): proctitle=2F7573722F7362696E2F61706163686532002D6B007374617274
type=SYSCALL msg=audit(1765889522.342:2322): arch=c000003e syscall=42 success=yes exit=0 a0=e a1=7ffccd6b7480 a2=1d a3=1 items=1 ppid=886 pid=1530 auid=4294967295 uid=33 gid=33 euid=33 suid=33 fsuid=33 egid=33 sgid=33 fsgid=33 tty=(none) ses=4294967295 comm="apache2" exe="/usr/sbin/apache2" subj=unconfined key="T1043_Commonly_Used_Port"ARCH=x86_64 SYSCALL=connect AUID="unset" UID="www-data" GID="www-data" EUID="www-data" SUID="www-data" FSUID="www-data" EGID="www-data" SGID="www-data" FSGID="www-data"
type=SOCKADDR msg=audit(1765889522.342:2322): saddr=01002F7661722F72756E2F6D7973716C642F6D7973716C642E736F636BSADDR={ saddr_fam=local path=/var/run/mysqld/mysqld.sock }
type=PATH msg=audit(1765889522.342:2322): item=0 name="/var/run/mysqld/mysqld.sock" inode=1342 dev=00:18 mode=0140777 ouid=111 ogid=111 rdev=00:00 nametype=NORMAL cap_fp=0 cap_fi=0 cap_fe=0 cap_fver=0 cap_frootid=0OUID="mysql" OGID="mysql"
type=PROCTITLE msg=audit(1765889522.342:2322): proctitle=2F7573722F7362696E2F61706163686532002D6B007374617274
type=SYSCALL msg=audit(1765889522.385:2323): arch=c000003e syscall=42 success=yes exit=0 a0=e a1=7ffccd6b7480 a2=1d a3=1 items=1 ppid=886 pid=1484 auid=4294967295 uid=33 gid=33 euid=33 suid=33 fsuid=33 egid=33 sgid=33 fsgid=33 tty=(none) ses=4294967295 comm="apache2" exe="/usr/sbin/apache2" subj=unconfined key="T1043_Commonly_Used_Port"ARCH=x86_64 SYSCALL=connect AUID="unset" UID="www-data" GID="www-data" EUID="www-data" SUID="www-data" FSUID="www-data" EGID="www-data" SGID="www-data" FSGID="www-data"
type=SOCKADDR msg=audit(1765889522.385:2323): saddr=01002F7661722F72756E2F6D7973716C642F6D7973716C642E736F636BSADDR={ saddr_fam=local path=/var/run/mysqld/mysqld.sock }
type=PATH msg=audit(1765889522.385:2323): item=0 name="/var/run/mysqld/mysqld.sock" inode=1342 dev=00:18 mode=0140777 ouid=111 ogid=111 rdev=00:00 nametype=NORMAL cap_fp=0 cap_fi=0 cap_fe=0 cap_fver=0 cap_frootid=0OUID="mysql" OGID="mysql"
type=PROCTITLE msg=audit(1765889522.385:2323): proctitle=2F7573722F7362696E2F61706163686532002D6B007374617274
type=SYSCALL msg=audit(1765889522.498:2324): arch=c000003e syscall=42 success=yes exit=0 a0=d a1=7ffccd6b7480 a2=1d a3=1 items=1 ppid=886 pid=1530 auid=4294967295 uid=33 gid=33 euid=33 suid=33 fsuid=33 egid=33 sgid=33 fsgid=33 tty=(none) ses=4294967295 comm="apache2" exe="/usr/sbin/apache2" subj=unconfined key="T1043_Commonly_Used_Port"ARCH=x86_64 SYSCALL=connect AUID="unset" UID="www-data" GID="www-data" EUID="www-data" SUID="www-data" FSUID="www-data" EGID="www-data" SGID="www-data" FSGID="www-data"
type=SOCKADDR msg=audit(1765889522.498:2324): saddr=01002F7661722F72756E2F6D7973716C642F6D7973716C642E736F636BSADDR={ saddr_fam=local path=/var/run/mysqld/mysqld.sock }
type=PATH msg=audit(1765889522.498:2324): item=0 name="/var/run/mysqld/mysqld.sock" inode=1342 dev=00:18 mode=0140777 ouid=111 ogid=111 rdev=00:00 nametype=NORMAL cap_fp=0 cap_fi=0 cap_fe=0 cap_fver=0 cap_frootid=0OUID="mysql" OGID="mysql"
type=PROCTITLE msg=audit(1765889522.498:2324): proctitle=2F7573722F7362696E2F61706163686532002D6B007374617274
type=SYSCALL msg=audit(1765889522.585:2325): arch=c000003e syscall=59 success=yes exit=0 a0=78b8f65cb42f a1=7ffccd6b81a0 a2=7ffccd6bb238 a3=8 items=2 ppid=1484 pid=1534 auid=4294967295 uid=33 gid=33 euid=33 suid=33 fsuid=33 egid=33 sgid=33 fsgid=33 tty=(none) ses=4294967295 comm="sh" exe="/usr/bin/dash" subj=unconfined key="T1166_Seuid_and_Setgid"ARCH=x86_64 SYSCALL=execve AUID="unset" UID="www-data" GID="www-data" EUID="www-data" SUID="www-data" FSUID="www-data" EGID="www-data" SGID="www-data" FSGID="www-data"
type=EXECVE msg=audit(1765889522.585:2325): argc=4 a0="sh" a1="-c" a2="--" a3=636F6D6D616E64202D76202D2D20276C696272656F666669636527
type=PATH msg=audit(1765889522.585:2325): item=0 name="/bin/sh" inode=1442345 dev=08:02 mode=0100755 ouid=0 ogid=0 rdev=00:00 nametype=NORMAL cap_fp=0 cap_fi=0 cap_fe=0 cap_fver=0 cap_frootid=0OUID="root" OGID="root"
type=PATH msg=audit(1765889522.585:2325): item=1 name="/lib64/ld-linux-x86-64.so.2" inode=1481429 dev=08:02 mode=0100755 ouid=0 ogid=0 rdev=00:00 nametype=NORMAL cap_fp=0 cap_fi=0 cap_fe=0 cap_fver=0 cap_frootid=0OUID="root" OGID="root"
type=PROCTITLE msg=audit(1765889522.585:2325): proctitle=7368002D63002D2D00636F6D6D616E64202D76202D2D20276C696272656F666669636527
type=SYSCALL msg=audit(1765889522.589:2326): arch=c000003e syscall=59 success=yes exit=0 a0=78b8f65cb42f a1=7ffccd6b81a0 a2=7ffccd6bb238 a3=8 items=2 ppid=1484 pid=1535 auid=4294967295 uid=33 gid=33 euid=33 suid=33 fsuid=33 egid=33 sgid=33 fsgid=33 tty=(none) ses=4294967295 comm="sh" exe="/usr/bin/dash" subj=unconfined key="T1166_Seuid_and_Setgid"ARCH=x86_64 SYSCALL=execve AUID="unset" UID="www-data" GID="www-data" EUID="www-data" SUID="www-data" FSUID="www-data" EGID="www-data" SGID="www-data" FSGID="www-data"
type=EXECVE msg=audit(1765889522.589:2326): argc=4 a0="sh" a1="-c" a2="--" a3=636F6D6D616E64202D76202D2D20276F70656E6F666669636527
type=PATH msg=audit(1765889522.589:2326): item=0 name="/bin/sh" inode=1442345 dev=08:02 mode=0100755 ouid=0 ogid=0 rdev=00:00 nametype=NORMAL cap_fp=0 cap_fi=0 cap_fe=0 cap_fver=0 cap_frootid=0OUID="root" OGID="root"
type=PATH msg=audit(1765889522.589:2326): item=1 name="/lib64/ld-linux-x86-64.so.2" inode=1481429 dev=08:02 mode=0100755 ouid=0 ogid=0 rdev=00:00 nametype=NORMAL cap_fp=0 cap_fi=0 cap_fe=0 cap_fver=0 cap_frootid=0OUID="root" OGID="root"
type=PROCTITLE msg=audit(1765889522.589:2326): proctitle=7368002D63002D2D00636F6D6D616E64202D76202D2D20276F70656E6F666669636527
type=SYSCALL msg=audit(1765889522.642:2327): arch=c000003e syscall=42 success=yes exit=0 a0=d a1=7ffccd6b7480 a2=1d a3=1 items=1 ppid=886 pid=1484 auid=4294967295 uid=33 gid=33 euid=33 suid=33 fsuid=33 egid=33 sgid=33 fsgid=33 tty=(none) ses=4294967295 comm="apache2" exe="/usr/sbin/apache2" subj=unconfined key="T1043_Commonly_Used_Port"ARCH=x86_64 SYSCALL=connect AUID="unset" UID="www-data" GID="www-data" EUID="www-data" SUID="www-data" FSUID="www-data" EGID="www-data" SGID="www-data" FSGID="www-data"
type=SOCKADDR msg=audit(1765889522.642:2327): saddr=01002F7661722F72756E2F6D7973716C642F6D7973716C642E736F636BSADDR={ saddr_fam=local path=/var/run/mysqld/mysqld.sock }
type=PATH msg=audit(1765889522.642:2327): item=0 name="/var/run/mysqld/mysqld.sock" inode=1342 dev=00:18 mode=0140777 ouid=111 ogid=111 rdev=00:00 nametype=NORMAL cap_fp=0 cap_fi=0 cap_fe=0 cap_fver=0 cap_frootid=0OUID="mysql" OGID="mysql"
type=PROCTITLE msg=audit(1765889522.642:2327): proctitle=2F7573722F7362696E2F61706163686532002D6B007374617274
type=SYSCALL msg=audit(1765889522.643:2328): arch=c000003e syscall=42 success=yes exit=0 a0=d a1=7ffccd6b7480 a2=1d a3=1 items=1 ppid=886 pid=1530 auid=4294967295 uid=33 gid=33 euid=33 suid=33 fsuid=33 egid=33 sgid=33 fsgid=33 tty=(none) ses=4294967295 comm="apache2" exe="/usr/sbin/apache2" subj=unconfined key="T1043_Commonly_Used_Port"ARCH=x86_64 SYSCALL=connect AUID="unset" UID="www-data" GID="www-data" EUID="www-data" SUID="www-data" FSUID="www-data" EGID="www-data" SGID="www-data" FSGID="www-data"
type=SOCKADDR msg=audit(1765889522.643:2328): saddr=01002F7661722F72756E2F6D7973716C642F6D7973716C642E736F636BSADDR={ saddr_fam=local path=/var/run/mysqld/mysqld.sock }
type=PATH msg=audit(1765889522.643:2328): item=0 name="/var/run/mysqld/mysqld.sock" inode=1342 dev=00:18 mode=0140777 ouid=111 ogid=111 rdev=00:00 nametype=NORMAL cap_fp=0 cap_fi=0 cap_fe=0 cap_fver=0 cap_frootid=0OUID="mysql" OGID="mysql"
type=PROCTITLE msg=audit(1765889522.643:2328): proctitle=2F7573722F7362696E2F61706163686532002D6B007374617274
type=SYSCALL msg=audit(1765889522.643:2329): arch=c000003e syscall=42 success=yes exit=0 a0=d a1=7ffccd6b7480 a2=1d a3=1 items=1 ppid=886 pid=1392 auid=4294967295 uid=33 gid=33 euid=33 suid=33 fsuid=33 egid=33 sgid=33 fsgid=33 tty=(none) ses=4294967295 comm="apache2" exe="/usr/sbin/apache2" subj=unconfined key="T1043_Commonly_Used_Port"ARCH=x86_64 SYSCALL=connect AUID="unset" UID="www-data" GID="www-data" EUID="www-data" SUID="www-data" FSUID="www-data" EGID="www-data" SGID="www-data" FSGID="www-data"
type=SOCKADDR msg=audit(1765889522.643:2329): saddr=01002F7661722F72756E2F6D7973716C642F6D7973716C642E736F636BSADDR={ saddr_fam=local path=/var/run/mysqld/mysqld.sock }
type=PATH msg=audit(1765889522.643:2329): item=0 name="/var/run/mysqld/mysqld.sock" inode=1342 dev=00:18 mode=0140777 ouid=111 ogid=111 rdev=00:00 nametype=NORMAL cap_fp=0 cap_fi=0 cap_fe=0 cap_fver=0 cap_frootid=0OUID="mysql" OGID="mysql"
type=PROCTITLE msg=audit(1765889522.643:2329): proctitle=2F7573722F7362696E2F61706163686532002D6B007374617274
type=SYSCALL msg=audit(1765889522.751:2330): arch=c000003e syscall=42 success=yes exit=0 a0=d a1=7ffccd6b7480 a2=1d a3=1 items=1 ppid=886 pid=1526 auid=4294967295 uid=33 gid=33 euid=33 suid=33 fsuid=33 egid=33 sgid=33 fsgid=33 tty=(none) ses=4294967295 comm="apache2" exe="/usr/sbin/apache2" subj=unconfined key="T1043_Commonly_Used_Port"ARCH=x86_64 SYSCALL=connect AUID="unset" UID="www-data" GID="www-data" EUID="www-data" SUID="www-data" FSUID="www-data" EGID="www-data" SGID="www-data" FSGID="www-data"
type=SOCKADDR msg=audit(1765889522.751:2330): saddr=01002F7661722F72756E2F6D7973716C642F6D7973716C642E736F636BSADDR={ saddr_fam=local path=/var/run/mysqld/mysqld.sock }
type=PATH msg=audit(1765889522.751:2330): item=0 name="/var/run/mysqld/mysqld.sock" inode=1342 dev=00:18 mode=0140777 ouid=111 ogid=111 rdev=00:00 nametype=NORMAL cap_fp=0 cap_fi=0 cap_fe=0 cap_fver=0 cap_frootid=0OUID="mysql" OGID="mysql"
type=PROCTITLE msg=audit(1765889522.751:2330): proctitle=2F7573722F7362696E2F61706163686532002D6B007374617274
type=SYSCALL msg=audit(1765889522.842:2331): arch=c000003e syscall=59 success=yes exit=0 a0=78b8f65cb42f a1=7ffccd6aadd0 a2=7ffccd6bb238 a3=8 items=2 ppid=1530 pid=1536 auid=4294967295 uid=33 gid=33 euid=33 suid=33 fsuid=33 egid=33 sgid=33 fsgid=33 tty=(none) ses=4294967295 comm="sh" exe="/usr/bin/dash" subj=unconfined key="T1166_Seuid_and_Setgid"ARCH=x86_64 SYSCALL=execve AUID="unset" UID="www-data" GID="www-data" EUID="www-data" SUID="www-data" FSUID="www-data" EGID="www-data" SGID="www-data" FSGID="www-data"
type=EXECVE msg=audit(1765889522.842:2331): argc=4 a0="sh" a1="-c" a2="--" a3=27696E6B73636170652720272F746D702F6D616769636B2D54414E7679766878505A363962454E625932496B5F2D41355037426C7979334227202D2D6578706F72742D66696C656E616D653D272F746D702F6D616769636B2D4B6D515670654167723875354432684439755078794130666E53793767344A552E706E6727202D2D6578706F72742D6470693D27373227202D2D6578706F72742D6261636B67726F756E643D277267622830252C30252C30252927202D2D6578706F72742D6261636B67726F756E642D6F7061636974793D273027203E20272F746D702F6D616769636B2D615478554A68345A5F763837363838396B424A504953464663636D36366E674D2720323E2631
type=PATH msg=audit(1765889522.842:2331): item=0 name="/bin/sh" inode=1442345 dev=08:02 mode=0100755 ouid=0 ogid=0 rdev=00:00 nametype=NORMAL cap_fp=0 cap_fi=0 cap_fe=0 cap_fver=0 cap_frootid=0OUID="root" OGID="root"
type=PATH msg=audit(1765889522.842:2331): item=1 name="/lib64/ld-linux-x86-64.so.2" inode=1481429 dev=08:02 mode=0100755 ouid=0 ogid=0 rdev=00:00 nametype=NORMAL cap_fp=0 cap_fi=0 cap_fe=0 cap_fver=0 cap_frootid=0OUID="root" OGID="root"
type=PROCTITLE msg=audit(1765889522.842:2331): proctitle=7368002D63002D2D0027696E6B73636170652720272F746D702F6D616769636B2D54414E7679766878505A363962454E625932496B5F2D41355037426C7979334227202D2D6578706F72742D66696C656E616D653D272F746D702F6D616769636B2D4B6D515670654167723875354432684439755078794130666E5379376734
type=SYSCALL msg=audit(1765889522.860:2332): arch=c000003e syscall=59 success=yes exit=0 a0=78b8f65cb42f a1=7ffccd6aadd0 a2=7ffccd6bb238 a3=8 items=2 ppid=1530 pid=1537 auid=4294967295 uid=33 gid=33 euid=33 suid=33 fsuid=33 egid=33 sgid=33 fsgid=33 tty=(none) ses=4294967295 comm="sh" exe="/usr/bin/dash" subj=unconfined key="T1166_Seuid_and_Setgid"ARCH=x86_64 SYSCALL=execve AUID="unset" UID="www-data" GID="www-data" EUID="www-data" SUID="www-data" FSUID="www-data" EGID="www-data" SGID="www-data" FSGID="www-data"
type=EXECVE msg=audit(1765889522.860:2332): argc=4 a0="sh" a1="-c" a2="--" a3=27696E6B73636170652720272F746D702F6D616769636B2D74417653726B5850736356735F46654630414B39794D7370332D73535352526127202D2D6578706F72742D66696C656E616D653D272F746D702F6D616769636B2D634E596B643154312D4E375779336E7177417156344376325A67586369554C6F2E706E6727202D2D6578706F72742D6470693D273234353727202D2D6578706F72742D6261636B67726F756E643D277267622830252C30252C30252927202D2D6578706F72742D6261636B67726F756E642D6F7061636974793D273027203E20272F746D702F6D616769636B2D3754763261672D75566A4A34747273696D494F7A744745546436714E544C78772720323E2631
type=PATH msg=audit(1765889522.860:2332): item=0 name="/bin/sh" inode=1442345 dev=08:02 mode=0100755 ouid=0 ogid=0 rdev=00:00 nametype=NORMAL cap_fp=0 cap_fi=0 cap_fe=0 cap_fver=0 cap_frootid=0OUID="root" OGID="root"
type=PATH msg=audit(1765889522.860:2332): item=1 name="/lib64/ld-linux-x86-64.so.2" inode=1481429 dev=08:02 mode=0100755 ouid=0 ogid=0 rdev=00:00 nametype=NORMAL cap_fp=0 cap_fi=0 cap_fe=0 cap_fver=0 cap_frootid=0OUID="root" OGID="root"
type=PROCTITLE msg=audit(1765889522.860:2332): proctitle=7368002D63002D2D0027696E6B73636170652720272F746D702F6D616769636B2D74417653726B5850736356735F46654630414B39794D7370332D73535352526127202D2D6578706F72742D66696C656E616D653D272F746D702F6D616769636B2D634E596B643154312D4E375779336E7177417156344376325A6758636955
type=SYSCALL msg=audit(1765889522.888:2333): arch=c000003e syscall=42 success=yes exit=0 a0=d a1=7ffccd6b7480 a2=1d a3=1 items=1 ppid=886 pid=1392 auid=4294967295 uid=33 gid=33 euid=33 suid=33 fsuid=33 egid=33 sgid=33 fsgid=33 tty=(none) ses=4294967295 comm="apache2" exe="/usr/sbin/apache2" subj=unconfined key="T1043_Commonly_Used_Port"ARCH=x86_64 SYSCALL=connect AUID="unset" UID="www-data" GID="www-data" EUID="www-data" SUID="www-data" FSUID="www-data" EGID="www-data" SGID="www-data" FSGID="www-data"
type=SOCKADDR msg=audit(1765889522.888:2333): saddr=01002F7661722F72756E2F6D7973716C642F6D7973716C642E736F636BSADDR={ saddr_fam=local path=/var/run/mysqld/mysqld.sock }
type=PATH msg=audit(1765889522.888:2333): item=0 name="/var/run/mysqld/mysqld.sock" inode=1342 dev=00:18 mode=0140777 ouid=111 ogid=111 rdev=00:00 nametype=NORMAL cap_fp=0 cap_fi=0 cap_fe=0 cap_fver=0 cap_frootid=0OUID="mysql" OGID="mysql"
type=PROCTITLE msg=audit(1765889522.888:2333): proctitle=2F7573722F7362696E2F61706163686532002D6B007374617274
type=SYSCALL msg=audit(1765889522.897:2334): arch=c000003e syscall=42 success=yes exit=0 a0=e a1=7ffccd6b7480 a2=1d a3=1 items=1 ppid=886 pid=1393 auid=4294967295 uid=33 gid=33 euid=33 suid=33 fsuid=33 egid=33 sgid=33 fsgid=33 tty=(none) ses=4294967295 comm="apache2" exe="/usr/sbin/apache2" subj=unconfined key="T1043_Commonly_Used_Port"ARCH=x86_64 SYSCALL=connect AUID="unset" UID="www-data" GID="www-data" EUID="www-data" SUID="www-data" FSUID="www-data" EGID="www-data" SGID="www-data" FSGID="www-data"
type=SOCKADDR msg=audit(1765889522.897:2334): saddr=01002F7661722F72756E2F6D7973716C642F6D7973716C642E736F636BSADDR={ saddr_fam=local path=/var/run/mysqld/mysqld.sock }
type=PATH msg=audit(1765889522.897:2334): item=0 name="/var/run/mysqld/mysqld.sock" inode=1342 dev=00:18 mode=0140777 ouid=111 ogid=111 rdev=00:00 nametype=NORMAL cap_fp=0 cap_fi=0 cap_fe=0 cap_fver=0 cap_frootid=0OUID="mysql" OGID="mysql"
type=PROCTITLE msg=audit(1765889522.897:2334): proctitle=2F7573722F7362696E2F61706163686532002D6B007374617274
type=SYSCALL msg=audit(1765889522.899:2335): arch=c000003e syscall=42 success=yes exit=0 a0=d a1=7ffccd6b7480 a2=1d a3=1 items=1 ppid=886 pid=1528 auid=4294967295 uid=33 gid=33 euid=33 suid=33 fsuid=33 egid=33 sgid=33 fsgid=33 tty=(none) ses=4294967295 comm="apache2" exe="/usr/sbin/apache2" subj=unconfined key="T1043_Commonly_Used_Port"ARCH=x86_64 SYSCALL=connect AUID="unset" UID="www-data" GID="www-data" EUID="www-data" SUID="www-data" FSUID="www-data" EGID="www-data" SGID="www-data" FSGID="www-data"
type=SOCKADDR msg=audit(1765889522.899:2335): saddr=01002F7661722F72756E2F6D7973716C642F6D7973716C642E736F636BSADDR={ saddr_fam=local path=/var/run/mysqld/mysqld.sock }
type=PATH msg=audit(1765889522.899:2335): item=0 name="/var/run/mysqld/mysqld.sock" inode=1342 dev=00:18 mode=0140777 ouid=111 ogid=111 rdev=00:00 nametype=NORMAL cap_fp=0 cap_fi=0 cap_fe=0 cap_fver=0 cap_frootid=0OUID="mysql" OGID="mysql"
type=PROCTITLE msg=audit(1765889522.899:2335): proctitle=2F7573722F7362696E2F61706163686532002D6B007374617274
type=SYSCALL msg=audit(1765889522.918:2336): arch=c000003e syscall=42 success=yes exit=0 a0=d a1=7ffccd6b7480 a2=1d a3=1 items=1 ppid=886 pid=1527 auid=4294967295 uid=33 gid=33 euid=33 suid=33 fsuid=33 egid=33 sgid=33 fsgid=33 tty=(none) ses=4294967295 comm="apache2" exe="/usr/sbin/apache2" subj=unconfined key="T1043_Commonly_Used_Port"ARCH=x86_64 SYSCALL=connect AUID="unset" UID="www-data" GID="www-data" EUID="www-data" SUID="www-data" FSUID="www-data" EGID="www-data" SGID="www-data" FSGID="www-data"
type=SOCKADDR msg=audit(1765889522.918:2336): saddr=01002F7661722F72756E2F6D7973716C642F6D7973716C642E736F636BSADDR={ saddr_fam=local path=/var/run/mysqld/mysqld.sock }
type=PATH msg=audit(1765889522.918:2336): item=0 name="/var/run/mysqld/mysqld.sock" inode=1342 dev=00:18 mode=0140777 ouid=111 ogid=111 rdev=00:00 nametype=NORMAL cap_fp=0 cap_fi=0 cap_fe=0 cap_fver=0 cap_frootid=0OUID="mysql" OGID="mysql"
type=PROCTITLE msg=audit(1765889522.918:2336): proctitle=2F7573722F7362696E2F61706163686532002D6B007374617274
type=SYSCALL msg=audit(1765889522.949:2337): arch=c000003e syscall=59 success=yes exit=0 a0=78b8f65cb42f a1=7ffccd6aadd0 a2=7ffccd6bb238 a3=8 items=2 ppid=1530 pid=1538 auid=4294967295 uid=33 gid=33 euid=33 suid=33 fsuid=33 egid=33 sgid=33 fsgid=33 tty=(none) ses=4294967295 comm="sh" exe="/usr/bin/dash" subj=unconfined key="T1166_Seuid_and_Setgid"ARCH=x86_64 SYSCALL=execve AUID="unset" UID="www-data" GID="www-data" EUID="www-data" SUID="www-data" FSUID="www-data" EGID="www-data" SGID="www-data" FSGID="www-data"
type=EXECVE msg=audit(1765889522.949:2337): argc=4 a0="sh" a1="-c" a2="--" a3=27696E6B73636170652720272F746D702F6D616769636B2D5A736B36306F6F6378546A452D5A4B5F30647654734553487530445138544F3127202D2D6578706F72742D66696C656E616D653D272F746D702F6D616769636B2D774F58707A5637614F3842756A475A7A3575704B423743424F415545675663382E706E6727202D2D6578706F72742D6470693D27393627202D2D6578706F72742D6261636B67726F756E643D277267622830252C30252C30252927202D2D6578706F72742D6261636B67726F756E642D6F7061636974793D273027203E20272F746D702F6D616769636B2D786A636C545142674D7A62456A7A72506B4A583067363952486C465A485272442720323E2631
type=PATH msg=audit(1765889522.949:2337): item=0 name="/bin/sh" inode=1442345 dev=08:02 mode=0100755 ouid=0 ogid=0 rdev=00:00 nametype=NORMAL cap_fp=0 cap_fi=0 cap_fe=0 cap_fver=0 cap_frootid=0OUID="root" OGID="root"
type=PATH msg=audit(1765889522.949:2337): item=1 name="/lib64/ld-linux-x86-64.so.2" inode=1481429 dev=08:02 mode=0100755 ouid=0 ogid=0 rdev=00:00 nametype=NORMAL cap_fp=0 cap_fi=0 cap_fe=0 cap_fver=0 cap_frootid=0OUID="root" OGID="root"
type=PROCTITLE msg=audit(1765889522.949:2337): proctitle=7368002D63002D2D0027696E6B73636170652720272F746D702F6D616769636B2D5A736B36306F6F6378546A452D5A4B5F30647654734553487530445138544F3127202D2D6578706F72742D66696C656E616D653D272F746D702F6D616769636B2D774F58707A5637614F3842756A475A7A3575704B423743424F4155456756
type=SYSCALL msg=audit(1765889522.969:2338): arch=c000003e syscall=106 success=yes exit=0 a0=21 a1=78b8f63e74a0 a2=0 a3=22 items=0 ppid=886 pid=1539 auid=4294967295 uid=0 gid=33 euid=0 suid=0 fsuid=0 egid=33 sgid=33 fsgid=33 tty=(none) ses=4294967295 comm="apache2" exe="/usr/sbin/apache2" subj=unconfined key="T1166_Seuid_and_Setgid"ARCH=x86_64 SYSCALL=setgid AUID="unset" UID="root" GID="www-data" EUID="root" SUID="root" FSUID="root" EGID="www-data" SGID="www-data" FSGID="www-data"
type=PROCTITLE msg=audit(1765889522.969:2338): proctitle=2F7573722F7362696E2F61706163686532002D6B007374617274
type=SYSCALL msg=audit(1765889522.977:2339): arch=c000003e syscall=42 success=yes exit=0 a0=c a1=7ffccd6ba950 a2=2d a3=573a3f74c310 items=1 ppid=886 pid=1539 auid=4294967295 uid=0 gid=33 euid=0 suid=0 fsuid=0 egid=33 sgid=33 fsgid=33 tty=(none) ses=4294967295 comm="apache2" exe="/usr/sbin/apache2" subj=unconfined key="T1043_Commonly_Used_Port"ARCH=x86_64 SYSCALL=connect AUID="unset" UID="root" GID="www-data" EUID="root" SUID="root" FSUID="root" EGID="www-data" SGID="www-data" FSGID="www-data"
type=SOCKADDR msg=audit(1765889522.977:2339): saddr=01002F72756E2F73797374656D642F7573657264622F696F2E73797374656D642E44796E616D69635573657200SADDR={ saddr_fam=local path=/run/systemd/userdb/io.systemd.DynamicUser }
type=PATH msg=audit(1765889522.977:2339): item=0 name="/run/systemd/userdb/io.systemd.DynamicUser" inode=441 dev=00:18 mode=0140666 ouid=0 ogid=0 rdev=00:00 nametype=NORMAL cap_fp=0 cap_fi=0 cap_fe=0 cap_fver=0 cap_frootid=0OUID="root" OGID="root"
type=PROCTITLE msg=audit(1765889522.977:2339): proctitle=2F7573722F7362696E2F61706163686532002D6B007374617274
type=SYSCALL msg=audit(1765889522.981:2340): arch=c000003e syscall=105 success=yes exit=0 a0=21 a1=573a3f5c3ec0 a2=573f4cd73c13 a3=573a3f5c3ed0 items=0 ppid=886 pid=1539 auid=4294967295 uid=33 gid=33 euid=33 suid=33 fsuid=33 egid=33 sgid=33 fsgid=33 tty=(none) ses=4294967295 comm="apache2" exe="/usr/sbin/apache2" subj=unconfined key="T1166_Seuid_and_Setgid"ARCH=x86_64 SYSCALL=setuid AUID="unset" UID="www-data" GID="www-data" EUID="www-data" SUID="www-data" FSUID="www-data" EGID="www-data" SGID="www-data" FSGID="www-data"
type=PROCTITLE msg=audit(1765889522.981:2340): proctitle=2F7573722F7362696E2F61706163686532002D6B007374617274
type=SYSCALL msg=audit(1765889523.041:2341): arch=c000003e syscall=42 success=yes exit=0 a0=d a1=7ffccd6b7480 a2=1d a3=1 items=1 ppid=886 pid=1526 auid=4294967295 uid=33 gid=33 euid=33 suid=33 fsuid=33 egid=33 sgid=33 fsgid=33 tty=(none) ses=4294967295 comm="apache2" exe="/usr/sbin/apache2" subj=unconfined key="T1043_Commonly_Used_Port"ARCH=x86_64 SYSCALL=connect AUID="unset" UID="www-data" GID="www-data" EUID="www-data" SUID="www-data" FSUID="www-data" EGID="www-data" SGID="www-data" FSGID="www-data"
type=SOCKADDR msg=audit(1765889523.041:2341): saddr=01002F7661722F72756E2F6D7973716C642F6D7973716C642E736F636BSADDR={ saddr_fam=local path=/var/run/mysqld/mysqld.sock }
type=PATH msg=audit(1765889523.041:2341): item=0 name="/var/run/mysqld/mysqld.sock" inode=1342 dev=00:18 mode=0140777 ouid=111 ogid=111 rdev=00:00 nametype=NORMAL cap_fp=0 cap_fi=0 cap_fe=0 cap_fver=0 cap_frootid=0OUID="mysql" OGID="mysql"
type=PROCTITLE msg=audit(1765889523.041:2341): proctitle=2F7573722F7362696E2F61706163686532002D6B007374617274
type=SYSCALL msg=audit(1765889523.373:2342): arch=c000003e syscall=42 success=yes exit=0 a0=d a1=7ffccd6b7480 a2=1d a3=1 items=1 ppid=886 pid=1393 auid=4294967295 uid=33 gid=33 euid=33 suid=33 fsuid=33 egid=33 sgid=33 fsgid=33 tty=(none) ses=4294967295 comm="apache2" exe="/usr/sbin/apache2" subj=unconfined key="T1043_Commonly_Used_Port"ARCH=x86_64 SYSCALL=connect AUID="unset" UID="www-data" GID="www-data" EUID="www-data" SUID="www-data" FSUID="www-data" EGID="www-data" SGID="www-data" FSGID="www-data"
type=SOCKADDR msg=audit(1765889523.373:2342): saddr=01002F7661722F72756E2F6D7973716C642F6D7973716C642E736F636BSADDR={ saddr_fam=local path=/var/run/mysqld/mysqld.sock }
type=PATH msg=audit(1765889523.373:2342): item=0 name="/var/run/mysqld/mysqld.sock" inode=1342 dev=00:18 mode=0140777 ouid=111 ogid=111 rdev=00:00 nametype=NORMAL cap_fp=0 cap_fi=0 cap_fe=0 cap_fver=0 cap_frootid=0OUID="mysql" OGID="mysql"
type=PROCTITLE msg=audit(1765889523.373:2342): proctitle=2F7573722F7362696E2F61706163686532002D6B007374617274
type=SYSCALL msg=audit(1765889523.399:2343): arch=c000003e syscall=42 success=yes exit=0 a0=d a1=7ffccd6b7480 a2=1d a3=1 items=1 ppid=886 pid=1526 auid=4294967295 uid=33 gid=33 euid=33 suid=33 fsuid=33 egid=33 sgid=33 fsgid=33 tty=(none) ses=4294967295 comm="apache2" exe="/usr/sbin/apache2" subj=unconfined key="T1043_Commonly_Used_Port"ARCH=x86_64 SYSCALL=connect AUID="unset" UID="www-data" GID="www-data" EUID="www-data" SUID="www-data" FSUID="www-data" EGID="www-data" SGID="www-data" FSGID="www-data"
type=SOCKADDR msg=audit(1765889523.399:2343): saddr=01002F7661722F72756E2F6D7973716C642F6D7973716C642E736F636BSADDR={ saddr_fam=local path=/var/run/mysqld/mysqld.sock }
type=PATH msg=audit(1765889523.399:2343): item=0 name="/var/run/mysqld/mysqld.sock" inode=1342 dev=00:18 mode=0140777 ouid=111 ogid=111 rdev=00:00 nametype=NORMAL cap_fp=0 cap_fi=0 cap_fe=0 cap_fver=0 cap_frootid=0OUID="mysql" OGID="mysql"
type=PROCTITLE msg=audit(1765889523.399:2343): proctitle=2F7573722F7362696E2F61706163686532002D6B007374617274
type=SYSCALL msg=audit(1765889523.402:2344): arch=c000003e syscall=42 success=yes exit=0 a0=d a1=7ffccd6b7480 a2=1d a3=1 items=1 ppid=886 pid=1392 auid=4294967295 uid=33 gid=33 euid=33 suid=33 fsuid=33 egid=33 sgid=33 fsgid=33 tty=(none) ses=4294967295 comm="apache2" exe="/usr/sbin/apache2" subj=unconfined key="T1043_Commonly_Used_Port"ARCH=x86_64 SYSCALL=connect AUID="unset" UID="www-data" GID="www-data" EUID="www-data" SUID="www-data" FSUID="www-data" EGID="www-data" SGID="www-data" FSGID="www-data"
type=SOCKADDR msg=audit(1765889523.402:2344): saddr=01002F7661722F72756E2F6D7973716C642F6D7973716C642E736F636BSADDR={ saddr_fam=local path=/var/run/mysqld/mysqld.sock }
type=PATH msg=audit(1765889523.402:2344): item=0 name="/var/run/mysqld/mysqld.sock" inode=1342 dev=00:18 mode=0140777 ouid=111 ogid=111 rdev=00:00 nametype=NORMAL cap_fp=0 cap_fi=0 cap_fe=0 cap_fver=0 cap_frootid=0OUID="mysql" OGID="mysql"
type=PROCTITLE msg=audit(1765889523.402:2344): proctitle=2F7573722F7362696E2F61706163686532002D6B007374617274
type=SYSCALL msg=audit(1765889523.561:2345): arch=c000003e syscall=42 success=yes exit=0 a0=d a1=7ffccd6b7480 a2=1d a3=1 items=1 ppid=886 pid=1393 auid=4294967295 uid=33 gid=33 euid=33 suid=33 fsuid=33 egid=33 sgid=33 fsgid=33 tty=(none) ses=4294967295 comm="apache2" exe="/usr/sbin/apache2" subj=unconfined key="T1043_Commonly_Used_Port"ARCH=x86_64 SYSCALL=connect AUID="unset" UID="www-data" GID="www-data" EUID="www-data" SUID="www-data" FSUID="www-data" EGID="www-data" SGID="www-data" FSGID="www-data"
type=SOCKADDR msg=audit(1765889523.561:2345): saddr=01002F7661722F72756E2F6D7973716C642F6D7973716C642E736F636BSADDR={ saddr_fam=local path=/var/run/mysqld/mysqld.sock }
type=PATH msg=audit(1765889523.561:2345): item=0 name="/var/run/mysqld/mysqld.sock" inode=1342 dev=00:18 mode=0140777 ouid=111 ogid=111 rdev=00:00 nametype=NORMAL cap_fp=0 cap_fi=0 cap_fe=0 cap_fver=0 cap_frootid=0OUID="mysql" OGID="mysql"
type=PROCTITLE msg=audit(1765889523.561:2345): proctitle=2F7573722F7362696E2F61706163686532002D6B007374617274
type=SYSCALL msg=audit(1765889523.563:2346): arch=c000003e syscall=42 success=yes exit=0 a0=d a1=7ffccd6b7480 a2=1d a3=1 items=1 ppid=886 pid=1526 auid=4294967295 uid=33 gid=33 euid=33 suid=33 fsuid=33 egid=33 sgid=33 fsgid=33 tty=(none) ses=4294967295 comm="apache2" exe="/usr/sbin/apache2" subj=unconfined key="T1043_Commonly_Used_Port"ARCH=x86_64 SYSCALL=connect AUID="unset" UID="www-data" GID="www-data" EUID="www-data" SUID="www-data" FSUID="www-data" EGID="www-data" SGID="www-data" FSGID="www-data"
type=SOCKADDR msg=audit(1765889523.563:2346): saddr=01002F7661722F72756E2F6D7973716C642F6D7973716C642E736F636BSADDR={ saddr_fam=local path=/var/run/mysqld/mysqld.sock }
type=PATH msg=audit(1765889523.563:2346): item=0 name="/var/run/mysqld/mysqld.sock" inode=1342 dev=00:18 mode=0140777 ouid=111 ogid=111 rdev=00:00 nametype=NORMAL cap_fp=0 cap_fi=0 cap_fe=0 cap_fver=0 cap_frootid=0OUID="mysql" OGID="mysql"
type=PROCTITLE msg=audit(1765889523.563:2346): proctitle=2F7573722F7362696E2F61706163686532002D6B007374617274
type=SYSCALL msg=audit(1765889523.565:2347): arch=c000003e syscall=42 success=yes exit=0 a0=d a1=7ffccd6b7480 a2=1d a3=1 items=1 ppid=886 pid=1392 auid=4294967295 uid=33 gid=33 euid=33 suid=33 fsuid=33 egid=33 sgid=33 fsgid=33 tty=(none) ses=4294967295 comm="apache2" exe="/usr/sbin/apache2" subj=unconfined key="T1043_Commonly_Used_Port"ARCH=x86_64 SYSCALL=connect AUID="unset" UID="www-data" GID="www-data" EUID="www-data" SUID="www-data" FSUID="www-data" EGID="www-data" SGID="www-data" FSGID="www-data"
type=SOCKADDR msg=audit(1765889523.565:2347): saddr=01002F7661722F72756E2F6D7973716C642F6D7973716C642E736F636BSADDR={ saddr_fam=local path=/var/run/mysqld/mysqld.sock }
type=PATH msg=audit(1765889523.565:2347): item=0 name="/var/run/mysqld/mysqld.sock" inode=1342 dev=00:18 mode=0140777 ouid=111 ogid=111 rdev=00:00 nametype=NORMAL cap_fp=0 cap_fi=0 cap_fe=0 cap_fver=0 cap_frootid=0OUID="mysql" OGID="mysql"
type=PROCTITLE msg=audit(1765889523.565:2347): proctitle=2F7573722F7362696E2F61706163686532002D6B007374617274
type=SYSCALL msg=audit(1765889528.979:2348): arch=c000003e syscall=42 success=no exit=-115 a0=b a1=78b8f63eae20 a2=1c a3=b items=0 ppid=1 pid=886 auid=4294967295 uid=0 gid=0 euid=0 suid=0 fsuid=0 egid=0 sgid=0 fsgid=0 tty=(none) ses=4294967295 comm="apache2" exe="/usr/sbin/apache2" subj=unconfined key="T1043_Commonly_Used_Port"ARCH=x86_64 SYSCALL=connect AUID="unset" UID="root" GID="root" EUID="root" SUID="root" FSUID="root" EGID="root" SGID="root" FSGID="root"
type=SOCKADDR msg=audit(1765889528.979:2348): saddr=0A000050000000000000000000000000000000000000000000000000SADDR={ saddr_fam=inet6 laddr=:: lport=80 }
type=PROCTITLE msg=audit(1765889528.979:2348): proctitle=2F7573722F7362696E2F61706163686532002D6B007374617274
type=SYSCALL msg=audit(1765889536.449:2349): arch=c000003e syscall=59 success=yes exit=0 a0=58f859797970 a1=58f859750740 a2=58f859651cc0 a3=58f85966de70 items=2 ppid=1454 pid=1540 auid=1000 uid=0 gid=0 euid=0 suid=0 fsuid=0 egid=0 sgid=0 fsgid=0 tty=pts3 ses=4 comm="tail" exe="/usr/bin/tail" subj=unconfined key="T1078_Valid_Accounts"ARCH=x86_64 SYSCALL=execve AUID="vboxuser" UID="root" GID="root" EUID="root" SUID="root" FSUID="root" EGID="root" SGID="root" FSGID="root"
type=EXECVE msg=audit(1765889536.449:2349): argc=4 a0="tail" a1="-c" a2="+10438090" a3="/var/www/nextcloud/data/nextcloud.log"
type=PATH msg=audit(1765889536.449:2349): item=0 name="/usr/bin/tail" inode=1442904 dev=08:02 mode=0100755 ouid=0 ogid=0 rdev=00:00 nametype=NORMAL cap_fp=0 cap_fi=0 cap_fe=0 cap_fver=0 cap_frootid=0OUID="root" OGID="root"
type=PATH msg=audit(1765889536.449:2349): item=1 name="/lib64/ld-linux-x86-64.so.2" inode=1481429 dev=08:02 mode=0100755 ouid=0 ogid=0 rdev=00:00 nametype=NORMAL cap_fp=0 cap_fi=0 cap_fe=0 cap_fver=0 cap_frootid=0OUID="root" OGID="root"
type=PROCTITLE msg=audit(1765889536.449:2349): proctitle=7461696C002D63002B3130343338303930002F7661722F7777772F6E657874636C6F75642F646174612F6E657874636C6F75642E6C6F67
type=SYSCALL msg=audit(1765889536.565:2350): arch=c000003e syscall=59 success=yes exit=0 a0=58f859797a30 a1=58f859750aa0 a2=58f859651cc0 a3=58f859797480 items=2 ppid=1454 pid=1541 auid=1000 uid=0 gid=0 euid=0 suid=0 fsuid=0 egid=0 sgid=0 fsgid=0 tty=pts3 ses=4 comm="tail" exe="/usr/bin/tail" subj=unconfined key="T1078_Valid_Accounts"ARCH=x86_64 SYSCALL=execve AUID="vboxuser" UID="root" GID="root" EUID="root" SUID="root" FSUID="root" EGID="root" SGID="root" FSGID="root"
type=EXECVE msg=audit(1765889536.565:2350): argc=4 a0="tail" a1="-c" a2="+864223" a3="/var/log/syslog"
type=PATH msg=audit(1765889536.565:2350): item=0 name="/usr/bin/tail" inode=1442904 dev=08:02 mode=0100755 ouid=0 ogid=0 rdev=00:00 nametype=NORMAL cap_fp=0 cap_fi=0 cap_fe=0 cap_fver=0 cap_frootid=0OUID="root" OGID="root"
type=PATH msg=audit(1765889536.565:2350): item=1 name="/lib64/ld-linux-x86-64.so.2" inode=1481429 dev=08:02 mode=0100755 ouid=0 ogid=0 rdev=00:00 nametype=NORMAL cap_fp=0 cap_fi=0 cap_fe=0 cap_fver=0 cap_frootid=0OUID="root" OGID="root"
type=PROCTITLE msg=audit(1765889536.565:2350): proctitle=7461696C002D63002B383634323233002F7661722F6C6F672F7379736C6F67
type=SYSCALL msg=audit(1765889536.647:2351): arch=c000003e syscall=59 success=yes exit=0 a0=58f859730e90 a1=58f859750aa0 a2=58f859651cc0 a3=58f859797b30 items=2 ppid=1454 pid=1542 auid=1000 uid=0 gid=0 euid=0 suid=0 fsuid=0 egid=0 sgid=0 fsgid=0 tty=pts3 ses=4 comm="tail" exe="/usr/bin/tail" subj=unconfined key="T1078_Valid_Accounts"ARCH=x86_64 SYSCALL=execve AUID="vboxuser" UID="root" GID="root" EUID="root" SUID="root" FSUID="root" EGID="root" SGID="root" FSGID="root"
type=EXECVE msg=audit(1765889536.647:2351): argc=4 a0="tail" a1="-c" a2="+55757" a3="/var/log/auth.log"
type=PATH msg=audit(1765889536.647:2351): item=0 name="/usr/bin/tail" inode=1442904 dev=08:02 mode=0100755 ouid=0 ogid=0 rdev=00:00 nametype=NORMAL cap_fp=0 cap_fi=0 cap_fe=0 cap_fver=0 cap_frootid=0OUID="root" OGID="root"
type=PATH msg=audit(1765889536.647:2351): item=1 name="/lib64/ld-linux-x86-64.so.2" inode=1481429 dev=08:02 mode=0100755 ouid=0 ogid=0 rdev=00:00 nametype=NORMAL cap_fp=0 cap_fi=0 cap_fe=0 cap_fver=0 cap_frootid=0OUID="root" OGID="root"
type=PROCTITLE msg=audit(1765889536.647:2351): proctitle=7461696C002D63002B3535373537002F7661722F6C6F672F617574682E6C6F67
type=SYSCALL msg=audit(1765889536.730:2352): arch=c000003e syscall=59 success=yes exit=0 a0=58f859730e50 a1=58f859750740 a2=58f859651cc0 a3=58f859797b70 items=2 ppid=1454 pid=1543 auid=1000 uid=0 gid=0 euid=0 suid=0 fsuid=0 egid=0 sgid=0 fsgid=0 tty=pts3 ses=4 comm="tail" exe="/usr/bin/tail" subj=unconfined key="T1078_Valid_Accounts"ARCH=x86_64 SYSCALL=execve AUID="vboxuser" UID="root" GID="root" EUID="root" SUID="root" FSUID="root" EGID="root" SGID="root" FSGID="root"
type=EXECVE msg=audit(1765889536.730:2352): argc=4 a0="tail" a1="-c" a2="+150353925" a3="/var/log/audit/audit.log"
type=PATH msg=audit(1765889536.730:2352): item=0 name="/usr/bin/tail" inode=1442904 dev=08:02 mode=0100755 ouid=0 ogid=0 rdev=00:00 nametype=NORMAL cap_fp=0 cap_fi=0 cap_fe=0 cap_fver=0 cap_frootid=0OUID="root" OGID="root"
type=PATH msg=audit(1765889536.730:2352): item=1 name="/lib64/ld-linux-x86-64.so.2" inode=1481429 dev=08:02 mode=0100755 ouid=0 ogid=0 rdev=00:00 nametype=NORMAL cap_fp=0 cap_fi=0 cap_fe=0 cap_fver=0 cap_frootid=0OUID="root" OGID="root"
type=PROCTITLE msg=audit(1765889536.730:2352): proctitle=7461696C002D63002B313530333533393235002F7661722F6C6F672F61756469742F61756469742E6C6F67
type=SYSCALL msg=audit(1765889536.734:2353): arch=c000003e syscall=257 success=yes exit=3 a0=ffffff9c a1=7ffdde3686c3 a2=0 a3=0 items=1 ppid=1454 pid=1543 auid=1000 uid=0 gid=0 euid=0 suid=0 fsuid=0 egid=0 sgid=0 fsgid=0 tty=pts3 ses=4 comm="tail" exe="/usr/bin/tail" subj=unconfined key="auditlog"ARCH=x86_64 SYSCALL=openat AUID="vboxuser" UID="root" GID="root" EUID="root" SUID="root" FSUID="root" EGID="root" SGID="root" FSGID="root"
type=PATH msg=audit(1765889536.734:2353): item=0 name="/var/log/audit/audit.log" inode=659339 dev=08:02 mode=0100640 ouid=0 ogid=4 rdev=00:00 nametype=NORMAL cap_fp=0 cap_fi=0 cap_fe=0 cap_fver=0 cap_frootid=0OUID="root" OGID="adm"
type=PROCTITLE msg=audit(1765889536.734:2353): proctitle=7461696C002D63002B313530333533393235002F7661722F6C6F672F61756469742F61756469742E6C6F67type=SYSCALL msg=audit(1765981066.535:2419): arch=c000003e syscall=42 success=yes exit=0 a0=e a1=7ffe9ba114f0 a2=1d a3=1 items=1 ppid=889 pid=1521 auid=4294967295 uid=33 gid=33 euid=33 suid=33 fsuid=33 egid=33 sgid=33 fsgid=33 tty=(none) ses=4294967295 comm="apache2" exe="/usr/sbin/apache2" subj=unconfined key="T1043_Commonly_Used_Port"ARCH=x86_64 SYSCALL=connect AUID="unset" UID="www-data" GID="www-data" EUID="www-data" SUID="www-data" FSUID="www-data" EGID="www-data" SGID="www-data" FSGID="www-data"
type=SOCKADDR msg=audit(1765981066.535:2419): saddr=01002F7661722F72756E2F6D7973716C642F6D7973716C642E736F636BSADDR={ saddr_fam=local path=/var/run/mysqld/mysqld.sock }
type=PATH msg=audit(1765981066.535:2419): item=0 name="/var/run/mysqld/mysqld.sock" inode=1361 dev=00:18 mode=0140777 ouid=111 ogid=111 rdev=00:00 nametype=NORMAL cap_fp=0 cap_fi=0 cap_fe=0 cap_fver=0 cap_frootid=0OUID="mysql" OGID="mysql"
type=PROCTITLE msg=audit(1765981066.535:2419): proctitle=2F7573722F7362696E2F61706163686532002D6B007374617274
type=SYSCALL msg=audit(1765981066.817:2420): arch=c000003e syscall=106 success=yes exit=0 a0=21 a1=7fb70bbbd4a0 a2=0 a3=22 items=0 ppid=889 pid=1598 auid=4294967295 uid=0 gid=33 euid=0 suid=0 fsuid=0 egid=33 sgid=33 fsgid=33 tty=(none) ses=4294967295 comm="apache2" exe="/usr/sbin/apache2" subj=unconfined key="T1166_Seuid_and_Setgid"ARCH=x86_64 SYSCALL=setgid AUID="unset" UID="root" GID="www-data" EUID="root" SUID="root" FSUID="root" EGID="www-data" SGID="www-data" FSGID="www-data"
type=PROCTITLE msg=audit(1765981066.817:2420): proctitle=2F7573722F7362696E2F61706163686532002D6B007374617274
type=SYSCALL msg=audit(1765981066.817:2421): arch=c000003e syscall=42 success=yes exit=0 a0=c a1=7ffe9ba149c0 a2=2d a3=601dea296300 items=1 ppid=889 pid=1598 auid=4294967295 uid=0 gid=33 euid=0 suid=0 fsuid=0 egid=33 sgid=33 fsgid=33 tty=(none) ses=4294967295 comm="apache2" exe="/usr/sbin/apache2" subj=unconfined key="T1043_Commonly_Used_Port"ARCH=x86_64 SYSCALL=connect AUID="unset" UID="root" GID="www-data" EUID="root" SUID="root" FSUID="root" EGID="www-data" SGID="www-data" FSGID="www-data"
type=SOCKADDR msg=audit(1765981066.817:2421): saddr=01002F72756E2F73797374656D642F7573657264622F696F2E73797374656D642E44796E616D69635573657200SADDR={ saddr_fam=local path=/run/systemd/userdb/io.systemd.DynamicUser }
type=PATH msg=audit(1765981066.817:2421): item=0 name="/run/systemd/userdb/io.systemd.DynamicUser" inode=449 dev=00:18 mode=0140666 ouid=0 ogid=0 rdev=00:00 nametype=NORMAL cap_fp=0 cap_fi=0 cap_fe=0 cap_fver=0 cap_frootid=0OUID="root" OGID="root"
type=PROCTITLE msg=audit(1765981066.817:2421): proctitle=2F7573722F7362696E2F61706163686532002D6B007374617274
type=SYSCALL msg=audit(1765981066.817:2422): arch=c000003e syscall=105 success=yes exit=0 a0=21 a1=601dea10de70 a2=601bebf7c8cd a3=601dea10de80 items=0 ppid=889 pid=1598 auid=4294967295 uid=33 gid=33 euid=33 suid=33 fsuid=33 egid=33 sgid=33 fsgid=33 tty=(none) ses=4294967295 comm="apache2" exe="/usr/sbin/apache2" subj=unconfined key="T1166_Seuid_and_Setgid"ARCH=x86_64 SYSCALL=setuid AUID="unset" UID="www-data" GID="www-data" EUID="www-data" SUID="www-data" FSUID="www-data" EGID="www-data" SGID="www-data" FSGID="www-data"
type=PROCTITLE msg=audit(1765981066.817:2422): proctitle=2F7573722F7362696E2F61706163686532002D6B007374617274
type=SYSCALL msg=audit(1765981079.461:2423): arch=c000003e syscall=59 success=yes exit=0 a0=5e5bb4de4ad0 a1=5e5bb4deae50 a2=5e5bb4d76960 a3=8 items=2 ppid=1302 pid=1603 auid=1000 uid=0 gid=0 euid=0 suid=0 fsuid=0 egid=0 sgid=0 fsgid=0 tty=pts1 ses=1 comm="grep" exe="/usr/bin/grep" subj=unconfined key="T1078_Valid_Accounts"ARCH=x86_64 SYSCALL=execve AUID="vboxuser" UID="root" GID="root" EUID="root" SUID="root" FSUID="root" EGID="root" SGID="root" FSGID="root"
type=EXECVE msg=audit(1765981079.461:2423): argc=3 a0="grep" a1="-q" a2="function"
type=PATH msg=audit(1765981079.461:2423): item=0 name="/usr/bin/grep" inode=1442450 dev=08:02 mode=0100755 ouid=0 ogid=0 rdev=00:00 nametype=NORMAL cap_fp=0 cap_fi=0 cap_fe=0 cap_fver=0 cap_frootid=0OUID="root" OGID="root"
type=PATH msg=audit(1765981079.461:2423): item=1 name="/lib64/ld-linux-x86-64.so.2" inode=1481429 dev=08:02 mode=0100755 ouid=0 ogid=0 rdev=00:00 nametype=NORMAL cap_fp=0 cap_fi=0 cap_fe=0 cap_fver=0 cap_frootid=0OUID="root" OGID="root"
type=PROCTITLE msg=audit(1765981079.461:2423): proctitle=67726570002D710066756E6374696F6E
type=SYSCALL msg=audit(1765981084.025:2424): arch=c000003e syscall=59 success=yes exit=0 a0=7fff397b0080 a1=7fff397b00a0 a2=7fff397b0ba8 a3=8 items=2 ppid=1 pid=1614 auid=4294967295 uid=0 gid=0 euid=0 suid=0 fsuid=0 egid=0 sgid=0 fsgid=0 tty=(none) ses=4294967295 comm="9" exe="/usr/lib/systemd/systemd-executor" subj=unconfined key="T1078_Valid_Accounts"ARCH=x86_64 SYSCALL=execve AUID="unset" UID="root" GID="root" EUID="root" SUID="root" FSUID="root" EGID="root" SGID="root" FSGID="root"
type=EXECVE msg=audit(1765981084.025:2424): argc=7 a0="/usr/lib/systemd/systemd-executor" a1="--deserialize" a2="26" a3="--log-level" a4="info" a5="--log-target" a6="journal-or-kmsg"
type=PATH msg=audit(1765981084.025:2424): item=0 name="/proc/self/fd/9" inode=1463834 dev=08:02 mode=0100755 ouid=0 ogid=0 rdev=00:00 nametype=NORMAL cap_fp=0 cap_fi=0 cap_fe=0 cap_fver=0 cap_frootid=0OUID="root" OGID="root"
type=PATH msg=audit(1765981084.025:2424): item=1 name="/lib64/ld-linux-x86-64.so.2" inode=1481429 dev=08:02 mode=0100755 ouid=0 ogid=0 rdev=00:00 nametype=NORMAL cap_fp=0 cap_fi=0 cap_fe=0 cap_fver=0 cap_frootid=0OUID="root" OGID="root"
type=PROCTITLE msg=audit(1765981084.025:2424): proctitle=2F7573722F6C69622F73797374656D642F73797374656D642D6578656375746F72002D2D646573657269616C697A65003236002D2D6C6F672D6C6576656C00696E666F002D2D6C6F672D746172676574006A6F75726E616C2D6F722D6B6D7367
type=SYSCALL msg=audit(1765981084.037:2425): arch=c000003e syscall=42 success=yes exit=0 a0=4 a1=7ffcdbd57cc0 a2=1e a3=7ffcdbd57d70 items=1 ppid=1 pid=1614 auid=4294967295 uid=0 gid=0 euid=0 suid=0 fsuid=0 egid=0 sgid=0 fsgid=0 tty=(none) ses=4294967295 comm="9" exe="/usr/lib/systemd/systemd-executor" subj=unconfined key="T1043_Commonly_Used_Port"ARCH=x86_64 SYSCALL=connect AUID="unset" UID="root" GID="root" EUID="root" SUID="root" FSUID="root" EGID="root" SGID="root" FSGID="root"
type=SOCKADDR msg=audit(1765981084.037:2425): saddr=01002F72756E2F73797374656D642F6A6F75726E616C2F736F636B657400SADDR={ saddr_fam=local path=/run/systemd/journal/socket }
type=PATH msg=audit(1765981084.037:2425): item=0 name="/run/systemd/journal/socket" inode=462 dev=00:18 mode=0140666 ouid=0 ogid=0 rdev=00:00 nametype=NORMAL cap_fp=0 cap_fi=0 cap_fe=0 cap_fver=0 cap_frootid=0OUID="root" OGID="root"
type=PROCTITLE msg=audit(1765981084.037:2425): proctitle=2F7573722F6C69622F73797374656D642F73797374656D642D6578656375746F72002D2D646573657269616C697A65003236002D2D6C6F672D6C6576656C00696E666F002D2D6C6F672D746172676574006A6F75726E616C2D6F722D6B6D7367
type=SYSCALL msg=audit(1765981084.039:2426): arch=c000003e syscall=42 success=yes exit=0 a0=3 a1=7ffcdbd57840 a2=1e a3=fffffff7 items=1 ppid=1 pid=1614 auid=4294967295 uid=0 gid=0 euid=0 suid=0 fsuid=0 egid=0 sgid=0 fsgid=0 tty=(none) ses=4294967295 comm="(wnloader)" exe="/usr/lib/systemd/systemd-executor" subj=unconfined key="T1043_Commonly_Used_Port"ARCH=x86_64 SYSCALL=connect AUID="unset" UID="root" GID="root" EUID="root" SUID="root" FSUID="root" EGID="root" SGID="root" FSGID="root"
type=SOCKADDR msg=audit(1765981084.039:2426): saddr=01002F72756E2F73797374656D642F6A6F75726E616C2F7374646F757400SADDR={ saddr_fam=local path=/run/systemd/journal/stdout }
type=PATH msg=audit(1765981084.039:2426): item=0 name="/run/systemd/journal/stdout" inode=463 dev=00:18 mode=0140666 ouid=0 ogid=0 rdev=00:00 nametype=NORMAL cap_fp=0 cap_fi=0 cap_fe=0 cap_fver=0 cap_frootid=0OUID="root" OGID="root"
type=PROCTITLE msg=audit(1765981084.039:2426): proctitle=2F7573722F6C69622F73797374656D642F73797374656D642D6578656375746F72002D2D646573657269616C697A65003236002D2D6C6F672D6C6576656C00696E666F002D2D6C6F672D746172676574006A6F75726E616C2D6F722D6B6D7367
type=SYSCALL msg=audit(1765981084.039:2427): arch=c000003e syscall=59 success=yes exit=0 a0=639d10c33090 a1=639d10c33070 a2=639d10c32d90 a3=639d10c33990 items=3 ppid=1 pid=1614 auid=4294967295 uid=0 gid=0 euid=0 suid=0 fsuid=0 egid=0 sgid=0 fsgid=0 tty=(none) ses=4294967295 comm="package-data-do" exe="/usr/bin/python3.12" subj=unconfined key="T1078_Valid_Accounts"ARCH=x86_64 SYSCALL=execve AUID="unset" UID="root" GID="root" EUID="root" SUID="root" FSUID="root" EGID="root" SGID="root" FSGID="root"
type=EXECVE msg=audit(1765981084.039:2427): argc=2 a0="/usr/bin/python3" a1="/usr/lib/update-notifier/package-data-downloader"
type=PATH msg=audit(1765981084.039:2427): item=0 name="/usr/lib/update-notifier/package-data-downloader" inode=1455128 dev=08:02 mode=0100755 ouid=0 ogid=0 rdev=00:00 nametype=NORMAL cap_fp=0 cap_fi=0 cap_fe=0 cap_fver=0 cap_frootid=0OUID="root" OGID="root"
type=PATH msg=audit(1765981084.039:2427): item=1 name="/usr/bin/python3" inode=1441874 dev=08:02 mode=0100755 ouid=0 ogid=0 rdev=00:00 nametype=NORMAL cap_fp=0 cap_fi=0 cap_fe=0 cap_fver=0 cap_frootid=0OUID="root" OGID="root"
type=PATH msg=audit(1765981084.039:2427): item=2 name="/lib64/ld-linux-x86-64.so.2" inode=1481429 dev=08:02 mode=0100755 ouid=0 ogid=0 rdev=00:00 nametype=NORMAL cap_fp=0 cap_fi=0 cap_fe=0 cap_fver=0 cap_frootid=0OUID="root" OGID="root"
type=PROCTITLE msg=audit(1765981084.039:2427): proctitle=2F7573722F6C69622F73797374656D642F73797374656D642D6578656375746F72002D2D646573657269616C697A65003236002D2D6C6F672D6C6576656C00696E666F002D2D6C6F672D746172676574006A6F75726E616C2D6F722D6B6D7367
type=SERVICE_START msg=audit(1765981084.208:2428): pid=1 uid=0 auid=4294967295 ses=4294967295 subj=unconfined msg='unit=update-notifier-download comm="systemd" exe="/usr/lib/systemd/systemd" hostname=? addr=? terminal=? res=success'UID="root" AUID="unset"
type=SERVICE_STOP msg=audit(1765981084.208:2429): pid=1 uid=0 auid=4294967295 ses=4294967295 subj=unconfined msg='unit=update-notifier-download comm="systemd" exe="/usr/lib/systemd/systemd" hostname=? addr=? terminal=? res=success'UID="root" AUID="unset"
type=SYSCALL msg=audit(1765981113.628:2430): arch=c000003e syscall=59 success=yes exit=0 a0=5e5bb4dec870 a1=5e5bb4d90020 a2=5e5bb4d76960 a3=5e5bb4de0f80 items=2 ppid=1302 pid=1630 auid=1000 uid=0 gid=0 euid=0 suid=0 fsuid=0 egid=0 sgid=0 fsgid=0 tty=pts1 ses=1 comm="less" exe="/usr/bin/less" subj=unconfined key="T1078_Valid_Accounts"ARCH=x86_64 SYSCALL=execve AUID="vboxuser" UID="root" GID="root" EUID="root" SUID="root" FSUID="root" EGID="root" SGID="root" FSGID="root"
type=EXECVE msg=audit(1765981113.628:2430): argc=2 a0="less" a1="/var/log/apache2/nextcloud.local-error.log"
type=PATH msg=audit(1765981113.628:2430): item=0 name="/usr/bin/less" inode=1442509 dev=08:02 mode=0100755 ouid=0 ogid=0 rdev=00:00 nametype=NORMAL cap_fp=0 cap_fi=0 cap_fe=0 cap_fver=0 cap_frootid=0OUID="root" OGID="root"
type=PATH msg=audit(1765981113.628:2430): item=1 name="/lib64/ld-linux-x86-64.so.2" inode=1481429 dev=08:02 mode=0100755 ouid=0 ogid=0 rdev=00:00 nametype=NORMAL cap_fp=0 cap_fi=0 cap_fe=0 cap_fver=0 cap_frootid=0OUID="root" OGID="root"
type=PROCTITLE msg=audit(1765981113.628:2430): proctitle=6C657373002F7661722F6C6F672F617061636865322F6E657874636C6F75642E6C6F63616C2D6572726F722E6C6F67
type=SYSCALL msg=audit(1765981113.648:2431): arch=c000003e syscall=59 success=yes exit=0 a0=73419d1cb42f a1=7ffe3b5570a0 a2=7ffe3b557610 a3=8 items=2 ppid=1630 pid=1631 auid=1000 uid=0 gid=0 euid=0 suid=0 fsuid=0 egid=0 sgid=0 fsgid=0 tty=pts1 ses=1 comm="sh" exe="/usr/bin/dash" subj=unconfined key="T1078_Valid_Accounts"ARCH=x86_64 SYSCALL=execve AUID="vboxuser" UID="root" GID="root" EUID="root" SUID="root" FSUID="root" EGID="root" SGID="root" FSGID="root"
type=EXECVE msg=audit(1765981113.648:2431): argc=4 a0="sh" a1="-c" a2="--" a3=2F62696E2F62617368202D63205C202F7573722F62696E2F6C657373706970655C202F7661722F6C6F672F617061636865322F6E657874636C6F75642E6C6F63616C2D6572726F722E6C6F67
type=PATH msg=audit(1765981113.648:2431): item=0 name="/bin/sh" inode=1442345 dev=08:02 mode=0100755 ouid=0 ogid=0 rdev=00:00 nametype=NORMAL cap_fp=0 cap_fi=0 cap_fe=0 cap_fver=0 cap_frootid=0OUID="root" OGID="root"
type=PATH msg=audit(1765981113.648:2431): item=1 name="/lib64/ld-linux-x86-64.so.2" inode=1481429 dev=08:02 mode=0100755 ouid=0 ogid=0 rdev=00:00 nametype=NORMAL cap_fp=0 cap_fi=0 cap_fe=0 cap_fver=0 cap_frootid=0OUID="root" OGID="root"
type=PROCTITLE msg=audit(1765981113.648:2431): proctitle=7368002D63002D2D002F62696E2F62617368202D63205C202F7573722F62696E2F6C657373706970655C202F7661722F6C6F672F617061636865322F6E657874636C6F75642E6C6F63616C2D6572726F722E6C6F67
type=SYSCALL msg=audit(1765981113.654:2432): arch=c000003e syscall=59 success=yes exit=0 a0=60c2770035d0 a1=60c277003660 a2=60c2a22ff7a8 a3=1 items=2 ppid=1631 pid=1632 auid=1000 uid=0 gid=0 euid=0 suid=0 fsuid=0 egid=0 sgid=0 fsgid=0 tty=pts1 ses=1 comm="bash" exe="/usr/bin/bash" subj=unconfined key="T1078_Valid_Accounts"ARCH=x86_64 SYSCALL=execve AUID="vboxuser" UID="root" GID="root" EUID="root" SUID="root" FSUID="root" EGID="root" SGID="root" FSGID="root"
type=EXECVE msg=audit(1765981113.654:2432): argc=3 a0="/bin/bash" a1="-c" a2=202F7573722F62696E2F6C65737370697065202F7661722F6C6F672F617061636865322F6E657874636C6F75642E6C6F63616C2D6572726F722E6C6F67
type=PATH msg=audit(1765981113.654:2432): item=0 name="/bin/bash" inode=1442260 dev=08:02 mode=0100755 ouid=0 ogid=0 rdev=00:00 nametype=NORMAL cap_fp=0 cap_fi=0 cap_fe=0 cap_fver=0 cap_frootid=0OUID="root" OGID="root"
type=PATH msg=audit(1765981113.654:2432): item=1 name="/lib64/ld-linux-x86-64.so.2" inode=1481429 dev=08:02 mode=0100755 ouid=0 ogid=0 rdev=00:00 nametype=NORMAL cap_fp=0 cap_fi=0 cap_fe=0 cap_fver=0 cap_frootid=0OUID="root" OGID="root"
type=PROCTITLE msg=audit(1765981113.654:2432): proctitle=2F62696E2F62617368002D6300202F7573722F62696E2F6C65737370697065202F7661722F6C6F672F617061636865322F6E657874636C6F75642E6C6F63616C2D6572726F722E6C6F67
type=SYSCALL msg=audit(1765981113.659:2433): arch=c000003e syscall=59 success=yes exit=0 a0=5dd5591f45e0 a1=5dd5591f2b50 a2=5dd5591f1db0 a3=8 items=3 ppid=1631 pid=1632 auid=1000 uid=0 gid=0 euid=0 suid=0 fsuid=0 egid=0 sgid=0 fsgid=0 tty=pts1 ses=1 comm="lesspipe" exe="/usr/bin/dash" subj=unconfined key="T1078_Valid_Accounts"ARCH=x86_64 SYSCALL=execve AUID="vboxuser" UID="root" GID="root" EUID="root" SUID="root" FSUID="root" EGID="root" SGID="root" FSGID="root"
type=EXECVE msg=audit(1765981113.659:2433): argc=3 a0="/bin/sh" a1="/usr/bin/lesspipe" a2="/var/log/apache2/nextcloud.local-error.log"
type=PATH msg=audit(1765981113.659:2433): item=0 name="/usr/bin/lesspipe" inode=1442512 dev=08:02 mode=0100755 ouid=0 ogid=0 rdev=00:00 nametype=NORMAL cap_fp=0 cap_fi=0 cap_fe=0 cap_fver=0 cap_frootid=0OUID="root" OGID="root"
type=PATH msg=audit(1765981113.659:2433): item=1 name="/bin/sh" inode=1442345 dev=08:02 mode=0100755 ouid=0 ogid=0 rdev=00:00 nametype=NORMAL cap_fp=0 cap_fi=0 cap_fe=0 cap_fver=0 cap_frootid=0OUID="root" OGID="root"
type=PATH msg=audit(1765981113.659:2433): item=2 name="/lib64/ld-linux-x86-64.so.2" inode=1481429 dev=08:02 mode=0100755 ouid=0 ogid=0 rdev=00:00 nametype=NORMAL cap_fp=0 cap_fi=0 cap_fe=0 cap_fver=0 cap_frootid=0OUID="root" OGID="root"
type=PROCTITLE msg=audit(1765981113.659:2433): proctitle=2F62696E2F62617368002D6300202F7573722F62696E2F6C65737370697065202F7661722F6C6F672F617061636865322F6E657874636C6F75642E6C6F63616C2D6572726F722E6C6F67
type=SYSCALL msg=audit(1765981113.666:2434): arch=c000003e syscall=59 success=yes exit=0 a0=6354e66b8918 a1=6354d17f6600 a2=6354e66b8878 a3=1 items=2 ppid=1632 pid=1633 auid=1000 uid=0 gid=0 euid=0 suid=0 fsuid=0 egid=0 sgid=0 fsgid=0 tty=pts1 ses=1 comm="basename" exe="/usr/bin/basename" subj=unconfined key="T1078_Valid_Accounts"ARCH=x86_64 SYSCALL=execve AUID="vboxuser" UID="root" GID="root" EUID="root" SUID="root" FSUID="root" EGID="root" SGID="root" FSGID="root"
type=EXECVE msg=audit(1765981113.666:2434): argc=2 a0="basename" a1="/usr/bin/lesspipe"
type=PATH msg=audit(1765981113.666:2434): item=0 name="/usr/bin/basename" inode=1442258 dev=08:02 mode=0100755 ouid=0 ogid=0 rdev=00:00 nametype=NORMAL cap_fp=0 cap_fi=0 cap_fe=0 cap_fver=0 cap_frootid=0OUID="root" OGID="root"
type=PATH msg=audit(1765981113.666:2434): item=1 name="/lib64/ld-linux-x86-64.so.2" inode=1481429 dev=08:02 mode=0100755 ouid=0 ogid=0 rdev=00:00 nametype=NORMAL cap_fp=0 cap_fi=0 cap_fe=0 cap_fver=0 cap_frootid=0OUID="root" OGID="root"
type=PROCTITLE msg=audit(1765981113.666:2434): proctitle=626173656E616D65002F7573722F62696E2F6C65737370697065
type=SYSCALL msg=audit(1765981113.675:2435): arch=c000003e syscall=59 success=yes exit=0 a0=6354e66c48b0 a1=6354e66c47f0 a2=6354e66c4810 a3=6354e66c4a10 items=2 ppid=1635 pid=1637 auid=1000 uid=0 gid=0 euid=0 suid=0 fsuid=0 egid=0 sgid=0 fsgid=0 tty=pts1 ses=1 comm="tr" exe="/usr/bin/tr" subj=unconfined key="T1078_Valid_Accounts"ARCH=x86_64 SYSCALL=execve AUID="vboxuser" UID="root" GID="root" EUID="root" SUID="root" FSUID="root" EGID="root" SGID="root" FSGID="root"
type=EXECVE msg=audit(1765981113.675:2435): argc=3 a0="tr" a1="[:upper:]" a2="[:lower:]"
type=PATH msg=audit(1765981113.675:2435): item=0 name="/usr/bin/tr" inode=1442926 dev=08:02 mode=0100755 ouid=0 ogid=0 rdev=00:00 nametype=NORMAL cap_fp=0 cap_fi=0 cap_fe=0 cap_fver=0 cap_frootid=0OUID="root" OGID="root"
type=PATH msg=audit(1765981113.675:2435): item=1 name="/lib64/ld-linux-x86-64.so.2" inode=1481429 dev=08:02 mode=0100755 ouid=0 ogid=0 rdev=00:00 nametype=NORMAL cap_fp=0 cap_fi=0 cap_fe=0 cap_fver=0 cap_frootid=0OUID="root" OGID="root"
type=PROCTITLE msg=audit(1765981113.675:2435): proctitle=7472005B3A75707065723A5D005B3A6C6F7765723A5D
type=SYSCALL msg=audit(1765981115.503:2436): arch=c000003e syscall=91 success=yes exit=0 a0=4 a1=180 a2=0 a3=1b6 items=1 ppid=1302 pid=1630 auid=1000 uid=0 gid=0 euid=0 suid=0 fsuid=0 egid=0 sgid=0 fsgid=0 tty=pts1 ses=1 comm="less" exe="/usr/bin/less" subj=unconfined key="T1166_Seuid_and_Setgid"ARCH=x86_64 SYSCALL=fchmod AUID="vboxuser" UID="root" GID="root" EUID="root" SUID="root" FSUID="root" EGID="root" SGID="root" FSGID="root"
type=PATH msg=audit(1765981115.503:2436): item=0 name=(null) inode=1049747 dev=08:02 mode=0100644 ouid=0 ogid=0 rdev=00:00 nametype=NORMAL cap_fp=0 cap_fi=0 cap_fe=0 cap_fver=0 cap_frootid=0OUID="root" OGID="root"
type=PROCTITLE msg=audit(1765981115.503:2436): proctitle=6C657373002F7661722F6C6F672F617061636865322F6E657874636C6F75642E6C6F63616C2D6572726F722E6C6F67
type=SYSCALL msg=audit(1765981115.503:2437): arch=c000003e syscall=82 success=yes exit=0 a0=55e69eff6d20 a1=55e69eff6d00 a2=55e3c0969292 a3=55e69efe2320 items=5 ppid=1302 pid=1630 auid=1000 uid=0 gid=0 euid=0 suid=0 fsuid=0 egid=0 sgid=0 fsgid=0 tty=pts1 ses=1 comm="less" exe="/usr/bin/less" subj=unconfined key="T1107_File_Deletion"ARCH=x86_64 SYSCALL=rename AUID="vboxuser" UID="root" GID="root" EUID="root" SUID="root" FSUID="root" EGID="root" SGID="root" FSGID="root"
type=PATH msg=audit(1765981115.503:2437): item=0 name="/root/" inode=1048578 dev=08:02 mode=040700 ouid=0 ogid=0 rdev=00:00 nametype=PARENT cap_fp=0 cap_fi=0 cap_fe=0 cap_fver=0 cap_frootid=0OUID="root" OGID="root"
type=PATH msg=audit(1765981115.503:2437): item=1 name="/root/" inode=1048578 dev=08:02 mode=040700 ouid=0 ogid=0 rdev=00:00 nametype=PARENT cap_fp=0 cap_fi=0 cap_fe=0 cap_fver=0 cap_frootid=0OUID="root" OGID="root"
type=PATH msg=audit(1765981115.503:2437): item=2 name="/root/.lesshsQ" inode=1049747 dev=08:02 mode=0100600 ouid=0 ogid=0 rdev=00:00 nametype=DELETE cap_fp=0 cap_fi=0 cap_fe=0 cap_fver=0 cap_frootid=0OUID="root" OGID="root"
type=PATH msg=audit(1765981115.503:2437): item=3 name="/root/.lesshst" inode=1050534 dev=08:02 mode=0100600 ouid=0 ogid=0 rdev=00:00 nametype=DELETE cap_fp=0 cap_fi=0 cap_fe=0 cap_fver=0 cap_frootid=0OUID="root" OGID="root"
type=PATH msg=audit(1765981115.503:2437): item=4 name="/root/.lesshst" inode=1049747 dev=08:02 mode=0100600 ouid=0 ogid=0 rdev=00:00 nametype=CREATE cap_fp=0 cap_fi=0 cap_fe=0 cap_fver=0 cap_frootid=0OUID="root" OGID="root"
type=PROCTITLE msg=audit(1765981115.503:2437): proctitle=6C657373002F7661722F6C6F672F617061636865322F6E657874636C6F75642E6C6F63616C2D6572726F722E6C6F67
type=SYSCALL msg=audit(1765981132.171:2438): arch=c000003e syscall=59 success=yes exit=0 a0=5e5bb4ddf230 a1=5e5bb4dedba0 a2=5e5bb4d76960 a3=5e5bb4dfcbf0 items=2 ppid=1302 pid=1650 auid=1000 uid=0 gid=0 euid=0 suid=0 fsuid=0 egid=0 sgid=0 fsgid=0 tty=pts1 ses=1 comm="cat" exe="/usr/bin/cat" subj=unconfined key="T1078_Valid_Accounts"ARCH=x86_64 SYSCALL=execve AUID="vboxuser" UID="root" GID="root" EUID="root" SUID="root" FSUID="root" EGID="root" SGID="root" FSGID="root"
type=EXECVE msg=audit(1765981132.171:2438): argc=3 a0="cat" a1="/var/log/apache2/nextcloud.local-access.log" a2="/var/log/apache2/nextcloud.local-error.log"
type=PATH msg=audit(1765981132.171:2438): item=0 name="/usr/bin/cat" inode=1442301 dev=08:02 mode=0100755 ouid=0 ogid=0 rdev=00:00 nametype=NORMAL cap_fp=0 cap_fi=0 cap_fe=0 cap_fver=0 cap_frootid=0OUID="root" OGID="root"
type=PATH msg=audit(1765981132.171:2438): item=1 name="/lib64/ld-linux-x86-64.so.2" inode=1481429 dev=08:02 mode=0100755 ouid=0 ogid=0 rdev=00:00 nametype=NORMAL cap_fp=0 cap_fi=0 cap_fe=0 cap_fver=0 cap_frootid=0OUID="root" OGID="root"
type=PROCTITLE msg=audit(1765981132.171:2438): proctitle=636174002F7661722F6C6F672F617061636865322F6E657874636C6F75642E6C6F63616C2D6163636573732E6C6F67002F7661722F6C6F672F617061636865322F6E657874636C6F75642E6C6F63616C2D6572726F722E6C6F67
type=SYSCALL msg=audit(1765981145.211:2439): arch=c000003e syscall=59 success=yes exit=0 a0=5e5bb4d78520 a1=5e5bb4df5600 a2=5e5bb4d76960 a3=5e5bb4df5600 items=2 ppid=1302 pid=1655 auid=1000 uid=0 gid=0 euid=0 suid=0 fsuid=0 egid=0 sgid=0 fsgid=0 tty=pts1 ses=1 comm="ls" exe="/usr/bin/ls" subj=unconfined key="T1078_Valid_Accounts"ARCH=x86_64 SYSCALL=execve AUID="vboxuser" UID="root" GID="root" EUID="root" SUID="root" FSUID="root" EGID="root" SGID="root" FSGID="root"
type=EXECVE msg=audit(1765981145.211:2439): argc=3 a0="ls" a1="--color=auto" a2="/var/backups/"
type=PATH msg=audit(1765981145.211:2439): item=0 name="/usr/bin/ls" inode=1442533 dev=08:02 mode=0100755 ouid=0 ogid=0 rdev=00:00 nametype=NORMAL cap_fp=0 cap_fi=0 cap_fe=0 cap_fver=0 cap_frootid=0OUID="root" OGID="root"
type=PATH msg=audit(1765981145.211:2439): item=1 name="/lib64/ld-linux-x86-64.so.2" inode=1481429 dev=08:02 mode=0100755 ouid=0 ogid=0 rdev=00:00 nametype=NORMAL cap_fp=0 cap_fi=0 cap_fe=0 cap_fver=0 cap_frootid=0OUID="root" OGID="root"
type=PROCTITLE msg=audit(1765981145.211:2439): proctitle=6C73002D2D636F6C6F723D6175746F002F7661722F6261636B7570732F
type=SYSCALL msg=audit(1765981175.527:2440): arch=c000003e syscall=59 success=yes exit=0 a0=5e5bb4de73d0 a1=5e5bb4de9a40 a2=5e5bb4d76960 a3=5e5bb4dfccb0 items=2 ppid=1302 pid=1678 auid=1000 uid=0 gid=0 euid=0 suid=0 fsuid=0 egid=0 sgid=0 fsgid=0 tty=pts1 ses=1 comm="ls" exe="/usr/bin/ls" subj=unconfined key="T1078_Valid_Accounts"ARCH=x86_64 SYSCALL=execve AUID="vboxuser" UID="root" GID="root" EUID="root" SUID="root" FSUID="root" EGID="root" SGID="root" FSGID="root"
type=EXECVE msg=audit(1765981175.527:2440): argc=3 a0="ls" a1="--color=auto" a2="/var/backups/nextcloud/www/config/config.php"
type=PATH msg=audit(1765981175.527:2440): item=0 name="/usr/bin/ls" inode=1442533 dev=08:02 mode=0100755 ouid=0 ogid=0 rdev=00:00 nametype=NORMAL cap_fp=0 cap_fi=0 cap_fe=0 cap_fver=0 cap_frootid=0OUID="root" OGID="root"
type=PATH msg=audit(1765981175.527:2440): item=1 name="/lib64/ld-linux-x86-64.so.2" inode=1481429 dev=08:02 mode=0100755 ouid=0 ogid=0 rdev=00:00 nametype=NORMAL cap_fp=0 cap_fi=0 cap_fe=0 cap_fver=0 cap_frootid=0OUID="root" OGID="root"
type=PROCTITLE msg=audit(1765981175.527:2440): proctitle=6C73002D2D636F6C6F723D6175746F002F7661722F6261636B7570732F6E657874636C6F75642F7777772F636F6E6669672F636F6E6669672E706870
type=SYSCALL msg=audit(1765981181.056:2441): arch=c000003e syscall=59 success=yes exit=0 a0=5e5bb4de9e50 a1=5e5bb4df13a0 a2=5e5bb4d76960 a3=5e5bb4de4c80 items=2 ppid=1302 pid=1679 auid=1000 uid=0 gid=0 euid=0 suid=0 fsuid=0 egid=0 sgid=0 fsgid=0 tty=pts1 ses=1 comm="cat" exe="/usr/bin/cat" subj=unconfined key="T1078_Valid_Accounts"ARCH=x86_64 SYSCALL=execve AUID="vboxuser" UID="root" GID="root" EUID="root" SUID="root" FSUID="root" EGID="root" SGID="root" FSGID="root"
type=EXECVE msg=audit(1765981181.056:2441): argc=2 a0="cat" a1="/var/backups/nextcloud/www/config/config.php"
type=PATH msg=audit(1765981181.056:2441): item=0 name="/usr/bin/cat" inode=1442301 dev=08:02 mode=0100755 ouid=0 ogid=0 rdev=00:00 nametype=NORMAL cap_fp=0 cap_fi=0 cap_fe=0 cap_fver=0 cap_frootid=0OUID="root" OGID="root"
type=PATH msg=audit(1765981181.056:2441): item=1 name="/lib64/ld-linux-x86-64.so.2" inode=1481429 dev=08:02 mode=0100755 ouid=0 ogid=0 rdev=00:00 nametype=NORMAL cap_fp=0 cap_fi=0 cap_fe=0 cap_fver=0 cap_frootid=0OUID="root" OGID="root"
type=PROCTITLE msg=audit(1765981181.056:2441): proctitle=636174002F7661722F6261636B7570732F6E657874636C6F75642F7777772F636F6E6669672F636F6E6669672E706870
type=SYSCALL msg=audit(1765981204.992:2442): arch=c000003e syscall=59 success=yes exit=0 a0=7fff397b0080 a1=7fff397b00a0 a2=7fff397b0ba8 a3=8 items=2 ppid=1 pid=1681 auid=4294967295 uid=0 gid=0 euid=0 suid=0 fsuid=0 egid=0 sgid=0 fsgid=0 tty=(none) ses=4294967295 comm="9" exe="/usr/lib/systemd/systemd-executor" subj=unconfined key="T1078_Valid_Accounts"ARCH=x86_64 SYSCALL=execve AUID="unset" UID="root" GID="root" EUID="root" SUID="root" FSUID="root" EGID="root" SGID="root" FSGID="root"
type=EXECVE msg=audit(1765981204.992:2442): argc=7 a0="/usr/lib/systemd/systemd-executor" a1="--deserialize" a2="26" a3="--log-level" a4="info" a5="--log-target" a6="journal-or-kmsg"
type=PATH msg=audit(1765981204.992:2442): item=0 name="/proc/self/fd/9" inode=1463834 dev=08:02 mode=0100755 ouid=0 ogid=0 rdev=00:00 nametype=NORMAL cap_fp=0 cap_fi=0 cap_fe=0 cap_fver=0 cap_frootid=0OUID="root" OGID="root"
type=PATH msg=audit(1765981204.992:2442): item=1 name="/lib64/ld-linux-x86-64.so.2" inode=1481429 dev=08:02 mode=0100755 ouid=0 ogid=0 rdev=00:00 nametype=NORMAL cap_fp=0 cap_fi=0 cap_fe=0 cap_fver=0 cap_frootid=0OUID="root" OGID="root"
type=PROCTITLE msg=audit(1765981204.992:2442): proctitle=2F7573722F6C69622F73797374656D642F73797374656D642D6578656375746F72002D2D646573657269616C697A65003236002D2D6C6F672D6C6576656C00696E666F002D2D6C6F672D746172676574006A6F75726E616C2D6F722D6B6D7367
type=SYSCALL msg=audit(1765981205.004:2443): arch=c000003e syscall=42 success=yes exit=0 a0=4 a1=7ffe709d32c0 a2=1e a3=7ffe709d3370 items=1 ppid=1 pid=1681 auid=4294967295 uid=0 gid=0 euid=0 suid=0 fsuid=0 egid=0 sgid=0 fsgid=0 tty=(none) ses=4294967295 comm="9" exe="/usr/lib/systemd/systemd-executor" subj=unconfined key="T1043_Commonly_Used_Port"ARCH=x86_64 SYSCALL=connect AUID="unset" UID="root" GID="root" EUID="root" SUID="root" FSUID="root" EGID="root" SGID="root" FSGID="root"
type=SOCKADDR msg=audit(1765981205.004:2443): saddr=01002F72756E2F73797374656D642F6A6F75726E616C2F736F636B657400SADDR={ saddr_fam=local path=/run/systemd/journal/socket }
type=PATH msg=audit(1765981205.004:2443): item=0 name="/run/systemd/journal/socket" inode=462 dev=00:18 mode=0140666 ouid=0 ogid=0 rdev=00:00 nametype=NORMAL cap_fp=0 cap_fi=0 cap_fe=0 cap_fver=0 cap_frootid=0OUID="root" OGID="root"
type=PROCTITLE msg=audit(1765981205.004:2443): proctitle=2F7573722F6C69622F73797374656D642F73797374656D642D6578656375746F72002D2D646573657269616C697A65003236002D2D6C6F672D6C6576656C00696E666F002D2D6C6F672D746172676574006A6F75726E616C2D6F722D6B6D7367
type=SYSCALL msg=audit(1765981205.019:2444): arch=c000003e syscall=42 success=yes exit=0 a0=3 a1=7ffe709d2e40 a2=1e a3=fffffff7 items=1 ppid=1 pid=1681 auid=4294967295 uid=0 gid=0 euid=0 suid=0 fsuid=0 egid=0 sgid=0 fsgid=0 tty=(none) ses=4294967295 comm="(sa1)" exe="/usr/lib/systemd/systemd-executor" subj=unconfined key="T1043_Commonly_Used_Port"ARCH=x86_64 SYSCALL=connect AUID="unset" UID="root" GID="root" EUID="root" SUID="root" FSUID="root" EGID="root" SGID="root" FSGID="root"
type=SOCKADDR msg=audit(1765981205.019:2444): saddr=01002F72756E2F73797374656D642F6A6F75726E616C2F7374646F757400SADDR={ saddr_fam=local path=/run/systemd/journal/stdout }
type=PATH msg=audit(1765981205.019:2444): item=0 name="/run/systemd/journal/stdout" inode=463 dev=00:18 mode=0140666 ouid=0 ogid=0 rdev=00:00 nametype=NORMAL cap_fp=0 cap_fi=0 cap_fe=0 cap_fver=0 cap_frootid=0OUID="root" OGID="root"
type=PROCTITLE msg=audit(1765981205.019:2444): proctitle=2F7573722F6C69622F73797374656D642F73797374656D642D6578656375746F72002D2D646573657269616C697A65003236002D2D6C6F672D6C6576656C00696E666F002D2D6C6F672D746172676574006A6F75726E616C2D6F722D6B6D7367
type=SYSCALL msg=audit(1765981205.025:2445): arch=c000003e syscall=59 success=yes exit=0 a0=573c471c50c0 a1=573c471c51c0 a2=573c471c44b0 a3=573c471c5990 items=3 ppid=1 pid=1681 auid=4294967295 uid=0 gid=0 euid=0 suid=0 fsuid=0 egid=0 sgid=0 fsgid=0 tty=(none) ses=4294967295 comm="sa1" exe="/usr/bin/dash" subj=unconfined key="T1078_Valid_Accounts"ARCH=x86_64 SYSCALL=execve AUID="unset" UID="root" GID="root" EUID="root" SUID="root" FSUID="root" EGID="root" SGID="root" FSGID="root"
type=EXECVE msg=audit(1765981205.025:2445): argc=4 a0="/bin/sh" a1="/usr/lib/sysstat/sa1" a2="1" a3="1"
type=PATH msg=audit(1765981205.025:2445): item=0 name="/usr/lib/sysstat/sa1" inode=1456137 dev=08:02 mode=0100755 ouid=0 ogid=0 rdev=00:00 nametype=NORMAL cap_fp=0 cap_fi=0 cap_fe=0 cap_fver=0 cap_frootid=0OUID="root" OGID="root"
type=PATH msg=audit(1765981205.025:2445): item=1 name="/bin/sh" inode=1442345 dev=08:02 mode=0100755 ouid=0 ogid=0 rdev=00:00 nametype=NORMAL cap_fp=0 cap_fi=0 cap_fe=0 cap_fver=0 cap_frootid=0OUID="root" OGID="root"
type=PATH msg=audit(1765981205.025:2445): item=2 name="/lib64/ld-linux-x86-64.so.2" inode=1481429 dev=08:02 mode=0100755 ouid=0 ogid=0 rdev=00:00 nametype=NORMAL cap_fp=0 cap_fi=0 cap_fe=0 cap_fver=0 cap_frootid=0OUID="root" OGID="root"
type=PROCTITLE msg=audit(1765981205.025:2445): proctitle=2F7573722F6C69622F73797374656D642F73797374656D642D6578656375746F72002D2D646573657269616C697A65003236002D2D6C6F672D6C6576656C00696E666F002D2D6C6F672D746172676574006A6F75726E616C2D6F722D6B6D7367
type=SYSCALL msg=audit(1765981205.036:2446): arch=c000003e syscall=59 success=yes exit=0 a0=59f35b4c3148 a1=59f35b4c3228 a2=59f35b4c3270 a3=0 items=2 ppid=1 pid=1681 auid=4294967295 uid=0 gid=0 euid=0 suid=0 fsuid=0 egid=0 sgid=0 fsgid=0 tty=(none) ses=4294967295 comm="sadc" exe="/usr/lib/sysstat/sadc" subj=unconfined key="T1078_Valid_Accounts"ARCH=x86_64 SYSCALL=execve AUID="unset" UID="root" GID="root" EUID="root" SUID="root" FSUID="root" EGID="root" SGID="root" FSGID="root"
type=EXECVE msg=audit(1765981205.036:2446): argc=8 a0="/usr/lib/sysstat/sadc" a1="-F" a2="-L" a3="-S" a4="DISK" a5="1" a6="1" a7="/var/log/sysstat"
type=PATH msg=audit(1765981205.036:2446): item=0 name="/usr/lib/sysstat/sadc" inode=1456139 dev=08:02 mode=0100755 ouid=0 ogid=0 rdev=00:00 nametype=NORMAL cap_fp=0 cap_fi=0 cap_fe=0 cap_fver=0 cap_frootid=0OUID="root" OGID="root"
type=PATH msg=audit(1765981205.036:2446): item=1 name="/lib64/ld-linux-x86-64.so.2" inode=1481429 dev=08:02 mode=0100755 ouid=0 ogid=0 rdev=00:00 nametype=NORMAL cap_fp=0 cap_fi=0 cap_fe=0 cap_fver=0 cap_frootid=0OUID="root" OGID="root"
type=PROCTITLE msg=audit(1765981205.036:2446): proctitle=2F7573722F6C69622F73797374656D642F73797374656D642D6578656375746F72002D2D646573657269616C697A65003236002D2D6C6F672D6C6576656C00696E666F002D2D6C6F672D746172676574006A6F75726E616C2D6F722D6B6D7367
type=SERVICE_START msg=audit(1765981205.052:2447): pid=1 uid=0 auid=4294967295 ses=4294967295 subj=unconfined msg='unit=sysstat-collect comm="systemd" exe="/usr/lib/systemd/systemd" hostname=? addr=? terminal=? res=success'UID="root" AUID="unset"
type=SERVICE_STOP msg=audit(1765981205.052:2448): pid=1 uid=0 auid=4294967295 ses=4294967295 subj=unconfined msg='unit=sysstat-collect comm="systemd" exe="/usr/lib/systemd/systemd" hostname=? addr=? terminal=? res=success'UID="root" AUID="unset"
type=SYSCALL msg=audit(1765981265.412:2449): arch=c000003e syscall=59 success=yes exit=0 a0=5e5bb4df0da0 a1=5e5bb4dec380 a2=5e5bb4d76960 a3=5e5bb4ddcfe0 items=2 ppid=1302 pid=2012 auid=1000 uid=0 gid=0 euid=0 suid=0 fsuid=0 egid=0 sgid=0 fsgid=0 tty=pts1 ses=1 comm="vi" exe="/usr/bin/vim.basic" subj=unconfined key="T1078_Valid_Accounts"ARCH=x86_64 SYSCALL=execve AUID="vboxuser" UID="root" GID="root" EUID="root" SUID="root" FSUID="root" EGID="root" SGID="root" FSGID="root"
type=EXECVE msg=audit(1765981265.412:2449): argc=2 a0="vi" a1="/var/www/nextcloud/config/config.php"
type=PATH msg=audit(1765981265.412:2449): item=0 name="/usr/bin/vi" inode=1483710 dev=08:02 mode=0100755 ouid=0 ogid=0 rdev=00:00 nametype=NORMAL cap_fp=0 cap_fi=0 cap_fe=0 cap_fver=0 cap_frootid=0OUID="root" OGID="root"
type=PATH msg=audit(1765981265.412:2449): item=1 name="/lib64/ld-linux-x86-64.so.2" inode=1481429 dev=08:02 mode=0100755 ouid=0 ogid=0 rdev=00:00 nametype=NORMAL cap_fp=0 cap_fi=0 cap_fe=0 cap_fver=0 cap_frootid=0OUID="root" OGID="root"
type=PROCTITLE msg=audit(1765981265.412:2449): proctitle=7669002F7661722F7777772F6E657874636C6F75642F636F6E6669672F636F6E6669672E706870
type=SYSCALL msg=audit(1765981265.790:2450): arch=c000003e syscall=87 success=yes exit=0 a0=5ae51c105bf0 a1=7ffff4496530 a2=5 a3=180 items=2 ppid=1302 pid=2012 auid=1000 uid=0 gid=0 euid=0 suid=0 fsuid=0 egid=0 sgid=0 fsgid=0 tty=pts1 ses=1 comm="vi" exe="/usr/bin/vim.basic" subj=unconfined key="T1107_File_Deletion"ARCH=x86_64 SYSCALL=unlink AUID="vboxuser" UID="root" GID="root" EUID="root" SUID="root" FSUID="root" EGID="root" SGID="root" FSGID="root"
type=PATH msg=audit(1765981265.790:2450): item=0 name="/var/www/nextcloud/config/" inode=696342 dev=08:02 mode=040755 ouid=33 ogid=33 rdev=00:00 nametype=PARENT cap_fp=0 cap_fi=0 cap_fe=0 cap_fver=0 cap_frootid=0OUID="www-data" OGID="www-data"
type=PATH msg=audit(1765981265.790:2450): item=1 name="/var/www/nextcloud/config/.config.php.swx" inode=706891 dev=08:02 mode=0100600 ouid=0 ogid=0 rdev=00:00 nametype=DELETE cap_fp=0 cap_fi=0 cap_fe=0 cap_fver=0 cap_frootid=0OUID="root" OGID="root"
type=PROCTITLE msg=audit(1765981265.790:2450): proctitle=7669002F7661722F7777772F6E657874636C6F75642F636F6E6669672F636F6E6669672E706870
type=SYSCALL msg=audit(1765981265.791:2451): arch=c000003e syscall=87 success=yes exit=0 a0=5ae51c105c30 a1=7ffff4496530 a2=5 a3=180 items=2 ppid=1302 pid=2012 auid=1000 uid=0 gid=0 euid=0 suid=0 fsuid=0 egid=0 sgid=0 fsgid=0 tty=pts1 ses=1 comm="vi" exe="/usr/bin/vim.basic" subj=unconfined key="T1107_File_Deletion"ARCH=x86_64 SYSCALL=unlink AUID="vboxuser" UID="root" GID="root" EUID="root" SUID="root" FSUID="root" EGID="root" SGID="root" FSGID="root"
type=PATH msg=audit(1765981265.791:2451): item=0 name="/var/www/nextcloud/config/" inode=696342 dev=08:02 mode=040755 ouid=33 ogid=33 rdev=00:00 nametype=PARENT cap_fp=0 cap_fi=0 cap_fe=0 cap_fver=0 cap_frootid=0OUID="www-data" OGID="www-data"
type=PATH msg=audit(1765981265.791:2451): item=1 name="/var/www/nextcloud/config/.config.php.swp" inode=706890 dev=08:02 mode=0100600 ouid=0 ogid=0 rdev=00:00 nametype=DELETE cap_fp=0 cap_fi=0 cap_fe=0 cap_fver=0 cap_frootid=0OUID="root" OGID="root"
type=PROCTITLE msg=audit(1765981265.791:2451): proctitle=7669002F7661722F7777772F6E657874636C6F75642F636F6E6669672F636F6E6669672E706870
type=SYSCALL msg=audit(1765981265.791:2452): arch=c000003e syscall=93 success=yes exit=0 a0=4 a1=ffffffff a2=21 a3=0 items=1 ppid=1302 pid=2012 auid=1000 uid=0 gid=0 euid=0 suid=0 fsuid=0 egid=0 sgid=0 fsgid=0 tty=pts1 ses=1 comm="vi" exe="/usr/bin/vim.basic" subj=unconfined key="T1166_Seuid_and_Setgid"ARCH=x86_64 SYSCALL=fchown AUID="vboxuser" UID="root" GID="root" EUID="root" SUID="root" FSUID="root" EGID="root" SGID="root" FSGID="root"
type=PATH msg=audit(1765981265.791:2452): item=0 name=(null) inode=706890 dev=08:02 mode=0100600 ouid=0 ogid=0 rdev=00:00 nametype=NORMAL cap_fp=0 cap_fi=0 cap_fe=0 cap_fver=0 cap_frootid=0OUID="root" OGID="root"
type=PROCTITLE msg=audit(1765981265.791:2452): proctitle=7669002F7661722F7777772F6E657874636C6F75642F636F6E6669672F636F6E6669672E706870
type=SYSCALL msg=audit(1765981265.791:2453): arch=c000003e syscall=90 success=yes exit=0 a0=5ae51c105c30 a1=1a0 a2=21 a3=0 items=1 ppid=1302 pid=2012 auid=1000 uid=0 gid=0 euid=0 suid=0 fsuid=0 egid=0 sgid=0 fsgid=0 tty=pts1 ses=1 comm="vi" exe="/usr/bin/vim.basic" subj=unconfined key="T1166_Seuid_and_Setgid"ARCH=x86_64 SYSCALL=chmod AUID="vboxuser" UID="root" GID="root" EUID="root" SUID="root" FSUID="root" EGID="root" SGID="root" FSGID="root"
type=PATH msg=audit(1765981265.791:2453): item=0 name="/var/www/nextcloud/config/.config.php.swp" inode=706890 dev=08:02 mode=0100600 ouid=0 ogid=33 rdev=00:00 nametype=NORMAL cap_fp=0 cap_fi=0 cap_fe=0 cap_fver=0 cap_frootid=0OUID="root" OGID="www-data"
type=PROCTITLE msg=audit(1765981265.791:2453): proctitle=7669002F7661722F7777772F6E657874636C6F75642F636F6E6669672F636F6E6669672E706870
type=SYSCALL msg=audit(1765981283.379:2454): arch=c000003e syscall=93 success=yes exit=0 a0=3 a1=21 a2=21 a3=81a0 items=1 ppid=1302 pid=2012 auid=1000 uid=0 gid=0 euid=0 suid=0 fsuid=0 egid=0 sgid=0 fsgid=0 tty=pts1 ses=1 comm="vi" exe="/usr/bin/vim.basic" subj=unconfined key="T1166_Seuid_and_Setgid"ARCH=x86_64 SYSCALL=fchown AUID="vboxuser" UID="root" GID="root" EUID="root" SUID="root" FSUID="root" EGID="root" SGID="root" FSGID="root"
type=PATH msg=audit(1765981283.379:2454): item=0 name=(null) inode=706891 dev=08:02 mode=0100640 ouid=0 ogid=0 rdev=00:00 nametype=NORMAL cap_fp=0 cap_fi=0 cap_fe=0 cap_fver=0 cap_frootid=0OUID="root" OGID="root"
type=PROCTITLE msg=audit(1765981283.379:2454): proctitle=7669002F7661722F7777772F6E657874636C6F75642F636F6E6669672F636F6E6669672E706870
type=SYSCALL msg=audit(1765981283.380:2455): arch=c000003e syscall=87 success=yes exit=0 a0=5ae51bc29420 a1=0 a2=0 a3=0 items=2 ppid=1302 pid=2012 auid=1000 uid=0 gid=0 euid=0 suid=0 fsuid=0 egid=0 sgid=0 fsgid=0 tty=pts1 ses=1 comm="vi" exe="/usr/bin/vim.basic" subj=unconfined key="T1107_File_Deletion"ARCH=x86_64 SYSCALL=unlink AUID="vboxuser" UID="root" GID="root" EUID="root" SUID="root" FSUID="root" EGID="root" SGID="root" FSGID="root"
type=PATH msg=audit(1765981283.380:2455): item=0 name="/var/www/nextcloud/config/" inode=696342 dev=08:02 mode=040755 ouid=33 ogid=33 rdev=00:00 nametype=PARENT cap_fp=0 cap_fi=0 cap_fe=0 cap_fver=0 cap_frootid=0OUID="www-data" OGID="www-data"
type=PATH msg=audit(1765981283.380:2455): item=1 name="/var/www/nextcloud/config/4913" inode=706891 dev=08:02 mode=0100640 ouid=33 ogid=33 rdev=00:00 nametype=DELETE cap_fp=0 cap_fi=0 cap_fe=0 cap_fver=0 cap_frootid=0OUID="www-data" OGID="www-data"
type=PROCTITLE msg=audit(1765981283.380:2455): proctitle=7669002F7661722F7777772F6E657874636C6F75642F636F6E6669672F636F6E6669672E706870
type=SYSCALL msg=audit(1765981283.380:2456): arch=c000003e syscall=87 success=no exit=-2 a0=5ae51bfc1950 a1=5ae51bfc1950 a2=fffffffffffffc58 a3=0 items=1 ppid=1302 pid=2012 auid=1000 uid=0 gid=0 euid=0 suid=0 fsuid=0 egid=0 sgid=0 fsgid=0 tty=pts1 ses=1 comm="vi" exe="/usr/bin/vim.basic" subj=unconfined key="T1107_File_Deletion"ARCH=x86_64 SYSCALL=unlink AUID="vboxuser" UID="root" GID="root" EUID="root" SUID="root" FSUID="root" EGID="root" SGID="root" FSGID="root"
type=PATH msg=audit(1765981283.380:2456): item=0 name="/var/www/nextcloud/config/" inode=696342 dev=08:02 mode=040755 ouid=33 ogid=33 rdev=00:00 nametype=PARENT cap_fp=0 cap_fi=0 cap_fe=0 cap_fver=0 cap_frootid=0OUID="www-data" OGID="www-data"
type=PROCTITLE msg=audit(1765981283.380:2456): proctitle=7669002F7661722F7777772F6E657874636C6F75642F636F6E6669672F636F6E6669672E706870
type=SYSCALL msg=audit(1765981283.380:2457): arch=c000003e syscall=82 success=yes exit=0 a0=5ae51bc386a0 a1=5ae51bfc1950 a2=fffffffffffffc58 a3=0 items=4 ppid=1302 pid=2012 auid=1000 uid=0 gid=0 euid=0 suid=0 fsuid=0 egid=0 sgid=0 fsgid=0 tty=pts1 ses=1 comm="vi" exe="/usr/bin/vim.basic" subj=unconfined key="T1107_File_Deletion"ARCH=x86_64 SYSCALL=rename AUID="vboxuser" UID="root" GID="root" EUID="root" SUID="root" FSUID="root" EGID="root" SGID="root" FSGID="root"
type=PATH msg=audit(1765981283.380:2457): item=0 name="/var/www/nextcloud/config/" inode=696342 dev=08:02 mode=040755 ouid=33 ogid=33 rdev=00:00 nametype=PARENT cap_fp=0 cap_fi=0 cap_fe=0 cap_fver=0 cap_frootid=0OUID="www-data" OGID="www-data"
type=PATH msg=audit(1765981283.380:2457): item=1 name="/var/www/nextcloud/config/" inode=696342 dev=08:02 mode=040755 ouid=33 ogid=33 rdev=00:00 nametype=PARENT cap_fp=0 cap_fi=0 cap_fe=0 cap_fver=0 cap_frootid=0OUID="www-data" OGID="www-data"
type=PATH msg=audit(1765981283.380:2457): item=2 name="/var/www/nextcloud/config/config.php" inode=655462 dev=08:02 mode=0100640 ouid=33 ogid=33 rdev=00:00 nametype=DELETE cap_fp=0 cap_fi=0 cap_fe=0 cap_fver=0 cap_frootid=0OUID="www-data" OGID="www-data"
type=PATH msg=audit(1765981283.380:2457): item=3 name="/var/www/nextcloud/config/config.phz~" inode=655462 dev=08:02 mode=0100640 ouid=33 ogid=33 rdev=00:00 nametype=CREATE cap_fp=0 cap_fi=0 cap_fe=0 cap_fver=0 cap_frootid=0OUID="www-data" OGID="www-data"
type=PROCTITLE msg=audit(1765981283.380:2457): proctitle=7669002F7661722F7777772F6E657874636C6F75642F636F6E6669672F636F6E6669672E706870
type=SYSCALL msg=audit(1765981283.411:2458): arch=c000003e syscall=93 success=yes exit=0 a0=3 a1=21 a2=ffffffff a3=0 items=1 ppid=1302 pid=2012 auid=1000 uid=0 gid=0 euid=0 suid=0 fsuid=0 egid=0 sgid=0 fsgid=0 tty=pts1 ses=1 comm="vi" exe="/usr/bin/vim.basic" subj=unconfined key="T1166_Seuid_and_Setgid"ARCH=x86_64 SYSCALL=fchown AUID="vboxuser" UID="root" GID="root" EUID="root" SUID="root" FSUID="root" EGID="root" SGID="root" FSGID="root"
type=PATH msg=audit(1765981283.411:2458): item=0 name=(null) inode=706891 dev=08:02 mode=0100640 ouid=0 ogid=0 rdev=00:00 nametype=NORMAL cap_fp=0 cap_fi=0 cap_fe=0 cap_fver=0 cap_frootid=0OUID="root" OGID="root"
type=PROCTITLE msg=audit(1765981283.411:2458): proctitle=7669002F7661722F7777772F6E657874636C6F75642F636F6E6669672F636F6E6669672E706870
type=SYSCALL msg=audit(1765981283.411:2459): arch=c000003e syscall=93 success=yes exit=0 a0=3 a1=ffffffff a2=21 a3=0 items=1 ppid=1302 pid=2012 auid=1000 uid=0 gid=0 euid=0 suid=0 fsuid=0 egid=0 sgid=0 fsgid=0 tty=pts1 ses=1 comm="vi" exe="/usr/bin/vim.basic" subj=unconfined key="T1166_Seuid_and_Setgid"ARCH=x86_64 SYSCALL=fchown AUID="vboxuser" UID="root" GID="root" EUID="root" SUID="root" FSUID="root" EGID="root" SGID="root" FSGID="root"
type=PATH msg=audit(1765981283.411:2459): item=0 name=(null) inode=706891 dev=08:02 mode=0100640 ouid=33 ogid=0 rdev=00:00 nametype=NORMAL cap_fp=0 cap_fi=0 cap_fe=0 cap_fver=0 cap_frootid=0OUID="www-data" OGID="root"
type=PROCTITLE msg=audit(1765981283.411:2459): proctitle=7669002F7661722F7777772F6E657874636C6F75642F636F6E6669672F636F6E6669672E706870
type=SYSCALL msg=audit(1765981283.411:2460): arch=c000003e syscall=91 success=yes exit=0 a0=3 a1=81a0 a2=7ffff4496000 a3=0 items=1 ppid=1302 pid=2012 auid=1000 uid=0 gid=0 euid=0 suid=0 fsuid=0 egid=0 sgid=0 fsgid=0 tty=pts1 ses=1 comm="vi" exe="/usr/bin/vim.basic" subj=unconfined key="T1166_Seuid_and_Setgid"ARCH=x86_64 SYSCALL=fchmod AUID="vboxuser" UID="root" GID="root" EUID="root" SUID="root" FSUID="root" EGID="root" SGID="root" FSGID="root"
type=PATH msg=audit(1765981283.411:2460): item=0 name=(null) inode=706891 dev=08:02 mode=0100640 ouid=33 ogid=33 rdev=00:00 nametype=NORMAL cap_fp=0 cap_fi=0 cap_fe=0 cap_fver=0 cap_frootid=0OUID="www-data" OGID="www-data"
type=PROCTITLE msg=audit(1765981283.411:2460): proctitle=7669002F7661722F7777772F6E657874636C6F75642F636F6E6669672F636F6E6669672E706870
type=SYSCALL msg=audit(1765981283.411:2461): arch=c000003e syscall=188 success=yes exit=0 a0=5ae51bc386a0 a1=74d9c05f0000 a2=5ae51c0fa590 a3=1c items=1 ppid=1302 pid=2012 auid=1000 uid=0 gid=0 euid=0 suid=0 fsuid=0 egid=0 sgid=0 fsgid=0 tty=pts1 ses=1 comm="vi" exe="/usr/bin/vim.basic" subj=unconfined key="T1166_Seuid_and_Setgid"ARCH=x86_64 SYSCALL=setxattr AUID="vboxuser" UID="root" GID="root" EUID="root" SUID="root" FSUID="root" EGID="root" SGID="root" FSGID="root"
type=PATH msg=audit(1765981283.411:2461): item=0 name="/var/www/nextcloud/config/config.php" inode=706891 dev=08:02 mode=0100640 ouid=33 ogid=33 rdev=00:00 nametype=NORMAL cap_fp=0 cap_fi=0 cap_fe=0 cap_fver=0 cap_frootid=0OUID="www-data" OGID="www-data"
type=PROCTITLE msg=audit(1765981283.411:2461): proctitle=7669002F7661722F7777772F6E657874636C6F75642F636F6E6669672F636F6E6669672E706870
type=SYSCALL msg=audit(1765981283.411:2462): arch=c000003e syscall=87 success=yes exit=0 a0=5ae51bfc1950 a1=382d6674 a2=5ae4f312ab7d a3=0 items=2 ppid=1302 pid=2012 auid=1000 uid=0 gid=0 euid=0 suid=0 fsuid=0 egid=0 sgid=0 fsgid=0 tty=pts1 ses=1 comm="vi" exe="/usr/bin/vim.basic" subj=unconfined key="T1107_File_Deletion"ARCH=x86_64 SYSCALL=unlink AUID="vboxuser" UID="root" GID="root" EUID="root" SUID="root" FSUID="root" EGID="root" SGID="root" FSGID="root"
type=PATH msg=audit(1765981283.411:2462): item=0 name="/var/www/nextcloud/config/" inode=696342 dev=08:02 mode=040755 ouid=33 ogid=33 rdev=00:00 nametype=PARENT cap_fp=0 cap_fi=0 cap_fe=0 cap_fver=0 cap_frootid=0OUID="www-data" OGID="www-data"
type=PATH msg=audit(1765981283.411:2462): item=1 name="/var/www/nextcloud/config/config.phz~" inode=655462 dev=08:02 mode=0100640 ouid=33 ogid=33 rdev=00:00 nametype=DELETE cap_fp=0 cap_fi=0 cap_fe=0 cap_fver=0 cap_frootid=0OUID="www-data" OGID="www-data"
type=PROCTITLE msg=audit(1765981283.411:2462): proctitle=7669002F7661722F7777772F6E657874636C6F75642F636F6E6669672F636F6E6669672E706870
type=SYSCALL msg=audit(1765981286.336:2463): arch=c000003e syscall=93 success=yes exit=0 a0=3 a1=21 a2=21 a3=81a0 items=1 ppid=1302 pid=2012 auid=1000 uid=0 gid=0 euid=0 suid=0 fsuid=0 egid=0 sgid=0 fsgid=0 tty=pts1 ses=1 comm="vi" exe="/usr/bin/vim.basic" subj=unconfined key="T1166_Seuid_and_Setgid"ARCH=x86_64 SYSCALL=fchown AUID="vboxuser" UID="root" GID="root" EUID="root" SUID="root" FSUID="root" EGID="root" SGID="root" FSGID="root"
type=PATH msg=audit(1765981286.336:2463): item=0 name=(null) inode=655462 dev=08:02 mode=0100640 ouid=0 ogid=0 rdev=00:00 nametype=NORMAL cap_fp=0 cap_fi=0 cap_fe=0 cap_fver=0 cap_frootid=0OUID="root" OGID="root"
type=PROCTITLE msg=audit(1765981286.336:2463): proctitle=7669002F7661722F7777772F6E657874636C6F75642F636F6E6669672F636F6E6669672E706870
type=SYSCALL msg=audit(1765981286.336:2464): arch=c000003e syscall=87 success=yes exit=0 a0=5ae51bc29420 a1=0 a2=0 a3=0 items=2 ppid=1302 pid=2012 auid=1000 uid=0 gid=0 euid=0 suid=0 fsuid=0 egid=0 sgid=0 fsgid=0 tty=pts1 ses=1 comm="vi" exe="/usr/bin/vim.basic" subj=unconfined key="T1107_File_Deletion"ARCH=x86_64 SYSCALL=unlink AUID="vboxuser" UID="root" GID="root" EUID="root" SUID="root" FSUID="root" EGID="root" SGID="root" FSGID="root"
type=PATH msg=audit(1765981286.336:2464): item=0 name="/var/www/nextcloud/config/" inode=696342 dev=08:02 mode=040755 ouid=33 ogid=33 rdev=00:00 nametype=PARENT cap_fp=0 cap_fi=0 cap_fe=0 cap_fver=0 cap_frootid=0OUID="www-data" OGID="www-data"
type=PATH msg=audit(1765981286.336:2464): item=1 name="/var/www/nextcloud/config/4913" inode=655462 dev=08:02 mode=0100640 ouid=33 ogid=33 rdev=00:00 nametype=DELETE cap_fp=0 cap_fi=0 cap_fe=0 cap_fver=0 cap_frootid=0OUID="www-data" OGID="www-data"
type=PROCTITLE msg=audit(1765981286.336:2464): proctitle=7669002F7661722F7777772F6E657874636C6F75642F636F6E6669672F636F6E6669672E706870
type=SYSCALL msg=audit(1765981286.336:2465): arch=c000003e syscall=87 success=no exit=-2 a0=5ae51bc386d0 a1=5ae51bc386d0 a2=fffffffffffffc58 a3=0 items=1 ppid=1302 pid=2012 auid=1000 uid=0 gid=0 euid=0 suid=0 fsuid=0 egid=0 sgid=0 fsgid=0 tty=pts1 ses=1 comm="vi" exe="/usr/bin/vim.basic" subj=unconfined key="T1107_File_Deletion"ARCH=x86_64 SYSCALL=unlink AUID="vboxuser" UID="root" GID="root" EUID="root" SUID="root" FSUID="root" EGID="root" SGID="root" FSGID="root"
type=PATH msg=audit(1765981286.336:2465): item=0 name="/var/www/nextcloud/config/" inode=696342 dev=08:02 mode=040755 ouid=33 ogid=33 rdev=00:00 nametype=PARENT cap_fp=0 cap_fi=0 cap_fe=0 cap_fver=0 cap_frootid=0OUID="www-data" OGID="www-data"
type=PROCTITLE msg=audit(1765981286.336:2465): proctitle=7669002F7661722F7777772F6E657874636C6F75642F636F6E6669672F636F6E6669672E706870
type=SYSCALL msg=audit(1765981286.336:2466): arch=c000003e syscall=82 success=yes exit=0 a0=5ae51bc386a0 a1=5ae51bc386d0 a2=fffffffffffffc58 a3=0 items=4 ppid=1302 pid=2012 auid=1000 uid=0 gid=0 euid=0 suid=0 fsuid=0 egid=0 sgid=0 fsgid=0 tty=pts1 ses=1 comm="vi" exe="/usr/bin/vim.basic" subj=unconfined key="T1107_File_Deletion"ARCH=x86_64 SYSCALL=rename AUID="vboxuser" UID="root" GID="root" EUID="root" SUID="root" FSUID="root" EGID="root" SGID="root" FSGID="root"
type=PATH msg=audit(1765981286.336:2466): item=0 name="/var/www/nextcloud/config/" inode=696342 dev=08:02 mode=040755 ouid=33 ogid=33 rdev=00:00 nametype=PARENT cap_fp=0 cap_fi=0 cap_fe=0 cap_fver=0 cap_frootid=0OUID="www-data" OGID="www-data"
type=PATH msg=audit(1765981286.336:2466): item=1 name="/var/www/nextcloud/config/" inode=696342 dev=08:02 mode=040755 ouid=33 ogid=33 rdev=00:00 nametype=PARENT cap_fp=0 cap_fi=0 cap_fe=0 cap_fver=0 cap_frootid=0OUID="www-data" OGID="www-data"
type=PATH msg=audit(1765981286.336:2466): item=2 name="/var/www/nextcloud/config/config.php" inode=706891 dev=08:02 mode=0100640 ouid=33 ogid=33 rdev=00:00 nametype=DELETE cap_fp=0 cap_fi=0 cap_fe=0 cap_fver=0 cap_frootid=0OUID="www-data" OGID="www-data"
type=PATH msg=audit(1765981286.336:2466): item=3 name="/var/www/nextcloud/config/config.phz~" inode=706891 dev=08:02 mode=0100640 ouid=33 ogid=33 rdev=00:00 nametype=CREATE cap_fp=0 cap_fi=0 cap_fe=0 cap_fver=0 cap_frootid=0OUID="www-data" OGID="www-data"
type=PROCTITLE msg=audit(1765981286.336:2466): proctitle=7669002F7661722F7777772F6E657874636C6F75642F636F6E6669672F636F6E6669672E706870
type=SYSCALL msg=audit(1765981286.361:2467): arch=c000003e syscall=93 success=yes exit=0 a0=3 a1=21 a2=ffffffff a3=0 items=1 ppid=1302 pid=2012 auid=1000 uid=0 gid=0 euid=0 suid=0 fsuid=0 egid=0 sgid=0 fsgid=0 tty=pts1 ses=1 comm="vi" exe="/usr/bin/vim.basic" subj=unconfined key="T1166_Seuid_and_Setgid"ARCH=x86_64 SYSCALL=fchown AUID="vboxuser" UID="root" GID="root" EUID="root" SUID="root" FSUID="root" EGID="root" SGID="root" FSGID="root"
type=PATH msg=audit(1765981286.361:2467): item=0 name=(null) inode=655462 dev=08:02 mode=0100640 ouid=0 ogid=0 rdev=00:00 nametype=NORMAL cap_fp=0 cap_fi=0 cap_fe=0 cap_fver=0 cap_frootid=0OUID="root" OGID="root"
type=PROCTITLE msg=audit(1765981286.361:2467): proctitle=7669002F7661722F7777772F6E657874636C6F75642F636F6E6669672F636F6E6669672E706870
type=SYSCALL msg=audit(1765981286.361:2468): arch=c000003e syscall=93 success=yes exit=0 a0=3 a1=ffffffff a2=21 a3=0 items=1 ppid=1302 pid=2012 auid=1000 uid=0 gid=0 euid=0 suid=0 fsuid=0 egid=0 sgid=0 fsgid=0 tty=pts1 ses=1 comm="vi" exe="/usr/bin/vim.basic" subj=unconfined key="T1166_Seuid_and_Setgid"ARCH=x86_64 SYSCALL=fchown AUID="vboxuser" UID="root" GID="root" EUID="root" SUID="root" FSUID="root" EGID="root" SGID="root" FSGID="root"
type=PATH msg=audit(1765981286.361:2468): item=0 name=(null) inode=655462 dev=08:02 mode=0100640 ouid=33 ogid=0 rdev=00:00 nametype=NORMAL cap_fp=0 cap_fi=0 cap_fe=0 cap_fver=0 cap_frootid=0OUID="www-data" OGID="root"
type=PROCTITLE msg=audit(1765981286.361:2468): proctitle=7669002F7661722F7777772F6E657874636C6F75642F636F6E6669672F636F6E6669672E706870
type=SYSCALL msg=audit(1765981286.361:2469): arch=c000003e syscall=91 success=yes exit=0 a0=3 a1=81a0 a2=7ffff4495fe0 a3=0 items=1 ppid=1302 pid=2012 auid=1000 uid=0 gid=0 euid=0 suid=0 fsuid=0 egid=0 sgid=0 fsgid=0 tty=pts1 ses=1 comm="vi" exe="/usr/bin/vim.basic" subj=unconfined key="T1166_Seuid_and_Setgid"ARCH=x86_64 SYSCALL=fchmod AUID="vboxuser" UID="root" GID="root" EUID="root" SUID="root" FSUID="root" EGID="root" SGID="root" FSGID="root"
type=PATH msg=audit(1765981286.361:2469): item=0 name=(null) inode=655462 dev=08:02 mode=0100640 ouid=33 ogid=33 rdev=00:00 nametype=NORMAL cap_fp=0 cap_fi=0 cap_fe=0 cap_fver=0 cap_frootid=0OUID="www-data" OGID="www-data"
type=PROCTITLE msg=audit(1765981286.361:2469): proctitle=7669002F7661722F7777772F6E657874636C6F75642F636F6E6669672F636F6E6669672E706870
type=SYSCALL msg=audit(1765981286.361:2470): arch=c000003e syscall=188 success=yes exit=0 a0=5ae51bc386a0 a1=74d9c05f0000 a2=5ae51c031370 a3=1c items=1 ppid=1302 pid=2012 auid=1000 uid=0 gid=0 euid=0 suid=0 fsuid=0 egid=0 sgid=0 fsgid=0 tty=pts1 ses=1 comm="vi" exe="/usr/bin/vim.basic" subj=unconfined key="T1166_Seuid_and_Setgid"ARCH=x86_64 SYSCALL=setxattr AUID="vboxuser" UID="root" GID="root" EUID="root" SUID="root" FSUID="root" EGID="root" SGID="root" FSGID="root"
type=PATH msg=audit(1765981286.361:2470): item=0 name="/var/www/nextcloud/config/config.php" inode=655462 dev=08:02 mode=0100640 ouid=33 ogid=33 rdev=00:00 nametype=NORMAL cap_fp=0 cap_fi=0 cap_fe=0 cap_fver=0 cap_frootid=0OUID="www-data" OGID="www-data"
type=PROCTITLE msg=audit(1765981286.361:2470): proctitle=7669002F7661722F7777772F6E657874636C6F75642F636F6E6669672F636F6E6669672E706870
type=SYSCALL msg=audit(1765981286.361:2471): arch=c000003e syscall=87 success=yes exit=0 a0=5ae51bc386d0 a1=382d6674 a2=5ae4f312ab7d a3=0 items=2 ppid=1302 pid=2012 auid=1000 uid=0 gid=0 euid=0 suid=0 fsuid=0 egid=0 sgid=0 fsgid=0 tty=pts1 ses=1 comm="vi" exe="/usr/bin/vim.basic" subj=unconfined key="T1107_File_Deletion"ARCH=x86_64 SYSCALL=unlink AUID="vboxuser" UID="root" GID="root" EUID="root" SUID="root" FSUID="root" EGID="root" SGID="root" FSGID="root"
type=PATH msg=audit(1765981286.361:2471): item=0 name="/var/www/nextcloud/config/" inode=696342 dev=08:02 mode=040755 ouid=33 ogid=33 rdev=00:00 nametype=PARENT cap_fp=0 cap_fi=0 cap_fe=0 cap_fver=0 cap_frootid=0OUID="www-data" OGID="www-data"
type=PATH msg=audit(1765981286.361:2471): item=1 name="/var/www/nextcloud/config/config.phz~" inode=706891 dev=08:02 mode=0100640 ouid=33 ogid=33 rdev=00:00 nametype=DELETE cap_fp=0 cap_fi=0 cap_fe=0 cap_fver=0 cap_frootid=0OUID="www-data" OGID="www-data"
type=PROCTITLE msg=audit(1765981286.361:2471): proctitle=7669002F7661722F7777772F6E657874636C6F75642F636F6E6669672F636F6E6669672E706870
type=SYSCALL msg=audit(1765981286.361:2472): arch=c000003e syscall=87 success=yes exit=0 a0=5ae51c0fe3d0 a1=5ae51c0fe3d0 a2=7ffff44953c0 a3=0 items=2 ppid=1302 pid=2012 auid=1000 uid=0 gid=0 euid=0 suid=0 fsuid=0 egid=0 sgid=0 fsgid=0 tty=pts1 ses=1 comm="vi" exe="/usr/bin/vim.basic" subj=unconfined key="T1107_File_Deletion"ARCH=x86_64 SYSCALL=unlink AUID="vboxuser" UID="root" GID="root" EUID="root" SUID="root" FSUID="root" EGID="root" SGID="root" FSGID="root"
type=PATH msg=audit(1765981286.361:2472): item=0 name="/root/" inode=1048578 dev=08:02 mode=040700 ouid=0 ogid=0 rdev=00:00 nametype=PARENT cap_fp=0 cap_fi=0 cap_fe=0 cap_fver=0 cap_frootid=0OUID="root" OGID="root"
type=PATH msg=audit(1765981286.361:2472): item=1 name="/root/.viminfo" inode=1051134 dev=08:02 mode=0100600 ouid=0 ogid=0 rdev=00:00 nametype=DELETE cap_fp=0 cap_fi=0 cap_fe=0 cap_fver=0 cap_frootid=0OUID="root" OGID="root"
type=PROCTITLE msg=audit(1765981286.361:2472): proctitle=7669002F7661722F7777772F6E657874636C6F75642F636F6E6669672F636F6E6669672E706870
type=SYSCALL msg=audit(1765981286.363:2473): arch=c000003e syscall=82 success=yes exit=0 a0=5ae51c121b70 a1=5ae51c0fe3d0 a2=7ffff44953c0 a3=0 items=4 ppid=1302 pid=2012 auid=1000 uid=0 gid=0 euid=0 suid=0 fsuid=0 egid=0 sgid=0 fsgid=0 tty=pts1 ses=1 comm="vi" exe="/usr/bin/vim.basic" subj=unconfined key="T1107_File_Deletion"ARCH=x86_64 SYSCALL=rename AUID="vboxuser" UID="root" GID="root" EUID="root" SUID="root" FSUID="root" EGID="root" SGID="root" FSGID="root"
type=PATH msg=audit(1765981286.363:2473): item=0 name="/root/" inode=1048578 dev=08:02 mode=040700 ouid=0 ogid=0 rdev=00:00 nametype=PARENT cap_fp=0 cap_fi=0 cap_fe=0 cap_fver=0 cap_frootid=0OUID="root" OGID="root"
type=PATH msg=audit(1765981286.363:2473): item=1 name="/root/" inode=1048578 dev=08:02 mode=040700 ouid=0 ogid=0 rdev=00:00 nametype=PARENT cap_fp=0 cap_fi=0 cap_fe=0 cap_fver=0 cap_frootid=0OUID="root" OGID="root"
type=PATH msg=audit(1765981286.363:2473): item=2 name="/root/.viminfo.tmp" inode=1050534 dev=08:02 mode=0100600 ouid=0 ogid=0 rdev=00:00 nametype=DELETE cap_fp=0 cap_fi=0 cap_fe=0 cap_fver=0 cap_frootid=0OUID="root" OGID="root"
type=PATH msg=audit(1765981286.363:2473): item=3 name="/root/.viminfo" inode=1050534 dev=08:02 mode=0100600 ouid=0 ogid=0 rdev=00:00 nametype=CREATE cap_fp=0 cap_fi=0 cap_fe=0 cap_fver=0 cap_frootid=0OUID="root" OGID="root"
type=PROCTITLE msg=audit(1765981286.363:2473): proctitle=7669002F7661722F7777772F6E657874636C6F75642F636F6E6669672F636F6E6669672E706870
type=SYSCALL msg=audit(1765981286.368:2474): arch=c000003e syscall=87 success=yes exit=0 a0=5ae51c105bf0 a1=0 a2=0 a3=5ae4f31d3c60 items=2 ppid=1302 pid=2012 auid=1000 uid=0 gid=0 euid=0 suid=0 fsuid=0 egid=0 sgid=0 fsgid=0 tty=pts1 ses=1 comm="vi" exe="/usr/bin/vim.basic" subj=unconfined key="T1107_File_Deletion"ARCH=x86_64 SYSCALL=unlink AUID="vboxuser" UID="root" GID="root" EUID="root" SUID="root" FSUID="root" EGID="root" SGID="root" FSGID="root"
type=PATH msg=audit(1765981286.368:2474): item=0 name="/var/www/nextcloud/config/" inode=696342 dev=08:02 mode=040755 ouid=33 ogid=33 rdev=00:00 nametype=PARENT cap_fp=0 cap_fi=0 cap_fe=0 cap_fver=0 cap_frootid=0OUID="www-data" OGID="www-data"
type=PATH msg=audit(1765981286.368:2474): item=1 name="/var/www/nextcloud/config/.config.php.swp" inode=706890 dev=08:02 mode=0100640 ouid=0 ogid=33 rdev=00:00 nametype=DELETE cap_fp=0 cap_fi=0 cap_fe=0 cap_fver=0 cap_frootid=0OUID="root" OGID="www-data"
type=PROCTITLE msg=audit(1765981286.368:2474): proctitle=7669002F7661722F7777772F6E657874636C6F75642F636F6E6669672F636F6E6669672E706870
type=SYSCALL msg=audit(1765981295.223:2475): arch=c000003e syscall=59 success=yes exit=0 a0=5e5bb4df1240 a1=5e5bb4df6ad0 a2=5e5bb4d76960 a3=8 items=2 ppid=1302 pid=2018 auid=1000 uid=0 gid=0 euid=0 suid=0 fsuid=0 egid=0 sgid=0 fsgid=0 tty=pts1 ses=1 comm="grep" exe="/usr/bin/grep" subj=unconfined key="T1078_Valid_Accounts"ARCH=x86_64 SYSCALL=execve AUID="vboxuser" UID="root" GID="root" EUID="root" SUID="root" FSUID="root" EGID="root" SGID="root" FSGID="root"
type=EXECVE msg=audit(1765981295.223:2475): argc=3 a0="grep" a1="-q" a2="function"
type=PATH msg=audit(1765981295.223:2475): item=0 name="/usr/bin/grep" inode=1442450 dev=08:02 mode=0100755 ouid=0 ogid=0 rdev=00:00 nametype=NORMAL cap_fp=0 cap_fi=0 cap_fe=0 cap_fver=0 cap_frootid=0OUID="root" OGID="root"
type=PATH msg=audit(1765981295.223:2475): item=1 name="/lib64/ld-linux-x86-64.so.2" inode=1481429 dev=08:02 mode=0100755 ouid=0 ogid=0 rdev=00:00 nametype=NORMAL cap_fp=0 cap_fi=0 cap_fe=0 cap_fver=0 cap_frootid=0OUID="root" OGID="root"
type=PROCTITLE msg=audit(1765981295.223:2475): proctitle=67726570002D710066756E6374696F6E
type=SYSCALL msg=audit(1765981295.271:2476): arch=c000003e syscall=59 success=yes exit=0 a0=5e5bb4e46190 a1=5e5bb4cab850 a2=5e5bb4c97cc0 a3=8 items=2 ppid=2023 pid=2025 auid=1000 uid=0 gid=0 euid=0 suid=0 fsuid=0 egid=0 sgid=0 fsgid=0 tty=pts1 ses=1 comm="sort" exe="/usr/bin/sort" subj=unconfined key="T1078_Valid_Accounts"ARCH=x86_64 SYSCALL=execve AUID="vboxuser" UID="root" GID="root" EUID="root" SUID="root" FSUID="root" EGID="root" SGID="root" FSGID="root"
type=EXECVE msg=audit(1765981295.271:2476): argc=2 a0="sort" a1="-u"
type=PATH msg=audit(1765981295.271:2476): item=0 name="/usr/bin/sort" inode=1442847 dev=08:02 mode=0100755 ouid=0 ogid=0 rdev=00:00 nametype=NORMAL cap_fp=0 cap_fi=0 cap_fe=0 cap_fver=0 cap_frootid=0OUID="root" OGID="root"
type=PATH msg=audit(1765981295.271:2476): item=1 name="/lib64/ld-linux-x86-64.so.2" inode=1481429 dev=08:02 mode=0100755 ouid=0 ogid=0 rdev=00:00 nametype=NORMAL cap_fp=0 cap_fi=0 cap_fe=0 cap_fver=0 cap_frootid=0OUID="root" OGID="root"
type=PROCTITLE msg=audit(1765981295.271:2476): proctitle=736F7274002D75
type=SYSCALL msg=audit(1765981295.275:2477): arch=c000003e syscall=59 success=yes exit=0 a0=5e5bb4e44ad0 a1=5e5bb4df7420 a2=5e5bb4c97cc0 a3=5e5bb4e430e0 items=2 ppid=2026 pid=2028 auid=1000 uid=0 gid=0 euid=0 suid=0 fsuid=0 egid=0 sgid=0 fsgid=0 tty=pts1 ses=1 comm="systemctl" exe="/usr/bin/systemctl" subj=unconfined key="T1078_Valid_Accounts"ARCH=x86_64 SYSCALL=execve AUID="vboxuser" UID="root" GID="root" EUID="root" SUID="root" FSUID="root" EGID="root" SGID="root" FSGID="root"
type=EXECVE msg=audit(1765981295.275:2477): argc=10 a0="systemctl" a1="--system" a2="--full" a3="--legend=no" a4="--no-pager" a5="--plain" a6="list-unit-files" a7="--state" a8="enabled,enabled-runtime,linked,linked-runtime,static,indirect,disabled,generated,transient" a9="apach*"
type=PATH msg=audit(1765981295.275:2477): item=0 name="/usr/bin/systemctl" inode=1461475 dev=08:02 mode=0100755 ouid=0 ogid=0 rdev=00:00 nametype=NORMAL cap_fp=0 cap_fi=0 cap_fe=0 cap_fver=0 cap_frootid=0OUID="root" OGID="root"
type=PATH msg=audit(1765981295.275:2477): item=1 name="/lib64/ld-linux-x86-64.so.2" inode=1481429 dev=08:02 mode=0100755 ouid=0 ogid=0 rdev=00:00 nametype=NORMAL cap_fp=0 cap_fi=0 cap_fe=0 cap_fver=0 cap_frootid=0OUID="root" OGID="root"
type=PROCTITLE msg=audit(1765981295.275:2477): proctitle=73797374656D63746C002D2D73797374656D002D2D66756C6C002D2D6C6567656E643D6E6F002D2D6E6F2D7061676572002D2D706C61696E006C6973742D756E69742D66696C6573002D2D737461746500656E61626C65642C656E61626C65642D72756E74696D652C6C696E6B65642C6C696E6B65642D72756E74696D652C73
type=SYSCALL msg=audit(1765981295.285:2478): arch=c000003e syscall=42 success=yes exit=0 a0=3 a1=5ac890cd5e78 a2=17 a3=7ffd0428e9f4 items=1 ppid=2026 pid=2028 auid=1000 uid=0 gid=0 euid=0 suid=0 fsuid=0 egid=0 sgid=0 fsgid=0 tty=pts1 ses=1 comm="systemctl" exe="/usr/bin/systemctl" subj=unconfined key="T1043_Commonly_Used_Port"ARCH=x86_64 SYSCALL=connect AUID="vboxuser" UID="root" GID="root" EUID="root" SUID="root" FSUID="root" EGID="root" SGID="root" FSGID="root"
type=SOCKADDR msg=audit(1765981295.285:2478): saddr=01002F72756E2F73797374656D642F7072697661746500SADDR={ saddr_fam=local path=/run/systemd/private }
type=PATH msg=audit(1765981295.285:2478): item=0 name="/run/systemd/private" inode=447 dev=00:18 mode=0140700 ouid=0 ogid=0 rdev=00:00 nametype=NORMAL cap_fp=0 cap_fi=0 cap_fe=0 cap_fver=0 cap_frootid=0OUID="root" OGID="root"
type=PROCTITLE msg=audit(1765981295.285:2478): proctitle=73797374656D63746C002D2D73797374656D002D2D66756C6C002D2D6C6567656E643D6E6F002D2D6E6F2D7061676572002D2D706C61696E006C6973742D756E69742D66696C6573002D2D737461746500656E61626C65642C656E61626C65642D72756E74696D652C6C696E6B65642C6C696E6B65642D72756E74696D652C73
type=SYSCALL msg=audit(1765981295.331:2479): arch=c000003e syscall=59 success=yes exit=0 a0=5e5bb4e455f0 a1=5e5bb4e09210 a2=5e5bb4c97cc0 a3=5e5bb4e44a90 items=2 ppid=2029 pid=2031 auid=1000 uid=0 gid=0 euid=0 suid=0 fsuid=0 egid=0 sgid=0 fsgid=0 tty=pts1 ses=1 comm="systemctl" exe="/usr/bin/systemctl" subj=unconfined key="T1078_Valid_Accounts"ARCH=x86_64 SYSCALL=execve AUID="vboxuser" UID="root" GID="root" EUID="root" SUID="root" FSUID="root" EGID="root" SGID="root" FSGID="root"
type=EXECVE msg=audit(1765981295.331:2479): argc=8 a0="systemctl" a1="--system" a2="--full" a3="--legend=no" a4="--no-pager" a5="--plain" a6="list-units" a7="apach*"
type=PATH msg=audit(1765981295.331:2479): item=0 name="/usr/bin/systemctl" inode=1461475 dev=08:02 mode=0100755 ouid=0 ogid=0 rdev=00:00 nametype=NORMAL cap_fp=0 cap_fi=0 cap_fe=0 cap_fver=0 cap_frootid=0OUID="root" OGID="root"
type=PATH msg=audit(1765981295.331:2479): item=1 name="/lib64/ld-linux-x86-64.so.2" inode=1481429 dev=08:02 mode=0100755 ouid=0 ogid=0 rdev=00:00 nametype=NORMAL cap_fp=0 cap_fi=0 cap_fe=0 cap_fver=0 cap_frootid=0OUID="root" OGID="root"
type=PROCTITLE msg=audit(1765981295.331:2479): proctitle=73797374656D63746C002D2D73797374656D002D2D66756C6C002D2D6C6567656E643D6E6F002D2D6E6F2D7061676572002D2D706C61696E006C6973742D756E6974730061706163682A
type=SYSCALL msg=audit(1765981295.342:2480): arch=c000003e syscall=42 success=yes exit=0 a0=3 a1=650c30f46ac8 a2=17 a3=7ffc362469f4 items=1 ppid=2029 pid=2031 auid=1000 uid=0 gid=0 euid=0 suid=0 fsuid=0 egid=0 sgid=0 fsgid=0 tty=pts1 ses=1 comm="systemctl" exe="/usr/bin/systemctl" subj=unconfined key="T1043_Commonly_Used_Port"ARCH=x86_64 SYSCALL=connect AUID="vboxuser" UID="root" GID="root" EUID="root" SUID="root" FSUID="root" EGID="root" SGID="root" FSGID="root"
type=SOCKADDR msg=audit(1765981295.342:2480): saddr=01002F72756E2F73797374656D642F7072697661746500SADDR={ saddr_fam=local path=/run/systemd/private }
type=PATH msg=audit(1765981295.342:2480): item=0 name="/run/systemd/private" inode=447 dev=00:18 mode=0140700 ouid=0 ogid=0 rdev=00:00 nametype=NORMAL cap_fp=0 cap_fi=0 cap_fe=0 cap_fver=0 cap_frootid=0OUID="root" OGID="root"
type=PROCTITLE msg=audit(1765981295.342:2480): proctitle=73797374656D63746C002D2D73797374656D002D2D66756C6C002D2D6C6567656E643D6E6F002D2D6E6F2D7061676572002D2D706C61696E006C6973742D756E6974730061706163682A
type=SYSCALL msg=audit(1765981295.357:2481): arch=c000003e syscall=59 success=yes exit=0 a0=5e5bb4e44c90 a1=5e5bb4e25180 a2=5e5bb4e4e170 a3=5e5bb4e42f20 items=2 ppid=2022 pid=2033 auid=1000 uid=0 gid=0 euid=0 suid=0 fsuid=0 egid=0 sgid=0 fsgid=0 tty=pts1 ses=1 comm="systemctl" exe="/usr/bin/systemctl" subj=unconfined key="T1078_Valid_Accounts"ARCH=x86_64 SYSCALL=execve AUID="vboxuser" UID="root" GID="root" EUID="root" SUID="root" FSUID="root" EGID="root" SGID="root" FSGID="root"
type=EXECVE msg=audit(1765981295.357:2481): argc=12 a0="systemctl" a1="--system" a2="--full" a3="--legend=no" a4="--no-pager" a5="--plain" a6="show" a7="--property" a8="Names,CanStart=yes" a9="--" a10="apache2.service" a11="apache-htcacheclean.service"
type=PATH msg=audit(1765981295.357:2481): item=0 name="/usr/bin/systemctl" inode=1461475 dev=08:02 mode=0100755 ouid=0 ogid=0 rdev=00:00 nametype=NORMAL cap_fp=0 cap_fi=0 cap_fe=0 cap_fver=0 cap_frootid=0OUID="root" OGID="root"
type=PATH msg=audit(1765981295.357:2481): item=1 name="/lib64/ld-linux-x86-64.so.2" inode=1481429 dev=08:02 mode=0100755 ouid=0 ogid=0 rdev=00:00 nametype=NORMAL cap_fp=0 cap_fi=0 cap_fe=0 cap_fver=0 cap_frootid=0OUID="root" OGID="root"
type=PROCTITLE msg=audit(1765981295.357:2481): proctitle=73797374656D63746C002D2D73797374656D002D2D66756C6C002D2D6C6567656E643D6E6F002D2D6E6F2D7061676572002D2D706C61696E0073686F77002D2D70726F7065727479004E616D65732C43616E53746172743D796573002D2D00617061636865322E73657276696365006170616368652D68746361636865636C65
type=SYSCALL msg=audit(1765981295.365:2482): arch=c000003e syscall=42 success=yes exit=0 a0=3 a1=5c13bb597bb8 a2=17 a3=7ffdb15d7cd4 items=1 ppid=2022 pid=2033 auid=1000 uid=0 gid=0 euid=0 suid=0 fsuid=0 egid=0 sgid=0 fsgid=0 tty=pts1 ses=1 comm="systemctl" exe="/usr/bin/systemctl" subj=unconfined key="T1043_Commonly_Used_Port"ARCH=x86_64 SYSCALL=connect AUID="vboxuser" UID="root" GID="root" EUID="root" SUID="root" FSUID="root" EGID="root" SGID="root" FSGID="root"
type=SOCKADDR msg=audit(1765981295.365:2482): saddr=01002F72756E2F73797374656D642F7072697661746500SADDR={ saddr_fam=local path=/run/systemd/private }
type=PATH msg=audit(1765981295.365:2482): item=0 name="/run/systemd/private" inode=447 dev=00:18 mode=0140700 ouid=0 ogid=0 rdev=00:00 nametype=NORMAL cap_fp=0 cap_fi=0 cap_fe=0 cap_fver=0 cap_frootid=0OUID="root" OGID="root"
type=PROCTITLE msg=audit(1765981295.365:2482): proctitle=73797374656D63746C002D2D73797374656D002D2D66756C6C002D2D6C6567656E643D6E6F002D2D6E6F2D7061676572002D2D706C61696E0073686F77002D2D70726F7065727479004E616D65732C43616E53746172743D796573002D2D00617061636865322E73657276696365006170616368652D68746361636865636C65
type=SYSCALL msg=audit(1765981296.098:2483): arch=c000003e syscall=59 success=yes exit=0 a0=5e5bb4e1f7a0 a1=5e5bb4e1c830 a2=5e5bb4e49c20 a3=8 items=2 ppid=2038 pid=2040 auid=1000 uid=0 gid=0 euid=0 suid=0 fsuid=0 egid=0 sgid=0 fsgid=0 tty=pts1 ses=1 comm="sort" exe="/usr/bin/sort" subj=unconfined key="T1078_Valid_Accounts"ARCH=x86_64 SYSCALL=execve AUID="vboxuser" UID="root" GID="root" EUID="root" SUID="root" FSUID="root" EGID="root" SGID="root" FSGID="root"
type=EXECVE msg=audit(1765981296.098:2483): argc=2 a0="sort" a1="-u"
type=PATH msg=audit(1765981296.098:2483): item=0 name="/usr/bin/sort" inode=1442847 dev=08:02 mode=0100755 ouid=0 ogid=0 rdev=00:00 nametype=NORMAL cap_fp=0 cap_fi=0 cap_fe=0 cap_fver=0 cap_frootid=0OUID="root" OGID="root"
type=PATH msg=audit(1765981296.098:2483): item=1 name="/lib64/ld-linux-x86-64.so.2" inode=1481429 dev=08:02 mode=0100755 ouid=0 ogid=0 rdev=00:00 nametype=NORMAL cap_fp=0 cap_fi=0 cap_fe=0 cap_fver=0 cap_frootid=0OUID="root" OGID="root"
type=PROCTITLE msg=audit(1765981296.098:2483): proctitle=736F7274002D75
type=SYSCALL msg=audit(1765981296.103:2484): arch=c000003e syscall=59 success=yes exit=0 a0=5e5bb4e4b520 a1=5e5bb4e0bf50 a2=5e5bb4e49c20 a3=5e5bb4e23850 items=2 ppid=2041 pid=2043 auid=1000 uid=0 gid=0 euid=0 suid=0 fsuid=0 egid=0 sgid=0 fsgid=0 tty=pts1 ses=1 comm="systemctl" exe="/usr/bin/systemctl" subj=unconfined key="T1078_Valid_Accounts"ARCH=x86_64 SYSCALL=execve AUID="vboxuser" UID="root" GID="root" EUID="root" SUID="root" FSUID="root" EGID="root" SGID="root" FSGID="root"
type=EXECVE msg=audit(1765981296.103:2484): argc=10 a0="systemctl" a1="--system" a2="--full" a3="--legend=no" a4="--no-pager" a5="--plain" a6="list-unit-files" a7="--state" a8="enabled,enabled-runtime,linked,linked-runtime,static,indirect,disabled,generated,transient" a9="apache*"
type=PATH msg=audit(1765981296.103:2484): item=0 name="/usr/bin/systemctl" inode=1461475 dev=08:02 mode=0100755 ouid=0 ogid=0 rdev=00:00 nametype=NORMAL cap_fp=0 cap_fi=0 cap_fe=0 cap_fver=0 cap_frootid=0OUID="root" OGID="root"
type=PATH msg=audit(1765981296.103:2484): item=1 name="/lib64/ld-linux-x86-64.so.2" inode=1481429 dev=08:02 mode=0100755 ouid=0 ogid=0 rdev=00:00 nametype=NORMAL cap_fp=0 cap_fi=0 cap_fe=0 cap_fver=0 cap_frootid=0OUID="root" OGID="root"
type=PROCTITLE msg=audit(1765981296.103:2484): proctitle=73797374656D63746C002D2D73797374656D002D2D66756C6C002D2D6C6567656E643D6E6F002D2D6E6F2D7061676572002D2D706C61696E006C6973742D756E69742D66696C6573002D2D737461746500656E61626C65642C656E61626C65642D72756E74696D652C6C696E6B65642C6C696E6B65642D72756E74696D652C73
type=SYSCALL msg=audit(1765981296.113:2485): arch=c000003e syscall=42 success=yes exit=0 a0=3 a1=5f48f08fbe78 a2=17 a3=7fff06d47404 items=1 ppid=2041 pid=2043 auid=1000 uid=0 gid=0 euid=0 suid=0 fsuid=0 egid=0 sgid=0 fsgid=0 tty=pts1 ses=1 comm="systemctl" exe="/usr/bin/systemctl" subj=unconfined key="T1043_Commonly_Used_Port"ARCH=x86_64 SYSCALL=connect AUID="vboxuser" UID="root" GID="root" EUID="root" SUID="root" FSUID="root" EGID="root" SGID="root" FSGID="root"
type=SOCKADDR msg=audit(1765981296.113:2485): saddr=01002F72756E2F73797374656D642F7072697661746500SADDR={ saddr_fam=local path=/run/systemd/private }
type=PATH msg=audit(1765981296.113:2485): item=0 name="/run/systemd/private" inode=447 dev=00:18 mode=0140700 ouid=0 ogid=0 rdev=00:00 nametype=NORMAL cap_fp=0 cap_fi=0 cap_fe=0 cap_fver=0 cap_frootid=0OUID="root" OGID="root"
type=PROCTITLE msg=audit(1765981296.113:2485): proctitle=73797374656D63746C002D2D73797374656D002D2D66756C6C002D2D6C6567656E643D6E6F002D2D6E6F2D7061676572002D2D706C61696E006C6973742D756E69742D66696C6573002D2D737461746500656E61626C65642C656E61626C65642D72756E74696D652C6C696E6B65642C6C696E6B65642D72756E74696D652C73
type=SYSCALL msg=audit(1765981296.138:2486): arch=c000003e syscall=59 success=yes exit=0 a0=5e5bb4e235d0 a1=5e5bb4e1e7f0 a2=5e5bb4e49c20 a3=5e5bb4e44a90 items=2 ppid=2044 pid=2046 auid=1000 uid=0 gid=0 euid=0 suid=0 fsuid=0 egid=0 sgid=0 fsgid=0 tty=pts1 ses=1 comm="systemctl" exe="/usr/bin/systemctl" subj=unconfined key="T1078_Valid_Accounts"ARCH=x86_64 SYSCALL=execve AUID="vboxuser" UID="root" GID="root" EUID="root" SUID="root" FSUID="root" EGID="root" SGID="root" FSGID="root"
type=EXECVE msg=audit(1765981296.138:2486): argc=8 a0="systemctl" a1="--system" a2="--full" a3="--legend=no" a4="--no-pager" a5="--plain" a6="list-units" a7="apache*"
type=PATH msg=audit(1765981296.138:2486): item=0 name="/usr/bin/systemctl" inode=1461475 dev=08:02 mode=0100755 ouid=0 ogid=0 rdev=00:00 nametype=NORMAL cap_fp=0 cap_fi=0 cap_fe=0 cap_fver=0 cap_frootid=0OUID="root" OGID="root"
type=PATH msg=audit(1765981296.138:2486): item=1 name="/lib64/ld-linux-x86-64.so.2" inode=1481429 dev=08:02 mode=0100755 ouid=0 ogid=0 rdev=00:00 nametype=NORMAL cap_fp=0 cap_fi=0 cap_fe=0 cap_fver=0 cap_frootid=0OUID="root" OGID="root"
type=PROCTITLE msg=audit(1765981296.138:2486): proctitle=73797374656D63746C002D2D73797374656D002D2D66756C6C002D2D6C6567656E643D6E6F002D2D6E6F2D7061676572002D2D706C61696E006C6973742D756E697473006170616368652A
type=SYSCALL msg=audit(1765981296.141:2487): arch=c000003e syscall=42 success=yes exit=0 a0=3 a1=5d4cae38eac8 a2=17 a3=7ffcdeccf7e4 items=1 ppid=2044 pid=2046 auid=1000 uid=0 gid=0 euid=0 suid=0 fsuid=0 egid=0 sgid=0 fsgid=0 tty=pts1 ses=1 comm="systemctl" exe="/usr/bin/systemctl" subj=unconfined key="T1043_Commonly_Used_Port"ARCH=x86_64 SYSCALL=connect AUID="vboxuser" UID="root" GID="root" EUID="root" SUID="root" FSUID="root" EGID="root" SGID="root" FSGID="root"
type=SOCKADDR msg=audit(1765981296.141:2487): saddr=01002F72756E2F73797374656D642F7072697661746500SADDR={ saddr_fam=local path=/run/systemd/private }
type=PATH msg=audit(1765981296.141:2487): item=0 name="/run/systemd/private" inode=447 dev=00:18 mode=0140700 ouid=0 ogid=0 rdev=00:00 nametype=NORMAL cap_fp=0 cap_fi=0 cap_fe=0 cap_fver=0 cap_frootid=0OUID="root" OGID="root"
type=PROCTITLE msg=audit(1765981296.141:2487): proctitle=73797374656D63746C002D2D73797374656D002D2D66756C6C002D2D6C6567656E643D6E6F002D2D6E6F2D7061676572002D2D706C61696E006C6973742D756E697473006170616368652A
type=SYSCALL msg=audit(1765981296.154:2488): arch=c000003e syscall=59 success=yes exit=0 a0=5e5bb4e1ebc0 a1=5e5bb4e24470 a2=5e5bb4e20140 a3=5e5bb4e064b0 items=2 ppid=2037 pid=2048 auid=1000 uid=0 gid=0 euid=0 suid=0 fsuid=0 egid=0 sgid=0 fsgid=0 tty=pts1 ses=1 comm="systemctl" exe="/usr/bin/systemctl" subj=unconfined key="T1078_Valid_Accounts"ARCH=x86_64 SYSCALL=execve AUID="vboxuser" UID="root" GID="root" EUID="root" SUID="root" FSUID="root" EGID="root" SGID="root" FSGID="root"
type=EXECVE msg=audit(1765981296.154:2488): argc=12 a0="systemctl" a1="--system" a2="--full" a3="--legend=no" a4="--no-pager" a5="--plain" a6="show" a7="--property" a8="Names,CanStart=yes" a9="--" a10="apache2.service" a11="apache-htcacheclean.service"
type=PATH msg=audit(1765981296.154:2488): item=0 name="/usr/bin/systemctl" inode=1461475 dev=08:02 mode=0100755 ouid=0 ogid=0 rdev=00:00 nametype=NORMAL cap_fp=0 cap_fi=0 cap_fe=0 cap_fver=0 cap_frootid=0OUID="root" OGID="root"
type=PATH msg=audit(1765981296.154:2488): item=1 name="/lib64/ld-linux-x86-64.so.2" inode=1481429 dev=08:02 mode=0100755 ouid=0 ogid=0 rdev=00:00 nametype=NORMAL cap_fp=0 cap_fi=0 cap_fe=0 cap_fver=0 cap_frootid=0OUID="root" OGID="root"
type=PROCTITLE msg=audit(1765981296.154:2488): proctitle=73797374656D63746C002D2D73797374656D002D2D66756C6C002D2D6C6567656E643D6E6F002D2D6E6F2D7061676572002D2D706C61696E0073686F77002D2D70726F7065727479004E616D65732C43616E53746172743D796573002D2D00617061636865322E73657276696365006170616368652D68746361636865636C65
type=SYSCALL msg=audit(1765981296.161:2489): arch=c000003e syscall=42 success=yes exit=0 a0=3 a1=6276d4a6cbb8 a2=17 a3=7ffc39e1bf44 items=1 ppid=2037 pid=2048 auid=1000 uid=0 gid=0 euid=0 suid=0 fsuid=0 egid=0 sgid=0 fsgid=0 tty=pts1 ses=1 comm="systemctl" exe="/usr/bin/systemctl" subj=unconfined key="T1043_Commonly_Used_Port"ARCH=x86_64 SYSCALL=connect AUID="vboxuser" UID="root" GID="root" EUID="root" SUID="root" FSUID="root" EGID="root" SGID="root" FSGID="root"
type=SOCKADDR msg=audit(1765981296.161:2489): saddr=01002F72756E2F73797374656D642F7072697661746500SADDR={ saddr_fam=local path=/run/systemd/private }
type=PATH msg=audit(1765981296.161:2489): item=0 name="/run/systemd/private" inode=447 dev=00:18 mode=0140700 ouid=0 ogid=0 rdev=00:00 nametype=NORMAL cap_fp=0 cap_fi=0 cap_fe=0 cap_fver=0 cap_frootid=0OUID="root" OGID="root"
type=PROCTITLE msg=audit(1765981296.161:2489): proctitle=73797374656D63746C002D2D73797374656D002D2D66756C6C002D2D6C6567656E643D6E6F002D2D6E6F2D7061676572002D2D706C61696E0073686F77002D2D70726F7065727479004E616D65732C43616E53746172743D796573002D2D00617061636865322E73657276696365006170616368652D68746361636865636C65
type=SYSCALL msg=audit(1765981296.308:2490): arch=c000003e syscall=59 success=yes exit=0 a0=5e5bb4e0b970 a1=5e5bb4e1de90 a2=5e5bb4e49c20 a3=8 items=2 ppid=2053 pid=2055 auid=1000 uid=0 gid=0 euid=0 suid=0 fsuid=0 egid=0 sgid=0 fsgid=0 tty=pts1 ses=1 comm="sort" exe="/usr/bin/sort" subj=unconfined key="T1078_Valid_Accounts"ARCH=x86_64 SYSCALL=execve AUID="vboxuser" UID="root" GID="root" EUID="root" SUID="root" FSUID="root" EGID="root" SGID="root" FSGID="root"
type=EXECVE msg=audit(1765981296.308:2490): argc=2 a0="sort" a1="-u"
type=PATH msg=audit(1765981296.308:2490): item=0 name="/usr/bin/sort" inode=1442847 dev=08:02 mode=0100755 ouid=0 ogid=0 rdev=00:00 nametype=NORMAL cap_fp=0 cap_fi=0 cap_fe=0 cap_fver=0 cap_frootid=0OUID="root" OGID="root"
type=PATH msg=audit(1765981296.308:2490): item=1 name="/lib64/ld-linux-x86-64.so.2" inode=1481429 dev=08:02 mode=0100755 ouid=0 ogid=0 rdev=00:00 nametype=NORMAL cap_fp=0 cap_fi=0 cap_fe=0 cap_fver=0 cap_frootid=0OUID="root" OGID="root"
type=PROCTITLE msg=audit(1765981296.308:2490): proctitle=736F7274002D75
type=SYSCALL msg=audit(1765981296.310:2491): arch=c000003e syscall=59 success=yes exit=0 a0=5e5bb4debc50 a1=5e5bb4dfc6d0 a2=5e5bb4e49c20 a3=5e5bb4e4b480 items=2 ppid=2056 pid=2058 auid=1000 uid=0 gid=0 euid=0 suid=0 fsuid=0 egid=0 sgid=0 fsgid=0 tty=pts1 ses=1 comm="systemctl" exe="/usr/bin/systemctl" subj=unconfined key="T1078_Valid_Accounts"ARCH=x86_64 SYSCALL=execve AUID="vboxuser" UID="root" GID="root" EUID="root" SUID="root" FSUID="root" EGID="root" SGID="root" FSGID="root"
type=EXECVE msg=audit(1765981296.310:2491): argc=10 a0="systemctl" a1="--system" a2="--full" a3="--legend=no" a4="--no-pager" a5="--plain" a6="list-unit-files" a7="--state" a8="enabled,enabled-runtime,linked,linked-runtime,static,indirect,disabled,generated,transient" a9="apache*"
type=PATH msg=audit(1765981296.310:2491): item=0 name="/usr/bin/systemctl" inode=1461475 dev=08:02 mode=0100755 ouid=0 ogid=0 rdev=00:00 nametype=NORMAL cap_fp=0 cap_fi=0 cap_fe=0 cap_fver=0 cap_frootid=0OUID="root" OGID="root"
type=PATH msg=audit(1765981296.310:2491): item=1 name="/lib64/ld-linux-x86-64.so.2" inode=1481429 dev=08:02 mode=0100755 ouid=0 ogid=0 rdev=00:00 nametype=NORMAL cap_fp=0 cap_fi=0 cap_fe=0 cap_fver=0 cap_frootid=0OUID="root" OGID="root"
type=PROCTITLE msg=audit(1765981296.310:2491): proctitle=73797374656D63746C002D2D73797374656D002D2D66756C6C002D2D6C6567656E643D6E6F002D2D6E6F2D7061676572002D2D706C61696E006C6973742D756E69742D66696C6573002D2D737461746500656E61626C65642C656E61626C65642D72756E74696D652C6C696E6B65642C6C696E6B65642D72756E74696D652C73
type=SYSCALL msg=audit(1765981296.314:2492): arch=c000003e syscall=42 success=yes exit=0 a0=3 a1=56e19e996e78 a2=17 a3=7ffea9204e74 items=1 ppid=2056 pid=2058 auid=1000 uid=0 gid=0 euid=0 suid=0 fsuid=0 egid=0 sgid=0 fsgid=0 tty=pts1 ses=1 comm="systemctl" exe="/usr/bin/systemctl" subj=unconfined key="T1043_Commonly_Used_Port"ARCH=x86_64 SYSCALL=connect AUID="vboxuser" UID="root" GID="root" EUID="root" SUID="root" FSUID="root" EGID="root" SGID="root" FSGID="root"
type=SOCKADDR msg=audit(1765981296.314:2492): saddr=01002F72756E2F73797374656D642F7072697661746500SADDR={ saddr_fam=local path=/run/systemd/private }
type=PATH msg=audit(1765981296.314:2492): item=0 name="/run/systemd/private" inode=447 dev=00:18 mode=0140700 ouid=0 ogid=0 rdev=00:00 nametype=NORMAL cap_fp=0 cap_fi=0 cap_fe=0 cap_fver=0 cap_frootid=0OUID="root" OGID="root"
type=PROCTITLE msg=audit(1765981296.314:2492): proctitle=73797374656D63746C002D2D73797374656D002D2D66756C6C002D2D6C6567656E643D6E6F002D2D6E6F2D7061676572002D2D706C61696E006C6973742D756E69742D66696C6573002D2D737461746500656E61626C65642C656E61626C65642D72756E74696D652C6C696E6B65642C6C696E6B65642D72756E74696D652C73
type=SYSCALL msg=audit(1765981296.333:2493): arch=c000003e syscall=59 success=yes exit=0 a0=5e5bb4e0d8d0 a1=5e5bb4e24170 a2=5e5bb4e49c20 a3=5e5bb4debc10 items=2 ppid=2059 pid=2061 auid=1000 uid=0 gid=0 euid=0 suid=0 fsuid=0 egid=0 sgid=0 fsgid=0 tty=pts1 ses=1 comm="systemctl" exe="/usr/bin/systemctl" subj=unconfined key="T1078_Valid_Accounts"ARCH=x86_64 SYSCALL=execve AUID="vboxuser" UID="root" GID="root" EUID="root" SUID="root" FSUID="root" EGID="root" SGID="root" FSGID="root"
type=EXECVE msg=audit(1765981296.333:2493): argc=8 a0="systemctl" a1="--system" a2="--full" a3="--legend=no" a4="--no-pager" a5="--plain" a6="list-units" a7="apache*"
type=PATH msg=audit(1765981296.333:2493): item=0 name="/usr/bin/systemctl" inode=1461475 dev=08:02 mode=0100755 ouid=0 ogid=0 rdev=00:00 nametype=NORMAL cap_fp=0 cap_fi=0 cap_fe=0 cap_fver=0 cap_frootid=0OUID="root" OGID="root"
type=PATH msg=audit(1765981296.333:2493): item=1 name="/lib64/ld-linux-x86-64.so.2" inode=1481429 dev=08:02 mode=0100755 ouid=0 ogid=0 rdev=00:00 nametype=NORMAL cap_fp=0 cap_fi=0 cap_fe=0 cap_fver=0 cap_frootid=0OUID="root" OGID="root"
type=PROCTITLE msg=audit(1765981296.333:2493): proctitle=73797374656D63746C002D2D73797374656D002D2D66756C6C002D2D6C6567656E643D6E6F002D2D6E6F2D7061676572002D2D706C61696E006C6973742D756E697473006170616368652A
type=SYSCALL msg=audit(1765981296.341:2494): arch=c000003e syscall=42 success=yes exit=0 a0=3 a1=5e846e6e0ac8 a2=17 a3=7fff2ff430c4 items=1 ppid=2059 pid=2061 auid=1000 uid=0 gid=0 euid=0 suid=0 fsuid=0 egid=0 sgid=0 fsgid=0 tty=pts1 ses=1 comm="systemctl" exe="/usr/bin/systemctl" subj=unconfined key="T1043_Commonly_Used_Port"ARCH=x86_64 SYSCALL=connect AUID="vboxuser" UID="root" GID="root" EUID="root" SUID="root" FSUID="root" EGID="root" SGID="root" FSGID="root"
type=SOCKADDR msg=audit(1765981296.341:2494): saddr=01002F72756E2F73797374656D642F7072697661746500SADDR={ saddr_fam=local path=/run/systemd/private }
type=PATH msg=audit(1765981296.341:2494): item=0 name="/run/systemd/private" inode=447 dev=00:18 mode=0140700 ouid=0 ogid=0 rdev=00:00 nametype=NORMAL cap_fp=0 cap_fi=0 cap_fe=0 cap_fver=0 cap_frootid=0OUID="root" OGID="root"
type=PROCTITLE msg=audit(1765981296.341:2494): proctitle=73797374656D63746C002D2D73797374656D002D2D66756C6C002D2D6C6567656E643D6E6F002D2D6E6F2D7061676572002D2D706C61696E006C6973742D756E697473006170616368652A
type=SYSCALL msg=audit(1765981296.348:2495): arch=c000003e syscall=59 success=yes exit=0 a0=5e5bb4e48df0 a1=5e5bb4e1eac0 a2=5e5bb4e0a6e0 a3=5e5bb4c97b50 items=2 ppid=2052 pid=2063 auid=1000 uid=0 gid=0 euid=0 suid=0 fsuid=0 egid=0 sgid=0 fsgid=0 tty=pts1 ses=1 comm="systemctl" exe="/usr/bin/systemctl" subj=unconfined key="T1078_Valid_Accounts"ARCH=x86_64 SYSCALL=execve AUID="vboxuser" UID="root" GID="root" EUID="root" SUID="root" FSUID="root" EGID="root" SGID="root" FSGID="root"
type=EXECVE msg=audit(1765981296.348:2495): argc=12 a0="systemctl" a1="--system" a2="--full" a3="--legend=no" a4="--no-pager" a5="--plain" a6="show" a7="--property" a8="Names,CanStart=yes" a9="--" a10="apache2.service" a11="apache-htcacheclean.service"
type=PATH msg=audit(1765981296.348:2495): item=0 name="/usr/bin/systemctl" inode=1461475 dev=08:02 mode=0100755 ouid=0 ogid=0 rdev=00:00 nametype=NORMAL cap_fp=0 cap_fi=0 cap_fe=0 cap_fver=0 cap_frootid=0OUID="root" OGID="root"
type=PATH msg=audit(1765981296.348:2495): item=1 name="/lib64/ld-linux-x86-64.so.2" inode=1481429 dev=08:02 mode=0100755 ouid=0 ogid=0 rdev=00:00 nametype=NORMAL cap_fp=0 cap_fi=0 cap_fe=0 cap_fver=0 cap_frootid=0OUID="root" OGID="root"
type=PROCTITLE msg=audit(1765981296.348:2495): proctitle=73797374656D63746C002D2D73797374656D002D2D66756C6C002D2D6C6567656E643D6E6F002D2D6E6F2D7061676572002D2D706C61696E0073686F77002D2D70726F7065727479004E616D65732C43616E53746172743D796573002D2D00617061636865322E73657276696365006170616368652D68746361636865636C65
type=SYSCALL msg=audit(1765981296.357:2496): arch=c000003e syscall=42 success=yes exit=0 a0=3 a1=569f9e512bb8 a2=17 a3=7fffda135b14 items=1 ppid=2052 pid=2063 auid=1000 uid=0 gid=0 euid=0 suid=0 fsuid=0 egid=0 sgid=0 fsgid=0 tty=pts1 ses=1 comm="systemctl" exe="/usr/bin/systemctl" subj=unconfined key="T1043_Commonly_Used_Port"ARCH=x86_64 SYSCALL=connect AUID="vboxuser" UID="root" GID="root" EUID="root" SUID="root" FSUID="root" EGID="root" SGID="root" FSGID="root"
type=SOCKADDR msg=audit(1765981296.357:2496): saddr=01002F72756E2F73797374656D642F7072697661746500SADDR={ saddr_fam=local path=/run/systemd/private }
type=PATH msg=audit(1765981296.357:2496): item=0 name="/run/systemd/private" inode=447 dev=00:18 mode=0140700 ouid=0 ogid=0 rdev=00:00 nametype=NORMAL cap_fp=0 cap_fi=0 cap_fe=0 cap_fver=0 cap_frootid=0OUID="root" OGID="root"
type=PROCTITLE msg=audit(1765981296.357:2496): proctitle=73797374656D63746C002D2D73797374656D002D2D66756C6C002D2D6C6567656E643D6E6F002D2D6E6F2D7061676572002D2D706C61696E0073686F77002D2D70726F7065727479004E616D65732C43616E53746172743D796573002D2D00617061636865322E73657276696365006170616368652D68746361636865636C65
type=SYSCALL msg=audit(1765981296.747:2497): arch=c000003e syscall=59 success=yes exit=0 a0=5e5bb4e48ad0 a1=5e5bb4e4b9c0 a2=5e5bb4e49c20 a3=8 items=2 ppid=2068 pid=2070 auid=1000 uid=0 gid=0 euid=0 suid=0 fsuid=0 egid=0 sgid=0 fsgid=0 tty=pts1 ses=1 comm="sort" exe="/usr/bin/sort" subj=unconfined key="T1078_Valid_Accounts"ARCH=x86_64 SYSCALL=execve AUID="vboxuser" UID="root" GID="root" EUID="root" SUID="root" FSUID="root" EGID="root" SGID="root" FSGID="root"
type=EXECVE msg=audit(1765981296.747:2497): argc=2 a0="sort" a1="-u"
type=PATH msg=audit(1765981296.747:2497): item=0 name="/usr/bin/sort" inode=1442847 dev=08:02 mode=0100755 ouid=0 ogid=0 rdev=00:00 nametype=NORMAL cap_fp=0 cap_fi=0 cap_fe=0 cap_fver=0 cap_frootid=0OUID="root" OGID="root"
type=PATH msg=audit(1765981296.747:2497): item=1 name="/lib64/ld-linux-x86-64.so.2" inode=1481429 dev=08:02 mode=0100755 ouid=0 ogid=0 rdev=00:00 nametype=NORMAL cap_fp=0 cap_fi=0 cap_fe=0 cap_fver=0 cap_frootid=0OUID="root" OGID="root"
type=PROCTITLE msg=audit(1765981296.747:2497): proctitle=736F7274002D75
type=SYSCALL msg=audit(1765981296.751:2498): arch=c000003e syscall=59 success=yes exit=0 a0=5e5bb4e28450 a1=5e5bb4df0be0 a2=5e5bb4e49c20 a3=5e5bb4e494f0 items=2 ppid=2071 pid=2073 auid=1000 uid=0 gid=0 euid=0 suid=0 fsuid=0 egid=0 sgid=0 fsgid=0 tty=pts1 ses=1 comm="systemctl" exe="/usr/bin/systemctl" subj=unconfined key="T1078_Valid_Accounts"ARCH=x86_64 SYSCALL=execve AUID="vboxuser" UID="root" GID="root" EUID="root" SUID="root" FSUID="root" EGID="root" SGID="root" FSGID="root"
type=EXECVE msg=audit(1765981296.751:2498): argc=10 a0="systemctl" a1="--system" a2="--full" a3="--legend=no" a4="--no-pager" a5="--plain" a6="list-unit-files" a7="--state" a8="enabled,enabled-runtime,linked,linked-runtime,static,indirect,disabled,generated,transient" a9="apache2*"
type=PATH msg=audit(1765981296.751:2498): item=0 name="/usr/bin/systemctl" inode=1461475 dev=08:02 mode=0100755 ouid=0 ogid=0 rdev=00:00 nametype=NORMAL cap_fp=0 cap_fi=0 cap_fe=0 cap_fver=0 cap_frootid=0OUID="root" OGID="root"
type=PATH msg=audit(1765981296.751:2498): item=1 name="/lib64/ld-linux-x86-64.so.2" inode=1481429 dev=08:02 mode=0100755 ouid=0 ogid=0 rdev=00:00 nametype=NORMAL cap_fp=0 cap_fi=0 cap_fe=0 cap_fver=0 cap_frootid=0OUID="root" OGID="root"
type=PROCTITLE msg=audit(1765981296.751:2498): proctitle=73797374656D63746C002D2D73797374656D002D2D66756C6C002D2D6C6567656E643D6E6F002D2D6E6F2D7061676572002D2D706C61696E006C6973742D756E69742D66696C6573002D2D737461746500656E61626C65642C656E61626C65642D72756E74696D652C6C696E6B65642C6C696E6B65642D72756E74696D652C73
type=SYSCALL msg=audit(1765981296.758:2499): arch=c000003e syscall=42 success=yes exit=0 a0=3 a1=578d7ec3ee78 a2=17 a3=7ffc9dc94254 items=1 ppid=2071 pid=2073 auid=1000 uid=0 gid=0 euid=0 suid=0 fsuid=0 egid=0 sgid=0 fsgid=0 tty=pts1 ses=1 comm="systemctl" exe="/usr/bin/systemctl" subj=unconfined key="T1043_Commonly_Used_Port"ARCH=x86_64 SYSCALL=connect AUID="vboxuser" UID="root" GID="root" EUID="root" SUID="root" FSUID="root" EGID="root" SGID="root" FSGID="root"
type=SOCKADDR msg=audit(1765981296.758:2499): saddr=01002F72756E2F73797374656D642F7072697661746500SADDR={ saddr_fam=local path=/run/systemd/private }
type=PATH msg=audit(1765981296.758:2499): item=0 name="/run/systemd/private" inode=447 dev=00:18 mode=0140700 ouid=0 ogid=0 rdev=00:00 nametype=NORMAL cap_fp=0 cap_fi=0 cap_fe=0 cap_fver=0 cap_frootid=0OUID="root" OGID="root"
type=PROCTITLE msg=audit(1765981296.758:2499): proctitle=73797374656D63746C002D2D73797374656D002D2D66756C6C002D2D6C6567656E643D6E6F002D2D6E6F2D7061676572002D2D706C61696E006C6973742D756E69742D66696C6573002D2D737461746500656E61626C65642C656E61626C65642D72756E74696D652C6C696E6B65642C6C696E6B65642D72756E74696D652C73
type=SYSCALL msg=audit(1765981296.772:2500): arch=c000003e syscall=59 success=yes exit=0 a0=5e5bb4e228d0 a1=5e5bb4e01ae0 a2=5e5bb4e49c20 a3=5e5bb4e20f80 items=2 ppid=2074 pid=2076 auid=1000 uid=0 gid=0 euid=0 suid=0 fsuid=0 egid=0 sgid=0 fsgid=0 tty=pts1 ses=1 comm="systemctl" exe="/usr/bin/systemctl" subj=unconfined key="T1078_Valid_Accounts"ARCH=x86_64 SYSCALL=execve AUID="vboxuser" UID="root" GID="root" EUID="root" SUID="root" FSUID="root" EGID="root" SGID="root" FSGID="root"
type=EXECVE msg=audit(1765981296.772:2500): argc=8 a0="systemctl" a1="--system" a2="--full" a3="--legend=no" a4="--no-pager" a5="--plain" a6="list-units" a7="apache2*"
type=PATH msg=audit(1765981296.772:2500): item=0 name="/usr/bin/systemctl" inode=1461475 dev=08:02 mode=0100755 ouid=0 ogid=0 rdev=00:00 nametype=NORMAL cap_fp=0 cap_fi=0 cap_fe=0 cap_fver=0 cap_frootid=0OUID="root" OGID="root"
type=PATH msg=audit(1765981296.772:2500): item=1 name="/lib64/ld-linux-x86-64.so.2" inode=1481429 dev=08:02 mode=0100755 ouid=0 ogid=0 rdev=00:00 nametype=NORMAL cap_fp=0 cap_fi=0 cap_fe=0 cap_fver=0 cap_frootid=0OUID="root" OGID="root"
type=PROCTITLE msg=audit(1765981296.772:2500): proctitle=73797374656D63746C002D2D73797374656D002D2D66756C6C002D2D6C6567656E643D6E6F002D2D6E6F2D7061676572002D2D706C61696E006C6973742D756E69747300617061636865322A
type=SYSCALL msg=audit(1765981296.780:2501): arch=c000003e syscall=42 success=yes exit=0 a0=3 a1=5c17703e4ac8 a2=17 a3=7ffee4cd0194 items=1 ppid=2074 pid=2076 auid=1000 uid=0 gid=0 euid=0 suid=0 fsuid=0 egid=0 sgid=0 fsgid=0 tty=pts1 ses=1 comm="systemctl" exe="/usr/bin/systemctl" subj=unconfined key="T1043_Commonly_Used_Port"ARCH=x86_64 SYSCALL=connect AUID="vboxuser" UID="root" GID="root" EUID="root" SUID="root" FSUID="root" EGID="root" SGID="root" FSGID="root"
type=SOCKADDR msg=audit(1765981296.780:2501): saddr=01002F72756E2F73797374656D642F7072697661746500SADDR={ saddr_fam=local path=/run/systemd/private }
type=PATH msg=audit(1765981296.780:2501): item=0 name="/run/systemd/private" inode=447 dev=00:18 mode=0140700 ouid=0 ogid=0 rdev=00:00 nametype=NORMAL cap_fp=0 cap_fi=0 cap_fe=0 cap_fver=0 cap_frootid=0OUID="root" OGID="root"
type=PROCTITLE msg=audit(1765981296.780:2501): proctitle=73797374656D63746C002D2D73797374656D002D2D66756C6C002D2D6C6567656E643D6E6F002D2D6E6F2D7061676572002D2D706C61696E006C6973742D756E69747300617061636865322A
type=SYSCALL msg=audit(1765981296.791:2502): arch=c000003e syscall=59 success=yes exit=0 a0=5e5bb4e20e80 a1=5e5bb4e1eac0 a2=5e5bb4e09590 a3=5e5bb4e21510 items=2 ppid=2067 pid=2078 auid=1000 uid=0 gid=0 euid=0 suid=0 fsuid=0 egid=0 sgid=0 fsgid=0 tty=pts1 ses=1 comm="systemctl" exe="/usr/bin/systemctl" subj=unconfined key="T1078_Valid_Accounts"ARCH=x86_64 SYSCALL=execve AUID="vboxuser" UID="root" GID="root" EUID="root" SUID="root" FSUID="root" EGID="root" SGID="root" FSGID="root"
type=EXECVE msg=audit(1765981296.791:2502): argc=11 a0="systemctl" a1="--system" a2="--full" a3="--legend=no" a4="--no-pager" a5="--plain" a6="show" a7="--property" a8="Names,CanStart=yes" a9="--" a10="apache2.service"
type=PATH msg=audit(1765981296.791:2502): item=0 name="/usr/bin/systemctl" inode=1461475 dev=08:02 mode=0100755 ouid=0 ogid=0 rdev=00:00 nametype=NORMAL cap_fp=0 cap_fi=0 cap_fe=0 cap_fver=0 cap_frootid=0OUID="root" OGID="root"
type=PATH msg=audit(1765981296.791:2502): item=1 name="/lib64/ld-linux-x86-64.so.2" inode=1481429 dev=08:02 mode=0100755 ouid=0 ogid=0 rdev=00:00 nametype=NORMAL cap_fp=0 cap_fi=0 cap_fe=0 cap_fver=0 cap_frootid=0OUID="root" OGID="root"
type=PROCTITLE msg=audit(1765981296.791:2502): proctitle=73797374656D63746C002D2D73797374656D002D2D66756C6C002D2D6C6567656E643D6E6F002D2D6E6F2D7061676572002D2D706C61696E0073686F77002D2D70726F7065727479004E616D65732C43616E53746172743D796573002D2D00617061636865322E73657276696365
type=SYSCALL msg=audit(1765981296.799:2503): arch=c000003e syscall=42 success=yes exit=0 a0=3 a1=56e8ac1b7bb8 a2=17 a3=7fff8b9c8894 items=1 ppid=2067 pid=2078 auid=1000 uid=0 gid=0 euid=0 suid=0 fsuid=0 egid=0 sgid=0 fsgid=0 tty=pts1 ses=1 comm="systemctl" exe="/usr/bin/systemctl" subj=unconfined key="T1043_Commonly_Used_Port"ARCH=x86_64 SYSCALL=connect AUID="vboxuser" UID="root" GID="root" EUID="root" SUID="root" FSUID="root" EGID="root" SGID="root" FSGID="root"
type=SOCKADDR msg=audit(1765981296.799:2503): saddr=01002F72756E2F73797374656D642F7072697661746500SADDR={ saddr_fam=local path=/run/systemd/private }
type=PATH msg=audit(1765981296.799:2503): item=0 name="/run/systemd/private" inode=447 dev=00:18 mode=0140700 ouid=0 ogid=0 rdev=00:00 nametype=NORMAL cap_fp=0 cap_fi=0 cap_fe=0 cap_fver=0 cap_frootid=0OUID="root" OGID="root"
type=PROCTITLE msg=audit(1765981296.799:2503): proctitle=73797374656D63746C002D2D73797374656D002D2D66756C6C002D2D6C6567656E643D6E6F002D2D6E6F2D7061676572002D2D706C61696E0073686F77002D2D70726F7065727479004E616D65732C43616E53746172743D796573002D2D00617061636865322E73657276696365
type=SYSCALL msg=audit(1765981298.170:2504): arch=c000003e syscall=59 success=yes exit=0 a0=5e5bb4ca9ef0 a1=5e5bb4e0c280 a2=5e5bb4e49c20 a3=5e5bb4e0c280 items=2 ppid=1302 pid=2080 auid=1000 uid=0 gid=0 euid=0 suid=0 fsuid=0 egid=0 sgid=0 fsgid=0 tty=pts1 ses=1 comm="sudo" exe="/usr/bin/sudo" subj=unconfined key="T1078_Valid_Accounts"ARCH=x86_64 SYSCALL=execve AUID="vboxuser" UID="root" GID="root" EUID="root" SUID="root" FSUID="root" EGID="root" SGID="root" FSGID="root"
type=EXECVE msg=audit(1765981298.170:2504): argc=4 a0="sudo" a1="systemctl" a2="restart" a3="apache2.service"
type=PATH msg=audit(1765981298.170:2504): item=0 name="/usr/bin/sudo" inode=1450157 dev=08:02 mode=0104755 ouid=0 ogid=0 rdev=00:00 nametype=NORMAL cap_fp=0 cap_fi=0 cap_fe=0 cap_fver=0 cap_frootid=0OUID="root" OGID="root"
type=PATH msg=audit(1765981298.170:2504): item=1 name="/lib64/ld-linux-x86-64.so.2" inode=1481429 dev=08:02 mode=0100755 ouid=0 ogid=0 rdev=00:00 nametype=NORMAL cap_fp=0 cap_fi=0 cap_fe=0 cap_fver=0 cap_frootid=0OUID="root" OGID="root"
type=PROCTITLE msg=audit(1765981298.170:2504): proctitle=7375646F0073797374656D63746C007265737461727400617061636865322E73657276696365
type=SYSCALL msg=audit(1765981298.185:2505): arch=c000003e syscall=257 success=yes exit=5 a0=ffffff9c a1=7ffefc286740 a2=800 a3=0 items=1 ppid=1302 pid=2080 auid=1000 uid=0 gid=0 euid=1 suid=0 fsuid=1 egid=0 sgid=0 fsgid=0 tty=pts1 ses=1 comm="sudo" exe="/usr/bin/sudo" subj=unconfined key="T1169_Sudo"ARCH=x86_64 SYSCALL=openat AUID="vboxuser" UID="root" GID="root" EUID="daemon" SUID="root" FSUID="daemon" EGID="root" SGID="root" FSGID="root"
type=PATH msg=audit(1765981298.185:2505): item=0 name="/etc/sudoers" inode=1049318 dev=08:02 mode=0100440 ouid=0 ogid=0 rdev=00:00 nametype=NORMAL cap_fp=0 cap_fi=0 cap_fe=0 cap_fver=0 cap_frootid=0OUID="root" OGID="root"
type=PROCTITLE msg=audit(1765981298.185:2505): proctitle=7375646F0073797374656D63746C007265737461727400617061636865322E73657276696365
type=SYSCALL msg=audit(1765981298.188:2506): arch=c000003e syscall=42 success=yes exit=0 a0=6 a1=7087d0a0b694 a2=10 a3=7ffefc284ce4 items=0 ppid=1302 pid=2080 auid=1000 uid=0 gid=0 euid=0 suid=0 fsuid=0 egid=0 sgid=0 fsgid=0 tty=pts1 ses=1 comm="sudo" exe="/usr/bin/sudo" subj=unconfined key="T1043_Commonly_Used_Port"ARCH=x86_64 SYSCALL=connect AUID="vboxuser" UID="root" GID="root" EUID="root" SUID="root" FSUID="root" EGID="root" SGID="root" FSGID="root"
type=SOCKADDR msg=audit(1765981298.188:2506): saddr=020000357F0000350000000000000000SADDR={ saddr_fam=inet laddr=127.0.0.53 lport=53 }
type=PROCTITLE msg=audit(1765981298.188:2506): proctitle=7375646F0073797374656D63746C007265737461727400617061636865322E73657276696365
type=SYSCALL msg=audit(1765981298.208:2507): arch=c000003e syscall=42 success=yes exit=0 a0=6 a1=7087d0a0b694 a2=10 a3=7ffefc284ce4 items=0 ppid=1302 pid=2080 auid=1000 uid=0 gid=0 euid=0 suid=0 fsuid=0 egid=0 sgid=0 fsgid=0 tty=pts1 ses=1 comm="sudo" exe="/usr/bin/sudo" subj=unconfined key="T1043_Commonly_Used_Port"ARCH=x86_64 SYSCALL=connect AUID="vboxuser" UID="root" GID="root" EUID="root" SUID="root" FSUID="root" EGID="root" SGID="root" FSGID="root"
type=SOCKADDR msg=audit(1765981298.208:2507): saddr=020000357F0000350000000000000000SADDR={ saddr_fam=inet laddr=127.0.0.53 lport=53 }
type=PROCTITLE msg=audit(1765981298.208:2507): proctitle=7375646F0073797374656D63746C007265737461727400617061636865322E73657276696365
type=SYSCALL msg=audit(1765981298.208:2508): arch=c000003e syscall=42 success=yes exit=0 a0=6 a1=62da4b732730 a2=10 a3=0 items=0 ppid=1302 pid=2080 auid=1000 uid=0 gid=0 euid=0 suid=0 fsuid=0 egid=0 sgid=0 fsgid=0 tty=pts1 ses=1 comm="sudo" exe="/usr/bin/sudo" subj=unconfined key="T1043_Commonly_Used_Port"ARCH=x86_64 SYSCALL=connect AUID="vboxuser" UID="root" GID="root" EUID="root" SUID="root" FSUID="root" EGID="root" SGID="root" FSGID="root"
type=SOCKADDR msg=audit(1765981298.208:2508): saddr=020000000A00020F0000000000000000SADDR={ saddr_fam=inet laddr=10.0.2.15 lport=0 }
type=PROCTITLE msg=audit(1765981298.208:2508): proctitle=7375646F0073797374656D63746C007265737461727400617061636865322E73657276696365
type=SYSCALL msg=audit(1765981298.208:2509): arch=c000003e syscall=42 success=yes exit=0 a0=6 a1=7ffefc286bd0 a2=10 a3=0 items=0 ppid=1302 pid=2080 auid=1000 uid=0 gid=0 euid=0 suid=0 fsuid=0 egid=0 sgid=0 fsgid=0 tty=pts1 ses=1 comm="sudo" exe="/usr/bin/sudo" subj=unconfined key="T1043_Commonly_Used_Port"ARCH=x86_64 SYSCALL=connect AUID="vboxuser" UID="root" GID="root" EUID="root" SUID="root" FSUID="root" EGID="root" SGID="root" FSGID="root"
type=SOCKADDR msg=audit(1765981298.208:2509): saddr=00000000000000000000000000000000SADDR=unknown-family(0)
type=PROCTITLE msg=audit(1765981298.208:2509): proctitle=7375646F0073797374656D63746C007265737461727400617061636865322E73657276696365
type=SYSCALL msg=audit(1765981298.208:2510): arch=c000003e syscall=42 success=yes exit=0 a0=6 a1=62da4b731900 a2=10 a3=0 items=0 ppid=1302 pid=2080 auid=1000 uid=0 gid=0 euid=0 suid=0 fsuid=0 egid=0 sgid=0 fsgid=0 tty=pts1 ses=1 comm="sudo" exe="/usr/bin/sudo" subj=unconfined key="T1043_Commonly_Used_Port"ARCH=x86_64 SYSCALL=connect AUID="vboxuser" UID="root" GID="root" EUID="root" SUID="root" FSUID="root" EGID="root" SGID="root" FSGID="root"
type=SOCKADDR msg=audit(1765981298.208:2510): saddr=02000000C0A8386B0000000000000000SADDR={ saddr_fam=inet laddr=192.168.56.107 lport=0 }
type=PROCTITLE msg=audit(1765981298.208:2510): proctitle=7375646F0073797374656D63746C007265737461727400617061636865322E73657276696365
type=SYSCALL msg=audit(1765981298.208:2511): arch=c000003e syscall=42 success=yes exit=0 a0=6 a1=62da4b7319f0 a2=1c a3=0 items=0 ppid=1302 pid=2080 auid=1000 uid=0 gid=0 euid=0 suid=0 fsuid=0 egid=0 sgid=0 fsgid=0 tty=pts1 ses=1 comm="sudo" exe="/usr/bin/sudo" subj=unconfined key="T1043_Commonly_Used_Port"ARCH=x86_64 SYSCALL=connect AUID="vboxuser" UID="root" GID="root" EUID="root" SUID="root" FSUID="root" EGID="root" SGID="root" FSGID="root"
type=SOCKADDR msg=audit(1765981298.208:2511): saddr=0A00000000000000FD17625CF03700020A0027FFFE3F373900000000SADDR={ saddr_fam=inet6 laddr=fd17:625c:f037:2:a00:27ff:fe3f:3739 lport=0 }
type=PROCTITLE msg=audit(1765981298.208:2511): proctitle=7375646F0073797374656D63746C007265737461727400617061636865322E73657276696365
type=SYSCALL msg=audit(1765981298.208:2512): arch=c000003e syscall=42 success=yes exit=0 a0=6 a1=7ffefc286bd0 a2=10 a3=0 items=0 ppid=1302 pid=2080 auid=1000 uid=0 gid=0 euid=0 suid=0 fsuid=0 egid=0 sgid=0 fsgid=0 tty=pts1 ses=1 comm="sudo" exe="/usr/bin/sudo" subj=unconfined key="T1043_Commonly_Used_Port"ARCH=x86_64 SYSCALL=connect AUID="vboxuser" UID="root" GID="root" EUID="root" SUID="root" FSUID="root" EGID="root" SGID="root" FSGID="root"
type=SOCKADDR msg=audit(1765981298.208:2512): saddr=00000000000000000000000000000000SADDR=unknown-family(0)
type=PROCTITLE msg=audit(1765981298.208:2512): proctitle=7375646F0073797374656D63746C007265737461727400617061636865322E73657276696365
type=SYSCALL msg=audit(1765981298.208:2513): arch=c000003e syscall=42 success=no exit=-22 a0=6 a1=62da4b731b10 a2=1c a3=0 items=0 ppid=1302 pid=2080 auid=1000 uid=0 gid=0 euid=0 suid=0 fsuid=0 egid=0 sgid=0 fsgid=0 tty=pts1 ses=1 comm="sudo" exe="/usr/bin/sudo" subj=unconfined key="T1043_Commonly_Used_Port"ARCH=x86_64 SYSCALL=connect AUID="vboxuser" UID="root" GID="root" EUID="root" SUID="root" FSUID="root" EGID="root" SGID="root" FSGID="root"
type=SOCKADDR msg=audit(1765981298.208:2513): saddr=0A00000000000000FE800000000000000A0027FFFE3F373900000000SADDR={ saddr_fam=inet6 laddr=fe80::a00:27ff:fe3f:3739 lport=0 }
type=PROCTITLE msg=audit(1765981298.208:2513): proctitle=7375646F0073797374656D63746C007265737461727400617061636865322E73657276696365
type=SYSCALL msg=audit(1765981298.208:2514): arch=c000003e syscall=42 success=yes exit=0 a0=6 a1=7ffefc286bd0 a2=10 a3=0 items=0 ppid=1302 pid=2080 auid=1000 uid=0 gid=0 euid=0 suid=0 fsuid=0 egid=0 sgid=0 fsgid=0 tty=pts1 ses=1 comm="sudo" exe="/usr/bin/sudo" subj=unconfined key="T1043_Commonly_Used_Port"ARCH=x86_64 SYSCALL=connect AUID="vboxuser" UID="root" GID="root" EUID="root" SUID="root" FSUID="root" EGID="root" SGID="root" FSGID="root"
type=SOCKADDR msg=audit(1765981298.208:2514): saddr=00000000000000000000000000000000SADDR=unknown-family(0)
type=PROCTITLE msg=audit(1765981298.208:2514): proctitle=7375646F0073797374656D63746C007265737461727400617061636865322E73657276696365
type=SYSCALL msg=audit(1765981298.208:2515): arch=c000003e syscall=42 success=no exit=-22 a0=6 a1=62da4b731c30 a2=1c a3=0 items=0 ppid=1302 pid=2080 auid=1000 uid=0 gid=0 euid=0 suid=0 fsuid=0 egid=0 sgid=0 fsgid=0 tty=pts1 ses=1 comm="sudo" exe="/usr/bin/sudo" subj=unconfined key="T1043_Commonly_Used_Port"ARCH=x86_64 SYSCALL=connect AUID="vboxuser" UID="root" GID="root" EUID="root" SUID="root" FSUID="root" EGID="root" SGID="root" FSGID="root"
type=SOCKADDR msg=audit(1765981298.208:2515): saddr=0A00000000000000FE800000000000000A0027FFFE270D1D00000000SADDR={ saddr_fam=inet6 laddr=fe80::a00:27ff:fe27:d1d lport=0 }
type=PROCTITLE msg=audit(1765981298.208:2515): proctitle=7375646F0073797374656D63746C007265737461727400617061636865322E73657276696365
type=SYSCALL msg=audit(1765981298.211:2516): arch=c000003e syscall=257 success=yes exit=6 a0=ffffff9c a1=7087d09cf347 a2=80000 a3=0 items=1 ppid=1302 pid=2080 auid=1000 uid=0 gid=0 euid=0 suid=0 fsuid=0 egid=0 sgid=0 fsgid=0 tty=pts1 ses=1 comm="sudo" exe="/usr/bin/sudo" subj=unconfined key="T1087_Account_Discovery"ARCH=x86_64 SYSCALL=openat AUID="vboxuser" UID="root" GID="root" EUID="root" SUID="root" FSUID="root" EGID="root" SGID="root" FSGID="root"
type=PATH msg=audit(1765981298.211:2516): item=0 name="/etc/shadow" inode=1050300 dev=08:02 mode=0100640 ouid=0 ogid=42 rdev=00:00 nametype=NORMAL cap_fp=0 cap_fi=0 cap_fe=0 cap_fver=0 cap_frootid=0OUID="root" OGID="shadow"
type=PROCTITLE msg=audit(1765981298.211:2516): proctitle=7375646F0073797374656D63746C007265737461727400617061636865322E73657276696365
type=USER_ACCT msg=audit(1765981298.213:2517): pid=2080 uid=0 auid=1000 ses=1 subj=unconfined msg='op=PAM:accounting grantors=pam_permit acct="root" exe="/usr/bin/sudo" hostname=? addr=? terminal=/dev/pts/1 res=success'UID="root" AUID="vboxuser"
type=SYSCALL msg=audit(1765981298.213:2518): arch=c000003e syscall=42 success=yes exit=0 a0=7 a1=7ffefc2870d0 a2=2d a3=62da4b73d0c0 items=1 ppid=1302 pid=2080 auid=1000 uid=0 gid=0 euid=0 suid=0 fsuid=0 egid=0 sgid=0 fsgid=0 tty=pts1 ses=1 comm="sudo" exe="/usr/bin/sudo" subj=unconfined key="T1043_Commonly_Used_Port"ARCH=x86_64 SYSCALL=connect AUID="vboxuser" UID="root" GID="root" EUID="root" SUID="root" FSUID="root" EGID="root" SGID="root" FSGID="root"
type=SOCKADDR msg=audit(1765981298.213:2518): saddr=01002F72756E2F73797374656D642F7573657264622F696F2E73797374656D642E44796E616D69635573657200SADDR={ saddr_fam=local path=/run/systemd/userdb/io.systemd.DynamicUser }
type=PATH msg=audit(1765981298.213:2518): item=0 name="/run/systemd/userdb/io.systemd.DynamicUser" inode=449 dev=00:18 mode=0140666 ouid=0 ogid=0 rdev=00:00 nametype=NORMAL cap_fp=0 cap_fi=0 cap_fe=0 cap_fver=0 cap_frootid=0OUID="root" OGID="root"
type=PROCTITLE msg=audit(1765981298.213:2518): proctitle=7375646F0073797374656D63746C007265737461727400617061636865322E73657276696365
type=USER_CMD msg=audit(1765981298.214:2519): pid=2080 uid=0 auid=1000 ses=1 subj=unconfined msg='cwd="/root" cmd=73797374656D63746C207265737461727420617061636865322E73657276696365 exe="/usr/bin/sudo" terminal=pts/1 res=success'UID="root" AUID="vboxuser"
type=SYSCALL msg=audit(1765981298.214:2520): arch=c000003e syscall=92 success=yes exit=0 a0=7ffefc286480 a1=0 a2=5 a3=0 items=1 ppid=1302 pid=2080 auid=1000 uid=0 gid=0 euid=0 suid=0 fsuid=0 egid=0 sgid=0 fsgid=0 tty=pts1 ses=1 comm="sudo" exe="/usr/bin/sudo" subj=unconfined key="T1166_Seuid_and_Setgid"ARCH=x86_64 SYSCALL=chown AUID="vboxuser" UID="root" GID="root" EUID="root" SUID="root" FSUID="root" EGID="root" SGID="root" FSGID="root"
type=PATH msg=audit(1765981298.214:2520): item=0 name="/dev/pts/4" inode=7 dev=00:17 mode=020620 ouid=0 ogid=5 rdev=88:04 nametype=NORMAL cap_fp=0 cap_fi=0 cap_fe=0 cap_fver=0 cap_frootid=0OUID="root" OGID="tty"
type=PROCTITLE msg=audit(1765981298.214:2520): proctitle=7375646F0073797374656D63746C007265737461727400617061636865322E73657276696365
type=SYSCALL msg=audit(1765981298.214:2521): arch=c000003e syscall=257 success=yes exit=12 a0=ffffff9c a1=7087d09d46b0 a2=80002 a3=0 items=1 ppid=1302 pid=2080 auid=1000 uid=0 gid=0 euid=0 suid=0 fsuid=0 egid=0 sgid=0 fsgid=0 tty=pts1 ses=1 comm="sudo" exe="/usr/bin/sudo" subj=unconfined key="T1108_Redundant_Access"ARCH=x86_64 SYSCALL=openat AUID="vboxuser" UID="root" GID="root" EUID="root" SUID="root" FSUID="root" EGID="root" SGID="root" FSGID="root"
type=PATH msg=audit(1765981298.214:2521): item=0 name="/var/run/utmp" inode=623 dev=00:18 mode=0100664 ouid=0 ogid=43 rdev=00:00 nametype=NORMAL cap_fp=0 cap_fi=0 cap_fe=0 cap_fver=0 cap_frootid=0OUID="root" OGID="utmp"
type=PROCTITLE msg=audit(1765981298.214:2521): proctitle=7375646F0073797374656D63746C007265737461727400617061636865322E73657276696365
type=SYSCALL msg=audit(1765981298.214:2522): arch=c000003e syscall=106 success=yes exit=0 a0=0 a1=0 a2=1026105 a3=7087d075cf60 items=0 ppid=1302 pid=2080 auid=1000 uid=0 gid=0 euid=0 suid=0 fsuid=0 egid=0 sgid=0 fsgid=0 tty=pts1 ses=1 comm="sudo" exe="/usr/bin/sudo" subj=unconfined key="T1166_Seuid_and_Setgid"ARCH=x86_64 SYSCALL=setgid AUID="vboxuser" UID="root" GID="root" EUID="root" SUID="root" FSUID="root" EGID="root" SGID="root" FSGID="root"
type=PROCTITLE msg=audit(1765981298.214:2522): proctitle=7375646F0073797374656D63746C007265737461727400617061636865322E73657276696365
type=CRED_REFR msg=audit(1765981298.214:2523): pid=2080 uid=0 auid=1000 ses=1 subj=unconfined msg='op=PAM:setcred grantors=pam_permit,pam_cap acct="root" exe="/usr/bin/sudo" hostname=? addr=? terminal=/dev/pts/1 res=success'UID="root" AUID="vboxuser"
type=USER_START msg=audit(1765981298.215:2524): pid=2080 uid=0 auid=1000 ses=1 subj=unconfined msg='op=PAM:session_open grantors=pam_limits,pam_env,pam_env,pam_permit,pam_umask,pam_unix acct="root" exe="/usr/bin/sudo" hostname=? addr=? terminal=/dev/pts/1 res=success'UID="root" AUID="vboxuser"
type=SYSCALL msg=audit(1765981298.218:2525): arch=c000003e syscall=59 success=yes exit=0 a0=62da4b73e138 a1=62da4b7325d0 a2=62da4b7c1910 a3=64 items=2 ppid=2081 pid=2082 auid=1000 uid=0 gid=0 euid=0 suid=0 fsuid=0 egid=0 sgid=0 fsgid=0 tty=pts4 ses=1 comm="systemctl" exe="/usr/bin/systemctl" subj=unconfined key="T1078_Valid_Accounts"ARCH=x86_64 SYSCALL=execve AUID="vboxuser" UID="root" GID="root" EUID="root" SUID="root" FSUID="root" EGID="root" SGID="root" FSGID="root"
type=EXECVE msg=audit(1765981298.218:2525): argc=3 a0="systemctl" a1="restart" a2="apache2.service"
type=PATH msg=audit(1765981298.218:2525): item=0 name="/usr/bin/systemctl" inode=1461475 dev=08:02 mode=0100755 ouid=0 ogid=0 rdev=00:00 nametype=NORMAL cap_fp=0 cap_fi=0 cap_fe=0 cap_fver=0 cap_frootid=0OUID="root" OGID="root"
type=PATH msg=audit(1765981298.218:2525): item=1 name="/lib64/ld-linux-x86-64.so.2" inode=1481429 dev=08:02 mode=0100755 ouid=0 ogid=0 rdev=00:00 nametype=NORMAL cap_fp=0 cap_fi=0 cap_fe=0 cap_fver=0 cap_frootid=0OUID="root" OGID="root"
type=PROCTITLE msg=audit(1765981298.218:2525): proctitle=73797374656D63746C007265737461727400617061636865322E73657276696365
type=SYSCALL msg=audit(1765981298.223:2526): arch=c000003e syscall=42 success=yes exit=0 a0=3 a1=5d0bffac2ac8 a2=17 a3=7ffd889b0794 items=1 ppid=2081 pid=2082 auid=1000 uid=0 gid=0 euid=0 suid=0 fsuid=0 egid=0 sgid=0 fsgid=0 tty=pts4 ses=1 comm="systemctl" exe="/usr/bin/systemctl" subj=unconfined key="T1043_Commonly_Used_Port"ARCH=x86_64 SYSCALL=connect AUID="vboxuser" UID="root" GID="root" EUID="root" SUID="root" FSUID="root" EGID="root" SGID="root" FSGID="root"
type=SOCKADDR msg=audit(1765981298.223:2526): saddr=01002F72756E2F73797374656D642F7072697661746500SADDR={ saddr_fam=local path=/run/systemd/private }
type=PATH msg=audit(1765981298.223:2526): item=0 name="/run/systemd/private" inode=447 dev=00:18 mode=0140700 ouid=0 ogid=0 rdev=00:00 nametype=NORMAL cap_fp=0 cap_fi=0 cap_fe=0 cap_fver=0 cap_frootid=0OUID="root" OGID="root"
type=PROCTITLE msg=audit(1765981298.223:2526): proctitle=73797374656D63746C007265737461727400617061636865322E73657276696365
type=SYSCALL msg=audit(1765981298.226:2527): arch=c000003e syscall=59 success=yes exit=0 a0=5d0bc5956090 a1=7ffd889b0a10 a2=7ffd889b1298 a3=7290d1daa8d0 items=2 ppid=2082 pid=2083 auid=1000 uid=0 gid=0 euid=0 suid=0 fsuid=0 egid=0 sgid=0 fsgid=0 tty=pts4 ses=1 comm="systemd-tty-ask" exe="/usr/bin/systemd-tty-ask-password-agent" subj=unconfined key="T1078_Valid_Accounts"ARCH=x86_64 SYSCALL=execve AUID="vboxuser" UID="root" GID="root" EUID="root" SUID="root" FSUID="root" EGID="root" SGID="root" FSGID="root"
type=EXECVE msg=audit(1765981298.226:2527): argc=2 a0="/usr/bin/systemd-tty-ask-password-agent" a1="--watch"
type=PATH msg=audit(1765981298.226:2527): item=0 name="/usr/bin/systemd-tty-ask-password-agent" inode=1461700 dev=08:02 mode=0100755 ouid=0 ogid=0 rdev=00:00 nametype=NORMAL cap_fp=0 cap_fi=0 cap_fe=0 cap_fver=0 cap_frootid=0OUID="root" OGID="root"
type=PATH msg=audit(1765981298.226:2527): item=1 name="/lib64/ld-linux-x86-64.so.2" inode=1481429 dev=08:02 mode=0100755 ouid=0 ogid=0 rdev=00:00 nametype=NORMAL cap_fp=0 cap_fi=0 cap_fe=0 cap_fver=0 cap_frootid=0OUID="root" OGID="root"
type=PROCTITLE msg=audit(1765981298.226:2527): proctitle=2F7573722F62696E2F73797374656D642D7474792D61736B2D70617373776F72642D6167656E74002D2D7761746368
type=SYSCALL msg=audit(1765981298.235:2528): arch=c000003e syscall=59 success=yes exit=0 a0=7fff397b00a0 a1=7fff397b00c0 a2=7fff397b0ba8 a3=8 items=2 ppid=1 pid=2084 auid=4294967295 uid=0 gid=0 euid=0 suid=0 fsuid=0 egid=0 sgid=0 fsgid=0 tty=(none) ses=4294967295 comm="9" exe="/usr/lib/systemd/systemd-executor" subj=unconfined key="T1078_Valid_Accounts"ARCH=x86_64 SYSCALL=execve AUID="unset" UID="root" GID="root" EUID="root" SUID="root" FSUID="root" EGID="root" SGID="root" FSGID="root"
type=EXECVE msg=audit(1765981298.235:2528): argc=7 a0="/usr/lib/systemd/systemd-executor" a1="--deserialize" a2="63" a3="--log-level" a4="info" a5="--log-target" a6="journal-or-kmsg"
type=PATH msg=audit(1765981298.235:2528): item=0 name="/proc/self/fd/9" inode=1463834 dev=08:02 mode=0100755 ouid=0 ogid=0 rdev=00:00 nametype=NORMAL cap_fp=0 cap_fi=0 cap_fe=0 cap_fver=0 cap_frootid=0OUID="root" OGID="root"
type=PATH msg=audit(1765981298.235:2528): item=1 name="/lib64/ld-linux-x86-64.so.2" inode=1481429 dev=08:02 mode=0100755 ouid=0 ogid=0 rdev=00:00 nametype=NORMAL cap_fp=0 cap_fi=0 cap_fe=0 cap_fver=0 cap_frootid=0OUID="root" OGID="root"
type=PROCTITLE msg=audit(1765981298.235:2528): proctitle=2F7573722F6C69622F73797374656D642F73797374656D642D6578656375746F72002D2D646573657269616C697A65003633002D2D6C6F672D6C6576656C00696E666F002D2D6C6F672D746172676574006A6F75726E616C2D6F722D6B6D7367
type=SYSCALL msg=audit(1765981298.244:2529): arch=c000003e syscall=42 success=yes exit=0 a0=4 a1=7ffe70a6d7b0 a2=1e a3=7ffe70a6d860 items=1 ppid=1 pid=2084 auid=4294967295 uid=0 gid=0 euid=0 suid=0 fsuid=0 egid=0 sgid=0 fsgid=0 tty=(none) ses=4294967295 comm="9" exe="/usr/lib/systemd/systemd-executor" subj=unconfined key="T1043_Commonly_Used_Port"ARCH=x86_64 SYSCALL=connect AUID="unset" UID="root" GID="root" EUID="root" SUID="root" FSUID="root" EGID="root" SGID="root" FSGID="root"
type=SOCKADDR msg=audit(1765981298.244:2529): saddr=01002F72756E2F73797374656D642F6A6F75726E616C2F736F636B657400SADDR={ saddr_fam=local path=/run/systemd/journal/socket }
type=PATH msg=audit(1765981298.244:2529): item=0 name="/run/systemd/journal/socket" inode=462 dev=00:18 mode=0140666 ouid=0 ogid=0 rdev=00:00 nametype=NORMAL cap_fp=0 cap_fi=0 cap_fe=0 cap_fver=0 cap_frootid=0OUID="root" OGID="root"
type=PROCTITLE msg=audit(1765981298.244:2529): proctitle=2F7573722F6C69622F73797374656D642F73797374656D642D6578656375746F72002D2D646573657269616C697A65003633002D2D6C6F672D6C6576656C00696E666F002D2D6C6F672D746172676574006A6F75726E616C2D6F722D6B6D7367
type=SYSCALL msg=audit(1765981298.251:2530): arch=c000003e syscall=42 success=yes exit=0 a0=3 a1=7ffe70a6d330 a2=1e a3=fffffff7 items=1 ppid=1 pid=2084 auid=4294967295 uid=0 gid=0 euid=0 suid=0 fsuid=0 egid=0 sgid=0 fsgid=0 tty=(none) ses=4294967295 comm="(pachectl)" exe="/usr/lib/systemd/systemd-executor" subj=unconfined key="T1043_Commonly_Used_Port"ARCH=x86_64 SYSCALL=connect AUID="unset" UID="root" GID="root" EUID="root" SUID="root" FSUID="root" EGID="root" SGID="root" FSGID="root"
type=SOCKADDR msg=audit(1765981298.251:2530): saddr=01002F72756E2F73797374656D642F6A6F75726E616C2F7374646F757400SADDR={ saddr_fam=local path=/run/systemd/journal/stdout }
type=PATH msg=audit(1765981298.251:2530): item=0 name="/run/systemd/journal/stdout" inode=463 dev=00:18 mode=0140666 ouid=0 ogid=0 rdev=00:00 nametype=NORMAL cap_fp=0 cap_fi=0 cap_fe=0 cap_fver=0 cap_frootid=0OUID="root" OGID="root"
type=PROCTITLE msg=audit(1765981298.251:2530): proctitle=2F7573722F6C69622F73797374656D642F73797374656D642D6578656375746F72002D2D646573657269616C697A65003633002D2D6C6F672D6C6576656C00696E666F002D2D6C6F672D746172676574006A6F75726E616C2D6F722D6B6D7367
type=SYSCALL msg=audit(1765981298.256:2531): arch=c000003e syscall=59 success=yes exit=0 a0=638faa4df480 a1=638faa4e7b80 a2=638faa4de9b0 a3=638faa4dfb80 items=3 ppid=1 pid=2084 auid=4294967295 uid=0 gid=0 euid=0 suid=0 fsuid=0 egid=0 sgid=0 fsgid=0 tty=(none) ses=4294967295 comm="apachectl" exe="/usr/bin/dash" subj=unconfined key="T1078_Valid_Accounts"ARCH=x86_64 SYSCALL=execve AUID="unset" UID="root" GID="root" EUID="root" SUID="root" FSUID="root" EGID="root" SGID="root" FSGID="root"
type=EXECVE msg=audit(1765981298.256:2531): argc=3 a0="/bin/sh" a1="/usr/sbin/apachectl" a2="graceful-stop"
type=PATH msg=audit(1765981298.256:2531): item=0 name="/usr/sbin/apachectl" inode=1479339 dev=08:02 mode=0100755 ouid=0 ogid=0 rdev=00:00 nametype=NORMAL cap_fp=0 cap_fi=0 cap_fe=0 cap_fver=0 cap_frootid=0OUID="root" OGID="root"
type=PATH msg=audit(1765981298.256:2531): item=1 name="/bin/sh" inode=1442345 dev=08:02 mode=0100755 ouid=0 ogid=0 rdev=00:00 nametype=NORMAL cap_fp=0 cap_fi=0 cap_fe=0 cap_fver=0 cap_frootid=0OUID="root" OGID="root"
type=PATH msg=audit(1765981298.256:2531): item=2 name="/lib64/ld-linux-x86-64.so.2" inode=1481429 dev=08:02 mode=0100755 ouid=0 ogid=0 rdev=00:00 nametype=NORMAL cap_fp=0 cap_fi=0 cap_fe=0 cap_fver=0 cap_frootid=0OUID="root" OGID="root"
type=PROCTITLE msg=audit(1765981298.256:2531): proctitle=2F7573722F6C69622F73797374656D642F73797374656D642D6578656375746F72002D2D646573657269616C697A65003633002D2D6C6F672D6C6576656C00696E666F002D2D6C6F672D746172676574006A6F75726E616C2D6F722D6B6D7367
type=SYSCALL msg=audit(1765981298.263:2532): arch=c000003e syscall=59 success=yes exit=0 a0=5a92efa51d40 a1=5a92efa53c30 a2=5a92efa51ca8 a3=5a92efa53a30 items=2 ppid=2084 pid=2085 auid=4294967295 uid=0 gid=0 euid=0 suid=0 fsuid=0 egid=0 sgid=0 fsgid=0 tty=(none) ses=4294967295 comm="id" exe="/usr/bin/id" subj=unconfined key="T1078_Valid_Accounts"ARCH=x86_64 SYSCALL=execve AUID="unset" UID="root" GID="root" EUID="root" SUID="root" FSUID="root" EGID="root" SGID="root" FSGID="root"
type=EXECVE msg=audit(1765981298.263:2532): argc=2 a0="id" a1="-u"
type=PATH msg=audit(1765981298.263:2532): item=0 name="/usr/bin/id" inode=1442474 dev=08:02 mode=0100755 ouid=0 ogid=0 rdev=00:00 nametype=NORMAL cap_fp=0 cap_fi=0 cap_fe=0 cap_fver=0 cap_frootid=0OUID="root" OGID="root"
type=PATH msg=audit(1765981298.263:2532): item=1 name="/lib64/ld-linux-x86-64.so.2" inode=1481429 dev=08:02 mode=0100755 ouid=0 ogid=0 rdev=00:00 nametype=NORMAL cap_fp=0 cap_fi=0 cap_fe=0 cap_fver=0 cap_frootid=0OUID="root" OGID="root"
type=PROCTITLE msg=audit(1765981298.263:2532): proctitle=6964002D75
type=SYSCALL msg=audit(1765981298.273:2533): arch=c000003e syscall=59 success=yes exit=0 a0=5a92efa539a0 a1=5a92efa552f8 a2=5a92efa55318 a3=8 items=2 ppid=2084 pid=2086 auid=4294967295 uid=0 gid=0 euid=0 suid=0 fsuid=0 egid=0 sgid=0 fsgid=0 tty=(none) ses=4294967295 comm="apache2" exe="/usr/sbin/apache2" subj=unconfined key="T1078_Valid_Accounts"ARCH=x86_64 SYSCALL=execve AUID="unset" UID="root" GID="root" EUID="root" SUID="root" FSUID="root" EGID="root" SGID="root" FSGID="root"
type=EXECVE msg=audit(1765981298.273:2533): argc=3 a0="/usr/sbin/apache2" a1="-k" a2="graceful-stop"
type=PATH msg=audit(1765981298.273:2533): item=0 name="/usr/sbin/apache2" inode=1457163 dev=08:02 mode=0100755 ouid=0 ogid=0 rdev=00:00 nametype=NORMAL cap_fp=0 cap_fi=0 cap_fe=0 cap_fver=0 cap_frootid=0OUID="root" OGID="root"
type=PATH msg=audit(1765981298.273:2533): item=1 name="/lib64/ld-linux-x86-64.so.2" inode=1481429 dev=08:02 mode=0100755 ouid=0 ogid=0 rdev=00:00 nametype=NORMAL cap_fp=0 cap_fi=0 cap_fe=0 cap_fver=0 cap_frootid=0OUID="root" OGID="root"
type=PROCTITLE msg=audit(1765981298.273:2533): proctitle=2F7573722F7362696E2F61706163686532002D6B00677261636566756C2D73746F70
type=SYSCALL msg=audit(1765981298.285:2534): arch=c000003e syscall=42 success=yes exit=0 a0=3 a1=5d4cebe87c30 a2=1c a3=0 items=0 ppid=2084 pid=2086 auid=4294967295 uid=0 gid=0 euid=0 suid=0 fsuid=0 egid=0 sgid=0 fsgid=0 tty=(none) ses=4294967295 comm="apache2" exe="/usr/sbin/apache2" subj=unconfined key="T1043_Commonly_Used_Port"ARCH=x86_64 SYSCALL=connect AUID="unset" UID="root" GID="root" EUID="root" SUID="root" FSUID="root" EGID="root" SGID="root" FSGID="root"
type=SOCKADDR msg=audit(1765981298.285:2534): saddr=0A000000000000000000000000000000000000000000000000000000SADDR={ saddr_fam=inet6 laddr=:: lport=0 }
type=PROCTITLE msg=audit(1765981298.285:2534): proctitle=2F7573722F7362696E2F61706163686532002D6B00677261636566756C2D73746F70
type=SYSCALL msg=audit(1765981298.286:2535): arch=c000003e syscall=42 success=yes exit=0 a0=3 a1=7ffe76413a50 a2=10 a3=0 items=0 ppid=2084 pid=2086 auid=4294967295 uid=0 gid=0 euid=0 suid=0 fsuid=0 egid=0 sgid=0 fsgid=0 tty=(none) ses=4294967295 comm="apache2" exe="/usr/sbin/apache2" subj=unconfined key="T1043_Commonly_Used_Port"ARCH=x86_64 SYSCALL=connect AUID="unset" UID="root" GID="root" EUID="root" SUID="root" FSUID="root" EGID="root" SGID="root" FSGID="root"
type=SOCKADDR msg=audit(1765981298.286:2535): saddr=00000000000000000000000000000000SADDR=unknown-family(0)
type=PROCTITLE msg=audit(1765981298.286:2535): proctitle=2F7573722F7362696E2F61706163686532002D6B00677261636566756C2D73746F70
type=SYSCALL msg=audit(1765981298.286:2536): arch=c000003e syscall=42 success=yes exit=0 a0=3 a1=5d4cebe87c90 a2=10 a3=0 items=0 ppid=2084 pid=2086 auid=4294967295 uid=0 gid=0 euid=0 suid=0 fsuid=0 egid=0 sgid=0 fsgid=0 tty=(none) ses=4294967295 comm="apache2" exe="/usr/sbin/apache2" subj=unconfined key="T1043_Commonly_Used_Port"ARCH=x86_64 SYSCALL=connect AUID="unset" UID="root" GID="root" EUID="root" SUID="root" FSUID="root" EGID="root" SGID="root" FSGID="root"
type=SOCKADDR msg=audit(1765981298.286:2536): saddr=02000000000000000000000000000000SADDR={ saddr_fam=inet laddr=0.0.0.0 lport=0 }
type=PROCTITLE msg=audit(1765981298.286:2536): proctitle=2F7573722F7362696E2F61706163686532002D6B00677261636566756C2D73746F70
type=SYSCALL msg=audit(1765981298.307:2537): arch=c000003e syscall=42 success=yes exit=0 a0=3 a1=5d4cebeac030 a2=1c a3=0 items=0 ppid=2084 pid=2086 auid=4294967295 uid=0 gid=0 euid=0 suid=0 fsuid=0 egid=0 sgid=0 fsgid=0 tty=(none) ses=4294967295 comm="apache2" exe="/usr/sbin/apache2" subj=unconfined key="T1043_Commonly_Used_Port"ARCH=x86_64 SYSCALL=connect AUID="unset" UID="root" GID="root" EUID="root" SUID="root" FSUID="root" EGID="root" SGID="root" FSGID="root"
type=SOCKADDR msg=audit(1765981298.307:2537): saddr=0A000050000000000000000000000000000000000000000000000000SADDR={ saddr_fam=inet6 laddr=:: lport=80 }
type=PROCTITLE msg=audit(1765981298.307:2537): proctitle=2F7573722F7362696E2F61706163686532002D6B00677261636566756C2D73746F70
type=SYSCALL msg=audit(1765981298.308:2538): arch=c000003e syscall=42 success=yes exit=0 a0=3 a1=7ffe764136e0 a2=10 a3=0 items=0 ppid=2084 pid=2086 auid=4294967295 uid=0 gid=0 euid=0 suid=0 fsuid=0 egid=0 sgid=0 fsgid=0 tty=(none) ses=4294967295 comm="apache2" exe="/usr/sbin/apache2" subj=unconfined key="T1043_Commonly_Used_Port"ARCH=x86_64 SYSCALL=connect AUID="unset" UID="root" GID="root" EUID="root" SUID="root" FSUID="root" EGID="root" SGID="root" FSGID="root"
type=SOCKADDR msg=audit(1765981298.308:2538): saddr=00000000000000000000000000000000SADDR=unknown-family(0)
type=PROCTITLE msg=audit(1765981298.308:2538): proctitle=2F7573722F7362696E2F61706163686532002D6B00677261636566756C2D73746F70
type=SYSCALL msg=audit(1765981298.308:2539): arch=c000003e syscall=42 success=yes exit=0 a0=3 a1=5d4cebeab770 a2=10 a3=0 items=0 ppid=2084 pid=2086 auid=4294967295 uid=0 gid=0 euid=0 suid=0 fsuid=0 egid=0 sgid=0 fsgid=0 tty=(none) ses=4294967295 comm="apache2" exe="/usr/sbin/apache2" subj=unconfined key="T1043_Commonly_Used_Port"ARCH=x86_64 SYSCALL=connect AUID="unset" UID="root" GID="root" EUID="root" SUID="root" FSUID="root" EGID="root" SGID="root" FSGID="root"
type=SOCKADDR msg=audit(1765981298.308:2539): saddr=02000050000000000000000000000000SADDR={ saddr_fam=inet laddr=0.0.0.0 lport=80 }
type=PROCTITLE msg=audit(1765981298.308:2539): proctitle=2F7573722F7362696E2F61706163686532002D6B00677261636566756C2D73746F70
type=SYSCALL msg=audit(1765981298.308:2540): arch=c000003e syscall=42 success=yes exit=0 a0=5 a1=5d4cebeac030 a2=1c a3=0 items=0 ppid=2084 pid=2086 auid=4294967295 uid=0 gid=0 euid=0 suid=0 fsuid=0 egid=0 sgid=0 fsgid=0 tty=(none) ses=4294967295 comm="apache2" exe="/usr/sbin/apache2" subj=unconfined key="T1043_Commonly_Used_Port"ARCH=x86_64 SYSCALL=connect AUID="unset" UID="root" GID="root" EUID="root" SUID="root" FSUID="root" EGID="root" SGID="root" FSGID="root"
type=SOCKADDR msg=audit(1765981298.308:2540): saddr=0A000050000000000000000000000000000000000000000000000000SADDR={ saddr_fam=inet6 laddr=:: lport=80 }
type=PROCTITLE msg=audit(1765981298.308:2540): proctitle=2F7573722F7362696E2F61706163686532002D6B00677261636566756C2D73746F70
type=SYSCALL msg=audit(1765981298.308:2541): arch=c000003e syscall=42 success=yes exit=0 a0=5 a1=7ffe76413680 a2=10 a3=0 items=0 ppid=2084 pid=2086 auid=4294967295 uid=0 gid=0 euid=0 suid=0 fsuid=0 egid=0 sgid=0 fsgid=0 tty=(none) ses=4294967295 comm="apache2" exe="/usr/sbin/apache2" subj=unconfined key="T1043_Commonly_Used_Port"ARCH=x86_64 SYSCALL=connect AUID="unset" UID="root" GID="root" EUID="root" SUID="root" FSUID="root" EGID="root" SGID="root" FSGID="root"
type=SOCKADDR msg=audit(1765981298.308:2541): saddr=00000000000000000000000000000000SADDR=unknown-family(0)
type=PROCTITLE msg=audit(1765981298.308:2541): proctitle=2F7573722F7362696E2F61706163686532002D6B00677261636566756C2D73746F70
type=SYSCALL msg=audit(1765981298.308:2542): arch=c000003e syscall=42 success=yes exit=0 a0=5 a1=5d4cebeab770 a2=10 a3=0 items=0 ppid=2084 pid=2086 auid=4294967295 uid=0 gid=0 euid=0 suid=0 fsuid=0 egid=0 sgid=0 fsgid=0 tty=(none) ses=4294967295 comm="apache2" exe="/usr/sbin/apache2" subj=unconfined key="T1043_Commonly_Used_Port"ARCH=x86_64 SYSCALL=connect AUID="unset" UID="root" GID="root" EUID="root" SUID="root" FSUID="root" EGID="root" SGID="root" FSGID="root"
type=SOCKADDR msg=audit(1765981298.308:2542): saddr=02000050000000000000000000000000SADDR={ saddr_fam=inet laddr=0.0.0.0 lport=80 }
type=PROCTITLE msg=audit(1765981298.308:2542): proctitle=2F7573722F7362696E2F61706163686532002D6B00677261636566756C2D73746F70
type=SYSCALL msg=audit(1765981298.309:2543): arch=c000003e syscall=42 success=yes exit=0 a0=5 a1=724b6c40b694 a2=10 a3=7ffe764111e4 items=0 ppid=2084 pid=2086 auid=4294967295 uid=0 gid=0 euid=0 suid=0 fsuid=0 egid=0 sgid=0 fsgid=0 tty=(none) ses=4294967295 comm="apache2" exe="/usr/sbin/apache2" subj=unconfined key="T1043_Commonly_Used_Port"ARCH=x86_64 SYSCALL=connect AUID="unset" UID="root" GID="root" EUID="root" SUID="root" FSUID="root" EGID="root" SGID="root" FSGID="root"
type=SOCKADDR msg=audit(1765981298.309:2543): saddr=020000357F0000350000000000000000SADDR={ saddr_fam=inet laddr=127.0.0.53 lport=53 }
type=PROCTITLE msg=audit(1765981298.309:2543): proctitle=2F7573722F7362696E2F61706163686532002D6B00677261636566756C2D73746F70
type=SYSCALL msg=audit(1765981298.318:2544): arch=c000003e syscall=42 success=yes exit=0 a0=5 a1=724b6c40b694 a2=10 a3=7ffe764111e4 items=0 ppid=2084 pid=2086 auid=4294967295 uid=0 gid=0 euid=0 suid=0 fsuid=0 egid=0 sgid=0 fsgid=0 tty=(none) ses=4294967295 comm="apache2" exe="/usr/sbin/apache2" subj=unconfined key="T1043_Commonly_Used_Port"ARCH=x86_64 SYSCALL=connect AUID="unset" UID="root" GID="root" EUID="root" SUID="root" FSUID="root" EGID="root" SGID="root" FSGID="root"
type=SOCKADDR msg=audit(1765981298.318:2544): saddr=020000357F0000350000000000000000SADDR={ saddr_fam=inet laddr=127.0.0.53 lport=53 }
type=PROCTITLE msg=audit(1765981298.318:2544): proctitle=2F7573722F7362696E2F61706163686532002D6B00677261636566756C2D73746F70
type=SYSCALL msg=audit(1765981298.319:2545): arch=c000003e syscall=42 success=yes exit=0 a0=5 a1=5d4cebeab770 a2=10 a3=0 items=0 ppid=2084 pid=2086 auid=4294967295 uid=0 gid=0 euid=0 suid=0 fsuid=0 egid=0 sgid=0 fsgid=0 tty=(none) ses=4294967295 comm="apache2" exe="/usr/sbin/apache2" subj=unconfined key="T1043_Commonly_Used_Port"ARCH=x86_64 SYSCALL=connect AUID="unset" UID="root" GID="root" EUID="root" SUID="root" FSUID="root" EGID="root" SGID="root" FSGID="root"
type=SOCKADDR msg=audit(1765981298.319:2545): saddr=020000000A00020F0000000000000000SADDR={ saddr_fam=inet laddr=10.0.2.15 lport=0 }
type=PROCTITLE msg=audit(1765981298.319:2545): proctitle=2F7573722F7362696E2F61706163686532002D6B00677261636566756C2D73746F70
type=SYSCALL msg=audit(1765981298.319:2546): arch=c000003e syscall=42 success=yes exit=0 a0=5 a1=7ffe764130d0 a2=10 a3=0 items=0 ppid=2084 pid=2086 auid=4294967295 uid=0 gid=0 euid=0 suid=0 fsuid=0 egid=0 sgid=0 fsgid=0 tty=(none) ses=4294967295 comm="apache2" exe="/usr/sbin/apache2" subj=unconfined key="T1043_Commonly_Used_Port"ARCH=x86_64 SYSCALL=connect AUID="unset" UID="root" GID="root" EUID="root" SUID="root" FSUID="root" EGID="root" SGID="root" FSGID="root"
type=SOCKADDR msg=audit(1765981298.319:2546): saddr=00000000000000000000000000000000SADDR=unknown-family(0)
type=PROCTITLE msg=audit(1765981298.319:2546): proctitle=2F7573722F7362696E2F61706163686532002D6B00677261636566756C2D73746F70
type=SYSCALL msg=audit(1765981298.319:2547): arch=c000003e syscall=42 success=yes exit=0 a0=5 a1=5d4cebe87640 a2=10 a3=0 items=0 ppid=2084 pid=2086 auid=4294967295 uid=0 gid=0 euid=0 suid=0 fsuid=0 egid=0 sgid=0 fsgid=0 tty=(none) ses=4294967295 comm="apache2" exe="/usr/sbin/apache2" subj=unconfined key="T1043_Commonly_Used_Port"ARCH=x86_64 SYSCALL=connect AUID="unset" UID="root" GID="root" EUID="root" SUID="root" FSUID="root" EGID="root" SGID="root" FSGID="root"
type=SOCKADDR msg=audit(1765981298.319:2547): saddr=02000000C0A8386B0000000000000000SADDR={ saddr_fam=inet laddr=192.168.56.107 lport=0 }
type=PROCTITLE msg=audit(1765981298.319:2547): proctitle=2F7573722F7362696E2F61706163686532002D6B00677261636566756C2D73746F70
type=SYSCALL msg=audit(1765981298.319:2548): arch=c000003e syscall=42 success=yes exit=0 a0=5 a1=5d4cebeac030 a2=1c a3=0 items=0 ppid=2084 pid=2086 auid=4294967295 uid=0 gid=0 euid=0 suid=0 fsuid=0 egid=0 sgid=0 fsgid=0 tty=(none) ses=4294967295 comm="apache2" exe="/usr/sbin/apache2" subj=unconfined key="T1043_Commonly_Used_Port"ARCH=x86_64 SYSCALL=connect AUID="unset" UID="root" GID="root" EUID="root" SUID="root" FSUID="root" EGID="root" SGID="root" FSGID="root"
type=SOCKADDR msg=audit(1765981298.319:2548): saddr=0A00000000000000FD17625CF03700020A0027FFFE3F373900000000SADDR={ saddr_fam=inet6 laddr=fd17:625c:f037:2:a00:27ff:fe3f:3739 lport=0 }
type=PROCTITLE msg=audit(1765981298.319:2548): proctitle=2F7573722F7362696E2F61706163686532002D6B00677261636566756C2D73746F70
type=SYSCALL msg=audit(1765981298.319:2549): arch=c000003e syscall=42 success=yes exit=0 a0=5 a1=7ffe764130d0 a2=10 a3=0 items=0 ppid=2084 pid=2086 auid=4294967295 uid=0 gid=0 euid=0 suid=0 fsuid=0 egid=0 sgid=0 fsgid=0 tty=(none) ses=4294967295 comm="apache2" exe="/usr/sbin/apache2" subj=unconfined key="T1043_Commonly_Used_Port"ARCH=x86_64 SYSCALL=connect AUID="unset" UID="root" GID="root" EUID="root" SUID="root" FSUID="root" EGID="root" SGID="root" FSGID="root"
type=SOCKADDR msg=audit(1765981298.319:2549): saddr=00000000000000000000000000000000SADDR=unknown-family(0)
type=PROCTITLE msg=audit(1765981298.319:2549): proctitle=2F7573722F7362696E2F61706163686532002D6B00677261636566756C2D73746F70
type=SYSCALL msg=audit(1765981298.319:2550): arch=c000003e syscall=42 success=no exit=-22 a0=5 a1=5d4cebe87690 a2=1c a3=0 items=0 ppid=2084 pid=2086 auid=4294967295 uid=0 gid=0 euid=0 suid=0 fsuid=0 egid=0 sgid=0 fsgid=0 tty=(none) ses=4294967295 comm="apache2" exe="/usr/sbin/apache2" subj=unconfined key="T1043_Commonly_Used_Port"ARCH=x86_64 SYSCALL=connect AUID="unset" UID="root" GID="root" EUID="root" SUID="root" FSUID="root" EGID="root" SGID="root" FSGID="root"
type=SOCKADDR msg=audit(1765981298.319:2550): saddr=0A00000000000000FE800000000000000A0027FFFE3F373900000000SADDR={ saddr_fam=inet6 laddr=fe80::a00:27ff:fe3f:3739 lport=0 }
type=PROCTITLE msg=audit(1765981298.319:2550): proctitle=2F7573722F7362696E2F61706163686532002D6B00677261636566756C2D73746F70
type=SYSCALL msg=audit(1765981298.319:2551): arch=c000003e syscall=42 success=yes exit=0 a0=5 a1=7ffe764130d0 a2=10 a3=0 items=0 ppid=2084 pid=2086 auid=4294967295 uid=0 gid=0 euid=0 suid=0 fsuid=0 egid=0 sgid=0 fsgid=0 tty=(none) ses=4294967295 comm="apache2" exe="/usr/sbin/apache2" subj=unconfined key="T1043_Commonly_Used_Port"ARCH=x86_64 SYSCALL=connect AUID="unset" UID="root" GID="root" EUID="root" SUID="root" FSUID="root" EGID="root" SGID="root" FSGID="root"
type=SOCKADDR msg=audit(1765981298.319:2551): saddr=00000000000000000000000000000000SADDR=unknown-family(0)
type=PROCTITLE msg=audit(1765981298.319:2551): proctitle=2F7573722F7362696E2F61706163686532002D6B00677261636566756C2D73746F70
type=SYSCALL msg=audit(1765981298.319:2552): arch=c000003e syscall=42 success=no exit=-22 a0=5 a1=5d4cebe876f0 a2=1c a3=0 items=0 ppid=2084 pid=2086 auid=4294967295 uid=0 gid=0 euid=0 suid=0 fsuid=0 egid=0 sgid=0 fsgid=0 tty=(none) ses=4294967295 comm="apache2" exe="/usr/sbin/apache2" subj=unconfined key="T1043_Commonly_Used_Port"ARCH=x86_64 SYSCALL=connect AUID="unset" UID="root" GID="root" EUID="root" SUID="root" FSUID="root" EGID="root" SGID="root" FSGID="root"
type=SOCKADDR msg=audit(1765981298.319:2552): saddr=0A00000000000000FE800000000000000A0027FFFE270D1D00000000SADDR={ saddr_fam=inet6 laddr=fe80::a00:27ff:fe27:d1d lport=0 }
type=PROCTITLE msg=audit(1765981298.319:2552): proctitle=2F7573722F7362696E2F61706163686532002D6B00677261636566756C2D73746F70
type=SYSCALL msg=audit(1765981298.319:2553): arch=c000003e syscall=42 success=yes exit=0 a0=5 a1=724b6c40b694 a2=10 a3=7ffe764118f4 items=0 ppid=2084 pid=2086 auid=4294967295 uid=0 gid=0 euid=0 suid=0 fsuid=0 egid=0 sgid=0 fsgid=0 tty=(none) ses=4294967295 comm="apache2" exe="/usr/sbin/apache2" subj=unconfined key="T1043_Commonly_Used_Port"ARCH=x86_64 SYSCALL=connect AUID="unset" UID="root" GID="root" EUID="root" SUID="root" FSUID="root" EGID="root" SGID="root" FSGID="root"
type=SOCKADDR msg=audit(1765981298.319:2553): saddr=020000357F0000350000000000000000SADDR={ saddr_fam=inet laddr=127.0.0.53 lport=53 }
type=PROCTITLE msg=audit(1765981298.319:2553): proctitle=2F7573722F7362696E2F61706163686532002D6B00677261636566756C2D73746F70
type=SERVICE_STOP msg=audit(1765981298.408:2554): pid=1 uid=0 auid=4294967295 ses=4294967295 subj=unconfined msg='unit=apache2 comm="systemd" exe="/usr/lib/systemd/systemd" hostname=? addr=? terminal=? res=success'UID="root" AUID="unset"
type=SYSCALL msg=audit(1765981298.411:2555): arch=c000003e syscall=59 success=yes exit=0 a0=7fff397b0080 a1=7fff397b00a0 a2=7fff397b0ba8 a3=8 items=2 ppid=1 pid=2090 auid=4294967295 uid=0 gid=0 euid=0 suid=0 fsuid=0 egid=0 sgid=0 fsgid=0 tty=(none) ses=4294967295 comm="9" exe="/usr/lib/systemd/systemd-executor" subj=unconfined key="T1078_Valid_Accounts"ARCH=x86_64 SYSCALL=execve AUID="unset" UID="root" GID="root" EUID="root" SUID="root" FSUID="root" EGID="root" SGID="root" FSGID="root"
type=EXECVE msg=audit(1765981298.411:2555): argc=7 a0="/usr/lib/systemd/systemd-executor" a1="--deserialize" a2="63" a3="--log-level" a4="info" a5="--log-target" a6="journal-or-kmsg"
type=PATH msg=audit(1765981298.411:2555): item=0 name="/proc/self/fd/9" inode=1463834 dev=08:02 mode=0100755 ouid=0 ogid=0 rdev=00:00 nametype=NORMAL cap_fp=0 cap_fi=0 cap_fe=0 cap_fver=0 cap_frootid=0OUID="root" OGID="root"
type=PATH msg=audit(1765981298.411:2555): item=1 name="/lib64/ld-linux-x86-64.so.2" inode=1481429 dev=08:02 mode=0100755 ouid=0 ogid=0 rdev=00:00 nametype=NORMAL cap_fp=0 cap_fi=0 cap_fe=0 cap_fver=0 cap_frootid=0OUID="root" OGID="root"
type=PROCTITLE msg=audit(1765981298.411:2555): proctitle=2F7573722F6C69622F73797374656D642F73797374656D642D6578656375746F72002D2D646573657269616C697A65003633002D2D6C6F672D6C6576656C00696E666F002D2D6C6F672D746172676574006A6F75726E616C2D6F722D6B6D7367
type=SYSCALL msg=audit(1765981298.425:2556): arch=c000003e syscall=42 success=yes exit=0 a0=4 a1=7ffd786fa9f0 a2=1e a3=7ffd786faaa0 items=1 ppid=1 pid=2090 auid=4294967295 uid=0 gid=0 euid=0 suid=0 fsuid=0 egid=0 sgid=0 fsgid=0 tty=(none) ses=4294967295 comm="9" exe="/usr/lib/systemd/systemd-executor" subj=unconfined key="T1043_Commonly_Used_Port"ARCH=x86_64 SYSCALL=connect AUID="unset" UID="root" GID="root" EUID="root" SUID="root" FSUID="root" EGID="root" SGID="root" FSGID="root"
type=SOCKADDR msg=audit(1765981298.425:2556): saddr=01002F72756E2F73797374656D642F6A6F75726E616C2F736F636B657400SADDR={ saddr_fam=local path=/run/systemd/journal/socket }
type=PATH msg=audit(1765981298.425:2556): item=0 name="/run/systemd/journal/socket" inode=462 dev=00:18 mode=0140666 ouid=0 ogid=0 rdev=00:00 nametype=NORMAL cap_fp=0 cap_fi=0 cap_fe=0 cap_fver=0 cap_frootid=0OUID="root" OGID="root"
type=PROCTITLE msg=audit(1765981298.425:2556): proctitle=2F7573722F6C69622F73797374656D642F73797374656D642D6578656375746F72002D2D646573657269616C697A65003633002D2D6C6F672D6C6576656C00696E666F002D2D6C6F672D746172676574006A6F75726E616C2D6F722D6B6D7367
type=SYSCALL msg=audit(1765981298.436:2557): arch=c000003e syscall=42 success=yes exit=0 a0=3 a1=7ffd786fa570 a2=1e a3=fffffff7 items=1 ppid=1 pid=2090 auid=4294967295 uid=0 gid=0 euid=0 suid=0 fsuid=0 egid=0 sgid=0 fsgid=0 tty=(none) ses=4294967295 comm="(pachectl)" exe="/usr/lib/systemd/systemd-executor" subj=unconfined key="T1043_Commonly_Used_Port"ARCH=x86_64 SYSCALL=connect AUID="unset" UID="root" GID="root" EUID="root" SUID="root" FSUID="root" EGID="root" SGID="root" FSGID="root"
type=SOCKADDR msg=audit(1765981298.436:2557): saddr=01002F72756E2F73797374656D642F6A6F75726E616C2F7374646F757400SADDR={ saddr_fam=local path=/run/systemd/journal/stdout }
type=PATH msg=audit(1765981298.436:2557): item=0 name="/run/systemd/journal/stdout" inode=463 dev=00:18 mode=0140666 ouid=0 ogid=0 rdev=00:00 nametype=NORMAL cap_fp=0 cap_fi=0 cap_fe=0 cap_fver=0 cap_frootid=0OUID="root" OGID="root"
type=PROCTITLE msg=audit(1765981298.436:2557): proctitle=2F7573722F6C69622F73797374656D642F73797374656D642D6578656375746F72002D2D646573657269616C697A65003633002D2D6C6F672D6C6576656C00696E666F002D2D6C6F672D746172676574006A6F75726E616C2D6F722D6B6D7367
type=SYSCALL msg=audit(1765981298.440:2558): arch=c000003e syscall=59 success=yes exit=0 a0=5a83199db4a0 a1=5a83199e41b0 a2=5a83199dadb0 a3=5a83199dbb80 items=3 ppid=1 pid=2090 auid=4294967295 uid=0 gid=0 euid=0 suid=0 fsuid=0 egid=0 sgid=0 fsgid=0 tty=(none) ses=4294967295 comm="apachectl" exe="/usr/bin/dash" subj=unconfined key="T1078_Valid_Accounts"ARCH=x86_64 SYSCALL=execve AUID="unset" UID="root" GID="root" EUID="root" SUID="root" FSUID="root" EGID="root" SGID="root" FSGID="root"
type=EXECVE msg=audit(1765981298.440:2558): argc=3 a0="/bin/sh" a1="/usr/sbin/apachectl" a2="start"
type=PATH msg=audit(1765981298.440:2558): item=0 name="/usr/sbin/apachectl" inode=1479339 dev=08:02 mode=0100755 ouid=0 ogid=0 rdev=00:00 nametype=NORMAL cap_fp=0 cap_fi=0 cap_fe=0 cap_fver=0 cap_frootid=0OUID="root" OGID="root"
type=PATH msg=audit(1765981298.440:2558): item=1 name="/bin/sh" inode=1442345 dev=08:02 mode=0100755 ouid=0 ogid=0 rdev=00:00 nametype=NORMAL cap_fp=0 cap_fi=0 cap_fe=0 cap_fver=0 cap_frootid=0OUID="root" OGID="root"
type=PATH msg=audit(1765981298.440:2558): item=2 name="/lib64/ld-linux-x86-64.so.2" inode=1481429 dev=08:02 mode=0100755 ouid=0 ogid=0 rdev=00:00 nametype=NORMAL cap_fp=0 cap_fi=0 cap_fe=0 cap_fver=0 cap_frootid=0OUID="root" OGID="root"
type=PROCTITLE msg=audit(1765981298.440:2558): proctitle=2F7573722F6C69622F73797374656D642F73797374656D642D6578656375746F72002D2D646573657269616C697A65003633002D2D6C6F672D6C6576656C00696E666F002D2D6C6F672D746172676574006A6F75726E616C2D6F722D6B6D7367
type=SYSCALL msg=audit(1765981298.445:2559): arch=c000003e syscall=59 success=yes exit=0 a0=58091f688cd0 a1=58091f68abd0 a2=58091f688c48 a3=58091f68a9d0 items=2 ppid=2090 pid=2092 auid=4294967295 uid=0 gid=0 euid=0 suid=0 fsuid=0 egid=0 sgid=0 fsgid=0 tty=(none) ses=4294967295 comm="id" exe="/usr/bin/id" subj=unconfined key="T1078_Valid_Accounts"ARCH=x86_64 SYSCALL=execve AUID="unset" UID="root" GID="root" EUID="root" SUID="root" FSUID="root" EGID="root" SGID="root" FSGID="root"
type=EXECVE msg=audit(1765981298.445:2559): argc=2 a0="id" a1="-u"
type=PATH msg=audit(1765981298.445:2559): item=0 name="/usr/bin/id" inode=1442474 dev=08:02 mode=0100755 ouid=0 ogid=0 rdev=00:00 nametype=NORMAL cap_fp=0 cap_fi=0 cap_fe=0 cap_fver=0 cap_frootid=0OUID="root" OGID="root"
type=PATH msg=audit(1765981298.445:2559): item=1 name="/lib64/ld-linux-x86-64.so.2" inode=1481429 dev=08:02 mode=0100755 ouid=0 ogid=0 rdev=00:00 nametype=NORMAL cap_fp=0 cap_fi=0 cap_fe=0 cap_fver=0 cap_frootid=0OUID="root" OGID="root"
type=PROCTITLE msg=audit(1765981298.445:2559): proctitle=6964002D75
type=SYSCALL msg=audit(1765981298.452:2560): arch=c000003e syscall=59 success=yes exit=0 a0=58091f68a938 a1=58091f68c280 a2=58091f68c2a0 a3=8 items=2 ppid=2090 pid=2093 auid=4294967295 uid=0 gid=0 euid=0 suid=0 fsuid=0 egid=0 sgid=0 fsgid=0 tty=(none) ses=4294967295 comm="apache2" exe="/usr/sbin/apache2" subj=unconfined key="T1078_Valid_Accounts"ARCH=x86_64 SYSCALL=execve AUID="unset" UID="root" GID="root" EUID="root" SUID="root" FSUID="root" EGID="root" SGID="root" FSGID="root"
type=EXECVE msg=audit(1765981298.452:2560): argc=3 a0="/usr/sbin/apache2" a1="-k" a2="start"
type=PATH msg=audit(1765981298.452:2560): item=0 name="/usr/sbin/apache2" inode=1457163 dev=08:02 mode=0100755 ouid=0 ogid=0 rdev=00:00 nametype=NORMAL cap_fp=0 cap_fi=0 cap_fe=0 cap_fver=0 cap_frootid=0OUID="root" OGID="root"
type=PATH msg=audit(1765981298.452:2560): item=1 name="/lib64/ld-linux-x86-64.so.2" inode=1481429 dev=08:02 mode=0100755 ouid=0 ogid=0 rdev=00:00 nametype=NORMAL cap_fp=0 cap_fi=0 cap_fe=0 cap_fver=0 cap_frootid=0OUID="root" OGID="root"
type=PROCTITLE msg=audit(1765981298.452:2560): proctitle=2F7573722F7362696E2F61706163686532002D6B007374617274
type=SYSCALL msg=audit(1765981298.458:2561): arch=c000003e syscall=42 success=yes exit=0 a0=3 a1=588909065c30 a2=1c a3=0 items=0 ppid=2090 pid=2093 auid=4294967295 uid=0 gid=0 euid=0 suid=0 fsuid=0 egid=0 sgid=0 fsgid=0 tty=(none) ses=4294967295 comm="apache2" exe="/usr/sbin/apache2" subj=unconfined key="T1043_Commonly_Used_Port"ARCH=x86_64 SYSCALL=connect AUID="unset" UID="root" GID="root" EUID="root" SUID="root" FSUID="root" EGID="root" SGID="root" FSGID="root"
type=SOCKADDR msg=audit(1765981298.458:2561): saddr=0A000000000000000000000000000000000000000000000000000000SADDR={ saddr_fam=inet6 laddr=:: lport=0 }
type=PROCTITLE msg=audit(1765981298.458:2561): proctitle=2F7573722F7362696E2F61706163686532002D6B007374617274
type=SYSCALL msg=audit(1765981298.463:2562): arch=c000003e syscall=42 success=yes exit=0 a0=3 a1=7ffe1c362450 a2=10 a3=0 items=0 ppid=2090 pid=2093 auid=4294967295 uid=0 gid=0 euid=0 suid=0 fsuid=0 egid=0 sgid=0 fsgid=0 tty=(none) ses=4294967295 comm="apache2" exe="/usr/sbin/apache2" subj=unconfined key="T1043_Commonly_Used_Port"ARCH=x86_64 SYSCALL=connect AUID="unset" UID="root" GID="root" EUID="root" SUID="root" FSUID="root" EGID="root" SGID="root" FSGID="root"
type=SOCKADDR msg=audit(1765981298.463:2562): saddr=00000000000000000000000000000000SADDR=unknown-family(0)
type=PROCTITLE msg=audit(1765981298.463:2562): proctitle=2F7573722F7362696E2F61706163686532002D6B007374617274
type=SYSCALL msg=audit(1765981298.463:2563): arch=c000003e syscall=42 success=yes exit=0 a0=3 a1=588909065c90 a2=10 a3=0 items=0 ppid=2090 pid=2093 auid=4294967295 uid=0 gid=0 euid=0 suid=0 fsuid=0 egid=0 sgid=0 fsgid=0 tty=(none) ses=4294967295 comm="apache2" exe="/usr/sbin/apache2" subj=unconfined key="T1043_Commonly_Used_Port"ARCH=x86_64 SYSCALL=connect AUID="unset" UID="root" GID="root" EUID="root" SUID="root" FSUID="root" EGID="root" SGID="root" FSGID="root"
type=SOCKADDR msg=audit(1765981298.463:2563): saddr=02000000000000000000000000000000SADDR={ saddr_fam=inet laddr=0.0.0.0 lport=0 }
type=PROCTITLE msg=audit(1765981298.463:2563): proctitle=2F7573722F7362696E2F61706163686532002D6B007374617274
type=SYSCALL msg=audit(1765981298.475:2564): arch=c000003e syscall=42 success=yes exit=0 a0=3 a1=58890908a030 a2=1c a3=0 items=0 ppid=2090 pid=2093 auid=4294967295 uid=0 gid=0 euid=0 suid=0 fsuid=0 egid=0 sgid=0 fsgid=0 tty=(none) ses=4294967295 comm="apache2" exe="/usr/sbin/apache2" subj=unconfined key="T1043_Commonly_Used_Port"ARCH=x86_64 SYSCALL=connect AUID="unset" UID="root" GID="root" EUID="root" SUID="root" FSUID="root" EGID="root" SGID="root" FSGID="root"
type=SOCKADDR msg=audit(1765981298.475:2564): saddr=0A000050000000000000000000000000000000000000000000000000SADDR={ saddr_fam=inet6 laddr=:: lport=80 }
type=PROCTITLE msg=audit(1765981298.475:2564): proctitle=2F7573722F7362696E2F61706163686532002D6B007374617274
type=SYSCALL msg=audit(1765981298.475:2565): arch=c000003e syscall=42 success=yes exit=0 a0=3 a1=7ffe1c3620e0 a2=10 a3=0 items=0 ppid=2090 pid=2093 auid=4294967295 uid=0 gid=0 euid=0 suid=0 fsuid=0 egid=0 sgid=0 fsgid=0 tty=(none) ses=4294967295 comm="apache2" exe="/usr/sbin/apache2" subj=unconfined key="T1043_Commonly_Used_Port"ARCH=x86_64 SYSCALL=connect AUID="unset" UID="root" GID="root" EUID="root" SUID="root" FSUID="root" EGID="root" SGID="root" FSGID="root"
type=SOCKADDR msg=audit(1765981298.475:2565): saddr=00000000000000000000000000000000SADDR=unknown-family(0)
type=PROCTITLE msg=audit(1765981298.475:2565): proctitle=2F7573722F7362696E2F61706163686532002D6B007374617274
type=SYSCALL msg=audit(1765981298.475:2566): arch=c000003e syscall=42 success=yes exit=0 a0=3 a1=588909089770 a2=10 a3=0 items=0 ppid=2090 pid=2093 auid=4294967295 uid=0 gid=0 euid=0 suid=0 fsuid=0 egid=0 sgid=0 fsgid=0 tty=(none) ses=4294967295 comm="apache2" exe="/usr/sbin/apache2" subj=unconfined key="T1043_Commonly_Used_Port"ARCH=x86_64 SYSCALL=connect AUID="unset" UID="root" GID="root" EUID="root" SUID="root" FSUID="root" EGID="root" SGID="root" FSGID="root"
type=SOCKADDR msg=audit(1765981298.475:2566): saddr=02000050000000000000000000000000SADDR={ saddr_fam=inet laddr=0.0.0.0 lport=80 }
type=PROCTITLE msg=audit(1765981298.475:2566): proctitle=2F7573722F7362696E2F61706163686532002D6B007374617274
type=SYSCALL msg=audit(1765981298.478:2567): arch=c000003e syscall=42 success=yes exit=0 a0=5 a1=58890908a030 a2=1c a3=0 items=0 ppid=2090 pid=2093 auid=4294967295 uid=0 gid=0 euid=0 suid=0 fsuid=0 egid=0 sgid=0 fsgid=0 tty=(none) ses=4294967295 comm="apache2" exe="/usr/sbin/apache2" subj=unconfined key="T1043_Commonly_Used_Port"ARCH=x86_64 SYSCALL=connect AUID="unset" UID="root" GID="root" EUID="root" SUID="root" FSUID="root" EGID="root" SGID="root" FSGID="root"
type=SOCKADDR msg=audit(1765981298.478:2567): saddr=0A000050000000000000000000000000000000000000000000000000SADDR={ saddr_fam=inet6 laddr=:: lport=80 }
type=PROCTITLE msg=audit(1765981298.478:2567): proctitle=2F7573722F7362696E2F61706163686532002D6B007374617274
type=SYSCALL msg=audit(1765981298.478:2568): arch=c000003e syscall=42 success=yes exit=0 a0=5 a1=7ffe1c362080 a2=10 a3=0 items=0 ppid=2090 pid=2093 auid=4294967295 uid=0 gid=0 euid=0 suid=0 fsuid=0 egid=0 sgid=0 fsgid=0 tty=(none) ses=4294967295 comm="apache2" exe="/usr/sbin/apache2" subj=unconfined key="T1043_Commonly_Used_Port"ARCH=x86_64 SYSCALL=connect AUID="unset" UID="root" GID="root" EUID="root" SUID="root" FSUID="root" EGID="root" SGID="root" FSGID="root"
type=SOCKADDR msg=audit(1765981298.478:2568): saddr=00000000000000000000000000000000SADDR=unknown-family(0)
type=PROCTITLE msg=audit(1765981298.478:2568): proctitle=2F7573722F7362696E2F61706163686532002D6B007374617274
type=SYSCALL msg=audit(1765981298.478:2569): arch=c000003e syscall=42 success=yes exit=0 a0=5 a1=588909089770 a2=10 a3=0 items=0 ppid=2090 pid=2093 auid=4294967295 uid=0 gid=0 euid=0 suid=0 fsuid=0 egid=0 sgid=0 fsgid=0 tty=(none) ses=4294967295 comm="apache2" exe="/usr/sbin/apache2" subj=unconfined key="T1043_Commonly_Used_Port"ARCH=x86_64 SYSCALL=connect AUID="unset" UID="root" GID="root" EUID="root" SUID="root" FSUID="root" EGID="root" SGID="root" FSGID="root"
type=SOCKADDR msg=audit(1765981298.478:2569): saddr=02000050000000000000000000000000SADDR={ saddr_fam=inet laddr=0.0.0.0 lport=80 }
type=PROCTITLE msg=audit(1765981298.478:2569): proctitle=2F7573722F7362696E2F61706163686532002D6B007374617274
type=SYSCALL msg=audit(1765981298.478:2570): arch=c000003e syscall=42 success=yes exit=0 a0=5 a1=73a16100b694 a2=10 a3=7ffe1c35fbe4 items=0 ppid=2090 pid=2093 auid=4294967295 uid=0 gid=0 euid=0 suid=0 fsuid=0 egid=0 sgid=0 fsgid=0 tty=(none) ses=4294967295 comm="apache2" exe="/usr/sbin/apache2" subj=unconfined key="T1043_Commonly_Used_Port"ARCH=x86_64 SYSCALL=connect AUID="unset" UID="root" GID="root" EUID="root" SUID="root" FSUID="root" EGID="root" SGID="root" FSGID="root"
type=SOCKADDR msg=audit(1765981298.478:2570): saddr=020000357F0000350000000000000000SADDR={ saddr_fam=inet laddr=127.0.0.53 lport=53 }
type=PROCTITLE msg=audit(1765981298.478:2570): proctitle=2F7573722F7362696E2F61706163686532002D6B007374617274
type=SYSCALL msg=audit(1765981298.486:2571): arch=c000003e syscall=42 success=yes exit=0 a0=5 a1=73a16100b694 a2=10 a3=7ffe1c35fbe4 items=0 ppid=2090 pid=2093 auid=4294967295 uid=0 gid=0 euid=0 suid=0 fsuid=0 egid=0 sgid=0 fsgid=0 tty=(none) ses=4294967295 comm="apache2" exe="/usr/sbin/apache2" subj=unconfined key="T1043_Commonly_Used_Port"ARCH=x86_64 SYSCALL=connect AUID="unset" UID="root" GID="root" EUID="root" SUID="root" FSUID="root" EGID="root" SGID="root" FSGID="root"
type=SOCKADDR msg=audit(1765981298.486:2571): saddr=020000357F0000350000000000000000SADDR={ saddr_fam=inet laddr=127.0.0.53 lport=53 }
type=PROCTITLE msg=audit(1765981298.486:2571): proctitle=2F7573722F7362696E2F61706163686532002D6B007374617274
type=SYSCALL msg=audit(1765981298.488:2572): arch=c000003e syscall=42 success=yes exit=0 a0=5 a1=588909089770 a2=10 a3=0 items=0 ppid=2090 pid=2093 auid=4294967295 uid=0 gid=0 euid=0 suid=0 fsuid=0 egid=0 sgid=0 fsgid=0 tty=(none) ses=4294967295 comm="apache2" exe="/usr/sbin/apache2" subj=unconfined key="T1043_Commonly_Used_Port"ARCH=x86_64 SYSCALL=connect AUID="unset" UID="root" GID="root" EUID="root" SUID="root" FSUID="root" EGID="root" SGID="root" FSGID="root"
type=SOCKADDR msg=audit(1765981298.488:2572): saddr=020000000A00020F0000000000000000SADDR={ saddr_fam=inet laddr=10.0.2.15 lport=0 }
type=PROCTITLE msg=audit(1765981298.488:2572): proctitle=2F7573722F7362696E2F61706163686532002D6B007374617274
type=SYSCALL msg=audit(1765981298.488:2573): arch=c000003e syscall=42 success=yes exit=0 a0=5 a1=7ffe1c361ad0 a2=10 a3=0 items=0 ppid=2090 pid=2093 auid=4294967295 uid=0 gid=0 euid=0 suid=0 fsuid=0 egid=0 sgid=0 fsgid=0 tty=(none) ses=4294967295 comm="apache2" exe="/usr/sbin/apache2" subj=unconfined key="T1043_Commonly_Used_Port"ARCH=x86_64 SYSCALL=connect AUID="unset" UID="root" GID="root" EUID="root" SUID="root" FSUID="root" EGID="root" SGID="root" FSGID="root"
type=SOCKADDR msg=audit(1765981298.488:2573): saddr=00000000000000000000000000000000SADDR=unknown-family(0)
type=PROCTITLE msg=audit(1765981298.488:2573): proctitle=2F7573722F7362696E2F61706163686532002D6B007374617274
type=SYSCALL msg=audit(1765981298.488:2574): arch=c000003e syscall=42 success=yes exit=0 a0=5 a1=588909065640 a2=10 a3=0 items=0 ppid=2090 pid=2093 auid=4294967295 uid=0 gid=0 euid=0 suid=0 fsuid=0 egid=0 sgid=0 fsgid=0 tty=(none) ses=4294967295 comm="apache2" exe="/usr/sbin/apache2" subj=unconfined key="T1043_Commonly_Used_Port"ARCH=x86_64 SYSCALL=connect AUID="unset" UID="root" GID="root" EUID="root" SUID="root" FSUID="root" EGID="root" SGID="root" FSGID="root"
type=SOCKADDR msg=audit(1765981298.488:2574): saddr=02000000C0A8386B0000000000000000SADDR={ saddr_fam=inet laddr=192.168.56.107 lport=0 }
type=PROCTITLE msg=audit(1765981298.488:2574): proctitle=2F7573722F7362696E2F61706163686532002D6B007374617274
type=SYSCALL msg=audit(1765981298.488:2575): arch=c000003e syscall=42 success=yes exit=0 a0=5 a1=58890908a030 a2=1c a3=0 items=0 ppid=2090 pid=2093 auid=4294967295 uid=0 gid=0 euid=0 suid=0 fsuid=0 egid=0 sgid=0 fsgid=0 tty=(none) ses=4294967295 comm="apache2" exe="/usr/sbin/apache2" subj=unconfined key="T1043_Commonly_Used_Port"ARCH=x86_64 SYSCALL=connect AUID="unset" UID="root" GID="root" EUID="root" SUID="root" FSUID="root" EGID="root" SGID="root" FSGID="root"
type=SOCKADDR msg=audit(1765981298.488:2575): saddr=0A00000000000000FD17625CF03700020A0027FFFE3F373900000000SADDR={ saddr_fam=inet6 laddr=fd17:625c:f037:2:a00:27ff:fe3f:3739 lport=0 }
type=PROCTITLE msg=audit(1765981298.488:2575): proctitle=2F7573722F7362696E2F61706163686532002D6B007374617274
type=SYSCALL msg=audit(1765981298.488:2576): arch=c000003e syscall=42 success=yes exit=0 a0=5 a1=7ffe1c361ad0 a2=10 a3=0 items=0 ppid=2090 pid=2093 auid=4294967295 uid=0 gid=0 euid=0 suid=0 fsuid=0 egid=0 sgid=0 fsgid=0 tty=(none) ses=4294967295 comm="apache2" exe="/usr/sbin/apache2" subj=unconfined key="T1043_Commonly_Used_Port"ARCH=x86_64 SYSCALL=connect AUID="unset" UID="root" GID="root" EUID="root" SUID="root" FSUID="root" EGID="root" SGID="root" FSGID="root"
type=SOCKADDR msg=audit(1765981298.488:2576): saddr=00000000000000000000000000000000SADDR=unknown-family(0)
type=PROCTITLE msg=audit(1765981298.488:2576): proctitle=2F7573722F7362696E2F61706163686532002D6B007374617274
type=SYSCALL msg=audit(1765981298.488:2577): arch=c000003e syscall=42 success=no exit=-22 a0=5 a1=588909065690 a2=1c a3=0 items=0 ppid=2090 pid=2093 auid=4294967295 uid=0 gid=0 euid=0 suid=0 fsuid=0 egid=0 sgid=0 fsgid=0 tty=(none) ses=4294967295 comm="apache2" exe="/usr/sbin/apache2" subj=unconfined key="T1043_Commonly_Used_Port"ARCH=x86_64 SYSCALL=connect AUID="unset" UID="root" GID="root" EUID="root" SUID="root" FSUID="root" EGID="root" SGID="root" FSGID="root"
type=SOCKADDR msg=audit(1765981298.488:2577): saddr=0A00000000000000FE800000000000000A0027FFFE3F373900000000SADDR={ saddr_fam=inet6 laddr=fe80::a00:27ff:fe3f:3739 lport=0 }
type=PROCTITLE msg=audit(1765981298.488:2577): proctitle=2F7573722F7362696E2F61706163686532002D6B007374617274
type=SYSCALL msg=audit(1765981298.488:2578): arch=c000003e syscall=42 success=yes exit=0 a0=5 a1=7ffe1c361ad0 a2=10 a3=0 items=0 ppid=2090 pid=2093 auid=4294967295 uid=0 gid=0 euid=0 suid=0 fsuid=0 egid=0 sgid=0 fsgid=0 tty=(none) ses=4294967295 comm="apache2" exe="/usr/sbin/apache2" subj=unconfined key="T1043_Commonly_Used_Port"ARCH=x86_64 SYSCALL=connect AUID="unset" UID="root" GID="root" EUID="root" SUID="root" FSUID="root" EGID="root" SGID="root" FSGID="root"
type=SOCKADDR msg=audit(1765981298.488:2578): saddr=00000000000000000000000000000000SADDR=unknown-family(0)
type=PROCTITLE msg=audit(1765981298.488:2578): proctitle=2F7573722F7362696E2F61706163686532002D6B007374617274
type=SYSCALL msg=audit(1765981298.488:2579): arch=c000003e syscall=42 success=no exit=-22 a0=5 a1=5889090656f0 a2=1c a3=0 items=0 ppid=2090 pid=2093 auid=4294967295 uid=0 gid=0 euid=0 suid=0 fsuid=0 egid=0 sgid=0 fsgid=0 tty=(none) ses=4294967295 comm="apache2" exe="/usr/sbin/apache2" subj=unconfined key="T1043_Commonly_Used_Port"ARCH=x86_64 SYSCALL=connect AUID="unset" UID="root" GID="root" EUID="root" SUID="root" FSUID="root" EGID="root" SGID="root" FSGID="root"
type=SOCKADDR msg=audit(1765981298.488:2579): saddr=0A00000000000000FE800000000000000A0027FFFE270D1D00000000SADDR={ saddr_fam=inet6 laddr=fe80::a00:27ff:fe27:d1d lport=0 }
type=PROCTITLE msg=audit(1765981298.488:2579): proctitle=2F7573722F7362696E2F61706163686532002D6B007374617274
type=SYSCALL msg=audit(1765981298.488:2580): arch=c000003e syscall=42 success=yes exit=0 a0=5 a1=73a16100b694 a2=10 a3=7ffe1c3602f4 items=0 ppid=2090 pid=2093 auid=4294967295 uid=0 gid=0 euid=0 suid=0 fsuid=0 egid=0 sgid=0 fsgid=0 tty=(none) ses=4294967295 comm="apache2" exe="/usr/sbin/apache2" subj=unconfined key="T1043_Commonly_Used_Port"ARCH=x86_64 SYSCALL=connect AUID="unset" UID="root" GID="root" EUID="root" SUID="root" FSUID="root" EGID="root" SGID="root" FSGID="root"
type=SOCKADDR msg=audit(1765981298.488:2580): saddr=020000357F0000350000000000000000SADDR={ saddr_fam=inet laddr=127.0.0.53 lport=53 }
type=PROCTITLE msg=audit(1765981298.488:2580): proctitle=2F7573722F7362696E2F61706163686532002D6B007374617274
type=SYSCALL msg=audit(1765981298.495:2581): arch=c000003e syscall=42 success=yes exit=0 a0=5 a1=5889090656f0 a2=1c a3=0 items=0 ppid=2090 pid=2093 auid=4294967295 uid=0 gid=0 euid=0 suid=0 fsuid=0 egid=0 sgid=0 fsgid=0 tty=(none) ses=4294967295 comm="apache2" exe="/usr/sbin/apache2" subj=unconfined key="T1043_Commonly_Used_Port"ARCH=x86_64 SYSCALL=connect AUID="unset" UID="root" GID="root" EUID="root" SUID="root" FSUID="root" EGID="root" SGID="root" FSGID="root"
type=SOCKADDR msg=audit(1765981298.495:2581): saddr=0A000000000000000000000000000000000000000000000000000000SADDR={ saddr_fam=inet6 laddr=:: lport=0 }
type=PROCTITLE msg=audit(1765981298.495:2581): proctitle=2F7573722F7362696E2F61706163686532002D6B007374617274
type=SYSCALL msg=audit(1765981298.495:2582): arch=c000003e syscall=42 success=yes exit=0 a0=5 a1=7ffe1c362450 a2=10 a3=0 items=0 ppid=2090 pid=2093 auid=4294967295 uid=0 gid=0 euid=0 suid=0 fsuid=0 egid=0 sgid=0 fsgid=0 tty=(none) ses=4294967295 comm="apache2" exe="/usr/sbin/apache2" subj=unconfined key="T1043_Commonly_Used_Port"ARCH=x86_64 SYSCALL=connect AUID="unset" UID="root" GID="root" EUID="root" SUID="root" FSUID="root" EGID="root" SGID="root" FSGID="root"
type=SOCKADDR msg=audit(1765981298.495:2582): saddr=00000000000000000000000000000000SADDR=unknown-family(0)
type=PROCTITLE msg=audit(1765981298.495:2582): proctitle=2F7573722F7362696E2F61706163686532002D6B007374617274
type=SYSCALL msg=audit(1765981298.495:2583): arch=c000003e syscall=42 success=yes exit=0 a0=5 a1=588909065c90 a2=10 a3=0 items=0 ppid=2090 pid=2093 auid=4294967295 uid=0 gid=0 euid=0 suid=0 fsuid=0 egid=0 sgid=0 fsgid=0 tty=(none) ses=4294967295 comm="apache2" exe="/usr/sbin/apache2" subj=unconfined key="T1043_Commonly_Used_Port"ARCH=x86_64 SYSCALL=connect AUID="unset" UID="root" GID="root" EUID="root" SUID="root" FSUID="root" EGID="root" SGID="root" FSGID="root"
type=SOCKADDR msg=audit(1765981298.495:2583): saddr=02000000000000000000000000000000SADDR={ saddr_fam=inet laddr=0.0.0.0 lport=0 }
type=PROCTITLE msg=audit(1765981298.495:2583): proctitle=2F7573722F7362696E2F61706163686532002D6B007374617274
type=SYSCALL msg=audit(1765981298.511:2584): arch=c000003e syscall=42 success=yes exit=0 a0=5 a1=5889090656f0 a2=1c a3=0 items=0 ppid=1 pid=2094 auid=4294967295 uid=0 gid=0 euid=0 suid=0 fsuid=0 egid=0 sgid=0 fsgid=0 tty=(none) ses=4294967295 comm="apache2" exe="/usr/sbin/apache2" subj=unconfined key="T1043_Commonly_Used_Port"ARCH=x86_64 SYSCALL=connect AUID="unset" UID="root" GID="root" EUID="root" SUID="root" FSUID="root" EGID="root" SGID="root" FSGID="root"
type=SOCKADDR msg=audit(1765981298.511:2584): saddr=0A000050000000000000000000000000000000000000000000000000SADDR={ saddr_fam=inet6 laddr=:: lport=80 }
type=PROCTITLE msg=audit(1765981298.511:2584): proctitle=2F7573722F7362696E2F61706163686532002D6B007374617274
type=SYSCALL msg=audit(1765981298.511:2585): arch=c000003e syscall=42 success=yes exit=0 a0=5 a1=7ffe1c362080 a2=10 a3=0 items=0 ppid=1 pid=2094 auid=4294967295 uid=0 gid=0 euid=0 suid=0 fsuid=0 egid=0 sgid=0 fsgid=0 tty=(none) ses=4294967295 comm="apache2" exe="/usr/sbin/apache2" subj=unconfined key="T1043_Commonly_Used_Port"ARCH=x86_64 SYSCALL=connect AUID="unset" UID="root" GID="root" EUID="root" SUID="root" FSUID="root" EGID="root" SGID="root" FSGID="root"
type=SOCKADDR msg=audit(1765981298.511:2585): saddr=00000000000000000000000000000000SADDR=unknown-family(0)
type=PROCTITLE msg=audit(1765981298.511:2585): proctitle=2F7573722F7362696E2F61706163686532002D6B007374617274
type=SYSCALL msg=audit(1765981298.511:2586): arch=c000003e syscall=42 success=yes exit=0 a0=5 a1=588909065640 a2=10 a3=0 items=0 ppid=1 pid=2094 auid=4294967295 uid=0 gid=0 euid=0 suid=0 fsuid=0 egid=0 sgid=0 fsgid=0 tty=(none) ses=4294967295 comm="apache2" exe="/usr/sbin/apache2" subj=unconfined key="T1043_Commonly_Used_Port"ARCH=x86_64 SYSCALL=connect AUID="unset" UID="root" GID="root" EUID="root" SUID="root" FSUID="root" EGID="root" SGID="root" FSGID="root"
type=SOCKADDR msg=audit(1765981298.511:2586): saddr=02000050000000000000000000000000SADDR={ saddr_fam=inet laddr=0.0.0.0 lport=80 }
type=PROCTITLE msg=audit(1765981298.511:2586): proctitle=2F7573722F7362696E2F61706163686532002D6B007374617274
type=SYSCALL msg=audit(1765981298.511:2587): arch=c000003e syscall=42 success=yes exit=0 a0=5 a1=73a16100b694 a2=10 a3=7ffe1c35fbe4 items=0 ppid=1 pid=2094 auid=4294967295 uid=0 gid=0 euid=0 suid=0 fsuid=0 egid=0 sgid=0 fsgid=0 tty=(none) ses=4294967295 comm="apache2" exe="/usr/sbin/apache2" subj=unconfined key="T1043_Commonly_Used_Port"ARCH=x86_64 SYSCALL=connect AUID="unset" UID="root" GID="root" EUID="root" SUID="root" FSUID="root" EGID="root" SGID="root" FSGID="root"
type=SOCKADDR msg=audit(1765981298.511:2587): saddr=020000357F0000350000000000000000SADDR={ saddr_fam=inet laddr=127.0.0.53 lport=53 }
type=PROCTITLE msg=audit(1765981298.511:2587): proctitle=2F7573722F7362696E2F61706163686532002D6B007374617274
type=SERVICE_START msg=audit(1765981298.515:2588): pid=1 uid=0 auid=4294967295 ses=4294967295 subj=unconfined msg='unit=apache2 comm="systemd" exe="/usr/lib/systemd/systemd" hostname=? addr=? terminal=? res=success'UID="root" AUID="unset"
type=SYSCALL msg=audit(1765981298.522:2589): arch=c000003e syscall=42 success=yes exit=0 a0=5 a1=73a16100b694 a2=10 a3=7ffe1c35fbe4 items=0 ppid=1 pid=2094 auid=4294967295 uid=0 gid=0 euid=0 suid=0 fsuid=0 egid=0 sgid=0 fsgid=0 tty=(none) ses=4294967295 comm="apache2" exe="/usr/sbin/apache2" subj=unconfined key="T1043_Commonly_Used_Port"ARCH=x86_64 SYSCALL=connect AUID="unset" UID="root" GID="root" EUID="root" SUID="root" FSUID="root" EGID="root" SGID="root" FSGID="root"
type=SOCKADDR msg=audit(1765981298.522:2589): saddr=020000357F0000350000000000000000SADDR={ saddr_fam=inet laddr=127.0.0.53 lport=53 }
type=PROCTITLE msg=audit(1765981298.522:2589): proctitle=2F7573722F7362696E2F61706163686532002D6B007374617274
type=SYSCALL msg=audit(1765981298.522:2590): arch=c000003e syscall=42 success=yes exit=0 a0=5 a1=588909065640 a2=10 a3=0 items=0 ppid=1 pid=2094 auid=4294967295 uid=0 gid=0 euid=0 suid=0 fsuid=0 egid=0 sgid=0 fsgid=0 tty=(none) ses=4294967295 comm="apache2" exe="/usr/sbin/apache2" subj=unconfined key="T1043_Commonly_Used_Port"ARCH=x86_64 SYSCALL=connect AUID="unset" UID="root" GID="root" EUID="root" SUID="root" FSUID="root" EGID="root" SGID="root" FSGID="root"
type=SOCKADDR msg=audit(1765981298.522:2590): saddr=020000000A00020F0000000000000000SADDR={ saddr_fam=inet laddr=10.0.2.15 lport=0 }
type=PROCTITLE msg=audit(1765981298.522:2590): proctitle=2F7573722F7362696E2F61706163686532002D6B007374617274
type=SYSCALL msg=audit(1765981298.522:2591): arch=c000003e syscall=42 success=yes exit=0 a0=5 a1=7ffe1c361ad0 a2=10 a3=0 items=0 ppid=1 pid=2094 auid=4294967295 uid=0 gid=0 euid=0 suid=0 fsuid=0 egid=0 sgid=0 fsgid=0 tty=(none) ses=4294967295 comm="apache2" exe="/usr/sbin/apache2" subj=unconfined key="T1043_Commonly_Used_Port"ARCH=x86_64 SYSCALL=connect AUID="unset" UID="root" GID="root" EUID="root" SUID="root" FSUID="root" EGID="root" SGID="root" FSGID="root"
type=SOCKADDR msg=audit(1765981298.522:2591): saddr=00000000000000000000000000000000SADDR=unknown-family(0)
type=PROCTITLE msg=audit(1765981298.522:2591): proctitle=2F7573722F7362696E2F61706163686532002D6B007374617274
type=SYSCALL msg=audit(1765981298.522:2592): arch=c000003e syscall=42 success=yes exit=0 a0=5 a1=588909089770 a2=10 a3=0 items=0 ppid=1 pid=2094 auid=4294967295 uid=0 gid=0 euid=0 suid=0 fsuid=0 egid=0 sgid=0 fsgid=0 tty=(none) ses=4294967295 comm="apache2" exe="/usr/sbin/apache2" subj=unconfined key="T1043_Commonly_Used_Port"ARCH=x86_64 SYSCALL=connect AUID="unset" UID="root" GID="root" EUID="root" SUID="root" FSUID="root" EGID="root" SGID="root" FSGID="root"
type=SOCKADDR msg=audit(1765981298.522:2592): saddr=02000000C0A8386B0000000000000000SADDR={ saddr_fam=inet laddr=192.168.56.107 lport=0 }
type=PROCTITLE msg=audit(1765981298.522:2592): proctitle=2F7573722F7362696E2F61706163686532002D6B007374617274
type=SYSCALL msg=audit(1765981298.523:2593): arch=c000003e syscall=42 success=yes exit=0 a0=5 a1=5889090656f0 a2=1c a3=0 items=0 ppid=1 pid=2094 auid=4294967295 uid=0 gid=0 euid=0 suid=0 fsuid=0 egid=0 sgid=0 fsgid=0 tty=(none) ses=4294967295 comm="apache2" exe="/usr/sbin/apache2" subj=unconfined key="T1043_Commonly_Used_Port"ARCH=x86_64 SYSCALL=connect AUID="unset" UID="root" GID="root" EUID="root" SUID="root" FSUID="root" EGID="root" SGID="root" FSGID="root"
type=SOCKADDR msg=audit(1765981298.523:2593): saddr=0A00000000000000FD17625CF03700020A0027FFFE3F373900000000SADDR={ saddr_fam=inet6 laddr=fd17:625c:f037:2:a00:27ff:fe3f:3739 lport=0 }
type=PROCTITLE msg=audit(1765981298.523:2593): proctitle=2F7573722F7362696E2F61706163686532002D6B007374617274
type=SYSCALL msg=audit(1765981298.523:2594): arch=c000003e syscall=42 success=yes exit=0 a0=5 a1=7ffe1c361ad0 a2=10 a3=0 items=0 ppid=1 pid=2094 auid=4294967295 uid=0 gid=0 euid=0 suid=0 fsuid=0 egid=0 sgid=0 fsgid=0 tty=(none) ses=4294967295 comm="apache2" exe="/usr/sbin/apache2" subj=unconfined key="T1043_Commonly_Used_Port"ARCH=x86_64 SYSCALL=connect AUID="unset" UID="root" GID="root" EUID="root" SUID="root" FSUID="root" EGID="root" SGID="root" FSGID="root"
type=SOCKADDR msg=audit(1765981298.523:2594): saddr=00000000000000000000000000000000SADDR=unknown-family(0)
type=PROCTITLE msg=audit(1765981298.523:2594): proctitle=2F7573722F7362696E2F61706163686532002D6B007374617274
type=SYSCALL msg=audit(1765981298.523:2595): arch=c000003e syscall=42 success=no exit=-22 a0=5 a1=588909065690 a2=1c a3=0 items=0 ppid=1 pid=2094 auid=4294967295 uid=0 gid=0 euid=0 suid=0 fsuid=0 egid=0 sgid=0 fsgid=0 tty=(none) ses=4294967295 comm="apache2" exe="/usr/sbin/apache2" subj=unconfined key="T1043_Commonly_Used_Port"ARCH=x86_64 SYSCALL=connect AUID="unset" UID="root" GID="root" EUID="root" SUID="root" FSUID="root" EGID="root" SGID="root" FSGID="root"
type=SOCKADDR msg=audit(1765981298.523:2595): saddr=0A00000000000000FE800000000000000A0027FFFE3F373900000000SADDR={ saddr_fam=inet6 laddr=fe80::a00:27ff:fe3f:3739 lport=0 }
type=PROCTITLE msg=audit(1765981298.523:2595): proctitle=2F7573722F7362696E2F61706163686532002D6B007374617274
type=SYSCALL msg=audit(1765981298.523:2596): arch=c000003e syscall=42 success=yes exit=0 a0=5 a1=7ffe1c361ad0 a2=10 a3=0 items=0 ppid=1 pid=2094 auid=4294967295 uid=0 gid=0 euid=0 suid=0 fsuid=0 egid=0 sgid=0 fsgid=0 tty=(none) ses=4294967295 comm="apache2" exe="/usr/sbin/apache2" subj=unconfined key="T1043_Commonly_Used_Port"ARCH=x86_64 SYSCALL=connect AUID="unset" UID="root" GID="root" EUID="root" SUID="root" FSUID="root" EGID="root" SGID="root" FSGID="root"
type=SOCKADDR msg=audit(1765981298.523:2596): saddr=00000000000000000000000000000000SADDR=unknown-family(0)
type=PROCTITLE msg=audit(1765981298.523:2596): proctitle=2F7573722F7362696E2F61706163686532002D6B007374617274
type=SYSCALL msg=audit(1765981298.523:2597): arch=c000003e syscall=42 success=no exit=-22 a0=5 a1=58890908a030 a2=1c a3=0 items=0 ppid=1 pid=2094 auid=4294967295 uid=0 gid=0 euid=0 suid=0 fsuid=0 egid=0 sgid=0 fsgid=0 tty=(none) ses=4294967295 comm="apache2" exe="/usr/sbin/apache2" subj=unconfined key="T1043_Commonly_Used_Port"ARCH=x86_64 SYSCALL=connect AUID="unset" UID="root" GID="root" EUID="root" SUID="root" FSUID="root" EGID="root" SGID="root" FSGID="root"
type=SOCKADDR msg=audit(1765981298.523:2597): saddr=0A00000000000000FE800000000000000A0027FFFE270D1D00000000SADDR={ saddr_fam=inet6 laddr=fe80::a00:27ff:fe27:d1d lport=0 }
type=PROCTITLE msg=audit(1765981298.523:2597): proctitle=2F7573722F7362696E2F61706163686532002D6B007374617274
type=SYSCALL msg=audit(1765981298.523:2598): arch=c000003e syscall=42 success=yes exit=0 a0=5 a1=73a16100b694 a2=10 a3=7ffe1c3602f4 items=0 ppid=1 pid=2094 auid=4294967295 uid=0 gid=0 euid=0 suid=0 fsuid=0 egid=0 sgid=0 fsgid=0 tty=(none) ses=4294967295 comm="apache2" exe="/usr/sbin/apache2" subj=unconfined key="T1043_Commonly_Used_Port"ARCH=x86_64 SYSCALL=connect AUID="unset" UID="root" GID="root" EUID="root" SUID="root" FSUID="root" EGID="root" SGID="root" FSGID="root"
type=SOCKADDR msg=audit(1765981298.523:2598): saddr=020000357F0000350000000000000000SADDR={ saddr_fam=inet laddr=127.0.0.53 lport=53 }
type=PROCTITLE msg=audit(1765981298.523:2598): proctitle=2F7573722F7362696E2F61706163686532002D6B007374617274
type=SYSCALL msg=audit(1765981298.523:2599): arch=c000003e syscall=257 success=yes exit=12 a0=ffffff9c a1=7087d09d46b0 a2=80002 a3=0 items=1 ppid=1302 pid=2080 auid=1000 uid=0 gid=0 euid=0 suid=0 fsuid=0 egid=0 sgid=0 fsgid=0 tty=pts1 ses=1 comm="sudo" exe="/usr/bin/sudo" subj=unconfined key="T1108_Redundant_Access"ARCH=x86_64 SYSCALL=openat AUID="vboxuser" UID="root" GID="root" EUID="root" SUID="root" FSUID="root" EGID="root" SGID="root" FSGID="root"
type=PATH msg=audit(1765981298.523:2599): item=0 name="/var/run/utmp" inode=623 dev=00:18 mode=0100664 ouid=0 ogid=43 rdev=00:00 nametype=NORMAL cap_fp=0 cap_fi=0 cap_fe=0 cap_fver=0 cap_frootid=0OUID="root" OGID="utmp"
type=PROCTITLE msg=audit(1765981298.523:2599): proctitle=7375646F0073797374656D63746C007265737461727400617061636865322E73657276696365
type=USER_END msg=audit(1765981298.525:2600): pid=2080 uid=0 auid=1000 ses=1 subj=unconfined msg='op=PAM:session_close grantors=pam_limits,pam_env,pam_env,pam_permit,pam_umask,pam_unix acct="root" exe="/usr/bin/sudo" hostname=? addr=? terminal=/dev/pts/1 res=success'UID="root" AUID="vboxuser"
type=CRED_DISP msg=audit(1765981298.526:2601): pid=2080 uid=0 auid=1000 ses=1 subj=unconfined msg='op=PAM:setcred grantors=pam_permit acct="root" exe="/usr/bin/sudo" hostname=? addr=? terminal=/dev/pts/1 res=success'UID="root" AUID="vboxuser"
type=SYSCALL msg=audit(1765981298.606:2602): arch=c000003e syscall=106 success=yes exit=0 a0=21 a1=73a1611114a0 a2=0 a3=22 items=0 ppid=2094 pid=2096 auid=4294967295 uid=0 gid=33 euid=0 suid=0 fsuid=0 egid=33 sgid=33 fsgid=33 tty=(none) ses=4294967295 comm="apache2" exe="/usr/sbin/apache2" subj=unconfined key="T1166_Seuid_and_Setgid"ARCH=x86_64 SYSCALL=setgid AUID="unset" UID="root" GID="www-data" EUID="root" SUID="root" FSUID="root" EGID="www-data" SGID="www-data" FSGID="www-data"
type=PROCTITLE msg=audit(1765981298.606:2602): proctitle=2F7573722F7362696E2F61706163686532002D6B007374617274
type=SYSCALL msg=audit(1765981298.606:2603): arch=c000003e syscall=106 success=yes exit=0 a0=21 a1=73a1611114a0 a2=0 a3=22 items=0 ppid=2094 pid=2097 auid=4294967295 uid=0 gid=33 euid=0 suid=0 fsuid=0 egid=33 sgid=33 fsgid=33 tty=(none) ses=4294967295 comm="apache2" exe="/usr/sbin/apache2" subj=unconfined key="T1166_Seuid_and_Setgid"ARCH=x86_64 SYSCALL=setgid AUID="unset" UID="root" GID="www-data" EUID="root" SUID="root" FSUID="root" EGID="www-data" SGID="www-data" FSGID="www-data"
type=PROCTITLE msg=audit(1765981298.606:2603): proctitle=2F7573722F7362696E2F61706163686532002D6B007374617274
type=SYSCALL msg=audit(1765981298.610:2604): arch=c000003e syscall=106 success=yes exit=0 a0=21 a1=73a1611114a0 a2=0 a3=22 items=0 ppid=2094 pid=2098 auid=4294967295 uid=0 gid=33 euid=0 suid=0 fsuid=0 egid=33 sgid=33 fsgid=33 tty=(none) ses=4294967295 comm="apache2" exe="/usr/sbin/apache2" subj=unconfined key="T1166_Seuid_and_Setgid"ARCH=x86_64 SYSCALL=setgid AUID="unset" UID="root" GID="www-data" EUID="root" SUID="root" FSUID="root" EGID="www-data" SGID="www-data" FSGID="www-data"
type=PROCTITLE msg=audit(1765981298.610:2604): proctitle=2F7573722F7362696E2F61706163686532002D6B007374617274
type=SYSCALL msg=audit(1765981298.610:2605): arch=c000003e syscall=42 success=yes exit=0 a0=c a1=7ffe1c3628a0 a2=2d a3=588909474b50 items=1 ppid=2094 pid=2097 auid=4294967295 uid=0 gid=33 euid=0 suid=0 fsuid=0 egid=33 sgid=33 fsgid=33 tty=(none) ses=4294967295 comm="apache2" exe="/usr/sbin/apache2" subj=unconfined key="T1043_Commonly_Used_Port"ARCH=x86_64 SYSCALL=connect AUID="unset" UID="root" GID="www-data" EUID="root" SUID="root" FSUID="root" EGID="www-data" SGID="www-data" FSGID="www-data"
type=SYSCALL msg=audit(1765981298.610:2606): arch=c000003e syscall=42 success=yes exit=0 a0=c a1=7ffe1c3628a0 a2=2d a3=588909474b50 items=1 ppid=2094 pid=2098 auid=4294967295 uid=0 gid=33 euid=0 suid=0 fsuid=0 egid=33 sgid=33 fsgid=33 tty=(none) ses=4294967295 comm="apache2" exe="/usr/sbin/apache2" subj=unconfined key="T1043_Commonly_Used_Port"ARCH=x86_64 SYSCALL=connect AUID="unset" UID="root" GID="www-data" EUID="root" SUID="root" FSUID="root" EGID="www-data" SGID="www-data" FSGID="www-data"
type=SYSCALL msg=audit(1765981298.606:2607): arch=c000003e syscall=42 success=yes exit=0 a0=c a1=7ffe1c3628a0 a2=2d a3=588909474b50 items=1 ppid=2094 pid=2096 auid=4294967295 uid=0 gid=33 euid=0 suid=0 fsuid=0 egid=33 sgid=33 fsgid=33 tty=(none) ses=4294967295 comm="apache2" exe="/usr/sbin/apache2" subj=unconfined key="T1043_Commonly_Used_Port"ARCH=x86_64 SYSCALL=connect AUID="unset" UID="root" GID="www-data" EUID="root" SUID="root" FSUID="root" EGID="www-data" SGID="www-data" FSGID="www-data"
type=SOCKADDR msg=audit(1765981298.610:2605): saddr=01002F72756E2F73797374656D642F7573657264622F696F2E73797374656D642E44796E616D69635573657200SADDR={ saddr_fam=local path=/run/systemd/userdb/io.systemd.DynamicUser }
type=PATH msg=audit(1765981298.610:2605): item=0 name="/run/systemd/userdb/io.systemd.DynamicUser" inode=449 dev=00:18 mode=0140666 ouid=0 ogid=0 rdev=00:00 nametype=NORMAL cap_fp=0 cap_fi=0 cap_fe=0 cap_fver=0 cap_frootid=0OUID="root" OGID="root"
type=PROCTITLE msg=audit(1765981298.610:2605): proctitle=2F7573722F7362696E2F61706163686532002D6B007374617274
type=SOCKADDR msg=audit(1765981298.606:2607): saddr=01002F72756E2F73797374656D642F7573657264622F696F2E73797374656D642E44796E616D69635573657200SADDR={ saddr_fam=local path=/run/systemd/userdb/io.systemd.DynamicUser }
type=PATH msg=audit(1765981298.606:2607): item=0 name="/run/systemd/userdb/io.systemd.DynamicUser" inode=449 dev=00:18 mode=0140666 ouid=0 ogid=0 rdev=00:00 nametype=NORMAL cap_fp=0 cap_fi=0 cap_fe=0 cap_fver=0 cap_frootid=0OUID="root" OGID="root"
type=PROCTITLE msg=audit(1765981298.606:2607): proctitle=2F7573722F7362696E2F61706163686532002D6B007374617274
type=SYSCALL msg=audit(1765981298.615:2608): arch=c000003e syscall=105 success=yes exit=0 a0=21 a1=588909434290 a2=588c818ce664 a3=5889094342a0 items=0 ppid=2094 pid=2097 auid=4294967295 uid=33 gid=33 euid=33 suid=33 fsuid=33 egid=33 sgid=33 fsgid=33 tty=(none) ses=4294967295 comm="apache2" exe="/usr/sbin/apache2" subj=unconfined key="T1166_Seuid_and_Setgid"ARCH=x86_64 SYSCALL=setuid AUID="unset" UID="www-data" GID="www-data" EUID="www-data" SUID="www-data" FSUID="www-data" EGID="www-data" SGID="www-data" FSGID="www-data"
type=PROCTITLE msg=audit(1765981298.615:2608): proctitle=2F7573722F7362696E2F61706163686532002D6B007374617274
type=SYSCALL msg=audit(1765981298.618:2609): arch=c000003e syscall=105 success=yes exit=0 a0=21 a1=588909434290 a2=588c818ce664 a3=5889094342a0 items=0 ppid=2094 pid=2096 auid=4294967295 uid=33 gid=33 euid=33 suid=33 fsuid=33 egid=33 sgid=33 fsgid=33 tty=(none) ses=4294967295 comm="apache2" exe="/usr/sbin/apache2" subj=unconfined key="T1166_Seuid_and_Setgid"ARCH=x86_64 SYSCALL=setuid AUID="unset" UID="www-data" GID="www-data" EUID="www-data" SUID="www-data" FSUID="www-data" EGID="www-data" SGID="www-data" FSGID="www-data"
type=PROCTITLE msg=audit(1765981298.618:2609): proctitle=2F7573722F7362696E2F61706163686532002D6B007374617274
type=SOCKADDR msg=audit(1765981298.610:2606): saddr=01002F72756E2F73797374656D642F7573657264622F696F2E73797374656D642E44796E616D69635573657200SADDR={ saddr_fam=local path=/run/systemd/userdb/io.systemd.DynamicUser }
type=PATH msg=audit(1765981298.610:2606): item=0 name="/run/systemd/userdb/io.systemd.DynamicUser" inode=449 dev=00:18 mode=0140666 ouid=0 ogid=0 rdev=00:00 nametype=NORMAL cap_fp=0 cap_fi=0 cap_fe=0 cap_fver=0 cap_frootid=0OUID="root" OGID="root"
type=PROCTITLE msg=audit(1765981298.610:2606): proctitle=2F7573722F7362696E2F61706163686532002D6B007374617274
type=SYSCALL msg=audit(1765981298.622:2610): arch=c000003e syscall=106 success=yes exit=0 a0=21 a1=73a1611114a0 a2=0 a3=22 items=0 ppid=2094 pid=2099 auid=4294967295 uid=0 gid=33 euid=0 suid=0 fsuid=0 egid=33 sgid=33 fsgid=33 tty=(none) ses=4294967295 comm="apache2" exe="/usr/sbin/apache2" subj=unconfined key="T1166_Seuid_and_Setgid"ARCH=x86_64 SYSCALL=setgid AUID="unset" UID="root" GID="www-data" EUID="root" SUID="root" FSUID="root" EGID="www-data" SGID="www-data" FSGID="www-data"
type=PROCTITLE msg=audit(1765981298.622:2610): proctitle=2F7573722F7362696E2F61706163686532002D6B007374617274
type=SYSCALL msg=audit(1765981298.622:2611): arch=c000003e syscall=105 success=yes exit=0 a0=21 a1=588909434290 a2=588c818ce664 a3=5889094342a0 items=0 ppid=2094 pid=2098 auid=4294967295 uid=33 gid=33 euid=33 suid=33 fsuid=33 egid=33 sgid=33 fsgid=33 tty=(none) ses=4294967295 comm="apache2" exe="/usr/sbin/apache2" subj=unconfined key="T1166_Seuid_and_Setgid"ARCH=x86_64 SYSCALL=setuid AUID="unset" UID="www-data" GID="www-data" EUID="www-data" SUID="www-data" FSUID="www-data" EGID="www-data" SGID="www-data" FSGID="www-data"
type=PROCTITLE msg=audit(1765981298.622:2611): proctitle=2F7573722F7362696E2F61706163686532002D6B007374617274
type=SYSCALL msg=audit(1765981298.627:2612): arch=c000003e syscall=106 success=yes exit=0 a0=21 a1=73a1611114a0 a2=0 a3=22 items=0 ppid=2094 pid=2100 auid=4294967295 uid=0 gid=33 euid=0 suid=0 fsuid=0 egid=33 sgid=33 fsgid=33 tty=(none) ses=4294967295 comm="apache2" exe="/usr/sbin/apache2" subj=unconfined key="T1166_Seuid_and_Setgid"ARCH=x86_64 SYSCALL=setgid AUID="unset" UID="root" GID="www-data" EUID="root" SUID="root" FSUID="root" EGID="www-data" SGID="www-data" FSGID="www-data"
type=SYSCALL msg=audit(1765981298.627:2613): arch=c000003e syscall=42 success=yes exit=0 a0=c a1=7ffe1c3628a0 a2=2d a3=588909474b50 items=1 ppid=2094 pid=2099 auid=4294967295 uid=0 gid=33 euid=0 suid=0 fsuid=0 egid=33 sgid=33 fsgid=33 tty=(none) ses=4294967295 comm="apache2" exe="/usr/sbin/apache2" subj=unconfined key="T1043_Commonly_Used_Port"ARCH=x86_64 SYSCALL=connect AUID="unset" UID="root" GID="www-data" EUID="root" SUID="root" FSUID="root" EGID="www-data" SGID="www-data" FSGID="www-data"
type=SOCKADDR msg=audit(1765981298.627:2613): saddr=01002F72756E2F73797374656D642F7573657264622F696F2E73797374656D642E44796E616D69635573657200SADDR={ saddr_fam=local path=/run/systemd/userdb/io.systemd.DynamicUser }
type=PATH msg=audit(1765981298.627:2613): item=0 name="/run/systemd/userdb/io.systemd.DynamicUser" inode=449 dev=00:18 mode=0140666 ouid=0 ogid=0 rdev=00:00 nametype=NORMAL cap_fp=0 cap_fi=0 cap_fe=0 cap_fver=0 cap_frootid=0OUID="root" OGID="root"
type=PROCTITLE msg=audit(1765981298.627:2613): proctitle=2F7573722F7362696E2F61706163686532002D6B007374617274
type=PROCTITLE msg=audit(1765981298.627:2612): proctitle=2F7573722F7362696E2F61706163686532002D6B007374617274
type=SYSCALL msg=audit(1765981298.634:2614): arch=c000003e syscall=105 success=yes exit=0 a0=21 a1=588909434290 a2=588c818ce664 a3=5889094342a0 items=0 ppid=2094 pid=2099 auid=4294967295 uid=33 gid=33 euid=33 suid=33 fsuid=33 egid=33 sgid=33 fsgid=33 tty=(none) ses=4294967295 comm="apache2" exe="/usr/sbin/apache2" subj=unconfined key="T1166_Seuid_and_Setgid"ARCH=x86_64 SYSCALL=setuid AUID="unset" UID="www-data" GID="www-data" EUID="www-data" SUID="www-data" FSUID="www-data" EGID="www-data" SGID="www-data" FSGID="www-data"
type=PROCTITLE msg=audit(1765981298.634:2614): proctitle=2F7573722F7362696E2F61706163686532002D6B007374617274
type=SYSCALL msg=audit(1765981298.635:2615): arch=c000003e syscall=42 success=yes exit=0 a0=c a1=7ffe1c3628a0 a2=2d a3=588909474b50 items=1 ppid=2094 pid=2100 auid=4294967295 uid=0 gid=33 euid=0 suid=0 fsuid=0 egid=33 sgid=33 fsgid=33 tty=(none) ses=4294967295 comm="apache2" exe="/usr/sbin/apache2" subj=unconfined key="T1043_Commonly_Used_Port"ARCH=x86_64 SYSCALL=connect AUID="unset" UID="root" GID="www-data" EUID="root" SUID="root" FSUID="root" EGID="www-data" SGID="www-data" FSGID="www-data"
type=SOCKADDR msg=audit(1765981298.635:2615): saddr=01002F72756E2F73797374656D642F7573657264622F696F2E73797374656D642E44796E616D69635573657200SADDR={ saddr_fam=local path=/run/systemd/userdb/io.systemd.DynamicUser }
type=PATH msg=audit(1765981298.635:2615): item=0 name="/run/systemd/userdb/io.systemd.DynamicUser" inode=449 dev=00:18 mode=0140666 ouid=0 ogid=0 rdev=00:00 nametype=NORMAL cap_fp=0 cap_fi=0 cap_fe=0 cap_fver=0 cap_frootid=0OUID="root" OGID="root"
type=PROCTITLE msg=audit(1765981298.635:2615): proctitle=2F7573722F7362696E2F61706163686532002D6B007374617274
type=SYSCALL msg=audit(1765981298.637:2616): arch=c000003e syscall=105 success=yes exit=0 a0=21 a1=588909434290 a2=588c818ce664 a3=5889094342a0 items=0 ppid=2094 pid=2100 auid=4294967295 uid=33 gid=33 euid=33 suid=33 fsuid=33 egid=33 sgid=33 fsgid=33 tty=(none) ses=4294967295 comm="apache2" exe="/usr/sbin/apache2" subj=unconfined key="T1166_Seuid_and_Setgid"ARCH=x86_64 SYSCALL=setuid AUID="unset" UID="www-data" GID="www-data" EUID="www-data" SUID="www-data" FSUID="www-data" EGID="www-data" SGID="www-data" FSGID="www-data"
type=PROCTITLE msg=audit(1765981298.637:2616): proctitle=2F7573722F7362696E2F61706163686532002D6B007374617274
type=SYSCALL msg=audit(1765981311.152:2617): arch=c000003e syscall=59 success=yes exit=0 a0=5e5bb4de9e50 a1=5e5bb4d92000 a2=5e5bb4e49c20 a3=5e5bb4d92000 items=2 ppid=1302 pid=2102 auid=1000 uid=0 gid=0 euid=0 suid=0 fsuid=0 egid=0 sgid=0 fsgid=0 tty=pts1 ses=1 comm="sudo" exe="/usr/bin/sudo" subj=unconfined key="T1078_Valid_Accounts"ARCH=x86_64 SYSCALL=execve AUID="vboxuser" UID="root" GID="root" EUID="root" SUID="root" FSUID="root" EGID="root" SGID="root" FSGID="root"
type=EXECVE msg=audit(1765981311.152:2617): argc=2 a0="sudo" a1="systemtl"
type=PATH msg=audit(1765981311.152:2617): item=0 name="/usr/bin/sudo" inode=1450157 dev=08:02 mode=0104755 ouid=0 ogid=0 rdev=00:00 nametype=NORMAL cap_fp=0 cap_fi=0 cap_fe=0 cap_fver=0 cap_frootid=0OUID="root" OGID="root"
type=PATH msg=audit(1765981311.152:2617): item=1 name="/lib64/ld-linux-x86-64.so.2" inode=1481429 dev=08:02 mode=0100755 ouid=0 ogid=0 rdev=00:00 nametype=NORMAL cap_fp=0 cap_fi=0 cap_fe=0 cap_fver=0 cap_frootid=0OUID="root" OGID="root"
type=PROCTITLE msg=audit(1765981311.152:2617): proctitle=7375646F0073797374656D746C
type=SYSCALL msg=audit(1765981311.170:2618): arch=c000003e syscall=257 success=yes exit=5 a0=ffffff9c a1=7ffe23ff7950 a2=800 a3=0 items=1 ppid=1302 pid=2102 auid=1000 uid=0 gid=0 euid=1 suid=0 fsuid=1 egid=0 sgid=0 fsgid=0 tty=pts1 ses=1 comm="sudo" exe="/usr/bin/sudo" subj=unconfined key="T1169_Sudo"ARCH=x86_64 SYSCALL=openat AUID="vboxuser" UID="root" GID="root" EUID="daemon" SUID="root" FSUID="daemon" EGID="root" SGID="root" FSGID="root"
type=PATH msg=audit(1765981311.170:2618): item=0 name="/etc/sudoers" inode=1049318 dev=08:02 mode=0100440 ouid=0 ogid=0 rdev=00:00 nametype=NORMAL cap_fp=0 cap_fi=0 cap_fe=0 cap_fver=0 cap_frootid=0OUID="root" OGID="root"
type=PROCTITLE msg=audit(1765981311.170:2618): proctitle=7375646F0073797374656D746C
type=SYSCALL msg=audit(1765981311.173:2619): arch=c000003e syscall=42 success=yes exit=0 a0=6 a1=73604540b694 a2=10 a3=7ffe23ff5ef4 items=0 ppid=1302 pid=2102 auid=1000 uid=0 gid=0 euid=0 suid=0 fsuid=0 egid=0 sgid=0 fsgid=0 tty=pts1 ses=1 comm="sudo" exe="/usr/bin/sudo" subj=unconfined key="T1043_Commonly_Used_Port"ARCH=x86_64 SYSCALL=connect AUID="vboxuser" UID="root" GID="root" EUID="root" SUID="root" FSUID="root" EGID="root" SGID="root" FSGID="root"
type=SOCKADDR msg=audit(1765981311.173:2619): saddr=020000357F0000350000000000000000SADDR={ saddr_fam=inet laddr=127.0.0.53 lport=53 }
type=PROCTITLE msg=audit(1765981311.173:2619): proctitle=7375646F0073797374656D746C
type=SYSCALL msg=audit(1765981311.196:2620): arch=c000003e syscall=42 success=yes exit=0 a0=6 a1=73604540b694 a2=10 a3=7ffe23ff5ef4 items=0 ppid=1302 pid=2102 auid=1000 uid=0 gid=0 euid=0 suid=0 fsuid=0 egid=0 sgid=0 fsgid=0 tty=pts1 ses=1 comm="sudo" exe="/usr/bin/sudo" subj=unconfined key="T1043_Commonly_Used_Port"ARCH=x86_64 SYSCALL=connect AUID="vboxuser" UID="root" GID="root" EUID="root" SUID="root" FSUID="root" EGID="root" SGID="root" FSGID="root"
type=SOCKADDR msg=audit(1765981311.196:2620): saddr=020000357F0000350000000000000000SADDR={ saddr_fam=inet laddr=127.0.0.53 lport=53 }
type=PROCTITLE msg=audit(1765981311.196:2620): proctitle=7375646F0073797374656D746C
type=SYSCALL msg=audit(1765981311.197:2621): arch=c000003e syscall=42 success=yes exit=0 a0=6 a1=5b677a033730 a2=10 a3=0 items=0 ppid=1302 pid=2102 auid=1000 uid=0 gid=0 euid=0 suid=0 fsuid=0 egid=0 sgid=0 fsgid=0 tty=pts1 ses=1 comm="sudo" exe="/usr/bin/sudo" subj=unconfined key="T1043_Commonly_Used_Port"ARCH=x86_64 SYSCALL=connect AUID="vboxuser" UID="root" GID="root" EUID="root" SUID="root" FSUID="root" EGID="root" SGID="root" FSGID="root"
type=SOCKADDR msg=audit(1765981311.197:2621): saddr=020000000A00020F0000000000000000SADDR={ saddr_fam=inet laddr=10.0.2.15 lport=0 }
type=PROCTITLE msg=audit(1765981311.197:2621): proctitle=7375646F0073797374656D746C
type=SYSCALL msg=audit(1765981311.198:2622): arch=c000003e syscall=42 success=yes exit=0 a0=6 a1=7ffe23ff7de0 a2=10 a3=0 items=0 ppid=1302 pid=2102 auid=1000 uid=0 gid=0 euid=0 suid=0 fsuid=0 egid=0 sgid=0 fsgid=0 tty=pts1 ses=1 comm="sudo" exe="/usr/bin/sudo" subj=unconfined key="T1043_Commonly_Used_Port"ARCH=x86_64 SYSCALL=connect AUID="vboxuser" UID="root" GID="root" EUID="root" SUID="root" FSUID="root" EGID="root" SGID="root" FSGID="root"
type=SOCKADDR msg=audit(1765981311.198:2622): saddr=00000000000000000000000000000000SADDR=unknown-family(0)
type=PROCTITLE msg=audit(1765981311.198:2622): proctitle=7375646F0073797374656D746C
type=SYSCALL msg=audit(1765981311.198:2623): arch=c000003e syscall=42 success=yes exit=0 a0=6 a1=5b677a032900 a2=10 a3=0 items=0 ppid=1302 pid=2102 auid=1000 uid=0 gid=0 euid=0 suid=0 fsuid=0 egid=0 sgid=0 fsgid=0 tty=pts1 ses=1 comm="sudo" exe="/usr/bin/sudo" subj=unconfined key="T1043_Commonly_Used_Port"ARCH=x86_64 SYSCALL=connect AUID="vboxuser" UID="root" GID="root" EUID="root" SUID="root" FSUID="root" EGID="root" SGID="root" FSGID="root"
type=SOCKADDR msg=audit(1765981311.198:2623): saddr=02000000C0A8386B0000000000000000SADDR={ saddr_fam=inet laddr=192.168.56.107 lport=0 }
type=PROCTITLE msg=audit(1765981311.198:2623): proctitle=7375646F0073797374656D746C
type=SYSCALL msg=audit(1765981311.198:2624): arch=c000003e syscall=42 success=yes exit=0 a0=6 a1=5b677a0329f0 a2=1c a3=0 items=0 ppid=1302 pid=2102 auid=1000 uid=0 gid=0 euid=0 suid=0 fsuid=0 egid=0 sgid=0 fsgid=0 tty=pts1 ses=1 comm="sudo" exe="/usr/bin/sudo" subj=unconfined key="T1043_Commonly_Used_Port"ARCH=x86_64 SYSCALL=connect AUID="vboxuser" UID="root" GID="root" EUID="root" SUID="root" FSUID="root" EGID="root" SGID="root" FSGID="root"
type=SOCKADDR msg=audit(1765981311.198:2624): saddr=0A00000000000000FD17625CF03700020A0027FFFE3F373900000000SADDR={ saddr_fam=inet6 laddr=fd17:625c:f037:2:a00:27ff:fe3f:3739 lport=0 }
type=PROCTITLE msg=audit(1765981311.198:2624): proctitle=7375646F0073797374656D746C
type=SYSCALL msg=audit(1765981311.198:2625): arch=c000003e syscall=42 success=yes exit=0 a0=6 a1=7ffe23ff7de0 a2=10 a3=0 items=0 ppid=1302 pid=2102 auid=1000 uid=0 gid=0 euid=0 suid=0 fsuid=0 egid=0 sgid=0 fsgid=0 tty=pts1 ses=1 comm="sudo" exe="/usr/bin/sudo" subj=unconfined key="T1043_Commonly_Used_Port"ARCH=x86_64 SYSCALL=connect AUID="vboxuser" UID="root" GID="root" EUID="root" SUID="root" FSUID="root" EGID="root" SGID="root" FSGID="root"
type=SOCKADDR msg=audit(1765981311.198:2625): saddr=00000000000000000000000000000000SADDR=unknown-family(0)
type=PROCTITLE msg=audit(1765981311.198:2625): proctitle=7375646F0073797374656D746C
type=SYSCALL msg=audit(1765981311.198:2626): arch=c000003e syscall=42 success=no exit=-22 a0=6 a1=5b677a032b10 a2=1c a3=0 items=0 ppid=1302 pid=2102 auid=1000 uid=0 gid=0 euid=0 suid=0 fsuid=0 egid=0 sgid=0 fsgid=0 tty=pts1 ses=1 comm="sudo" exe="/usr/bin/sudo" subj=unconfined key="T1043_Commonly_Used_Port"ARCH=x86_64 SYSCALL=connect AUID="vboxuser" UID="root" GID="root" EUID="root" SUID="root" FSUID="root" EGID="root" SGID="root" FSGID="root"
type=SOCKADDR msg=audit(1765981311.198:2626): saddr=0A00000000000000FE800000000000000A0027FFFE3F373900000000SADDR={ saddr_fam=inet6 laddr=fe80::a00:27ff:fe3f:3739 lport=0 }
type=PROCTITLE msg=audit(1765981311.198:2626): proctitle=7375646F0073797374656D746C
type=SYSCALL msg=audit(1765981311.198:2627): arch=c000003e syscall=42 success=yes exit=0 a0=6 a1=7ffe23ff7de0 a2=10 a3=0 items=0 ppid=1302 pid=2102 auid=1000 uid=0 gid=0 euid=0 suid=0 fsuid=0 egid=0 sgid=0 fsgid=0 tty=pts1 ses=1 comm="sudo" exe="/usr/bin/sudo" subj=unconfined key="T1043_Commonly_Used_Port"ARCH=x86_64 SYSCALL=connect AUID="vboxuser" UID="root" GID="root" EUID="root" SUID="root" FSUID="root" EGID="root" SGID="root" FSGID="root"
type=SOCKADDR msg=audit(1765981311.198:2627): saddr=00000000000000000000000000000000SADDR=unknown-family(0)
type=PROCTITLE msg=audit(1765981311.198:2627): proctitle=7375646F0073797374656D746C
type=SYSCALL msg=audit(1765981311.198:2628): arch=c000003e syscall=42 success=no exit=-22 a0=6 a1=5b677a032c30 a2=1c a3=0 items=0 ppid=1302 pid=2102 auid=1000 uid=0 gid=0 euid=0 suid=0 fsuid=0 egid=0 sgid=0 fsgid=0 tty=pts1 ses=1 comm="sudo" exe="/usr/bin/sudo" subj=unconfined key="T1043_Commonly_Used_Port"ARCH=x86_64 SYSCALL=connect AUID="vboxuser" UID="root" GID="root" EUID="root" SUID="root" FSUID="root" EGID="root" SGID="root" FSGID="root"
type=SOCKADDR msg=audit(1765981311.198:2628): saddr=0A00000000000000FE800000000000000A0027FFFE270D1D00000000SADDR={ saddr_fam=inet6 laddr=fe80::a00:27ff:fe27:d1d lport=0 }
type=PROCTITLE msg=audit(1765981311.198:2628): proctitle=7375646F0073797374656D746C
type=SYSCALL msg=audit(1765981311.205:2629): arch=c000003e syscall=257 success=yes exit=6 a0=ffffff9c a1=7360453cf347 a2=80000 a3=0 items=1 ppid=1302 pid=2102 auid=1000 uid=0 gid=0 euid=0 suid=0 fsuid=0 egid=0 sgid=0 fsgid=0 tty=pts1 ses=1 comm="sudo" exe="/usr/bin/sudo" subj=unconfined key="T1087_Account_Discovery"ARCH=x86_64 SYSCALL=openat AUID="vboxuser" UID="root" GID="root" EUID="root" SUID="root" FSUID="root" EGID="root" SGID="root" FSGID="root"
type=PATH msg=audit(1765981311.205:2629): item=0 name="/etc/shadow" inode=1050300 dev=08:02 mode=0100640 ouid=0 ogid=42 rdev=00:00 nametype=NORMAL cap_fp=0 cap_fi=0 cap_fe=0 cap_fver=0 cap_frootid=0OUID="root" OGID="shadow"
type=PROCTITLE msg=audit(1765981311.205:2629): proctitle=7375646F0073797374656D746C
type=USER_ACCT msg=audit(1765981311.207:2630): pid=2102 uid=0 auid=1000 ses=1 subj=unconfined msg='op=PAM:accounting grantors=pam_permit acct="root" exe="/usr/bin/sudo" hostname=? addr=? terminal=/dev/pts/1 res=success'UID="root" AUID="vboxuser"
type=SYSCALL msg=audit(1765981311.207:2631): arch=c000003e syscall=42 success=yes exit=0 a0=7 a1=7ffe23ff82e0 a2=2d a3=5b677a03e020 items=1 ppid=1302 pid=2102 auid=1000 uid=0 gid=0 euid=0 suid=0 fsuid=0 egid=0 sgid=0 fsgid=0 tty=pts1 ses=1 comm="sudo" exe="/usr/bin/sudo" subj=unconfined key="T1043_Commonly_Used_Port"ARCH=x86_64 SYSCALL=connect AUID="vboxuser" UID="root" GID="root" EUID="root" SUID="root" FSUID="root" EGID="root" SGID="root" FSGID="root"
type=SOCKADDR msg=audit(1765981311.207:2631): saddr=01002F72756E2F73797374656D642F7573657264622F696F2E73797374656D642E44796E616D69635573657200SADDR={ saddr_fam=local path=/run/systemd/userdb/io.systemd.DynamicUser }
type=PATH msg=audit(1765981311.207:2631): item=0 name="/run/systemd/userdb/io.systemd.DynamicUser" inode=449 dev=00:18 mode=0140666 ouid=0 ogid=0 rdev=00:00 nametype=NORMAL cap_fp=0 cap_fi=0 cap_fe=0 cap_fver=0 cap_frootid=0OUID="root" OGID="root"
type=PROCTITLE msg=audit(1765981311.207:2631): proctitle=7375646F0073797374656D746C
type=USER_CMD msg=audit(1765981311.209:2632): pid=2102 uid=0 auid=1000 ses=1 subj=unconfined msg='cwd="/root" cmd="systemtl" exe="/usr/bin/sudo" terminal=pts/1 res=failed'UID="root" AUID="vboxuser"
type=SYSCALL msg=audit(1765981313.671:2633): arch=c000003e syscall=59 success=yes exit=0 a0=5e5bb4de98a0 a1=5e5bb4ca9ef0 a2=5e5bb4e49c20 a3=5e5bb4ca9ef0 items=2 ppid=1302 pid=2103 auid=1000 uid=0 gid=0 euid=0 suid=0 fsuid=0 egid=0 sgid=0 fsgid=0 tty=pts1 ses=1 comm="sudo" exe="/usr/bin/sudo" subj=unconfined key="T1078_Valid_Accounts"ARCH=x86_64 SYSCALL=execve AUID="vboxuser" UID="root" GID="root" EUID="root" SUID="root" FSUID="root" EGID="root" SGID="root" FSGID="root"
type=EXECVE msg=audit(1765981313.671:2633): argc=2 a0="sudo" a1="systemctl"
type=PATH msg=audit(1765981313.671:2633): item=0 name="/usr/bin/sudo" inode=1450157 dev=08:02 mode=0104755 ouid=0 ogid=0 rdev=00:00 nametype=NORMAL cap_fp=0 cap_fi=0 cap_fe=0 cap_fver=0 cap_frootid=0OUID="root" OGID="root"
type=PATH msg=audit(1765981313.671:2633): item=1 name="/lib64/ld-linux-x86-64.so.2" inode=1481429 dev=08:02 mode=0100755 ouid=0 ogid=0 rdev=00:00 nametype=NORMAL cap_fp=0 cap_fi=0 cap_fe=0 cap_fver=0 cap_frootid=0OUID="root" OGID="root"
type=PROCTITLE msg=audit(1765981313.671:2633): proctitle=7375646F0073797374656D63746C
type=SYSCALL msg=audit(1765981313.681:2634): arch=c000003e syscall=257 success=yes exit=5 a0=ffffff9c a1=7ffd87e45be0 a2=800 a3=0 items=1 ppid=1302 pid=2103 auid=1000 uid=0 gid=0 euid=1 suid=0 fsuid=1 egid=0 sgid=0 fsgid=0 tty=pts1 ses=1 comm="sudo" exe="/usr/bin/sudo" subj=unconfined key="T1169_Sudo"ARCH=x86_64 SYSCALL=openat AUID="vboxuser" UID="root" GID="root" EUID="daemon" SUID="root" FSUID="daemon" EGID="root" SGID="root" FSGID="root"
type=PATH msg=audit(1765981313.681:2634): item=0 name="/etc/sudoers" inode=1049318 dev=08:02 mode=0100440 ouid=0 ogid=0 rdev=00:00 nametype=NORMAL cap_fp=0 cap_fi=0 cap_fe=0 cap_fver=0 cap_frootid=0OUID="root" OGID="root"
type=PROCTITLE msg=audit(1765981313.681:2634): proctitle=7375646F0073797374656D63746C
type=SYSCALL msg=audit(1765981313.682:2635): arch=c000003e syscall=42 success=yes exit=0 a0=6 a1=7d62e1e0b694 a2=10 a3=7ffd87e44184 items=0 ppid=1302 pid=2103 auid=1000 uid=0 gid=0 euid=0 suid=0 fsuid=0 egid=0 sgid=0 fsgid=0 tty=pts1 ses=1 comm="sudo" exe="/usr/bin/sudo" subj=unconfined key="T1043_Commonly_Used_Port"ARCH=x86_64 SYSCALL=connect AUID="vboxuser" UID="root" GID="root" EUID="root" SUID="root" FSUID="root" EGID="root" SGID="root" FSGID="root"
type=SOCKADDR msg=audit(1765981313.682:2635): saddr=020000357F0000350000000000000000SADDR={ saddr_fam=inet laddr=127.0.0.53 lport=53 }
type=PROCTITLE msg=audit(1765981313.682:2635): proctitle=7375646F0073797374656D63746C
type=SYSCALL msg=audit(1765981313.704:2636): arch=c000003e syscall=42 success=yes exit=0 a0=6 a1=7d62e1e0b694 a2=10 a3=7ffd87e44184 items=0 ppid=1302 pid=2103 auid=1000 uid=0 gid=0 euid=0 suid=0 fsuid=0 egid=0 sgid=0 fsgid=0 tty=pts1 ses=1 comm="sudo" exe="/usr/bin/sudo" subj=unconfined key="T1043_Commonly_Used_Port"ARCH=x86_64 SYSCALL=connect AUID="vboxuser" UID="root" GID="root" EUID="root" SUID="root" FSUID="root" EGID="root" SGID="root" FSGID="root"
type=SOCKADDR msg=audit(1765981313.704:2636): saddr=020000357F0000350000000000000000SADDR={ saddr_fam=inet laddr=127.0.0.53 lport=53 }
type=PROCTITLE msg=audit(1765981313.704:2636): proctitle=7375646F0073797374656D63746C
type=SYSCALL msg=audit(1765981313.706:2637): arch=c000003e syscall=42 success=yes exit=0 a0=6 a1=5cd7b61f8730 a2=10 a3=0 items=0 ppid=1302 pid=2103 auid=1000 uid=0 gid=0 euid=0 suid=0 fsuid=0 egid=0 sgid=0 fsgid=0 tty=pts1 ses=1 comm="sudo" exe="/usr/bin/sudo" subj=unconfined key="T1043_Commonly_Used_Port"ARCH=x86_64 SYSCALL=connect AUID="vboxuser" UID="root" GID="root" EUID="root" SUID="root" FSUID="root" EGID="root" SGID="root" FSGID="root"
type=SOCKADDR msg=audit(1765981313.706:2637): saddr=020000000A00020F0000000000000000SADDR={ saddr_fam=inet laddr=10.0.2.15 lport=0 }
type=PROCTITLE msg=audit(1765981313.706:2637): proctitle=7375646F0073797374656D63746C
type=SYSCALL msg=audit(1765981313.707:2638): arch=c000003e syscall=42 success=yes exit=0 a0=6 a1=7ffd87e46070 a2=10 a3=0 items=0 ppid=1302 pid=2103 auid=1000 uid=0 gid=0 euid=0 suid=0 fsuid=0 egid=0 sgid=0 fsgid=0 tty=pts1 ses=1 comm="sudo" exe="/usr/bin/sudo" subj=unconfined key="T1043_Commonly_Used_Port"ARCH=x86_64 SYSCALL=connect AUID="vboxuser" UID="root" GID="root" EUID="root" SUID="root" FSUID="root" EGID="root" SGID="root" FSGID="root"
type=SOCKADDR msg=audit(1765981313.707:2638): saddr=00000000000000000000000000000000SADDR=unknown-family(0)
type=PROCTITLE msg=audit(1765981313.707:2638): proctitle=7375646F0073797374656D63746C
type=SYSCALL msg=audit(1765981313.707:2639): arch=c000003e syscall=42 success=yes exit=0 a0=6 a1=5cd7b61f7900 a2=10 a3=0 items=0 ppid=1302 pid=2103 auid=1000 uid=0 gid=0 euid=0 suid=0 fsuid=0 egid=0 sgid=0 fsgid=0 tty=pts1 ses=1 comm="sudo" exe="/usr/bin/sudo" subj=unconfined key="T1043_Commonly_Used_Port"ARCH=x86_64 SYSCALL=connect AUID="vboxuser" UID="root" GID="root" EUID="root" SUID="root" FSUID="root" EGID="root" SGID="root" FSGID="root"
type=SOCKADDR msg=audit(1765981313.707:2639): saddr=02000000C0A8386B0000000000000000SADDR={ saddr_fam=inet laddr=192.168.56.107 lport=0 }
type=PROCTITLE msg=audit(1765981313.707:2639): proctitle=7375646F0073797374656D63746C
type=SYSCALL msg=audit(1765981313.707:2640): arch=c000003e syscall=42 success=yes exit=0 a0=6 a1=5cd7b61f79f0 a2=1c a3=0 items=0 ppid=1302 pid=2103 auid=1000 uid=0 gid=0 euid=0 suid=0 fsuid=0 egid=0 sgid=0 fsgid=0 tty=pts1 ses=1 comm="sudo" exe="/usr/bin/sudo" subj=unconfined key="T1043_Commonly_Used_Port"ARCH=x86_64 SYSCALL=connect AUID="vboxuser" UID="root" GID="root" EUID="root" SUID="root" FSUID="root" EGID="root" SGID="root" FSGID="root"
type=SOCKADDR msg=audit(1765981313.707:2640): saddr=0A00000000000000FD17625CF03700020A0027FFFE3F373900000000SADDR={ saddr_fam=inet6 laddr=fd17:625c:f037:2:a00:27ff:fe3f:3739 lport=0 }
type=PROCTITLE msg=audit(1765981313.707:2640): proctitle=7375646F0073797374656D63746C
type=SYSCALL msg=audit(1765981313.707:2641): arch=c000003e syscall=42 success=yes exit=0 a0=6 a1=7ffd87e46070 a2=10 a3=0 items=0 ppid=1302 pid=2103 auid=1000 uid=0 gid=0 euid=0 suid=0 fsuid=0 egid=0 sgid=0 fsgid=0 tty=pts1 ses=1 comm="sudo" exe="/usr/bin/sudo" subj=unconfined key="T1043_Commonly_Used_Port"ARCH=x86_64 SYSCALL=connect AUID="vboxuser" UID="root" GID="root" EUID="root" SUID="root" FSUID="root" EGID="root" SGID="root" FSGID="root"
type=SOCKADDR msg=audit(1765981313.707:2641): saddr=00000000000000000000000000000000SADDR=unknown-family(0)
type=PROCTITLE msg=audit(1765981313.707:2641): proctitle=7375646F0073797374656D63746C
type=SYSCALL msg=audit(1765981313.707:2642): arch=c000003e syscall=42 success=no exit=-22 a0=6 a1=5cd7b61f7b10 a2=1c a3=0 items=0 ppid=1302 pid=2103 auid=1000 uid=0 gid=0 euid=0 suid=0 fsuid=0 egid=0 sgid=0 fsgid=0 tty=pts1 ses=1 comm="sudo" exe="/usr/bin/sudo" subj=unconfined key="T1043_Commonly_Used_Port"ARCH=x86_64 SYSCALL=connect AUID="vboxuser" UID="root" GID="root" EUID="root" SUID="root" FSUID="root" EGID="root" SGID="root" FSGID="root"
type=SOCKADDR msg=audit(1765981313.707:2642): saddr=0A00000000000000FE800000000000000A0027FFFE3F373900000000SADDR={ saddr_fam=inet6 laddr=fe80::a00:27ff:fe3f:3739 lport=0 }
type=PROCTITLE msg=audit(1765981313.707:2642): proctitle=7375646F0073797374656D63746C
type=SYSCALL msg=audit(1765981313.707:2643): arch=c000003e syscall=42 success=yes exit=0 a0=6 a1=7ffd87e46070 a2=10 a3=0 items=0 ppid=1302 pid=2103 auid=1000 uid=0 gid=0 euid=0 suid=0 fsuid=0 egid=0 sgid=0 fsgid=0 tty=pts1 ses=1 comm="sudo" exe="/usr/bin/sudo" subj=unconfined key="T1043_Commonly_Used_Port"ARCH=x86_64 SYSCALL=connect AUID="vboxuser" UID="root" GID="root" EUID="root" SUID="root" FSUID="root" EGID="root" SGID="root" FSGID="root"
type=SOCKADDR msg=audit(1765981313.707:2643): saddr=00000000000000000000000000000000SADDR=unknown-family(0)
type=PROCTITLE msg=audit(1765981313.707:2643): proctitle=7375646F0073797374656D63746C
type=SYSCALL msg=audit(1765981313.707:2644): arch=c000003e syscall=42 success=no exit=-22 a0=6 a1=5cd7b61f7c30 a2=1c a3=0 items=0 ppid=1302 pid=2103 auid=1000 uid=0 gid=0 euid=0 suid=0 fsuid=0 egid=0 sgid=0 fsgid=0 tty=pts1 ses=1 comm="sudo" exe="/usr/bin/sudo" subj=unconfined key="T1043_Commonly_Used_Port"ARCH=x86_64 SYSCALL=connect AUID="vboxuser" UID="root" GID="root" EUID="root" SUID="root" FSUID="root" EGID="root" SGID="root" FSGID="root"
type=SOCKADDR msg=audit(1765981313.707:2644): saddr=0A00000000000000FE800000000000000A0027FFFE270D1D00000000SADDR={ saddr_fam=inet6 laddr=fe80::a00:27ff:fe27:d1d lport=0 }
type=PROCTITLE msg=audit(1765981313.707:2644): proctitle=7375646F0073797374656D63746C
type=SYSCALL msg=audit(1765981313.710:2645): arch=c000003e syscall=257 success=yes exit=6 a0=ffffff9c a1=7d62e1dcf347 a2=80000 a3=0 items=1 ppid=1302 pid=2103 auid=1000 uid=0 gid=0 euid=0 suid=0 fsuid=0 egid=0 sgid=0 fsgid=0 tty=pts1 ses=1 comm="sudo" exe="/usr/bin/sudo" subj=unconfined key="T1087_Account_Discovery"ARCH=x86_64 SYSCALL=openat AUID="vboxuser" UID="root" GID="root" EUID="root" SUID="root" FSUID="root" EGID="root" SGID="root" FSGID="root"
type=PATH msg=audit(1765981313.710:2645): item=0 name="/etc/shadow" inode=1050300 dev=08:02 mode=0100640 ouid=0 ogid=42 rdev=00:00 nametype=NORMAL cap_fp=0 cap_fi=0 cap_fe=0 cap_fver=0 cap_frootid=0OUID="root" OGID="shadow"
type=PROCTITLE msg=audit(1765981313.710:2645): proctitle=7375646F0073797374656D63746C
type=USER_ACCT msg=audit(1765981313.712:2646): pid=2103 uid=0 auid=1000 ses=1 subj=unconfined msg='op=PAM:accounting grantors=pam_permit acct="root" exe="/usr/bin/sudo" hostname=? addr=? terminal=/dev/pts/1 res=success'UID="root" AUID="vboxuser"
type=SYSCALL msg=audit(1765981313.712:2647): arch=c000003e syscall=42 success=yes exit=0 a0=7 a1=7ffd87e46570 a2=2d a3=5cd7b6203080 items=1 ppid=1302 pid=2103 auid=1000 uid=0 gid=0 euid=0 suid=0 fsuid=0 egid=0 sgid=0 fsgid=0 tty=pts1 ses=1 comm="sudo" exe="/usr/bin/sudo" subj=unconfined key="T1043_Commonly_Used_Port"ARCH=x86_64 SYSCALL=connect AUID="vboxuser" UID="root" GID="root" EUID="root" SUID="root" FSUID="root" EGID="root" SGID="root" FSGID="root"
type=SOCKADDR msg=audit(1765981313.712:2647): saddr=01002F72756E2F73797374656D642F7573657264622F696F2E73797374656D642E44796E616D69635573657200SADDR={ saddr_fam=local path=/run/systemd/userdb/io.systemd.DynamicUser }
type=PATH msg=audit(1765981313.712:2647): item=0 name="/run/systemd/userdb/io.systemd.DynamicUser" inode=449 dev=00:18 mode=0140666 ouid=0 ogid=0 rdev=00:00 nametype=NORMAL cap_fp=0 cap_fi=0 cap_fe=0 cap_fver=0 cap_frootid=0OUID="root" OGID="root"
type=PROCTITLE msg=audit(1765981313.712:2647): proctitle=7375646F0073797374656D63746C
type=USER_CMD msg=audit(1765981313.714:2648): pid=2103 uid=0 auid=1000 ses=1 subj=unconfined msg='cwd="/root" cmd="systemctl" exe="/usr/bin/sudo" terminal=pts/1 res=success'UID="root" AUID="vboxuser"
type=SYSCALL msg=audit(1765981313.714:2649): arch=c000003e syscall=92 success=yes exit=0 a0=7ffd87e45920 a1=0 a2=5 a3=0 items=1 ppid=1302 pid=2103 auid=1000 uid=0 gid=0 euid=0 suid=0 fsuid=0 egid=0 sgid=0 fsgid=0 tty=pts1 ses=1 comm="sudo" exe="/usr/bin/sudo" subj=unconfined key="T1166_Seuid_and_Setgid"ARCH=x86_64 SYSCALL=chown AUID="vboxuser" UID="root" GID="root" EUID="root" SUID="root" FSUID="root" EGID="root" SGID="root" FSGID="root"
type=PATH msg=audit(1765981313.714:2649): item=0 name="/dev/pts/4" inode=7 dev=00:17 mode=020620 ouid=0 ogid=5 rdev=88:04 nametype=NORMAL cap_fp=0 cap_fi=0 cap_fe=0 cap_fver=0 cap_frootid=0OUID="root" OGID="tty"
type=PROCTITLE msg=audit(1765981313.714:2649): proctitle=7375646F0073797374656D63746C
type=SYSCALL msg=audit(1765981313.714:2650): arch=c000003e syscall=257 success=yes exit=12 a0=ffffff9c a1=7d62e1dd46b0 a2=80002 a3=0 items=1 ppid=1302 pid=2103 auid=1000 uid=0 gid=0 euid=0 suid=0 fsuid=0 egid=0 sgid=0 fsgid=0 tty=pts1 ses=1 comm="sudo" exe="/usr/bin/sudo" subj=unconfined key="T1108_Redundant_Access"ARCH=x86_64 SYSCALL=openat AUID="vboxuser" UID="root" GID="root" EUID="root" SUID="root" FSUID="root" EGID="root" SGID="root" FSGID="root"
type=PATH msg=audit(1765981313.714:2650): item=0 name="/var/run/utmp" inode=623 dev=00:18 mode=0100664 ouid=0 ogid=43 rdev=00:00 nametype=NORMAL cap_fp=0 cap_fi=0 cap_fe=0 cap_fver=0 cap_frootid=0OUID="root" OGID="utmp"
type=PROCTITLE msg=audit(1765981313.714:2650): proctitle=7375646F0073797374656D63746C
type=SYSCALL msg=audit(1765981313.714:2651): arch=c000003e syscall=106 success=yes exit=0 a0=0 a1=0 a2=1026105 a3=7d62e1e49f60 items=0 ppid=1302 pid=2103 auid=1000 uid=0 gid=0 euid=0 suid=0 fsuid=0 egid=0 sgid=0 fsgid=0 tty=pts1 ses=1 comm="sudo" exe="/usr/bin/sudo" subj=unconfined key="T1166_Seuid_and_Setgid"ARCH=x86_64 SYSCALL=setgid AUID="vboxuser" UID="root" GID="root" EUID="root" SUID="root" FSUID="root" EGID="root" SGID="root" FSGID="root"
type=PROCTITLE msg=audit(1765981313.714:2651): proctitle=7375646F0073797374656D63746C
type=CRED_REFR msg=audit(1765981313.714:2652): pid=2103 uid=0 auid=1000 ses=1 subj=unconfined msg='op=PAM:setcred grantors=pam_permit,pam_cap acct="root" exe="/usr/bin/sudo" hostname=? addr=? terminal=/dev/pts/1 res=success'UID="root" AUID="vboxuser"
type=USER_START msg=audit(1765981313.716:2653): pid=2103 uid=0 auid=1000 ses=1 subj=unconfined msg='op=PAM:session_open grantors=pam_limits,pam_env,pam_env,pam_permit,pam_umask,pam_unix acct="root" exe="/usr/bin/sudo" hostname=? addr=? terminal=/dev/pts/1 res=success'UID="root" AUID="vboxuser"
type=SYSCALL msg=audit(1765981313.719:2654): arch=c000003e syscall=59 success=yes exit=0 a0=5cd7b62040f8 a1=5cd7b61f85d0 a2=5cd7b62878d0 a3=64 items=2 ppid=2104 pid=2105 auid=1000 uid=0 gid=0 euid=0 suid=0 fsuid=0 egid=0 sgid=0 fsgid=0 tty=pts4 ses=1 comm="systemctl" exe="/usr/bin/systemctl" subj=unconfined key="T1078_Valid_Accounts"ARCH=x86_64 SYSCALL=execve AUID="vboxuser" UID="root" GID="root" EUID="root" SUID="root" FSUID="root" EGID="root" SGID="root" FSGID="root"
type=EXECVE msg=audit(1765981313.719:2654): argc=1 a0="systemctl"
type=PATH msg=audit(1765981313.719:2654): item=0 name="/usr/bin/systemctl" inode=1461475 dev=08:02 mode=0100755 ouid=0 ogid=0 rdev=00:00 nametype=NORMAL cap_fp=0 cap_fi=0 cap_fe=0 cap_fver=0 cap_frootid=0OUID="root" OGID="root"
type=PATH msg=audit(1765981313.719:2654): item=1 name="/lib64/ld-linux-x86-64.so.2" inode=1481429 dev=08:02 mode=0100755 ouid=0 ogid=0 rdev=00:00 nametype=NORMAL cap_fp=0 cap_fi=0 cap_fe=0 cap_fver=0 cap_frootid=0OUID="root" OGID="root"
type=PROCTITLE msg=audit(1765981313.719:2654): proctitle="systemctl"
type=SYSCALL msg=audit(1765981313.730:2655): arch=c000003e syscall=42 success=yes exit=0 a0=3 a1=5e6825634ac8 a2=17 a3=7ffe152700c4 items=1 ppid=2104 pid=2105 auid=1000 uid=0 gid=0 euid=0 suid=0 fsuid=0 egid=0 sgid=0 fsgid=0 tty=pts4 ses=1 comm="systemctl" exe="/usr/bin/systemctl" subj=unconfined key="T1043_Commonly_Used_Port"ARCH=x86_64 SYSCALL=connect AUID="vboxuser" UID="root" GID="root" EUID="root" SUID="root" FSUID="root" EGID="root" SGID="root" FSGID="root"
type=SOCKADDR msg=audit(1765981313.730:2655): saddr=01002F72756E2F73797374656D642F7072697661746500SADDR={ saddr_fam=local path=/run/systemd/private }
type=PATH msg=audit(1765981313.730:2655): item=0 name="/run/systemd/private" inode=447 dev=00:18 mode=0140700 ouid=0 ogid=0 rdev=00:00 nametype=NORMAL cap_fp=0 cap_fi=0 cap_fe=0 cap_fver=0 cap_frootid=0OUID="root" OGID="root"
type=PROCTITLE msg=audit(1765981313.730:2655): proctitle="systemctl"
type=SYSCALL msg=audit(1765981313.731:2656): arch=c000003e syscall=59 success=no exit=-2 a0=7ffe152701e0 a1=7ffe152702d0 a2=5e68256355d0 a3=7ffe15272f00 items=1 ppid=2105 pid=2106 auid=1000 uid=0 gid=0 euid=0 suid=0 fsuid=0 egid=0 sgid=0 fsgid=0 tty=pts4 ses=1 comm="(pager)" exe="/usr/bin/systemctl" subj=unconfined key="T1078_Valid_Accounts"ARCH=x86_64 SYSCALL=execve AUID="vboxuser" UID="root" GID="root" EUID="root" SUID="root" FSUID="root" EGID="root" SGID="root" FSGID="root"
type=PATH msg=audit(1765981313.731:2656): item=0 name="/usr/local/sbin/less" nametype=UNKNOWN cap_fp=0 cap_fi=0 cap_fe=0 cap_fver=0 cap_frootid=0
type=PROCTITLE msg=audit(1765981313.731:2656): proctitle="(pager)"
type=SYSCALL msg=audit(1765981313.731:2657): arch=c000003e syscall=59 success=no exit=-2 a0=7ffe152701e0 a1=7ffe152702d0 a2=5e68256355d0 a3=7ffe15272f00 items=1 ppid=2105 pid=2106 auid=1000 uid=0 gid=0 euid=0 suid=0 fsuid=0 egid=0 sgid=0 fsgid=0 tty=pts4 ses=1 comm="(pager)" exe="/usr/bin/systemctl" subj=unconfined key="T1078_Valid_Accounts"ARCH=x86_64 SYSCALL=execve AUID="vboxuser" UID="root" GID="root" EUID="root" SUID="root" FSUID="root" EGID="root" SGID="root" FSGID="root"
type=PATH msg=audit(1765981313.731:2657): item=0 name="/usr/local/bin/less" nametype=UNKNOWN cap_fp=0 cap_fi=0 cap_fe=0 cap_fver=0 cap_frootid=0
type=PROCTITLE msg=audit(1765981313.731:2657): proctitle="(pager)"
type=SYSCALL msg=audit(1765981313.732:2658): arch=c000003e syscall=59 success=no exit=-2 a0=7ffe152701e0 a1=7ffe152702d0 a2=5e68256355d0 a3=7ffe15272f00 items=1 ppid=2105 pid=2106 auid=1000 uid=0 gid=0 euid=0 suid=0 fsuid=0 egid=0 sgid=0 fsgid=0 tty=pts4 ses=1 comm="(pager)" exe="/usr/bin/systemctl" subj=unconfined key="T1078_Valid_Accounts"ARCH=x86_64 SYSCALL=execve AUID="vboxuser" UID="root" GID="root" EUID="root" SUID="root" FSUID="root" EGID="root" SGID="root" FSGID="root"
type=PATH msg=audit(1765981313.732:2658): item=0 name="/usr/sbin/less" nametype=UNKNOWN cap_fp=0 cap_fi=0 cap_fe=0 cap_fver=0 cap_frootid=0
type=PROCTITLE msg=audit(1765981313.732:2658): proctitle="(pager)"
type=SYSCALL msg=audit(1765981313.732:2659): arch=c000003e syscall=59 success=yes exit=0 a0=7ffe152701e0 a1=7ffe152702d0 a2=5e68256355d0 a3=7ffe15272f00 items=2 ppid=2105 pid=2106 auid=1000 uid=0 gid=0 euid=0 suid=0 fsuid=0 egid=0 sgid=0 fsgid=0 tty=pts4 ses=1 comm="less" exe="/usr/bin/less" subj=unconfined key="T1078_Valid_Accounts"ARCH=x86_64 SYSCALL=execve AUID="vboxuser" UID="root" GID="root" EUID="root" SUID="root" FSUID="root" EGID="root" SGID="root" FSGID="root"
type=EXECVE msg=audit(1765981313.732:2659): argc=1 a0="less"
type=PATH msg=audit(1765981313.732:2659): item=0 name="/usr/bin/less" inode=1442509 dev=08:02 mode=0100755 ouid=0 ogid=0 rdev=00:00 nametype=NORMAL cap_fp=0 cap_fi=0 cap_fe=0 cap_fver=0 cap_frootid=0OUID="root" OGID="root"
type=PATH msg=audit(1765981313.732:2659): item=1 name="/lib64/ld-linux-x86-64.so.2" inode=1481429 dev=08:02 mode=0100755 ouid=0 ogid=0 rdev=00:00 nametype=NORMAL cap_fp=0 cap_fi=0 cap_fe=0 cap_fver=0 cap_frootid=0OUID="root" OGID="root"
type=PROCTITLE msg=audit(1765981313.732:2659): proctitle="(pager)"
type=SYSCALL msg=audit(1765981317.911:2660): arch=c000003e syscall=91 success=yes exit=0 a0=4 a1=180 a2=0 a3=1b6 items=1 ppid=2105 pid=2106 auid=1000 uid=0 gid=0 euid=0 suid=0 fsuid=0 egid=0 sgid=0 fsgid=0 tty=pts4 ses=1 comm="less" exe="/usr/bin/less" subj=unconfined key="T1166_Seuid_and_Setgid"ARCH=x86_64 SYSCALL=fchmod AUID="vboxuser" UID="root" GID="root" EUID="root" SUID="root" FSUID="root" EGID="root" SGID="root" FSGID="root"
type=PATH msg=audit(1765981317.911:2660): item=0 name=(null) inode=1051118 dev=08:02 mode=0100644 ouid=0 ogid=0 rdev=00:00 nametype=NORMAL cap_fp=0 cap_fi=0 cap_fe=0 cap_fver=0 cap_frootid=0OUID="root" OGID="root"
type=PROCTITLE msg=audit(1765981317.911:2660): proctitle="(pager)"
type=SYSCALL msg=audit(1765981317.911:2661): arch=c000003e syscall=82 success=yes exit=0 a0=5dc0f5510bd0 a1=5dc0f5510b60 a2=5dc5295d2318 a3=5dc0f54f8320 items=5 ppid=2105 pid=2106 auid=1000 uid=0 gid=0 euid=0 suid=0 fsuid=0 egid=0 sgid=0 fsgid=0 tty=pts4 ses=1 comm="less" exe="/usr/bin/less" subj=unconfined key="T1107_File_Deletion"ARCH=x86_64 SYSCALL=rename AUID="vboxuser" UID="root" GID="root" EUID="root" SUID="root" FSUID="root" EGID="root" SGID="root" FSGID="root"
type=PATH msg=audit(1765981317.911:2661): item=0 name="/root/" inode=1048578 dev=08:02 mode=040700 ouid=0 ogid=0 rdev=00:00 nametype=PARENT cap_fp=0 cap_fi=0 cap_fe=0 cap_fver=0 cap_frootid=0OUID="root" OGID="root"
type=PATH msg=audit(1765981317.911:2661): item=1 name="/root/" inode=1048578 dev=08:02 mode=040700 ouid=0 ogid=0 rdev=00:00 nametype=PARENT cap_fp=0 cap_fi=0 cap_fe=0 cap_fver=0 cap_frootid=0OUID="root" OGID="root"
type=PATH msg=audit(1765981317.911:2661): item=2 name="/root/.lesshsQ" inode=1051118 dev=08:02 mode=0100600 ouid=0 ogid=0 rdev=00:00 nametype=DELETE cap_fp=0 cap_fi=0 cap_fe=0 cap_fver=0 cap_frootid=0OUID="root" OGID="root"
type=PATH msg=audit(1765981317.911:2661): item=3 name="/root/.lesshst" inode=1049747 dev=08:02 mode=0100600 ouid=0 ogid=0 rdev=00:00 nametype=DELETE cap_fp=0 cap_fi=0 cap_fe=0 cap_fver=0 cap_frootid=0OUID="root" OGID="root"
type=PATH msg=audit(1765981317.911:2661): item=4 name="/root/.lesshst" inode=1051118 dev=08:02 mode=0100600 ouid=0 ogid=0 rdev=00:00 nametype=CREATE cap_fp=0 cap_fi=0 cap_fe=0 cap_fver=0 cap_frootid=0OUID="root" OGID="root"
type=PROCTITLE msg=audit(1765981317.911:2661): proctitle="(pager)"
type=SYSCALL msg=audit(1765981317.913:2662): arch=c000003e syscall=257 success=yes exit=12 a0=ffffff9c a1=7d62e1dd46b0 a2=80002 a3=0 items=1 ppid=1302 pid=2103 auid=1000 uid=0 gid=0 euid=0 suid=0 fsuid=0 egid=0 sgid=0 fsgid=0 tty=pts1 ses=1 comm="sudo" exe="/usr/bin/sudo" subj=unconfined key="T1108_Redundant_Access"ARCH=x86_64 SYSCALL=openat AUID="vboxuser" UID="root" GID="root" EUID="root" SUID="root" FSUID="root" EGID="root" SGID="root" FSGID="root"
type=PATH msg=audit(1765981317.913:2662): item=0 name="/var/run/utmp" inode=623 dev=00:18 mode=0100664 ouid=0 ogid=43 rdev=00:00 nametype=NORMAL cap_fp=0 cap_fi=0 cap_fe=0 cap_fver=0 cap_frootid=0OUID="root" OGID="utmp"
type=PROCTITLE msg=audit(1765981317.913:2662): proctitle=7375646F0073797374656D63746C
type=USER_END msg=audit(1765981317.915:2663): pid=2103 uid=0 auid=1000 ses=1 subj=unconfined msg='op=PAM:session_close grantors=pam_limits,pam_env,pam_env,pam_permit,pam_umask,pam_unix acct="root" exe="/usr/bin/sudo" hostname=? addr=? terminal=/dev/pts/1 res=success'UID="root" AUID="vboxuser"
type=CRED_DISP msg=audit(1765981317.915:2664): pid=2103 uid=0 auid=1000 ses=1 subj=unconfined msg='op=PAM:setcred grantors=pam_permit acct="root" exe="/usr/bin/sudo" hostname=? addr=? terminal=/dev/pts/1 res=success'UID="root" AUID="vboxuser"
type=SYSCALL msg=audit(1765981321.588:2665): arch=c000003e syscall=42 success=yes exit=0 a0=e a1=7ffe1c35f3d0 a2=1d a3=1 items=1 ppid=2094 pid=2097 auid=4294967295 uid=33 gid=33 euid=33 suid=33 fsuid=33 egid=33 sgid=33 fsgid=33 tty=(none) ses=4294967295 comm="apache2" exe="/usr/sbin/apache2" subj=unconfined key="T1043_Commonly_Used_Port"ARCH=x86_64 SYSCALL=connect AUID="unset" UID="www-data" GID="www-data" EUID="www-data" SUID="www-data" FSUID="www-data" EGID="www-data" SGID="www-data" FSGID="www-data"
type=SOCKADDR msg=audit(1765981321.588:2665): saddr=01002F7661722F72756E2F6D7973716C642F6D7973716C642E736F636BSADDR={ saddr_fam=local path=/var/run/mysqld/mysqld.sock }
type=PATH msg=audit(1765981321.588:2665): item=0 name="/var/run/mysqld/mysqld.sock" inode=1361 dev=00:18 mode=0140777 ouid=111 ogid=111 rdev=00:00 nametype=NORMAL cap_fp=0 cap_fi=0 cap_fe=0 cap_fver=0 cap_frootid=0OUID="mysql" OGID="mysql"
type=PROCTITLE msg=audit(1765981321.588:2665): proctitle=2F7573722F7362696E2F61706163686532002D6B007374617274
type=SYSCALL msg=audit(1765981322.445:2666): arch=c000003e syscall=106 success=yes exit=0 a0=21 a1=73a1611114a0 a2=0 a3=22 items=0 ppid=2094 pid=2107 auid=4294967295 uid=0 gid=33 euid=0 suid=0 fsuid=0 egid=33 sgid=33 fsgid=33 tty=(none) ses=4294967295 comm="apache2" exe="/usr/sbin/apache2" subj=unconfined key="T1166_Seuid_and_Setgid"ARCH=x86_64 SYSCALL=setgid AUID="unset" UID="root" GID="www-data" EUID="root" SUID="root" FSUID="root" EGID="www-data" SGID="www-data" FSGID="www-data"
type=PROCTITLE msg=audit(1765981322.445:2666): proctitle=2F7573722F7362696E2F61706163686532002D6B007374617274
type=SYSCALL msg=audit(1765981322.449:2667): arch=c000003e syscall=42 success=yes exit=0 a0=c a1=7ffe1c3628c0 a2=2d a3=588909474b50 items=1 ppid=2094 pid=2107 auid=4294967295 uid=0 gid=33 euid=0 suid=0 fsuid=0 egid=33 sgid=33 fsgid=33 tty=(none) ses=4294967295 comm="apache2" exe="/usr/sbin/apache2" subj=unconfined key="T1043_Commonly_Used_Port"ARCH=x86_64 SYSCALL=connect AUID="unset" UID="root" GID="www-data" EUID="root" SUID="root" FSUID="root" EGID="www-data" SGID="www-data" FSGID="www-data"
type=SOCKADDR msg=audit(1765981322.449:2667): saddr=01002F72756E2F73797374656D642F7573657264622F696F2E73797374656D642E44796E616D69635573657200SADDR={ saddr_fam=local path=/run/systemd/userdb/io.systemd.DynamicUser }
type=PATH msg=audit(1765981322.449:2667): item=0 name="/run/systemd/userdb/io.systemd.DynamicUser" inode=449 dev=00:18 mode=0140666 ouid=0 ogid=0 rdev=00:00 nametype=NORMAL cap_fp=0 cap_fi=0 cap_fe=0 cap_fver=0 cap_frootid=0OUID="root" OGID="root"
type=PROCTITLE msg=audit(1765981322.449:2667): proctitle=2F7573722F7362696E2F61706163686532002D6B007374617274
type=SYSCALL msg=audit(1765981322.453:2668): arch=c000003e syscall=105 success=yes exit=0 a0=21 a1=588909434290 a2=588c818ce664 a3=5889094342a0 items=0 ppid=2094 pid=2107 auid=4294967295 uid=33 gid=33 euid=33 suid=33 fsuid=33 egid=33 sgid=33 fsgid=33 tty=(none) ses=4294967295 comm="apache2" exe="/usr/sbin/apache2" subj=unconfined key="T1166_Seuid_and_Setgid"ARCH=x86_64 SYSCALL=setuid AUID="unset" UID="www-data" GID="www-data" EUID="www-data" SUID="www-data" FSUID="www-data" EGID="www-data" SGID="www-data" FSGID="www-data"
type=PROCTITLE msg=audit(1765981322.453:2668): proctitle=2F7573722F7362696E2F61706163686532002D6B007374617274
type=SYSCALL msg=audit(1765981324.997:2669): arch=c000003e syscall=42 success=yes exit=0 a0=d a1=7ffe1c35f3d0 a2=1d a3=1 items=1 ppid=2094 pid=2097 auid=4294967295 uid=33 gid=33 euid=33 suid=33 fsuid=33 egid=33 sgid=33 fsgid=33 tty=(none) ses=4294967295 comm="apache2" exe="/usr/sbin/apache2" subj=unconfined key="T1043_Commonly_Used_Port"ARCH=x86_64 SYSCALL=connect AUID="unset" UID="www-data" GID="www-data" EUID="www-data" SUID="www-data" FSUID="www-data" EGID="www-data" SGID="www-data" FSGID="www-data"
type=SOCKADDR msg=audit(1765981324.997:2669): saddr=01002F7661722F72756E2F6D7973716C642F6D7973716C642E736F636BSADDR={ saddr_fam=local path=/var/run/mysqld/mysqld.sock }
type=PATH msg=audit(1765981324.997:2669): item=0 name="/var/run/mysqld/mysqld.sock" inode=1361 dev=00:18 mode=0140777 ouid=111 ogid=111 rdev=00:00 nametype=NORMAL cap_fp=0 cap_fi=0 cap_fe=0 cap_fver=0 cap_frootid=0OUID="mysql" OGID="mysql"
type=PROCTITLE msg=audit(1765981324.997:2669): proctitle=2F7573722F7362696E2F61706163686532002D6B007374617274
type=SYSCALL msg=audit(1765981325.699:2670): arch=c000003e syscall=42 success=yes exit=0 a0=d a1=7ffe1c35f3d0 a2=1d a3=1 items=1 ppid=2094 pid=2096 auid=4294967295 uid=33 gid=33 euid=33 suid=33 fsuid=33 egid=33 sgid=33 fsgid=33 tty=(none) ses=4294967295 comm="apache2" exe="/usr/sbin/apache2" subj=unconfined key="T1043_Commonly_Used_Port"ARCH=x86_64 SYSCALL=connect AUID="unset" UID="www-data" GID="www-data" EUID="www-data" SUID="www-data" FSUID="www-data" EGID="www-data" SGID="www-data" FSGID="www-data"
type=SOCKADDR msg=audit(1765981325.699:2670): saddr=01002F7661722F72756E2F6D7973716C642F6D7973716C642E736F636BSADDR={ saddr_fam=local path=/var/run/mysqld/mysqld.sock }
type=PATH msg=audit(1765981325.699:2670): item=0 name="/var/run/mysqld/mysqld.sock" inode=1361 dev=00:18 mode=0140777 ouid=111 ogid=111 rdev=00:00 nametype=NORMAL cap_fp=0 cap_fi=0 cap_fe=0 cap_fver=0 cap_frootid=0OUID="mysql" OGID="mysql"
type=PROCTITLE msg=audit(1765981325.699:2670): proctitle=2F7573722F7362696E2F61706163686532002D6B007374617274
type=SYSCALL msg=audit(1765981325.719:2671): arch=c000003e syscall=42 success=yes exit=0 a0=d a1=7ffe1c35f3d0 a2=1d a3=1 items=1 ppid=2094 pid=2099 auid=4294967295 uid=33 gid=33 euid=33 suid=33 fsuid=33 egid=33 sgid=33 fsgid=33 tty=(none) ses=4294967295 comm="apache2" exe="/usr/sbin/apache2" subj=unconfined key="T1043_Commonly_Used_Port"ARCH=x86_64 SYSCALL=connect AUID="unset" UID="www-data" GID="www-data" EUID="www-data" SUID="www-data" FSUID="www-data" EGID="www-data" SGID="www-data" FSGID="www-data"
type=SYSCALL msg=audit(1765981325.728:2672): arch=c000003e syscall=42 success=yes exit=0 a0=d a1=7ffe1c35f3f0 a2=1d a3=1 items=1 ppid=2094 pid=2107 auid=4294967295 uid=33 gid=33 euid=33 suid=33 fsuid=33 egid=33 sgid=33 fsgid=33 tty=(none) ses=4294967295 comm="apache2" exe="/usr/sbin/apache2" subj=unconfined key="T1043_Commonly_Used_Port"ARCH=x86_64 SYSCALL=connect AUID="unset" UID="www-data" GID="www-data" EUID="www-data" SUID="www-data" FSUID="www-data" EGID="www-data" SGID="www-data" FSGID="www-data"
type=SOCKADDR msg=audit(1765981325.719:2671): saddr=01002F7661722F72756E2F6D7973716C642F6D7973716C642E736F636BSADDR={ saddr_fam=local path=/var/run/mysqld/mysqld.sock }
type=PATH msg=audit(1765981325.719:2671): item=0 name="/var/run/mysqld/mysqld.sock" inode=1361 dev=00:18 mode=0140777 ouid=111 ogid=111 rdev=00:00 nametype=NORMAL cap_fp=0 cap_fi=0 cap_fe=0 cap_fver=0 cap_frootid=0OUID="mysql" OGID="mysql"
type=PROCTITLE msg=audit(1765981325.719:2671): proctitle=2F7573722F7362696E2F61706163686532002D6B007374617274
type=SOCKADDR msg=audit(1765981325.728:2672): saddr=01002F7661722F72756E2F6D7973716C642F6D7973716C642E736F636BSADDR={ saddr_fam=local path=/var/run/mysqld/mysqld.sock }
type=PATH msg=audit(1765981325.728:2672): item=0 name="/var/run/mysqld/mysqld.sock" inode=1361 dev=00:18 mode=0140777 ouid=111 ogid=111 rdev=00:00 nametype=NORMAL cap_fp=0 cap_fi=0 cap_fe=0 cap_fver=0 cap_frootid=0OUID="mysql" OGID="mysql"
type=PROCTITLE msg=audit(1765981325.728:2672): proctitle=2F7573722F7362696E2F61706163686532002D6B007374617274
type=SYSCALL msg=audit(1765981325.731:2674): arch=c000003e syscall=42 success=yes exit=0 a0=d a1=7ffe1c35f3d0 a2=1d a3=1 items=1 ppid=2094 pid=2100 auid=4294967295 uid=33 gid=33 euid=33 suid=33 fsuid=33 egid=33 sgid=33 fsgid=33 tty=(none) ses=4294967295 comm="apache2" exe="/usr/sbin/apache2" subj=unconfined key="T1043_Commonly_Used_Port"ARCH=x86_64 SYSCALL=connect AUID="unset" UID="www-data" GID="www-data" EUID="www-data" SUID="www-data" FSUID="www-data" EGID="www-data" SGID="www-data" FSGID="www-data"
type=SYSCALL msg=audit(1765981325.731:2673): arch=c000003e syscall=42 success=yes exit=0 a0=d a1=7ffe1c35f3d0 a2=1d a3=1 items=1 ppid=2094 pid=2097 auid=4294967295 uid=33 gid=33 euid=33 suid=33 fsuid=33 egid=33 sgid=33 fsgid=33 tty=(none) ses=4294967295 comm="apache2" exe="/usr/sbin/apache2" subj=unconfined key="T1043_Commonly_Used_Port"ARCH=x86_64 SYSCALL=connect AUID="unset" UID="www-data" GID="www-data" EUID="www-data" SUID="www-data" FSUID="www-data" EGID="www-data" SGID="www-data" FSGID="www-data"
type=SOCKADDR msg=audit(1765981325.731:2673): saddr=01002F7661722F72756E2F6D7973716C642F6D7973716C642E736F636BSADDR={ saddr_fam=local path=/var/run/mysqld/mysqld.sock }
type=PATH msg=audit(1765981325.731:2673): item=0 name="/var/run/mysqld/mysqld.sock" inode=1361 dev=00:18 mode=0140777 ouid=111 ogid=111 rdev=00:00 nametype=NORMAL cap_fp=0 cap_fi=0 cap_fe=0 cap_fver=0 cap_frootid=0OUID="mysql" OGID="mysql"
type=PROCTITLE msg=audit(1765981325.731:2673): proctitle=2F7573722F7362696E2F61706163686532002D6B007374617274
type=SOCKADDR msg=audit(1765981325.731:2674): saddr=01002F7661722F72756E2F6D7973716C642F6D7973716C642E736F636BSADDR={ saddr_fam=local path=/var/run/mysqld/mysqld.sock }
type=PATH msg=audit(1765981325.731:2674): item=0 name="/var/run/mysqld/mysqld.sock" inode=1361 dev=00:18 mode=0140777 ouid=111 ogid=111 rdev=00:00 nametype=NORMAL cap_fp=0 cap_fi=0 cap_fe=0 cap_fver=0 cap_frootid=0OUID="mysql" OGID="mysql"
type=PROCTITLE msg=audit(1765981325.731:2674): proctitle=2F7573722F7362696E2F61706163686532002D6B007374617274
type=SYSCALL msg=audit(1765981325.739:2675): arch=c000003e syscall=42 success=yes exit=0 a0=d a1=7ffe1c35f3d0 a2=1d a3=1 items=1 ppid=2094 pid=2098 auid=4294967295 uid=33 gid=33 euid=33 suid=33 fsuid=33 egid=33 sgid=33 fsgid=33 tty=(none) ses=4294967295 comm="apache2" exe="/usr/sbin/apache2" subj=unconfined key="T1043_Commonly_Used_Port"ARCH=x86_64 SYSCALL=connect AUID="unset" UID="www-data" GID="www-data" EUID="www-data" SUID="www-data" FSUID="www-data" EGID="www-data" SGID="www-data" FSGID="www-data"
type=SOCKADDR msg=audit(1765981325.739:2675): saddr=01002F7661722F72756E2F6D7973716C642F6D7973716C642E736F636BSADDR={ saddr_fam=local path=/var/run/mysqld/mysqld.sock }
type=PATH msg=audit(1765981325.739:2675): item=0 name="/var/run/mysqld/mysqld.sock" inode=1361 dev=00:18 mode=0140777 ouid=111 ogid=111 rdev=00:00 nametype=NORMAL cap_fp=0 cap_fi=0 cap_fe=0 cap_fver=0 cap_frootid=0OUID="mysql" OGID="mysql"
type=PROCTITLE msg=audit(1765981325.739:2675): proctitle=2F7573722F7362696E2F61706163686532002D6B007374617274
type=SYSCALL msg=audit(1765981325.967:2676): arch=c000003e syscall=42 success=yes exit=0 a0=d a1=7ffe1c35f3d0 a2=1d a3=1 items=1 ppid=2094 pid=2098 auid=4294967295 uid=33 gid=33 euid=33 suid=33 fsuid=33 egid=33 sgid=33 fsgid=33 tty=(none) ses=4294967295 comm="apache2" exe="/usr/sbin/apache2" subj=unconfined key="T1043_Commonly_Used_Port"ARCH=x86_64 SYSCALL=connect AUID="unset" UID="www-data" GID="www-data" EUID="www-data" SUID="www-data" FSUID="www-data" EGID="www-data" SGID="www-data" FSGID="www-data"
type=SOCKADDR msg=audit(1765981325.967:2676): saddr=01002F7661722F72756E2F6D7973716C642F6D7973716C642E736F636BSADDR={ saddr_fam=local path=/var/run/mysqld/mysqld.sock }
type=PATH msg=audit(1765981325.967:2676): item=0 name="/var/run/mysqld/mysqld.sock" inode=1361 dev=00:18 mode=0140777 ouid=111 ogid=111 rdev=00:00 nametype=NORMAL cap_fp=0 cap_fi=0 cap_fe=0 cap_fver=0 cap_frootid=0OUID="mysql" OGID="mysql"
type=PROCTITLE msg=audit(1765981325.967:2676): proctitle=2F7573722F7362696E2F61706163686532002D6B007374617274
type=SYSCALL msg=audit(1765981326.438:2677): arch=c000003e syscall=106 success=yes exit=0 a0=21 a1=73a1611114a0 a2=0 a3=22 items=0 ppid=2094 pid=2113 auid=4294967295 uid=0 gid=33 euid=0 suid=0 fsuid=0 egid=33 sgid=33 fsgid=33 tty=(none) ses=4294967295 comm="apache2" exe="/usr/sbin/apache2" subj=unconfined key="T1166_Seuid_and_Setgid"ARCH=x86_64 SYSCALL=setgid AUID="unset" UID="root" GID="www-data" EUID="root" SUID="root" FSUID="root" EGID="www-data" SGID="www-data" FSGID="www-data"
type=PROCTITLE msg=audit(1765981326.438:2677): proctitle=2F7573722F7362696E2F61706163686532002D6B007374617274
type=SYSCALL msg=audit(1765981326.438:2678): arch=c000003e syscall=42 success=yes exit=0 a0=c a1=7ffe1c3628c0 a2=2d a3=588909474b50 items=1 ppid=2094 pid=2113 auid=4294967295 uid=0 gid=33 euid=0 suid=0 fsuid=0 egid=33 sgid=33 fsgid=33 tty=(none) ses=4294967295 comm="apache2" exe="/usr/sbin/apache2" subj=unconfined key="T1043_Commonly_Used_Port"ARCH=x86_64 SYSCALL=connect AUID="unset" UID="root" GID="www-data" EUID="root" SUID="root" FSUID="root" EGID="www-data" SGID="www-data" FSGID="www-data"
type=SOCKADDR msg=audit(1765981326.438:2678): saddr=01002F72756E2F73797374656D642F7573657264622F696F2E73797374656D642E44796E616D69635573657200SADDR={ saddr_fam=local path=/run/systemd/userdb/io.systemd.DynamicUser }
type=PATH msg=audit(1765981326.438:2678): item=0 name="/run/systemd/userdb/io.systemd.DynamicUser" inode=449 dev=00:18 mode=0140666 ouid=0 ogid=0 rdev=00:00 nametype=NORMAL cap_fp=0 cap_fi=0 cap_fe=0 cap_fver=0 cap_frootid=0OUID="root" OGID="root"
type=PROCTITLE msg=audit(1765981326.438:2678): proctitle=2F7573722F7362696E2F61706163686532002D6B007374617274
type=SYSCALL msg=audit(1765981326.445:2679): arch=c000003e syscall=105 success=yes exit=0 a0=21 a1=588909434290 a2=588c818ce664 a3=5889094342a0 items=0 ppid=2094 pid=2113 auid=4294967295 uid=33 gid=33 euid=33 suid=33 fsuid=33 egid=33 sgid=33 fsgid=33 tty=(none) ses=4294967295 comm="apache2" exe="/usr/sbin/apache2" subj=unconfined key="T1166_Seuid_and_Setgid"ARCH=x86_64 SYSCALL=setuid AUID="unset" UID="www-data" GID="www-data" EUID="www-data" SUID="www-data" FSUID="www-data" EGID="www-data" SGID="www-data" FSGID="www-data"
type=PROCTITLE msg=audit(1765981326.445:2679): proctitle=2F7573722F7362696E2F61706163686532002D6B007374617274
type=SYSCALL msg=audit(1765981326.521:2680): arch=c000003e syscall=42 success=yes exit=0 a0=d a1=7ffe1c35f3f0 a2=1d a3=1 items=1 ppid=2094 pid=2107 auid=4294967295 uid=33 gid=33 euid=33 suid=33 fsuid=33 egid=33 sgid=33 fsgid=33 tty=(none) ses=4294967295 comm="apache2" exe="/usr/sbin/apache2" subj=unconfined key="T1043_Commonly_Used_Port"ARCH=x86_64 SYSCALL=connect AUID="unset" UID="www-data" GID="www-data" EUID="www-data" SUID="www-data" FSUID="www-data" EGID="www-data" SGID="www-data" FSGID="www-data"
type=SOCKADDR msg=audit(1765981326.521:2680): saddr=01002F7661722F72756E2F6D7973716C642F6D7973716C642E736F636BSADDR={ saddr_fam=local path=/var/run/mysqld/mysqld.sock }
type=PATH msg=audit(1765981326.521:2680): item=0 name="/var/run/mysqld/mysqld.sock" inode=1361 dev=00:18 mode=0140777 ouid=111 ogid=111 rdev=00:00 nametype=NORMAL cap_fp=0 cap_fi=0 cap_fe=0 cap_fver=0 cap_frootid=0OUID="mysql" OGID="mysql"
type=PROCTITLE msg=audit(1765981326.521:2680): proctitle=2F7573722F7362696E2F61706163686532002D6B007374617274
type=SYSCALL msg=audit(1765981327.455:2681): arch=c000003e syscall=106 success=yes exit=0 a0=21 a1=73a1611114a0 a2=0 a3=22 items=0 ppid=2094 pid=2114 auid=4294967295 uid=0 gid=33 euid=0 suid=0 fsuid=0 egid=33 sgid=33 fsgid=33 tty=(none) ses=4294967295 comm="apache2" exe="/usr/sbin/apache2" subj=unconfined key="T1166_Seuid_and_Setgid"ARCH=x86_64 SYSCALL=setgid AUID="unset" UID="root" GID="www-data" EUID="root" SUID="root" FSUID="root" EGID="www-data" SGID="www-data" FSGID="www-data"
type=PROCTITLE msg=audit(1765981327.455:2681): proctitle=2F7573722F7362696E2F61706163686532002D6B007374617274
type=SYSCALL msg=audit(1765981327.455:2682): arch=c000003e syscall=42 success=yes exit=0 a0=c a1=7ffe1c3628c0 a2=2d a3=588909474b50 items=1 ppid=2094 pid=2114 auid=4294967295 uid=0 gid=33 euid=0 suid=0 fsuid=0 egid=33 sgid=33 fsgid=33 tty=(none) ses=4294967295 comm="apache2" exe="/usr/sbin/apache2" subj=unconfined key="T1043_Commonly_Used_Port"ARCH=x86_64 SYSCALL=connect AUID="unset" UID="root" GID="www-data" EUID="root" SUID="root" FSUID="root" EGID="www-data" SGID="www-data" FSGID="www-data"
type=SYSCALL msg=audit(1765981327.455:2683): arch=c000003e syscall=106 success=yes exit=0 a0=21 a1=73a1611114a0 a2=0 a3=22 items=0 ppid=2094 pid=2115 auid=4294967295 uid=0 gid=33 euid=0 suid=0 fsuid=0 egid=33 sgid=33 fsgid=33 tty=(none) ses=4294967295 comm="apache2" exe="/usr/sbin/apache2" subj=unconfined key="T1166_Seuid_and_Setgid"ARCH=x86_64 SYSCALL=setgid AUID="unset" UID="root" GID="www-data" EUID="root" SUID="root" FSUID="root" EGID="www-data" SGID="www-data" FSGID="www-data"
type=PROCTITLE msg=audit(1765981327.455:2683): proctitle=2F7573722F7362696E2F61706163686532002D6B007374617274
type=SYSCALL msg=audit(1765981327.455:2684): arch=c000003e syscall=42 success=yes exit=0 a0=c a1=7ffe1c3628c0 a2=2d a3=588909474b50 items=1 ppid=2094 pid=2115 auid=4294967295 uid=0 gid=33 euid=0 suid=0 fsuid=0 egid=33 sgid=33 fsgid=33 tty=(none) ses=4294967295 comm="apache2" exe="/usr/sbin/apache2" subj=unconfined key="T1043_Commonly_Used_Port"ARCH=x86_64 SYSCALL=connect AUID="unset" UID="root" GID="www-data" EUID="root" SUID="root" FSUID="root" EGID="www-data" SGID="www-data" FSGID="www-data"
type=SOCKADDR msg=audit(1765981327.455:2682): saddr=01002F72756E2F73797374656D642F7573657264622F696F2E73797374656D642E44796E616D69635573657200SADDR={ saddr_fam=local path=/run/systemd/userdb/io.systemd.DynamicUser }
type=PATH msg=audit(1765981327.455:2682): item=0 name="/run/systemd/userdb/io.systemd.DynamicUser" inode=449 dev=00:18 mode=0140666 ouid=0 ogid=0 rdev=00:00 nametype=NORMAL cap_fp=0 cap_fi=0 cap_fe=0 cap_fver=0 cap_frootid=0OUID="root" OGID="root"
type=PROCTITLE msg=audit(1765981327.455:2682): proctitle=2F7573722F7362696E2F61706163686532002D6B007374617274
type=SOCKADDR msg=audit(1765981327.455:2684): saddr=01002F72756E2F73797374656D642F7573657264622F696F2E73797374656D642E44796E616D69635573657200SADDR={ saddr_fam=local path=/run/systemd/userdb/io.systemd.DynamicUser }
type=SYSCALL msg=audit(1765981327.455:2685): arch=c000003e syscall=105 success=yes exit=0 a0=21 a1=588909434290 a2=588c818ce664 a3=5889094342a0 items=0 ppid=2094 pid=2114 auid=4294967295 uid=33 gid=33 euid=33 suid=33 fsuid=33 egid=33 sgid=33 fsgid=33 tty=(none) ses=4294967295 comm="apache2" exe="/usr/sbin/apache2" subj=unconfined key="T1166_Seuid_and_Setgid"ARCH=x86_64 SYSCALL=setuid AUID="unset" UID="www-data" GID="www-data" EUID="www-data" SUID="www-data" FSUID="www-data" EGID="www-data" SGID="www-data" FSGID="www-data"
type=PROCTITLE msg=audit(1765981327.455:2685): proctitle=2F7573722F7362696E2F61706163686532002D6B007374617274
type=PATH msg=audit(1765981327.455:2684): item=0 name="/run/systemd/userdb/io.systemd.DynamicUser" inode=449 dev=00:18 mode=0140666 ouid=0 ogid=0 rdev=00:00 nametype=NORMAL cap_fp=0 cap_fi=0 cap_fe=0 cap_fver=0 cap_frootid=0OUID="root" OGID="root"
type=PROCTITLE msg=audit(1765981327.455:2684): proctitle=2F7573722F7362696E2F61706163686532002D6B007374617274
type=SYSCALL msg=audit(1765981327.455:2686): arch=c000003e syscall=105 success=yes exit=0 a0=21 a1=588909434290 a2=588c818ce664 a3=5889094342a0 items=0 ppid=2094 pid=2115 auid=4294967295 uid=33 gid=33 euid=33 suid=33 fsuid=33 egid=33 sgid=33 fsgid=33 tty=(none) ses=4294967295 comm="apache2" exe="/usr/sbin/apache2" subj=unconfined key="T1166_Seuid_and_Setgid"ARCH=x86_64 SYSCALL=setuid AUID="unset" UID="www-data" GID="www-data" EUID="www-data" SUID="www-data" FSUID="www-data" EGID="www-data" SGID="www-data" FSGID="www-data"
type=PROCTITLE msg=audit(1765981327.455:2686): proctitle=2F7573722F7362696E2F61706163686532002D6B007374617274
type=SYSCALL msg=audit(1765981328.213:2687): arch=c000003e syscall=42 success=yes exit=0 a0=d a1=7ffe1c35f3d0 a2=1d a3=1 items=1 ppid=2094 pid=2096 auid=4294967295 uid=33 gid=33 euid=33 suid=33 fsuid=33 egid=33 sgid=33 fsgid=33 tty=(none) ses=4294967295 comm="apache2" exe="/usr/sbin/apache2" subj=unconfined key="T1043_Commonly_Used_Port"ARCH=x86_64 SYSCALL=connect AUID="unset" UID="www-data" GID="www-data" EUID="www-data" SUID="www-data" FSUID="www-data" EGID="www-data" SGID="www-data" FSGID="www-data"
type=SYSCALL msg=audit(1765981328.213:2688): arch=c000003e syscall=42 success=yes exit=0 a0=d a1=7ffe1c35f3d0 a2=1d a3=1 items=1 ppid=2094 pid=2098 auid=4294967295 uid=33 gid=33 euid=33 suid=33 fsuid=33 egid=33 sgid=33 fsgid=33 tty=(none) ses=4294967295 comm="apache2" exe="/usr/sbin/apache2" subj=unconfined key="T1043_Commonly_Used_Port"ARCH=x86_64 SYSCALL=connect AUID="unset" UID="www-data" GID="www-data" EUID="www-data" SUID="www-data" FSUID="www-data" EGID="www-data" SGID="www-data" FSGID="www-data"
type=SOCKADDR msg=audit(1765981328.213:2688): saddr=01002F7661722F72756E2F6D7973716C642F6D7973716C642E736F636BSADDR={ saddr_fam=local path=/var/run/mysqld/mysqld.sock }
type=PATH msg=audit(1765981328.213:2688): item=0 name="/var/run/mysqld/mysqld.sock" inode=1361 dev=00:18 mode=0140777 ouid=111 ogid=111 rdev=00:00 nametype=NORMAL cap_fp=0 cap_fi=0 cap_fe=0 cap_fver=0 cap_frootid=0OUID="mysql" OGID="mysql"
type=PROCTITLE msg=audit(1765981328.213:2688): proctitle=2F7573722F7362696E2F61706163686532002D6B007374617274
type=SOCKADDR msg=audit(1765981328.213:2687): saddr=01002F7661722F72756E2F6D7973716C642F6D7973716C642E736F636BSADDR={ saddr_fam=local path=/var/run/mysqld/mysqld.sock }
type=PATH msg=audit(1765981328.213:2687): item=0 name="/var/run/mysqld/mysqld.sock" inode=1361 dev=00:18 mode=0140777 ouid=111 ogid=111 rdev=00:00 nametype=NORMAL cap_fp=0 cap_fi=0 cap_fe=0 cap_fver=0 cap_frootid=0OUID="mysql" OGID="mysql"
type=PROCTITLE msg=audit(1765981328.213:2687): proctitle=2F7573722F7362696E2F61706163686532002D6B007374617274
type=SYSCALL msg=audit(1765981328.213:2689): arch=c000003e syscall=42 success=yes exit=0 a0=d a1=7ffe1c35f3d0 a2=1d a3=1 items=1 ppid=2094 pid=2100 auid=4294967295 uid=33 gid=33 euid=33 suid=33 fsuid=33 egid=33 sgid=33 fsgid=33 tty=(none) ses=4294967295 comm="apache2" exe="/usr/sbin/apache2" subj=unconfined key="T1043_Commonly_Used_Port"ARCH=x86_64 SYSCALL=connect AUID="unset" UID="www-data" GID="www-data" EUID="www-data" SUID="www-data" FSUID="www-data" EGID="www-data" SGID="www-data" FSGID="www-data"
type=SOCKADDR msg=audit(1765981328.213:2689): saddr=01002F7661722F72756E2F6D7973716C642F6D7973716C642E736F636BSADDR={ saddr_fam=local path=/var/run/mysqld/mysqld.sock }
type=PATH msg=audit(1765981328.213:2689): item=0 name="/var/run/mysqld/mysqld.sock" inode=1361 dev=00:18 mode=0140777 ouid=111 ogid=111 rdev=00:00 nametype=NORMAL cap_fp=0 cap_fi=0 cap_fe=0 cap_fver=0 cap_frootid=0OUID="mysql" OGID="mysql"
type=PROCTITLE msg=audit(1765981328.213:2689): proctitle=2F7573722F7362696E2F61706163686532002D6B007374617274
type=SYSCALL msg=audit(1765981328.467:2690): arch=c000003e syscall=106 success=yes exit=0 a0=21 a1=73a1611114a0 a2=0 a3=22 items=0 ppid=2094 pid=2116 auid=4294967295 uid=0 gid=33 euid=0 suid=0 fsuid=0 egid=33 sgid=33 fsgid=33 tty=(none) ses=4294967295 comm="apache2" exe="/usr/sbin/apache2" subj=unconfined key="T1166_Seuid_and_Setgid"ARCH=x86_64 SYSCALL=setgid AUID="unset" UID="root" GID="www-data" EUID="root" SUID="root" FSUID="root" EGID="www-data" SGID="www-data" FSGID="www-data"
type=PROCTITLE msg=audit(1765981328.467:2690): proctitle=2F7573722F7362696E2F61706163686532002D6B007374617274
type=SYSCALL msg=audit(1765981328.469:2691): arch=c000003e syscall=42 success=yes exit=0 a0=c a1=7ffe1c3628c0 a2=2d a3=588909474b50 items=1 ppid=2094 pid=2116 auid=4294967295 uid=0 gid=33 euid=0 suid=0 fsuid=0 egid=33 sgid=33 fsgid=33 tty=(none) ses=4294967295 comm="apache2" exe="/usr/sbin/apache2" subj=unconfined key="T1043_Commonly_Used_Port"ARCH=x86_64 SYSCALL=connect AUID="unset" UID="root" GID="www-data" EUID="root" SUID="root" FSUID="root" EGID="www-data" SGID="www-data" FSGID="www-data"
type=SOCKADDR msg=audit(1765981328.469:2691): saddr=01002F72756E2F73797374656D642F7573657264622F696F2E73797374656D642E44796E616D69635573657200SADDR={ saddr_fam=local path=/run/systemd/userdb/io.systemd.DynamicUser }
type=PATH msg=audit(1765981328.469:2691): item=0 name="/run/systemd/userdb/io.systemd.DynamicUser" inode=449 dev=00:18 mode=0140666 ouid=0 ogid=0 rdev=00:00 nametype=NORMAL cap_fp=0 cap_fi=0 cap_fe=0 cap_fver=0 cap_frootid=0OUID="root" OGID="root"
type=PROCTITLE msg=audit(1765981328.469:2691): proctitle=2F7573722F7362696E2F61706163686532002D6B007374617274
type=SYSCALL msg=audit(1765981328.472:2692): arch=c000003e syscall=106 success=yes exit=0 a0=21 a1=73a1611114a0 a2=0 a3=22 items=0 ppid=2094 pid=2117 auid=4294967295 uid=0 gid=33 euid=0 suid=0 fsuid=0 egid=33 sgid=33 fsgid=33 tty=(none) ses=4294967295 comm="apache2" exe="/usr/sbin/apache2" subj=unconfined key="T1166_Seuid_and_Setgid"ARCH=x86_64 SYSCALL=setgid AUID="unset" UID="root" GID="www-data" EUID="root" SUID="root" FSUID="root" EGID="www-data" SGID="www-data" FSGID="www-data"
type=PROCTITLE msg=audit(1765981328.472:2692): proctitle=2F7573722F7362696E2F61706163686532002D6B007374617274
type=SYSCALL msg=audit(1765981328.475:2693): arch=c000003e syscall=105 success=yes exit=0 a0=21 a1=588909434290 a2=588c818ce664 a3=5889094342a0 items=0 ppid=2094 pid=2116 auid=4294967295 uid=33 gid=33 euid=33 suid=33 fsuid=33 egid=33 sgid=33 fsgid=33 tty=(none) ses=4294967295 comm="apache2" exe="/usr/sbin/apache2" subj=unconfined key="T1166_Seuid_and_Setgid"ARCH=x86_64 SYSCALL=setuid AUID="unset" UID="www-data" GID="www-data" EUID="www-data" SUID="www-data" FSUID="www-data" EGID="www-data" SGID="www-data" FSGID="www-data"
type=PROCTITLE msg=audit(1765981328.475:2693): proctitle=2F7573722F7362696E2F61706163686532002D6B007374617274
type=SYSCALL msg=audit(1765981328.477:2694): arch=c000003e syscall=42 success=yes exit=0 a0=c a1=7ffe1c3628c0 a2=2d a3=588909474b50 items=1 ppid=2094 pid=2117 auid=4294967295 uid=0 gid=33 euid=0 suid=0 fsuid=0 egid=33 sgid=33 fsgid=33 tty=(none) ses=4294967295 comm="apache2" exe="/usr/sbin/apache2" subj=unconfined key="T1043_Commonly_Used_Port"ARCH=x86_64 SYSCALL=connect AUID="unset" UID="root" GID="www-data" EUID="root" SUID="root" FSUID="root" EGID="www-data" SGID="www-data" FSGID="www-data"
type=SOCKADDR msg=audit(1765981328.477:2694): saddr=01002F72756E2F73797374656D642F7573657264622F696F2E73797374656D642E44796E616D69635573657200SADDR={ saddr_fam=local path=/run/systemd/userdb/io.systemd.DynamicUser }
type=PATH msg=audit(1765981328.477:2694): item=0 name="/run/systemd/userdb/io.systemd.DynamicUser" inode=449 dev=00:18 mode=0140666 ouid=0 ogid=0 rdev=00:00 nametype=NORMAL cap_fp=0 cap_fi=0 cap_fe=0 cap_fver=0 cap_frootid=0OUID="root" OGID="root"
type=PROCTITLE msg=audit(1765981328.477:2694): proctitle=2F7573722F7362696E2F61706163686532002D6B007374617274
type=SYSCALL msg=audit(1765981328.479:2695): arch=c000003e syscall=106 success=yes exit=0 a0=21 a1=73a1611114a0 a2=0 a3=22 items=0 ppid=2094 pid=2118 auid=4294967295 uid=0 gid=33 euid=0 suid=0 fsuid=0 egid=33 sgid=33 fsgid=33 tty=(none) ses=4294967295 comm="apache2" exe="/usr/sbin/apache2" subj=unconfined key="T1166_Seuid_and_Setgid"ARCH=x86_64 SYSCALL=setgid AUID="unset" UID="root" GID="www-data" EUID="root" SUID="root" FSUID="root" EGID="www-data" SGID="www-data" FSGID="www-data"
type=PROCTITLE msg=audit(1765981328.479:2695): proctitle=2F7573722F7362696E2F61706163686532002D6B007374617274
type=SYSCALL msg=audit(1765981328.483:2696): arch=c000003e syscall=105 success=yes exit=0 a0=21 a1=588909434290 a2=588c818ce664 a3=5889094342a0 items=0 ppid=2094 pid=2117 auid=4294967295 uid=33 gid=33 euid=33 suid=33 fsuid=33 egid=33 sgid=33 fsgid=33 tty=(none) ses=4294967295 comm="apache2" exe="/usr/sbin/apache2" subj=unconfined key="T1166_Seuid_and_Setgid"ARCH=x86_64 SYSCALL=setuid AUID="unset" UID="www-data" GID="www-data" EUID="www-data" SUID="www-data" FSUID="www-data" EGID="www-data" SGID="www-data" FSGID="www-data"
type=PROCTITLE msg=audit(1765981328.483:2696): proctitle=2F7573722F7362696E2F61706163686532002D6B007374617274
type=SYSCALL msg=audit(1765981328.486:2697): arch=c000003e syscall=42 success=yes exit=0 a0=c a1=7ffe1c3628c0 a2=2d a3=588909474b50 items=1 ppid=2094 pid=2118 auid=4294967295 uid=0 gid=33 euid=0 suid=0 fsuid=0 egid=33 sgid=33 fsgid=33 tty=(none) ses=4294967295 comm="apache2" exe="/usr/sbin/apache2" subj=unconfined key="T1043_Commonly_Used_Port"ARCH=x86_64 SYSCALL=connect AUID="unset" UID="root" GID="www-data" EUID="root" SUID="root" FSUID="root" EGID="www-data" SGID="www-data" FSGID="www-data"
type=SOCKADDR msg=audit(1765981328.486:2697): saddr=01002F72756E2F73797374656D642F7573657264622F696F2E73797374656D642E44796E616D69635573657200SADDR={ saddr_fam=local path=/run/systemd/userdb/io.systemd.DynamicUser }
type=PATH msg=audit(1765981328.486:2697): item=0 name="/run/systemd/userdb/io.systemd.DynamicUser" inode=449 dev=00:18 mode=0140666 ouid=0 ogid=0 rdev=00:00 nametype=NORMAL cap_fp=0 cap_fi=0 cap_fe=0 cap_fver=0 cap_frootid=0OUID="root" OGID="root"
type=PROCTITLE msg=audit(1765981328.486:2697): proctitle=2F7573722F7362696E2F61706163686532002D6B007374617274
type=SYSCALL msg=audit(1765981328.487:2698): arch=c000003e syscall=105 success=yes exit=0 a0=21 a1=588909434290 a2=588c818ce664 a3=5889094342a0 items=0 ppid=2094 pid=2118 auid=4294967295 uid=33 gid=33 euid=33 suid=33 fsuid=33 egid=33 sgid=33 fsgid=33 tty=(none) ses=4294967295 comm="apache2" exe="/usr/sbin/apache2" subj=unconfined key="T1166_Seuid_and_Setgid"ARCH=x86_64 SYSCALL=setuid AUID="unset" UID="www-data" GID="www-data" EUID="www-data" SUID="www-data" FSUID="www-data" EGID="www-data" SGID="www-data" FSGID="www-data"
type=PROCTITLE msg=audit(1765981328.487:2698): proctitle=2F7573722F7362696E2F61706163686532002D6B007374617274
type=SYSCALL msg=audit(1765981328.492:2699): arch=c000003e syscall=106 success=yes exit=0 a0=21 a1=73a1611114a0 a2=0 a3=22 items=0 ppid=2094 pid=2119 auid=4294967295 uid=0 gid=33 euid=0 suid=0 fsuid=0 egid=33 sgid=33 fsgid=33 tty=(none) ses=4294967295 comm="apache2" exe="/usr/sbin/apache2" subj=unconfined key="T1166_Seuid_and_Setgid"ARCH=x86_64 SYSCALL=setgid AUID="unset" UID="root" GID="www-data" EUID="root" SUID="root" FSUID="root" EGID="www-data" SGID="www-data" FSGID="www-data"
type=PROCTITLE msg=audit(1765981328.492:2699): proctitle=2F7573722F7362696E2F61706163686532002D6B007374617274
type=SYSCALL msg=audit(1765981328.497:2700): arch=c000003e syscall=42 success=yes exit=0 a0=c a1=7ffe1c3628c0 a2=2d a3=588909474b50 items=1 ppid=2094 pid=2119 auid=4294967295 uid=0 gid=33 euid=0 suid=0 fsuid=0 egid=33 sgid=33 fsgid=33 tty=(none) ses=4294967295 comm="apache2" exe="/usr/sbin/apache2" subj=unconfined key="T1043_Commonly_Used_Port"ARCH=x86_64 SYSCALL=connect AUID="unset" UID="root" GID="www-data" EUID="root" SUID="root" FSUID="root" EGID="www-data" SGID="www-data" FSGID="www-data"
type=SOCKADDR msg=audit(1765981328.497:2700): saddr=01002F72756E2F73797374656D642F7573657264622F696F2E73797374656D642E44796E616D69635573657200SADDR={ saddr_fam=local path=/run/systemd/userdb/io.systemd.DynamicUser }
type=PATH msg=audit(1765981328.497:2700): item=0 name="/run/systemd/userdb/io.systemd.DynamicUser" inode=449 dev=00:18 mode=0140666 ouid=0 ogid=0 rdev=00:00 nametype=NORMAL cap_fp=0 cap_fi=0 cap_fe=0 cap_fver=0 cap_frootid=0OUID="root" OGID="root"
type=PROCTITLE msg=audit(1765981328.497:2700): proctitle=2F7573722F7362696E2F61706163686532002D6B007374617274
type=SYSCALL msg=audit(1765981328.501:2701): arch=c000003e syscall=105 success=yes exit=0 a0=21 a1=588909434290 a2=588c818ce664 a3=5889094342a0 items=0 ppid=2094 pid=2119 auid=4294967295 uid=33 gid=33 euid=33 suid=33 fsuid=33 egid=33 sgid=33 fsgid=33 tty=(none) ses=4294967295 comm="apache2" exe="/usr/sbin/apache2" subj=unconfined key="T1166_Seuid_and_Setgid"ARCH=x86_64 SYSCALL=setuid AUID="unset" UID="www-data" GID="www-data" EUID="www-data" SUID="www-data" FSUID="www-data" EGID="www-data" SGID="www-data" FSGID="www-data"
type=PROCTITLE msg=audit(1765981328.501:2701): proctitle=2F7573722F7362696E2F61706163686532002D6B007374617274
type=SYSCALL msg=audit(1765981331.090:2702): arch=c000003e syscall=42 success=yes exit=0 a0=e a1=7ffe1c35f3f0 a2=1d a3=1 items=1 ppid=2094 pid=2107 auid=4294967295 uid=33 gid=33 euid=33 suid=33 fsuid=33 egid=33 sgid=33 fsgid=33 tty=(none) ses=4294967295 comm="apache2" exe="/usr/sbin/apache2" subj=unconfined key="T1043_Commonly_Used_Port"ARCH=x86_64 SYSCALL=connect AUID="unset" UID="www-data" GID="www-data" EUID="www-data" SUID="www-data" FSUID="www-data" EGID="www-data" SGID="www-data" FSGID="www-data"
type=SOCKADDR msg=audit(1765981331.090:2702): saddr=01002F7661722F72756E2F6D7973716C642F6D7973716C642E736F636BSADDR={ saddr_fam=local path=/var/run/mysqld/mysqld.sock }
type=PATH msg=audit(1765981331.090:2702): item=0 name="/var/run/mysqld/mysqld.sock" inode=1361 dev=00:18 mode=0140777 ouid=111 ogid=111 rdev=00:00 nametype=NORMAL cap_fp=0 cap_fi=0 cap_fe=0 cap_fver=0 cap_frootid=0OUID="mysql" OGID="mysql"
type=PROCTITLE msg=audit(1765981331.090:2702): proctitle=2F7573722F7362696E2F61706163686532002D6B007374617274
type=SYSCALL msg=audit(1765981331.798:2703): arch=c000003e syscall=42 success=yes exit=0 a0=e a1=7ffe1c35f3f0 a2=1d a3=1 items=1 ppid=2094 pid=2107 auid=4294967295 uid=33 gid=33 euid=33 suid=33 fsuid=33 egid=33 sgid=33 fsgid=33 tty=(none) ses=4294967295 comm="apache2" exe="/usr/sbin/apache2" subj=unconfined key="T1043_Commonly_Used_Port"ARCH=x86_64 SYSCALL=connect AUID="unset" UID="www-data" GID="www-data" EUID="www-data" SUID="www-data" FSUID="www-data" EGID="www-data" SGID="www-data" FSGID="www-data"
type=SOCKADDR msg=audit(1765981331.798:2703): saddr=01002F7661722F72756E2F6D7973716C642F6D7973716C642E736F636BSADDR={ saddr_fam=local path=/var/run/mysqld/mysqld.sock }
type=PATH msg=audit(1765981331.798:2703): item=0 name="/var/run/mysqld/mysqld.sock" inode=1361 dev=00:18 mode=0140777 ouid=111 ogid=111 rdev=00:00 nametype=NORMAL cap_fp=0 cap_fi=0 cap_fe=0 cap_fver=0 cap_frootid=0OUID="mysql" OGID="mysql"
type=PROCTITLE msg=audit(1765981331.798:2703): proctitle=2F7573722F7362696E2F61706163686532002D6B007374617274
type=SYSCALL msg=audit(1765981332.133:2704): arch=c000003e syscall=59 success=yes exit=0 a0=73a160fcb42f a1=7ffe1c360110 a2=7ffe1c3631a8 a3=8 items=2 ppid=2107 pid=2121 auid=4294967295 uid=33 gid=33 euid=33 suid=33 fsuid=33 egid=33 sgid=33 fsgid=33 tty=(none) ses=4294967295 comm="sh" exe="/usr/bin/dash" subj=unconfined key="T1166_Seuid_and_Setgid"ARCH=x86_64 SYSCALL=execve AUID="unset" UID="www-data" GID="www-data" EUID="www-data" SUID="www-data" FSUID="www-data" EGID="www-data" SGID="www-data" FSGID="www-data"
type=EXECVE msg=audit(1765981332.133:2704): argc=4 a0="sh" a1="-c" a2="--" a3=636F6D6D616E64202D76202D2D20276C696272656F666669636527
type=PATH msg=audit(1765981332.133:2704): item=0 name="/bin/sh" inode=1442345 dev=08:02 mode=0100755 ouid=0 ogid=0 rdev=00:00 nametype=NORMAL cap_fp=0 cap_fi=0 cap_fe=0 cap_fver=0 cap_frootid=0OUID="root" OGID="root"
type=PATH msg=audit(1765981332.133:2704): item=1 name="/lib64/ld-linux-x86-64.so.2" inode=1481429 dev=08:02 mode=0100755 ouid=0 ogid=0 rdev=00:00 nametype=NORMAL cap_fp=0 cap_fi=0 cap_fe=0 cap_fver=0 cap_frootid=0OUID="root" OGID="root"
type=PROCTITLE msg=audit(1765981332.133:2704): proctitle=7368002D63002D2D00636F6D6D616E64202D76202D2D20276C696272656F666669636527
type=SYSCALL msg=audit(1765981332.149:2705): arch=c000003e syscall=59 success=yes exit=0 a0=73a160fcb42f a1=7ffe1c360110 a2=7ffe1c3631a8 a3=8 items=2 ppid=2107 pid=2122 auid=4294967295 uid=33 gid=33 euid=33 suid=33 fsuid=33 egid=33 sgid=33 fsgid=33 tty=(none) ses=4294967295 comm="sh" exe="/usr/bin/dash" subj=unconfined key="T1166_Seuid_and_Setgid"ARCH=x86_64 SYSCALL=execve AUID="unset" UID="www-data" GID="www-data" EUID="www-data" SUID="www-data" FSUID="www-data" EGID="www-data" SGID="www-data" FSGID="www-data"
type=EXECVE msg=audit(1765981332.149:2705): argc=4 a0="sh" a1="-c" a2="--" a3=636F6D6D616E64202D76202D2D20276F70656E6F666669636527
type=PATH msg=audit(1765981332.149:2705): item=0 name="/bin/sh" inode=1442345 dev=08:02 mode=0100755 ouid=0 ogid=0 rdev=00:00 nametype=NORMAL cap_fp=0 cap_fi=0 cap_fe=0 cap_fver=0 cap_frootid=0OUID="root" OGID="root"
type=PATH msg=audit(1765981332.149:2705): item=1 name="/lib64/ld-linux-x86-64.so.2" inode=1481429 dev=08:02 mode=0100755 ouid=0 ogid=0 rdev=00:00 nametype=NORMAL cap_fp=0 cap_fi=0 cap_fe=0 cap_fver=0 cap_frootid=0OUID="root" OGID="root"
type=PROCTITLE msg=audit(1765981332.149:2705): proctitle=7368002D63002D2D00636F6D6D616E64202D76202D2D20276F70656E6F666669636527
type=SYSCALL msg=audit(1765981333.046:2706): arch=c000003e syscall=42 success=yes exit=0 a0=d a1=7ffe1c35f3f0 a2=1d a3=1 items=1 ppid=2094 pid=2107 auid=4294967295 uid=33 gid=33 euid=33 suid=33 fsuid=33 egid=33 sgid=33 fsgid=33 tty=(none) ses=4294967295 comm="apache2" exe="/usr/sbin/apache2" subj=unconfined key="T1043_Commonly_Used_Port"ARCH=x86_64 SYSCALL=connect AUID="unset" UID="www-data" GID="www-data" EUID="www-data" SUID="www-data" FSUID="www-data" EGID="www-data" SGID="www-data" FSGID="www-data"
type=SOCKADDR msg=audit(1765981333.046:2706): saddr=01002F7661722F72756E2F6D7973716C642F6D7973716C642E736F636BSADDR={ saddr_fam=local path=/var/run/mysqld/mysqld.sock }
type=PATH msg=audit(1765981333.046:2706): item=0 name="/var/run/mysqld/mysqld.sock" inode=1361 dev=00:18 mode=0140777 ouid=111 ogid=111 rdev=00:00 nametype=NORMAL cap_fp=0 cap_fi=0 cap_fe=0 cap_fver=0 cap_frootid=0OUID="mysql" OGID="mysql"
type=PROCTITLE msg=audit(1765981333.046:2706): proctitle=2F7573722F7362696E2F61706163686532002D6B007374617274
type=SYSCALL msg=audit(1765981334.182:2707): arch=c000003e syscall=42 success=yes exit=0 a0=d a1=7ffe1c35f3f0 a2=1d a3=1 items=1 ppid=2094 pid=2113 auid=4294967295 uid=33 gid=33 euid=33 suid=33 fsuid=33 egid=33 sgid=33 fsgid=33 tty=(none) ses=4294967295 comm="apache2" exe="/usr/sbin/apache2" subj=unconfined key="T1043_Commonly_Used_Port"ARCH=x86_64 SYSCALL=connect AUID="unset" UID="www-data" GID="www-data" EUID="www-data" SUID="www-data" FSUID="www-data" EGID="www-data" SGID="www-data" FSGID="www-data"
type=SOCKADDR msg=audit(1765981334.182:2707): saddr=01002F7661722F72756E2F6D7973716C642F6D7973716C642E736F636BSADDR={ saddr_fam=local path=/var/run/mysqld/mysqld.sock }
type=PATH msg=audit(1765981334.182:2707): item=0 name="/var/run/mysqld/mysqld.sock" inode=1361 dev=00:18 mode=0140777 ouid=111 ogid=111 rdev=00:00 nametype=NORMAL cap_fp=0 cap_fi=0 cap_fe=0 cap_fver=0 cap_frootid=0OUID="mysql" OGID="mysql"
type=PROCTITLE msg=audit(1765981334.182:2707): proctitle=2F7573722F7362696E2F61706163686532002D6B007374617274
type=SYSCALL msg=audit(1765981334.427:2708): arch=c000003e syscall=42 success=yes exit=0 a0=d a1=7ffe1c35f3f0 a2=1d a3=1 items=1 ppid=2094 pid=2113 auid=4294967295 uid=33 gid=33 euid=33 suid=33 fsuid=33 egid=33 sgid=33 fsgid=33 tty=(none) ses=4294967295 comm="apache2" exe="/usr/sbin/apache2" subj=unconfined key="T1043_Commonly_Used_Port"ARCH=x86_64 SYSCALL=connect AUID="unset" UID="www-data" GID="www-data" EUID="www-data" SUID="www-data" FSUID="www-data" EGID="www-data" SGID="www-data" FSGID="www-data"
type=SOCKADDR msg=audit(1765981334.427:2708): saddr=01002F7661722F72756E2F6D7973716C642F6D7973716C642E736F636BSADDR={ saddr_fam=local path=/var/run/mysqld/mysqld.sock }
type=PATH msg=audit(1765981334.427:2708): item=0 name="/var/run/mysqld/mysqld.sock" inode=1361 dev=00:18 mode=0140777 ouid=111 ogid=111 rdev=00:00 nametype=NORMAL cap_fp=0 cap_fi=0 cap_fe=0 cap_fver=0 cap_frootid=0OUID="mysql" OGID="mysql"
type=PROCTITLE msg=audit(1765981334.427:2708): proctitle=2F7573722F7362696E2F61706163686532002D6B007374617274
type=SYSCALL msg=audit(1765981334.562:2709): arch=c000003e syscall=42 success=yes exit=0 a0=e a1=7ffe1c35f3d0 a2=1d a3=1 items=1 ppid=2094 pid=2100 auid=4294967295 uid=33 gid=33 euid=33 suid=33 fsuid=33 egid=33 sgid=33 fsgid=33 tty=(none) ses=4294967295 comm="apache2" exe="/usr/sbin/apache2" subj=unconfined key="T1043_Commonly_Used_Port"ARCH=x86_64 SYSCALL=connect AUID="unset" UID="www-data" GID="www-data" EUID="www-data" SUID="www-data" FSUID="www-data" EGID="www-data" SGID="www-data" FSGID="www-data"
type=SOCKADDR msg=audit(1765981334.562:2709): saddr=01002F7661722F72756E2F6D7973716C642F6D7973716C642E736F636BSADDR={ saddr_fam=local path=/var/run/mysqld/mysqld.sock }
type=PATH msg=audit(1765981334.562:2709): item=0 name="/var/run/mysqld/mysqld.sock" inode=1361 dev=00:18 mode=0140777 ouid=111 ogid=111 rdev=00:00 nametype=NORMAL cap_fp=0 cap_fi=0 cap_fe=0 cap_fver=0 cap_frootid=0OUID="mysql" OGID="mysql"
type=PROCTITLE msg=audit(1765981334.562:2709): proctitle=2F7573722F7362696E2F61706163686532002D6B007374617274
type=SYSCALL msg=audit(1765981334.594:2710): arch=c000003e syscall=42 success=yes exit=0 a0=d a1=7ffe1c35f3d0 a2=1d a3=1 items=1 ppid=2094 pid=2098 auid=4294967295 uid=33 gid=33 euid=33 suid=33 fsuid=33 egid=33 sgid=33 fsgid=33 tty=(none) ses=4294967295 comm="apache2" exe="/usr/sbin/apache2" subj=unconfined key="T1043_Commonly_Used_Port"ARCH=x86_64 SYSCALL=connect AUID="unset" UID="www-data" GID="www-data" EUID="www-data" SUID="www-data" FSUID="www-data" EGID="www-data" SGID="www-data" FSGID="www-data"
type=SOCKADDR msg=audit(1765981334.594:2710): saddr=01002F7661722F72756E2F6D7973716C642F6D7973716C642E736F636BSADDR={ saddr_fam=local path=/var/run/mysqld/mysqld.sock }
type=PATH msg=audit(1765981334.594:2710): item=0 name="/var/run/mysqld/mysqld.sock" inode=1361 dev=00:18 mode=0140777 ouid=111 ogid=111 rdev=00:00 nametype=NORMAL cap_fp=0 cap_fi=0 cap_fe=0 cap_fver=0 cap_frootid=0OUID="mysql" OGID="mysql"
type=PROCTITLE msg=audit(1765981334.594:2710): proctitle=2F7573722F7362696E2F61706163686532002D6B007374617274
type=SYSCALL msg=audit(1765981335.582:2711): arch=c000003e syscall=42 success=yes exit=0 a0=d a1=7ffe1c35f3f0 a2=1d a3=1 items=1 ppid=2094 pid=2107 auid=4294967295 uid=33 gid=33 euid=33 suid=33 fsuid=33 egid=33 sgid=33 fsgid=33 tty=(none) ses=4294967295 comm="apache2" exe="/usr/sbin/apache2" subj=unconfined key="T1043_Commonly_Used_Port"ARCH=x86_64 SYSCALL=connect AUID="unset" UID="www-data" GID="www-data" EUID="www-data" SUID="www-data" FSUID="www-data" EGID="www-data" SGID="www-data" FSGID="www-data"
type=SOCKADDR msg=audit(1765981335.582:2711): saddr=01002F7661722F72756E2F6D7973716C642F6D7973716C642E736F636BSADDR={ saddr_fam=local path=/var/run/mysqld/mysqld.sock }
type=SYSCALL msg=audit(1765981335.582:2712): arch=c000003e syscall=42 success=yes exit=0 a0=d a1=7ffe1c35f3d0 a2=1d a3=1 items=1 ppid=2094 pid=2096 auid=4294967295 uid=33 gid=33 euid=33 suid=33 fsuid=33 egid=33 sgid=33 fsgid=33 tty=(none) ses=4294967295 comm="apache2" exe="/usr/sbin/apache2" subj=unconfined key="T1043_Commonly_Used_Port"ARCH=x86_64 SYSCALL=connect AUID="unset" UID="www-data" GID="www-data" EUID="www-data" SUID="www-data" FSUID="www-data" EGID="www-data" SGID="www-data" FSGID="www-data"
type=SOCKADDR msg=audit(1765981335.582:2712): saddr=01002F7661722F72756E2F6D7973716C642F6D7973716C642E736F636BSADDR={ saddr_fam=local path=/var/run/mysqld/mysqld.sock }
type=PATH msg=audit(1765981335.582:2712): item=0 name="/var/run/mysqld/mysqld.sock" inode=1361 dev=00:18 mode=0140777 ouid=111 ogid=111 rdev=00:00 nametype=NORMAL cap_fp=0 cap_fi=0 cap_fe=0 cap_fver=0 cap_frootid=0OUID="mysql" OGID="mysql"
type=PROCTITLE msg=audit(1765981335.582:2712): proctitle=2F7573722F7362696E2F61706163686532002D6B007374617274
type=PATH msg=audit(1765981335.582:2711): item=0 name="/var/run/mysqld/mysqld.sock" inode=1361 dev=00:18 mode=0140777 ouid=111 ogid=111 rdev=00:00 nametype=NORMAL cap_fp=0 cap_fi=0 cap_fe=0 cap_fver=0 cap_frootid=0OUID="mysql" OGID="mysql"
type=PROCTITLE msg=audit(1765981335.582:2711): proctitle=2F7573722F7362696E2F61706163686532002D6B007374617274
type=SYSCALL msg=audit(1765981335.582:2713): arch=c000003e syscall=42 success=yes exit=0 a0=d a1=7ffe1c35f3d0 a2=1d a3=1 items=1 ppid=2094 pid=2100 auid=4294967295 uid=33 gid=33 euid=33 suid=33 fsuid=33 egid=33 sgid=33 fsgid=33 tty=(none) ses=4294967295 comm="apache2" exe="/usr/sbin/apache2" subj=unconfined key="T1043_Commonly_Used_Port"ARCH=x86_64 SYSCALL=connect AUID="unset" UID="www-data" GID="www-data" EUID="www-data" SUID="www-data" FSUID="www-data" EGID="www-data" SGID="www-data" FSGID="www-data"
type=SOCKADDR msg=audit(1765981335.582:2713): saddr=01002F7661722F72756E2F6D7973716C642F6D7973716C642E736F636BSADDR={ saddr_fam=local path=/var/run/mysqld/mysqld.sock }
type=PATH msg=audit(1765981335.582:2713): item=0 name="/var/run/mysqld/mysqld.sock" inode=1361 dev=00:18 mode=0140777 ouid=111 ogid=111 rdev=00:00 nametype=NORMAL cap_fp=0 cap_fi=0 cap_fe=0 cap_fver=0 cap_frootid=0OUID="mysql" OGID="mysql"
type=PROCTITLE msg=audit(1765981335.582:2713): proctitle=2F7573722F7362696E2F61706163686532002D6B007374617274
type=SYSCALL msg=audit(1765981335.992:2714): arch=c000003e syscall=42 success=yes exit=0 a0=d a1=7ffe1c35f3f0 a2=1d a3=1 items=1 ppid=2094 pid=2107 auid=4294967295 uid=33 gid=33 euid=33 suid=33 fsuid=33 egid=33 sgid=33 fsgid=33 tty=(none) ses=4294967295 comm="apache2" exe="/usr/sbin/apache2" subj=unconfined key="T1043_Commonly_Used_Port"ARCH=x86_64 SYSCALL=connect AUID="unset" UID="www-data" GID="www-data" EUID="www-data" SUID="www-data" FSUID="www-data" EGID="www-data" SGID="www-data" FSGID="www-data"
type=SOCKADDR msg=audit(1765981335.992:2714): saddr=01002F7661722F72756E2F6D7973716C642F6D7973716C642E736F636BSADDR={ saddr_fam=local path=/var/run/mysqld/mysqld.sock }
type=PATH msg=audit(1765981335.992:2714): item=0 name="/var/run/mysqld/mysqld.sock" inode=1361 dev=00:18 mode=0140777 ouid=111 ogid=111 rdev=00:00 nametype=NORMAL cap_fp=0 cap_fi=0 cap_fe=0 cap_fver=0 cap_frootid=0OUID="mysql" OGID="mysql"
type=PROCTITLE msg=audit(1765981335.992:2714): proctitle=2F7573722F7362696E2F61706163686532002D6B007374617274
type=SYSCALL msg=audit(1765981336.029:2716): arch=c000003e syscall=42 success=yes exit=0 a0=d a1=7ffe1c35f3d0 a2=1d a3=1 items=1 ppid=2094 pid=2096 auid=4294967295 uid=33 gid=33 euid=33 suid=33 fsuid=33 egid=33 sgid=33 fsgid=33 tty=(none) ses=4294967295 comm="apache2" exe="/usr/sbin/apache2" subj=unconfined key="T1043_Commonly_Used_Port"ARCH=x86_64 SYSCALL=connect AUID="unset" UID="www-data" GID="www-data" EUID="www-data" SUID="www-data" FSUID="www-data" EGID="www-data" SGID="www-data" FSGID="www-data"
type=SOCKADDR msg=audit(1765981336.029:2716): saddr=01002F7661722F72756E2F6D7973716C642F6D7973716C642E736F636BSADDR={ saddr_fam=local path=/var/run/mysqld/mysqld.sock }
type=PATH msg=audit(1765981336.029:2716): item=0 name="/var/run/mysqld/mysqld.sock" inode=1361 dev=00:18 mode=0140777 ouid=111 ogid=111 rdev=00:00 nametype=NORMAL cap_fp=0 cap_fi=0 cap_fe=0 cap_fver=0 cap_frootid=0OUID="mysql" OGID="mysql"
type=PROCTITLE msg=audit(1765981336.029:2716): proctitle=2F7573722F7362696E2F61706163686532002D6B007374617274
type=SYSCALL msg=audit(1765981335.997:2715): arch=c000003e syscall=42 success=yes exit=0 a0=d a1=7ffe1c35f3d0 a2=1d a3=1 items=1 ppid=2094 pid=2100 auid=4294967295 uid=33 gid=33 euid=33 suid=33 fsuid=33 egid=33 sgid=33 fsgid=33 tty=(none) ses=4294967295 comm="apache2" exe="/usr/sbin/apache2" subj=unconfined key="T1043_Commonly_Used_Port"ARCH=x86_64 SYSCALL=connect AUID="unset" UID="www-data" GID="www-data" EUID="www-data" SUID="www-data" FSUID="www-data" EGID="www-data" SGID="www-data" FSGID="www-data"
type=SOCKADDR msg=audit(1765981335.997:2715): saddr=01002F7661722F72756E2F6D7973716C642F6D7973716C642E736F636BSADDR={ saddr_fam=local path=/var/run/mysqld/mysqld.sock }
type=PATH msg=audit(1765981335.997:2715): item=0 name="/var/run/mysqld/mysqld.sock" inode=1361 dev=00:18 mode=0140777 ouid=111 ogid=111 rdev=00:00 nametype=NORMAL cap_fp=0 cap_fi=0 cap_fe=0 cap_fver=0 cap_frootid=0OUID="mysql" OGID="mysql"
type=PROCTITLE msg=audit(1765981335.997:2715): proctitle=2F7573722F7362696E2F61706163686532002D6B007374617274
type=SYSCALL msg=audit(1765981337.539:2717): arch=c000003e syscall=42 success=yes exit=0 a0=d a1=7ffe1c35f3d0 a2=1d a3=1 items=1 ppid=2094 pid=2096 auid=4294967295 uid=33 gid=33 euid=33 suid=33 fsuid=33 egid=33 sgid=33 fsgid=33 tty=(none) ses=4294967295 comm="apache2" exe="/usr/sbin/apache2" subj=unconfined key="T1043_Commonly_Used_Port"ARCH=x86_64 SYSCALL=connect AUID="unset" UID="www-data" GID="www-data" EUID="www-data" SUID="www-data" FSUID="www-data" EGID="www-data" SGID="www-data" FSGID="www-data"
type=SOCKADDR msg=audit(1765981337.539:2717): saddr=01002F7661722F72756E2F6D7973716C642F6D7973716C642E736F636BSADDR={ saddr_fam=local path=/var/run/mysqld/mysqld.sock }
type=PATH msg=audit(1765981337.539:2717): item=0 name="/var/run/mysqld/mysqld.sock" inode=1361 dev=00:18 mode=0140777 ouid=111 ogid=111 rdev=00:00 nametype=NORMAL cap_fp=0 cap_fi=0 cap_fe=0 cap_fver=0 cap_frootid=0OUID="mysql" OGID="mysql"
type=PROCTITLE msg=audit(1765981337.539:2717): proctitle=2F7573722F7362696E2F61706163686532002D6B007374617274
type=SYSCALL msg=audit(1765981343.734:2718): arch=c000003e syscall=42 success=no exit=-115 a0=b a1=73a161112e20 a2=1c a3=73a160e18eb0 items=0 ppid=1 pid=2094 auid=4294967295 uid=0 gid=0 euid=0 suid=0 fsuid=0 egid=0 sgid=0 fsgid=0 tty=(none) ses=4294967295 comm="apache2" exe="/usr/sbin/apache2" subj=unconfined key="T1043_Commonly_Used_Port"ARCH=x86_64 SYSCALL=connect AUID="unset" UID="root" GID="root" EUID="root" SUID="root" FSUID="root" EGID="root" SGID="root" FSGID="root"
type=SOCKADDR msg=audit(1765981343.734:2718): saddr=0A000050000000000000000000000000000000000000000000000000SADDR={ saddr_fam=inet6 laddr=:: lport=80 }
type=PROCTITLE msg=audit(1765981343.734:2718): proctitle=2F7573722F7362696E2F61706163686532002D6B007374617274
type=SYSCALL msg=audit(1765981343.818:2719): arch=c000003e syscall=59 success=yes exit=0 a0=55f7af75f970 a1=55f7af718740 a2=55f7af619cc0 a3=55f7af635e70 items=2 ppid=1583 pid=2124 auid=1000 uid=0 gid=0 euid=0 suid=0 fsuid=0 egid=0 sgid=0 fsgid=0 tty=pts3 ses=6 comm="tail" exe="/usr/bin/tail" subj=unconfined key="T1078_Valid_Accounts"ARCH=x86_64 SYSCALL=execve AUID="vboxuser" UID="root" GID="root" EUID="root" SUID="root" FSUID="root" EGID="root" SGID="root" FSGID="root"
type=EXECVE msg=audit(1765981343.818:2719): argc=4 a0="tail" a1="-c" a2="+10571546" a3="/var/www/nextcloud/data/nextcloud.log"
type=PATH msg=audit(1765981343.818:2719): item=0 name="/usr/bin/tail" inode=1442904 dev=08:02 mode=0100755 ouid=0 ogid=0 rdev=00:00 nametype=NORMAL cap_fp=0 cap_fi=0 cap_fe=0 cap_fver=0 cap_frootid=0OUID="root" OGID="root"
type=PATH msg=audit(1765981343.818:2719): item=1 name="/lib64/ld-linux-x86-64.so.2" inode=1481429 dev=08:02 mode=0100755 ouid=0 ogid=0 rdev=00:00 nametype=NORMAL cap_fp=0 cap_fi=0 cap_fe=0 cap_fver=0 cap_frootid=0OUID="root" OGID="root"
type=PROCTITLE msg=audit(1765981343.818:2719): proctitle=7461696C002D63002B3130353731353436002F7661722F7777772F6E657874636C6F75642F646174612F6E657874636C6F75642E6C6F67
type=SYSCALL msg=audit(1765981343.958:2720): arch=c000003e syscall=59 success=yes exit=0 a0=55f7af75fa30 a1=55f7af718aa0 a2=55f7af619cc0 a3=55f7af75f480 items=2 ppid=1583 pid=2125 auid=1000 uid=0 gid=0 euid=0 suid=0 fsuid=0 egid=0 sgid=0 fsgid=0 tty=pts3 ses=6 comm="tail" exe="/usr/bin/tail" subj=unconfined key="T1078_Valid_Accounts"ARCH=x86_64 SYSCALL=execve AUID="vboxuser" UID="root" GID="root" EUID="root" SUID="root" FSUID="root" EGID="root" SGID="root" FSGID="root"
type=EXECVE msg=audit(1765981343.958:2720): argc=4 a0="tail" a1="-c" a2="+865743" a3="/var/log/syslog"
type=PATH msg=audit(1765981343.958:2720): item=0 name="/usr/bin/tail" inode=1442904 dev=08:02 mode=0100755 ouid=0 ogid=0 rdev=00:00 nametype=NORMAL cap_fp=0 cap_fi=0 cap_fe=0 cap_fver=0 cap_frootid=0OUID="root" OGID="root"
type=PATH msg=audit(1765981343.958:2720): item=1 name="/lib64/ld-linux-x86-64.so.2" inode=1481429 dev=08:02 mode=0100755 ouid=0 ogid=0 rdev=00:00 nametype=NORMAL cap_fp=0 cap_fi=0 cap_fe=0 cap_fver=0 cap_frootid=0OUID="root" OGID="root"
type=PROCTITLE msg=audit(1765981343.958:2720): proctitle=7461696C002D63002B383635373433002F7661722F6C6F672F7379736C6F67
type=SYSCALL msg=audit(1765981344.040:2721): arch=c000003e syscall=59 success=yes exit=0 a0=55f7af6f8e90 a1=55f7af718aa0 a2=55f7af619cc0 a3=55f7af75fb30 items=2 ppid=1583 pid=2126 auid=1000 uid=0 gid=0 euid=0 suid=0 fsuid=0 egid=0 sgid=0 fsgid=0 tty=pts3 ses=6 comm="tail" exe="/usr/bin/tail" subj=unconfined key="T1078_Valid_Accounts"ARCH=x86_64 SYSCALL=execve AUID="vboxuser" UID="root" GID="root" EUID="root" SUID="root" FSUID="root" EGID="root" SGID="root" FSGID="root"
type=EXECVE msg=audit(1765981344.040:2721): argc=4 a0="tail" a1="-c" a2="+56261" a3="/var/log/auth.log"
type=PATH msg=audit(1765981344.040:2721): item=0 name="/usr/bin/tail" inode=1442904 dev=08:02 mode=0100755 ouid=0 ogid=0 rdev=00:00 nametype=NORMAL cap_fp=0 cap_fi=0 cap_fe=0 cap_fver=0 cap_frootid=0OUID="root" OGID="root"
type=PATH msg=audit(1765981344.040:2721): item=1 name="/lib64/ld-linux-x86-64.so.2" inode=1481429 dev=08:02 mode=0100755 ouid=0 ogid=0 rdev=00:00 nametype=NORMAL cap_fp=0 cap_fi=0 cap_fe=0 cap_fver=0 cap_frootid=0OUID="root" OGID="root"
type=PROCTITLE msg=audit(1765981344.040:2721): proctitle=7461696C002D63002B3536323631002F7661722F6C6F672F617574682E6C6F67
type=SYSCALL msg=audit(1765981344.122:2722): arch=c000003e syscall=59 success=yes exit=0 a0=55f7af6f8e50 a1=55f7af718740 a2=55f7af619cc0 a3=55f7af75fb70 items=2 ppid=1583 pid=2127 auid=1000 uid=0 gid=0 euid=0 suid=0 fsuid=0 egid=0 sgid=0 fsgid=0 tty=pts3 ses=6 comm="tail" exe="/usr/bin/tail" subj=unconfined key="T1078_Valid_Accounts"ARCH=x86_64 SYSCALL=execve AUID="vboxuser" UID="root" GID="root" EUID="root" SUID="root" FSUID="root" EGID="root" SGID="root" FSGID="root"
type=EXECVE msg=audit(1765981344.122:2722): argc=4 a0="tail" a1="-c" a2="+150541750" a3="/var/log/audit/audit.log"
type=PATH msg=audit(1765981344.122:2722): item=0 name="/usr/bin/tail" inode=1442904 dev=08:02 mode=0100755 ouid=0 ogid=0 rdev=00:00 nametype=NORMAL cap_fp=0 cap_fi=0 cap_fe=0 cap_fver=0 cap_frootid=0OUID="root" OGID="root"
type=PATH msg=audit(1765981344.122:2722): item=1 name="/lib64/ld-linux-x86-64.so.2" inode=1481429 dev=08:02 mode=0100755 ouid=0 ogid=0 rdev=00:00 nametype=NORMAL cap_fp=0 cap_fi=0 cap_fe=0 cap_fver=0 cap_frootid=0OUID="root" OGID="root"
type=PROCTITLE msg=audit(1765981344.122:2722): proctitle=7461696C002D63002B313530353431373530002F7661722F6C6F672F61756469742F61756469742E6C6F67
type=SYSCALL msg=audit(1765981344.127:2723): arch=c000003e syscall=257 success=yes exit=3 a0=ffffff9c a1=7fffde6da6c3 a2=0 a3=0 items=1 ppid=1583 pid=2127 auid=1000 uid=0 gid=0 euid=0 suid=0 fsuid=0 egid=0 sgid=0 fsgid=0 tty=pts3 ses=6 comm="tail" exe="/usr/bin/tail" subj=unconfined key="auditlog"ARCH=x86_64 SYSCALL=openat AUID="vboxuser" UID="root" GID="root" EUID="root" SUID="root" FSUID="root" EGID="root" SGID="root" FSGID="root"
type=PATH msg=audit(1765981344.127:2723): item=0 name="/var/log/audit/audit.log" inode=659339 dev=08:02 mode=0100640 ouid=0 ogid=4 rdev=00:00 nametype=NORMAL cap_fp=0 cap_fi=0 cap_fe=0 cap_fver=0 cap_frootid=0OUID="root" OGID="adm"
type=PROCTITLE msg=audit(1765981344.127:2723): proctitle=7461696C002D63002B313530353431373530002F7661722F6C6F672F61756469742F61756469742E6C6F67type=SYSCALL msg=audit(1765975456.873:2509): arch=c000003e syscall=42 success=yes exit=0 a0=e a1=7ffc7c771ea0 a2=1d a3=1 items=1 ppid=883 pid=1611 auid=4294967295 uid=33 gid=33 euid=33 suid=33 fsuid=33 egid=33 sgid=33 fsgid=33 tty=(none) ses=4294967295 comm="apache2" exe="/usr/sbin/apache2" subj=unconfined key="T1043_Commonly_Used_Port"ARCH=x86_64 SYSCALL=connect AUID="unset" UID="www-data" GID="www-data" EUID="www-data" SUID="www-data" FSUID="www-data" EGID="www-data" SGID="www-data" FSGID="www-data"
type=SOCKADDR msg=audit(1765975456.873:2509): saddr=01002F7661722F72756E2F6D7973716C642F6D7973716C642E736F636BSADDR={ saddr_fam=local path=/var/run/mysqld/mysqld.sock }
type=PATH msg=audit(1765975456.873:2509): item=0 name="/var/run/mysqld/mysqld.sock" inode=1359 dev=00:18 mode=0140777 ouid=111 ogid=111 rdev=00:00 nametype=NORMAL cap_fp=0 cap_fi=0 cap_fe=0 cap_fver=0 cap_frootid=0OUID="mysql" OGID="mysql"
type=PROCTITLE msg=audit(1765975456.873:2509): proctitle=2F7573722F7362696E2F61706163686532002D6B007374617274
type=SYSCALL msg=audit(1765975456.991:2510): arch=c000003e syscall=106 success=yes exit=0 a0=21 a1=7f8f90b904a0 a2=0 a3=22 items=0 ppid=883 pid=1692 auid=4294967295 uid=0 gid=33 euid=0 suid=0 fsuid=0 egid=33 sgid=33 fsgid=33 tty=(none) ses=4294967295 comm="apache2" exe="/usr/sbin/apache2" subj=unconfined key="T1166_Seuid_and_Setgid"ARCH=x86_64 SYSCALL=setgid AUID="unset" UID="root" GID="www-data" EUID="root" SUID="root" FSUID="root" EGID="www-data" SGID="www-data" FSGID="www-data"
type=PROCTITLE msg=audit(1765975456.991:2510): proctitle=2F7573722F7362696E2F61706163686532002D6B007374617274
type=SYSCALL msg=audit(1765975456.991:2511): arch=c000003e syscall=42 success=yes exit=0 a0=c a1=7ffc7c775370 a2=2d a3=55a3514ee2c0 items=1 ppid=883 pid=1692 auid=4294967295 uid=0 gid=33 euid=0 suid=0 fsuid=0 egid=33 sgid=33 fsgid=33 tty=(none) ses=4294967295 comm="apache2" exe="/usr/sbin/apache2" subj=unconfined key="T1043_Commonly_Used_Port"ARCH=x86_64 SYSCALL=connect AUID="unset" UID="root" GID="www-data" EUID="root" SUID="root" FSUID="root" EGID="www-data" SGID="www-data" FSGID="www-data"
type=SOCKADDR msg=audit(1765975456.991:2511): saddr=01002F72756E2F73797374656D642F7573657264622F696F2E73797374656D642E44796E616D69635573657200SADDR={ saddr_fam=local path=/run/systemd/userdb/io.systemd.DynamicUser }
type=PATH msg=audit(1765975456.991:2511): item=0 name="/run/systemd/userdb/io.systemd.DynamicUser" inode=442 dev=00:18 mode=0140666 ouid=0 ogid=0 rdev=00:00 nametype=NORMAL cap_fp=0 cap_fi=0 cap_fe=0 cap_fver=0 cap_frootid=0OUID="root" OGID="root"
type=PROCTITLE msg=audit(1765975456.991:2511): proctitle=2F7573722F7362696E2F61706163686532002D6B007374617274
type=SYSCALL msg=audit(1765975456.998:2512): arch=c000003e syscall=105 success=yes exit=0 a0=21 a1=55a351365e70 a2=55a60b7bfae5 a3=55a351365e80 items=0 ppid=883 pid=1692 auid=4294967295 uid=33 gid=33 euid=33 suid=33 fsuid=33 egid=33 sgid=33 fsgid=33 tty=(none) ses=4294967295 comm="apache2" exe="/usr/sbin/apache2" subj=unconfined key="T1166_Seuid_and_Setgid"ARCH=x86_64 SYSCALL=setuid AUID="unset" UID="www-data" GID="www-data" EUID="www-data" SUID="www-data" FSUID="www-data" EGID="www-data" SGID="www-data" FSGID="www-data"
type=PROCTITLE msg=audit(1765975456.998:2512): proctitle=2F7573722F7362696E2F61706163686532002D6B007374617274
type=SYSCALL msg=audit(1765975498.541:2513): arch=c000003e syscall=59 success=yes exit=0 a0=61cfd20a9770 a1=61cfd20a3020 a2=61cfd2089960 a3=61cfd20a3020 items=2 ppid=1308 pid=1695 auid=1000 uid=0 gid=0 euid=0 suid=0 fsuid=0 egid=0 sgid=0 fsgid=0 tty=pts1 ses=2 comm="vim" exe="/usr/bin/vim.basic" subj=unconfined key="T1078_Valid_Accounts"ARCH=x86_64 SYSCALL=execve AUID="vboxuser" UID="root" GID="root" EUID="root" SUID="root" FSUID="root" EGID="root" SGID="root" FSGID="root"
type=EXECVE msg=audit(1765975498.541:2513): argc=2 a0="vim" a1="config/config.php"
type=PATH msg=audit(1765975498.541:2513): item=0 name="/usr/bin/vim" inode=1483710 dev=08:02 mode=0100755 ouid=0 ogid=0 rdev=00:00 nametype=NORMAL cap_fp=0 cap_fi=0 cap_fe=0 cap_fver=0 cap_frootid=0OUID="root" OGID="root"
type=PATH msg=audit(1765975498.541:2513): item=1 name="/lib64/ld-linux-x86-64.so.2" inode=1481429 dev=08:02 mode=0100755 ouid=0 ogid=0 rdev=00:00 nametype=NORMAL cap_fp=0 cap_fi=0 cap_fe=0 cap_fver=0 cap_frootid=0OUID="root" OGID="root"
type=PROCTITLE msg=audit(1765975498.541:2513): proctitle=76696D00636F6E6669672F636F6E6669672E706870
type=SYSCALL msg=audit(1765975498.785:2514): arch=c000003e syscall=87 success=yes exit=0 a0=5e293b6a1330 a1=7ffd97b7d360 a2=4 a3=180 items=2 ppid=1308 pid=1695 auid=1000 uid=0 gid=0 euid=0 suid=0 fsuid=0 egid=0 sgid=0 fsgid=0 tty=pts1 ses=2 comm="vim" exe="/usr/bin/vim.basic" subj=unconfined key="T1107_File_Deletion"ARCH=x86_64 SYSCALL=unlink AUID="vboxuser" UID="root" GID="root" EUID="root" SUID="root" FSUID="root" EGID="root" SGID="root" FSGID="root"
type=PATH msg=audit(1765975498.785:2514): item=0 name="/var/tmp/" inode=655389 dev=08:02 mode=041777 ouid=0 ogid=0 rdev=00:00 nametype=PARENT cap_fp=0 cap_fi=0 cap_fe=0 cap_fver=0 cap_frootid=0OUID="root" OGID="root"
type=PATH msg=audit(1765975498.785:2514): item=1 name="/var/tmp/config.php.swx" inode=706892 dev=08:02 mode=0100600 ouid=0 ogid=0 rdev=00:00 nametype=DELETE cap_fp=0 cap_fi=0 cap_fe=0 cap_fver=0 cap_frootid=0OUID="root" OGID="root"
type=PROCTITLE msg=audit(1765975498.785:2514): proctitle=76696D00636F6E6669672F636F6E6669672E706870
type=SYSCALL msg=audit(1765975498.785:2515): arch=c000003e syscall=87 success=yes exit=0 a0=5e293b6a18e0 a1=7ffd97b7d360 a2=4 a3=180 items=2 ppid=1308 pid=1695 auid=1000 uid=0 gid=0 euid=0 suid=0 fsuid=0 egid=0 sgid=0 fsgid=0 tty=pts1 ses=2 comm="vim" exe="/usr/bin/vim.basic" subj=unconfined key="T1107_File_Deletion"ARCH=x86_64 SYSCALL=unlink AUID="vboxuser" UID="root" GID="root" EUID="root" SUID="root" FSUID="root" EGID="root" SGID="root" FSGID="root"
type=PATH msg=audit(1765975498.785:2515): item=0 name="/var/tmp/" inode=655389 dev=08:02 mode=041777 ouid=0 ogid=0 rdev=00:00 nametype=PARENT cap_fp=0 cap_fi=0 cap_fe=0 cap_fver=0 cap_frootid=0OUID="root" OGID="root"
type=PATH msg=audit(1765975498.785:2515): item=1 name="/var/tmp/config.php.swp" inode=706829 dev=08:02 mode=0100600 ouid=0 ogid=0 rdev=00:00 nametype=DELETE cap_fp=0 cap_fi=0 cap_fe=0 cap_fver=0 cap_frootid=0OUID="root" OGID="root"
type=PROCTITLE msg=audit(1765975498.785:2515): proctitle=76696D00636F6E6669672F636F6E6669672E706870
type=SYSCALL msg=audit(1765975501.490:2516): arch=c000003e syscall=257 success=yes exit=7 a0=ffffff9c a1=7b42d43cf347 a2=80000 a3=0 items=1 ppid=765 pid=1697 auid=4294967295 uid=0 gid=0 euid=0 suid=0 fsuid=0 egid=0 sgid=0 fsgid=0 tty=(none) ses=4294967295 comm="cron" exe="/usr/sbin/cron" subj=unconfined key="T1087_Account_Discovery"ARCH=x86_64 SYSCALL=openat AUID="unset" UID="root" GID="root" EUID="root" SUID="root" FSUID="root" EGID="root" SGID="root" FSGID="root"
type=PATH msg=audit(1765975501.490:2516): item=0 name="/etc/shadow" inode=1050300 dev=08:02 mode=0100640 ouid=0 ogid=42 rdev=00:00 nametype=NORMAL cap_fp=0 cap_fi=0 cap_fe=0 cap_fver=0 cap_frootid=0OUID="root" OGID="shadow"
type=PROCTITLE msg=audit(1765975501.490:2516): proctitle=2F7573722F7362696E2F43524F4E002D66002D50
type=USER_ACCT msg=audit(1765975501.490:2517): pid=1697 uid=0 auid=4294967295 ses=4294967295 subj=unconfined msg='op=PAM:accounting grantors=pam_permit acct="root" exe="/usr/sbin/cron" hostname=? addr=? terminal=cron res=success'UID="root" AUID="unset"
type=CRED_ACQ msg=audit(1765975501.492:2518): pid=1697 uid=0 auid=4294967295 ses=4294967295 subj=unconfined msg='op=PAM:setcred grantors=pam_permit,pam_cap acct="root" exe="/usr/sbin/cron" hostname=? addr=? terminal=cron res=success'UID="root" AUID="unset"
type=LOGIN msg=audit(1765975501.492:2519): pid=1697 uid=0 subj=unconfined old-auid=4294967295 auid=0 tty=(none) old-ses=4294967295 ses=7 res=1UID="root" OLD-AUID="unset" AUID="root"
type=SYSCALL msg=audit(1765975501.492:2519): arch=c000003e syscall=1 success=yes exit=1 a0=7 a1=7ffdd4284a60 a2=1 a3=0 items=0 ppid=765 pid=1697 auid=0 uid=0 gid=0 euid=0 suid=0 fsuid=0 egid=0 sgid=0 fsgid=0 tty=(none) ses=7 comm="cron" exe="/usr/sbin/cron" subj=unconfined key=(null)ARCH=x86_64 SYSCALL=write AUID="root" UID="root" GID="root" EUID="root" SUID="root" FSUID="root" EGID="root" SGID="root" FSGID="root"
type=PROCTITLE msg=audit(1765975501.492:2519): proctitle=2F7573722F7362696E2F43524F4E002D66002D50
type=USER_START msg=audit(1765975501.493:2520): pid=1697 uid=0 auid=0 ses=7 subj=unconfined msg='op=PAM:session_open grantors=pam_loginuid,pam_env,pam_env,pam_permit,pam_umask,pam_unix,pam_limits acct="root" exe="/usr/sbin/cron" hostname=? addr=? terminal=cron res=success'UID="root" AUID="root"
type=SYSCALL msg=audit(1765975501.494:2521): arch=c000003e syscall=106 success=yes exit=0 a0=0 a1=65373bdc3900 a2=653168aecbb3 a3=65373bdc3910 items=0 ppid=1697 pid=1698 auid=0 uid=0 gid=0 euid=0 suid=0 fsuid=0 egid=0 sgid=0 fsgid=0 tty=(none) ses=7 comm="cron" exe="/usr/sbin/cron" subj=unconfined key="T1166_Seuid_and_Setgid"ARCH=x86_64 SYSCALL=setgid AUID="root" UID="root" GID="root" EUID="root" SUID="root" FSUID="root" EGID="root" SGID="root" FSGID="root"
type=PROCTITLE msg=audit(1765975501.494:2521): proctitle=2F7573722F7362696E2F43524F4E002D66002D50
type=CRED_REFR msg=audit(1765975501.496:2522): pid=1698 uid=0 auid=0 ses=7 subj=unconfined msg='op=PAM:setcred grantors=pam_permit,pam_cap acct="root" exe="/usr/sbin/cron" hostname=? addr=? terminal=cron res=success'UID="root" AUID="root"
type=SYSCALL msg=audit(1765975501.496:2523): arch=c000003e syscall=105 success=yes exit=0 a0=0 a1=65373bdcf5e0 a2=653168af481f a3=65373bdcf5f0 items=0 ppid=1697 pid=1698 auid=0 uid=0 gid=0 euid=0 suid=0 fsuid=0 egid=0 sgid=0 fsgid=0 tty=(none) ses=7 comm="cron" exe="/usr/sbin/cron" subj=unconfined key="T1166_Seuid_and_Setgid"ARCH=x86_64 SYSCALL=setuid AUID="root" UID="root" GID="root" EUID="root" SUID="root" FSUID="root" EGID="root" SGID="root" FSGID="root"
type=PROCTITLE msg=audit(1765975501.496:2523): proctitle=2F7573722F7362696E2F43524F4E002D66002D50
type=SYSCALL msg=audit(1765975501.496:2524): arch=c000003e syscall=59 success=yes exit=0 a0=65373bdcf5d6 a1=7ffdd4284b10 a2=65373bddd0b0 a3=65373bdcf5d6 items=2 ppid=1697 pid=1698 auid=0 uid=0 gid=0 euid=0 suid=0 fsuid=0 egid=0 sgid=0 fsgid=0 tty=(none) ses=7 comm="sh" exe="/usr/bin/dash" subj=unconfined key="T1078_Valid_Accounts"ARCH=x86_64 SYSCALL=execve AUID="root" UID="root" GID="root" EUID="root" SUID="root" FSUID="root" EGID="root" SGID="root" FSGID="root"
type=EXECVE msg=audit(1765975501.496:2524): argc=3 a0="/bin/sh" a1="-c" a2=636F6D6D616E64202D762064656269616E2D736131203E202F6465762F6E756C6C2026262064656269616E2D73613120312031
type=PATH msg=audit(1765975501.496:2524): item=0 name="/bin/sh" inode=1442345 dev=08:02 mode=0100755 ouid=0 ogid=0 rdev=00:00 nametype=NORMAL cap_fp=0 cap_fi=0 cap_fe=0 cap_fver=0 cap_frootid=0OUID="root" OGID="root"
type=PATH msg=audit(1765975501.496:2524): item=1 name="/lib64/ld-linux-x86-64.so.2" inode=1481429 dev=08:02 mode=0100755 ouid=0 ogid=0 rdev=00:00 nametype=NORMAL cap_fp=0 cap_fi=0 cap_fe=0 cap_fver=0 cap_frootid=0OUID="root" OGID="root"
type=PROCTITLE msg=audit(1765975501.496:2524): proctitle=2F7573722F7362696E2F43524F4E002D66002D50
type=SYSCALL msg=audit(1765975501.503:2525): arch=c000003e syscall=59 success=yes exit=0 a0=5a724fbf9538 a1=5a724fbf94e0 a2=5a724fbf9500 a3=8 items=3 ppid=1698 pid=1699 auid=0 uid=0 gid=0 euid=0 suid=0 fsuid=0 egid=0 sgid=0 fsgid=0 tty=(none) ses=7 comm="debian-sa1" exe="/usr/bin/dash" subj=unconfined key="T1078_Valid_Accounts"ARCH=x86_64 SYSCALL=execve AUID="root" UID="root" GID="root" EUID="root" SUID="root" FSUID="root" EGID="root" SGID="root" FSGID="root"
type=EXECVE msg=audit(1765975501.503:2525): argc=4 a0="/bin/sh" a1="/usr/lib/sysstat/debian-sa1" a2="1" a3="1"
type=PATH msg=audit(1765975501.503:2525): item=0 name="/usr/lib/sysstat/debian-sa1" inode=1456136 dev=08:02 mode=0100755 ouid=0 ogid=0 rdev=00:00 nametype=NORMAL cap_fp=0 cap_fi=0 cap_fe=0 cap_fver=0 cap_frootid=0OUID="root" OGID="root"
type=PATH msg=audit(1765975501.503:2525): item=1 name="/bin/sh" inode=1442345 dev=08:02 mode=0100755 ouid=0 ogid=0 rdev=00:00 nametype=NORMAL cap_fp=0 cap_fi=0 cap_fe=0 cap_fver=0 cap_frootid=0OUID="root" OGID="root"
type=PATH msg=audit(1765975501.503:2525): item=2 name="/lib64/ld-linux-x86-64.so.2" inode=1481429 dev=08:02 mode=0100755 ouid=0 ogid=0 rdev=00:00 nametype=NORMAL cap_fp=0 cap_fi=0 cap_fe=0 cap_fver=0 cap_frootid=0OUID="root" OGID="root"
type=PROCTITLE msg=audit(1765975501.503:2525): proctitle=2F62696E2F7368002F7573722F6C69622F737973737461742F64656269616E2D73613100310031
type=CRED_DISP msg=audit(1765975501.507:2526): pid=1697 uid=0 auid=0 ses=7 subj=unconfined msg='op=PAM:setcred grantors=pam_permit acct="root" exe="/usr/sbin/cron" hostname=? addr=? terminal=cron res=success'UID="root" AUID="root"
type=USER_END msg=audit(1765975501.509:2527): pid=1697 uid=0 auid=0 ses=7 subj=unconfined msg='op=PAM:session_close grantors=pam_loginuid,pam_env,pam_env,pam_permit,pam_umask,pam_unix,pam_limits acct="root" exe="/usr/sbin/cron" hostname=? addr=? terminal=cron res=success'UID="root" AUID="root"
type=SYSCALL msg=audit(1765975506.529:2528): arch=c000003e syscall=87 success=yes exit=0 a0=5e293b5ba570 a1=5e293b5ba570 a2=7ffd97b7c1e0 a3=0 items=2 ppid=1308 pid=1695 auid=1000 uid=0 gid=0 euid=0 suid=0 fsuid=0 egid=0 sgid=0 fsgid=0 tty=pts1 ses=2 comm="vim" exe="/usr/bin/vim.basic" subj=unconfined key="T1107_File_Deletion"ARCH=x86_64 SYSCALL=unlink AUID="vboxuser" UID="root" GID="root" EUID="root" SUID="root" FSUID="root" EGID="root" SGID="root" FSGID="root"
type=PATH msg=audit(1765975506.529:2528): item=0 name="/root/" inode=1048578 dev=08:02 mode=040700 ouid=0 ogid=0 rdev=00:00 nametype=PARENT cap_fp=0 cap_fi=0 cap_fe=0 cap_fver=0 cap_frootid=0OUID="root" OGID="root"
type=PATH msg=audit(1765975506.529:2528): item=1 name="/root/.viminfo" inode=1051134 dev=08:02 mode=0100600 ouid=0 ogid=0 rdev=00:00 nametype=DELETE cap_fp=0 cap_fi=0 cap_fe=0 cap_fver=0 cap_frootid=0OUID="root" OGID="root"
type=PROCTITLE msg=audit(1765975506.529:2528): proctitle=76696D00636F6E6669672F636F6E6669672E706870
type=SYSCALL msg=audit(1765975506.529:2529): arch=c000003e syscall=82 success=yes exit=0 a0=5e293b62b660 a1=5e293b5ba570 a2=7ffd97b7c1e0 a3=0 items=4 ppid=1308 pid=1695 auid=1000 uid=0 gid=0 euid=0 suid=0 fsuid=0 egid=0 sgid=0 fsgid=0 tty=pts1 ses=2 comm="vim" exe="/usr/bin/vim.basic" subj=unconfined key="T1107_File_Deletion"ARCH=x86_64 SYSCALL=rename AUID="vboxuser" UID="root" GID="root" EUID="root" SUID="root" FSUID="root" EGID="root" SGID="root" FSGID="root"
type=PATH msg=audit(1765975506.529:2529): item=0 name="/root/" inode=1048578 dev=08:02 mode=040700 ouid=0 ogid=0 rdev=00:00 nametype=PARENT cap_fp=0 cap_fi=0 cap_fe=0 cap_fver=0 cap_frootid=0OUID="root" OGID="root"
type=PATH msg=audit(1765975506.529:2529): item=1 name="/root/" inode=1048578 dev=08:02 mode=040700 ouid=0 ogid=0 rdev=00:00 nametype=PARENT cap_fp=0 cap_fi=0 cap_fe=0 cap_fver=0 cap_frootid=0OUID="root" OGID="root"
type=PATH msg=audit(1765975506.529:2529): item=2 name="/root/.viminfo.tmp" inode=1049747 dev=08:02 mode=0100600 ouid=0 ogid=0 rdev=00:00 nametype=DELETE cap_fp=0 cap_fi=0 cap_fe=0 cap_fver=0 cap_frootid=0OUID="root" OGID="root"
type=PATH msg=audit(1765975506.529:2529): item=3 name="/root/.viminfo" inode=1049747 dev=08:02 mode=0100600 ouid=0 ogid=0 rdev=00:00 nametype=CREATE cap_fp=0 cap_fi=0 cap_fe=0 cap_fver=0 cap_frootid=0OUID="root" OGID="root"
type=PROCTITLE msg=audit(1765975506.529:2529): proctitle=76696D00636F6E6669672F636F6E6669672E706870
type=SYSCALL msg=audit(1765975506.532:2530): arch=c000003e syscall=87 success=yes exit=0 a0=5e293b6a1880 a1=0 a2=0 a3=5e2911351c60 items=2 ppid=1308 pid=1695 auid=1000 uid=0 gid=0 euid=0 suid=0 fsuid=0 egid=0 sgid=0 fsgid=0 tty=pts1 ses=2 comm="vim" exe="/usr/bin/vim.basic" subj=unconfined key="T1107_File_Deletion"ARCH=x86_64 SYSCALL=unlink AUID="vboxuser" UID="root" GID="root" EUID="root" SUID="root" FSUID="root" EGID="root" SGID="root" FSGID="root"
type=PATH msg=audit(1765975506.532:2530): item=0 name="/var/tmp/" inode=655389 dev=08:02 mode=041777 ouid=0 ogid=0 rdev=00:00 nametype=PARENT cap_fp=0 cap_fi=0 cap_fe=0 cap_fver=0 cap_frootid=0OUID="root" OGID="root"
type=PATH msg=audit(1765975506.532:2530): item=1 name="/var/tmp/config.php.swp" inode=706829 dev=08:02 mode=0100600 ouid=0 ogid=0 rdev=00:00 nametype=DELETE cap_fp=0 cap_fi=0 cap_fe=0 cap_fver=0 cap_frootid=0OUID="root" OGID="root"
type=PROCTITLE msg=audit(1765975506.532:2530): proctitle=76696D00636F6E6669672F636F6E6669672E706870
type=SYSCALL msg=audit(1765975598.966:2531): arch=c000003e syscall=59 success=yes exit=0 a0=61cfd20ef510 a1=61cfd20a97d0 a2=61cfd2089960 a3=61cfd20a97d0 items=2 ppid=1308 pid=1701 auid=1000 uid=0 gid=0 euid=0 suid=0 fsuid=0 egid=0 sgid=0 fsgid=0 tty=pts1 ses=2 comm="ls" exe="/usr/bin/ls" subj=unconfined key="T1078_Valid_Accounts"ARCH=x86_64 SYSCALL=execve AUID="vboxuser" UID="root" GID="root" EUID="root" SUID="root" FSUID="root" EGID="root" SGID="root" FSGID="root"
type=EXECVE msg=audit(1765975598.966:2531): argc=2 a0="ls" a1="--color=auto"
type=PATH msg=audit(1765975598.966:2531): item=0 name="/usr/bin/ls" inode=1442533 dev=08:02 mode=0100755 ouid=0 ogid=0 rdev=00:00 nametype=NORMAL cap_fp=0 cap_fi=0 cap_fe=0 cap_fver=0 cap_frootid=0OUID="root" OGID="root"
type=PATH msg=audit(1765975598.966:2531): item=1 name="/lib64/ld-linux-x86-64.so.2" inode=1481429 dev=08:02 mode=0100755 ouid=0 ogid=0 rdev=00:00 nametype=NORMAL cap_fp=0 cap_fi=0 cap_fe=0 cap_fver=0 cap_frootid=0OUID="root" OGID="root"
type=PROCTITLE msg=audit(1765975598.966:2531): proctitle=6C73002D2D636F6C6F723D6175746F
type=SYSCALL msg=audit(1765975613.368:2532): arch=c000003e syscall=59 success=yes exit=0 a0=61cfd20ef390 a1=61cfd20ef570 a2=61cfd2089960 a3=61cfd20ef570 items=2 ppid=1308 pid=1702 auid=1000 uid=0 gid=0 euid=0 suid=0 fsuid=0 egid=0 sgid=0 fsgid=0 tty=pts1 ses=2 comm="ls" exe="/usr/bin/ls" subj=unconfined key="T1078_Valid_Accounts"ARCH=x86_64 SYSCALL=execve AUID="vboxuser" UID="root" GID="root" EUID="root" SUID="root" FSUID="root" EGID="root" SGID="root" FSGID="root"
type=EXECVE msg=audit(1765975613.368:2532): argc=2 a0="ls" a1="--color=auto"
type=PATH msg=audit(1765975613.368:2532): item=0 name="/usr/bin/ls" inode=1442533 dev=08:02 mode=0100755 ouid=0 ogid=0 rdev=00:00 nametype=NORMAL cap_fp=0 cap_fi=0 cap_fe=0 cap_fver=0 cap_frootid=0OUID="root" OGID="root"
type=PATH msg=audit(1765975613.368:2532): item=1 name="/lib64/ld-linux-x86-64.so.2" inode=1481429 dev=08:02 mode=0100755 ouid=0 ogid=0 rdev=00:00 nametype=NORMAL cap_fp=0 cap_fi=0 cap_fe=0 cap_fver=0 cap_frootid=0OUID="root" OGID="root"
type=PROCTITLE msg=audit(1765975613.368:2532): proctitle=6C73002D2D636F6C6F723D6175746F
type=SYSCALL msg=audit(1765975626.779:2533): arch=c000003e syscall=59 success=yes exit=0 a0=61cfd20ef900 a1=61cfd20ef840 a2=61cfd2089960 a3=61cfd20ef840 items=2 ppid=1308 pid=1703 auid=1000 uid=0 gid=0 euid=0 suid=0 fsuid=0 egid=0 sgid=0 fsgid=0 tty=pts1 ses=2 comm="cat" exe="/usr/bin/cat" subj=unconfined key="T1078_Valid_Accounts"ARCH=x86_64 SYSCALL=execve AUID="vboxuser" UID="root" GID="root" EUID="root" SUID="root" FSUID="root" EGID="root" SGID="root" FSGID="root"
type=EXECVE msg=audit(1765975626.779:2533): argc=2 a0="cat" a1="config.sample.php"
type=PATH msg=audit(1765975626.779:2533): item=0 name="/usr/bin/cat" inode=1442301 dev=08:02 mode=0100755 ouid=0 ogid=0 rdev=00:00 nametype=NORMAL cap_fp=0 cap_fi=0 cap_fe=0 cap_fver=0 cap_frootid=0OUID="root" OGID="root"
type=PATH msg=audit(1765975626.779:2533): item=1 name="/lib64/ld-linux-x86-64.so.2" inode=1481429 dev=08:02 mode=0100755 ouid=0 ogid=0 rdev=00:00 nametype=NORMAL cap_fp=0 cap_fi=0 cap_fe=0 cap_fver=0 cap_frootid=0OUID="root" OGID="root"
type=PROCTITLE msg=audit(1765975626.779:2533): proctitle=63617400636F6E6669672E73616D706C652E706870
type=SYSCALL msg=audit(1765975659.419:2534): arch=c000003e syscall=59 success=yes exit=0 a0=61cfd20efcd0 a1=61cfd20ef960 a2=61cfd2089960 a3=61cfd20ef960 items=2 ppid=1308 pid=1704 auid=1000 uid=0 gid=0 euid=0 suid=0 fsuid=0 egid=0 sgid=0 fsgid=0 tty=pts1 ses=2 comm="vim" exe="/usr/bin/vim.basic" subj=unconfined key="T1078_Valid_Accounts"ARCH=x86_64 SYSCALL=execve AUID="vboxuser" UID="root" GID="root" EUID="root" SUID="root" FSUID="root" EGID="root" SGID="root" FSGID="root"
type=EXECVE msg=audit(1765975659.419:2534): argc=2 a0="vim" a1="config.sample.php"
type=PATH msg=audit(1765975659.419:2534): item=0 name="/usr/bin/vim" inode=1483710 dev=08:02 mode=0100755 ouid=0 ogid=0 rdev=00:00 nametype=NORMAL cap_fp=0 cap_fi=0 cap_fe=0 cap_fver=0 cap_frootid=0OUID="root" OGID="root"
type=PATH msg=audit(1765975659.419:2534): item=1 name="/lib64/ld-linux-x86-64.so.2" inode=1481429 dev=08:02 mode=0100755 ouid=0 ogid=0 rdev=00:00 nametype=NORMAL cap_fp=0 cap_fi=0 cap_fe=0 cap_fver=0 cap_frootid=0OUID="root" OGID="root"
type=PROCTITLE msg=audit(1765975659.419:2534): proctitle=76696D00636F6E6669672E73616D706C652E706870
type=SYSCALL msg=audit(1765975659.479:2535): arch=c000003e syscall=87 success=yes exit=0 a0=5bb3721b85f0 a1=7ffd2b092390 a2=5 a3=180 items=2 ppid=1308 pid=1704 auid=1000 uid=0 gid=0 euid=0 suid=0 fsuid=0 egid=0 sgid=0 fsgid=0 tty=pts1 ses=2 comm="vim" exe="/usr/bin/vim.basic" subj=unconfined key="T1107_File_Deletion"ARCH=x86_64 SYSCALL=unlink AUID="vboxuser" UID="root" GID="root" EUID="root" SUID="root" FSUID="root" EGID="root" SGID="root" FSGID="root"
type=PATH msg=audit(1765975659.479:2535): item=0 name="/var/www/nextcloud/config" inode=696342 dev=08:02 mode=040755 ouid=33 ogid=33 rdev=00:00 nametype=PARENT cap_fp=0 cap_fi=0 cap_fe=0 cap_fver=0 cap_frootid=0OUID="www-data" OGID="www-data"
type=PATH msg=audit(1765975659.479:2535): item=1 name=".config.sample.php.swx" inode=706892 dev=08:02 mode=0100600 ouid=0 ogid=0 rdev=00:00 nametype=DELETE cap_fp=0 cap_fi=0 cap_fe=0 cap_fver=0 cap_frootid=0OUID="root" OGID="root"
type=PROCTITLE msg=audit(1765975659.479:2535): proctitle=76696D00636F6E6669672E73616D706C652E706870
type=SYSCALL msg=audit(1765975659.479:2536): arch=c000003e syscall=87 success=yes exit=0 a0=5bb37262dd60 a1=7ffd2b092390 a2=5 a3=180 items=2 ppid=1308 pid=1704 auid=1000 uid=0 gid=0 euid=0 suid=0 fsuid=0 egid=0 sgid=0 fsgid=0 tty=pts1 ses=2 comm="vim" exe="/usr/bin/vim.basic" subj=unconfined key="T1107_File_Deletion"ARCH=x86_64 SYSCALL=unlink AUID="vboxuser" UID="root" GID="root" EUID="root" SUID="root" FSUID="root" EGID="root" SGID="root" FSGID="root"
type=PATH msg=audit(1765975659.479:2536): item=0 name="/var/www/nextcloud/config" inode=696342 dev=08:02 mode=040755 ouid=33 ogid=33 rdev=00:00 nametype=PARENT cap_fp=0 cap_fi=0 cap_fe=0 cap_fver=0 cap_frootid=0OUID="www-data" OGID="www-data"
type=PATH msg=audit(1765975659.479:2536): item=1 name=".config.sample.php.swp" inode=706829 dev=08:02 mode=0100600 ouid=0 ogid=0 rdev=00:00 nametype=DELETE cap_fp=0 cap_fi=0 cap_fe=0 cap_fver=0 cap_frootid=0OUID="root" OGID="root"
type=PROCTITLE msg=audit(1765975659.479:2536): proctitle=76696D00636F6E6669672E73616D706C652E706870
type=SYSCALL msg=audit(1765975659.480:2537): arch=c000003e syscall=90 success=yes exit=0 a0=5bb37262dd60 a1=1a4 a2=0 a3=5bb3421dcc60 items=1 ppid=1308 pid=1704 auid=1000 uid=0 gid=0 euid=0 suid=0 fsuid=0 egid=0 sgid=0 fsgid=0 tty=pts1 ses=2 comm="vim" exe="/usr/bin/vim.basic" subj=unconfined key="T1166_Seuid_and_Setgid"ARCH=x86_64 SYSCALL=chmod AUID="vboxuser" UID="root" GID="root" EUID="root" SUID="root" FSUID="root" EGID="root" SGID="root" FSGID="root"
type=PATH msg=audit(1765975659.480:2537): item=0 name=".config.sample.php.swp" inode=706829 dev=08:02 mode=0100600 ouid=0 ogid=0 rdev=00:00 nametype=NORMAL cap_fp=0 cap_fi=0 cap_fe=0 cap_fver=0 cap_frootid=0OUID="root" OGID="root"
type=PROCTITLE msg=audit(1765975659.480:2537): proctitle=76696D00636F6E6669672E73616D706C652E706870
type=SYSCALL msg=audit(1765975737.608:2538): arch=c000003e syscall=59 success=yes exit=0 a0=7ffc527662b0 a1=7ffc527662d0 a2=7ffc52766dd8 a3=8 items=2 ppid=1 pid=1707 auid=4294967295 uid=0 gid=0 euid=0 suid=0 fsuid=0 egid=0 sgid=0 fsgid=0 tty=(none) ses=4294967295 comm="9" exe="/usr/lib/systemd/systemd-executor" subj=unconfined key="T1078_Valid_Accounts"ARCH=x86_64 SYSCALL=execve AUID="unset" UID="root" GID="root" EUID="root" SUID="root" FSUID="root" EGID="root" SGID="root" FSGID="root"
type=EXECVE msg=audit(1765975737.608:2538): argc=7 a0="/usr/lib/systemd/systemd-executor" a1="--deserialize" a2="102" a3="--log-level" a4="info" a5="--log-target" a6="journal-or-kmsg"
type=PATH msg=audit(1765975737.608:2538): item=0 name="/proc/self/fd/9" inode=1463834 dev=08:02 mode=0100755 ouid=0 ogid=0 rdev=00:00 nametype=NORMAL cap_fp=0 cap_fi=0 cap_fe=0 cap_fver=0 cap_frootid=0OUID="root" OGID="root"
type=PATH msg=audit(1765975737.608:2538): item=1 name="/lib64/ld-linux-x86-64.so.2" inode=1481429 dev=08:02 mode=0100755 ouid=0 ogid=0 rdev=00:00 nametype=NORMAL cap_fp=0 cap_fi=0 cap_fe=0 cap_fver=0 cap_frootid=0OUID="root" OGID="root"
type=PROCTITLE msg=audit(1765975737.608:2538): proctitle=2F7573722F6C69622F73797374656D642F73797374656D642D6578656375746F72002D2D646573657269616C697A6500313032002D2D6C6F672D6C6576656C00696E666F002D2D6C6F672D746172676574006A6F75726E616C2D6F722D6B6D7367
type=SYSCALL msg=audit(1765975737.625:2539): arch=c000003e syscall=42 success=yes exit=0 a0=4 a1=7ffd81b1cff0 a2=1e a3=7ffd81b1d0a0 items=1 ppid=1 pid=1707 auid=4294967295 uid=0 gid=0 euid=0 suid=0 fsuid=0 egid=0 sgid=0 fsgid=0 tty=(none) ses=4294967295 comm="9" exe="/usr/lib/systemd/systemd-executor" subj=unconfined key="T1043_Commonly_Used_Port"ARCH=x86_64 SYSCALL=connect AUID="unset" UID="root" GID="root" EUID="root" SUID="root" FSUID="root" EGID="root" SGID="root" FSGID="root"
type=SOCKADDR msg=audit(1765975737.625:2539): saddr=01002F72756E2F73797374656D642F6A6F75726E616C2F736F636B657400SADDR={ saddr_fam=local path=/run/systemd/journal/socket }
type=PATH msg=audit(1765975737.625:2539): item=0 name="/run/systemd/journal/socket" inode=455 dev=00:18 mode=0140666 ouid=0 ogid=0 rdev=00:00 nametype=NORMAL cap_fp=0 cap_fi=0 cap_fe=0 cap_fver=0 cap_frootid=0OUID="root" OGID="root"
type=PROCTITLE msg=audit(1765975737.625:2539): proctitle=2F7573722F6C69622F73797374656D642F73797374656D642D6578656375746F72002D2D646573657269616C697A6500313032002D2D6C6F672D6C6576656C00696E666F002D2D6C6F672D746172676574006A6F75726E616C2D6F722D6B6D7367
type=SYSCALL msg=audit(1765975737.632:2540): arch=c000003e syscall=42 success=yes exit=0 a0=3 a1=7ffd81b1cb70 a2=1e a3=fffffff7 items=1 ppid=1 pid=1707 auid=4294967295 uid=0 gid=0 euid=0 suid=0 fsuid=0 egid=0 sgid=0 fsgid=0 tty=(none) ses=4294967295 comm="(tmpfiles)" exe="/usr/lib/systemd/systemd-executor" subj=unconfined key="T1043_Commonly_Used_Port"ARCH=x86_64 SYSCALL=connect AUID="unset" UID="root" GID="root" EUID="root" SUID="root" FSUID="root" EGID="root" SGID="root" FSGID="root"
type=SOCKADDR msg=audit(1765975737.632:2540): saddr=01002F72756E2F73797374656D642F6A6F75726E616C2F7374646F757400SADDR={ saddr_fam=local path=/run/systemd/journal/stdout }
type=PATH msg=audit(1765975737.632:2540): item=0 name="/run/systemd/journal/stdout" inode=456 dev=00:18 mode=0140666 ouid=0 ogid=0 rdev=00:00 nametype=NORMAL cap_fp=0 cap_fi=0 cap_fe=0 cap_fver=0 cap_frootid=0OUID="root" OGID="root"
type=PROCTITLE msg=audit(1765975737.632:2540): proctitle=2F7573722F6C69622F73797374656D642F73797374656D642D6578656375746F72002D2D646573657269616C697A6500313032002D2D6C6F672D6C6576656C00696E666F002D2D6C6F672D746172676574006A6F75726E616C2D6F722D6B6D7367
type=SYSCALL msg=audit(1765975737.636:2541): arch=c000003e syscall=59 success=yes exit=0 a0=64ce2a4c8120 a1=64ce2a4c81a0 a2=64ce2a4c7e20 a3=64ce2a4c8b40 items=2 ppid=1 pid=1707 auid=4294967295 uid=0 gid=0 euid=0 suid=0 fsuid=0 egid=0 sgid=0 fsgid=0 tty=(none) ses=4294967295 comm="systemd-tmpfile" exe="/usr/bin/systemd-tmpfiles" subj=unconfined key="T1078_Valid_Accounts"ARCH=x86_64 SYSCALL=execve AUID="unset" UID="root" GID="root" EUID="root" SUID="root" FSUID="root" EGID="root" SGID="root" FSGID="root"
type=EXECVE msg=audit(1765975737.636:2541): argc=2 a0="systemd-tmpfiles" a1="--clean"
type=PATH msg=audit(1765975737.636:2541): item=0 name="/usr/bin/systemd-tmpfiles" inode=1461699 dev=08:02 mode=0100755 ouid=0 ogid=0 rdev=00:00 nametype=NORMAL cap_fp=0 cap_fi=0 cap_fe=0 cap_fver=0 cap_frootid=0OUID="root" OGID="root"
type=PATH msg=audit(1765975737.636:2541): item=1 name="/lib64/ld-linux-x86-64.so.2" inode=1481429 dev=08:02 mode=0100755 ouid=0 ogid=0 rdev=00:00 nametype=NORMAL cap_fp=0 cap_fi=0 cap_fe=0 cap_fver=0 cap_frootid=0OUID="root" OGID="root"
type=PROCTITLE msg=audit(1765975737.636:2541): proctitle=2F7573722F6C69622F73797374656D642F73797374656D642D6578656375746F72002D2D646573657269616C697A6500313032002D2D6C6F672D6C6576656C00696E666F002D2D6C6F672D746172676574006A6F75726E616C2D6F722D6B6D7367
type=SYSCALL msg=audit(1765975737.642:2542): arch=c000003e syscall=42 success=yes exit=0 a0=3 a1=7ffc2860cca0 a2=1e a3=7ffc2860cd50 items=1 ppid=1 pid=1707 auid=4294967295 uid=0 gid=0 euid=0 suid=0 fsuid=0 egid=0 sgid=0 fsgid=0 tty=(none) ses=4294967295 comm="systemd-tmpfile" exe="/usr/bin/systemd-tmpfiles" subj=unconfined key="T1043_Commonly_Used_Port"ARCH=x86_64 SYSCALL=connect AUID="unset" UID="root" GID="root" EUID="root" SUID="root" FSUID="root" EGID="root" SGID="root" FSGID="root"
type=SOCKADDR msg=audit(1765975737.642:2542): saddr=01002F72756E2F73797374656D642F6A6F75726E616C2F736F636B657400SADDR={ saddr_fam=local path=/run/systemd/journal/socket }
type=PATH msg=audit(1765975737.642:2542): item=0 name="/run/systemd/journal/socket" inode=455 dev=00:18 mode=0140666 ouid=0 ogid=0 rdev=00:00 nametype=NORMAL cap_fp=0 cap_fi=0 cap_fe=0 cap_fver=0 cap_frootid=0OUID="root" OGID="root"
type=PROCTITLE msg=audit(1765975737.642:2542): proctitle=2F7573722F6C69622F73797374656D642F73797374656D642D6578656375746F72002D2D646573657269616C697A6500313032002D2D6C6F672D6C6576656C00696E666F002D2D6C6F672D746172676574006A6F75726E616C2D6F722D6B6D7367
type=SYSCALL msg=audit(1765975737.645:2543): arch=c000003e syscall=257 success=yes exit=5 a0=7 a1=60adec280d30 a2=2a0000 a3=0 items=1 ppid=1 pid=1707 auid=4294967295 uid=0 gid=0 euid=0 suid=0 fsuid=0 egid=0 sgid=0 fsgid=0 tty=(none) ses=4294967295 comm="systemd-tmpfile" exe="/usr/bin/systemd-tmpfiles" subj=unconfined key="T1168_Local_Job_Scheduling"ARCH=x86_64 SYSCALL=openat AUID="unset" UID="root" GID="root" EUID="root" SUID="root" FSUID="root" EGID="root" SGID="root" FSGID="root"
type=PATH msg=audit(1765975737.645:2543): item=0 name="crontabs" inode=655830 dev=08:02 mode=041730 ouid=0 ogid=990 rdev=00:00 nametype=NORMAL cap_fp=0 cap_fi=0 cap_fe=0 cap_fver=0 cap_frootid=0OUID="root" OGID="crontab"
type=PROCTITLE msg=audit(1765975737.645:2543): proctitle=2F7573722F6C69622F73797374656D642F73797374656D642D6578656375746F72002D2D646573657269616C697A6500313032002D2D6C6F672D6C6576656C00696E666F002D2D6C6F672D746172676574006A6F75726E616C2D6F722D6B6D7367
type=SYSCALL msg=audit(1765975737.645:2544): arch=c000003e syscall=257 success=yes exit=8 a0=ffffff9c a1=7ffc2860c790 a2=280100 a3=0 items=1 ppid=1 pid=1707 auid=4294967295 uid=0 gid=0 euid=0 suid=0 fsuid=0 egid=0 sgid=0 fsgid=0 tty=(none) ses=4294967295 comm="systemd-tmpfile" exe="/usr/bin/systemd-tmpfiles" subj=unconfined key="T1168_Local_Job_Scheduling"ARCH=x86_64 SYSCALL=openat AUID="unset" UID="root" GID="root" EUID="root" SUID="root" FSUID="root" EGID="root" SGID="root" FSGID="root"
type=PATH msg=audit(1765975737.645:2544): item=0 name="/proc/self/fd/5" inode=655830 dev=08:02 mode=041730 ouid=0 ogid=990 rdev=00:00 nametype=NORMAL cap_fp=0 cap_fi=0 cap_fe=0 cap_fver=0 cap_frootid=0OUID="root" OGID="crontab"
type=PROCTITLE msg=audit(1765975737.645:2544): proctitle=2F7573722F6C69622F73797374656D642F73797374656D642D6578656375746F72002D2D646573657269616C697A6500313032002D2D6C6F672D6C6576656C00696E666F002D2D6C6F672D746172676574006A6F75726E616C2D6F722D6B6D7367
type=SERVICE_START msg=audit(1765975737.759:2545): pid=1 uid=0 auid=4294967295 ses=4294967295 subj=unconfined msg='unit=systemd-tmpfiles-clean comm="systemd" exe="/usr/lib/systemd/systemd" hostname=? addr=? terminal=? res=success'UID="root" AUID="unset"
type=SERVICE_STOP msg=audit(1765975737.759:2546): pid=1 uid=0 auid=4294967295 ses=4294967295 subj=unconfined msg='unit=systemd-tmpfiles-clean comm="systemd" exe="/usr/lib/systemd/systemd" hostname=? addr=? terminal=? res=success'UID="root" AUID="unset"
type=SYSCALL msg=audit(1765975741.956:2547): arch=c000003e syscall=93 success=yes exit=0 a0=3 a1=21 a2=21 a3=81a4 items=1 ppid=1308 pid=1704 auid=1000 uid=0 gid=0 euid=0 suid=0 fsuid=0 egid=0 sgid=0 fsgid=0 tty=pts1 ses=2 comm="vim" exe="/usr/bin/vim.basic" subj=unconfined key="T1166_Seuid_and_Setgid"ARCH=x86_64 SYSCALL=fchown AUID="vboxuser" UID="root" GID="root" EUID="root" SUID="root" FSUID="root" EGID="root" SGID="root" FSGID="root"
type=PATH msg=audit(1765975741.956:2547): item=0 name=(null) inode=706892 dev=08:02 mode=0100644 ouid=0 ogid=0 rdev=00:00 nametype=NORMAL cap_fp=0 cap_fi=0 cap_fe=0 cap_fver=0 cap_frootid=0OUID="root" OGID="root"
type=PROCTITLE msg=audit(1765975741.956:2547): proctitle=76696D00636F6E6669672E73616D706C652E706870
type=SYSCALL msg=audit(1765975741.956:2548): arch=c000003e syscall=87 success=yes exit=0 a0=5bb3721ae420 a1=0 a2=0 a3=0 items=2 ppid=1308 pid=1704 auid=1000 uid=0 gid=0 euid=0 suid=0 fsuid=0 egid=0 sgid=0 fsgid=0 tty=pts1 ses=2 comm="vim" exe="/usr/bin/vim.basic" subj=unconfined key="T1107_File_Deletion"ARCH=x86_64 SYSCALL=unlink AUID="vboxuser" UID="root" GID="root" EUID="root" SUID="root" FSUID="root" EGID="root" SGID="root" FSGID="root"
type=PATH msg=audit(1765975741.956:2548): item=0 name="/var/www/nextcloud/config" inode=696342 dev=08:02 mode=040755 ouid=33 ogid=33 rdev=00:00 nametype=PARENT cap_fp=0 cap_fi=0 cap_fe=0 cap_fver=0 cap_frootid=0OUID="www-data" OGID="www-data"
type=PATH msg=audit(1765975741.956:2548): item=1 name="4913" inode=706892 dev=08:02 mode=0100644 ouid=33 ogid=33 rdev=00:00 nametype=DELETE cap_fp=0 cap_fi=0 cap_fe=0 cap_fver=0 cap_frootid=0OUID="www-data" OGID="www-data"
type=PROCTITLE msg=audit(1765975741.956:2548): proctitle=76696D00636F6E6669672E73616D706C652E706870
type=SYSCALL msg=audit(1765975741.956:2549): arch=c000003e syscall=87 success=no exit=-2 a0=5bb3724bc270 a1=5bb3724bc270 a2=fffffffffffffc58 a3=0 items=1 ppid=1308 pid=1704 auid=1000 uid=0 gid=0 euid=0 suid=0 fsuid=0 egid=0 sgid=0 fsgid=0 tty=pts1 ses=2 comm="vim" exe="/usr/bin/vim.basic" subj=unconfined key="T1107_File_Deletion"ARCH=x86_64 SYSCALL=unlink AUID="vboxuser" UID="root" GID="root" EUID="root" SUID="root" FSUID="root" EGID="root" SGID="root" FSGID="root"
type=PATH msg=audit(1765975741.956:2549): item=0 name="/var/www/nextcloud/config" inode=696342 dev=08:02 mode=040755 ouid=33 ogid=33 rdev=00:00 nametype=PARENT cap_fp=0 cap_fi=0 cap_fe=0 cap_fver=0 cap_frootid=0OUID="www-data" OGID="www-data"
type=PROCTITLE msg=audit(1765975741.956:2549): proctitle=76696D00636F6E6669672E73616D706C652E706870
type=SYSCALL msg=audit(1765975741.956:2550): arch=c000003e syscall=82 success=yes exit=0 a0=5bb3721bc680 a1=5bb3724bc270 a2=fffffffffffffc58 a3=0 items=4 ppid=1308 pid=1704 auid=1000 uid=0 gid=0 euid=0 suid=0 fsuid=0 egid=0 sgid=0 fsgid=0 tty=pts1 ses=2 comm="vim" exe="/usr/bin/vim.basic" subj=unconfined key="T1107_File_Deletion"ARCH=x86_64 SYSCALL=rename AUID="vboxuser" UID="root" GID="root" EUID="root" SUID="root" FSUID="root" EGID="root" SGID="root" FSGID="root"
type=PATH msg=audit(1765975741.956:2550): item=0 name="/var/www/nextcloud/config" inode=696342 dev=08:02 mode=040755 ouid=33 ogid=33 rdev=00:00 nametype=PARENT cap_fp=0 cap_fi=0 cap_fe=0 cap_fver=0 cap_frootid=0OUID="www-data" OGID="www-data"
type=PATH msg=audit(1765975741.956:2550): item=1 name="/var/www/nextcloud/config" inode=696342 dev=08:02 mode=040755 ouid=33 ogid=33 rdev=00:00 nametype=PARENT cap_fp=0 cap_fi=0 cap_fe=0 cap_fver=0 cap_frootid=0OUID="www-data" OGID="www-data"
type=PATH msg=audit(1765975741.956:2550): item=2 name="config.sample.php" inode=696344 dev=08:02 mode=0100644 ouid=33 ogid=33 rdev=00:00 nametype=DELETE cap_fp=0 cap_fi=0 cap_fe=0 cap_fver=0 cap_frootid=0OUID="www-data" OGID="www-data"
type=PATH msg=audit(1765975741.956:2550): item=3 name="config.sample.php~" inode=696344 dev=08:02 mode=0100644 ouid=33 ogid=33 rdev=00:00 nametype=CREATE cap_fp=0 cap_fi=0 cap_fe=0 cap_fver=0 cap_frootid=0OUID="www-data" OGID="www-data"
type=PROCTITLE msg=audit(1765975741.956:2550): proctitle=76696D00636F6E6669672E73616D706C652E706870
type=SYSCALL msg=audit(1765975741.985:2551): arch=c000003e syscall=93 success=yes exit=0 a0=3 a1=21 a2=ffffffff a3=0 items=1 ppid=1308 pid=1704 auid=1000 uid=0 gid=0 euid=0 suid=0 fsuid=0 egid=0 sgid=0 fsgid=0 tty=pts1 ses=2 comm="vim" exe="/usr/bin/vim.basic" subj=unconfined key="T1166_Seuid_and_Setgid"ARCH=x86_64 SYSCALL=fchown AUID="vboxuser" UID="root" GID="root" EUID="root" SUID="root" FSUID="root" EGID="root" SGID="root" FSGID="root"
type=PATH msg=audit(1765975741.985:2551): item=0 name=(null) inode=706892 dev=08:02 mode=0100644 ouid=0 ogid=0 rdev=00:00 nametype=NORMAL cap_fp=0 cap_fi=0 cap_fe=0 cap_fver=0 cap_frootid=0OUID="root" OGID="root"
type=PROCTITLE msg=audit(1765975741.985:2551): proctitle=76696D00636F6E6669672E73616D706C652E706870
type=SYSCALL msg=audit(1765975741.985:2552): arch=c000003e syscall=93 success=yes exit=0 a0=3 a1=ffffffff a2=21 a3=0 items=1 ppid=1308 pid=1704 auid=1000 uid=0 gid=0 euid=0 suid=0 fsuid=0 egid=0 sgid=0 fsgid=0 tty=pts1 ses=2 comm="vim" exe="/usr/bin/vim.basic" subj=unconfined key="T1166_Seuid_and_Setgid"ARCH=x86_64 SYSCALL=fchown AUID="vboxuser" UID="root" GID="root" EUID="root" SUID="root" FSUID="root" EGID="root" SGID="root" FSGID="root"
type=PATH msg=audit(1765975741.985:2552): item=0 name=(null) inode=706892 dev=08:02 mode=0100644 ouid=33 ogid=0 rdev=00:00 nametype=NORMAL cap_fp=0 cap_fi=0 cap_fe=0 cap_fver=0 cap_frootid=0OUID="www-data" OGID="root"
type=PROCTITLE msg=audit(1765975741.985:2552): proctitle=76696D00636F6E6669672E73616D706C652E706870
type=SYSCALL msg=audit(1765975741.985:2553): arch=c000003e syscall=91 success=yes exit=0 a0=3 a1=81a4 a2=7ffd2b091e40 a3=0 items=1 ppid=1308 pid=1704 auid=1000 uid=0 gid=0 euid=0 suid=0 fsuid=0 egid=0 sgid=0 fsgid=0 tty=pts1 ses=2 comm="vim" exe="/usr/bin/vim.basic" subj=unconfined key="T1166_Seuid_and_Setgid"ARCH=x86_64 SYSCALL=fchmod AUID="vboxuser" UID="root" GID="root" EUID="root" SUID="root" FSUID="root" EGID="root" SGID="root" FSGID="root"
type=PATH msg=audit(1765975741.985:2553): item=0 name=(null) inode=706892 dev=08:02 mode=0100644 ouid=33 ogid=33 rdev=00:00 nametype=NORMAL cap_fp=0 cap_fi=0 cap_fe=0 cap_fver=0 cap_frootid=0OUID="www-data" OGID="www-data"
type=PROCTITLE msg=audit(1765975741.985:2553): proctitle=76696D00636F6E6669672E73616D706C652E706870
type=SYSCALL msg=audit(1765975741.985:2554): arch=c000003e syscall=188 success=yes exit=0 a0=5bb3721bc680 a1=7570ec09f000 a2=5bb372685630 a3=1c items=1 ppid=1308 pid=1704 auid=1000 uid=0 gid=0 euid=0 suid=0 fsuid=0 egid=0 sgid=0 fsgid=0 tty=pts1 ses=2 comm="vim" exe="/usr/bin/vim.basic" subj=unconfined key="T1166_Seuid_and_Setgid"ARCH=x86_64 SYSCALL=setxattr AUID="vboxuser" UID="root" GID="root" EUID="root" SUID="root" FSUID="root" EGID="root" SGID="root" FSGID="root"
type=PATH msg=audit(1765975741.985:2554): item=0 name="config.sample.php" inode=706892 dev=08:02 mode=0100644 ouid=33 ogid=33 rdev=00:00 nametype=NORMAL cap_fp=0 cap_fi=0 cap_fe=0 cap_fver=0 cap_frootid=0OUID="www-data" OGID="www-data"
type=PROCTITLE msg=audit(1765975741.985:2554): proctitle=76696D00636F6E6669672E73616D706C652E706870
type=SYSCALL msg=audit(1765975741.986:2555): arch=c000003e syscall=87 success=yes exit=0 a0=5bb3724bc270 a1=382d6674 a2=5bb342133b7d a3=0 items=2 ppid=1308 pid=1704 auid=1000 uid=0 gid=0 euid=0 suid=0 fsuid=0 egid=0 sgid=0 fsgid=0 tty=pts1 ses=2 comm="vim" exe="/usr/bin/vim.basic" subj=unconfined key="T1107_File_Deletion"ARCH=x86_64 SYSCALL=unlink AUID="vboxuser" UID="root" GID="root" EUID="root" SUID="root" FSUID="root" EGID="root" SGID="root" FSGID="root"
type=PATH msg=audit(1765975741.986:2555): item=0 name="/var/www/nextcloud/config" inode=696342 dev=08:02 mode=040755 ouid=33 ogid=33 rdev=00:00 nametype=PARENT cap_fp=0 cap_fi=0 cap_fe=0 cap_fver=0 cap_frootid=0OUID="www-data" OGID="www-data"
type=PATH msg=audit(1765975741.986:2555): item=1 name="config.sample.php~" inode=696344 dev=08:02 mode=0100644 ouid=33 ogid=33 rdev=00:00 nametype=DELETE cap_fp=0 cap_fi=0 cap_fe=0 cap_fver=0 cap_frootid=0OUID="www-data" OGID="www-data"
type=PROCTITLE msg=audit(1765975741.986:2555): proctitle=76696D00636F6E6669672E73616D706C652E706870
type=SYSCALL msg=audit(1765975741.986:2556): arch=c000003e syscall=87 success=yes exit=0 a0=5bb3726a1450 a1=5bb3726a1450 a2=7ffd2b091220 a3=0 items=2 ppid=1308 pid=1704 auid=1000 uid=0 gid=0 euid=0 suid=0 fsuid=0 egid=0 sgid=0 fsgid=0 tty=pts1 ses=2 comm="vim" exe="/usr/bin/vim.basic" subj=unconfined key="T1107_File_Deletion"ARCH=x86_64 SYSCALL=unlink AUID="vboxuser" UID="root" GID="root" EUID="root" SUID="root" FSUID="root" EGID="root" SGID="root" FSGID="root"
type=PATH msg=audit(1765975741.986:2556): item=0 name="/root/" inode=1048578 dev=08:02 mode=040700 ouid=0 ogid=0 rdev=00:00 nametype=PARENT cap_fp=0 cap_fi=0 cap_fe=0 cap_fver=0 cap_frootid=0OUID="root" OGID="root"
type=PATH msg=audit(1765975741.986:2556): item=1 name="/root/.viminfo" inode=1049747 dev=08:02 mode=0100600 ouid=0 ogid=0 rdev=00:00 nametype=DELETE cap_fp=0 cap_fi=0 cap_fe=0 cap_fver=0 cap_frootid=0OUID="root" OGID="root"
type=PROCTITLE msg=audit(1765975741.986:2556): proctitle=76696D00636F6E6669672E73616D706C652E706870
type=SYSCALL msg=audit(1765975741.986:2557): arch=c000003e syscall=82 success=yes exit=0 a0=5bb37262dd60 a1=5bb3726a1450 a2=7ffd2b091220 a3=0 items=4 ppid=1308 pid=1704 auid=1000 uid=0 gid=0 euid=0 suid=0 fsuid=0 egid=0 sgid=0 fsgid=0 tty=pts1 ses=2 comm="vim" exe="/usr/bin/vim.basic" subj=unconfined key="T1107_File_Deletion"ARCH=x86_64 SYSCALL=rename AUID="vboxuser" UID="root" GID="root" EUID="root" SUID="root" FSUID="root" EGID="root" SGID="root" FSGID="root"
type=PATH msg=audit(1765975741.986:2557): item=0 name="/root/" inode=1048578 dev=08:02 mode=040700 ouid=0 ogid=0 rdev=00:00 nametype=PARENT cap_fp=0 cap_fi=0 cap_fe=0 cap_fver=0 cap_frootid=0OUID="root" OGID="root"
type=PATH msg=audit(1765975741.986:2557): item=1 name="/root/" inode=1048578 dev=08:02 mode=040700 ouid=0 ogid=0 rdev=00:00 nametype=PARENT cap_fp=0 cap_fi=0 cap_fe=0 cap_fver=0 cap_frootid=0OUID="root" OGID="root"
type=PATH msg=audit(1765975741.986:2557): item=2 name="/root/.viminfo.tmp" inode=1051118 dev=08:02 mode=0100600 ouid=0 ogid=0 rdev=00:00 nametype=DELETE cap_fp=0 cap_fi=0 cap_fe=0 cap_fver=0 cap_frootid=0OUID="root" OGID="root"
type=PATH msg=audit(1765975741.986:2557): item=3 name="/root/.viminfo" inode=1051118 dev=08:02 mode=0100600 ouid=0 ogid=0 rdev=00:00 nametype=CREATE cap_fp=0 cap_fi=0 cap_fe=0 cap_fver=0 cap_frootid=0OUID="root" OGID="root"
type=PROCTITLE msg=audit(1765975741.986:2557): proctitle=76696D00636F6E6669672E73616D706C652E706870
type=SYSCALL msg=audit(1765975741.988:2558): arch=c000003e syscall=87 success=yes exit=0 a0=5bb37262dd80 a1=0 a2=0 a3=5bb3421dcc60 items=2 ppid=1308 pid=1704 auid=1000 uid=0 gid=0 euid=0 suid=0 fsuid=0 egid=0 sgid=0 fsgid=0 tty=pts1 ses=2 comm="vim" exe="/usr/bin/vim.basic" subj=unconfined key="T1107_File_Deletion"ARCH=x86_64 SYSCALL=unlink AUID="vboxuser" UID="root" GID="root" EUID="root" SUID="root" FSUID="root" EGID="root" SGID="root" FSGID="root"
type=PATH msg=audit(1765975741.988:2558): item=0 name="/var/www/nextcloud/config/" inode=696342 dev=08:02 mode=040755 ouid=33 ogid=33 rdev=00:00 nametype=PARENT cap_fp=0 cap_fi=0 cap_fe=0 cap_fver=0 cap_frootid=0OUID="www-data" OGID="www-data"
type=PATH msg=audit(1765975741.988:2558): item=1 name="/var/www/nextcloud/config/.config.sample.php.swp" inode=706829 dev=08:02 mode=0100644 ouid=0 ogid=0 rdev=00:00 nametype=DELETE cap_fp=0 cap_fi=0 cap_fe=0 cap_fver=0 cap_frootid=0OUID="root" OGID="root"
type=PROCTITLE msg=audit(1765975741.988:2558): proctitle=76696D00636F6E6669672E73616D706C652E706870
type=SYSCALL msg=audit(1765975808.650:2559): arch=c000003e syscall=59 success=yes exit=0 a0=7ffc527662b0 a1=7ffc527662d0 a2=7ffc52766dd8 a3=8 items=2 ppid=1 pid=1712 auid=4294967295 uid=0 gid=0 euid=0 suid=0 fsuid=0 egid=0 sgid=0 fsgid=0 tty=(none) ses=4294967295 comm="9" exe="/usr/lib/systemd/systemd-executor" subj=unconfined key="T1078_Valid_Accounts"ARCH=x86_64 SYSCALL=execve AUID="unset" UID="root" GID="root" EUID="root" SUID="root" FSUID="root" EGID="root" SGID="root" FSGID="root"
type=EXECVE msg=audit(1765975808.650:2559): argc=7 a0="/usr/lib/systemd/systemd-executor" a1="--deserialize" a2="102" a3="--log-level" a4="info" a5="--log-target" a6="journal-or-kmsg"
type=PATH msg=audit(1765975808.650:2559): item=0 name="/proc/self/fd/9" inode=1463834 dev=08:02 mode=0100755 ouid=0 ogid=0 rdev=00:00 nametype=NORMAL cap_fp=0 cap_fi=0 cap_fe=0 cap_fver=0 cap_frootid=0OUID="root" OGID="root"
type=PATH msg=audit(1765975808.650:2559): item=1 name="/lib64/ld-linux-x86-64.so.2" inode=1481429 dev=08:02 mode=0100755 ouid=0 ogid=0 rdev=00:00 nametype=NORMAL cap_fp=0 cap_fi=0 cap_fe=0 cap_fver=0 cap_frootid=0OUID="root" OGID="root"
type=PROCTITLE msg=audit(1765975808.650:2559): proctitle=2F7573722F6C69622F73797374656D642F73797374656D642D6578656375746F72002D2D646573657269616C697A6500313032002D2D6C6F672D6C6576656C00696E666F002D2D6C6F672D746172676574006A6F75726E616C2D6F722D6B6D7367
type=SYSCALL msg=audit(1765975808.667:2560): arch=c000003e syscall=42 success=yes exit=0 a0=4 a1=7ffc8853e550 a2=1e a3=7ffc8853e600 items=1 ppid=1 pid=1712 auid=4294967295 uid=0 gid=0 euid=0 suid=0 fsuid=0 egid=0 sgid=0 fsgid=0 tty=(none) ses=4294967295 comm="9" exe="/usr/lib/systemd/systemd-executor" subj=unconfined key="T1043_Commonly_Used_Port"ARCH=x86_64 SYSCALL=connect AUID="unset" UID="root" GID="root" EUID="root" SUID="root" FSUID="root" EGID="root" SGID="root" FSGID="root"
type=SOCKADDR msg=audit(1765975808.667:2560): saddr=01002F72756E2F73797374656D642F6A6F75726E616C2F736F636B657400SADDR={ saddr_fam=local path=/run/systemd/journal/socket }
type=PATH msg=audit(1765975808.667:2560): item=0 name="/run/systemd/journal/socket" inode=455 dev=00:18 mode=0140666 ouid=0 ogid=0 rdev=00:00 nametype=NORMAL cap_fp=0 cap_fi=0 cap_fe=0 cap_fver=0 cap_frootid=0OUID="root" OGID="root"
type=PROCTITLE msg=audit(1765975808.667:2560): proctitle=2F7573722F6C69622F73797374656D642F73797374656D642D6578656375746F72002D2D646573657269616C697A6500313032002D2D6C6F672D6C6576656C00696E666F002D2D6C6F672D746172676574006A6F75726E616C2D6F722D6B6D7367
type=SYSCALL msg=audit(1765975808.691:2561): arch=c000003e syscall=42 success=yes exit=0 a0=3 a1=7ffc8853e0d0 a2=1e a3=fffffff7 items=1 ppid=1 pid=1712 auid=4294967295 uid=0 gid=0 euid=0 suid=0 fsuid=0 egid=0 sgid=0 fsgid=0 tty=(none) ses=4294967295 comm="(sa1)" exe="/usr/lib/systemd/systemd-executor" subj=unconfined key="T1043_Commonly_Used_Port"ARCH=x86_64 SYSCALL=connect AUID="unset" UID="root" GID="root" EUID="root" SUID="root" FSUID="root" EGID="root" SGID="root" FSGID="root"
type=SOCKADDR msg=audit(1765975808.691:2561): saddr=01002F72756E2F73797374656D642F6A6F75726E616C2F7374646F757400SADDR={ saddr_fam=local path=/run/systemd/journal/stdout }
type=PATH msg=audit(1765975808.691:2561): item=0 name="/run/systemd/journal/stdout" inode=456 dev=00:18 mode=0140666 ouid=0 ogid=0 rdev=00:00 nametype=NORMAL cap_fp=0 cap_fi=0 cap_fe=0 cap_fver=0 cap_frootid=0OUID="root" OGID="root"
type=PROCTITLE msg=audit(1765975808.691:2561): proctitle=2F7573722F6C69622F73797374656D642F73797374656D642D6578656375746F72002D2D646573657269616C697A6500313032002D2D6C6F672D6C6576656C00696E666F002D2D6C6F672D746172676574006A6F75726E616C2D6F722D6B6D7367
type=SYSCALL msg=audit(1765975808.692:2562): arch=c000003e syscall=59 success=yes exit=0 a0=57d2202af0c0 a1=57d2202af1c0 a2=57d2202ae4b0 a3=57d2202af990 items=3 ppid=1 pid=1712 auid=4294967295 uid=0 gid=0 euid=0 suid=0 fsuid=0 egid=0 sgid=0 fsgid=0 tty=(none) ses=4294967295 comm="sa1" exe="/usr/bin/dash" subj=unconfined key="T1078_Valid_Accounts"ARCH=x86_64 SYSCALL=execve AUID="unset" UID="root" GID="root" EUID="root" SUID="root" FSUID="root" EGID="root" SGID="root" FSGID="root"
type=EXECVE msg=audit(1765975808.692:2562): argc=4 a0="/bin/sh" a1="/usr/lib/sysstat/sa1" a2="1" a3="1"
type=PATH msg=audit(1765975808.692:2562): item=0 name="/usr/lib/sysstat/sa1" inode=1456137 dev=08:02 mode=0100755 ouid=0 ogid=0 rdev=00:00 nametype=NORMAL cap_fp=0 cap_fi=0 cap_fe=0 cap_fver=0 cap_frootid=0OUID="root" OGID="root"
type=PATH msg=audit(1765975808.692:2562): item=1 name="/bin/sh" inode=1442345 dev=08:02 mode=0100755 ouid=0 ogid=0 rdev=00:00 nametype=NORMAL cap_fp=0 cap_fi=0 cap_fe=0 cap_fver=0 cap_frootid=0OUID="root" OGID="root"
type=PATH msg=audit(1765975808.692:2562): item=2 name="/lib64/ld-linux-x86-64.so.2" inode=1481429 dev=08:02 mode=0100755 ouid=0 ogid=0 rdev=00:00 nametype=NORMAL cap_fp=0 cap_fi=0 cap_fe=0 cap_fver=0 cap_frootid=0OUID="root" OGID="root"
type=PROCTITLE msg=audit(1765975808.692:2562): proctitle=2F7573722F6C69622F73797374656D642F73797374656D642D6578656375746F72002D2D646573657269616C697A6500313032002D2D6C6F672D6C6576656C00696E666F002D2D6C6F672D746172676574006A6F75726E616C2D6F722D6B6D7367
type=SYSCALL msg=audit(1765975808.697:2563): arch=c000003e syscall=59 success=yes exit=0 a0=5d4a32db3148 a1=5d4a32db3228 a2=5d4a32db3270 a3=0 items=2 ppid=1 pid=1712 auid=4294967295 uid=0 gid=0 euid=0 suid=0 fsuid=0 egid=0 sgid=0 fsgid=0 tty=(none) ses=4294967295 comm="sadc" exe="/usr/lib/sysstat/sadc" subj=unconfined key="T1078_Valid_Accounts"ARCH=x86_64 SYSCALL=execve AUID="unset" UID="root" GID="root" EUID="root" SUID="root" FSUID="root" EGID="root" SGID="root" FSGID="root"
type=EXECVE msg=audit(1765975808.697:2563): argc=8 a0="/usr/lib/sysstat/sadc" a1="-F" a2="-L" a3="-S" a4="DISK" a5="1" a6="1" a7="/var/log/sysstat"
type=PATH msg=audit(1765975808.697:2563): item=0 name="/usr/lib/sysstat/sadc" inode=1456139 dev=08:02 mode=0100755 ouid=0 ogid=0 rdev=00:00 nametype=NORMAL cap_fp=0 cap_fi=0 cap_fe=0 cap_fver=0 cap_frootid=0OUID="root" OGID="root"
type=PATH msg=audit(1765975808.697:2563): item=1 name="/lib64/ld-linux-x86-64.so.2" inode=1481429 dev=08:02 mode=0100755 ouid=0 ogid=0 rdev=00:00 nametype=NORMAL cap_fp=0 cap_fi=0 cap_fe=0 cap_fver=0 cap_frootid=0OUID="root" OGID="root"
type=PROCTITLE msg=audit(1765975808.697:2563): proctitle=2F7573722F6C69622F73797374656D642F73797374656D642D6578656375746F72002D2D646573657269616C697A6500313032002D2D6C6F672D6C6576656C00696E666F002D2D6C6F672D746172676574006A6F75726E616C2D6F722D6B6D7367
type=SERVICE_START msg=audit(1765975808.705:2564): pid=1 uid=0 auid=4294967295 ses=4294967295 subj=unconfined msg='unit=sysstat-collect comm="systemd" exe="/usr/lib/systemd/systemd" hostname=? addr=? terminal=? res=success'UID="root" AUID="unset"
type=SERVICE_STOP msg=audit(1765975808.705:2565): pid=1 uid=0 auid=4294967295 ses=4294967295 subj=unconfined msg='unit=sysstat-collect comm="systemd" exe="/usr/lib/systemd/systemd" hostname=? addr=? terminal=? res=success'UID="root" AUID="unset"
type=SYSCALL msg=audit(1765975926.671:2566): arch=c000003e syscall=59 success=yes exit=0 a0=61cfd1fc6930 a1=61cfd20efcf0 a2=61cfd2089960 a3=61cfd20efcf0 items=2 ppid=1308 pid=1716 auid=1000 uid=0 gid=0 euid=0 suid=0 fsuid=0 egid=0 sgid=0 fsgid=0 tty=pts1 ses=2 comm="ls" exe="/usr/bin/ls" subj=unconfined key="T1078_Valid_Accounts"ARCH=x86_64 SYSCALL=execve AUID="vboxuser" UID="root" GID="root" EUID="root" SUID="root" FSUID="root" EGID="root" SGID="root" FSGID="root"
type=EXECVE msg=audit(1765975926.671:2566): argc=2 a0="ls" a1="--color=auto"
type=PATH msg=audit(1765975926.671:2566): item=0 name="/usr/bin/ls" inode=1442533 dev=08:02 mode=0100755 ouid=0 ogid=0 rdev=00:00 nametype=NORMAL cap_fp=0 cap_fi=0 cap_fe=0 cap_fver=0 cap_frootid=0OUID="root" OGID="root"
type=PATH msg=audit(1765975926.671:2566): item=1 name="/lib64/ld-linux-x86-64.so.2" inode=1481429 dev=08:02 mode=0100755 ouid=0 ogid=0 rdev=00:00 nametype=NORMAL cap_fp=0 cap_fi=0 cap_fe=0 cap_fver=0 cap_frootid=0OUID="root" OGID="root"
type=PROCTITLE msg=audit(1765975926.671:2566): proctitle=6C73002D2D636F6C6F723D6175746F
type=SYSCALL msg=audit(1765975935.304:2567): arch=c000003e syscall=59 success=yes exit=0 a0=61cfd1fbcef0 a1=61cfd20a9910 a2=61cfd2089960 a3=61cfd20a9910 items=2 ppid=1308 pid=1717 auid=1000 uid=0 gid=0 euid=0 suid=0 fsuid=0 egid=0 sgid=0 fsgid=0 tty=pts1 ses=2 comm="vim" exe="/usr/bin/vim.basic" subj=unconfined key="T1078_Valid_Accounts"ARCH=x86_64 SYSCALL=execve AUID="vboxuser" UID="root" GID="root" EUID="root" SUID="root" FSUID="root" EGID="root" SGID="root" FSGID="root"
type=EXECVE msg=audit(1765975935.304:2567): argc=2 a0="vim" a1="config.php"
type=PATH msg=audit(1765975935.304:2567): item=0 name="/usr/bin/vim" inode=1483710 dev=08:02 mode=0100755 ouid=0 ogid=0 rdev=00:00 nametype=NORMAL cap_fp=0 cap_fi=0 cap_fe=0 cap_fver=0 cap_frootid=0OUID="root" OGID="root"
type=PATH msg=audit(1765975935.304:2567): item=1 name="/lib64/ld-linux-x86-64.so.2" inode=1481429 dev=08:02 mode=0100755 ouid=0 ogid=0 rdev=00:00 nametype=NORMAL cap_fp=0 cap_fi=0 cap_fe=0 cap_fver=0 cap_frootid=0OUID="root" OGID="root"
type=PROCTITLE msg=audit(1765975935.304:2567): proctitle=76696D00636F6E6669672E706870
type=SYSCALL msg=audit(1765975935.316:2568): arch=c000003e syscall=87 success=yes exit=0 a0=5b19eec585f0 a1=7fff9d401700 a2=5 a3=180 items=2 ppid=1308 pid=1717 auid=1000 uid=0 gid=0 euid=0 suid=0 fsuid=0 egid=0 sgid=0 fsgid=0 tty=pts1 ses=2 comm="vim" exe="/usr/bin/vim.basic" subj=unconfined key="T1107_File_Deletion"ARCH=x86_64 SYSCALL=unlink AUID="vboxuser" UID="root" GID="root" EUID="root" SUID="root" FSUID="root" EGID="root" SGID="root" FSGID="root"
type=PATH msg=audit(1765975935.316:2568): item=0 name="/var/www/nextcloud/config" inode=696342 dev=08:02 mode=040755 ouid=33 ogid=33 rdev=00:00 nametype=PARENT cap_fp=0 cap_fi=0 cap_fe=0 cap_fver=0 cap_frootid=0OUID="www-data" OGID="www-data"
type=PATH msg=audit(1765975935.316:2568): item=1 name=".config.php.swx" inode=706829 dev=08:02 mode=0100600 ouid=0 ogid=0 rdev=00:00 nametype=DELETE cap_fp=0 cap_fi=0 cap_fe=0 cap_fver=0 cap_frootid=0OUID="root" OGID="root"
type=PROCTITLE msg=audit(1765975935.316:2568): proctitle=76696D00636F6E6669672E706870
type=SYSCALL msg=audit(1765975935.358:2569): arch=c000003e syscall=87 success=yes exit=0 a0=5b19ef12b410 a1=7fff9d401700 a2=5 a3=180 items=2 ppid=1308 pid=1717 auid=1000 uid=0 gid=0 euid=0 suid=0 fsuid=0 egid=0 sgid=0 fsgid=0 tty=pts1 ses=2 comm="vim" exe="/usr/bin/vim.basic" subj=unconfined key="T1107_File_Deletion"ARCH=x86_64 SYSCALL=unlink AUID="vboxuser" UID="root" GID="root" EUID="root" SUID="root" FSUID="root" EGID="root" SGID="root" FSGID="root"
type=PATH msg=audit(1765975935.358:2569): item=0 name="/var/www/nextcloud/config" inode=696342 dev=08:02 mode=040755 ouid=33 ogid=33 rdev=00:00 nametype=PARENT cap_fp=0 cap_fi=0 cap_fe=0 cap_fver=0 cap_frootid=0OUID="www-data" OGID="www-data"
type=PATH msg=audit(1765975935.358:2569): item=1 name=".config.php.swp" inode=696344 dev=08:02 mode=0100600 ouid=0 ogid=0 rdev=00:00 nametype=DELETE cap_fp=0 cap_fi=0 cap_fe=0 cap_fver=0 cap_frootid=0OUID="root" OGID="root"
type=PROCTITLE msg=audit(1765975935.358:2569): proctitle=76696D00636F6E6669672E706870
type=SYSCALL msg=audit(1765975935.358:2570): arch=c000003e syscall=93 success=yes exit=0 a0=4 a1=ffffffff a2=21 a3=0 items=1 ppid=1308 pid=1717 auid=1000 uid=0 gid=0 euid=0 suid=0 fsuid=0 egid=0 sgid=0 fsgid=0 tty=pts1 ses=2 comm="vim" exe="/usr/bin/vim.basic" subj=unconfined key="T1166_Seuid_and_Setgid"ARCH=x86_64 SYSCALL=fchown AUID="vboxuser" UID="root" GID="root" EUID="root" SUID="root" FSUID="root" EGID="root" SGID="root" FSGID="root"
type=PATH msg=audit(1765975935.358:2570): item=0 name=(null) inode=696344 dev=08:02 mode=0100600 ouid=0 ogid=0 rdev=00:00 nametype=NORMAL cap_fp=0 cap_fi=0 cap_fe=0 cap_fver=0 cap_frootid=0OUID="root" OGID="root"
type=PROCTITLE msg=audit(1765975935.358:2570): proctitle=76696D00636F6E6669672E706870
type=SYSCALL msg=audit(1765975935.358:2571): arch=c000003e syscall=90 success=yes exit=0 a0=5b19ef12b410 a1=1a0 a2=21 a3=0 items=1 ppid=1308 pid=1717 auid=1000 uid=0 gid=0 euid=0 suid=0 fsuid=0 egid=0 sgid=0 fsgid=0 tty=pts1 ses=2 comm="vim" exe="/usr/bin/vim.basic" subj=unconfined key="T1166_Seuid_and_Setgid"ARCH=x86_64 SYSCALL=chmod AUID="vboxuser" UID="root" GID="root" EUID="root" SUID="root" FSUID="root" EGID="root" SGID="root" FSGID="root"
type=PATH msg=audit(1765975935.358:2571): item=0 name=".config.php.swp" inode=696344 dev=08:02 mode=0100600 ouid=0 ogid=33 rdev=00:00 nametype=NORMAL cap_fp=0 cap_fi=0 cap_fe=0 cap_fver=0 cap_frootid=0OUID="root" OGID="www-data"
type=PROCTITLE msg=audit(1765975935.358:2571): proctitle=76696D00636F6E6669672E706870
type=SYSCALL msg=audit(1765975954.722:2572): arch=c000003e syscall=93 success=yes exit=0 a0=3 a1=21 a2=21 a3=81a0 items=1 ppid=1308 pid=1717 auid=1000 uid=0 gid=0 euid=0 suid=0 fsuid=0 egid=0 sgid=0 fsgid=0 tty=pts1 ses=2 comm="vim" exe="/usr/bin/vim.basic" subj=unconfined key="T1166_Seuid_and_Setgid"ARCH=x86_64 SYSCALL=fchown AUID="vboxuser" UID="root" GID="root" EUID="root" SUID="root" FSUID="root" EGID="root" SGID="root" FSGID="root"
type=PATH msg=audit(1765975954.722:2572): item=0 name=(null) inode=706829 dev=08:02 mode=0100640 ouid=0 ogid=0 rdev=00:00 nametype=NORMAL cap_fp=0 cap_fi=0 cap_fe=0 cap_fver=0 cap_frootid=0OUID="root" OGID="root"
type=PROCTITLE msg=audit(1765975954.722:2572): proctitle=76696D00636F6E6669672E706870
type=SYSCALL msg=audit(1765975954.722:2573): arch=c000003e syscall=87 success=yes exit=0 a0=5b19eec4e420 a1=0 a2=0 a3=0 items=2 ppid=1308 pid=1717 auid=1000 uid=0 gid=0 euid=0 suid=0 fsuid=0 egid=0 sgid=0 fsgid=0 tty=pts1 ses=2 comm="vim" exe="/usr/bin/vim.basic" subj=unconfined key="T1107_File_Deletion"ARCH=x86_64 SYSCALL=unlink AUID="vboxuser" UID="root" GID="root" EUID="root" SUID="root" FSUID="root" EGID="root" SGID="root" FSGID="root"
type=PATH msg=audit(1765975954.722:2573): item=0 name="/var/www/nextcloud/config" inode=696342 dev=08:02 mode=040755 ouid=33 ogid=33 rdev=00:00 nametype=PARENT cap_fp=0 cap_fi=0 cap_fe=0 cap_fver=0 cap_frootid=0OUID="www-data" OGID="www-data"
type=PATH msg=audit(1765975954.722:2573): item=1 name="4913" inode=706829 dev=08:02 mode=0100640 ouid=33 ogid=33 rdev=00:00 nametype=DELETE cap_fp=0 cap_fi=0 cap_fe=0 cap_fver=0 cap_frootid=0OUID="www-data" OGID="www-data"
type=PROCTITLE msg=audit(1765975954.722:2573): proctitle=76696D00636F6E6669672E706870
type=SYSCALL msg=audit(1765975954.722:2574): arch=c000003e syscall=87 success=no exit=-2 a0=5b19ef123aa0 a1=5b19ef123aa0 a2=fffffffffffffc58 a3=0 items=1 ppid=1308 pid=1717 auid=1000 uid=0 gid=0 euid=0 suid=0 fsuid=0 egid=0 sgid=0 fsgid=0 tty=pts1 ses=2 comm="vim" exe="/usr/bin/vim.basic" subj=unconfined key="T1107_File_Deletion"ARCH=x86_64 SYSCALL=unlink AUID="vboxuser" UID="root" GID="root" EUID="root" SUID="root" FSUID="root" EGID="root" SGID="root" FSGID="root"
type=PATH msg=audit(1765975954.722:2574): item=0 name="/var/www/nextcloud/config" inode=696342 dev=08:02 mode=040755 ouid=33 ogid=33 rdev=00:00 nametype=PARENT cap_fp=0 cap_fi=0 cap_fe=0 cap_fver=0 cap_frootid=0OUID="www-data" OGID="www-data"
type=PROCTITLE msg=audit(1765975954.722:2574): proctitle=76696D00636F6E6669672E706870
type=SYSCALL msg=audit(1765975954.722:2575): arch=c000003e syscall=82 success=yes exit=0 a0=5b19eec5d6c0 a1=5b19ef123aa0 a2=fffffffffffffc58 a3=0 items=4 ppid=1308 pid=1717 auid=1000 uid=0 gid=0 euid=0 suid=0 fsuid=0 egid=0 sgid=0 fsgid=0 tty=pts1 ses=2 comm="vim" exe="/usr/bin/vim.basic" subj=unconfined key="T1107_File_Deletion"ARCH=x86_64 SYSCALL=rename AUID="vboxuser" UID="root" GID="root" EUID="root" SUID="root" FSUID="root" EGID="root" SGID="root" FSGID="root"
type=PATH msg=audit(1765975954.722:2575): item=0 name="/var/www/nextcloud/config" inode=696342 dev=08:02 mode=040755 ouid=33 ogid=33 rdev=00:00 nametype=PARENT cap_fp=0 cap_fi=0 cap_fe=0 cap_fver=0 cap_frootid=0OUID="www-data" OGID="www-data"
type=PATH msg=audit(1765975954.722:2575): item=1 name="/var/www/nextcloud/config" inode=696342 dev=08:02 mode=040755 ouid=33 ogid=33 rdev=00:00 nametype=PARENT cap_fp=0 cap_fi=0 cap_fe=0 cap_fver=0 cap_frootid=0OUID="www-data" OGID="www-data"
type=PATH msg=audit(1765975954.722:2575): item=2 name="config.php" inode=655462 dev=08:02 mode=0100640 ouid=33 ogid=33 rdev=00:00 nametype=DELETE cap_fp=0 cap_fi=0 cap_fe=0 cap_fver=0 cap_frootid=0OUID="www-data" OGID="www-data"
type=PATH msg=audit(1765975954.722:2575): item=3 name="config.phz~" inode=655462 dev=08:02 mode=0100640 ouid=33 ogid=33 rdev=00:00 nametype=CREATE cap_fp=0 cap_fi=0 cap_fe=0 cap_fver=0 cap_frootid=0OUID="www-data" OGID="www-data"
type=PROCTITLE msg=audit(1765975954.722:2575): proctitle=76696D00636F6E6669672E706870
type=SYSCALL msg=audit(1765975954.748:2576): arch=c000003e syscall=93 success=yes exit=0 a0=3 a1=21 a2=ffffffff a3=0 items=1 ppid=1308 pid=1717 auid=1000 uid=0 gid=0 euid=0 suid=0 fsuid=0 egid=0 sgid=0 fsgid=0 tty=pts1 ses=2 comm="vim" exe="/usr/bin/vim.basic" subj=unconfined key="T1166_Seuid_and_Setgid"ARCH=x86_64 SYSCALL=fchown AUID="vboxuser" UID="root" GID="root" EUID="root" SUID="root" FSUID="root" EGID="root" SGID="root" FSGID="root"
type=PATH msg=audit(1765975954.748:2576): item=0 name=(null) inode=706829 dev=08:02 mode=0100640 ouid=0 ogid=0 rdev=00:00 nametype=NORMAL cap_fp=0 cap_fi=0 cap_fe=0 cap_fver=0 cap_frootid=0OUID="root" OGID="root"
type=PROCTITLE msg=audit(1765975954.748:2576): proctitle=76696D00636F6E6669672E706870
type=SYSCALL msg=audit(1765975954.748:2577): arch=c000003e syscall=93 success=yes exit=0 a0=3 a1=ffffffff a2=21 a3=0 items=1 ppid=1308 pid=1717 auid=1000 uid=0 gid=0 euid=0 suid=0 fsuid=0 egid=0 sgid=0 fsgid=0 tty=pts1 ses=2 comm="vim" exe="/usr/bin/vim.basic" subj=unconfined key="T1166_Seuid_and_Setgid"ARCH=x86_64 SYSCALL=fchown AUID="vboxuser" UID="root" GID="root" EUID="root" SUID="root" FSUID="root" EGID="root" SGID="root" FSGID="root"
type=PATH msg=audit(1765975954.748:2577): item=0 name=(null) inode=706829 dev=08:02 mode=0100640 ouid=33 ogid=0 rdev=00:00 nametype=NORMAL cap_fp=0 cap_fi=0 cap_fe=0 cap_fver=0 cap_frootid=0OUID="www-data" OGID="root"
type=PROCTITLE msg=audit(1765975954.748:2577): proctitle=76696D00636F6E6669672E706870
type=SYSCALL msg=audit(1765975954.748:2578): arch=c000003e syscall=91 success=yes exit=0 a0=3 a1=81a0 a2=7fff9d4011b0 a3=0 items=1 ppid=1308 pid=1717 auid=1000 uid=0 gid=0 euid=0 suid=0 fsuid=0 egid=0 sgid=0 fsgid=0 tty=pts1 ses=2 comm="vim" exe="/usr/bin/vim.basic" subj=unconfined key="T1166_Seuid_and_Setgid"ARCH=x86_64 SYSCALL=fchmod AUID="vboxuser" UID="root" GID="root" EUID="root" SUID="root" FSUID="root" EGID="root" SGID="root" FSGID="root"
type=PATH msg=audit(1765975954.748:2578): item=0 name=(null) inode=706829 dev=08:02 mode=0100640 ouid=33 ogid=33 rdev=00:00 nametype=NORMAL cap_fp=0 cap_fi=0 cap_fe=0 cap_fver=0 cap_frootid=0OUID="www-data" OGID="www-data"
type=PROCTITLE msg=audit(1765975954.748:2578): proctitle=76696D00636F6E6669672E706870
type=SYSCALL msg=audit(1765975954.748:2579): arch=c000003e syscall=188 success=yes exit=0 a0=5b19eec5d6c0 a1=77103a90b000 a2=5b19ef12b430 a3=1c items=1 ppid=1308 pid=1717 auid=1000 uid=0 gid=0 euid=0 suid=0 fsuid=0 egid=0 sgid=0 fsgid=0 tty=pts1 ses=2 comm="vim" exe="/usr/bin/vim.basic" subj=unconfined key="T1166_Seuid_and_Setgid"ARCH=x86_64 SYSCALL=setxattr AUID="vboxuser" UID="root" GID="root" EUID="root" SUID="root" FSUID="root" EGID="root" SGID="root" FSGID="root"
type=PATH msg=audit(1765975954.748:2579): item=0 name="config.php" inode=706829 dev=08:02 mode=0100640 ouid=33 ogid=33 rdev=00:00 nametype=NORMAL cap_fp=0 cap_fi=0 cap_fe=0 cap_fver=0 cap_frootid=0OUID="www-data" OGID="www-data"
type=PROCTITLE msg=audit(1765975954.748:2579): proctitle=76696D00636F6E6669672E706870
type=SYSCALL msg=audit(1765975954.748:2580): arch=c000003e syscall=87 success=yes exit=0 a0=5b19ef123aa0 a1=382d6674 a2=5b19e6773b7d a3=0 items=2 ppid=1308 pid=1717 auid=1000 uid=0 gid=0 euid=0 suid=0 fsuid=0 egid=0 sgid=0 fsgid=0 tty=pts1 ses=2 comm="vim" exe="/usr/bin/vim.basic" subj=unconfined key="T1107_File_Deletion"ARCH=x86_64 SYSCALL=unlink AUID="vboxuser" UID="root" GID="root" EUID="root" SUID="root" FSUID="root" EGID="root" SGID="root" FSGID="root"
type=PATH msg=audit(1765975954.748:2580): item=0 name="/var/www/nextcloud/config" inode=696342 dev=08:02 mode=040755 ouid=33 ogid=33 rdev=00:00 nametype=PARENT cap_fp=0 cap_fi=0 cap_fe=0 cap_fver=0 cap_frootid=0OUID="www-data" OGID="www-data"
type=PATH msg=audit(1765975954.748:2580): item=1 name="config.phz~" inode=655462 dev=08:02 mode=0100640 ouid=33 ogid=33 rdev=00:00 nametype=DELETE cap_fp=0 cap_fi=0 cap_fe=0 cap_fver=0 cap_frootid=0OUID="www-data" OGID="www-data"
type=PROCTITLE msg=audit(1765975954.748:2580): proctitle=76696D00636F6E6669672E706870
type=SYSCALL msg=audit(1765975954.750:2581): arch=c000003e syscall=87 success=yes exit=0 a0=5b19ef098a50 a1=5b19ef098a50 a2=7fff9d400590 a3=0 items=2 ppid=1308 pid=1717 auid=1000 uid=0 gid=0 euid=0 suid=0 fsuid=0 egid=0 sgid=0 fsgid=0 tty=pts1 ses=2 comm="vim" exe="/usr/bin/vim.basic" subj=unconfined key="T1107_File_Deletion"ARCH=x86_64 SYSCALL=unlink AUID="vboxuser" UID="root" GID="root" EUID="root" SUID="root" FSUID="root" EGID="root" SGID="root" FSGID="root"
type=PATH msg=audit(1765975954.750:2581): item=0 name="/root/" inode=1048578 dev=08:02 mode=040700 ouid=0 ogid=0 rdev=00:00 nametype=PARENT cap_fp=0 cap_fi=0 cap_fe=0 cap_fver=0 cap_frootid=0OUID="root" OGID="root"
type=PATH msg=audit(1765975954.750:2581): item=1 name="/root/.viminfo" inode=1051118 dev=08:02 mode=0100600 ouid=0 ogid=0 rdev=00:00 nametype=DELETE cap_fp=0 cap_fi=0 cap_fe=0 cap_fver=0 cap_frootid=0OUID="root" OGID="root"
type=PROCTITLE msg=audit(1765975954.750:2581): proctitle=76696D00636F6E6669672E706870
type=SYSCALL msg=audit(1765975954.751:2582): arch=c000003e syscall=82 success=yes exit=0 a0=5b19ef0d4fc0 a1=5b19ef098a50 a2=7fff9d400590 a3=0 items=4 ppid=1308 pid=1717 auid=1000 uid=0 gid=0 euid=0 suid=0 fsuid=0 egid=0 sgid=0 fsgid=0 tty=pts1 ses=2 comm="vim" exe="/usr/bin/vim.basic" subj=unconfined key="T1107_File_Deletion"ARCH=x86_64 SYSCALL=rename AUID="vboxuser" UID="root" GID="root" EUID="root" SUID="root" FSUID="root" EGID="root" SGID="root" FSGID="root"
type=PATH msg=audit(1765975954.751:2582): item=0 name="/root/" inode=1048578 dev=08:02 mode=040700 ouid=0 ogid=0 rdev=00:00 nametype=PARENT cap_fp=0 cap_fi=0 cap_fe=0 cap_fver=0 cap_frootid=0OUID="root" OGID="root"
type=PATH msg=audit(1765975954.751:2582): item=1 name="/root/" inode=1048578 dev=08:02 mode=040700 ouid=0 ogid=0 rdev=00:00 nametype=PARENT cap_fp=0 cap_fi=0 cap_fe=0 cap_fver=0 cap_frootid=0OUID="root" OGID="root"
type=PATH msg=audit(1765975954.751:2582): item=2 name="/root/.viminfo.tmp" inode=1049747 dev=08:02 mode=0100600 ouid=0 ogid=0 rdev=00:00 nametype=DELETE cap_fp=0 cap_fi=0 cap_fe=0 cap_fver=0 cap_frootid=0OUID="root" OGID="root"
type=PATH msg=audit(1765975954.751:2582): item=3 name="/root/.viminfo" inode=1049747 dev=08:02 mode=0100600 ouid=0 ogid=0 rdev=00:00 nametype=CREATE cap_fp=0 cap_fi=0 cap_fe=0 cap_fver=0 cap_frootid=0OUID="root" OGID="root"
type=PROCTITLE msg=audit(1765975954.751:2582): proctitle=76696D00636F6E6669672E706870
type=SYSCALL msg=audit(1765975954.751:2583): arch=c000003e syscall=87 success=yes exit=0 a0=5b19eecd6f30 a1=0 a2=0 a3=5b19e681cc60 items=2 ppid=1308 pid=1717 auid=1000 uid=0 gid=0 euid=0 suid=0 fsuid=0 egid=0 sgid=0 fsgid=0 tty=pts1 ses=2 comm="vim" exe="/usr/bin/vim.basic" subj=unconfined key="T1107_File_Deletion"ARCH=x86_64 SYSCALL=unlink AUID="vboxuser" UID="root" GID="root" EUID="root" SUID="root" FSUID="root" EGID="root" SGID="root" FSGID="root"
type=PATH msg=audit(1765975954.751:2583): item=0 name="/var/www/nextcloud/config/" inode=696342 dev=08:02 mode=040755 ouid=33 ogid=33 rdev=00:00 nametype=PARENT cap_fp=0 cap_fi=0 cap_fe=0 cap_fver=0 cap_frootid=0OUID="www-data" OGID="www-data"
type=PATH msg=audit(1765975954.751:2583): item=1 name="/var/www/nextcloud/config/.config.php.swp" inode=696344 dev=08:02 mode=0100640 ouid=0 ogid=33 rdev=00:00 nametype=DELETE cap_fp=0 cap_fi=0 cap_fe=0 cap_fver=0 cap_frootid=0OUID="root" OGID="www-data"
type=PROCTITLE msg=audit(1765975954.751:2583): proctitle=76696D00636F6E6669672E706870
type=SYSCALL msg=audit(1765975958.206:2584): arch=c000003e syscall=42 success=yes exit=0 a0=d a1=7ffc7c771ea0 a2=1d a3=1 items=1 ppid=883 pid=1613 auid=4294967295 uid=33 gid=33 euid=33 suid=33 fsuid=33 egid=33 sgid=33 fsgid=33 tty=(none) ses=4294967295 comm="apache2" exe="/usr/sbin/apache2" subj=unconfined key="T1043_Commonly_Used_Port"ARCH=x86_64 SYSCALL=connect AUID="unset" UID="www-data" GID="www-data" EUID="www-data" SUID="www-data" FSUID="www-data" EGID="www-data" SGID="www-data" FSGID="www-data"
type=SOCKADDR msg=audit(1765975958.206:2584): saddr=01002F7661722F72756E2F6D7973716C642F6D7973716C642E736F636BSADDR={ saddr_fam=local path=/var/run/mysqld/mysqld.sock }
type=PATH msg=audit(1765975958.206:2584): item=0 name="/var/run/mysqld/mysqld.sock" inode=1359 dev=00:18 mode=0140777 ouid=111 ogid=111 rdev=00:00 nametype=NORMAL cap_fp=0 cap_fi=0 cap_fe=0 cap_fver=0 cap_frootid=0OUID="mysql" OGID="mysql"
type=PROCTITLE msg=audit(1765975958.206:2584): proctitle=2F7573722F7362696E2F61706163686532002D6B007374617274
type=SYSCALL msg=audit(1765975981.558:2585): arch=c000003e syscall=59 success=yes exit=0 a0=569850769970 a1=569850722740 a2=569850623cc0 a3=56985063fe70 items=2 ppid=1674 pid=1721 auid=1000 uid=0 gid=0 euid=0 suid=0 fsuid=0 egid=0 sgid=0 fsgid=0 tty=pts3 ses=6 comm="tail" exe="/usr/bin/tail" subj=unconfined key="T1078_Valid_Accounts"ARCH=x86_64 SYSCALL=execve AUID="vboxuser" UID="root" GID="root" EUID="root" SUID="root" FSUID="root" EGID="root" SGID="root" FSGID="root"
type=EXECVE msg=audit(1765975981.558:2585): argc=4 a0="tail" a1="-c" a2="+10425195" a3="/var/www/nextcloud/data/nextcloud.log"
type=PATH msg=audit(1765975981.558:2585): item=0 name="/usr/bin/tail" inode=1442904 dev=08:02 mode=0100755 ouid=0 ogid=0 rdev=00:00 nametype=NORMAL cap_fp=0 cap_fi=0 cap_fe=0 cap_fver=0 cap_frootid=0OUID="root" OGID="root"
type=PATH msg=audit(1765975981.558:2585): item=1 name="/lib64/ld-linux-x86-64.so.2" inode=1481429 dev=08:02 mode=0100755 ouid=0 ogid=0 rdev=00:00 nametype=NORMAL cap_fp=0 cap_fi=0 cap_fe=0 cap_fver=0 cap_frootid=0OUID="root" OGID="root"
type=PROCTITLE msg=audit(1765975981.558:2585): proctitle=7461696C002D63002B3130343235313935002F7661722F7777772F6E657874636C6F75642F646174612F6E657874636C6F75642E6C6F67
type=SYSCALL msg=audit(1765975981.664:2586): arch=c000003e syscall=59 success=yes exit=0 a0=569850769a30 a1=569850722aa0 a2=569850623cc0 a3=569850769480 items=2 ppid=1674 pid=1722 auid=1000 uid=0 gid=0 euid=0 suid=0 fsuid=0 egid=0 sgid=0 fsgid=0 tty=pts3 ses=6 comm="tail" exe="/usr/bin/tail" subj=unconfined key="T1078_Valid_Accounts"ARCH=x86_64 SYSCALL=execve AUID="vboxuser" UID="root" GID="root" EUID="root" SUID="root" FSUID="root" EGID="root" SGID="root" FSGID="root"
type=EXECVE msg=audit(1765975981.664:2586): argc=4 a0="tail" a1="-c" a2="+867667" a3="/var/log/syslog"
type=PATH msg=audit(1765975981.664:2586): item=0 name="/usr/bin/tail" inode=1442904 dev=08:02 mode=0100755 ouid=0 ogid=0 rdev=00:00 nametype=NORMAL cap_fp=0 cap_fi=0 cap_fe=0 cap_fver=0 cap_frootid=0OUID="root" OGID="root"
type=PATH msg=audit(1765975981.664:2586): item=1 name="/lib64/ld-linux-x86-64.so.2" inode=1481429 dev=08:02 mode=0100755 ouid=0 ogid=0 rdev=00:00 nametype=NORMAL cap_fp=0 cap_fi=0 cap_fe=0 cap_fver=0 cap_frootid=0OUID="root" OGID="root"
type=PROCTITLE msg=audit(1765975981.664:2586): proctitle=7461696C002D63002B383637363637002F7661722F6C6F672F7379736C6F67
type=SYSCALL msg=audit(1765975981.747:2587): arch=c000003e syscall=59 success=yes exit=0 a0=569850702e90 a1=569850722aa0 a2=569850623cc0 a3=569850769b30 items=2 ppid=1674 pid=1723 auid=1000 uid=0 gid=0 euid=0 suid=0 fsuid=0 egid=0 sgid=0 fsgid=0 tty=pts3 ses=6 comm="tail" exe="/usr/bin/tail" subj=unconfined key="T1078_Valid_Accounts"ARCH=x86_64 SYSCALL=execve AUID="vboxuser" UID="root" GID="root" EUID="root" SUID="root" FSUID="root" EGID="root" SGID="root" FSGID="root"
type=EXECVE msg=audit(1765975981.747:2587): argc=4 a0="tail" a1="-c" a2="+56261" a3="/var/log/auth.log"
type=PATH msg=audit(1765975981.747:2587): item=0 name="/usr/bin/tail" inode=1442904 dev=08:02 mode=0100755 ouid=0 ogid=0 rdev=00:00 nametype=NORMAL cap_fp=0 cap_fi=0 cap_fe=0 cap_fver=0 cap_frootid=0OUID="root" OGID="root"
type=PATH msg=audit(1765975981.747:2587): item=1 name="/lib64/ld-linux-x86-64.so.2" inode=1481429 dev=08:02 mode=0100755 ouid=0 ogid=0 rdev=00:00 nametype=NORMAL cap_fp=0 cap_fi=0 cap_fe=0 cap_fver=0 cap_frootid=0OUID="root" OGID="root"
type=PROCTITLE msg=audit(1765975981.747:2587): proctitle=7461696C002D63002B3536323631002F7661722F6C6F672F617574682E6C6F67
type=SYSCALL msg=audit(1765975981.812:2588): arch=c000003e syscall=59 success=yes exit=0 a0=569850702e50 a1=569850722740 a2=569850623cc0 a3=569850769b70 items=2 ppid=1674 pid=1724 auid=1000 uid=0 gid=0 euid=0 suid=0 fsuid=0 egid=0 sgid=0 fsgid=0 tty=pts3 ses=6 comm="tail" exe="/usr/bin/tail" subj=unconfined key="T1078_Valid_Accounts"ARCH=x86_64 SYSCALL=execve AUID="vboxuser" UID="root" GID="root" EUID="root" SUID="root" FSUID="root" EGID="root" SGID="root" FSGID="root"
type=EXECVE msg=audit(1765975981.812:2588): argc=4 a0="tail" a1="-c" a2="+150648778" a3="/var/log/audit/audit.log"
type=PATH msg=audit(1765975981.812:2588): item=0 name="/usr/bin/tail" inode=1442904 dev=08:02 mode=0100755 ouid=0 ogid=0 rdev=00:00 nametype=NORMAL cap_fp=0 cap_fi=0 cap_fe=0 cap_fver=0 cap_frootid=0OUID="root" OGID="root"
type=PATH msg=audit(1765975981.812:2588): item=1 name="/lib64/ld-linux-x86-64.so.2" inode=1481429 dev=08:02 mode=0100755 ouid=0 ogid=0 rdev=00:00 nametype=NORMAL cap_fp=0 cap_fi=0 cap_fe=0 cap_fver=0 cap_frootid=0OUID="root" OGID="root"
type=PROCTITLE msg=audit(1765975981.812:2588): proctitle=7461696C002D63002B313530363438373738002F7661722F6C6F672F61756469742F61756469742E6C6F67
type=SYSCALL msg=audit(1765975981.816:2589): arch=c000003e syscall=257 success=yes exit=3 a0=ffffff9c a1=7ffe176286c3 a2=0 a3=0 items=1 ppid=1674 pid=1724 auid=1000 uid=0 gid=0 euid=0 suid=0 fsuid=0 egid=0 sgid=0 fsgid=0 tty=pts3 ses=6 comm="tail" exe="/usr/bin/tail" subj=unconfined key="auditlog"ARCH=x86_64 SYSCALL=openat AUID="vboxuser" UID="root" GID="root" EUID="root" SUID="root" FSUID="root" EGID="root" SGID="root" FSGID="root"
type=PATH msg=audit(1765975981.816:2589): item=0 name="/var/log/audit/audit.log" inode=659339 dev=08:02 mode=0100640 ouid=0 ogid=4 rdev=00:00 nametype=NORMAL cap_fp=0 cap_fi=0 cap_fe=0 cap_fver=0 cap_frootid=0OUID="root" OGID="adm"
type=PROCTITLE msg=audit(1765975981.816:2589): proctitle=7461696C002D63002B313530363438373738002F7661722F6C6F672F61756469742F61756469742E6C6F67