type=SYSCALL msg=audit(1768183219.915:1868): arch=c000003e syscall=106 success=yes exit=0 a0=21 a1=7cc03a5bf4a0 a2=0 a3=22 items=0 ppid=966 pid=1441 auid=4294967295 uid=0 gid=33 euid=0 suid=0 fsuid=0 egid=33 sgid=33 fsgid=33 tty=(none) ses=4294967295 comm="apache2" exe="/usr/sbin/apache2" subj=unconfined key="T1166_Seuid_and_Setgid"ARCH=x86_64 SYSCALL=setgid AUID="unset" UID="root" GID="www-data" EUID="root" SUID="root" FSUID="root" EGID="www-data" SGID="www-data" FSGID="www-data"
type=PROCTITLE msg=audit(1768183219.915:1868): proctitle=2F7573722F7362696E2F61706163686532002D6B007374617274
type=SYSCALL msg=audit(1768183219.915:1869): arch=c000003e syscall=42 success=yes exit=0 a0=c a1=7fff04d79e10 a2=2d a3=5e8356428230 items=1 ppid=966 pid=1441 auid=4294967295 uid=0 gid=33 euid=0 suid=0 fsuid=0 egid=33 sgid=33 fsgid=33 tty=(none) ses=4294967295 comm="apache2" exe="/usr/sbin/apache2" subj=unconfined key="T1043_Commonly_Used_Port"ARCH=x86_64 SYSCALL=connect AUID="unset" UID="root" GID="www-data" EUID="root" SUID="root" FSUID="root" EGID="www-data" SGID="www-data" FSGID="www-data"
type=SOCKADDR msg=audit(1768183219.915:1869): saddr=01002F72756E2F73797374656D642F7573657264622F696F2E73797374656D642E44796E616D69635573657200SADDR={ saddr_fam=local path=/run/systemd/userdb/io.systemd.DynamicUser }
type=PATH msg=audit(1768183219.915:1869): item=0 name="/run/systemd/userdb/io.systemd.DynamicUser" inode=443 dev=00:18 mode=0140666 ouid=0 ogid=0 rdev=00:00 nametype=NORMAL cap_fp=0 cap_fi=0 cap_fe=0 cap_fver=0 cap_frootid=0OUID="root" OGID="root"
type=PROCTITLE msg=audit(1768183219.915:1869): proctitle=2F7573722F7362696E2F61706163686532002D6B007374617274
type=SYSCALL msg=audit(1768183219.917:1870): arch=c000003e syscall=105 success=yes exit=0 a0=21 a1=5e835629fda0 a2=5e86be77ea6f a3=5e835629fdb0 items=0 ppid=966 pid=1441 auid=4294967295 uid=33 gid=33 euid=33 suid=33 fsuid=33 egid=33 sgid=33 fsgid=33 tty=(none) ses=4294967295 comm="apache2" exe="/usr/sbin/apache2" subj=unconfined key="T1166_Seuid_and_Setgid"ARCH=x86_64 SYSCALL=setuid AUID="unset" UID="www-data" GID="www-data" EUID="www-data" SUID="www-data" FSUID="www-data" EGID="www-data" SGID="www-data" FSGID="www-data"
type=PROCTITLE msg=audit(1768183219.917:1870): proctitle=2F7573722F7362696E2F61706163686532002D6B007374617274
type=SYSCALL msg=audit(1768183235.290:1871): arch=c000003e syscall=59 success=yes exit=0 a0=5c666e18b8d0 a1=5c666e0463c0 a2=5c666e045cc0 a3=5c666e0463c0 items=2 ppid=1426 pid=1443 auid=1000 uid=0 gid=0 euid=0 suid=0 fsuid=0 egid=0 sgid=0 fsgid=0 tty=pts1 ses=3 comm="systemctl" exe="/usr/bin/systemctl" subj=unconfined key="T1078_Valid_Accounts"ARCH=x86_64 SYSCALL=execve AUID="vboxuser" UID="root" GID="root" EUID="root" SUID="root" FSUID="root" EGID="root" SGID="root" FSGID="root"
type=EXECVE msg=audit(1768183235.290:1871): argc=3 a0="systemctl" a1="status" a2="apache2"
type=PATH msg=audit(1768183235.290:1871): item=0 name="/usr/bin/systemctl" inode=1461475 dev=08:02 mode=0100755 ouid=0 ogid=0 rdev=00:00 nametype=NORMAL cap_fp=0 cap_fi=0 cap_fe=0 cap_fver=0 cap_frootid=0OUID="root" OGID="root"
type=PATH msg=audit(1768183235.290:1871): item=1 name="/lib64/ld-linux-x86-64.so.2" inode=1481429 dev=08:02 mode=0100755 ouid=0 ogid=0 rdev=00:00 nametype=NORMAL cap_fp=0 cap_fi=0 cap_fe=0 cap_fver=0 cap_frootid=0OUID="root" OGID="root"
type=PROCTITLE msg=audit(1768183235.290:1871): proctitle=73797374656D63746C007374617475730061706163686532
type=SYSCALL msg=audit(1768183235.302:1872): arch=c000003e syscall=42 success=yes exit=0 a0=3 a1=613b89c3aac8 a2=17 a3=7fffa5828dc4 items=1 ppid=1426 pid=1443 auid=1000 uid=0 gid=0 euid=0 suid=0 fsuid=0 egid=0 sgid=0 fsgid=0 tty=pts1 ses=3 comm="systemctl" exe="/usr/bin/systemctl" subj=unconfined key="T1043_Commonly_Used_Port"ARCH=x86_64 SYSCALL=connect AUID="vboxuser" UID="root" GID="root" EUID="root" SUID="root" FSUID="root" EGID="root" SGID="root" FSGID="root"
type=SOCKADDR msg=audit(1768183235.302:1872): saddr=01002F72756E2F73797374656D642F7072697661746500SADDR={ saddr_fam=local path=/run/systemd/private }
type=PATH msg=audit(1768183235.302:1872): item=0 name="/run/systemd/private" inode=441 dev=00:18 mode=0140700 ouid=0 ogid=0 rdev=00:00 nametype=NORMAL cap_fp=0 cap_fi=0 cap_fe=0 cap_fver=0 cap_frootid=0OUID="root" OGID="root"
type=PROCTITLE msg=audit(1768183235.302:1872): proctitle=73797374656D63746C007374617475730061706163686532
type=SYSCALL msg=audit(1768183243.890:1873): arch=c000003e syscall=59 success=yes exit=0 a0=5c666e18bb30 a1=5c666e0463c0 a2=5c666e045cc0 a3=5c666e0463c0 items=2 ppid=1426 pid=1444 auid=1000 uid=0 gid=0 euid=0 suid=0 fsuid=0 egid=0 sgid=0 fsgid=0 tty=pts1 ses=3 comm="ls" exe="/usr/bin/ls" subj=unconfined key="T1078_Valid_Accounts"ARCH=x86_64 SYSCALL=execve AUID="vboxuser" UID="root" GID="root" EUID="root" SUID="root" FSUID="root" EGID="root" SGID="root" FSGID="root"
type=EXECVE msg=audit(1768183243.890:1873): argc=4 a0="ls" a1="--color=auto" a2="-l" a3="/var/www/"
type=PATH msg=audit(1768183243.890:1873): item=0 name="/usr/bin/ls" inode=1442533 dev=08:02 mode=0100755 ouid=0 ogid=0 rdev=00:00 nametype=NORMAL cap_fp=0 cap_fi=0 cap_fe=0 cap_fver=0 cap_frootid=0OUID="root" OGID="root"
type=PATH msg=audit(1768183243.890:1873): item=1 name="/lib64/ld-linux-x86-64.so.2" inode=1481429 dev=08:02 mode=0100755 ouid=0 ogid=0 rdev=00:00 nametype=NORMAL cap_fp=0 cap_fi=0 cap_fe=0 cap_fver=0 cap_frootid=0OUID="root" OGID="root"
type=PROCTITLE msg=audit(1768183243.890:1873): proctitle=6C73002D2D636F6C6F723D6175746F002D6C002F7661722F7777772F
type=SYSCALL msg=audit(1768183251.550:1874): arch=c000003e syscall=59 success=yes exit=0 a0=5c666e0618b0 a1=5c666e18bbd0 a2=5c666e045cc0 a3=5c666e18bbd0 items=2 ppid=1426 pid=1445 auid=1000 uid=0 gid=0 euid=0 suid=0 fsuid=0 egid=0 sgid=0 fsgid=0 tty=pts1 ses=3 comm="ls" exe="/usr/bin/ls" subj=unconfined key="T1078_Valid_Accounts"ARCH=x86_64 SYSCALL=execve AUID="vboxuser" UID="root" GID="root" EUID="root" SUID="root" FSUID="root" EGID="root" SGID="root" FSGID="root"
type=EXECVE msg=audit(1768183251.550:1874): argc=4 a0="ls" a1="--color=auto" a2="-l" a3="/var/www/nextcloud"
type=PATH msg=audit(1768183251.550:1874): item=0 name="/usr/bin/ls" inode=1442533 dev=08:02 mode=0100755 ouid=0 ogid=0 rdev=00:00 nametype=NORMAL cap_fp=0 cap_fi=0 cap_fe=0 cap_fver=0 cap_frootid=0OUID="root" OGID="root"
type=PATH msg=audit(1768183251.550:1874): item=1 name="/lib64/ld-linux-x86-64.so.2" inode=1481429 dev=08:02 mode=0100755 ouid=0 ogid=0 rdev=00:00 nametype=NORMAL cap_fp=0 cap_fi=0 cap_fe=0 cap_fver=0 cap_frootid=0OUID="root" OGID="root"
type=PROCTITLE msg=audit(1768183251.550:1874): proctitle=6C73002D2D636F6C6F723D6175746F002D6C002F7661722F7777772F6E657874636C6F7564
type=SYSCALL msg=audit(1768183258.921:1875): arch=c000003e syscall=59 success=yes exit=0 a0=5c666e124e50 a1=5c666e059820 a2=5c666e045cc0 a3=5c666e046380 items=2 ppid=1426 pid=1446 auid=1000 uid=0 gid=0 euid=0 suid=0 fsuid=0 egid=0 sgid=0 fsgid=0 tty=pts1 ses=3 comm="ls" exe="/usr/bin/ls" subj=unconfined key="T1078_Valid_Accounts"ARCH=x86_64 SYSCALL=execve AUID="vboxuser" UID="root" GID="root" EUID="root" SUID="root" FSUID="root" EGID="root" SGID="root" FSGID="root"
type=EXECVE msg=audit(1768183258.921:1875): argc=4 a0="ls" a1="--color=auto" a2="-l" a3="/etc/apache2/sites-enabled/"
type=PATH msg=audit(1768183258.921:1875): item=0 name="/usr/bin/ls" inode=1442533 dev=08:02 mode=0100755 ouid=0 ogid=0 rdev=00:00 nametype=NORMAL cap_fp=0 cap_fi=0 cap_fe=0 cap_fver=0 cap_frootid=0OUID="root" OGID="root"
type=PATH msg=audit(1768183258.921:1875): item=1 name="/lib64/ld-linux-x86-64.so.2" inode=1481429 dev=08:02 mode=0100755 ouid=0 ogid=0 rdev=00:00 nametype=NORMAL cap_fp=0 cap_fi=0 cap_fe=0 cap_fver=0 cap_frootid=0OUID="root" OGID="root"
type=PROCTITLE msg=audit(1768183258.921:1875): proctitle=6C73002D2D636F6C6F723D6175746F002D6C002F6574632F617061636865322F73697465732D656E61626C65642F
type=SYSCALL msg=audit(1768183269.028:1876): arch=c000003e syscall=59 success=yes exit=0 a0=5c666e18bb30 a1=5c666e18b930 a2=5c666e045cc0 a3=5c666e18b930 items=2 ppid=1426 pid=1447 auid=1000 uid=0 gid=0 euid=0 suid=0 fsuid=0 egid=0 sgid=0 fsgid=0 tty=pts1 ses=3 comm="cat" exe="/usr/bin/cat" subj=unconfined key="T1078_Valid_Accounts"ARCH=x86_64 SYSCALL=execve AUID="vboxuser" UID="root" GID="root" EUID="root" SUID="root" FSUID="root" EGID="root" SGID="root" FSGID="root"
type=EXECVE msg=audit(1768183269.028:1876): argc=2 a0="cat" a1="/etc/apache2/sites-enabled/nextcloud.conf"
type=PATH msg=audit(1768183269.028:1876): item=0 name="/usr/bin/cat" inode=1442301 dev=08:02 mode=0100755 ouid=0 ogid=0 rdev=00:00 nametype=NORMAL cap_fp=0 cap_fi=0 cap_fe=0 cap_fver=0 cap_frootid=0OUID="root" OGID="root"
type=PATH msg=audit(1768183269.028:1876): item=1 name="/lib64/ld-linux-x86-64.so.2" inode=1481429 dev=08:02 mode=0100755 ouid=0 ogid=0 rdev=00:00 nametype=NORMAL cap_fp=0 cap_fi=0 cap_fe=0 cap_fver=0 cap_frootid=0OUID="root" OGID="root"
type=PROCTITLE msg=audit(1768183269.028:1876): proctitle=636174002F6574632F617061636865322F73697465732D656E61626C65642F6E657874636C6F75642E636F6E66
type=SYSCALL msg=audit(1768183278.135:1877): arch=c000003e syscall=59 success=yes exit=0 a0=5c666e18bd60 a1=5c666e059820 a2=5c666e045cc0 a3=5c666e059820 items=2 ppid=1426 pid=1448 auid=1000 uid=0 gid=0 euid=0 suid=0 fsuid=0 egid=0 sgid=0 fsgid=0 tty=pts1 ses=3 comm="ls" exe="/usr/bin/ls" subj=unconfined key="T1078_Valid_Accounts"ARCH=x86_64 SYSCALL=execve AUID="vboxuser" UID="root" GID="root" EUID="root" SUID="root" FSUID="root" EGID="root" SGID="root" FSGID="root"
type=EXECVE msg=audit(1768183278.135:1877): argc=4 a0="ls" a1="--color=auto" a2="-l" a3="/var/www/html"
type=PATH msg=audit(1768183278.135:1877): item=0 name="/usr/bin/ls" inode=1442533 dev=08:02 mode=0100755 ouid=0 ogid=0 rdev=00:00 nametype=NORMAL cap_fp=0 cap_fi=0 cap_fe=0 cap_fver=0 cap_frootid=0OUID="root" OGID="root"
type=PATH msg=audit(1768183278.135:1877): item=1 name="/lib64/ld-linux-x86-64.so.2" inode=1481429 dev=08:02 mode=0100755 ouid=0 ogid=0 rdev=00:00 nametype=NORMAL cap_fp=0 cap_fi=0 cap_fe=0 cap_fver=0 cap_frootid=0OUID="root" OGID="root"
type=PROCTITLE msg=audit(1768183278.135:1877): proctitle=6C73002D2D636F6C6F723D6175746F002D6C002F7661722F7777772F68746D6C
type=SYSCALL msg=audit(1768183286.170:1878): arch=c000003e syscall=59 success=yes exit=0 a0=5c666e18bdc0 a1=5c666e18bd80 a2=5c666e045cc0 a3=5c666e18bd80 items=3 ppid=1426 pid=1449 auid=1000 uid=0 gid=0 euid=0 suid=0 fsuid=0 egid=0 sgid=0 fsgid=0 tty=pts1 ses=3 comm="a2enmod" exe="/usr/bin/perl" subj=unconfined key="T1078_Valid_Accounts"ARCH=x86_64 SYSCALL=execve AUID="vboxuser" UID="root" GID="root" EUID="root" SUID="root" FSUID="root" EGID="root" SGID="root" FSGID="root"
type=EXECVE msg=audit(1768183286.170:1878): argc=4 a0="/usr/bin/perl" a1="-w" a2="/usr/sbin/a2enmod" a3="rewrite"
type=PATH msg=audit(1768183286.170:1878): item=0 name="/usr/sbin/a2enmod" inode=1479337 dev=08:02 mode=0100755 ouid=0 ogid=0 rdev=00:00 nametype=NORMAL cap_fp=0 cap_fi=0 cap_fe=0 cap_fver=0 cap_frootid=0OUID="root" OGID="root"
type=PATH msg=audit(1768183286.170:1878): item=1 name="/usr/bin/perl" inode=1442334 dev=08:02 mode=0100755 ouid=0 ogid=0 rdev=00:00 nametype=NORMAL cap_fp=0 cap_fi=0 cap_fe=0 cap_fver=0 cap_frootid=0OUID="root" OGID="root"
type=PATH msg=audit(1768183286.170:1878): item=2 name="/lib64/ld-linux-x86-64.so.2" inode=1481429 dev=08:02 mode=0100755 ouid=0 ogid=0 rdev=00:00 nametype=NORMAL cap_fp=0 cap_fi=0 cap_fe=0 cap_fver=0 cap_frootid=0OUID="root" OGID="root"
type=PROCTITLE msg=audit(1768183286.170:1878): proctitle=2F7573722F62696E2F7065726C002D77002F7573722F7362696E2F6132656E6D6F640072657772697465
type=SYSCALL msg=audit(1768183286.288:1879): arch=c000003e syscall=59 success=yes exit=0 a0=58c1714a4778 a1=7fff46bdacc0 a2=58c190baccd0 a3=58c171322d62 items=2 ppid=1449 pid=1450 auid=1000 uid=0 gid=0 euid=0 suid=0 fsuid=0 egid=0 sgid=0 fsgid=0 tty=pts1 ses=3 comm="sh" exe="/usr/bin/dash" subj=unconfined key="T1078_Valid_Accounts"ARCH=x86_64 SYSCALL=execve AUID="vboxuser" UID="root" GID="root" EUID="root" SUID="root" FSUID="root" EGID="root" SGID="root" FSGID="root"
type=EXECVE msg=audit(1768183286.288:1879): argc=3 a0="sh" a1="-c" a2=656E76202D207368202D6320272E202F6574632F617061636865322F656E767661727320262620656E7627
type=PATH msg=audit(1768183286.288:1879): item=0 name="/bin/sh" inode=1442345 dev=08:02 mode=0100755 ouid=0 ogid=0 rdev=00:00 nametype=NORMAL cap_fp=0 cap_fi=0 cap_fe=0 cap_fver=0 cap_frootid=0OUID="root" OGID="root"
type=PATH msg=audit(1768183286.288:1879): item=1 name="/lib64/ld-linux-x86-64.so.2" inode=1481429 dev=08:02 mode=0100755 ouid=0 ogid=0 rdev=00:00 nametype=NORMAL cap_fp=0 cap_fi=0 cap_fe=0 cap_fver=0 cap_frootid=0OUID="root" OGID="root"
type=PROCTITLE msg=audit(1768183286.288:1879): proctitle=7368002D6300656E76202D207368202D6320272E202F6574632F617061636865322F656E767661727320262620656E7627
type=SYSCALL msg=audit(1768183286.292:1880): arch=c000003e syscall=59 success=yes exit=0 a0=55dc122bc878 a1=55dc122bc790 a2=55dc122bc7c0 a3=8 items=2 ppid=1450 pid=1451 auid=1000 uid=0 gid=0 euid=0 suid=0 fsuid=0 egid=0 sgid=0 fsgid=0 tty=pts1 ses=3 comm="env" exe="/usr/bin/env" subj=unconfined key="T1078_Valid_Accounts"ARCH=x86_64 SYSCALL=execve AUID="vboxuser" UID="root" GID="root" EUID="root" SUID="root" FSUID="root" EGID="root" SGID="root" FSGID="root"
type=EXECVE msg=audit(1768183286.292:1880): argc=5 a0="env" a1="-" a2="sh" a3="-c" a4=2E202F6574632F617061636865322F656E767661727320262620656E76
type=PATH msg=audit(1768183286.292:1880): item=0 name="/usr/bin/env" inode=1442401 dev=08:02 mode=0100755 ouid=0 ogid=0 rdev=00:00 nametype=NORMAL cap_fp=0 cap_fi=0 cap_fe=0 cap_fver=0 cap_frootid=0OUID="root" OGID="root"
type=PATH msg=audit(1768183286.292:1880): item=1 name="/lib64/ld-linux-x86-64.so.2" inode=1481429 dev=08:02 mode=0100755 ouid=0 ogid=0 rdev=00:00 nametype=NORMAL cap_fp=0 cap_fi=0 cap_fe=0 cap_fver=0 cap_frootid=0OUID="root" OGID="root"
type=PROCTITLE msg=audit(1768183286.292:1880): proctitle=656E76002D007368002D63002E202F6574632F617061636865322F656E767661727320262620656E76
type=SYSCALL msg=audit(1768183286.294:1881): arch=c000003e syscall=59 success=yes exit=0 a0=7ffe3e1a80c0 a1=7ffe3e1a8418 a2=592244e843a8 a3=7a2953fcdb00 items=2 ppid=1450 pid=1451 auid=1000 uid=0 gid=0 euid=0 suid=0 fsuid=0 egid=0 sgid=0 fsgid=0 tty=pts1 ses=3 comm="sh" exe="/usr/bin/dash" subj=unconfined key="T1078_Valid_Accounts"ARCH=x86_64 SYSCALL=execve AUID="vboxuser" UID="root" GID="root" EUID="root" SUID="root" FSUID="root" EGID="root" SGID="root" FSGID="root"
type=EXECVE msg=audit(1768183286.294:1881): argc=3 a0="sh" a1="-c" a2=2E202F6574632F617061636865322F656E767661727320262620656E76
type=PATH msg=audit(1768183286.294:1881): item=0 name="/bin/sh" inode=1442345 dev=08:02 mode=0100755 ouid=0 ogid=0 rdev=00:00 nametype=NORMAL cap_fp=0 cap_fi=0 cap_fe=0 cap_fver=0 cap_frootid=0OUID="root" OGID="root"
type=PATH msg=audit(1768183286.294:1881): item=1 name="/lib64/ld-linux-x86-64.so.2" inode=1481429 dev=08:02 mode=0100755 ouid=0 ogid=0 rdev=00:00 nametype=NORMAL cap_fp=0 cap_fi=0 cap_fe=0 cap_fver=0 cap_frootid=0OUID="root" OGID="root"
type=PROCTITLE msg=audit(1768183286.294:1881): proctitle=656E76002D007368002D63002E202F6574632F617061636865322F656E767661727320262620656E76
type=SYSCALL msg=audit(1768183286.298:1882): arch=c000003e syscall=59 success=yes exit=0 a0=64fd6c6a8620 a1=64fd6c6a85c8 a2=64fd6c6a85d8 a3=8 items=2 ppid=1451 pid=1452 auid=1000 uid=0 gid=0 euid=0 suid=0 fsuid=0 egid=0 sgid=0 fsgid=0 tty=pts1 ses=3 comm="env" exe="/usr/bin/env" subj=unconfined key="T1078_Valid_Accounts"ARCH=x86_64 SYSCALL=execve AUID="vboxuser" UID="root" GID="root" EUID="root" SUID="root" FSUID="root" EGID="root" SGID="root" FSGID="root"
type=EXECVE msg=audit(1768183286.298:1882): argc=1 a0="env"
type=PATH msg=audit(1768183286.298:1882): item=0 name="/usr/bin/env" inode=1442401 dev=08:02 mode=0100755 ouid=0 ogid=0 rdev=00:00 nametype=NORMAL cap_fp=0 cap_fi=0 cap_fe=0 cap_fver=0 cap_frootid=0OUID="root" OGID="root"
type=PATH msg=audit(1768183286.298:1882): item=1 name="/lib64/ld-linux-x86-64.so.2" inode=1481429 dev=08:02 mode=0100755 ouid=0 ogid=0 rdev=00:00 nametype=NORMAL cap_fp=0 cap_fi=0 cap_fe=0 cap_fver=0 cap_frootid=0OUID="root" OGID="root"
type=PROCTITLE msg=audit(1768183286.298:1882): proctitle="env"
type=SYSCALL msg=audit(1768183286.310:1883): arch=c000003e syscall=59 success=yes exit=0 a0=58c1714a4778 a1=7fff46bdacc0 a2=58c190bc9130 a3=58c171322d62 items=2 ppid=1449 pid=1453 auid=1000 uid=0 gid=0 euid=0 suid=0 fsuid=0 egid=0 sgid=0 fsgid=0 tty=pts1 ses=3 comm="sh" exe="/usr/bin/dash" subj=unconfined key="T1078_Valid_Accounts"ARCH=x86_64 SYSCALL=execve AUID="vboxuser" UID="root" GID="root" EUID="root" SUID="root" FSUID="root" EGID="root" SGID="root" FSGID="root"
type=EXECVE msg=audit(1768183286.310:1883): argc=3 a0="sh" a1="-c" a2=66696E6420222F7661722F6C69622F617061636865322F6D6F64756C6522202D747970652066202D61202D6E616D6520227265777269746522
type=PATH msg=audit(1768183286.310:1883): item=0 name="/bin/sh" inode=1442345 dev=08:02 mode=0100755 ouid=0 ogid=0 rdev=00:00 nametype=NORMAL cap_fp=0 cap_fi=0 cap_fe=0 cap_fver=0 cap_frootid=0OUID="root" OGID="root"
type=PATH msg=audit(1768183286.310:1883): item=1 name="/lib64/ld-linux-x86-64.so.2" inode=1481429 dev=08:02 mode=0100755 ouid=0 ogid=0 rdev=00:00 nametype=NORMAL cap_fp=0 cap_fi=0 cap_fe=0 cap_fver=0 cap_frootid=0OUID="root" OGID="root"
type=PROCTITLE msg=audit(1768183286.310:1883): proctitle=7368002D630066696E6420222F7661722F6C69622F617061636865322F6D6F64756C6522202D747970652066202D61202D6E616D6520227265777269746522
type=SYSCALL msg=audit(1768183286.315:1884): arch=c000003e syscall=59 success=yes exit=0 a0=63f4efadba20 a1=63f4efadb8f8 a2=63f4efadb938 a3=8 items=2 ppid=1453 pid=1454 auid=1000 uid=0 gid=0 euid=0 suid=0 fsuid=0 egid=0 sgid=0 fsgid=0 tty=pts1 ses=3 comm="find" exe="/usr/bin/find" subj=unconfined key="T1078_Valid_Accounts"ARCH=x86_64 SYSCALL=execve AUID="vboxuser" UID="root" GID="root" EUID="root" SUID="root" FSUID="root" EGID="root" SGID="root" FSGID="root"
type=EXECVE msg=audit(1768183286.315:1884): argc=7 a0="find" a1="/var/lib/apache2/module" a2="-type" a3="f" a4="-a" a5="-name" a6="rewrite"
type=PATH msg=audit(1768183286.315:1884): item=0 name="/usr/bin/find" inode=1442415 dev=08:02 mode=0100755 ouid=0 ogid=0 rdev=00:00 nametype=NORMAL cap_fp=0 cap_fi=0 cap_fe=0 cap_fver=0 cap_frootid=0OUID="root" OGID="root"
type=PATH msg=audit(1768183286.315:1884): item=1 name="/lib64/ld-linux-x86-64.so.2" inode=1481429 dev=08:02 mode=0100755 ouid=0 ogid=0 rdev=00:00 nametype=NORMAL cap_fp=0 cap_fi=0 cap_fe=0 cap_fver=0 cap_frootid=0OUID="root" OGID="root"
type=PROCTITLE msg=audit(1768183286.315:1884): proctitle=66696E64002F7661722F6C69622F617061636865322F6D6F64756C65002D747970650066002D61002D6E616D650072657772697465
type=SYSCALL msg=audit(1768183286.324:1885): arch=c000003e syscall=59 success=yes exit=0 a0=58c1714a4778 a1=7fff46bdacc0 a2=58c190bc9130 a3=58c171322d62 items=2 ppid=1449 pid=1455 auid=1000 uid=0 gid=0 euid=0 suid=0 fsuid=0 egid=0 sgid=0 fsgid=0 tty=pts1 ses=3 comm="sh" exe="/usr/bin/dash" subj=unconfined key="T1078_Valid_Accounts"ARCH=x86_64 SYSCALL=execve AUID="vboxuser" UID="root" GID="root" EUID="root" SUID="root" FSUID="root" EGID="root" SGID="root" FSGID="root"
type=EXECVE msg=audit(1768183286.324:1885): argc=3 a0="sh" a1="-c" a2=746F75636820222F7661722F6C69622F617061636865322F6D6F64756C652F656E61626C65645F62795F61646D696E2F7265777269746522
type=PATH msg=audit(1768183286.324:1885): item=0 name="/bin/sh" inode=1442345 dev=08:02 mode=0100755 ouid=0 ogid=0 rdev=00:00 nametype=NORMAL cap_fp=0 cap_fi=0 cap_fe=0 cap_fver=0 cap_frootid=0OUID="root" OGID="root"
type=PATH msg=audit(1768183286.324:1885): item=1 name="/lib64/ld-linux-x86-64.so.2" inode=1481429 dev=08:02 mode=0100755 ouid=0 ogid=0 rdev=00:00 nametype=NORMAL cap_fp=0 cap_fi=0 cap_fe=0 cap_fver=0 cap_frootid=0OUID="root" OGID="root"
type=PROCTITLE msg=audit(1768183286.324:1885): proctitle=7368002D6300746F75636820222F7661722F6C69622F617061636865322F6D6F64756C652F656E61626C65645F62795F61646D696E2F7265777269746522
type=SYSCALL msg=audit(1768183286.328:1886): arch=c000003e syscall=59 success=yes exit=0 a0=60259a161a70 a1=6025912e4600 a2=60259a161988 a3=1 items=2 ppid=1455 pid=1456 auid=1000 uid=0 gid=0 euid=0 suid=0 fsuid=0 egid=0 sgid=0 fsgid=0 tty=pts1 ses=3 comm="touch" exe="/usr/bin/touch" subj=unconfined key="T1078_Valid_Accounts"ARCH=x86_64 SYSCALL=execve AUID="vboxuser" UID="root" GID="root" EUID="root" SUID="root" FSUID="root" EGID="root" SGID="root" FSGID="root"
type=EXECVE msg=audit(1768183286.328:1886): argc=2 a0="touch" a1="/var/lib/apache2/module/enabled_by_admin/rewrite"
type=PATH msg=audit(1768183286.328:1886): item=0 name="/usr/bin/touch" inode=1442924 dev=08:02 mode=0100755 ouid=0 ogid=0 rdev=00:00 nametype=NORMAL cap_fp=0 cap_fi=0 cap_fe=0 cap_fver=0 cap_frootid=0OUID="root" OGID="root"
type=PATH msg=audit(1768183286.328:1886): item=1 name="/lib64/ld-linux-x86-64.so.2" inode=1481429 dev=08:02 mode=0100755 ouid=0 ogid=0 rdev=00:00 nametype=NORMAL cap_fp=0 cap_fi=0 cap_fe=0 cap_fver=0 cap_frootid=0OUID="root" OGID="root"
type=PROCTITLE msg=audit(1768183286.328:1886): proctitle=746F756368002F7661722F6C69622F617061636865322F6D6F64756C652F656E61626C65645F62795F61646D696E2F72657772697465
type=SYSCALL msg=audit(1768183296.650:1887): arch=c000003e syscall=59 success=yes exit=0 a0=5c666e0618b0 a1=5c666e18be90 a2=5c666e045cc0 a3=5c666e18be90 items=2 ppid=1426 pid=1457 auid=1000 uid=0 gid=0 euid=0 suid=0 fsuid=0 egid=0 sgid=0 fsgid=0 tty=pts1 ses=3 comm="systemctl" exe="/usr/bin/systemctl" subj=unconfined key="T1078_Valid_Accounts"ARCH=x86_64 SYSCALL=execve AUID="vboxuser" UID="root" GID="root" EUID="root" SUID="root" FSUID="root" EGID="root" SGID="root" FSGID="root"
type=EXECVE msg=audit(1768183296.650:1887): argc=3 a0="systemctl" a1="restart" a2="apache2"
type=PATH msg=audit(1768183296.650:1887): item=0 name="/usr/bin/systemctl" inode=1461475 dev=08:02 mode=0100755 ouid=0 ogid=0 rdev=00:00 nametype=NORMAL cap_fp=0 cap_fi=0 cap_fe=0 cap_fver=0 cap_frootid=0OUID="root" OGID="root"
type=PATH msg=audit(1768183296.650:1887): item=1 name="/lib64/ld-linux-x86-64.so.2" inode=1481429 dev=08:02 mode=0100755 ouid=0 ogid=0 rdev=00:00 nametype=NORMAL cap_fp=0 cap_fi=0 cap_fe=0 cap_fver=0 cap_frootid=0OUID="root" OGID="root"
type=PROCTITLE msg=audit(1768183296.650:1887): proctitle=73797374656D63746C00726573746172740061706163686532
type=SYSCALL msg=audit(1768183296.682:1888): arch=c000003e syscall=42 success=yes exit=0 a0=3 a1=55e9156d0ac8 a2=17 a3=7fff04eeb0b4 items=1 ppid=1426 pid=1457 auid=1000 uid=0 gid=0 euid=0 suid=0 fsuid=0 egid=0 sgid=0 fsgid=0 tty=pts1 ses=3 comm="systemctl" exe="/usr/bin/systemctl" subj=unconfined key="T1043_Commonly_Used_Port"ARCH=x86_64 SYSCALL=connect AUID="vboxuser" UID="root" GID="root" EUID="root" SUID="root" FSUID="root" EGID="root" SGID="root" FSGID="root"
type=SOCKADDR msg=audit(1768183296.682:1888): saddr=01002F72756E2F73797374656D642F7072697661746500SADDR={ saddr_fam=local path=/run/systemd/private }
type=PATH msg=audit(1768183296.682:1888): item=0 name="/run/systemd/private" inode=441 dev=00:18 mode=0140700 ouid=0 ogid=0 rdev=00:00 nametype=NORMAL cap_fp=0 cap_fi=0 cap_fe=0 cap_fver=0 cap_frootid=0OUID="root" OGID="root"
type=PROCTITLE msg=audit(1768183296.682:1888): proctitle=73797374656D63746C00726573746172740061706163686532
type=SYSCALL msg=audit(1768183296.689:1889): arch=c000003e syscall=59 success=yes exit=0 a0=55e8fae11090 a1=7fff04eeb330 a2=7fff04eebbb8 a3=74a6e9daa8d0 items=2 ppid=1457 pid=1458 auid=1000 uid=0 gid=0 euid=0 suid=0 fsuid=0 egid=0 sgid=0 fsgid=0 tty=pts1 ses=3 comm="systemd-tty-ask" exe="/usr/bin/systemd-tty-ask-password-agent" subj=unconfined key="T1078_Valid_Accounts"ARCH=x86_64 SYSCALL=execve AUID="vboxuser" UID="root" GID="root" EUID="root" SUID="root" FSUID="root" EGID="root" SGID="root" FSGID="root"
type=EXECVE msg=audit(1768183296.689:1889): argc=2 a0="/usr/bin/systemd-tty-ask-password-agent" a1="--watch"
type=PATH msg=audit(1768183296.689:1889): item=0 name="/usr/bin/systemd-tty-ask-password-agent" inode=1461700 dev=08:02 mode=0100755 ouid=0 ogid=0 rdev=00:00 nametype=NORMAL cap_fp=0 cap_fi=0 cap_fe=0 cap_fver=0 cap_frootid=0OUID="root" OGID="root"
type=PATH msg=audit(1768183296.689:1889): item=1 name="/lib64/ld-linux-x86-64.so.2" inode=1481429 dev=08:02 mode=0100755 ouid=0 ogid=0 rdev=00:00 nametype=NORMAL cap_fp=0 cap_fi=0 cap_fe=0 cap_fver=0 cap_frootid=0OUID="root" OGID="root"
type=PROCTITLE msg=audit(1768183296.689:1889): proctitle=2F7573722F62696E2F73797374656D642D7474792D61736B2D70617373776F72642D6167656E74002D2D7761746368
type=SYSCALL msg=audit(1768183296.730:1890): arch=c000003e syscall=59 success=yes exit=0 a0=7ffd77ea2620 a1=7ffd77ea2640 a2=7ffd77ea3128 a3=8 items=2 ppid=1 pid=1459 auid=4294967295 uid=0 gid=0 euid=0 suid=0 fsuid=0 egid=0 sgid=0 fsgid=0 tty=(none) ses=4294967295 comm="9" exe="/usr/lib/systemd/systemd-executor" subj=unconfined key="T1078_Valid_Accounts"ARCH=x86_64 SYSCALL=execve AUID="unset" UID="root" GID="root" EUID="root" SUID="root" FSUID="root" EGID="root" SGID="root" FSGID="root"
type=EXECVE msg=audit(1768183296.730:1890): argc=7 a0="/usr/lib/systemd/systemd-executor" a1="--deserialize" a2="104" a3="--log-level" a4="info" a5="--log-target" a6="journal-or-kmsg"
type=PATH msg=audit(1768183296.730:1890): item=0 name="/proc/self/fd/9" inode=1463834 dev=08:02 mode=0100755 ouid=0 ogid=0 rdev=00:00 nametype=NORMAL cap_fp=0 cap_fi=0 cap_fe=0 cap_fver=0 cap_frootid=0OUID="root" OGID="root"
type=PATH msg=audit(1768183296.730:1890): item=1 name="/lib64/ld-linux-x86-64.so.2" inode=1481429 dev=08:02 mode=0100755 ouid=0 ogid=0 rdev=00:00 nametype=NORMAL cap_fp=0 cap_fi=0 cap_fe=0 cap_fver=0 cap_frootid=0OUID="root" OGID="root"
type=PROCTITLE msg=audit(1768183296.730:1890): proctitle=2F7573722F6C69622F73797374656D642F73797374656D642D6578656375746F72002D2D646573657269616C697A6500313034002D2D6C6F672D6C6576656C00696E666F002D2D6C6F672D746172676574006A6F75726E616C2D6F722D6B6D7367
type=SYSCALL msg=audit(1768183296.742:1891): arch=c000003e syscall=42 success=yes exit=0 a0=4 a1=7fff04359450 a2=1e a3=7fff04359500 items=1 ppid=1 pid=1459 auid=4294967295 uid=0 gid=0 euid=0 suid=0 fsuid=0 egid=0 sgid=0 fsgid=0 tty=(none) ses=4294967295 comm="9" exe="/usr/lib/systemd/systemd-executor" subj=unconfined key="T1043_Commonly_Used_Port"ARCH=x86_64 SYSCALL=connect AUID="unset" UID="root" GID="root" EUID="root" SUID="root" FSUID="root" EGID="root" SGID="root" FSGID="root"
type=SOCKADDR msg=audit(1768183296.742:1891): saddr=01002F72756E2F73797374656D642F6A6F75726E616C2F736F636B657400SADDR={ saddr_fam=local path=/run/systemd/journal/socket }
type=PATH msg=audit(1768183296.742:1891): item=0 name="/run/systemd/journal/socket" inode=456 dev=00:18 mode=0140666 ouid=0 ogid=0 rdev=00:00 nametype=NORMAL cap_fp=0 cap_fi=0 cap_fe=0 cap_fver=0 cap_frootid=0OUID="root" OGID="root"
type=PROCTITLE msg=audit(1768183296.742:1891): proctitle=2F7573722F6C69622F73797374656D642F73797374656D642D6578656375746F72002D2D646573657269616C697A6500313034002D2D6C6F672D6C6576656C00696E666F002D2D6C6F672D746172676574006A6F75726E616C2D6F722D6B6D7367
type=SYSCALL msg=audit(1768183296.742:1892): arch=c000003e syscall=42 success=yes exit=0 a0=3 a1=7fff04358fd0 a2=1e a3=fffffff7 items=1 ppid=1 pid=1459 auid=4294967295 uid=0 gid=0 euid=0 suid=0 fsuid=0 egid=0 sgid=0 fsgid=0 tty=(none) ses=4294967295 comm="(pachectl)" exe="/usr/lib/systemd/systemd-executor" subj=unconfined key="T1043_Commonly_Used_Port"ARCH=x86_64 SYSCALL=connect AUID="unset" UID="root" GID="root" EUID="root" SUID="root" FSUID="root" EGID="root" SGID="root" FSGID="root"
type=SOCKADDR msg=audit(1768183296.742:1892): saddr=01002F72756E2F73797374656D642F6A6F75726E616C2F7374646F757400SADDR={ saddr_fam=local path=/run/systemd/journal/stdout }
type=PATH msg=audit(1768183296.742:1892): item=0 name="/run/systemd/journal/stdout" inode=457 dev=00:18 mode=0140666 ouid=0 ogid=0 rdev=00:00 nametype=NORMAL cap_fp=0 cap_fi=0 cap_fe=0 cap_fver=0 cap_frootid=0OUID="root" OGID="root"
type=PROCTITLE msg=audit(1768183296.742:1892): proctitle=2F7573722F6C69622F73797374656D642F73797374656D642D6578656375746F72002D2D646573657269616C697A6500313034002D2D6C6F672D6C6576656C00696E666F002D2D6C6F672D746172676574006A6F75726E616C2D6F722D6B6D7367
type=SYSCALL msg=audit(1768183296.748:1893): arch=c000003e syscall=59 success=yes exit=0 a0=5a8fe00d5480 a1=5a8fe00ddb80 a2=5a8fe00d49b0 a3=5a8fe00d5b80 items=3 ppid=1 pid=1459 auid=4294967295 uid=0 gid=0 euid=0 suid=0 fsuid=0 egid=0 sgid=0 fsgid=0 tty=(none) ses=4294967295 comm="apachectl" exe="/usr/bin/dash" subj=unconfined key="T1078_Valid_Accounts"ARCH=x86_64 SYSCALL=execve AUID="unset" UID="root" GID="root" EUID="root" SUID="root" FSUID="root" EGID="root" SGID="root" FSGID="root"
type=EXECVE msg=audit(1768183296.748:1893): argc=3 a0="/bin/sh" a1="/usr/sbin/apachectl" a2="graceful-stop"
type=PATH msg=audit(1768183296.748:1893): item=0 name="/usr/sbin/apachectl" inode=1479339 dev=08:02 mode=0100755 ouid=0 ogid=0 rdev=00:00 nametype=NORMAL cap_fp=0 cap_fi=0 cap_fe=0 cap_fver=0 cap_frootid=0OUID="root" OGID="root"
type=PATH msg=audit(1768183296.748:1893): item=1 name="/bin/sh" inode=1442345 dev=08:02 mode=0100755 ouid=0 ogid=0 rdev=00:00 nametype=NORMAL cap_fp=0 cap_fi=0 cap_fe=0 cap_fver=0 cap_frootid=0OUID="root" OGID="root"
type=PATH msg=audit(1768183296.748:1893): item=2 name="/lib64/ld-linux-x86-64.so.2" inode=1481429 dev=08:02 mode=0100755 ouid=0 ogid=0 rdev=00:00 nametype=NORMAL cap_fp=0 cap_fi=0 cap_fe=0 cap_fver=0 cap_frootid=0OUID="root" OGID="root"
type=PROCTITLE msg=audit(1768183296.748:1893): proctitle=2F7573722F6C69622F73797374656D642F73797374656D642D6578656375746F72002D2D646573657269616C697A6500313034002D2D6C6F672D6C6576656C00696E666F002D2D6C6F672D746172676574006A6F75726E616C2D6F722D6B6D7367
type=SYSCALL msg=audit(1768183296.753:1894): arch=c000003e syscall=59 success=yes exit=0 a0=5bb1a869fd40 a1=5bb1a86a1c30 a2=5bb1a869fca8 a3=5bb1a86a1a30 items=2 ppid=1459 pid=1460 auid=4294967295 uid=0 gid=0 euid=0 suid=0 fsuid=0 egid=0 sgid=0 fsgid=0 tty=(none) ses=4294967295 comm="id" exe="/usr/bin/id" subj=unconfined key="T1078_Valid_Accounts"ARCH=x86_64 SYSCALL=execve AUID="unset" UID="root" GID="root" EUID="root" SUID="root" FSUID="root" EGID="root" SGID="root" FSGID="root"
type=EXECVE msg=audit(1768183296.753:1894): argc=2 a0="id" a1="-u"
type=PATH msg=audit(1768183296.753:1894): item=0 name="/usr/bin/id" inode=1442474 dev=08:02 mode=0100755 ouid=0 ogid=0 rdev=00:00 nametype=NORMAL cap_fp=0 cap_fi=0 cap_fe=0 cap_fver=0 cap_frootid=0OUID="root" OGID="root"
type=PATH msg=audit(1768183296.753:1894): item=1 name="/lib64/ld-linux-x86-64.so.2" inode=1481429 dev=08:02 mode=0100755 ouid=0 ogid=0 rdev=00:00 nametype=NORMAL cap_fp=0 cap_fi=0 cap_fe=0 cap_fver=0 cap_frootid=0OUID="root" OGID="root"
type=PROCTITLE msg=audit(1768183296.753:1894): proctitle=6964002D75
type=SYSCALL msg=audit(1768183296.757:1895): arch=c000003e syscall=59 success=yes exit=0 a0=5bb1a86a19a0 a1=5bb1a86a32f8 a2=5bb1a86a3318 a3=8 items=2 ppid=1459 pid=1461 auid=4294967295 uid=0 gid=0 euid=0 suid=0 fsuid=0 egid=0 sgid=0 fsgid=0 tty=(none) ses=4294967295 comm="apache2" exe="/usr/sbin/apache2" subj=unconfined key="T1078_Valid_Accounts"ARCH=x86_64 SYSCALL=execve AUID="unset" UID="root" GID="root" EUID="root" SUID="root" FSUID="root" EGID="root" SGID="root" FSGID="root"
type=EXECVE msg=audit(1768183296.757:1895): argc=3 a0="/usr/sbin/apache2" a1="-k" a2="graceful-stop"
type=PATH msg=audit(1768183296.757:1895): item=0 name="/usr/sbin/apache2" inode=1457163 dev=08:02 mode=0100755 ouid=0 ogid=0 rdev=00:00 nametype=NORMAL cap_fp=0 cap_fi=0 cap_fe=0 cap_fver=0 cap_frootid=0OUID="root" OGID="root"
type=PATH msg=audit(1768183296.757:1895): item=1 name="/lib64/ld-linux-x86-64.so.2" inode=1481429 dev=08:02 mode=0100755 ouid=0 ogid=0 rdev=00:00 nametype=NORMAL cap_fp=0 cap_fi=0 cap_fe=0 cap_fver=0 cap_frootid=0OUID="root" OGID="root"
type=PROCTITLE msg=audit(1768183296.757:1895): proctitle=2F7573722F7362696E2F61706163686532002D6B00677261636566756C2D73746F70
type=SYSCALL msg=audit(1768183296.767:1896): arch=c000003e syscall=42 success=yes exit=0 a0=3 a1=5cc5c5700c30 a2=1c a3=0 items=0 ppid=1459 pid=1461 auid=4294967295 uid=0 gid=0 euid=0 suid=0 fsuid=0 egid=0 sgid=0 fsgid=0 tty=(none) ses=4294967295 comm="apache2" exe="/usr/sbin/apache2" subj=unconfined key="T1043_Commonly_Used_Port"ARCH=x86_64 SYSCALL=connect AUID="unset" UID="root" GID="root" EUID="root" SUID="root" FSUID="root" EGID="root" SGID="root" FSGID="root"
type=SOCKADDR msg=audit(1768183296.767:1896): saddr=0A000000000000000000000000000000000000000000000000000000SADDR={ saddr_fam=inet6 laddr=:: lport=0 }
type=PROCTITLE msg=audit(1768183296.767:1896): proctitle=2F7573722F7362696E2F61706163686532002D6B00677261636566756C2D73746F70
type=SYSCALL msg=audit(1768183296.769:1897): arch=c000003e syscall=42 success=yes exit=0 a0=3 a1=7fff17efa0a0 a2=10 a3=0 items=0 ppid=1459 pid=1461 auid=4294967295 uid=0 gid=0 euid=0 suid=0 fsuid=0 egid=0 sgid=0 fsgid=0 tty=(none) ses=4294967295 comm="apache2" exe="/usr/sbin/apache2" subj=unconfined key="T1043_Commonly_Used_Port"ARCH=x86_64 SYSCALL=connect AUID="unset" UID="root" GID="root" EUID="root" SUID="root" FSUID="root" EGID="root" SGID="root" FSGID="root"
type=SOCKADDR msg=audit(1768183296.769:1897): saddr=00000000000000000000000000000000SADDR=unknown-family(0)
type=PROCTITLE msg=audit(1768183296.769:1897): proctitle=2F7573722F7362696E2F61706163686532002D6B00677261636566756C2D73746F70
type=SYSCALL msg=audit(1768183296.769:1898): arch=c000003e syscall=42 success=yes exit=0 a0=3 a1=5cc5c5700c90 a2=10 a3=0 items=0 ppid=1459 pid=1461 auid=4294967295 uid=0 gid=0 euid=0 suid=0 fsuid=0 egid=0 sgid=0 fsgid=0 tty=(none) ses=4294967295 comm="apache2" exe="/usr/sbin/apache2" subj=unconfined key="T1043_Commonly_Used_Port"ARCH=x86_64 SYSCALL=connect AUID="unset" UID="root" GID="root" EUID="root" SUID="root" FSUID="root" EGID="root" SGID="root" FSGID="root"
type=SOCKADDR msg=audit(1768183296.769:1898): saddr=02000000000000000000000000000000SADDR={ saddr_fam=inet laddr=0.0.0.0 lport=0 }
type=PROCTITLE msg=audit(1768183296.769:1898): proctitle=2F7573722F7362696E2F61706163686532002D6B00677261636566756C2D73746F70
type=SYSCALL msg=audit(1768183296.786:1899): arch=c000003e syscall=42 success=yes exit=0 a0=3 a1=5cc5c57256c0 a2=1c a3=0 items=0 ppid=1459 pid=1461 auid=4294967295 uid=0 gid=0 euid=0 suid=0 fsuid=0 egid=0 sgid=0 fsgid=0 tty=(none) ses=4294967295 comm="apache2" exe="/usr/sbin/apache2" subj=unconfined key="T1043_Commonly_Used_Port"ARCH=x86_64 SYSCALL=connect AUID="unset" UID="root" GID="root" EUID="root" SUID="root" FSUID="root" EGID="root" SGID="root" FSGID="root"
type=SOCKADDR msg=audit(1768183296.786:1899): saddr=0A000050000000000000000000000000000000000000000000000000SADDR={ saddr_fam=inet6 laddr=:: lport=80 }
type=PROCTITLE msg=audit(1768183296.786:1899): proctitle=2F7573722F7362696E2F61706163686532002D6B00677261636566756C2D73746F70
type=SYSCALL msg=audit(1768183296.788:1900): arch=c000003e syscall=42 success=yes exit=0 a0=3 a1=7fff17ef9d30 a2=10 a3=0 items=0 ppid=1459 pid=1461 auid=4294967295 uid=0 gid=0 euid=0 suid=0 fsuid=0 egid=0 sgid=0 fsgid=0 tty=(none) ses=4294967295 comm="apache2" exe="/usr/sbin/apache2" subj=unconfined key="T1043_Commonly_Used_Port"ARCH=x86_64 SYSCALL=connect AUID="unset" UID="root" GID="root" EUID="root" SUID="root" FSUID="root" EGID="root" SGID="root" FSGID="root"
type=SOCKADDR msg=audit(1768183296.788:1900): saddr=00000000000000000000000000000000SADDR=unknown-family(0)
type=PROCTITLE msg=audit(1768183296.788:1900): proctitle=2F7573722F7362696E2F61706163686532002D6B00677261636566756C2D73746F70
type=SYSCALL msg=audit(1768183296.788:1901): arch=c000003e syscall=42 success=yes exit=0 a0=3 a1=5cc5c5724e00 a2=10 a3=0 items=0 ppid=1459 pid=1461 auid=4294967295 uid=0 gid=0 euid=0 suid=0 fsuid=0 egid=0 sgid=0 fsgid=0 tty=(none) ses=4294967295 comm="apache2" exe="/usr/sbin/apache2" subj=unconfined key="T1043_Commonly_Used_Port"ARCH=x86_64 SYSCALL=connect AUID="unset" UID="root" GID="root" EUID="root" SUID="root" FSUID="root" EGID="root" SGID="root" FSGID="root"
type=SOCKADDR msg=audit(1768183296.788:1901): saddr=02000050000000000000000000000000SADDR={ saddr_fam=inet laddr=0.0.0.0 lport=80 }
type=PROCTITLE msg=audit(1768183296.788:1901): proctitle=2F7573722F7362696E2F61706163686532002D6B00677261636566756C2D73746F70
type=SYSCALL msg=audit(1768183296.788:1902): arch=c000003e syscall=42 success=yes exit=0 a0=5 a1=5cc5c57256c0 a2=1c a3=0 items=0 ppid=1459 pid=1461 auid=4294967295 uid=0 gid=0 euid=0 suid=0 fsuid=0 egid=0 sgid=0 fsgid=0 tty=(none) ses=4294967295 comm="apache2" exe="/usr/sbin/apache2" subj=unconfined key="T1043_Commonly_Used_Port"ARCH=x86_64 SYSCALL=connect AUID="unset" UID="root" GID="root" EUID="root" SUID="root" FSUID="root" EGID="root" SGID="root" FSGID="root"
type=SOCKADDR msg=audit(1768183296.788:1902): saddr=0A000050000000000000000000000000000000000000000000000000SADDR={ saddr_fam=inet6 laddr=:: lport=80 }
type=PROCTITLE msg=audit(1768183296.788:1902): proctitle=2F7573722F7362696E2F61706163686532002D6B00677261636566756C2D73746F70
type=SYSCALL msg=audit(1768183296.789:1903): arch=c000003e syscall=42 success=yes exit=0 a0=5 a1=7fff17ef9cd0 a2=10 a3=0 items=0 ppid=1459 pid=1461 auid=4294967295 uid=0 gid=0 euid=0 suid=0 fsuid=0 egid=0 sgid=0 fsgid=0 tty=(none) ses=4294967295 comm="apache2" exe="/usr/sbin/apache2" subj=unconfined key="T1043_Commonly_Used_Port"ARCH=x86_64 SYSCALL=connect AUID="unset" UID="root" GID="root" EUID="root" SUID="root" FSUID="root" EGID="root" SGID="root" FSGID="root"
type=SOCKADDR msg=audit(1768183296.789:1903): saddr=00000000000000000000000000000000SADDR=unknown-family(0)
type=PROCTITLE msg=audit(1768183296.789:1903): proctitle=2F7573722F7362696E2F61706163686532002D6B00677261636566756C2D73746F70
type=SYSCALL msg=audit(1768183296.789:1904): arch=c000003e syscall=42 success=yes exit=0 a0=5 a1=5cc5c5724e00 a2=10 a3=0 items=0 ppid=1459 pid=1461 auid=4294967295 uid=0 gid=0 euid=0 suid=0 fsuid=0 egid=0 sgid=0 fsgid=0 tty=(none) ses=4294967295 comm="apache2" exe="/usr/sbin/apache2" subj=unconfined key="T1043_Commonly_Used_Port"ARCH=x86_64 SYSCALL=connect AUID="unset" UID="root" GID="root" EUID="root" SUID="root" FSUID="root" EGID="root" SGID="root" FSGID="root"
type=SOCKADDR msg=audit(1768183296.789:1904): saddr=02000050000000000000000000000000SADDR={ saddr_fam=inet laddr=0.0.0.0 lport=80 }
type=PROCTITLE msg=audit(1768183296.789:1904): proctitle=2F7573722F7362696E2F61706163686532002D6B00677261636566756C2D73746F70
type=SYSCALL msg=audit(1768183296.789:1905): arch=c000003e syscall=42 success=yes exit=0 a0=5 a1=76110920b694 a2=10 a3=7fff17ef7834 items=0 ppid=1459 pid=1461 auid=4294967295 uid=0 gid=0 euid=0 suid=0 fsuid=0 egid=0 sgid=0 fsgid=0 tty=(none) ses=4294967295 comm="apache2" exe="/usr/sbin/apache2" subj=unconfined key="T1043_Commonly_Used_Port"ARCH=x86_64 SYSCALL=connect AUID="unset" UID="root" GID="root" EUID="root" SUID="root" FSUID="root" EGID="root" SGID="root" FSGID="root"
type=SOCKADDR msg=audit(1768183296.789:1905): saddr=020000357F0000350000000000000000SADDR={ saddr_fam=inet laddr=127.0.0.53 lport=53 }
type=PROCTITLE msg=audit(1768183296.789:1905): proctitle=2F7573722F7362696E2F61706163686532002D6B00677261636566756C2D73746F70
type=SYSCALL msg=audit(1768183296.803:1906): arch=c000003e syscall=42 success=yes exit=0 a0=5 a1=76110920b694 a2=10 a3=7fff17ef7834 items=0 ppid=1459 pid=1461 auid=4294967295 uid=0 gid=0 euid=0 suid=0 fsuid=0 egid=0 sgid=0 fsgid=0 tty=(none) ses=4294967295 comm="apache2" exe="/usr/sbin/apache2" subj=unconfined key="T1043_Commonly_Used_Port"ARCH=x86_64 SYSCALL=connect AUID="unset" UID="root" GID="root" EUID="root" SUID="root" FSUID="root" EGID="root" SGID="root" FSGID="root"
type=SOCKADDR msg=audit(1768183296.803:1906): saddr=020000357F0000350000000000000000SADDR={ saddr_fam=inet laddr=127.0.0.53 lport=53 }
type=PROCTITLE msg=audit(1768183296.803:1906): proctitle=2F7573722F7362696E2F61706163686532002D6B00677261636566756C2D73746F70
type=SYSCALL msg=audit(1768183296.804:1907): arch=c000003e syscall=42 success=yes exit=0 a0=5 a1=5cc5c5724e00 a2=10 a3=0 items=0 ppid=1459 pid=1461 auid=4294967295 uid=0 gid=0 euid=0 suid=0 fsuid=0 egid=0 sgid=0 fsgid=0 tty=(none) ses=4294967295 comm="apache2" exe="/usr/sbin/apache2" subj=unconfined key="T1043_Commonly_Used_Port"ARCH=x86_64 SYSCALL=connect AUID="unset" UID="root" GID="root" EUID="root" SUID="root" FSUID="root" EGID="root" SGID="root" FSGID="root"
type=SOCKADDR msg=audit(1768183296.804:1907): saddr=020000000A00020F0000000000000000SADDR={ saddr_fam=inet laddr=10.0.2.15 lport=0 }
type=PROCTITLE msg=audit(1768183296.804:1907): proctitle=2F7573722F7362696E2F61706163686532002D6B00677261636566756C2D73746F70
type=SYSCALL msg=audit(1768183296.804:1908): arch=c000003e syscall=42 success=yes exit=0 a0=5 a1=7fff17ef9720 a2=10 a3=0 items=0 ppid=1459 pid=1461 auid=4294967295 uid=0 gid=0 euid=0 suid=0 fsuid=0 egid=0 sgid=0 fsgid=0 tty=(none) ses=4294967295 comm="apache2" exe="/usr/sbin/apache2" subj=unconfined key="T1043_Commonly_Used_Port"ARCH=x86_64 SYSCALL=connect AUID="unset" UID="root" GID="root" EUID="root" SUID="root" FSUID="root" EGID="root" SGID="root" FSGID="root"
type=SOCKADDR msg=audit(1768183296.804:1908): saddr=00000000000000000000000000000000SADDR=unknown-family(0)
type=PROCTITLE msg=audit(1768183296.804:1908): proctitle=2F7573722F7362696E2F61706163686532002D6B00677261636566756C2D73746F70
type=SYSCALL msg=audit(1768183296.804:1909): arch=c000003e syscall=42 success=yes exit=0 a0=5 a1=5cc5c5700640 a2=10 a3=0 items=0 ppid=1459 pid=1461 auid=4294967295 uid=0 gid=0 euid=0 suid=0 fsuid=0 egid=0 sgid=0 fsgid=0 tty=(none) ses=4294967295 comm="apache2" exe="/usr/sbin/apache2" subj=unconfined key="T1043_Commonly_Used_Port"ARCH=x86_64 SYSCALL=connect AUID="unset" UID="root" GID="root" EUID="root" SUID="root" FSUID="root" EGID="root" SGID="root" FSGID="root"
type=SOCKADDR msg=audit(1768183296.804:1909): saddr=02000000C0A8386B0000000000000000SADDR={ saddr_fam=inet laddr=192.168.56.107 lport=0 }
type=PROCTITLE msg=audit(1768183296.804:1909): proctitle=2F7573722F7362696E2F61706163686532002D6B00677261636566756C2D73746F70
type=SYSCALL msg=audit(1768183296.804:1910): arch=c000003e syscall=42 success=yes exit=0 a0=5 a1=5cc5c57256c0 a2=1c a3=0 items=0 ppid=1459 pid=1461 auid=4294967295 uid=0 gid=0 euid=0 suid=0 fsuid=0 egid=0 sgid=0 fsgid=0 tty=(none) ses=4294967295 comm="apache2" exe="/usr/sbin/apache2" subj=unconfined key="T1043_Commonly_Used_Port"ARCH=x86_64 SYSCALL=connect AUID="unset" UID="root" GID="root" EUID="root" SUID="root" FSUID="root" EGID="root" SGID="root" FSGID="root"
type=SOCKADDR msg=audit(1768183296.804:1910): saddr=0A00000000000000FD17625CF03700020A0027FFFE3F373900000000SADDR={ saddr_fam=inet6 laddr=fd17:625c:f037:2:a00:27ff:fe3f:3739 lport=0 }
type=PROCTITLE msg=audit(1768183296.804:1910): proctitle=2F7573722F7362696E2F61706163686532002D6B00677261636566756C2D73746F70
type=SYSCALL msg=audit(1768183296.804:1911): arch=c000003e syscall=42 success=yes exit=0 a0=5 a1=7fff17ef9720 a2=10 a3=0 items=0 ppid=1459 pid=1461 auid=4294967295 uid=0 gid=0 euid=0 suid=0 fsuid=0 egid=0 sgid=0 fsgid=0 tty=(none) ses=4294967295 comm="apache2" exe="/usr/sbin/apache2" subj=unconfined key="T1043_Commonly_Used_Port"ARCH=x86_64 SYSCALL=connect AUID="unset" UID="root" GID="root" EUID="root" SUID="root" FSUID="root" EGID="root" SGID="root" FSGID="root"
type=SOCKADDR msg=audit(1768183296.804:1911): saddr=00000000000000000000000000000000SADDR=unknown-family(0)
type=PROCTITLE msg=audit(1768183296.804:1911): proctitle=2F7573722F7362696E2F61706163686532002D6B00677261636566756C2D73746F70
type=SYSCALL msg=audit(1768183296.804:1912): arch=c000003e syscall=42 success=no exit=-22 a0=5 a1=5cc5c5700690 a2=1c a3=0 items=0 ppid=1459 pid=1461 auid=4294967295 uid=0 gid=0 euid=0 suid=0 fsuid=0 egid=0 sgid=0 fsgid=0 tty=(none) ses=4294967295 comm="apache2" exe="/usr/sbin/apache2" subj=unconfined key="T1043_Commonly_Used_Port"ARCH=x86_64 SYSCALL=connect AUID="unset" UID="root" GID="root" EUID="root" SUID="root" FSUID="root" EGID="root" SGID="root" FSGID="root"
type=SOCKADDR msg=audit(1768183296.804:1912): saddr=0A00000000000000FE800000000000000A0027FFFE3F373900000000SADDR={ saddr_fam=inet6 laddr=fe80::a00:27ff:fe3f:3739 lport=0 }
type=PROCTITLE msg=audit(1768183296.804:1912): proctitle=2F7573722F7362696E2F61706163686532002D6B00677261636566756C2D73746F70
type=SYSCALL msg=audit(1768183296.804:1913): arch=c000003e syscall=42 success=yes exit=0 a0=5 a1=7fff17ef9720 a2=10 a3=0 items=0 ppid=1459 pid=1461 auid=4294967295 uid=0 gid=0 euid=0 suid=0 fsuid=0 egid=0 sgid=0 fsgid=0 tty=(none) ses=4294967295 comm="apache2" exe="/usr/sbin/apache2" subj=unconfined key="T1043_Commonly_Used_Port"ARCH=x86_64 SYSCALL=connect AUID="unset" UID="root" GID="root" EUID="root" SUID="root" FSUID="root" EGID="root" SGID="root" FSGID="root"
type=SOCKADDR msg=audit(1768183296.804:1913): saddr=00000000000000000000000000000000SADDR=unknown-family(0)
type=PROCTITLE msg=audit(1768183296.804:1913): proctitle=2F7573722F7362696E2F61706163686532002D6B00677261636566756C2D73746F70
type=SYSCALL msg=audit(1768183296.804:1914): arch=c000003e syscall=42 success=no exit=-22 a0=5 a1=5cc5c57006f0 a2=1c a3=0 items=0 ppid=1459 pid=1461 auid=4294967295 uid=0 gid=0 euid=0 suid=0 fsuid=0 egid=0 sgid=0 fsgid=0 tty=(none) ses=4294967295 comm="apache2" exe="/usr/sbin/apache2" subj=unconfined key="T1043_Commonly_Used_Port"ARCH=x86_64 SYSCALL=connect AUID="unset" UID="root" GID="root" EUID="root" SUID="root" FSUID="root" EGID="root" SGID="root" FSGID="root"
type=SOCKADDR msg=audit(1768183296.804:1914): saddr=0A00000000000000FE800000000000000A0027FFFE270D1D00000000SADDR={ saddr_fam=inet6 laddr=fe80::a00:27ff:fe27:d1d lport=0 }
type=PROCTITLE msg=audit(1768183296.804:1914): proctitle=2F7573722F7362696E2F61706163686532002D6B00677261636566756C2D73746F70
type=SYSCALL msg=audit(1768183296.804:1915): arch=c000003e syscall=42 success=yes exit=0 a0=5 a1=76110920b694 a2=10 a3=7fff17ef7f44 items=0 ppid=1459 pid=1461 auid=4294967295 uid=0 gid=0 euid=0 suid=0 fsuid=0 egid=0 sgid=0 fsgid=0 tty=(none) ses=4294967295 comm="apache2" exe="/usr/sbin/apache2" subj=unconfined key="T1043_Commonly_Used_Port"ARCH=x86_64 SYSCALL=connect AUID="unset" UID="root" GID="root" EUID="root" SUID="root" FSUID="root" EGID="root" SGID="root" FSGID="root"
type=SOCKADDR msg=audit(1768183296.804:1915): saddr=020000357F0000350000000000000000SADDR={ saddr_fam=inet laddr=127.0.0.53 lport=53 }
type=PROCTITLE msg=audit(1768183296.804:1915): proctitle=2F7573722F7362696E2F61706163686532002D6B00677261636566756C2D73746F70
type=SERVICE_STOP msg=audit(1768183296.878:1916): pid=1 uid=0 auid=4294967295 ses=4294967295 subj=unconfined msg='unit=apache2 comm="systemd" exe="/usr/lib/systemd/systemd" hostname=? addr=? terminal=? res=success'UID="root" AUID="unset"
type=SYSCALL msg=audit(1768183296.883:1917): arch=c000003e syscall=59 success=yes exit=0 a0=7ffd77ea2600 a1=7ffd77ea2620 a2=7ffd77ea3128 a3=8 items=2 ppid=1 pid=1465 auid=4294967295 uid=0 gid=0 euid=0 suid=0 fsuid=0 egid=0 sgid=0 fsgid=0 tty=(none) ses=4294967295 comm="9" exe="/usr/lib/systemd/systemd-executor" subj=unconfined key="T1078_Valid_Accounts"ARCH=x86_64 SYSCALL=execve AUID="unset" UID="root" GID="root" EUID="root" SUID="root" FSUID="root" EGID="root" SGID="root" FSGID="root"
type=EXECVE msg=audit(1768183296.883:1917): argc=7 a0="/usr/lib/systemd/systemd-executor" a1="--deserialize" a2="65" a3="--log-level" a4="info" a5="--log-target" a6="journal-or-kmsg"
type=PATH msg=audit(1768183296.883:1917): item=0 name="/proc/self/fd/9" inode=1463834 dev=08:02 mode=0100755 ouid=0 ogid=0 rdev=00:00 nametype=NORMAL cap_fp=0 cap_fi=0 cap_fe=0 cap_fver=0 cap_frootid=0OUID="root" OGID="root"
type=PATH msg=audit(1768183296.883:1917): item=1 name="/lib64/ld-linux-x86-64.so.2" inode=1481429 dev=08:02 mode=0100755 ouid=0 ogid=0 rdev=00:00 nametype=NORMAL cap_fp=0 cap_fi=0 cap_fe=0 cap_fver=0 cap_frootid=0OUID="root" OGID="root"
type=PROCTITLE msg=audit(1768183296.883:1917): proctitle=2F7573722F6C69622F73797374656D642F73797374656D642D6578656375746F72002D2D646573657269616C697A65003635002D2D6C6F672D6C6576656C00696E666F002D2D6C6F672D746172676574006A6F75726E616C2D6F722D6B6D7367
type=SYSCALL msg=audit(1768183296.897:1918): arch=c000003e syscall=42 success=yes exit=0 a0=4 a1=7ffc6403be10 a2=1e a3=7ffc6403bec0 items=1 ppid=1 pid=1465 auid=4294967295 uid=0 gid=0 euid=0 suid=0 fsuid=0 egid=0 sgid=0 fsgid=0 tty=(none) ses=4294967295 comm="9" exe="/usr/lib/systemd/systemd-executor" subj=unconfined key="T1043_Commonly_Used_Port"ARCH=x86_64 SYSCALL=connect AUID="unset" UID="root" GID="root" EUID="root" SUID="root" FSUID="root" EGID="root" SGID="root" FSGID="root"
type=SOCKADDR msg=audit(1768183296.897:1918): saddr=01002F72756E2F73797374656D642F6A6F75726E616C2F736F636B657400SADDR={ saddr_fam=local path=/run/systemd/journal/socket }
type=PATH msg=audit(1768183296.897:1918): item=0 name="/run/systemd/journal/socket" inode=456 dev=00:18 mode=0140666 ouid=0 ogid=0 rdev=00:00 nametype=NORMAL cap_fp=0 cap_fi=0 cap_fe=0 cap_fver=0 cap_frootid=0OUID="root" OGID="root"
type=PROCTITLE msg=audit(1768183296.897:1918): proctitle=2F7573722F6C69622F73797374656D642F73797374656D642D6578656375746F72002D2D646573657269616C697A65003635002D2D6C6F672D6C6576656C00696E666F002D2D6C6F672D746172676574006A6F75726E616C2D6F722D6B6D7367
type=SYSCALL msg=audit(1768183296.897:1919): arch=c000003e syscall=42 success=yes exit=0 a0=3 a1=7ffc6403b990 a2=1e a3=fffffff7 items=1 ppid=1 pid=1465 auid=4294967295 uid=0 gid=0 euid=0 suid=0 fsuid=0 egid=0 sgid=0 fsgid=0 tty=(none) ses=4294967295 comm="(pachectl)" exe="/usr/lib/systemd/systemd-executor" subj=unconfined key="T1043_Commonly_Used_Port"ARCH=x86_64 SYSCALL=connect AUID="unset" UID="root" GID="root" EUID="root" SUID="root" FSUID="root" EGID="root" SGID="root" FSGID="root"
type=SOCKADDR msg=audit(1768183296.897:1919): saddr=01002F72756E2F73797374656D642F6A6F75726E616C2F7374646F757400SADDR={ saddr_fam=local path=/run/systemd/journal/stdout }
type=PATH msg=audit(1768183296.897:1919): item=0 name="/run/systemd/journal/stdout" inode=457 dev=00:18 mode=0140666 ouid=0 ogid=0 rdev=00:00 nametype=NORMAL cap_fp=0 cap_fi=0 cap_fe=0 cap_fver=0 cap_frootid=0OUID="root" OGID="root"
type=PROCTITLE msg=audit(1768183296.897:1919): proctitle=2F7573722F6C69622F73797374656D642F73797374656D642D6578656375746F72002D2D646573657269616C697A65003635002D2D6C6F672D6C6576656C00696E666F002D2D6C6F672D746172676574006A6F75726E616C2D6F722D6B6D7367
type=SYSCALL msg=audit(1768183296.899:1920): arch=c000003e syscall=59 success=yes exit=0 a0=591638cc74a0 a1=591638cd01b0 a2=591638cc6db0 a3=591638cc7b80 items=3 ppid=1 pid=1465 auid=4294967295 uid=0 gid=0 euid=0 suid=0 fsuid=0 egid=0 sgid=0 fsgid=0 tty=(none) ses=4294967295 comm="apachectl" exe="/usr/bin/dash" subj=unconfined key="T1078_Valid_Accounts"ARCH=x86_64 SYSCALL=execve AUID="unset" UID="root" GID="root" EUID="root" SUID="root" FSUID="root" EGID="root" SGID="root" FSGID="root"
type=EXECVE msg=audit(1768183296.899:1920): argc=3 a0="/bin/sh" a1="/usr/sbin/apachectl" a2="start"
type=PATH msg=audit(1768183296.899:1920): item=0 name="/usr/sbin/apachectl" inode=1479339 dev=08:02 mode=0100755 ouid=0 ogid=0 rdev=00:00 nametype=NORMAL cap_fp=0 cap_fi=0 cap_fe=0 cap_fver=0 cap_frootid=0OUID="root" OGID="root"
type=PATH msg=audit(1768183296.899:1920): item=1 name="/bin/sh" inode=1442345 dev=08:02 mode=0100755 ouid=0 ogid=0 rdev=00:00 nametype=NORMAL cap_fp=0 cap_fi=0 cap_fe=0 cap_fver=0 cap_frootid=0OUID="root" OGID="root"
type=PATH msg=audit(1768183296.899:1920): item=2 name="/lib64/ld-linux-x86-64.so.2" inode=1481429 dev=08:02 mode=0100755 ouid=0 ogid=0 rdev=00:00 nametype=NORMAL cap_fp=0 cap_fi=0 cap_fe=0 cap_fver=0 cap_frootid=0OUID="root" OGID="root"
type=PROCTITLE msg=audit(1768183296.899:1920): proctitle=2F7573722F6C69622F73797374656D642F73797374656D642D6578656375746F72002D2D646573657269616C697A65003635002D2D6C6F672D6C6576656C00696E666F002D2D6C6F672D746172676574006A6F75726E616C2D6F722D6B6D7367
type=SYSCALL msg=audit(1768183296.906:1921): arch=c000003e syscall=59 success=yes exit=0 a0=5da21dc56cd0 a1=5da21dc58bd0 a2=5da21dc56c48 a3=5da21dc589d0 items=2 ppid=1465 pid=1466 auid=4294967295 uid=0 gid=0 euid=0 suid=0 fsuid=0 egid=0 sgid=0 fsgid=0 tty=(none) ses=4294967295 comm="id" exe="/usr/bin/id" subj=unconfined key="T1078_Valid_Accounts"ARCH=x86_64 SYSCALL=execve AUID="unset" UID="root" GID="root" EUID="root" SUID="root" FSUID="root" EGID="root" SGID="root" FSGID="root"
type=EXECVE msg=audit(1768183296.906:1921): argc=2 a0="id" a1="-u"
type=PATH msg=audit(1768183296.906:1921): item=0 name="/usr/bin/id" inode=1442474 dev=08:02 mode=0100755 ouid=0 ogid=0 rdev=00:00 nametype=NORMAL cap_fp=0 cap_fi=0 cap_fe=0 cap_fver=0 cap_frootid=0OUID="root" OGID="root"
type=PATH msg=audit(1768183296.906:1921): item=1 name="/lib64/ld-linux-x86-64.so.2" inode=1481429 dev=08:02 mode=0100755 ouid=0 ogid=0 rdev=00:00 nametype=NORMAL cap_fp=0 cap_fi=0 cap_fe=0 cap_fver=0 cap_frootid=0OUID="root" OGID="root"
type=PROCTITLE msg=audit(1768183296.906:1921): proctitle=6964002D75
type=SYSCALL msg=audit(1768183296.912:1922): arch=c000003e syscall=59 success=yes exit=0 a0=5da21dc58938 a1=5da21dc5a280 a2=5da21dc5a2a0 a3=8 items=2 ppid=1465 pid=1467 auid=4294967295 uid=0 gid=0 euid=0 suid=0 fsuid=0 egid=0 sgid=0 fsgid=0 tty=(none) ses=4294967295 comm="apache2" exe="/usr/sbin/apache2" subj=unconfined key="T1078_Valid_Accounts"ARCH=x86_64 SYSCALL=execve AUID="unset" UID="root" GID="root" EUID="root" SUID="root" FSUID="root" EGID="root" SGID="root" FSGID="root"
type=EXECVE msg=audit(1768183296.912:1922): argc=3 a0="/usr/sbin/apache2" a1="-k" a2="start"
type=PATH msg=audit(1768183296.912:1922): item=0 name="/usr/sbin/apache2" inode=1457163 dev=08:02 mode=0100755 ouid=0 ogid=0 rdev=00:00 nametype=NORMAL cap_fp=0 cap_fi=0 cap_fe=0 cap_fver=0 cap_frootid=0OUID="root" OGID="root"
type=PATH msg=audit(1768183296.912:1922): item=1 name="/lib64/ld-linux-x86-64.so.2" inode=1481429 dev=08:02 mode=0100755 ouid=0 ogid=0 rdev=00:00 nametype=NORMAL cap_fp=0 cap_fi=0 cap_fe=0 cap_fver=0 cap_frootid=0OUID="root" OGID="root"
type=PROCTITLE msg=audit(1768183296.912:1922): proctitle=2F7573722F7362696E2F61706163686532002D6B007374617274
type=SYSCALL msg=audit(1768183296.917:1923): arch=c000003e syscall=42 success=yes exit=0 a0=3 a1=55c409667c30 a2=1c a3=0 items=0 ppid=1465 pid=1467 auid=4294967295 uid=0 gid=0 euid=0 suid=0 fsuid=0 egid=0 sgid=0 fsgid=0 tty=(none) ses=4294967295 comm="apache2" exe="/usr/sbin/apache2" subj=unconfined key="T1043_Commonly_Used_Port"ARCH=x86_64 SYSCALL=connect AUID="unset" UID="root" GID="root" EUID="root" SUID="root" FSUID="root" EGID="root" SGID="root" FSGID="root"
type=SOCKADDR msg=audit(1768183296.917:1923): saddr=0A000000000000000000000000000000000000000000000000000000SADDR={ saddr_fam=inet6 laddr=:: lport=0 }
type=PROCTITLE msg=audit(1768183296.917:1923): proctitle=2F7573722F7362696E2F61706163686532002D6B007374617274
type=SYSCALL msg=audit(1768183296.922:1924): arch=c000003e syscall=42 success=yes exit=0 a0=3 a1=7fff7fbcdf70 a2=10 a3=0 items=0 ppid=1465 pid=1467 auid=4294967295 uid=0 gid=0 euid=0 suid=0 fsuid=0 egid=0 sgid=0 fsgid=0 tty=(none) ses=4294967295 comm="apache2" exe="/usr/sbin/apache2" subj=unconfined key="T1043_Commonly_Used_Port"ARCH=x86_64 SYSCALL=connect AUID="unset" UID="root" GID="root" EUID="root" SUID="root" FSUID="root" EGID="root" SGID="root" FSGID="root"
type=SOCKADDR msg=audit(1768183296.922:1924): saddr=00000000000000000000000000000000SADDR=unknown-family(0)
type=PROCTITLE msg=audit(1768183296.922:1924): proctitle=2F7573722F7362696E2F61706163686532002D6B007374617274
type=SYSCALL msg=audit(1768183296.922:1925): arch=c000003e syscall=42 success=yes exit=0 a0=3 a1=55c409667c90 a2=10 a3=0 items=0 ppid=1465 pid=1467 auid=4294967295 uid=0 gid=0 euid=0 suid=0 fsuid=0 egid=0 sgid=0 fsgid=0 tty=(none) ses=4294967295 comm="apache2" exe="/usr/sbin/apache2" subj=unconfined key="T1043_Commonly_Used_Port"ARCH=x86_64 SYSCALL=connect AUID="unset" UID="root" GID="root" EUID="root" SUID="root" FSUID="root" EGID="root" SGID="root" FSGID="root"
type=SOCKADDR msg=audit(1768183296.922:1925): saddr=02000000000000000000000000000000SADDR={ saddr_fam=inet laddr=0.0.0.0 lport=0 }
type=PROCTITLE msg=audit(1768183296.922:1925): proctitle=2F7573722F7362696E2F61706163686532002D6B007374617274
type=SYSCALL msg=audit(1768183296.930:1926): arch=c000003e syscall=42 success=yes exit=0 a0=3 a1=55c40968c6c0 a2=1c a3=0 items=0 ppid=1465 pid=1467 auid=4294967295 uid=0 gid=0 euid=0 suid=0 fsuid=0 egid=0 sgid=0 fsgid=0 tty=(none) ses=4294967295 comm="apache2" exe="/usr/sbin/apache2" subj=unconfined key="T1043_Commonly_Used_Port"ARCH=x86_64 SYSCALL=connect AUID="unset" UID="root" GID="root" EUID="root" SUID="root" FSUID="root" EGID="root" SGID="root" FSGID="root"
type=SOCKADDR msg=audit(1768183296.930:1926): saddr=0A000050000000000000000000000000000000000000000000000000SADDR={ saddr_fam=inet6 laddr=:: lport=80 }
type=PROCTITLE msg=audit(1768183296.930:1926): proctitle=2F7573722F7362696E2F61706163686532002D6B007374617274
type=SYSCALL msg=audit(1768183296.932:1927): arch=c000003e syscall=42 success=yes exit=0 a0=3 a1=7fff7fbcdc00 a2=10 a3=0 items=0 ppid=1465 pid=1467 auid=4294967295 uid=0 gid=0 euid=0 suid=0 fsuid=0 egid=0 sgid=0 fsgid=0 tty=(none) ses=4294967295 comm="apache2" exe="/usr/sbin/apache2" subj=unconfined key="T1043_Commonly_Used_Port"ARCH=x86_64 SYSCALL=connect AUID="unset" UID="root" GID="root" EUID="root" SUID="root" FSUID="root" EGID="root" SGID="root" FSGID="root"
type=SOCKADDR msg=audit(1768183296.932:1927): saddr=00000000000000000000000000000000SADDR=unknown-family(0)
type=PROCTITLE msg=audit(1768183296.932:1927): proctitle=2F7573722F7362696E2F61706163686532002D6B007374617274
type=SYSCALL msg=audit(1768183296.932:1928): arch=c000003e syscall=42 success=yes exit=0 a0=3 a1=55c40968be00 a2=10 a3=0 items=0 ppid=1465 pid=1467 auid=4294967295 uid=0 gid=0 euid=0 suid=0 fsuid=0 egid=0 sgid=0 fsgid=0 tty=(none) ses=4294967295 comm="apache2" exe="/usr/sbin/apache2" subj=unconfined key="T1043_Commonly_Used_Port"ARCH=x86_64 SYSCALL=connect AUID="unset" UID="root" GID="root" EUID="root" SUID="root" FSUID="root" EGID="root" SGID="root" FSGID="root"
type=SOCKADDR msg=audit(1768183296.932:1928): saddr=02000050000000000000000000000000SADDR={ saddr_fam=inet laddr=0.0.0.0 lport=80 }
type=PROCTITLE msg=audit(1768183296.932:1928): proctitle=2F7573722F7362696E2F61706163686532002D6B007374617274
type=SYSCALL msg=audit(1768183296.932:1929): arch=c000003e syscall=42 success=yes exit=0 a0=5 a1=55c40968c6c0 a2=1c a3=0 items=0 ppid=1465 pid=1467 auid=4294967295 uid=0 gid=0 euid=0 suid=0 fsuid=0 egid=0 sgid=0 fsgid=0 tty=(none) ses=4294967295 comm="apache2" exe="/usr/sbin/apache2" subj=unconfined key="T1043_Commonly_Used_Port"ARCH=x86_64 SYSCALL=connect AUID="unset" UID="root" GID="root" EUID="root" SUID="root" FSUID="root" EGID="root" SGID="root" FSGID="root"
type=SOCKADDR msg=audit(1768183296.932:1929): saddr=0A000050000000000000000000000000000000000000000000000000SADDR={ saddr_fam=inet6 laddr=:: lport=80 }
type=PROCTITLE msg=audit(1768183296.932:1929): proctitle=2F7573722F7362696E2F61706163686532002D6B007374617274
type=SYSCALL msg=audit(1768183296.933:1930): arch=c000003e syscall=42 success=yes exit=0 a0=5 a1=7fff7fbcdba0 a2=10 a3=0 items=0 ppid=1465 pid=1467 auid=4294967295 uid=0 gid=0 euid=0 suid=0 fsuid=0 egid=0 sgid=0 fsgid=0 tty=(none) ses=4294967295 comm="apache2" exe="/usr/sbin/apache2" subj=unconfined key="T1043_Commonly_Used_Port"ARCH=x86_64 SYSCALL=connect AUID="unset" UID="root" GID="root" EUID="root" SUID="root" FSUID="root" EGID="root" SGID="root" FSGID="root"
type=SOCKADDR msg=audit(1768183296.933:1930): saddr=00000000000000000000000000000000SADDR=unknown-family(0)
type=PROCTITLE msg=audit(1768183296.933:1930): proctitle=2F7573722F7362696E2F61706163686532002D6B007374617274
type=SYSCALL msg=audit(1768183296.933:1931): arch=c000003e syscall=42 success=yes exit=0 a0=5 a1=55c40968be00 a2=10 a3=0 items=0 ppid=1465 pid=1467 auid=4294967295 uid=0 gid=0 euid=0 suid=0 fsuid=0 egid=0 sgid=0 fsgid=0 tty=(none) ses=4294967295 comm="apache2" exe="/usr/sbin/apache2" subj=unconfined key="T1043_Commonly_Used_Port"ARCH=x86_64 SYSCALL=connect AUID="unset" UID="root" GID="root" EUID="root" SUID="root" FSUID="root" EGID="root" SGID="root" FSGID="root"
type=SOCKADDR msg=audit(1768183296.933:1931): saddr=02000050000000000000000000000000SADDR={ saddr_fam=inet laddr=0.0.0.0 lport=80 }
type=PROCTITLE msg=audit(1768183296.933:1931): proctitle=2F7573722F7362696E2F61706163686532002D6B007374617274
type=SYSCALL msg=audit(1768183296.933:1932): arch=c000003e syscall=42 success=yes exit=0 a0=5 a1=77a23760b694 a2=10 a3=7fff7fbcb704 items=0 ppid=1465 pid=1467 auid=4294967295 uid=0 gid=0 euid=0 suid=0 fsuid=0 egid=0 sgid=0 fsgid=0 tty=(none) ses=4294967295 comm="apache2" exe="/usr/sbin/apache2" subj=unconfined key="T1043_Commonly_Used_Port"ARCH=x86_64 SYSCALL=connect AUID="unset" UID="root" GID="root" EUID="root" SUID="root" FSUID="root" EGID="root" SGID="root" FSGID="root"
type=SOCKADDR msg=audit(1768183296.933:1932): saddr=020000357F0000350000000000000000SADDR={ saddr_fam=inet laddr=127.0.0.53 lport=53 }
type=PROCTITLE msg=audit(1768183296.933:1932): proctitle=2F7573722F7362696E2F61706163686532002D6B007374617274
type=SYSCALL msg=audit(1768183296.943:1933): arch=c000003e syscall=42 success=yes exit=0 a0=5 a1=77a23760b694 a2=10 a3=7fff7fbcb704 items=0 ppid=1465 pid=1467 auid=4294967295 uid=0 gid=0 euid=0 suid=0 fsuid=0 egid=0 sgid=0 fsgid=0 tty=(none) ses=4294967295 comm="apache2" exe="/usr/sbin/apache2" subj=unconfined key="T1043_Commonly_Used_Port"ARCH=x86_64 SYSCALL=connect AUID="unset" UID="root" GID="root" EUID="root" SUID="root" FSUID="root" EGID="root" SGID="root" FSGID="root"
type=SOCKADDR msg=audit(1768183296.943:1933): saddr=020000357F0000350000000000000000SADDR={ saddr_fam=inet laddr=127.0.0.53 lport=53 }
type=PROCTITLE msg=audit(1768183296.943:1933): proctitle=2F7573722F7362696E2F61706163686532002D6B007374617274
type=SYSCALL msg=audit(1768183296.943:1934): arch=c000003e syscall=42 success=yes exit=0 a0=5 a1=55c40968be00 a2=10 a3=0 items=0 ppid=1465 pid=1467 auid=4294967295 uid=0 gid=0 euid=0 suid=0 fsuid=0 egid=0 sgid=0 fsgid=0 tty=(none) ses=4294967295 comm="apache2" exe="/usr/sbin/apache2" subj=unconfined key="T1043_Commonly_Used_Port"ARCH=x86_64 SYSCALL=connect AUID="unset" UID="root" GID="root" EUID="root" SUID="root" FSUID="root" EGID="root" SGID="root" FSGID="root"
type=SOCKADDR msg=audit(1768183296.943:1934): saddr=020000000A00020F0000000000000000SADDR={ saddr_fam=inet laddr=10.0.2.15 lport=0 }
type=PROCTITLE msg=audit(1768183296.943:1934): proctitle=2F7573722F7362696E2F61706163686532002D6B007374617274
type=SYSCALL msg=audit(1768183296.943:1935): arch=c000003e syscall=42 success=yes exit=0 a0=5 a1=7fff7fbcd5f0 a2=10 a3=0 items=0 ppid=1465 pid=1467 auid=4294967295 uid=0 gid=0 euid=0 suid=0 fsuid=0 egid=0 sgid=0 fsgid=0 tty=(none) ses=4294967295 comm="apache2" exe="/usr/sbin/apache2" subj=unconfined key="T1043_Commonly_Used_Port"ARCH=x86_64 SYSCALL=connect AUID="unset" UID="root" GID="root" EUID="root" SUID="root" FSUID="root" EGID="root" SGID="root" FSGID="root"
type=SOCKADDR msg=audit(1768183296.943:1935): saddr=00000000000000000000000000000000SADDR=unknown-family(0)
type=PROCTITLE msg=audit(1768183296.943:1935): proctitle=2F7573722F7362696E2F61706163686532002D6B007374617274
type=SYSCALL msg=audit(1768183296.943:1936): arch=c000003e syscall=42 success=yes exit=0 a0=5 a1=55c409667640 a2=10 a3=0 items=0 ppid=1465 pid=1467 auid=4294967295 uid=0 gid=0 euid=0 suid=0 fsuid=0 egid=0 sgid=0 fsgid=0 tty=(none) ses=4294967295 comm="apache2" exe="/usr/sbin/apache2" subj=unconfined key="T1043_Commonly_Used_Port"ARCH=x86_64 SYSCALL=connect AUID="unset" UID="root" GID="root" EUID="root" SUID="root" FSUID="root" EGID="root" SGID="root" FSGID="root"
type=SOCKADDR msg=audit(1768183296.943:1936): saddr=02000000C0A8386B0000000000000000SADDR={ saddr_fam=inet laddr=192.168.56.107 lport=0 }
type=PROCTITLE msg=audit(1768183296.943:1936): proctitle=2F7573722F7362696E2F61706163686532002D6B007374617274
type=SYSCALL msg=audit(1768183296.943:1937): arch=c000003e syscall=42 success=yes exit=0 a0=5 a1=55c40968c6c0 a2=1c a3=0 items=0 ppid=1465 pid=1467 auid=4294967295 uid=0 gid=0 euid=0 suid=0 fsuid=0 egid=0 sgid=0 fsgid=0 tty=(none) ses=4294967295 comm="apache2" exe="/usr/sbin/apache2" subj=unconfined key="T1043_Commonly_Used_Port"ARCH=x86_64 SYSCALL=connect AUID="unset" UID="root" GID="root" EUID="root" SUID="root" FSUID="root" EGID="root" SGID="root" FSGID="root"
type=SOCKADDR msg=audit(1768183296.943:1937): saddr=0A00000000000000FD17625CF03700020A0027FFFE3F373900000000SADDR={ saddr_fam=inet6 laddr=fd17:625c:f037:2:a00:27ff:fe3f:3739 lport=0 }
type=PROCTITLE msg=audit(1768183296.943:1937): proctitle=2F7573722F7362696E2F61706163686532002D6B007374617274
type=SYSCALL msg=audit(1768183296.943:1938): arch=c000003e syscall=42 success=yes exit=0 a0=5 a1=7fff7fbcd5f0 a2=10 a3=0 items=0 ppid=1465 pid=1467 auid=4294967295 uid=0 gid=0 euid=0 suid=0 fsuid=0 egid=0 sgid=0 fsgid=0 tty=(none) ses=4294967295 comm="apache2" exe="/usr/sbin/apache2" subj=unconfined key="T1043_Commonly_Used_Port"ARCH=x86_64 SYSCALL=connect AUID="unset" UID="root" GID="root" EUID="root" SUID="root" FSUID="root" EGID="root" SGID="root" FSGID="root"
type=SOCKADDR msg=audit(1768183296.943:1938): saddr=00000000000000000000000000000000SADDR=unknown-family(0)
type=PROCTITLE msg=audit(1768183296.943:1938): proctitle=2F7573722F7362696E2F61706163686532002D6B007374617274
type=SYSCALL msg=audit(1768183296.943:1939): arch=c000003e syscall=42 success=no exit=-22 a0=5 a1=55c409667690 a2=1c a3=0 items=0 ppid=1465 pid=1467 auid=4294967295 uid=0 gid=0 euid=0 suid=0 fsuid=0 egid=0 sgid=0 fsgid=0 tty=(none) ses=4294967295 comm="apache2" exe="/usr/sbin/apache2" subj=unconfined key="T1043_Commonly_Used_Port"ARCH=x86_64 SYSCALL=connect AUID="unset" UID="root" GID="root" EUID="root" SUID="root" FSUID="root" EGID="root" SGID="root" FSGID="root"
type=SOCKADDR msg=audit(1768183296.943:1939): saddr=0A00000000000000FE800000000000000A0027FFFE3F373900000000SADDR={ saddr_fam=inet6 laddr=fe80::a00:27ff:fe3f:3739 lport=0 }
type=PROCTITLE msg=audit(1768183296.943:1939): proctitle=2F7573722F7362696E2F61706163686532002D6B007374617274
type=SYSCALL msg=audit(1768183296.943:1940): arch=c000003e syscall=42 success=yes exit=0 a0=5 a1=7fff7fbcd5f0 a2=10 a3=0 items=0 ppid=1465 pid=1467 auid=4294967295 uid=0 gid=0 euid=0 suid=0 fsuid=0 egid=0 sgid=0 fsgid=0 tty=(none) ses=4294967295 comm="apache2" exe="/usr/sbin/apache2" subj=unconfined key="T1043_Commonly_Used_Port"ARCH=x86_64 SYSCALL=connect AUID="unset" UID="root" GID="root" EUID="root" SUID="root" FSUID="root" EGID="root" SGID="root" FSGID="root"
type=SOCKADDR msg=audit(1768183296.943:1940): saddr=00000000000000000000000000000000SADDR=unknown-family(0)
type=PROCTITLE msg=audit(1768183296.943:1940): proctitle=2F7573722F7362696E2F61706163686532002D6B007374617274
type=SYSCALL msg=audit(1768183296.943:1941): arch=c000003e syscall=42 success=no exit=-22 a0=5 a1=55c4096676f0 a2=1c a3=0 items=0 ppid=1465 pid=1467 auid=4294967295 uid=0 gid=0 euid=0 suid=0 fsuid=0 egid=0 sgid=0 fsgid=0 tty=(none) ses=4294967295 comm="apache2" exe="/usr/sbin/apache2" subj=unconfined key="T1043_Commonly_Used_Port"ARCH=x86_64 SYSCALL=connect AUID="unset" UID="root" GID="root" EUID="root" SUID="root" FSUID="root" EGID="root" SGID="root" FSGID="root"
type=SOCKADDR msg=audit(1768183296.943:1941): saddr=0A00000000000000FE800000000000000A0027FFFE270D1D00000000SADDR={ saddr_fam=inet6 laddr=fe80::a00:27ff:fe27:d1d lport=0 }
type=PROCTITLE msg=audit(1768183296.943:1941): proctitle=2F7573722F7362696E2F61706163686532002D6B007374617274
type=SYSCALL msg=audit(1768183296.945:1942): arch=c000003e syscall=42 success=yes exit=0 a0=5 a1=77a23760b694 a2=10 a3=7fff7fbcbe14 items=0 ppid=1465 pid=1467 auid=4294967295 uid=0 gid=0 euid=0 suid=0 fsuid=0 egid=0 sgid=0 fsgid=0 tty=(none) ses=4294967295 comm="apache2" exe="/usr/sbin/apache2" subj=unconfined key="T1043_Commonly_Used_Port"ARCH=x86_64 SYSCALL=connect AUID="unset" UID="root" GID="root" EUID="root" SUID="root" FSUID="root" EGID="root" SGID="root" FSGID="root"
type=SOCKADDR msg=audit(1768183296.945:1942): saddr=020000357F0000350000000000000000SADDR={ saddr_fam=inet laddr=127.0.0.53 lport=53 }
type=PROCTITLE msg=audit(1768183296.945:1942): proctitle=2F7573722F7362696E2F61706163686532002D6B007374617274
type=SYSCALL msg=audit(1768183296.953:1943): arch=c000003e syscall=42 success=yes exit=0 a0=5 a1=55c4096676f0 a2=1c a3=0 items=0 ppid=1465 pid=1467 auid=4294967295 uid=0 gid=0 euid=0 suid=0 fsuid=0 egid=0 sgid=0 fsgid=0 tty=(none) ses=4294967295 comm="apache2" exe="/usr/sbin/apache2" subj=unconfined key="T1043_Commonly_Used_Port"ARCH=x86_64 SYSCALL=connect AUID="unset" UID="root" GID="root" EUID="root" SUID="root" FSUID="root" EGID="root" SGID="root" FSGID="root"
type=SOCKADDR msg=audit(1768183296.953:1943): saddr=0A000000000000000000000000000000000000000000000000000000SADDR={ saddr_fam=inet6 laddr=:: lport=0 }
type=PROCTITLE msg=audit(1768183296.953:1943): proctitle=2F7573722F7362696E2F61706163686532002D6B007374617274
type=SYSCALL msg=audit(1768183296.953:1944): arch=c000003e syscall=42 success=yes exit=0 a0=5 a1=7fff7fbcdf70 a2=10 a3=0 items=0 ppid=1465 pid=1467 auid=4294967295 uid=0 gid=0 euid=0 suid=0 fsuid=0 egid=0 sgid=0 fsgid=0 tty=(none) ses=4294967295 comm="apache2" exe="/usr/sbin/apache2" subj=unconfined key="T1043_Commonly_Used_Port"ARCH=x86_64 SYSCALL=connect AUID="unset" UID="root" GID="root" EUID="root" SUID="root" FSUID="root" EGID="root" SGID="root" FSGID="root"
type=SOCKADDR msg=audit(1768183296.953:1944): saddr=00000000000000000000000000000000SADDR=unknown-family(0)
type=PROCTITLE msg=audit(1768183296.953:1944): proctitle=2F7573722F7362696E2F61706163686532002D6B007374617274
type=SYSCALL msg=audit(1768183296.953:1945): arch=c000003e syscall=42 success=yes exit=0 a0=5 a1=55c409667c90 a2=10 a3=0 items=0 ppid=1465 pid=1467 auid=4294967295 uid=0 gid=0 euid=0 suid=0 fsuid=0 egid=0 sgid=0 fsgid=0 tty=(none) ses=4294967295 comm="apache2" exe="/usr/sbin/apache2" subj=unconfined key="T1043_Commonly_Used_Port"ARCH=x86_64 SYSCALL=connect AUID="unset" UID="root" GID="root" EUID="root" SUID="root" FSUID="root" EGID="root" SGID="root" FSGID="root"
type=SOCKADDR msg=audit(1768183296.953:1945): saddr=02000000000000000000000000000000SADDR={ saddr_fam=inet laddr=0.0.0.0 lport=0 }
type=PROCTITLE msg=audit(1768183296.953:1945): proctitle=2F7573722F7362696E2F61706163686532002D6B007374617274
type=SYSCALL msg=audit(1768183296.961:1946): arch=c000003e syscall=42 success=yes exit=0 a0=5 a1=55c4096676f0 a2=1c a3=0 items=0 ppid=1 pid=1468 auid=4294967295 uid=0 gid=0 euid=0 suid=0 fsuid=0 egid=0 sgid=0 fsgid=0 tty=(none) ses=4294967295 comm="apache2" exe="/usr/sbin/apache2" subj=unconfined key="T1043_Commonly_Used_Port"ARCH=x86_64 SYSCALL=connect AUID="unset" UID="root" GID="root" EUID="root" SUID="root" FSUID="root" EGID="root" SGID="root" FSGID="root"
type=SOCKADDR msg=audit(1768183296.961:1946): saddr=0A000050000000000000000000000000000000000000000000000000SADDR={ saddr_fam=inet6 laddr=:: lport=80 }
type=PROCTITLE msg=audit(1768183296.961:1946): proctitle=2F7573722F7362696E2F61706163686532002D6B007374617274
type=SYSCALL msg=audit(1768183296.963:1947): arch=c000003e syscall=42 success=yes exit=0 a0=5 a1=7fff7fbcdba0 a2=10 a3=0 items=0 ppid=1 pid=1468 auid=4294967295 uid=0 gid=0 euid=0 suid=0 fsuid=0 egid=0 sgid=0 fsgid=0 tty=(none) ses=4294967295 comm="apache2" exe="/usr/sbin/apache2" subj=unconfined key="T1043_Commonly_Used_Port"ARCH=x86_64 SYSCALL=connect AUID="unset" UID="root" GID="root" EUID="root" SUID="root" FSUID="root" EGID="root" SGID="root" FSGID="root"
type=SOCKADDR msg=audit(1768183296.963:1947): saddr=00000000000000000000000000000000SADDR=unknown-family(0)
type=PROCTITLE msg=audit(1768183296.963:1947): proctitle=2F7573722F7362696E2F61706163686532002D6B007374617274
type=SYSCALL msg=audit(1768183296.963:1948): arch=c000003e syscall=42 success=yes exit=0 a0=5 a1=55c409676cc0 a2=10 a3=0 items=0 ppid=1 pid=1468 auid=4294967295 uid=0 gid=0 euid=0 suid=0 fsuid=0 egid=0 sgid=0 fsgid=0 tty=(none) ses=4294967295 comm="apache2" exe="/usr/sbin/apache2" subj=unconfined key="T1043_Commonly_Used_Port"ARCH=x86_64 SYSCALL=connect AUID="unset" UID="root" GID="root" EUID="root" SUID="root" FSUID="root" EGID="root" SGID="root" FSGID="root"
type=SOCKADDR msg=audit(1768183296.963:1948): saddr=02000050000000000000000000000000SADDR={ saddr_fam=inet laddr=0.0.0.0 lport=80 }
type=PROCTITLE msg=audit(1768183296.963:1948): proctitle=2F7573722F7362696E2F61706163686532002D6B007374617274
type=SYSCALL msg=audit(1768183296.963:1949): arch=c000003e syscall=42 success=yes exit=0 a0=5 a1=77a23760b694 a2=10 a3=7fff7fbcb704 items=0 ppid=1 pid=1468 auid=4294967295 uid=0 gid=0 euid=0 suid=0 fsuid=0 egid=0 sgid=0 fsgid=0 tty=(none) ses=4294967295 comm="apache2" exe="/usr/sbin/apache2" subj=unconfined key="T1043_Commonly_Used_Port"ARCH=x86_64 SYSCALL=connect AUID="unset" UID="root" GID="root" EUID="root" SUID="root" FSUID="root" EGID="root" SGID="root" FSGID="root"
type=SOCKADDR msg=audit(1768183296.963:1949): saddr=020000357F0000350000000000000000SADDR={ saddr_fam=inet laddr=127.0.0.53 lport=53 }
type=PROCTITLE msg=audit(1768183296.963:1949): proctitle=2F7573722F7362696E2F61706163686532002D6B007374617274
type=SERVICE_START msg=audit(1768183296.966:1950): pid=1 uid=0 auid=4294967295 ses=4294967295 subj=unconfined msg='unit=apache2 comm="systemd" exe="/usr/lib/systemd/systemd" hostname=? addr=? terminal=? res=success'UID="root" AUID="unset"
type=SYSCALL msg=audit(1768183296.973:1951): arch=c000003e syscall=42 success=yes exit=0 a0=5 a1=77a23760b694 a2=10 a3=7fff7fbcb704 items=0 ppid=1 pid=1468 auid=4294967295 uid=0 gid=0 euid=0 suid=0 fsuid=0 egid=0 sgid=0 fsgid=0 tty=(none) ses=4294967295 comm="apache2" exe="/usr/sbin/apache2" subj=unconfined key="T1043_Commonly_Used_Port"ARCH=x86_64 SYSCALL=connect AUID="unset" UID="root" GID="root" EUID="root" SUID="root" FSUID="root" EGID="root" SGID="root" FSGID="root"
type=SOCKADDR msg=audit(1768183296.973:1951): saddr=020000357F0000350000000000000000SADDR={ saddr_fam=inet laddr=127.0.0.53 lport=53 }
type=PROCTITLE msg=audit(1768183296.973:1951): proctitle=2F7573722F7362696E2F61706163686532002D6B007374617274
type=SYSCALL msg=audit(1768183296.973:1952): arch=c000003e syscall=42 success=yes exit=0 a0=5 a1=55c409676cc0 a2=10 a3=0 items=0 ppid=1 pid=1468 auid=4294967295 uid=0 gid=0 euid=0 suid=0 fsuid=0 egid=0 sgid=0 fsgid=0 tty=(none) ses=4294967295 comm="apache2" exe="/usr/sbin/apache2" subj=unconfined key="T1043_Commonly_Used_Port"ARCH=x86_64 SYSCALL=connect AUID="unset" UID="root" GID="root" EUID="root" SUID="root" FSUID="root" EGID="root" SGID="root" FSGID="root"
type=SOCKADDR msg=audit(1768183296.973:1952): saddr=020000000A00020F0000000000000000SADDR={ saddr_fam=inet laddr=10.0.2.15 lport=0 }
type=PROCTITLE msg=audit(1768183296.973:1952): proctitle=2F7573722F7362696E2F61706163686532002D6B007374617274
type=SYSCALL msg=audit(1768183296.975:1953): arch=c000003e syscall=42 success=yes exit=0 a0=5 a1=7fff7fbcd5f0 a2=10 a3=0 items=0 ppid=1 pid=1468 auid=4294967295 uid=0 gid=0 euid=0 suid=0 fsuid=0 egid=0 sgid=0 fsgid=0 tty=(none) ses=4294967295 comm="apache2" exe="/usr/sbin/apache2" subj=unconfined key="T1043_Commonly_Used_Port"ARCH=x86_64 SYSCALL=connect AUID="unset" UID="root" GID="root" EUID="root" SUID="root" FSUID="root" EGID="root" SGID="root" FSGID="root"
type=SOCKADDR msg=audit(1768183296.975:1953): saddr=00000000000000000000000000000000SADDR=unknown-family(0)
type=PROCTITLE msg=audit(1768183296.975:1953): proctitle=2F7573722F7362696E2F61706163686532002D6B007374617274
type=SYSCALL msg=audit(1768183296.975:1954): arch=c000003e syscall=42 success=yes exit=0 a0=5 a1=55c409667640 a2=10 a3=0 items=0 ppid=1 pid=1468 auid=4294967295 uid=0 gid=0 euid=0 suid=0 fsuid=0 egid=0 sgid=0 fsgid=0 tty=(none) ses=4294967295 comm="apache2" exe="/usr/sbin/apache2" subj=unconfined key="T1043_Commonly_Used_Port"ARCH=x86_64 SYSCALL=connect AUID="unset" UID="root" GID="root" EUID="root" SUID="root" FSUID="root" EGID="root" SGID="root" FSGID="root"
type=SOCKADDR msg=audit(1768183296.975:1954): saddr=02000000C0A8386B0000000000000000SADDR={ saddr_fam=inet laddr=192.168.56.107 lport=0 }
type=PROCTITLE msg=audit(1768183296.975:1954): proctitle=2F7573722F7362696E2F61706163686532002D6B007374617274
type=SYSCALL msg=audit(1768183296.975:1955): arch=c000003e syscall=42 success=yes exit=0 a0=5 a1=55c4096676f0 a2=1c a3=0 items=0 ppid=1 pid=1468 auid=4294967295 uid=0 gid=0 euid=0 suid=0 fsuid=0 egid=0 sgid=0 fsgid=0 tty=(none) ses=4294967295 comm="apache2" exe="/usr/sbin/apache2" subj=unconfined key="T1043_Commonly_Used_Port"ARCH=x86_64 SYSCALL=connect AUID="unset" UID="root" GID="root" EUID="root" SUID="root" FSUID="root" EGID="root" SGID="root" FSGID="root"
type=SOCKADDR msg=audit(1768183296.975:1955): saddr=0A00000000000000FD17625CF03700020A0027FFFE3F373900000000SADDR={ saddr_fam=inet6 laddr=fd17:625c:f037:2:a00:27ff:fe3f:3739 lport=0 }
type=PROCTITLE msg=audit(1768183296.975:1955): proctitle=2F7573722F7362696E2F61706163686532002D6B007374617274
type=SYSCALL msg=audit(1768183296.975:1956): arch=c000003e syscall=42 success=yes exit=0 a0=5 a1=7fff7fbcd5f0 a2=10 a3=0 items=0 ppid=1 pid=1468 auid=4294967295 uid=0 gid=0 euid=0 suid=0 fsuid=0 egid=0 sgid=0 fsgid=0 tty=(none) ses=4294967295 comm="apache2" exe="/usr/sbin/apache2" subj=unconfined key="T1043_Commonly_Used_Port"ARCH=x86_64 SYSCALL=connect AUID="unset" UID="root" GID="root" EUID="root" SUID="root" FSUID="root" EGID="root" SGID="root" FSGID="root"
type=SOCKADDR msg=audit(1768183296.975:1956): saddr=00000000000000000000000000000000SADDR=unknown-family(0)
type=PROCTITLE msg=audit(1768183296.975:1956): proctitle=2F7573722F7362696E2F61706163686532002D6B007374617274
type=SYSCALL msg=audit(1768183296.975:1957): arch=c000003e syscall=42 success=no exit=-22 a0=5 a1=55c409667690 a2=1c a3=0 items=0 ppid=1 pid=1468 auid=4294967295 uid=0 gid=0 euid=0 suid=0 fsuid=0 egid=0 sgid=0 fsgid=0 tty=(none) ses=4294967295 comm="apache2" exe="/usr/sbin/apache2" subj=unconfined key="T1043_Commonly_Used_Port"ARCH=x86_64 SYSCALL=connect AUID="unset" UID="root" GID="root" EUID="root" SUID="root" FSUID="root" EGID="root" SGID="root" FSGID="root"
type=SOCKADDR msg=audit(1768183296.975:1957): saddr=0A00000000000000FE800000000000000A0027FFFE3F373900000000SADDR={ saddr_fam=inet6 laddr=fe80::a00:27ff:fe3f:3739 lport=0 }
type=PROCTITLE msg=audit(1768183296.975:1957): proctitle=2F7573722F7362696E2F61706163686532002D6B007374617274
type=SYSCALL msg=audit(1768183296.975:1958): arch=c000003e syscall=42 success=yes exit=0 a0=5 a1=7fff7fbcd5f0 a2=10 a3=0 items=0 ppid=1 pid=1468 auid=4294967295 uid=0 gid=0 euid=0 suid=0 fsuid=0 egid=0 sgid=0 fsgid=0 tty=(none) ses=4294967295 comm="apache2" exe="/usr/sbin/apache2" subj=unconfined key="T1043_Commonly_Used_Port"ARCH=x86_64 SYSCALL=connect AUID="unset" UID="root" GID="root" EUID="root" SUID="root" FSUID="root" EGID="root" SGID="root" FSGID="root"
type=SOCKADDR msg=audit(1768183296.975:1958): saddr=00000000000000000000000000000000SADDR=unknown-family(0)
type=PROCTITLE msg=audit(1768183296.975:1958): proctitle=2F7573722F7362696E2F61706163686532002D6B007374617274
type=SYSCALL msg=audit(1768183296.975:1959): arch=c000003e syscall=42 success=no exit=-22 a0=5 a1=55c40968c6c0 a2=1c a3=0 items=0 ppid=1 pid=1468 auid=4294967295 uid=0 gid=0 euid=0 suid=0 fsuid=0 egid=0 sgid=0 fsgid=0 tty=(none) ses=4294967295 comm="apache2" exe="/usr/sbin/apache2" subj=unconfined key="T1043_Commonly_Used_Port"ARCH=x86_64 SYSCALL=connect AUID="unset" UID="root" GID="root" EUID="root" SUID="root" FSUID="root" EGID="root" SGID="root" FSGID="root"
type=SOCKADDR msg=audit(1768183296.975:1959): saddr=0A00000000000000FE800000000000000A0027FFFE270D1D00000000SADDR={ saddr_fam=inet6 laddr=fe80::a00:27ff:fe27:d1d lport=0 }
type=PROCTITLE msg=audit(1768183296.975:1959): proctitle=2F7573722F7362696E2F61706163686532002D6B007374617274
type=SYSCALL msg=audit(1768183296.975:1960): arch=c000003e syscall=42 success=yes exit=0 a0=5 a1=77a23760b694 a2=10 a3=7fff7fbcbe14 items=0 ppid=1 pid=1468 auid=4294967295 uid=0 gid=0 euid=0 suid=0 fsuid=0 egid=0 sgid=0 fsgid=0 tty=(none) ses=4294967295 comm="apache2" exe="/usr/sbin/apache2" subj=unconfined key="T1043_Commonly_Used_Port"ARCH=x86_64 SYSCALL=connect AUID="unset" UID="root" GID="root" EUID="root" SUID="root" FSUID="root" EGID="root" SGID="root" FSGID="root"
type=SOCKADDR msg=audit(1768183296.975:1960): saddr=020000357F0000350000000000000000SADDR={ saddr_fam=inet laddr=127.0.0.53 lport=53 }
type=PROCTITLE msg=audit(1768183296.975:1960): proctitle=2F7573722F7362696E2F61706163686532002D6B007374617274
type=SYSCALL msg=audit(1768183297.022:1961): arch=c000003e syscall=106 success=yes exit=0 a0=21 a1=77a2376304a0 a2=0 a3=22 items=0 ppid=1468 pid=1470 auid=4294967295 uid=0 gid=33 euid=0 suid=0 fsuid=0 egid=33 sgid=33 fsgid=33 tty=(none) ses=4294967295 comm="apache2" exe="/usr/sbin/apache2" subj=unconfined key="T1166_Seuid_and_Setgid"ARCH=x86_64 SYSCALL=setgid AUID="unset" UID="root" GID="www-data" EUID="root" SUID="root" FSUID="root" EGID="www-data" SGID="www-data" FSGID="www-data"
type=PROCTITLE msg=audit(1768183297.022:1961): proctitle=2F7573722F7362696E2F61706163686532002D6B007374617274
type=SYSCALL msg=audit(1768183297.022:1962): arch=c000003e syscall=106 success=yes exit=0 a0=21 a1=77a2376304a0 a2=0 a3=22 items=0 ppid=1468 pid=1471 auid=4294967295 uid=0 gid=33 euid=0 suid=0 fsuid=0 egid=33 sgid=33 fsgid=33 tty=(none) ses=4294967295 comm="apache2" exe="/usr/sbin/apache2" subj=unconfined key="T1166_Seuid_and_Setgid"ARCH=x86_64 SYSCALL=setgid AUID="unset" UID="root" GID="www-data" EUID="root" SUID="root" FSUID="root" EGID="www-data" SGID="www-data" FSGID="www-data"
type=PROCTITLE msg=audit(1768183297.022:1962): proctitle=2F7573722F7362696E2F61706163686532002D6B007374617274
type=SYSCALL msg=audit(1768183297.022:1963): arch=c000003e syscall=42 success=yes exit=0 a0=c a1=7fff7fbce3c0 a2=2d a3=55c409a771e0 items=1 ppid=1468 pid=1470 auid=4294967295 uid=0 gid=33 euid=0 suid=0 fsuid=0 egid=33 sgid=33 fsgid=33 tty=(none) ses=4294967295 comm="apache2" exe="/usr/sbin/apache2" subj=unconfined key="T1043_Commonly_Used_Port"ARCH=x86_64 SYSCALL=connect AUID="unset" UID="root" GID="www-data" EUID="root" SUID="root" FSUID="root" EGID="www-data" SGID="www-data" FSGID="www-data"
type=SOCKADDR msg=audit(1768183297.022:1963): saddr=01002F72756E2F73797374656D642F7573657264622F696F2E73797374656D642E44796E616D69635573657200SADDR={ saddr_fam=local path=/run/systemd/userdb/io.systemd.DynamicUser }
type=PATH msg=audit(1768183297.022:1963): item=0 name="/run/systemd/userdb/io.systemd.DynamicUser" inode=443 dev=00:18 mode=0140666 ouid=0 ogid=0 rdev=00:00 nametype=NORMAL cap_fp=0 cap_fi=0 cap_fe=0 cap_fver=0 cap_frootid=0OUID="root" OGID="root"
type=PROCTITLE msg=audit(1768183297.022:1963): proctitle=2F7573722F7362696E2F61706163686532002D6B007374617274
type=SYSCALL msg=audit(1768183297.024:1964): arch=c000003e syscall=42 success=yes exit=0 a0=c a1=7fff7fbce3c0 a2=2d a3=55c409a771e0 items=1 ppid=1468 pid=1471 auid=4294967295 uid=0 gid=33 euid=0 suid=0 fsuid=0 egid=33 sgid=33 fsgid=33 tty=(none) ses=4294967295 comm="apache2" exe="/usr/sbin/apache2" subj=unconfined key="T1043_Commonly_Used_Port"ARCH=x86_64 SYSCALL=connect AUID="unset" UID="root" GID="www-data" EUID="root" SUID="root" FSUID="root" EGID="www-data" SGID="www-data" FSGID="www-data"
type=SOCKADDR msg=audit(1768183297.024:1964): saddr=01002F72756E2F73797374656D642F7573657264622F696F2E73797374656D642E44796E616D69635573657200SADDR={ saddr_fam=local path=/run/systemd/userdb/io.systemd.DynamicUser }
type=PATH msg=audit(1768183297.024:1964): item=0 name="/run/systemd/userdb/io.systemd.DynamicUser" inode=443 dev=00:18 mode=0140666 ouid=0 ogid=0 rdev=00:00 nametype=NORMAL cap_fp=0 cap_fi=0 cap_fe=0 cap_fver=0 cap_frootid=0OUID="root" OGID="root"
type=PROCTITLE msg=audit(1768183297.024:1964): proctitle=2F7573722F7362696E2F61706163686532002D6B007374617274
type=SYSCALL msg=audit(1768183297.027:1965): arch=c000003e syscall=105 success=yes exit=0 a0=21 a1=55c409a36920 a2=55c1553c02d6 a3=55c409a36930 items=0 ppid=1468 pid=1471 auid=4294967295 uid=33 gid=33 euid=33 suid=33 fsuid=33 egid=33 sgid=33 fsgid=33 tty=(none) ses=4294967295 comm="apache2" exe="/usr/sbin/apache2" subj=unconfined key="T1166_Seuid_and_Setgid"ARCH=x86_64 SYSCALL=setuid AUID="unset" UID="www-data" GID="www-data" EUID="www-data" SUID="www-data" FSUID="www-data" EGID="www-data" SGID="www-data" FSGID="www-data"
type=PROCTITLE msg=audit(1768183297.027:1965): proctitle=2F7573722F7362696E2F61706163686532002D6B007374617274
type=SYSCALL msg=audit(1768183297.028:1966): arch=c000003e syscall=105 success=yes exit=0 a0=21 a1=55c409a36920 a2=55c1553c02d6 a3=55c409a36930 items=0 ppid=1468 pid=1470 auid=4294967295 uid=33 gid=33 euid=33 suid=33 fsuid=33 egid=33 sgid=33 fsgid=33 tty=(none) ses=4294967295 comm="apache2" exe="/usr/sbin/apache2" subj=unconfined key="T1166_Seuid_and_Setgid"ARCH=x86_64 SYSCALL=setuid AUID="unset" UID="www-data" GID="www-data" EUID="www-data" SUID="www-data" FSUID="www-data" EGID="www-data" SGID="www-data" FSGID="www-data"
type=PROCTITLE msg=audit(1768183297.028:1966): proctitle=2F7573722F7362696E2F61706163686532002D6B007374617274
type=SYSCALL msg=audit(1768183297.029:1967): arch=c000003e syscall=106 success=yes exit=0 a0=21 a1=77a2376304a0 a2=0 a3=22 items=0 ppid=1468 pid=1472 auid=4294967295 uid=0 gid=33 euid=0 suid=0 fsuid=0 egid=33 sgid=33 fsgid=33 tty=(none) ses=4294967295 comm="apache2" exe="/usr/sbin/apache2" subj=unconfined key="T1166_Seuid_and_Setgid"ARCH=x86_64 SYSCALL=setgid AUID="unset" UID="root" GID="www-data" EUID="root" SUID="root" FSUID="root" EGID="www-data" SGID="www-data" FSGID="www-data"
type=PROCTITLE msg=audit(1768183297.029:1967): proctitle=2F7573722F7362696E2F61706163686532002D6B007374617274
type=SYSCALL msg=audit(1768183297.029:1968): arch=c000003e syscall=106 success=yes exit=0 a0=21 a1=77a2376304a0 a2=0 a3=22 items=0 ppid=1468 pid=1473 auid=4294967295 uid=0 gid=33 euid=0 suid=0 fsuid=0 egid=33 sgid=33 fsgid=33 tty=(none) ses=4294967295 comm="apache2" exe="/usr/sbin/apache2" subj=unconfined key="T1166_Seuid_and_Setgid"ARCH=x86_64 SYSCALL=setgid AUID="unset" UID="root" GID="www-data" EUID="root" SUID="root" FSUID="root" EGID="www-data" SGID="www-data" FSGID="www-data"
type=PROCTITLE msg=audit(1768183297.029:1968): proctitle=2F7573722F7362696E2F61706163686532002D6B007374617274
type=SYSCALL msg=audit(1768183297.029:1969): arch=c000003e syscall=106 success=yes exit=0 a0=21 a1=77a2376304a0 a2=0 a3=22 items=0 ppid=1468 pid=1474 auid=4294967295 uid=0 gid=33 euid=0 suid=0 fsuid=0 egid=33 sgid=33 fsgid=33 tty=(none) ses=4294967295 comm="apache2" exe="/usr/sbin/apache2" subj=unconfined key="T1166_Seuid_and_Setgid"ARCH=x86_64 SYSCALL=setgid AUID="unset" UID="root" GID="www-data" EUID="root" SUID="root" FSUID="root" EGID="www-data" SGID="www-data" FSGID="www-data"
type=PROCTITLE msg=audit(1768183297.029:1969): proctitle=2F7573722F7362696E2F61706163686532002D6B007374617274
type=SYSCALL msg=audit(1768183297.029:1970): arch=c000003e syscall=42 success=yes exit=0 a0=c a1=7fff7fbce3c0 a2=2d a3=55c409a771e0 items=1 ppid=1468 pid=1472 auid=4294967295 uid=0 gid=33 euid=0 suid=0 fsuid=0 egid=33 sgid=33 fsgid=33 tty=(none) ses=4294967295 comm="apache2" exe="/usr/sbin/apache2" subj=unconfined key="T1043_Commonly_Used_Port"ARCH=x86_64 SYSCALL=connect AUID="unset" UID="root" GID="www-data" EUID="root" SUID="root" FSUID="root" EGID="www-data" SGID="www-data" FSGID="www-data"
type=SOCKADDR msg=audit(1768183297.029:1970): saddr=01002F72756E2F73797374656D642F7573657264622F696F2E73797374656D642E44796E616D69635573657200SADDR={ saddr_fam=local path=/run/systemd/userdb/io.systemd.DynamicUser }
type=PATH msg=audit(1768183297.029:1970): item=0 name="/run/systemd/userdb/io.systemd.DynamicUser" inode=443 dev=00:18 mode=0140666 ouid=0 ogid=0 rdev=00:00 nametype=NORMAL cap_fp=0 cap_fi=0 cap_fe=0 cap_fver=0 cap_frootid=0OUID="root" OGID="root"
type=PROCTITLE msg=audit(1768183297.029:1970): proctitle=2F7573722F7362696E2F61706163686532002D6B007374617274
type=SYSCALL msg=audit(1768183297.035:1971): arch=c000003e syscall=105 success=yes exit=0 a0=21 a1=55c409a36920 a2=55c1553c02d6 a3=55c409a36930 items=0 ppid=1468 pid=1472 auid=4294967295 uid=33 gid=33 euid=33 suid=33 fsuid=33 egid=33 sgid=33 fsgid=33 tty=(none) ses=4294967295 comm="apache2" exe="/usr/sbin/apache2" subj=unconfined key="T1166_Seuid_and_Setgid"ARCH=x86_64 SYSCALL=setuid AUID="unset" UID="www-data" GID="www-data" EUID="www-data" SUID="www-data" FSUID="www-data" EGID="www-data" SGID="www-data" FSGID="www-data"
type=PROCTITLE msg=audit(1768183297.035:1971): proctitle=2F7573722F7362696E2F61706163686532002D6B007374617274
type=SYSCALL msg=audit(1768183297.035:1972): arch=c000003e syscall=42 success=yes exit=0 a0=c a1=7fff7fbce3c0 a2=2d a3=55c409a771e0 items=1 ppid=1468 pid=1474 auid=4294967295 uid=0 gid=33 euid=0 suid=0 fsuid=0 egid=33 sgid=33 fsgid=33 tty=(none) ses=4294967295 comm="apache2" exe="/usr/sbin/apache2" subj=unconfined key="T1043_Commonly_Used_Port"ARCH=x86_64 SYSCALL=connect AUID="unset" UID="root" GID="www-data" EUID="root" SUID="root" FSUID="root" EGID="www-data" SGID="www-data" FSGID="www-data"
type=SOCKADDR msg=audit(1768183297.035:1972): saddr=01002F72756E2F73797374656D642F7573657264622F696F2E73797374656D642E44796E616D69635573657200SADDR={ saddr_fam=local path=/run/systemd/userdb/io.systemd.DynamicUser }
type=PATH msg=audit(1768183297.035:1972): item=0 name="/run/systemd/userdb/io.systemd.DynamicUser" inode=443 dev=00:18 mode=0140666 ouid=0 ogid=0 rdev=00:00 nametype=NORMAL cap_fp=0 cap_fi=0 cap_fe=0 cap_fver=0 cap_frootid=0OUID="root" OGID="root"
type=PROCTITLE msg=audit(1768183297.035:1972): proctitle=2F7573722F7362696E2F61706163686532002D6B007374617274
type=SYSCALL msg=audit(1768183297.036:1973): arch=c000003e syscall=42 success=yes exit=0 a0=c a1=7fff7fbce3c0 a2=2d a3=55c409a771e0 items=1 ppid=1468 pid=1473 auid=4294967295 uid=0 gid=33 euid=0 suid=0 fsuid=0 egid=33 sgid=33 fsgid=33 tty=(none) ses=4294967295 comm="apache2" exe="/usr/sbin/apache2" subj=unconfined key="T1043_Commonly_Used_Port"ARCH=x86_64 SYSCALL=connect AUID="unset" UID="root" GID="www-data" EUID="root" SUID="root" FSUID="root" EGID="www-data" SGID="www-data" FSGID="www-data"
type=SOCKADDR msg=audit(1768183297.036:1973): saddr=01002F72756E2F73797374656D642F7573657264622F696F2E73797374656D642E44796E616D69635573657200SADDR={ saddr_fam=local path=/run/systemd/userdb/io.systemd.DynamicUser }
type=PATH msg=audit(1768183297.036:1973): item=0 name="/run/systemd/userdb/io.systemd.DynamicUser" inode=443 dev=00:18 mode=0140666 ouid=0 ogid=0 rdev=00:00 nametype=NORMAL cap_fp=0 cap_fi=0 cap_fe=0 cap_fver=0 cap_frootid=0OUID="root" OGID="root"
type=PROCTITLE msg=audit(1768183297.036:1973): proctitle=2F7573722F7362696E2F61706163686532002D6B007374617274
type=SYSCALL msg=audit(1768183297.037:1974): arch=c000003e syscall=105 success=yes exit=0 a0=21 a1=55c409a36920 a2=55c1553c02d6 a3=55c409a36930 items=0 ppid=1468 pid=1473 auid=4294967295 uid=33 gid=33 euid=33 suid=33 fsuid=33 egid=33 sgid=33 fsgid=33 tty=(none) ses=4294967295 comm="apache2" exe="/usr/sbin/apache2" subj=unconfined key="T1166_Seuid_and_Setgid"ARCH=x86_64 SYSCALL=setuid AUID="unset" UID="www-data" GID="www-data" EUID="www-data" SUID="www-data" FSUID="www-data" EGID="www-data" SGID="www-data" FSGID="www-data"
type=PROCTITLE msg=audit(1768183297.037:1974): proctitle=2F7573722F7362696E2F61706163686532002D6B007374617274
type=SYSCALL msg=audit(1768183297.037:1975): arch=c000003e syscall=105 success=yes exit=0 a0=21 a1=55c409a36920 a2=55c1553c02d6 a3=55c409a36930 items=0 ppid=1468 pid=1474 auid=4294967295 uid=33 gid=33 euid=33 suid=33 fsuid=33 egid=33 sgid=33 fsgid=33 tty=(none) ses=4294967295 comm="apache2" exe="/usr/sbin/apache2" subj=unconfined key="T1166_Seuid_and_Setgid"ARCH=x86_64 SYSCALL=setuid AUID="unset" UID="www-data" GID="www-data" EUID="www-data" SUID="www-data" FSUID="www-data" EGID="www-data" SGID="www-data" FSGID="www-data"
type=PROCTITLE msg=audit(1768183297.037:1975): proctitle=2F7573722F7362696E2F61706163686532002D6B007374617274
type=SYSCALL msg=audit(1768183302.421:1976): arch=c000003e syscall=106 success=yes exit=0 a0=21 a1=77a2376304a0 a2=0 a3=22 items=0 ppid=1468 pid=1475 auid=4294967295 uid=0 gid=33 euid=0 suid=0 fsuid=0 egid=33 sgid=33 fsgid=33 tty=(none) ses=4294967295 comm="apache2" exe="/usr/sbin/apache2" subj=unconfined key="T1166_Seuid_and_Setgid"ARCH=x86_64 SYSCALL=setgid AUID="unset" UID="root" GID="www-data" EUID="root" SUID="root" FSUID="root" EGID="www-data" SGID="www-data" FSGID="www-data"
type=PROCTITLE msg=audit(1768183302.421:1976): proctitle=2F7573722F7362696E2F61706163686532002D6B007374617274
type=SYSCALL msg=audit(1768183302.421:1977): arch=c000003e syscall=42 success=yes exit=0 a0=c a1=7fff7fbce3e0 a2=2d a3=55c409a771e0 items=1 ppid=1468 pid=1475 auid=4294967295 uid=0 gid=33 euid=0 suid=0 fsuid=0 egid=33 sgid=33 fsgid=33 tty=(none) ses=4294967295 comm="apache2" exe="/usr/sbin/apache2" subj=unconfined key="T1043_Commonly_Used_Port"ARCH=x86_64 SYSCALL=connect AUID="unset" UID="root" GID="www-data" EUID="root" SUID="root" FSUID="root" EGID="www-data" SGID="www-data" FSGID="www-data"
type=SOCKADDR msg=audit(1768183302.421:1977): saddr=01002F72756E2F73797374656D642F7573657264622F696F2E73797374656D642E44796E616D69635573657200SADDR={ saddr_fam=local path=/run/systemd/userdb/io.systemd.DynamicUser }
type=PATH msg=audit(1768183302.421:1977): item=0 name="/run/systemd/userdb/io.systemd.DynamicUser" inode=443 dev=00:18 mode=0140666 ouid=0 ogid=0 rdev=00:00 nametype=NORMAL cap_fp=0 cap_fi=0 cap_fe=0 cap_fver=0 cap_frootid=0OUID="root" OGID="root"
type=PROCTITLE msg=audit(1768183302.421:1977): proctitle=2F7573722F7362696E2F61706163686532002D6B007374617274
type=SYSCALL msg=audit(1768183302.423:1978): arch=c000003e syscall=105 success=yes exit=0 a0=21 a1=55c409a36920 a2=55c1553c02d6 a3=55c409a36930 items=0 ppid=1468 pid=1475 auid=4294967295 uid=33 gid=33 euid=33 suid=33 fsuid=33 egid=33 sgid=33 fsgid=33 tty=(none) ses=4294967295 comm="apache2" exe="/usr/sbin/apache2" subj=unconfined key="T1166_Seuid_and_Setgid"ARCH=x86_64 SYSCALL=setuid AUID="unset" UID="www-data" GID="www-data" EUID="www-data" SUID="www-data" FSUID="www-data" EGID="www-data" SGID="www-data" FSGID="www-data"
type=PROCTITLE msg=audit(1768183302.423:1978): proctitle=2F7573722F7362696E2F61706163686532002D6B007374617274
type=SYSCALL msg=audit(1768183311.057:1979): arch=c000003e syscall=59 success=yes exit=0 a0=5c666e18bd60 a1=5c666e18be70 a2=5c666e045cc0 a3=5c666e18bf20 items=2 ppid=1426 pid=1476 auid=1000 uid=0 gid=0 euid=0 suid=0 fsuid=0 egid=0 sgid=0 fsgid=0 tty=pts1 ses=3 comm="cat" exe="/usr/bin/cat" subj=unconfined key="T1078_Valid_Accounts"ARCH=x86_64 SYSCALL=execve AUID="vboxuser" UID="root" GID="root" EUID="root" SUID="root" FSUID="root" EGID="root" SGID="root" FSGID="root"
type=EXECVE msg=audit(1768183311.057:1979): argc=2 a0="cat" a1="/var/www/html/index.html"
type=PATH msg=audit(1768183311.057:1979): item=0 name="/usr/bin/cat" inode=1442301 dev=08:02 mode=0100755 ouid=0 ogid=0 rdev=00:00 nametype=NORMAL cap_fp=0 cap_fi=0 cap_fe=0 cap_fver=0 cap_frootid=0OUID="root" OGID="root"
type=PATH msg=audit(1768183311.057:1979): item=1 name="/lib64/ld-linux-x86-64.so.2" inode=1481429 dev=08:02 mode=0100755 ouid=0 ogid=0 rdev=00:00 nametype=NORMAL cap_fp=0 cap_fi=0 cap_fe=0 cap_fver=0 cap_frootid=0OUID="root" OGID="root"
type=PROCTITLE msg=audit(1768183311.057:1979): proctitle=636174002F7661722F7777772F68746D6C2F696E6465782E68746D6C
type=SYSCALL msg=audit(1768183321.667:1980): arch=c000003e syscall=59 success=yes exit=0 a0=5c666e18bfd0 a1=5c666e18bb30 a2=5c666e045cc0 a3=8 items=2 ppid=1426 pid=1478 auid=1000 uid=0 gid=0 euid=0 suid=0 fsuid=0 egid=0 sgid=0 fsgid=0 tty=pts1 ses=3 comm="cat" exe="/usr/bin/cat" subj=unconfined key="T1078_Valid_Accounts"ARCH=x86_64 SYSCALL=execve AUID="vboxuser" UID="root" GID="root" EUID="root" SUID="root" FSUID="root" EGID="root" SGID="root" FSGID="root"
type=EXECVE msg=audit(1768183321.667:1980): argc=2 a0="cat" a1="/var/log/apache2/nextcloud.local-error.log"
type=PATH msg=audit(1768183321.667:1980): item=0 name="/usr/bin/cat" inode=1442301 dev=08:02 mode=0100755 ouid=0 ogid=0 rdev=00:00 nametype=NORMAL cap_fp=0 cap_fi=0 cap_fe=0 cap_fver=0 cap_frootid=0OUID="root" OGID="root"
type=PATH msg=audit(1768183321.667:1980): item=1 name="/lib64/ld-linux-x86-64.so.2" inode=1481429 dev=08:02 mode=0100755 ouid=0 ogid=0 rdev=00:00 nametype=NORMAL cap_fp=0 cap_fi=0 cap_fe=0 cap_fver=0 cap_frootid=0OUID="root" OGID="root"
type=PROCTITLE msg=audit(1768183321.667:1980): proctitle=636174002F7661722F6C6F672F617061636865322F6E657874636C6F75642E6C6F63616C2D6572726F722E6C6F67
type=SYSCALL msg=audit(1768183321.663:1981): arch=c000003e syscall=59 success=yes exit=0 a0=5c666e18c030 a1=5c666e18bb30 a2=5c666e045cc0 a3=8 items=2 ppid=1426 pid=1479 auid=1000 uid=0 gid=0 euid=0 suid=0 fsuid=0 egid=0 sgid=0 fsgid=0 tty=pts1 ses=3 comm="tail" exe="/usr/bin/tail" subj=unconfined key="T1078_Valid_Accounts"ARCH=x86_64 SYSCALL=execve AUID="vboxuser" UID="root" GID="root" EUID="root" SUID="root" FSUID="root" EGID="root" SGID="root" FSGID="root"
type=EXECVE msg=audit(1768183321.663:1981): argc=2 a0="tail" a1="-20"
type=PATH msg=audit(1768183321.663:1981): item=0 name="/usr/bin/tail" inode=1442904 dev=08:02 mode=0100755 ouid=0 ogid=0 rdev=00:00 nametype=NORMAL cap_fp=0 cap_fi=0 cap_fe=0 cap_fver=0 cap_frootid=0OUID="root" OGID="root"
type=PATH msg=audit(1768183321.663:1981): item=1 name="/lib64/ld-linux-x86-64.so.2" inode=1481429 dev=08:02 mode=0100755 ouid=0 ogid=0 rdev=00:00 nametype=NORMAL cap_fp=0 cap_fi=0 cap_fe=0 cap_fver=0 cap_frootid=0OUID="root" OGID="root"
type=PROCTITLE msg=audit(1768183321.663:1981): proctitle=7461696C002D3230
type=SYSCALL msg=audit(1768183333.746:1982): arch=c000003e syscall=59 success=yes exit=0 a0=5c666e18c090 a1=5c666e18bb30 a2=5c666e045cc0 a3=8 items=2 ppid=1426 pid=1481 auid=1000 uid=0 gid=0 euid=0 suid=0 fsuid=0 egid=0 sgid=0 fsgid=0 tty=pts1 ses=3 comm="tail" exe="/usr/bin/tail" subj=unconfined key="T1078_Valid_Accounts"ARCH=x86_64 SYSCALL=execve AUID="vboxuser" UID="root" GID="root" EUID="root" SUID="root" FSUID="root" EGID="root" SGID="root" FSGID="root"
type=EXECVE msg=audit(1768183333.746:1982): argc=2 a0="tail" a1="-20"
type=PATH msg=audit(1768183333.746:1982): item=0 name="/usr/bin/tail" inode=1442904 dev=08:02 mode=0100755 ouid=0 ogid=0 rdev=00:00 nametype=NORMAL cap_fp=0 cap_fi=0 cap_fe=0 cap_fver=0 cap_frootid=0OUID="root" OGID="root"
type=PATH msg=audit(1768183333.746:1982): item=1 name="/lib64/ld-linux-x86-64.so.2" inode=1481429 dev=08:02 mode=0100755 ouid=0 ogid=0 rdev=00:00 nametype=NORMAL cap_fp=0 cap_fi=0 cap_fe=0 cap_fver=0 cap_frootid=0OUID="root" OGID="root"
type=PROCTITLE msg=audit(1768183333.746:1982): proctitle=7461696C002D3230
type=SYSCALL msg=audit(1768183333.746:1983): arch=c000003e syscall=59 success=yes exit=0 a0=5c666e18c030 a1=5c666e18bb30 a2=5c666e045cc0 a3=8 items=2 ppid=1426 pid=1480 auid=1000 uid=0 gid=0 euid=0 suid=0 fsuid=0 egid=0 sgid=0 fsgid=0 tty=pts1 ses=3 comm="cat" exe="/usr/bin/cat" subj=unconfined key="T1078_Valid_Accounts"ARCH=x86_64 SYSCALL=execve AUID="vboxuser" UID="root" GID="root" EUID="root" SUID="root" FSUID="root" EGID="root" SGID="root" FSGID="root"
type=EXECVE msg=audit(1768183333.746:1983): argc=2 a0="cat" a1="/var/log/apache2/nextcloud.local-access.log"
type=PATH msg=audit(1768183333.746:1983): item=0 name="/usr/bin/cat" inode=1442301 dev=08:02 mode=0100755 ouid=0 ogid=0 rdev=00:00 nametype=NORMAL cap_fp=0 cap_fi=0 cap_fe=0 cap_fver=0 cap_frootid=0OUID="root" OGID="root"
type=PATH msg=audit(1768183333.746:1983): item=1 name="/lib64/ld-linux-x86-64.so.2" inode=1481429 dev=08:02 mode=0100755 ouid=0 ogid=0 rdev=00:00 nametype=NORMAL cap_fp=0 cap_fi=0 cap_fe=0 cap_fver=0 cap_frootid=0OUID="root" OGID="root"
type=PROCTITLE msg=audit(1768183333.746:1983): proctitle=636174002F7661722F6C6F672F617061636865322F6E657874636C6F75642E6C6F63616C2D6163636573732E6C6F67
type=SYSCALL msg=audit(1768183343.433:1984): arch=c000003e syscall=59 success=yes exit=0 a0=5c666e18c1f0 a1=5c666e18c2a0 a2=5c666e045cc0 a3=1 items=2 ppid=1426 pid=1483 auid=1000 uid=0 gid=0 euid=0 suid=0 fsuid=0 egid=0 sgid=0 fsgid=0 tty=pts1 ses=3 comm="grep" exe="/usr/bin/grep" subj=unconfined key="T1078_Valid_Accounts"ARCH=x86_64 SYSCALL=execve AUID="vboxuser" UID="root" GID="root" EUID="root" SUID="root" FSUID="root" EGID="root" SGID="root" FSGID="root"
type=EXECVE msg=audit(1768183343.433:1984): argc=4 a0="grep" a1="--color=auto" a2="-i" a3="DocumentRoot"
type=PATH msg=audit(1768183343.433:1984): item=0 name="/usr/bin/grep" inode=1442450 dev=08:02 mode=0100755 ouid=0 ogid=0 rdev=00:00 nametype=NORMAL cap_fp=0 cap_fi=0 cap_fe=0 cap_fver=0 cap_frootid=0OUID="root" OGID="root"
type=PATH msg=audit(1768183343.433:1984): item=1 name="/lib64/ld-linux-x86-64.so.2" inode=1481429 dev=08:02 mode=0100755 ouid=0 ogid=0 rdev=00:00 nametype=NORMAL cap_fp=0 cap_fi=0 cap_fe=0 cap_fver=0 cap_frootid=0OUID="root" OGID="root"
type=PROCTITLE msg=audit(1768183343.433:1984): proctitle=67726570002D2D636F6C6F723D6175746F002D6900446F63756D656E74526F6F74
type=SYSCALL msg=audit(1768183343.452:1985): arch=c000003e syscall=59 success=yes exit=0 a0=5c666e18c0e0 a1=5c666e18bb30 a2=5c666e045cc0 a3=8 items=2 ppid=1426 pid=1482 auid=1000 uid=0 gid=0 euid=0 suid=0 fsuid=0 egid=0 sgid=0 fsgid=0 tty=pts1 ses=3 comm="cat" exe="/usr/bin/cat" subj=unconfined key="T1078_Valid_Accounts"ARCH=x86_64 SYSCALL=execve AUID="vboxuser" UID="root" GID="root" EUID="root" SUID="root" FSUID="root" EGID="root" SGID="root" FSGID="root"
type=EXECVE msg=audit(1768183343.452:1985): argc=2 a0="cat" a1="/etc/apache2/apache2.conf"
type=PATH msg=audit(1768183343.452:1985): item=0 name="/usr/bin/cat" inode=1442301 dev=08:02 mode=0100755 ouid=0 ogid=0 rdev=00:00 nametype=NORMAL cap_fp=0 cap_fi=0 cap_fe=0 cap_fver=0 cap_frootid=0OUID="root" OGID="root"
type=PATH msg=audit(1768183343.452:1985): item=1 name="/lib64/ld-linux-x86-64.so.2" inode=1481429 dev=08:02 mode=0100755 ouid=0 ogid=0 rdev=00:00 nametype=NORMAL cap_fp=0 cap_fi=0 cap_fe=0 cap_fver=0 cap_frootid=0OUID="root" OGID="root"
type=PROCTITLE msg=audit(1768183343.452:1985): proctitle=636174002F6574632F617061636865322F617061636865322E636F6E66
type=SYSCALL msg=audit(1768183351.944:1986): arch=c000003e syscall=59 success=yes exit=0 a0=5c666e18c030 a1=5c666e18bb30 a2=5c666e045cc0 a3=5c666e18bb30 items=2 ppid=1426 pid=1484 auid=1000 uid=0 gid=0 euid=0 suid=0 fsuid=0 egid=0 sgid=0 fsgid=0 tty=pts1 ses=3 comm="cat" exe="/usr/bin/cat" subj=unconfined key="T1078_Valid_Accounts"ARCH=x86_64 SYSCALL=execve AUID="vboxuser" UID="root" GID="root" EUID="root" SUID="root" FSUID="root" EGID="root" SGID="root" FSGID="root"
type=EXECVE msg=audit(1768183351.944:1986): argc=2 a0="cat" a1="/etc/apache2/sites-enabled/nextcloud.conf"
type=PATH msg=audit(1768183351.944:1986): item=0 name="/usr/bin/cat" inode=1442301 dev=08:02 mode=0100755 ouid=0 ogid=0 rdev=00:00 nametype=NORMAL cap_fp=0 cap_fi=0 cap_fe=0 cap_fver=0 cap_frootid=0OUID="root" OGID="root"
type=PATH msg=audit(1768183351.944:1986): item=1 name="/lib64/ld-linux-x86-64.so.2" inode=1481429 dev=08:02 mode=0100755 ouid=0 ogid=0 rdev=00:00 nametype=NORMAL cap_fp=0 cap_fi=0 cap_fe=0 cap_fver=0 cap_frootid=0OUID="root" OGID="root"
type=PROCTITLE msg=audit(1768183351.944:1986): proctitle=636174002F6574632F617061636865322F73697465732D656E61626C65642F6E657874636C6F75642E636F6E66
type=SYSCALL msg=audit(1768183363.384:1987): arch=c000003e syscall=59 success=yes exit=0 a0=5c666e18c350 a1=5c666e18b640 a2=5c666e045cc0 a3=5c666e01c9d0 items=2 ppid=1426 pid=1485 auid=1000 uid=0 gid=0 euid=0 suid=0 fsuid=0 egid=0 sgid=0 fsgid=0 tty=pts1 ses=3 comm="grep" exe="/usr/bin/grep" subj=unconfined key="T1078_Valid_Accounts"ARCH=x86_64 SYSCALL=execve AUID="vboxuser" UID="root" GID="root" EUID="root" SUID="root" FSUID="root" EGID="root" SGID="root" FSGID="root"
type=EXECVE msg=audit(1768183363.384:1987): argc=5 a0="grep" a1="--color=auto" a2="-i" a3="DocumentRoot" a4="/etc/apache2/sites-enabled/nextcloud.conf"
type=PATH msg=audit(1768183363.384:1987): item=0 name="/usr/bin/grep" inode=1442450 dev=08:02 mode=0100755 ouid=0 ogid=0 rdev=00:00 nametype=NORMAL cap_fp=0 cap_fi=0 cap_fe=0 cap_fver=0 cap_frootid=0OUID="root" OGID="root"
type=PATH msg=audit(1768183363.384:1987): item=1 name="/lib64/ld-linux-x86-64.so.2" inode=1481429 dev=08:02 mode=0100755 ouid=0 ogid=0 rdev=00:00 nametype=NORMAL cap_fp=0 cap_fi=0 cap_fe=0 cap_fver=0 cap_frootid=0OUID="root" OGID="root"
type=PROCTITLE msg=audit(1768183363.384:1987): proctitle=67726570002D2D636F6C6F723D6175746F002D6900446F63756D656E74526F6F74002F6574632F617061636865322F73697465732D656E61626C65642F6E657874636C6F75642E636F6E66
type=SYSCALL msg=audit(1768183378.779:1988): arch=c000003e syscall=59 success=yes exit=0 a0=5c666e124e70 a1=5c666e18bc30 a2=5c666e045cc0 a3=5c666e18c4b0 items=2 ppid=1426 pid=1486 auid=1000 uid=0 gid=0 euid=0 suid=0 fsuid=0 egid=0 sgid=0 fsgid=0 tty=pts1 ses=3 comm="sudo" exe="/usr/bin/sudo" subj=unconfined key="T1078_Valid_Accounts"ARCH=x86_64 SYSCALL=execve AUID="vboxuser" UID="root" GID="root" EUID="root" SUID="root" FSUID="root" EGID="root" SGID="root" FSGID="root"
type=EXECVE msg=audit(1768183378.779:1988): argc=3 a0="sudo" a1="vim" a2="/etc/apache2/sites-enabled/nextcloud.conf"
type=PATH msg=audit(1768183378.779:1988): item=0 name="/usr/bin/sudo" inode=1450157 dev=08:02 mode=0104755 ouid=0 ogid=0 rdev=00:00 nametype=NORMAL cap_fp=0 cap_fi=0 cap_fe=0 cap_fver=0 cap_frootid=0OUID="root" OGID="root"
type=PATH msg=audit(1768183378.779:1988): item=1 name="/lib64/ld-linux-x86-64.so.2" inode=1481429 dev=08:02 mode=0100755 ouid=0 ogid=0 rdev=00:00 nametype=NORMAL cap_fp=0 cap_fi=0 cap_fe=0 cap_fver=0 cap_frootid=0OUID="root" OGID="root"
type=PROCTITLE msg=audit(1768183378.779:1988): proctitle=7375646F0076696D002F6574632F617061636865322F73697465732D656E61626C65642F6E657874636C6F75642E636F6E66
type=SYSCALL msg=audit(1768183378.804:1989): arch=c000003e syscall=257 success=yes exit=5 a0=ffffff9c a1=7ffdb163a800 a2=800 a3=0 items=1 ppid=1426 pid=1486 auid=1000 uid=0 gid=0 euid=1 suid=0 fsuid=1 egid=0 sgid=0 fsgid=0 tty=pts1 ses=3 comm="sudo" exe="/usr/bin/sudo" subj=unconfined key="T1169_Sudo"ARCH=x86_64 SYSCALL=openat AUID="vboxuser" UID="root" GID="root" EUID="daemon" SUID="root" FSUID="daemon" EGID="root" SGID="root" FSGID="root"
type=PATH msg=audit(1768183378.804:1989): item=0 name="/etc/sudoers" inode=1049318 dev=08:02 mode=0100440 ouid=0 ogid=0 rdev=00:00 nametype=NORMAL cap_fp=0 cap_fi=0 cap_fe=0 cap_fver=0 cap_frootid=0OUID="root" OGID="root"
type=PROCTITLE msg=audit(1768183378.804:1989): proctitle=7375646F0076696D002F6574632F617061636865322F73697465732D656E61626C65642F6E657874636C6F75642E636F6E66
type=SYSCALL msg=audit(1768183378.804:1990): arch=c000003e syscall=42 success=yes exit=0 a0=6 a1=792f3ba0b694 a2=10 a3=7ffdb1638da4 items=0 ppid=1426 pid=1486 auid=1000 uid=0 gid=0 euid=0 suid=0 fsuid=0 egid=0 sgid=0 fsgid=0 tty=pts1 ses=3 comm="sudo" exe="/usr/bin/sudo" subj=unconfined key="T1043_Commonly_Used_Port"ARCH=x86_64 SYSCALL=connect AUID="vboxuser" UID="root" GID="root" EUID="root" SUID="root" FSUID="root" EGID="root" SGID="root" FSGID="root"
type=SOCKADDR msg=audit(1768183378.804:1990): saddr=020000357F0000350000000000000000SADDR={ saddr_fam=inet laddr=127.0.0.53 lport=53 }
type=PROCTITLE msg=audit(1768183378.804:1990): proctitle=7375646F0076696D002F6574632F617061636865322F73697465732D656E61626C65642F6E657874636C6F75642E636F6E66
type=SYSCALL msg=audit(1768183378.865:1991): arch=c000003e syscall=42 success=yes exit=0 a0=6 a1=792f3ba0b694 a2=10 a3=7ffdb1638da4 items=0 ppid=1426 pid=1486 auid=1000 uid=0 gid=0 euid=0 suid=0 fsuid=0 egid=0 sgid=0 fsgid=0 tty=pts1 ses=3 comm="sudo" exe="/usr/bin/sudo" subj=unconfined key="T1043_Commonly_Used_Port"ARCH=x86_64 SYSCALL=connect AUID="vboxuser" UID="root" GID="root" EUID="root" SUID="root" FSUID="root" EGID="root" SGID="root" FSGID="root"
type=SOCKADDR msg=audit(1768183378.865:1991): saddr=020000357F0000350000000000000000SADDR={ saddr_fam=inet laddr=127.0.0.53 lport=53 }
type=PROCTITLE msg=audit(1768183378.865:1991): proctitle=7375646F0076696D002F6574632F617061636865322F73697465732D656E61626C65642F6E657874636C6F75642E636F6E66
type=SYSCALL msg=audit(1768183378.865:1992): arch=c000003e syscall=42 success=yes exit=0 a0=6 a1=60c84c503740 a2=10 a3=0 items=0 ppid=1426 pid=1486 auid=1000 uid=0 gid=0 euid=0 suid=0 fsuid=0 egid=0 sgid=0 fsgid=0 tty=pts1 ses=3 comm="sudo" exe="/usr/bin/sudo" subj=unconfined key="T1043_Commonly_Used_Port"ARCH=x86_64 SYSCALL=connect AUID="vboxuser" UID="root" GID="root" EUID="root" SUID="root" FSUID="root" EGID="root" SGID="root" FSGID="root"
type=SOCKADDR msg=audit(1768183378.865:1992): saddr=020000000A00020F0000000000000000SADDR={ saddr_fam=inet laddr=10.0.2.15 lport=0 }
type=PROCTITLE msg=audit(1768183378.865:1992): proctitle=7375646F0076696D002F6574632F617061636865322F73697465732D656E61626C65642F6E657874636C6F75642E636F6E66
type=SYSCALL msg=audit(1768183378.865:1993): arch=c000003e syscall=42 success=yes exit=0 a0=6 a1=7ffdb163ac90 a2=10 a3=0 items=0 ppid=1426 pid=1486 auid=1000 uid=0 gid=0 euid=0 suid=0 fsuid=0 egid=0 sgid=0 fsgid=0 tty=pts1 ses=3 comm="sudo" exe="/usr/bin/sudo" subj=unconfined key="T1043_Commonly_Used_Port"ARCH=x86_64 SYSCALL=connect AUID="vboxuser" UID="root" GID="root" EUID="root" SUID="root" FSUID="root" EGID="root" SGID="root" FSGID="root"
type=SOCKADDR msg=audit(1768183378.865:1993): saddr=00000000000000000000000000000000SADDR=unknown-family(0)
type=PROCTITLE msg=audit(1768183378.865:1993): proctitle=7375646F0076696D002F6574632F617061636865322F73697465732D656E61626C65642F6E657874636C6F75642E636F6E66
type=SYSCALL msg=audit(1768183378.867:1994): arch=c000003e syscall=42 success=yes exit=0 a0=6 a1=60c84c502910 a2=10 a3=0 items=0 ppid=1426 pid=1486 auid=1000 uid=0 gid=0 euid=0 suid=0 fsuid=0 egid=0 sgid=0 fsgid=0 tty=pts1 ses=3 comm="sudo" exe="/usr/bin/sudo" subj=unconfined key="T1043_Commonly_Used_Port"ARCH=x86_64 SYSCALL=connect AUID="vboxuser" UID="root" GID="root" EUID="root" SUID="root" FSUID="root" EGID="root" SGID="root" FSGID="root"
type=SOCKADDR msg=audit(1768183378.867:1994): saddr=02000000C0A8386B0000000000000000SADDR={ saddr_fam=inet laddr=192.168.56.107 lport=0 }
type=PROCTITLE msg=audit(1768183378.867:1994): proctitle=7375646F0076696D002F6574632F617061636865322F73697465732D656E61626C65642F6E657874636C6F75642E636F6E66
type=SYSCALL msg=audit(1768183378.867:1995): arch=c000003e syscall=42 success=yes exit=0 a0=6 a1=60c84c502a00 a2=1c a3=0 items=0 ppid=1426 pid=1486 auid=1000 uid=0 gid=0 euid=0 suid=0 fsuid=0 egid=0 sgid=0 fsgid=0 tty=pts1 ses=3 comm="sudo" exe="/usr/bin/sudo" subj=unconfined key="T1043_Commonly_Used_Port"ARCH=x86_64 SYSCALL=connect AUID="vboxuser" UID="root" GID="root" EUID="root" SUID="root" FSUID="root" EGID="root" SGID="root" FSGID="root"
type=SOCKADDR msg=audit(1768183378.867:1995): saddr=0A00000000000000FD17625CF03700020A0027FFFE3F373900000000SADDR={ saddr_fam=inet6 laddr=fd17:625c:f037:2:a00:27ff:fe3f:3739 lport=0 }
type=PROCTITLE msg=audit(1768183378.867:1995): proctitle=7375646F0076696D002F6574632F617061636865322F73697465732D656E61626C65642F6E657874636C6F75642E636F6E66
type=SYSCALL msg=audit(1768183378.867:1996): arch=c000003e syscall=42 success=yes exit=0 a0=6 a1=7ffdb163ac90 a2=10 a3=0 items=0 ppid=1426 pid=1486 auid=1000 uid=0 gid=0 euid=0 suid=0 fsuid=0 egid=0 sgid=0 fsgid=0 tty=pts1 ses=3 comm="sudo" exe="/usr/bin/sudo" subj=unconfined key="T1043_Commonly_Used_Port"ARCH=x86_64 SYSCALL=connect AUID="vboxuser" UID="root" GID="root" EUID="root" SUID="root" FSUID="root" EGID="root" SGID="root" FSGID="root"
type=SOCKADDR msg=audit(1768183378.867:1996): saddr=00000000000000000000000000000000SADDR=unknown-family(0)
type=PROCTITLE msg=audit(1768183378.867:1996): proctitle=7375646F0076696D002F6574632F617061636865322F73697465732D656E61626C65642F6E657874636C6F75642E636F6E66
type=SYSCALL msg=audit(1768183378.867:1997): arch=c000003e syscall=42 success=no exit=-22 a0=6 a1=60c84c502b20 a2=1c a3=0 items=0 ppid=1426 pid=1486 auid=1000 uid=0 gid=0 euid=0 suid=0 fsuid=0 egid=0 sgid=0 fsgid=0 tty=pts1 ses=3 comm="sudo" exe="/usr/bin/sudo" subj=unconfined key="T1043_Commonly_Used_Port"ARCH=x86_64 SYSCALL=connect AUID="vboxuser" UID="root" GID="root" EUID="root" SUID="root" FSUID="root" EGID="root" SGID="root" FSGID="root"
type=SOCKADDR msg=audit(1768183378.867:1997): saddr=0A00000000000000FE800000000000000A0027FFFE3F373900000000SADDR={ saddr_fam=inet6 laddr=fe80::a00:27ff:fe3f:3739 lport=0 }
type=PROCTITLE msg=audit(1768183378.867:1997): proctitle=7375646F0076696D002F6574632F617061636865322F73697465732D656E61626C65642F6E657874636C6F75642E636F6E66
type=SYSCALL msg=audit(1768183378.867:1998): arch=c000003e syscall=42 success=yes exit=0 a0=6 a1=7ffdb163ac90 a2=10 a3=0 items=0 ppid=1426 pid=1486 auid=1000 uid=0 gid=0 euid=0 suid=0 fsuid=0 egid=0 sgid=0 fsgid=0 tty=pts1 ses=3 comm="sudo" exe="/usr/bin/sudo" subj=unconfined key="T1043_Commonly_Used_Port"ARCH=x86_64 SYSCALL=connect AUID="vboxuser" UID="root" GID="root" EUID="root" SUID="root" FSUID="root" EGID="root" SGID="root" FSGID="root"
type=SOCKADDR msg=audit(1768183378.867:1998): saddr=00000000000000000000000000000000SADDR=unknown-family(0)
type=PROCTITLE msg=audit(1768183378.867:1998): proctitle=7375646F0076696D002F6574632F617061636865322F73697465732D656E61626C65642F6E657874636C6F75642E636F6E66
type=SYSCALL msg=audit(1768183378.867:1999): arch=c000003e syscall=42 success=no exit=-22 a0=6 a1=60c84c502c40 a2=1c a3=0 items=0 ppid=1426 pid=1486 auid=1000 uid=0 gid=0 euid=0 suid=0 fsuid=0 egid=0 sgid=0 fsgid=0 tty=pts1 ses=3 comm="sudo" exe="/usr/bin/sudo" subj=unconfined key="T1043_Commonly_Used_Port"ARCH=x86_64 SYSCALL=connect AUID="vboxuser" UID="root" GID="root" EUID="root" SUID="root" FSUID="root" EGID="root" SGID="root" FSGID="root"
type=SOCKADDR msg=audit(1768183378.867:1999): saddr=0A00000000000000FE800000000000000A0027FFFE270D1D00000000SADDR={ saddr_fam=inet6 laddr=fe80::a00:27ff:fe27:d1d lport=0 }
type=PROCTITLE msg=audit(1768183378.867:1999): proctitle=7375646F0076696D002F6574632F617061636865322F73697465732D656E61626C65642F6E657874636C6F75642E636F6E66
type=SYSCALL msg=audit(1768183378.875:2000): arch=c000003e syscall=257 success=yes exit=6 a0=ffffff9c a1=792f3b9cf347 a2=80000 a3=0 items=1 ppid=1426 pid=1486 auid=1000 uid=0 gid=0 euid=0 suid=0 fsuid=0 egid=0 sgid=0 fsgid=0 tty=pts1 ses=3 comm="sudo" exe="/usr/bin/sudo" subj=unconfined key="T1087_Account_Discovery"ARCH=x86_64 SYSCALL=openat AUID="vboxuser" UID="root" GID="root" EUID="root" SUID="root" FSUID="root" EGID="root" SGID="root" FSGID="root"
type=PATH msg=audit(1768183378.875:2000): item=0 name="/etc/shadow" inode=1050300 dev=08:02 mode=0100640 ouid=0 ogid=42 rdev=00:00 nametype=NORMAL cap_fp=0 cap_fi=0 cap_fe=0 cap_fver=0 cap_frootid=0OUID="root" OGID="shadow"
type=PROCTITLE msg=audit(1768183378.875:2000): proctitle=7375646F0076696D002F6574632F617061636865322F73697465732D656E61626C65642F6E657874636C6F75642E636F6E66
type=USER_ACCT msg=audit(1768183378.876:2001): pid=1486 uid=0 auid=1000 ses=3 subj=unconfined msg='op=PAM:accounting grantors=pam_permit acct="root" exe="/usr/bin/sudo" hostname=? addr=? terminal=/dev/pts/1 res=success'UID="root" AUID="vboxuser"
type=SYSCALL msg=audit(1768183378.877:2002): arch=c000003e syscall=42 success=yes exit=0 a0=7 a1=7ffdb163b190 a2=2d a3=60c84c50e0b0 items=1 ppid=1426 pid=1486 auid=1000 uid=0 gid=0 euid=0 suid=0 fsuid=0 egid=0 sgid=0 fsgid=0 tty=pts1 ses=3 comm="sudo" exe="/usr/bin/sudo" subj=unconfined key="T1043_Commonly_Used_Port"ARCH=x86_64 SYSCALL=connect AUID="vboxuser" UID="root" GID="root" EUID="root" SUID="root" FSUID="root" EGID="root" SGID="root" FSGID="root"
type=SOCKADDR msg=audit(1768183378.877:2002): saddr=01002F72756E2F73797374656D642F7573657264622F696F2E73797374656D642E44796E616D69635573657200SADDR={ saddr_fam=local path=/run/systemd/userdb/io.systemd.DynamicUser }
type=PATH msg=audit(1768183378.877:2002): item=0 name="/run/systemd/userdb/io.systemd.DynamicUser" inode=443 dev=00:18 mode=0140666 ouid=0 ogid=0 rdev=00:00 nametype=NORMAL cap_fp=0 cap_fi=0 cap_fe=0 cap_fver=0 cap_frootid=0OUID="root" OGID="root"
type=PROCTITLE msg=audit(1768183378.877:2002): proctitle=7375646F0076696D002F6574632F617061636865322F73697465732D656E61626C65642F6E657874636C6F75642E636F6E66
type=USER_CMD msg=audit(1768183378.881:2003): pid=1486 uid=0 auid=1000 ses=3 subj=unconfined msg='cwd="/root" cmd=76696D202F6574632F617061636865322F73697465732D656E61626C65642F6E657874636C6F75642E636F6E66 exe="/usr/bin/sudo" terminal=pts/1 res=success'UID="root" AUID="vboxuser"
type=SYSCALL msg=audit(1768183378.883:2004): arch=c000003e syscall=92 success=yes exit=0 a0=7ffdb163a540 a1=0 a2=5 a3=0 items=1 ppid=1426 pid=1486 auid=1000 uid=0 gid=0 euid=0 suid=0 fsuid=0 egid=0 sgid=0 fsgid=0 tty=pts1 ses=3 comm="sudo" exe="/usr/bin/sudo" subj=unconfined key="T1166_Seuid_and_Setgid"ARCH=x86_64 SYSCALL=chown AUID="vboxuser" UID="root" GID="root" EUID="root" SUID="root" FSUID="root" EGID="root" SGID="root" FSGID="root"
type=PATH msg=audit(1768183378.883:2004): item=0 name="/dev/pts/2" inode=5 dev=00:17 mode=020620 ouid=0 ogid=5 rdev=88:02 nametype=NORMAL cap_fp=0 cap_fi=0 cap_fe=0 cap_fver=0 cap_frootid=0OUID="root" OGID="tty"
type=PROCTITLE msg=audit(1768183378.883:2004): proctitle=7375646F0076696D002F6574632F617061636865322F73697465732D656E61626C65642F6E657874636C6F75642E636F6E66
type=SYSCALL msg=audit(1768183378.883:2005): arch=c000003e syscall=257 success=yes exit=12 a0=ffffff9c a1=792f3b9d46b0 a2=80002 a3=0 items=1 ppid=1426 pid=1486 auid=1000 uid=0 gid=0 euid=0 suid=0 fsuid=0 egid=0 sgid=0 fsgid=0 tty=pts1 ses=3 comm="sudo" exe="/usr/bin/sudo" subj=unconfined key="T1108_Redundant_Access"ARCH=x86_64 SYSCALL=openat AUID="vboxuser" UID="root" GID="root" EUID="root" SUID="root" FSUID="root" EGID="root" SGID="root" FSGID="root"
type=PATH msg=audit(1768183378.883:2005): item=0 name="/var/run/utmp" inode=622 dev=00:18 mode=0100664 ouid=0 ogid=43 rdev=00:00 nametype=NORMAL cap_fp=0 cap_fi=0 cap_fe=0 cap_fver=0 cap_frootid=0OUID="root" OGID="utmp"
type=PROCTITLE msg=audit(1768183378.883:2005): proctitle=7375646F0076696D002F6574632F617061636865322F73697465732D656E61626C65642F6E657874636C6F75642E636F6E66
type=SYSCALL msg=audit(1768183378.883:2006): arch=c000003e syscall=106 success=yes exit=0 a0=0 a1=0 a2=1026105 a3=792f3ba3ef60 items=0 ppid=1426 pid=1486 auid=1000 uid=0 gid=0 euid=0 suid=0 fsuid=0 egid=0 sgid=0 fsgid=0 tty=pts1 ses=3 comm="sudo" exe="/usr/bin/sudo" subj=unconfined key="T1166_Seuid_and_Setgid"ARCH=x86_64 SYSCALL=setgid AUID="vboxuser" UID="root" GID="root" EUID="root" SUID="root" FSUID="root" EGID="root" SGID="root" FSGID="root"
type=PROCTITLE msg=audit(1768183378.883:2006): proctitle=7375646F0076696D002F6574632F617061636865322F73697465732D656E61626C65642F6E657874636C6F75642E636F6E66
type=CRED_REFR msg=audit(1768183378.885:2007): pid=1486 uid=0 auid=1000 ses=3 subj=unconfined msg='op=PAM:setcred grantors=pam_permit,pam_cap acct="root" exe="/usr/bin/sudo" hostname=? addr=? terminal=/dev/pts/1 res=success'UID="root" AUID="vboxuser"
type=USER_START msg=audit(1768183378.885:2008): pid=1486 uid=0 auid=1000 ses=3 subj=unconfined msg='op=PAM:session_open grantors=pam_limits,pam_env,pam_env,pam_permit,pam_umask,pam_unix acct="root" exe="/usr/bin/sudo" hostname=? addr=? terminal=/dev/pts/1 res=success'UID="root" AUID="vboxuser"
type=SYSCALL msg=audit(1768183378.891:2009): arch=c000003e syscall=59 success=yes exit=0 a0=60c84c4f3ae8 a1=60c84c5035e0 a2=60c84c592950 a3=64 items=2 ppid=1487 pid=1488 auid=1000 uid=0 gid=0 euid=0 suid=0 fsuid=0 egid=0 sgid=0 fsgid=0 tty=pts2 ses=3 comm="vim" exe="/usr/bin/vim.basic" subj=unconfined key="T1078_Valid_Accounts"ARCH=x86_64 SYSCALL=execve AUID="vboxuser" UID="root" GID="root" EUID="root" SUID="root" FSUID="root" EGID="root" SGID="root" FSGID="root"
type=EXECVE msg=audit(1768183378.891:2009): argc=2 a0="vim" a1="/etc/apache2/sites-enabled/nextcloud.conf"
type=PATH msg=audit(1768183378.891:2009): item=0 name="/usr/bin/vim" inode=1483710 dev=08:02 mode=0100755 ouid=0 ogid=0 rdev=00:00 nametype=NORMAL cap_fp=0 cap_fi=0 cap_fe=0 cap_fver=0 cap_frootid=0OUID="root" OGID="root"
type=PATH msg=audit(1768183378.891:2009): item=1 name="/lib64/ld-linux-x86-64.so.2" inode=1481429 dev=08:02 mode=0100755 ouid=0 ogid=0 rdev=00:00 nametype=NORMAL cap_fp=0 cap_fi=0 cap_fe=0 cap_fver=0 cap_frootid=0OUID="root" OGID="root"
type=PROCTITLE msg=audit(1768183378.891:2009): proctitle=76696D002F6574632F617061636865322F73697465732D656E61626C65642F6E657874636C6F75642E636F6E66
type=SYSCALL msg=audit(1768183379.031:2010): arch=c000003e syscall=87 success=yes exit=0 a0=5a7bd4e2e580 a1=7ffc998e53a0 a2=5 a3=180 items=2 ppid=1487 pid=1488 auid=1000 uid=0 gid=0 euid=0 suid=0 fsuid=0 egid=0 sgid=0 fsgid=0 tty=pts2 ses=3 comm="vim" exe="/usr/bin/vim.basic" subj=unconfined key="T1107_File_Deletion"ARCH=x86_64 SYSCALL=unlink AUID="vboxuser" UID="root" GID="root" EUID="root" SUID="root" FSUID="root" EGID="root" SGID="root" FSGID="root"
type=PATH msg=audit(1768183379.031:2010): item=0 name="/etc/apache2/sites-enabled/" inode=1050472 dev=08:02 mode=040755 ouid=0 ogid=0 rdev=00:00 nametype=PARENT cap_fp=0 cap_fi=0 cap_fe=0 cap_fver=0 cap_frootid=0OUID="root" OGID="root"
type=PATH msg=audit(1768183379.031:2010): item=1 name="/etc/apache2/sites-enabled/.nextcloud.conf.swx" inode=1051135 dev=08:02 mode=0100600 ouid=0 ogid=0 rdev=00:00 nametype=DELETE cap_fp=0 cap_fi=0 cap_fe=0 cap_fver=0 cap_frootid=0OUID="root" OGID="root"
type=PROCTITLE msg=audit(1768183379.031:2010): proctitle=76696D002F6574632F617061636865322F73697465732D656E61626C65642F6E657874636C6F75642E636F6E66
type=SYSCALL msg=audit(1768183379.031:2011): arch=c000003e syscall=87 success=yes exit=0 a0=5a7bd4e2e5c0 a1=7ffc998e53a0 a2=5 a3=180 items=2 ppid=1487 pid=1488 auid=1000 uid=0 gid=0 euid=0 suid=0 fsuid=0 egid=0 sgid=0 fsgid=0 tty=pts2 ses=3 comm="vim" exe="/usr/bin/vim.basic" subj=unconfined key="T1107_File_Deletion"ARCH=x86_64 SYSCALL=unlink AUID="vboxuser" UID="root" GID="root" EUID="root" SUID="root" FSUID="root" EGID="root" SGID="root" FSGID="root"
type=PATH msg=audit(1768183379.031:2011): item=0 name="/etc/apache2/sites-enabled/" inode=1050472 dev=08:02 mode=040755 ouid=0 ogid=0 rdev=00:00 nametype=PARENT cap_fp=0 cap_fi=0 cap_fe=0 cap_fver=0 cap_frootid=0OUID="root" OGID="root"
type=PATH msg=audit(1768183379.031:2011): item=1 name="/etc/apache2/sites-enabled/.nextcloud.conf.swp" inode=1051118 dev=08:02 mode=0100600 ouid=0 ogid=0 rdev=00:00 nametype=DELETE cap_fp=0 cap_fi=0 cap_fe=0 cap_fver=0 cap_frootid=0OUID="root" OGID="root"
type=PROCTITLE msg=audit(1768183379.031:2011): proctitle=76696D002F6574632F617061636865322F73697465732D656E61626C65642F6E657874636C6F75642E636F6E66
type=SYSCALL msg=audit(1768183379.031:2012): arch=c000003e syscall=90 success=yes exit=0 a0=5a7bd4e2e5c0 a1=1a4 a2=0 a3=5a7bcd216c60 items=1 ppid=1487 pid=1488 auid=1000 uid=0 gid=0 euid=0 suid=0 fsuid=0 egid=0 sgid=0 fsgid=0 tty=pts2 ses=3 comm="vim" exe="/usr/bin/vim.basic" subj=unconfined key="T1166_Seuid_and_Setgid"ARCH=x86_64 SYSCALL=chmod AUID="vboxuser" UID="root" GID="root" EUID="root" SUID="root" FSUID="root" EGID="root" SGID="root" FSGID="root"
type=PATH msg=audit(1768183379.031:2012): item=0 name="/etc/apache2/sites-enabled/.nextcloud.conf.swp" inode=1051118 dev=08:02 mode=0100600 ouid=0 ogid=0 rdev=00:00 nametype=NORMAL cap_fp=0 cap_fi=0 cap_fe=0 cap_fver=0 cap_frootid=0OUID="root" OGID="root"
type=PROCTITLE msg=audit(1768183379.031:2012): proctitle=76696D002F6574632F617061636865322F73697465732D656E61626C65642F6E657874636C6F75642E636F6E66
type=SYSCALL msg=audit(1768183383.569:2013): arch=c000003e syscall=93 success=yes exit=0 a0=3 a1=0 a2=0 a3=81a4 items=1 ppid=1487 pid=1488 auid=1000 uid=0 gid=0 euid=0 suid=0 fsuid=0 egid=0 sgid=0 fsgid=0 tty=pts2 ses=3 comm="vim" exe="/usr/bin/vim.basic" subj=unconfined key="T1166_Seuid_and_Setgid"ARCH=x86_64 SYSCALL=fchown AUID="vboxuser" UID="root" GID="root" EUID="root" SUID="root" FSUID="root" EGID="root" SGID="root" FSGID="root"
type=PATH msg=audit(1768183383.569:2013): item=0 name=(null) inode=1051135 dev=08:02 mode=0100644 ouid=0 ogid=0 rdev=00:00 nametype=NORMAL cap_fp=0 cap_fi=0 cap_fe=0 cap_fver=0 cap_frootid=0OUID="root" OGID="root"
type=PROCTITLE msg=audit(1768183383.569:2013): proctitle=76696D002F6574632F617061636865322F73697465732D656E61626C65642F6E657874636C6F75642E636F6E66
type=SYSCALL msg=audit(1768183383.569:2014): arch=c000003e syscall=87 success=yes exit=0 a0=5a7bd4afa420 a1=0 a2=0 a3=0 items=2 ppid=1487 pid=1488 auid=1000 uid=0 gid=0 euid=0 suid=0 fsuid=0 egid=0 sgid=0 fsgid=0 tty=pts2 ses=3 comm="vim" exe="/usr/bin/vim.basic" subj=unconfined key="T1107_File_Deletion"ARCH=x86_64 SYSCALL=unlink AUID="vboxuser" UID="root" GID="root" EUID="root" SUID="root" FSUID="root" EGID="root" SGID="root" FSGID="root"
type=PATH msg=audit(1768183383.569:2014): item=0 name="/etc/apache2/sites-enabled/" inode=1050472 dev=08:02 mode=040755 ouid=0 ogid=0 rdev=00:00 nametype=PARENT cap_fp=0 cap_fi=0 cap_fe=0 cap_fver=0 cap_frootid=0OUID="root" OGID="root"
type=PATH msg=audit(1768183383.569:2014): item=1 name="/etc/apache2/sites-enabled/4913" inode=1051135 dev=08:02 mode=0100644 ouid=0 ogid=0 rdev=00:00 nametype=DELETE cap_fp=0 cap_fi=0 cap_fe=0 cap_fver=0 cap_frootid=0OUID="root" OGID="root"
type=PROCTITLE msg=audit(1768183383.569:2014): proctitle=76696D002F6574632F617061636865322F73697465732D656E61626C65642F6E657874636C6F75642E636F6E66
type=SYSCALL msg=audit(1768183383.569:2015): arch=c000003e syscall=87 success=no exit=-2 a0=5a7bd4e3d1c0 a1=5a7bd4e3d1c0 a2=fffffffffffffc58 a3=0 items=1 ppid=1487 pid=1488 auid=1000 uid=0 gid=0 euid=0 suid=0 fsuid=0 egid=0 sgid=0 fsgid=0 tty=pts2 ses=3 comm="vim" exe="/usr/bin/vim.basic" subj=unconfined key="T1107_File_Deletion"ARCH=x86_64 SYSCALL=unlink AUID="vboxuser" UID="root" GID="root" EUID="root" SUID="root" FSUID="root" EGID="root" SGID="root" FSGID="root"
type=PATH msg=audit(1768183383.569:2015): item=0 name="/etc/apache2/sites-enabled/" inode=1050472 dev=08:02 mode=040755 ouid=0 ogid=0 rdev=00:00 nametype=PARENT cap_fp=0 cap_fi=0 cap_fe=0 cap_fver=0 cap_frootid=0OUID="root" OGID="root"
type=PROCTITLE msg=audit(1768183383.569:2015): proctitle=76696D002F6574632F617061636865322F73697465732D656E61626C65642F6E657874636C6F75642E636F6E66
type=SYSCALL msg=audit(1768183383.569:2016): arch=c000003e syscall=82 success=yes exit=0 a0=5a7bd4b096d0 a1=5a7bd4e3d1c0 a2=fffffffffffffc58 a3=0 items=4 ppid=1487 pid=1488 auid=1000 uid=0 gid=0 euid=0 suid=0 fsuid=0 egid=0 sgid=0 fsgid=0 tty=pts2 ses=3 comm="vim" exe="/usr/bin/vim.basic" subj=unconfined key="T1107_File_Deletion"ARCH=x86_64 SYSCALL=rename AUID="vboxuser" UID="root" GID="root" EUID="root" SUID="root" FSUID="root" EGID="root" SGID="root" FSGID="root"
type=PATH msg=audit(1768183383.569:2016): item=0 name="/etc/apache2/sites-enabled/" inode=1050472 dev=08:02 mode=040755 ouid=0 ogid=0 rdev=00:00 nametype=PARENT cap_fp=0 cap_fi=0 cap_fe=0 cap_fver=0 cap_frootid=0OUID="root" OGID="root"
type=PATH msg=audit(1768183383.569:2016): item=1 name="/etc/apache2/sites-enabled/" inode=1050472 dev=08:02 mode=040755 ouid=0 ogid=0 rdev=00:00 nametype=PARENT cap_fp=0 cap_fi=0 cap_fe=0 cap_fver=0 cap_frootid=0OUID="root" OGID="root"
type=PATH msg=audit(1768183383.569:2016): item=2 name="/etc/apache2/sites-enabled/nextcloud.conf" inode=1049747 dev=08:02 mode=0100644 ouid=0 ogid=0 rdev=00:00 nametype=DELETE cap_fp=0 cap_fi=0 cap_fe=0 cap_fver=0 cap_frootid=0OUID="root" OGID="root"
type=PATH msg=audit(1768183383.569:2016): item=3 name="/etc/apache2/sites-enabled/nextcloud.conf~" inode=1049747 dev=08:02 mode=0100644 ouid=0 ogid=0 rdev=00:00 nametype=CREATE cap_fp=0 cap_fi=0 cap_fe=0 cap_fver=0 cap_frootid=0OUID="root" OGID="root"
type=PROCTITLE msg=audit(1768183383.569:2016): proctitle=76696D002F6574632F617061636865322F73697465732D656E61626C65642F6E657874636C6F75642E636F6E66
type=SYSCALL msg=audit(1768183383.578:2017): arch=c000003e syscall=91 success=yes exit=0 a0=3 a1=81a4 a2=7ffc998e4e50 a3=0 items=1 ppid=1487 pid=1488 auid=1000 uid=0 gid=0 euid=0 suid=0 fsuid=0 egid=0 sgid=0 fsgid=0 tty=pts2 ses=3 comm="vim" exe="/usr/bin/vim.basic" subj=unconfined key="T1166_Seuid_and_Setgid"ARCH=x86_64 SYSCALL=fchmod AUID="vboxuser" UID="root" GID="root" EUID="root" SUID="root" FSUID="root" EGID="root" SGID="root" FSGID="root"
type=PATH msg=audit(1768183383.578:2017): item=0 name=(null) inode=1051135 dev=08:02 mode=0100644 ouid=0 ogid=0 rdev=00:00 nametype=NORMAL cap_fp=0 cap_fi=0 cap_fe=0 cap_fver=0 cap_frootid=0OUID="root" OGID="root"
type=PROCTITLE msg=audit(1768183383.578:2017): proctitle=76696D002F6574632F617061636865322F73697465732D656E61626C65642F6E657874636C6F75642E636F6E66
type=SYSCALL msg=audit(1768183383.578:2018): arch=c000003e syscall=188 success=yes exit=0 a0=5a7bd4b096d0 a1=74344fe9b000 a2=5a7bd4b22630 a3=1c items=1 ppid=1487 pid=1488 auid=1000 uid=0 gid=0 euid=0 suid=0 fsuid=0 egid=0 sgid=0 fsgid=0 tty=pts2 ses=3 comm="vim" exe="/usr/bin/vim.basic" subj=unconfined key="T1166_Seuid_and_Setgid"ARCH=x86_64 SYSCALL=setxattr AUID="vboxuser" UID="root" GID="root" EUID="root" SUID="root" FSUID="root" EGID="root" SGID="root" FSGID="root"
type=PATH msg=audit(1768183383.578:2018): item=0 name="/etc/apache2/sites-enabled/nextcloud.conf" inode=1051135 dev=08:02 mode=0100644 ouid=0 ogid=0 rdev=00:00 nametype=NORMAL cap_fp=0 cap_fi=0 cap_fe=0 cap_fver=0 cap_frootid=0OUID="root" OGID="root"
type=PROCTITLE msg=audit(1768183383.578:2018): proctitle=76696D002F6574632F617061636865322F73697465732D656E61626C65642F6E657874636C6F75642E636F6E66
type=SYSCALL msg=audit(1768183383.578:2019): arch=c000003e syscall=87 success=yes exit=0 a0=5a7bd4e3d1c0 a1=382d6674 a2=5a7bcd16db7d a3=0 items=2 ppid=1487 pid=1488 auid=1000 uid=0 gid=0 euid=0 suid=0 fsuid=0 egid=0 sgid=0 fsgid=0 tty=pts2 ses=3 comm="vim" exe="/usr/bin/vim.basic" subj=unconfined key="T1107_File_Deletion"ARCH=x86_64 SYSCALL=unlink AUID="vboxuser" UID="root" GID="root" EUID="root" SUID="root" FSUID="root" EGID="root" SGID="root" FSGID="root"
type=PATH msg=audit(1768183383.578:2019): item=0 name="/etc/apache2/sites-enabled/" inode=1050472 dev=08:02 mode=040755 ouid=0 ogid=0 rdev=00:00 nametype=PARENT cap_fp=0 cap_fi=0 cap_fe=0 cap_fver=0 cap_frootid=0OUID="root" OGID="root"
type=PATH msg=audit(1768183383.578:2019): item=1 name="/etc/apache2/sites-enabled/nextcloud.conf~" inode=1049747 dev=08:02 mode=0100644 ouid=0 ogid=0 rdev=00:00 nametype=DELETE cap_fp=0 cap_fi=0 cap_fe=0 cap_fver=0 cap_frootid=0OUID="root" OGID="root"
type=PROCTITLE msg=audit(1768183383.578:2019): proctitle=76696D002F6574632F617061636865322F73697465732D656E61626C65642F6E657874636C6F75642E636F6E66
type=SYSCALL msg=audit(1768183383.578:2020): arch=c000003e syscall=87 success=yes exit=0 a0=5a7bd4b28100 a1=5a7bd4b28100 a2=7ffc998e4230 a3=0 items=2 ppid=1487 pid=1488 auid=1000 uid=0 gid=0 euid=0 suid=0 fsuid=0 egid=0 sgid=0 fsgid=0 tty=pts2 ses=3 comm="vim" exe="/usr/bin/vim.basic" subj=unconfined key="T1107_File_Deletion"ARCH=x86_64 SYSCALL=unlink AUID="vboxuser" UID="root" GID="root" EUID="root" SUID="root" FSUID="root" EGID="root" SGID="root" FSGID="root"
type=PATH msg=audit(1768183383.578:2020): item=0 name="/root/" inode=1048578 dev=08:02 mode=040700 ouid=0 ogid=0 rdev=00:00 nametype=PARENT cap_fp=0 cap_fi=0 cap_fe=0 cap_fver=0 cap_frootid=0OUID="root" OGID="root"
type=PATH msg=audit(1768183383.578:2020): item=1 name="/root/.viminfo" inode=1051134 dev=08:02 mode=0100600 ouid=0 ogid=0 rdev=00:00 nametype=DELETE cap_fp=0 cap_fi=0 cap_fe=0 cap_fver=0 cap_frootid=0OUID="root" OGID="root"
type=PROCTITLE msg=audit(1768183383.578:2020): proctitle=76696D002F6574632F617061636865322F73697465732D656E61626C65642F6E657874636C6F75642E636F6E66
type=SYSCALL msg=audit(1768183383.579:2021): arch=c000003e syscall=82 success=yes exit=0 a0=5a7bd4e068f0 a1=5a7bd4b28100 a2=7ffc998e4230 a3=0 items=4 ppid=1487 pid=1488 auid=1000 uid=0 gid=0 euid=0 suid=0 fsuid=0 egid=0 sgid=0 fsgid=0 tty=pts2 ses=3 comm="vim" exe="/usr/bin/vim.basic" subj=unconfined key="T1107_File_Deletion"ARCH=x86_64 SYSCALL=rename AUID="vboxuser" UID="root" GID="root" EUID="root" SUID="root" FSUID="root" EGID="root" SGID="root" FSGID="root"
type=PATH msg=audit(1768183383.579:2021): item=0 name="/root/" inode=1048578 dev=08:02 mode=040700 ouid=0 ogid=0 rdev=00:00 nametype=PARENT cap_fp=0 cap_fi=0 cap_fe=0 cap_fver=0 cap_frootid=0OUID="root" OGID="root"
type=PATH msg=audit(1768183383.579:2021): item=1 name="/root/" inode=1048578 dev=08:02 mode=040700 ouid=0 ogid=0 rdev=00:00 nametype=PARENT cap_fp=0 cap_fi=0 cap_fe=0 cap_fver=0 cap_frootid=0OUID="root" OGID="root"
type=PATH msg=audit(1768183383.579:2021): item=2 name="/root/.viminfo.tmp" inode=1049747 dev=08:02 mode=0100600 ouid=0 ogid=0 rdev=00:00 nametype=DELETE cap_fp=0 cap_fi=0 cap_fe=0 cap_fver=0 cap_frootid=0OUID="root" OGID="root"
type=PATH msg=audit(1768183383.579:2021): item=3 name="/root/.viminfo" inode=1049747 dev=08:02 mode=0100600 ouid=0 ogid=0 rdev=00:00 nametype=CREATE cap_fp=0 cap_fi=0 cap_fe=0 cap_fver=0 cap_frootid=0OUID="root" OGID="root"
type=PROCTITLE msg=audit(1768183383.579:2021): proctitle=76696D002F6574632F617061636865322F73697465732D656E61626C65642F6E657874636C6F75642E636F6E66
type=SYSCALL msg=audit(1768183383.581:2022): arch=c000003e syscall=87 success=yes exit=0 a0=5a7bd4e2e580 a1=0 a2=0 a3=0 items=2 ppid=1487 pid=1488 auid=1000 uid=0 gid=0 euid=0 suid=0 fsuid=0 egid=0 sgid=0 fsgid=0 tty=pts2 ses=3 comm="vim" exe="/usr/bin/vim.basic" subj=unconfined key="T1107_File_Deletion"ARCH=x86_64 SYSCALL=unlink AUID="vboxuser" UID="root" GID="root" EUID="root" SUID="root" FSUID="root" EGID="root" SGID="root" FSGID="root"
type=PATH msg=audit(1768183383.581:2022): item=0 name="/etc/apache2/sites-enabled/" inode=1050472 dev=08:02 mode=040755 ouid=0 ogid=0 rdev=00:00 nametype=PARENT cap_fp=0 cap_fi=0 cap_fe=0 cap_fver=0 cap_frootid=0OUID="root" OGID="root"
type=PATH msg=audit(1768183383.581:2022): item=1 name="/etc/apache2/sites-enabled/.nextcloud.conf.swp" inode=1051118 dev=08:02 mode=0100644 ouid=0 ogid=0 rdev=00:00 nametype=DELETE cap_fp=0 cap_fi=0 cap_fe=0 cap_fver=0 cap_frootid=0OUID="root" OGID="root"
type=PROCTITLE msg=audit(1768183383.581:2022): proctitle=76696D002F6574632F617061636865322F73697465732D656E61626C65642F6E657874636C6F75642E636F6E66
type=SYSCALL msg=audit(1768183383.584:2023): arch=c000003e syscall=257 success=yes exit=10 a0=ffffff9c a1=792f3b9d46b0 a2=80002 a3=0 items=1 ppid=1426 pid=1486 auid=1000 uid=0 gid=0 euid=0 suid=0 fsuid=0 egid=0 sgid=0 fsgid=0 tty=pts1 ses=3 comm="sudo" exe="/usr/bin/sudo" subj=unconfined key="T1108_Redundant_Access"ARCH=x86_64 SYSCALL=openat AUID="vboxuser" UID="root" GID="root" EUID="root" SUID="root" FSUID="root" EGID="root" SGID="root" FSGID="root"
type=PATH msg=audit(1768183383.584:2023): item=0 name="/var/run/utmp" inode=622 dev=00:18 mode=0100664 ouid=0 ogid=43 rdev=00:00 nametype=NORMAL cap_fp=0 cap_fi=0 cap_fe=0 cap_fver=0 cap_frootid=0OUID="root" OGID="utmp"
type=PROCTITLE msg=audit(1768183383.584:2023): proctitle=7375646F0076696D002F6574632F617061636865322F73697465732D656E61626C65642F6E657874636C6F75642E636F6E66
type=USER_END msg=audit(1768183383.586:2024): pid=1486 uid=0 auid=1000 ses=3 subj=unconfined msg='op=PAM:session_close grantors=pam_limits,pam_env,pam_env,pam_permit,pam_umask,pam_unix acct="root" exe="/usr/bin/sudo" hostname=? addr=? terminal=/dev/pts/1 res=success'UID="root" AUID="vboxuser"
type=CRED_DISP msg=audit(1768183383.586:2025): pid=1486 uid=0 auid=1000 ses=3 subj=unconfined msg='op=PAM:setcred grantors=pam_permit acct="root" exe="/usr/bin/sudo" hostname=? addr=? terminal=/dev/pts/1 res=success'UID="root" AUID="vboxuser"
type=SYSCALL msg=audit(1768183393.640:2026): arch=c000003e syscall=59 success=yes exit=0 a0=5c666e18c570 a1=5c666e18be90 a2=5c666e045cc0 a3=5c666e18be90 items=2 ppid=1426 pid=1490 auid=1000 uid=0 gid=0 euid=0 suid=0 fsuid=0 egid=0 sgid=0 fsgid=0 tty=pts1 ses=3 comm="systemctl" exe="/usr/bin/systemctl" subj=unconfined key="T1078_Valid_Accounts"ARCH=x86_64 SYSCALL=execve AUID="vboxuser" UID="root" GID="root" EUID="root" SUID="root" FSUID="root" EGID="root" SGID="root" FSGID="root"
type=EXECVE msg=audit(1768183393.640:2026): argc=3 a0="systemctl" a1="reload" a2="apache2"
type=PATH msg=audit(1768183393.640:2026): item=0 name="/usr/bin/systemctl" inode=1461475 dev=08:02 mode=0100755 ouid=0 ogid=0 rdev=00:00 nametype=NORMAL cap_fp=0 cap_fi=0 cap_fe=0 cap_fver=0 cap_frootid=0OUID="root" OGID="root"
type=PATH msg=audit(1768183393.640:2026): item=1 name="/lib64/ld-linux-x86-64.so.2" inode=1481429 dev=08:02 mode=0100755 ouid=0 ogid=0 rdev=00:00 nametype=NORMAL cap_fp=0 cap_fi=0 cap_fe=0 cap_fver=0 cap_frootid=0OUID="root" OGID="root"
type=PROCTITLE msg=audit(1768183393.640:2026): proctitle=73797374656D63746C0072656C6F61640061706163686532
type=SYSCALL msg=audit(1768183393.649:2027): arch=c000003e syscall=42 success=yes exit=0 a0=3 a1=5de02b213ac8 a2=17 a3=7fff98d32954 items=1 ppid=1426 pid=1490 auid=1000 uid=0 gid=0 euid=0 suid=0 fsuid=0 egid=0 sgid=0 fsgid=0 tty=pts1 ses=3 comm="systemctl" exe="/usr/bin/systemctl" subj=unconfined key="T1043_Commonly_Used_Port"ARCH=x86_64 SYSCALL=connect AUID="vboxuser" UID="root" GID="root" EUID="root" SUID="root" FSUID="root" EGID="root" SGID="root" FSGID="root"
type=SOCKADDR msg=audit(1768183393.649:2027): saddr=01002F72756E2F73797374656D642F7072697661746500SADDR={ saddr_fam=local path=/run/systemd/private }
type=PATH msg=audit(1768183393.649:2027): item=0 name="/run/systemd/private" inode=441 dev=00:18 mode=0140700 ouid=0 ogid=0 rdev=00:00 nametype=NORMAL cap_fp=0 cap_fi=0 cap_fe=0 cap_fver=0 cap_frootid=0OUID="root" OGID="root"
type=PROCTITLE msg=audit(1768183393.649:2027): proctitle=73797374656D63746C0072656C6F61640061706163686532
type=SYSCALL msg=audit(1768183393.649:2028): arch=c000003e syscall=59 success=yes exit=0 a0=5de01c3f5090 a1=7fff98d32bd0 a2=7fff98d33458 a3=72414ddaa8d0 items=2 ppid=1490 pid=1491 auid=1000 uid=0 gid=0 euid=0 suid=0 fsuid=0 egid=0 sgid=0 fsgid=0 tty=pts1 ses=3 comm="systemd-tty-ask" exe="/usr/bin/systemd-tty-ask-password-agent" subj=unconfined key="T1078_Valid_Accounts"ARCH=x86_64 SYSCALL=execve AUID="vboxuser" UID="root" GID="root" EUID="root" SUID="root" FSUID="root" EGID="root" SGID="root" FSGID="root"
type=EXECVE msg=audit(1768183393.649:2028): argc=2 a0="/usr/bin/systemd-tty-ask-password-agent" a1="--watch"
type=PATH msg=audit(1768183393.649:2028): item=0 name="/usr/bin/systemd-tty-ask-password-agent" inode=1461700 dev=08:02 mode=0100755 ouid=0 ogid=0 rdev=00:00 nametype=NORMAL cap_fp=0 cap_fi=0 cap_fe=0 cap_fver=0 cap_frootid=0OUID="root" OGID="root"
type=PATH msg=audit(1768183393.649:2028): item=1 name="/lib64/ld-linux-x86-64.so.2" inode=1481429 dev=08:02 mode=0100755 ouid=0 ogid=0 rdev=00:00 nametype=NORMAL cap_fp=0 cap_fi=0 cap_fe=0 cap_fver=0 cap_frootid=0OUID="root" OGID="root"
type=PROCTITLE msg=audit(1768183393.649:2028): proctitle=2F7573722F62696E2F73797374656D642D7474792D61736B2D70617373776F72642D6167656E74002D2D7761746368
type=SYSCALL msg=audit(1768183393.651:2029): arch=c000003e syscall=59 success=yes exit=0 a0=7ffd77ea2640 a1=7ffd77ea2660 a2=7ffd77ea3128 a3=8 items=2 ppid=1 pid=1492 auid=4294967295 uid=0 gid=0 euid=0 suid=0 fsuid=0 egid=0 sgid=0 fsgid=0 tty=(none) ses=4294967295 comm="9" exe="/usr/lib/systemd/systemd-executor" subj=unconfined key="T1078_Valid_Accounts"ARCH=x86_64 SYSCALL=execve AUID="unset" UID="root" GID="root" EUID="root" SUID="root" FSUID="root" EGID="root" SGID="root" FSGID="root"
type=EXECVE msg=audit(1768183393.651:2029): argc=7 a0="/usr/lib/systemd/systemd-executor" a1="--deserialize" a2="104" a3="--log-level" a4="info" a5="--log-target" a6="journal-or-kmsg"
type=PATH msg=audit(1768183393.651:2029): item=0 name="/proc/self/fd/9" inode=1463834 dev=08:02 mode=0100755 ouid=0 ogid=0 rdev=00:00 nametype=NORMAL cap_fp=0 cap_fi=0 cap_fe=0 cap_fver=0 cap_frootid=0OUID="root" OGID="root"
type=PATH msg=audit(1768183393.651:2029): item=1 name="/lib64/ld-linux-x86-64.so.2" inode=1481429 dev=08:02 mode=0100755 ouid=0 ogid=0 rdev=00:00 nametype=NORMAL cap_fp=0 cap_fi=0 cap_fe=0 cap_fver=0 cap_frootid=0OUID="root" OGID="root"
type=PROCTITLE msg=audit(1768183393.651:2029): proctitle=2F7573722F6C69622F73797374656D642F73797374656D642D6578656375746F72002D2D646573657269616C697A6500313034002D2D6C6F672D6C6576656C00696E666F002D2D6C6F672D746172676574006A6F75726E616C2D6F722D6B6D7367
type=SYSCALL msg=audit(1768183393.664:2030): arch=c000003e syscall=42 success=yes exit=0 a0=4 a1=7ffcd4e502b0 a2=1e a3=7ffcd4e50360 items=1 ppid=1 pid=1492 auid=4294967295 uid=0 gid=0 euid=0 suid=0 fsuid=0 egid=0 sgid=0 fsgid=0 tty=(none) ses=4294967295 comm="9" exe="/usr/lib/systemd/systemd-executor" subj=unconfined key="T1043_Commonly_Used_Port"ARCH=x86_64 SYSCALL=connect AUID="unset" UID="root" GID="root" EUID="root" SUID="root" FSUID="root" EGID="root" SGID="root" FSGID="root"
type=SOCKADDR msg=audit(1768183393.664:2030): saddr=01002F72756E2F73797374656D642F6A6F75726E616C2F736F636B657400SADDR={ saddr_fam=local path=/run/systemd/journal/socket }
type=PATH msg=audit(1768183393.664:2030): item=0 name="/run/systemd/journal/socket" inode=456 dev=00:18 mode=0140666 ouid=0 ogid=0 rdev=00:00 nametype=NORMAL cap_fp=0 cap_fi=0 cap_fe=0 cap_fver=0 cap_frootid=0OUID="root" OGID="root"
type=PROCTITLE msg=audit(1768183393.664:2030): proctitle=2F7573722F6C69622F73797374656D642F73797374656D642D6578656375746F72002D2D646573657269616C697A6500313034002D2D6C6F672D6C6576656C00696E666F002D2D6C6F672D746172676574006A6F75726E616C2D6F722D6B6D7367
type=SYSCALL msg=audit(1768183393.670:2031): arch=c000003e syscall=42 success=yes exit=0 a0=3 a1=7ffcd4e4fe30 a2=1e a3=fffffff7 items=1 ppid=1 pid=1492 auid=4294967295 uid=0 gid=0 euid=0 suid=0 fsuid=0 egid=0 sgid=0 fsgid=0 tty=(none) ses=4294967295 comm="(pachectl)" exe="/usr/lib/systemd/systemd-executor" subj=unconfined key="T1043_Commonly_Used_Port"ARCH=x86_64 SYSCALL=connect AUID="unset" UID="root" GID="root" EUID="root" SUID="root" FSUID="root" EGID="root" SGID="root" FSGID="root"
type=SOCKADDR msg=audit(1768183393.670:2031): saddr=01002F72756E2F73797374656D642F6A6F75726E616C2F7374646F757400SADDR={ saddr_fam=local path=/run/systemd/journal/stdout }
type=PATH msg=audit(1768183393.670:2031): item=0 name="/run/systemd/journal/stdout" inode=457 dev=00:18 mode=0140666 ouid=0 ogid=0 rdev=00:00 nametype=NORMAL cap_fp=0 cap_fi=0 cap_fe=0 cap_fver=0 cap_frootid=0OUID="root" OGID="root"
type=PROCTITLE msg=audit(1768183393.670:2031): proctitle=2F7573722F6C69622F73797374656D642F73797374656D642D6578656375746F72002D2D646573657269616C697A6500313034002D2D6C6F672D6C6576656C00696E666F002D2D6C6F672D746172676574006A6F75726E616C2D6F722D6B6D7367
type=SYSCALL msg=audit(1768183393.673:2032): arch=c000003e syscall=59 success=yes exit=0 a0=5a61fea234c0 a1=5a61fea2c1f0 a2=5a61fea22db0 a3=5a61fea23b80 items=3 ppid=1 pid=1492 auid=4294967295 uid=0 gid=0 euid=0 suid=0 fsuid=0 egid=0 sgid=0 fsgid=0 tty=(none) ses=4294967295 comm="apachectl" exe="/usr/bin/dash" subj=unconfined key="T1078_Valid_Accounts"ARCH=x86_64 SYSCALL=execve AUID="unset" UID="root" GID="root" EUID="root" SUID="root" FSUID="root" EGID="root" SGID="root" FSGID="root"
type=EXECVE msg=audit(1768183393.673:2032): argc=3 a0="/bin/sh" a1="/usr/sbin/apachectl" a2="graceful"
type=PATH msg=audit(1768183393.673:2032): item=0 name="/usr/sbin/apachectl" inode=1479339 dev=08:02 mode=0100755 ouid=0 ogid=0 rdev=00:00 nametype=NORMAL cap_fp=0 cap_fi=0 cap_fe=0 cap_fver=0 cap_frootid=0OUID="root" OGID="root"
type=PATH msg=audit(1768183393.673:2032): item=1 name="/bin/sh" inode=1442345 dev=08:02 mode=0100755 ouid=0 ogid=0 rdev=00:00 nametype=NORMAL cap_fp=0 cap_fi=0 cap_fe=0 cap_fver=0 cap_frootid=0OUID="root" OGID="root"
type=PATH msg=audit(1768183393.673:2032): item=2 name="/lib64/ld-linux-x86-64.so.2" inode=1481429 dev=08:02 mode=0100755 ouid=0 ogid=0 rdev=00:00 nametype=NORMAL cap_fp=0 cap_fi=0 cap_fe=0 cap_fver=0 cap_frootid=0OUID="root" OGID="root"
type=PROCTITLE msg=audit(1768183393.673:2032): proctitle=2F7573722F6C69622F73797374656D642F73797374656D642D6578656375746F72002D2D646573657269616C697A6500313034002D2D6C6F672D6C6576656C00696E666F002D2D6C6F672D746172676574006A6F75726E616C2D6F722D6B6D7367
type=SYSCALL msg=audit(1768183393.679:2033): arch=c000003e syscall=59 success=yes exit=0 a0=5a0ecca54d08 a1=5a0ecca56c00 a2=5a0ecca54c78 a3=5a0ecca56a00 items=2 ppid=1492 pid=1493 auid=4294967295 uid=0 gid=0 euid=0 suid=0 fsuid=0 egid=0 sgid=0 fsgid=0 tty=(none) ses=4294967295 comm="id" exe="/usr/bin/id" subj=unconfined key="T1078_Valid_Accounts"ARCH=x86_64 SYSCALL=execve AUID="unset" UID="root" GID="root" EUID="root" SUID="root" FSUID="root" EGID="root" SGID="root" FSGID="root"
type=EXECVE msg=audit(1768183393.679:2033): argc=2 a0="id" a1="-u"
type=PATH msg=audit(1768183393.679:2033): item=0 name="/usr/bin/id" inode=1442474 dev=08:02 mode=0100755 ouid=0 ogid=0 rdev=00:00 nametype=NORMAL cap_fp=0 cap_fi=0 cap_fe=0 cap_fver=0 cap_frootid=0OUID="root" OGID="root"
type=PATH msg=audit(1768183393.679:2033): item=1 name="/lib64/ld-linux-x86-64.so.2" inode=1481429 dev=08:02 mode=0100755 ouid=0 ogid=0 rdev=00:00 nametype=NORMAL cap_fp=0 cap_fi=0 cap_fe=0 cap_fver=0 cap_frootid=0OUID="root" OGID="root"
type=PROCTITLE msg=audit(1768183393.679:2033): proctitle=6964002D75
type=SYSCALL msg=audit(1768183393.686:2034): arch=c000003e syscall=59 success=yes exit=0 a0=5a0ecca56970 a1=5a0ecca582a0 a2=5a0ecca582d8 a3=8 items=2 ppid=1492 pid=1494 auid=4294967295 uid=0 gid=0 euid=0 suid=0 fsuid=0 egid=0 sgid=0 fsgid=0 tty=(none) ses=4294967295 comm="apache2" exe="/usr/sbin/apache2" subj=unconfined key="T1078_Valid_Accounts"ARCH=x86_64 SYSCALL=execve AUID="unset" UID="root" GID="root" EUID="root" SUID="root" FSUID="root" EGID="root" SGID="root" FSGID="root"
type=EXECVE msg=audit(1768183393.686:2034): argc=2 a0="/usr/sbin/apache2" a1="-t"
type=PATH msg=audit(1768183393.686:2034): item=0 name="/usr/sbin/apache2" inode=1457163 dev=08:02 mode=0100755 ouid=0 ogid=0 rdev=00:00 nametype=NORMAL cap_fp=0 cap_fi=0 cap_fe=0 cap_fver=0 cap_frootid=0OUID="root" OGID="root"
type=PATH msg=audit(1768183393.686:2034): item=1 name="/lib64/ld-linux-x86-64.so.2" inode=1481429 dev=08:02 mode=0100755 ouid=0 ogid=0 rdev=00:00 nametype=NORMAL cap_fp=0 cap_fi=0 cap_fe=0 cap_fver=0 cap_frootid=0OUID="root" OGID="root"
type=PROCTITLE msg=audit(1768183393.686:2034): proctitle=2F7573722F7362696E2F61706163686532002D74
type=SYSCALL msg=audit(1768183393.699:2035): arch=c000003e syscall=42 success=yes exit=0 a0=3 a1=5e9832892c30 a2=1c a3=0 items=0 ppid=1492 pid=1494 auid=4294967295 uid=0 gid=0 euid=0 suid=0 fsuid=0 egid=0 sgid=0 fsgid=0 tty=(none) ses=4294967295 comm="apache2" exe="/usr/sbin/apache2" subj=unconfined key="T1043_Commonly_Used_Port"ARCH=x86_64 SYSCALL=connect AUID="unset" UID="root" GID="root" EUID="root" SUID="root" FSUID="root" EGID="root" SGID="root" FSGID="root"
type=SOCKADDR msg=audit(1768183393.699:2035): saddr=0A000000000000000000000000000000000000000000000000000000SADDR={ saddr_fam=inet6 laddr=:: lport=0 }
type=PROCTITLE msg=audit(1768183393.699:2035): proctitle=2F7573722F7362696E2F61706163686532002D74
type=SYSCALL msg=audit(1768183393.699:2036): arch=c000003e syscall=42 success=yes exit=0 a0=3 a1=7fff012bbd60 a2=10 a3=0 items=0 ppid=1492 pid=1494 auid=4294967295 uid=0 gid=0 euid=0 suid=0 fsuid=0 egid=0 sgid=0 fsgid=0 tty=(none) ses=4294967295 comm="apache2" exe="/usr/sbin/apache2" subj=unconfined key="T1043_Commonly_Used_Port"ARCH=x86_64 SYSCALL=connect AUID="unset" UID="root" GID="root" EUID="root" SUID="root" FSUID="root" EGID="root" SGID="root" FSGID="root"
type=SOCKADDR msg=audit(1768183393.699:2036): saddr=00000000000000000000000000000000SADDR=unknown-family(0)
type=PROCTITLE msg=audit(1768183393.699:2036): proctitle=2F7573722F7362696E2F61706163686532002D74
type=SYSCALL msg=audit(1768183393.699:2037): arch=c000003e syscall=42 success=yes exit=0 a0=3 a1=5e9832892c90 a2=10 a3=0 items=0 ppid=1492 pid=1494 auid=4294967295 uid=0 gid=0 euid=0 suid=0 fsuid=0 egid=0 sgid=0 fsgid=0 tty=(none) ses=4294967295 comm="apache2" exe="/usr/sbin/apache2" subj=unconfined key="T1043_Commonly_Used_Port"ARCH=x86_64 SYSCALL=connect AUID="unset" UID="root" GID="root" EUID="root" SUID="root" FSUID="root" EGID="root" SGID="root" FSGID="root"
type=SOCKADDR msg=audit(1768183393.699:2037): saddr=02000000000000000000000000000000SADDR={ saddr_fam=inet laddr=0.0.0.0 lport=0 }
type=PROCTITLE msg=audit(1768183393.699:2037): proctitle=2F7573722F7362696E2F61706163686532002D74
type=SYSCALL msg=audit(1768183393.715:2038): arch=c000003e syscall=42 success=yes exit=0 a0=3 a1=5e98328b76c0 a2=1c a3=0 items=0 ppid=1492 pid=1494 auid=4294967295 uid=0 gid=0 euid=0 suid=0 fsuid=0 egid=0 sgid=0 fsgid=0 tty=(none) ses=4294967295 comm="apache2" exe="/usr/sbin/apache2" subj=unconfined key="T1043_Commonly_Used_Port"ARCH=x86_64 SYSCALL=connect AUID="unset" UID="root" GID="root" EUID="root" SUID="root" FSUID="root" EGID="root" SGID="root" FSGID="root"
type=SOCKADDR msg=audit(1768183393.715:2038): saddr=0A000050000000000000000000000000000000000000000000000000SADDR={ saddr_fam=inet6 laddr=:: lport=80 }
type=PROCTITLE msg=audit(1768183393.715:2038): proctitle=2F7573722F7362696E2F61706163686532002D74
type=SYSCALL msg=audit(1768183393.716:2039): arch=c000003e syscall=42 success=yes exit=0 a0=3 a1=7fff012bb9f0 a2=10 a3=0 items=0 ppid=1492 pid=1494 auid=4294967295 uid=0 gid=0 euid=0 suid=0 fsuid=0 egid=0 sgid=0 fsgid=0 tty=(none) ses=4294967295 comm="apache2" exe="/usr/sbin/apache2" subj=unconfined key="T1043_Commonly_Used_Port"ARCH=x86_64 SYSCALL=connect AUID="unset" UID="root" GID="root" EUID="root" SUID="root" FSUID="root" EGID="root" SGID="root" FSGID="root"
type=SOCKADDR msg=audit(1768183393.716:2039): saddr=00000000000000000000000000000000SADDR=unknown-family(0)
type=PROCTITLE msg=audit(1768183393.716:2039): proctitle=2F7573722F7362696E2F61706163686532002D74
type=SYSCALL msg=audit(1768183393.716:2040): arch=c000003e syscall=42 success=yes exit=0 a0=3 a1=5e98328b6e00 a2=10 a3=0 items=0 ppid=1492 pid=1494 auid=4294967295 uid=0 gid=0 euid=0 suid=0 fsuid=0 egid=0 sgid=0 fsgid=0 tty=(none) ses=4294967295 comm="apache2" exe="/usr/sbin/apache2" subj=unconfined key="T1043_Commonly_Used_Port"ARCH=x86_64 SYSCALL=connect AUID="unset" UID="root" GID="root" EUID="root" SUID="root" FSUID="root" EGID="root" SGID="root" FSGID="root"
type=SOCKADDR msg=audit(1768183393.716:2040): saddr=02000050000000000000000000000000SADDR={ saddr_fam=inet laddr=0.0.0.0 lport=80 }
type=PROCTITLE msg=audit(1768183393.716:2040): proctitle=2F7573722F7362696E2F61706163686532002D74
type=SYSCALL msg=audit(1768183393.716:2041): arch=c000003e syscall=42 success=yes exit=0 a0=5 a1=5e98328b76c0 a2=1c a3=0 items=0 ppid=1492 pid=1494 auid=4294967295 uid=0 gid=0 euid=0 suid=0 fsuid=0 egid=0 sgid=0 fsgid=0 tty=(none) ses=4294967295 comm="apache2" exe="/usr/sbin/apache2" subj=unconfined key="T1043_Commonly_Used_Port"ARCH=x86_64 SYSCALL=connect AUID="unset" UID="root" GID="root" EUID="root" SUID="root" FSUID="root" EGID="root" SGID="root" FSGID="root"
type=SOCKADDR msg=audit(1768183393.716:2041): saddr=0A000050000000000000000000000000000000000000000000000000SADDR={ saddr_fam=inet6 laddr=:: lport=80 }
type=PROCTITLE msg=audit(1768183393.716:2041): proctitle=2F7573722F7362696E2F61706163686532002D74
type=SYSCALL msg=audit(1768183393.717:2042): arch=c000003e syscall=42 success=yes exit=0 a0=5 a1=7fff012bb990 a2=10 a3=0 items=0 ppid=1492 pid=1494 auid=4294967295 uid=0 gid=0 euid=0 suid=0 fsuid=0 egid=0 sgid=0 fsgid=0 tty=(none) ses=4294967295 comm="apache2" exe="/usr/sbin/apache2" subj=unconfined key="T1043_Commonly_Used_Port"ARCH=x86_64 SYSCALL=connect AUID="unset" UID="root" GID="root" EUID="root" SUID="root" FSUID="root" EGID="root" SGID="root" FSGID="root"
type=SOCKADDR msg=audit(1768183393.717:2042): saddr=00000000000000000000000000000000SADDR=unknown-family(0)
type=PROCTITLE msg=audit(1768183393.717:2042): proctitle=2F7573722F7362696E2F61706163686532002D74
type=SYSCALL msg=audit(1768183393.717:2043): arch=c000003e syscall=42 success=yes exit=0 a0=5 a1=5e98328b6e00 a2=10 a3=0 items=0 ppid=1492 pid=1494 auid=4294967295 uid=0 gid=0 euid=0 suid=0 fsuid=0 egid=0 sgid=0 fsgid=0 tty=(none) ses=4294967295 comm="apache2" exe="/usr/sbin/apache2" subj=unconfined key="T1043_Commonly_Used_Port"ARCH=x86_64 SYSCALL=connect AUID="unset" UID="root" GID="root" EUID="root" SUID="root" FSUID="root" EGID="root" SGID="root" FSGID="root"
type=SOCKADDR msg=audit(1768183393.717:2043): saddr=02000050000000000000000000000000SADDR={ saddr_fam=inet laddr=0.0.0.0 lport=80 }
type=PROCTITLE msg=audit(1768183393.717:2043): proctitle=2F7573722F7362696E2F61706163686532002D74
type=SYSCALL msg=audit(1768183393.717:2044): arch=c000003e syscall=42 success=yes exit=0 a0=5 a1=7f909320b694 a2=10 a3=7fff012b94f4 items=0 ppid=1492 pid=1494 auid=4294967295 uid=0 gid=0 euid=0 suid=0 fsuid=0 egid=0 sgid=0 fsgid=0 tty=(none) ses=4294967295 comm="apache2" exe="/usr/sbin/apache2" subj=unconfined key="T1043_Commonly_Used_Port"ARCH=x86_64 SYSCALL=connect AUID="unset" UID="root" GID="root" EUID="root" SUID="root" FSUID="root" EGID="root" SGID="root" FSGID="root"
type=SOCKADDR msg=audit(1768183393.717:2044): saddr=020000357F0000350000000000000000SADDR={ saddr_fam=inet laddr=127.0.0.53 lport=53 }
type=PROCTITLE msg=audit(1768183393.717:2044): proctitle=2F7573722F7362696E2F61706163686532002D74
type=SYSCALL msg=audit(1768183393.731:2045): arch=c000003e syscall=42 success=yes exit=0 a0=5 a1=7f909320b694 a2=10 a3=7fff012b94f4 items=0 ppid=1492 pid=1494 auid=4294967295 uid=0 gid=0 euid=0 suid=0 fsuid=0 egid=0 sgid=0 fsgid=0 tty=(none) ses=4294967295 comm="apache2" exe="/usr/sbin/apache2" subj=unconfined key="T1043_Commonly_Used_Port"ARCH=x86_64 SYSCALL=connect AUID="unset" UID="root" GID="root" EUID="root" SUID="root" FSUID="root" EGID="root" SGID="root" FSGID="root"
type=SOCKADDR msg=audit(1768183393.731:2045): saddr=020000357F0000350000000000000000SADDR={ saddr_fam=inet laddr=127.0.0.53 lport=53 }
type=PROCTITLE msg=audit(1768183393.731:2045): proctitle=2F7573722F7362696E2F61706163686532002D74
type=SYSCALL msg=audit(1768183393.732:2046): arch=c000003e syscall=42 success=yes exit=0 a0=5 a1=5e98328b6e00 a2=10 a3=0 items=0 ppid=1492 pid=1494 auid=4294967295 uid=0 gid=0 euid=0 suid=0 fsuid=0 egid=0 sgid=0 fsgid=0 tty=(none) ses=4294967295 comm="apache2" exe="/usr/sbin/apache2" subj=unconfined key="T1043_Commonly_Used_Port"ARCH=x86_64 SYSCALL=connect AUID="unset" UID="root" GID="root" EUID="root" SUID="root" FSUID="root" EGID="root" SGID="root" FSGID="root"
type=SOCKADDR msg=audit(1768183393.732:2046): saddr=020000000A00020F0000000000000000SADDR={ saddr_fam=inet laddr=10.0.2.15 lport=0 }
type=PROCTITLE msg=audit(1768183393.732:2046): proctitle=2F7573722F7362696E2F61706163686532002D74
type=SYSCALL msg=audit(1768183393.733:2047): arch=c000003e syscall=42 success=yes exit=0 a0=5 a1=7fff012bb3e0 a2=10 a3=0 items=0 ppid=1492 pid=1494 auid=4294967295 uid=0 gid=0 euid=0 suid=0 fsuid=0 egid=0 sgid=0 fsgid=0 tty=(none) ses=4294967295 comm="apache2" exe="/usr/sbin/apache2" subj=unconfined key="T1043_Commonly_Used_Port"ARCH=x86_64 SYSCALL=connect AUID="unset" UID="root" GID="root" EUID="root" SUID="root" FSUID="root" EGID="root" SGID="root" FSGID="root"
type=SOCKADDR msg=audit(1768183393.733:2047): saddr=00000000000000000000000000000000SADDR=unknown-family(0)
type=PROCTITLE msg=audit(1768183393.733:2047): proctitle=2F7573722F7362696E2F61706163686532002D74
type=SYSCALL msg=audit(1768183393.733:2048): arch=c000003e syscall=42 success=yes exit=0 a0=5 a1=5e9832892640 a2=10 a3=0 items=0 ppid=1492 pid=1494 auid=4294967295 uid=0 gid=0 euid=0 suid=0 fsuid=0 egid=0 sgid=0 fsgid=0 tty=(none) ses=4294967295 comm="apache2" exe="/usr/sbin/apache2" subj=unconfined key="T1043_Commonly_Used_Port"ARCH=x86_64 SYSCALL=connect AUID="unset" UID="root" GID="root" EUID="root" SUID="root" FSUID="root" EGID="root" SGID="root" FSGID="root"
type=SOCKADDR msg=audit(1768183393.733:2048): saddr=02000000C0A8386B0000000000000000SADDR={ saddr_fam=inet laddr=192.168.56.107 lport=0 }
type=PROCTITLE msg=audit(1768183393.733:2048): proctitle=2F7573722F7362696E2F61706163686532002D74
type=SYSCALL msg=audit(1768183393.733:2049): arch=c000003e syscall=42 success=yes exit=0 a0=5 a1=5e98328b76c0 a2=1c a3=0 items=0 ppid=1492 pid=1494 auid=4294967295 uid=0 gid=0 euid=0 suid=0 fsuid=0 egid=0 sgid=0 fsgid=0 tty=(none) ses=4294967295 comm="apache2" exe="/usr/sbin/apache2" subj=unconfined key="T1043_Commonly_Used_Port"ARCH=x86_64 SYSCALL=connect AUID="unset" UID="root" GID="root" EUID="root" SUID="root" FSUID="root" EGID="root" SGID="root" FSGID="root"
type=SOCKADDR msg=audit(1768183393.733:2049): saddr=0A00000000000000FD17625CF03700020A0027FFFE3F373900000000SADDR={ saddr_fam=inet6 laddr=fd17:625c:f037:2:a00:27ff:fe3f:3739 lport=0 }
type=PROCTITLE msg=audit(1768183393.733:2049): proctitle=2F7573722F7362696E2F61706163686532002D74
type=SYSCALL msg=audit(1768183393.733:2050): arch=c000003e syscall=42 success=yes exit=0 a0=5 a1=7fff012bb3e0 a2=10 a3=0 items=0 ppid=1492 pid=1494 auid=4294967295 uid=0 gid=0 euid=0 suid=0 fsuid=0 egid=0 sgid=0 fsgid=0 tty=(none) ses=4294967295 comm="apache2" exe="/usr/sbin/apache2" subj=unconfined key="T1043_Commonly_Used_Port"ARCH=x86_64 SYSCALL=connect AUID="unset" UID="root" GID="root" EUID="root" SUID="root" FSUID="root" EGID="root" SGID="root" FSGID="root"
type=SOCKADDR msg=audit(1768183393.733:2050): saddr=00000000000000000000000000000000SADDR=unknown-family(0)
type=PROCTITLE msg=audit(1768183393.733:2050): proctitle=2F7573722F7362696E2F61706163686532002D74
type=SYSCALL msg=audit(1768183393.733:2051): arch=c000003e syscall=42 success=no exit=-22 a0=5 a1=5e9832892690 a2=1c a3=0 items=0 ppid=1492 pid=1494 auid=4294967295 uid=0 gid=0 euid=0 suid=0 fsuid=0 egid=0 sgid=0 fsgid=0 tty=(none) ses=4294967295 comm="apache2" exe="/usr/sbin/apache2" subj=unconfined key="T1043_Commonly_Used_Port"ARCH=x86_64 SYSCALL=connect AUID="unset" UID="root" GID="root" EUID="root" SUID="root" FSUID="root" EGID="root" SGID="root" FSGID="root"
type=SOCKADDR msg=audit(1768183393.733:2051): saddr=0A00000000000000FE800000000000000A0027FFFE3F373900000000SADDR={ saddr_fam=inet6 laddr=fe80::a00:27ff:fe3f:3739 lport=0 }
type=PROCTITLE msg=audit(1768183393.733:2051): proctitle=2F7573722F7362696E2F61706163686532002D74
type=SYSCALL msg=audit(1768183393.733:2052): arch=c000003e syscall=42 success=yes exit=0 a0=5 a1=7fff012bb3e0 a2=10 a3=0 items=0 ppid=1492 pid=1494 auid=4294967295 uid=0 gid=0 euid=0 suid=0 fsuid=0 egid=0 sgid=0 fsgid=0 tty=(none) ses=4294967295 comm="apache2" exe="/usr/sbin/apache2" subj=unconfined key="T1043_Commonly_Used_Port"ARCH=x86_64 SYSCALL=connect AUID="unset" UID="root" GID="root" EUID="root" SUID="root" FSUID="root" EGID="root" SGID="root" FSGID="root"
type=SOCKADDR msg=audit(1768183393.733:2052): saddr=00000000000000000000000000000000SADDR=unknown-family(0)
type=PROCTITLE msg=audit(1768183393.733:2052): proctitle=2F7573722F7362696E2F61706163686532002D74
type=SYSCALL msg=audit(1768183393.733:2053): arch=c000003e syscall=42 success=no exit=-22 a0=5 a1=5e98328926f0 a2=1c a3=0 items=0 ppid=1492 pid=1494 auid=4294967295 uid=0 gid=0 euid=0 suid=0 fsuid=0 egid=0 sgid=0 fsgid=0 tty=(none) ses=4294967295 comm="apache2" exe="/usr/sbin/apache2" subj=unconfined key="T1043_Commonly_Used_Port"ARCH=x86_64 SYSCALL=connect AUID="unset" UID="root" GID="root" EUID="root" SUID="root" FSUID="root" EGID="root" SGID="root" FSGID="root"
type=SOCKADDR msg=audit(1768183393.733:2053): saddr=0A00000000000000FE800000000000000A0027FFFE270D1D00000000SADDR={ saddr_fam=inet6 laddr=fe80::a00:27ff:fe27:d1d lport=0 }
type=PROCTITLE msg=audit(1768183393.733:2053): proctitle=2F7573722F7362696E2F61706163686532002D74
type=SYSCALL msg=audit(1768183393.733:2054): arch=c000003e syscall=42 success=yes exit=0 a0=5 a1=7f909320b694 a2=10 a3=7fff012b9c04 items=0 ppid=1492 pid=1494 auid=4294967295 uid=0 gid=0 euid=0 suid=0 fsuid=0 egid=0 sgid=0 fsgid=0 tty=(none) ses=4294967295 comm="apache2" exe="/usr/sbin/apache2" subj=unconfined key="T1043_Commonly_Used_Port"ARCH=x86_64 SYSCALL=connect AUID="unset" UID="root" GID="root" EUID="root" SUID="root" FSUID="root" EGID="root" SGID="root" FSGID="root"
type=SOCKADDR msg=audit(1768183393.733:2054): saddr=020000357F0000350000000000000000SADDR={ saddr_fam=inet laddr=127.0.0.53 lport=53 }
type=PROCTITLE msg=audit(1768183393.733:2054): proctitle=2F7573722F7362696E2F61706163686532002D74
type=SYSCALL msg=audit(1768183393.760:2055): arch=c000003e syscall=59 success=yes exit=0 a0=5a0ecca56970 a1=5a0ecca582c0 a2=5a0ecca582e0 a3=8 items=2 ppid=1492 pid=1495 auid=4294967295 uid=0 gid=0 euid=0 suid=0 fsuid=0 egid=0 sgid=0 fsgid=0 tty=(none) ses=4294967295 comm="apache2" exe="/usr/sbin/apache2" subj=unconfined key="T1078_Valid_Accounts"ARCH=x86_64 SYSCALL=execve AUID="unset" UID="root" GID="root" EUID="root" SUID="root" FSUID="root" EGID="root" SGID="root" FSGID="root"
type=EXECVE msg=audit(1768183393.760:2055): argc=3 a0="/usr/sbin/apache2" a1="-k" a2="graceful"
type=PATH msg=audit(1768183393.760:2055): item=0 name="/usr/sbin/apache2" inode=1457163 dev=08:02 mode=0100755 ouid=0 ogid=0 rdev=00:00 nametype=NORMAL cap_fp=0 cap_fi=0 cap_fe=0 cap_fver=0 cap_frootid=0OUID="root" OGID="root"
type=PATH msg=audit(1768183393.760:2055): item=1 name="/lib64/ld-linux-x86-64.so.2" inode=1481429 dev=08:02 mode=0100755 ouid=0 ogid=0 rdev=00:00 nametype=NORMAL cap_fp=0 cap_fi=0 cap_fe=0 cap_fver=0 cap_frootid=0OUID="root" OGID="root"
type=PROCTITLE msg=audit(1768183393.760:2055): proctitle=2F7573722F7362696E2F61706163686532002D6B00677261636566756C
type=SYSCALL msg=audit(1768183393.770:2056): arch=c000003e syscall=42 success=yes exit=0 a0=3 a1=5ced2be7fc30 a2=1c a3=0 items=0 ppid=1492 pid=1495 auid=4294967295 uid=0 gid=0 euid=0 suid=0 fsuid=0 egid=0 sgid=0 fsgid=0 tty=(none) ses=4294967295 comm="apache2" exe="/usr/sbin/apache2" subj=unconfined key="T1043_Commonly_Used_Port"ARCH=x86_64 SYSCALL=connect AUID="unset" UID="root" GID="root" EUID="root" SUID="root" FSUID="root" EGID="root" SGID="root" FSGID="root"
type=SOCKADDR msg=audit(1768183393.770:2056): saddr=0A000000000000000000000000000000000000000000000000000000SADDR={ saddr_fam=inet6 laddr=:: lport=0 }
type=PROCTITLE msg=audit(1768183393.770:2056): proctitle=2F7573722F7362696E2F61706163686532002D6B00677261636566756C
type=SYSCALL msg=audit(1768183393.771:2057): arch=c000003e syscall=42 success=yes exit=0 a0=3 a1=7ffe4ef30c70 a2=10 a3=0 items=0 ppid=1492 pid=1495 auid=4294967295 uid=0 gid=0 euid=0 suid=0 fsuid=0 egid=0 sgid=0 fsgid=0 tty=(none) ses=4294967295 comm="apache2" exe="/usr/sbin/apache2" subj=unconfined key="T1043_Commonly_Used_Port"ARCH=x86_64 SYSCALL=connect AUID="unset" UID="root" GID="root" EUID="root" SUID="root" FSUID="root" EGID="root" SGID="root" FSGID="root"
type=SOCKADDR msg=audit(1768183393.771:2057): saddr=00000000000000000000000000000000SADDR=unknown-family(0)
type=PROCTITLE msg=audit(1768183393.771:2057): proctitle=2F7573722F7362696E2F61706163686532002D6B00677261636566756C
type=SYSCALL msg=audit(1768183393.771:2058): arch=c000003e syscall=42 success=yes exit=0 a0=3 a1=5ced2be7fc90 a2=10 a3=0 items=0 ppid=1492 pid=1495 auid=4294967295 uid=0 gid=0 euid=0 suid=0 fsuid=0 egid=0 sgid=0 fsgid=0 tty=(none) ses=4294967295 comm="apache2" exe="/usr/sbin/apache2" subj=unconfined key="T1043_Commonly_Used_Port"ARCH=x86_64 SYSCALL=connect AUID="unset" UID="root" GID="root" EUID="root" SUID="root" FSUID="root" EGID="root" SGID="root" FSGID="root"
type=SOCKADDR msg=audit(1768183393.771:2058): saddr=02000000000000000000000000000000SADDR={ saddr_fam=inet laddr=0.0.0.0 lport=0 }
type=PROCTITLE msg=audit(1768183393.771:2058): proctitle=2F7573722F7362696E2F61706163686532002D6B00677261636566756C
type=SYSCALL msg=audit(1768183393.783:2059): arch=c000003e syscall=42 success=yes exit=0 a0=3 a1=5ced2bea46c0 a2=1c a3=0 items=0 ppid=1492 pid=1495 auid=4294967295 uid=0 gid=0 euid=0 suid=0 fsuid=0 egid=0 sgid=0 fsgid=0 tty=(none) ses=4294967295 comm="apache2" exe="/usr/sbin/apache2" subj=unconfined key="T1043_Commonly_Used_Port"ARCH=x86_64 SYSCALL=connect AUID="unset" UID="root" GID="root" EUID="root" SUID="root" FSUID="root" EGID="root" SGID="root" FSGID="root"
type=SOCKADDR msg=audit(1768183393.783:2059): saddr=0A000050000000000000000000000000000000000000000000000000SADDR={ saddr_fam=inet6 laddr=:: lport=80 }
type=PROCTITLE msg=audit(1768183393.783:2059): proctitle=2F7573722F7362696E2F61706163686532002D6B00677261636566756C
type=SYSCALL msg=audit(1768183393.783:2060): arch=c000003e syscall=42 success=yes exit=0 a0=3 a1=7ffe4ef30900 a2=10 a3=0 items=0 ppid=1492 pid=1495 auid=4294967295 uid=0 gid=0 euid=0 suid=0 fsuid=0 egid=0 sgid=0 fsgid=0 tty=(none) ses=4294967295 comm="apache2" exe="/usr/sbin/apache2" subj=unconfined key="T1043_Commonly_Used_Port"ARCH=x86_64 SYSCALL=connect AUID="unset" UID="root" GID="root" EUID="root" SUID="root" FSUID="root" EGID="root" SGID="root" FSGID="root"
type=SOCKADDR msg=audit(1768183393.783:2060): saddr=00000000000000000000000000000000SADDR=unknown-family(0)
type=PROCTITLE msg=audit(1768183393.783:2060): proctitle=2F7573722F7362696E2F61706163686532002D6B00677261636566756C
type=SYSCALL msg=audit(1768183393.783:2061): arch=c000003e syscall=42 success=yes exit=0 a0=3 a1=5ced2bea3e00 a2=10 a3=0 items=0 ppid=1492 pid=1495 auid=4294967295 uid=0 gid=0 euid=0 suid=0 fsuid=0 egid=0 sgid=0 fsgid=0 tty=(none) ses=4294967295 comm="apache2" exe="/usr/sbin/apache2" subj=unconfined key="T1043_Commonly_Used_Port"ARCH=x86_64 SYSCALL=connect AUID="unset" UID="root" GID="root" EUID="root" SUID="root" FSUID="root" EGID="root" SGID="root" FSGID="root"
type=SOCKADDR msg=audit(1768183393.783:2061): saddr=02000050000000000000000000000000SADDR={ saddr_fam=inet laddr=0.0.0.0 lport=80 }
type=PROCTITLE msg=audit(1768183393.783:2061): proctitle=2F7573722F7362696E2F61706163686532002D6B00677261636566756C
type=SYSCALL msg=audit(1768183393.784:2062): arch=c000003e syscall=42 success=yes exit=0 a0=5 a1=5ced2bea46c0 a2=1c a3=0 items=0 ppid=1492 pid=1495 auid=4294967295 uid=0 gid=0 euid=0 suid=0 fsuid=0 egid=0 sgid=0 fsgid=0 tty=(none) ses=4294967295 comm="apache2" exe="/usr/sbin/apache2" subj=unconfined key="T1043_Commonly_Used_Port"ARCH=x86_64 SYSCALL=connect AUID="unset" UID="root" GID="root" EUID="root" SUID="root" FSUID="root" EGID="root" SGID="root" FSGID="root"
type=SOCKADDR msg=audit(1768183393.784:2062): saddr=0A000050000000000000000000000000000000000000000000000000SADDR={ saddr_fam=inet6 laddr=:: lport=80 }
type=PROCTITLE msg=audit(1768183393.784:2062): proctitle=2F7573722F7362696E2F61706163686532002D6B00677261636566756C
type=SYSCALL msg=audit(1768183393.784:2063): arch=c000003e syscall=42 success=yes exit=0 a0=5 a1=7ffe4ef308a0 a2=10 a3=0 items=0 ppid=1492 pid=1495 auid=4294967295 uid=0 gid=0 euid=0 suid=0 fsuid=0 egid=0 sgid=0 fsgid=0 tty=(none) ses=4294967295 comm="apache2" exe="/usr/sbin/apache2" subj=unconfined key="T1043_Commonly_Used_Port"ARCH=x86_64 SYSCALL=connect AUID="unset" UID="root" GID="root" EUID="root" SUID="root" FSUID="root" EGID="root" SGID="root" FSGID="root"
type=SOCKADDR msg=audit(1768183393.784:2063): saddr=00000000000000000000000000000000SADDR=unknown-family(0)
type=PROCTITLE msg=audit(1768183393.784:2063): proctitle=2F7573722F7362696E2F61706163686532002D6B00677261636566756C
type=SYSCALL msg=audit(1768183393.784:2064): arch=c000003e syscall=42 success=yes exit=0 a0=5 a1=5ced2bea3e00 a2=10 a3=0 items=0 ppid=1492 pid=1495 auid=4294967295 uid=0 gid=0 euid=0 suid=0 fsuid=0 egid=0 sgid=0 fsgid=0 tty=(none) ses=4294967295 comm="apache2" exe="/usr/sbin/apache2" subj=unconfined key="T1043_Commonly_Used_Port"ARCH=x86_64 SYSCALL=connect AUID="unset" UID="root" GID="root" EUID="root" SUID="root" FSUID="root" EGID="root" SGID="root" FSGID="root"
type=SOCKADDR msg=audit(1768183393.784:2064): saddr=02000050000000000000000000000000SADDR={ saddr_fam=inet laddr=0.0.0.0 lport=80 }
type=PROCTITLE msg=audit(1768183393.784:2064): proctitle=2F7573722F7362696E2F61706163686532002D6B00677261636566756C
type=SYSCALL msg=audit(1768183393.784:2065): arch=c000003e syscall=42 success=yes exit=0 a0=5 a1=75204d20b694 a2=10 a3=7ffe4ef2e404 items=0 ppid=1492 pid=1495 auid=4294967295 uid=0 gid=0 euid=0 suid=0 fsuid=0 egid=0 sgid=0 fsgid=0 tty=(none) ses=4294967295 comm="apache2" exe="/usr/sbin/apache2" subj=unconfined key="T1043_Commonly_Used_Port"ARCH=x86_64 SYSCALL=connect AUID="unset" UID="root" GID="root" EUID="root" SUID="root" FSUID="root" EGID="root" SGID="root" FSGID="root"
type=SOCKADDR msg=audit(1768183393.784:2065): saddr=020000357F0000350000000000000000SADDR={ saddr_fam=inet laddr=127.0.0.53 lport=53 }
type=PROCTITLE msg=audit(1768183393.784:2065): proctitle=2F7573722F7362696E2F61706163686532002D6B00677261636566756C
type=SYSCALL msg=audit(1768183393.790:2066): arch=c000003e syscall=42 success=yes exit=0 a0=5 a1=75204d20b694 a2=10 a3=7ffe4ef2e404 items=0 ppid=1492 pid=1495 auid=4294967295 uid=0 gid=0 euid=0 suid=0 fsuid=0 egid=0 sgid=0 fsgid=0 tty=(none) ses=4294967295 comm="apache2" exe="/usr/sbin/apache2" subj=unconfined key="T1043_Commonly_Used_Port"ARCH=x86_64 SYSCALL=connect AUID="unset" UID="root" GID="root" EUID="root" SUID="root" FSUID="root" EGID="root" SGID="root" FSGID="root"
type=SOCKADDR msg=audit(1768183393.790:2066): saddr=020000357F0000350000000000000000SADDR={ saddr_fam=inet laddr=127.0.0.53 lport=53 }
type=PROCTITLE msg=audit(1768183393.790:2066): proctitle=2F7573722F7362696E2F61706163686532002D6B00677261636566756C
type=SYSCALL msg=audit(1768183393.791:2067): arch=c000003e syscall=42 success=yes exit=0 a0=5 a1=5ced2bea3e00 a2=10 a3=0 items=0 ppid=1492 pid=1495 auid=4294967295 uid=0 gid=0 euid=0 suid=0 fsuid=0 egid=0 sgid=0 fsgid=0 tty=(none) ses=4294967295 comm="apache2" exe="/usr/sbin/apache2" subj=unconfined key="T1043_Commonly_Used_Port"ARCH=x86_64 SYSCALL=connect AUID="unset" UID="root" GID="root" EUID="root" SUID="root" FSUID="root" EGID="root" SGID="root" FSGID="root"
type=SOCKADDR msg=audit(1768183393.791:2067): saddr=020000000A00020F0000000000000000SADDR={ saddr_fam=inet laddr=10.0.2.15 lport=0 }
type=PROCTITLE msg=audit(1768183393.791:2067): proctitle=2F7573722F7362696E2F61706163686532002D6B00677261636566756C
type=SYSCALL msg=audit(1768183393.791:2068): arch=c000003e syscall=42 success=yes exit=0 a0=5 a1=7ffe4ef302f0 a2=10 a3=0 items=0 ppid=1492 pid=1495 auid=4294967295 uid=0 gid=0 euid=0 suid=0 fsuid=0 egid=0 sgid=0 fsgid=0 tty=(none) ses=4294967295 comm="apache2" exe="/usr/sbin/apache2" subj=unconfined key="T1043_Commonly_Used_Port"ARCH=x86_64 SYSCALL=connect AUID="unset" UID="root" GID="root" EUID="root" SUID="root" FSUID="root" EGID="root" SGID="root" FSGID="root"
type=SOCKADDR msg=audit(1768183393.791:2068): saddr=00000000000000000000000000000000SADDR=unknown-family(0)
type=PROCTITLE msg=audit(1768183393.791:2068): proctitle=2F7573722F7362696E2F61706163686532002D6B00677261636566756C
type=SYSCALL msg=audit(1768183393.791:2069): arch=c000003e syscall=42 success=yes exit=0 a0=5 a1=5ced2be7f640 a2=10 a3=0 items=0 ppid=1492 pid=1495 auid=4294967295 uid=0 gid=0 euid=0 suid=0 fsuid=0 egid=0 sgid=0 fsgid=0 tty=(none) ses=4294967295 comm="apache2" exe="/usr/sbin/apache2" subj=unconfined key="T1043_Commonly_Used_Port"ARCH=x86_64 SYSCALL=connect AUID="unset" UID="root" GID="root" EUID="root" SUID="root" FSUID="root" EGID="root" SGID="root" FSGID="root"
type=SOCKADDR msg=audit(1768183393.791:2069): saddr=02000000C0A8386B0000000000000000SADDR={ saddr_fam=inet laddr=192.168.56.107 lport=0 }
type=PROCTITLE msg=audit(1768183393.791:2069): proctitle=2F7573722F7362696E2F61706163686532002D6B00677261636566756C
type=SYSCALL msg=audit(1768183393.791:2070): arch=c000003e syscall=42 success=yes exit=0 a0=5 a1=5ced2bea46c0 a2=1c a3=0 items=0 ppid=1492 pid=1495 auid=4294967295 uid=0 gid=0 euid=0 suid=0 fsuid=0 egid=0 sgid=0 fsgid=0 tty=(none) ses=4294967295 comm="apache2" exe="/usr/sbin/apache2" subj=unconfined key="T1043_Commonly_Used_Port"ARCH=x86_64 SYSCALL=connect AUID="unset" UID="root" GID="root" EUID="root" SUID="root" FSUID="root" EGID="root" SGID="root" FSGID="root"
type=SOCKADDR msg=audit(1768183393.791:2070): saddr=0A00000000000000FD17625CF03700020A0027FFFE3F373900000000SADDR={ saddr_fam=inet6 laddr=fd17:625c:f037:2:a00:27ff:fe3f:3739 lport=0 }
type=PROCTITLE msg=audit(1768183393.791:2070): proctitle=2F7573722F7362696E2F61706163686532002D6B00677261636566756C
type=SYSCALL msg=audit(1768183393.791:2071): arch=c000003e syscall=42 success=yes exit=0 a0=5 a1=7ffe4ef302f0 a2=10 a3=0 items=0 ppid=1492 pid=1495 auid=4294967295 uid=0 gid=0 euid=0 suid=0 fsuid=0 egid=0 sgid=0 fsgid=0 tty=(none) ses=4294967295 comm="apache2" exe="/usr/sbin/apache2" subj=unconfined key="T1043_Commonly_Used_Port"ARCH=x86_64 SYSCALL=connect AUID="unset" UID="root" GID="root" EUID="root" SUID="root" FSUID="root" EGID="root" SGID="root" FSGID="root"
type=SOCKADDR msg=audit(1768183393.791:2071): saddr=00000000000000000000000000000000SADDR=unknown-family(0)
type=PROCTITLE msg=audit(1768183393.791:2071): proctitle=2F7573722F7362696E2F61706163686532002D6B00677261636566756C
type=SYSCALL msg=audit(1768183393.791:2072): arch=c000003e syscall=42 success=no exit=-22 a0=5 a1=5ced2be7f690 a2=1c a3=0 items=0 ppid=1492 pid=1495 auid=4294967295 uid=0 gid=0 euid=0 suid=0 fsuid=0 egid=0 sgid=0 fsgid=0 tty=(none) ses=4294967295 comm="apache2" exe="/usr/sbin/apache2" subj=unconfined key="T1043_Commonly_Used_Port"ARCH=x86_64 SYSCALL=connect AUID="unset" UID="root" GID="root" EUID="root" SUID="root" FSUID="root" EGID="root" SGID="root" FSGID="root"
type=SOCKADDR msg=audit(1768183393.791:2072): saddr=0A00000000000000FE800000000000000A0027FFFE3F373900000000SADDR={ saddr_fam=inet6 laddr=fe80::a00:27ff:fe3f:3739 lport=0 }
type=PROCTITLE msg=audit(1768183393.791:2072): proctitle=2F7573722F7362696E2F61706163686532002D6B00677261636566756C
type=SYSCALL msg=audit(1768183393.791:2073): arch=c000003e syscall=42 success=yes exit=0 a0=5 a1=7ffe4ef302f0 a2=10 a3=0 items=0 ppid=1492 pid=1495 auid=4294967295 uid=0 gid=0 euid=0 suid=0 fsuid=0 egid=0 sgid=0 fsgid=0 tty=(none) ses=4294967295 comm="apache2" exe="/usr/sbin/apache2" subj=unconfined key="T1043_Commonly_Used_Port"ARCH=x86_64 SYSCALL=connect AUID="unset" UID="root" GID="root" EUID="root" SUID="root" FSUID="root" EGID="root" SGID="root" FSGID="root"
type=SOCKADDR msg=audit(1768183393.791:2073): saddr=00000000000000000000000000000000SADDR=unknown-family(0)
type=PROCTITLE msg=audit(1768183393.791:2073): proctitle=2F7573722F7362696E2F61706163686532002D6B00677261636566756C
type=SYSCALL msg=audit(1768183393.791:2074): arch=c000003e syscall=42 success=no exit=-22 a0=5 a1=5ced2be7f6f0 a2=1c a3=0 items=0 ppid=1492 pid=1495 auid=4294967295 uid=0 gid=0 euid=0 suid=0 fsuid=0 egid=0 sgid=0 fsgid=0 tty=(none) ses=4294967295 comm="apache2" exe="/usr/sbin/apache2" subj=unconfined key="T1043_Commonly_Used_Port"ARCH=x86_64 SYSCALL=connect AUID="unset" UID="root" GID="root" EUID="root" SUID="root" FSUID="root" EGID="root" SGID="root" FSGID="root"
type=SOCKADDR msg=audit(1768183393.791:2074): saddr=0A00000000000000FE800000000000000A0027FFFE270D1D00000000SADDR={ saddr_fam=inet6 laddr=fe80::a00:27ff:fe27:d1d lport=0 }
type=PROCTITLE msg=audit(1768183393.791:2074): proctitle=2F7573722F7362696E2F61706163686532002D6B00677261636566756C
type=SYSCALL msg=audit(1768183393.791:2075): arch=c000003e syscall=42 success=yes exit=0 a0=5 a1=75204d20b694 a2=10 a3=7ffe4ef2eb14 items=0 ppid=1492 pid=1495 auid=4294967295 uid=0 gid=0 euid=0 suid=0 fsuid=0 egid=0 sgid=0 fsgid=0 tty=(none) ses=4294967295 comm="apache2" exe="/usr/sbin/apache2" subj=unconfined key="T1043_Commonly_Used_Port"ARCH=x86_64 SYSCALL=connect AUID="unset" UID="root" GID="root" EUID="root" SUID="root" FSUID="root" EGID="root" SGID="root" FSGID="root"
type=SOCKADDR msg=audit(1768183393.791:2075): saddr=020000357F0000350000000000000000SADDR={ saddr_fam=inet laddr=127.0.0.53 lport=53 }
type=PROCTITLE msg=audit(1768183393.791:2075): proctitle=2F7573722F7362696E2F61706163686532002D6B00677261636566756C
type=SYSCALL msg=audit(1768183393.821:2076): arch=c000003e syscall=42 success=yes exit=0 a0=5 a1=55c4098dc9f0 a2=1c a3=0 items=0 ppid=1 pid=1468 auid=4294967295 uid=0 gid=0 euid=0 suid=0 fsuid=0 egid=0 sgid=0 fsgid=0 tty=(none) ses=4294967295 comm="apache2" exe="/usr/sbin/apache2" subj=unconfined key="T1043_Commonly_Used_Port"ARCH=x86_64 SYSCALL=connect AUID="unset" UID="root" GID="root" EUID="root" SUID="root" FSUID="root" EGID="root" SGID="root" FSGID="root"
type=SOCKADDR msg=audit(1768183393.821:2076): saddr=0A000000000000000000000000000000000000000000000000000000SADDR={ saddr_fam=inet6 laddr=:: lport=0 }
type=PROCTITLE msg=audit(1768183393.821:2076): proctitle=2F7573722F7362696E2F61706163686532002D6B007374617274
type=SYSCALL msg=audit(1768183393.832:2077): arch=c000003e syscall=42 success=yes exit=0 a0=5 a1=7fff7fbcdf70 a2=10 a3=0 items=0 ppid=1 pid=1468 auid=4294967295 uid=0 gid=0 euid=0 suid=0 fsuid=0 egid=0 sgid=0 fsgid=0 tty=(none) ses=4294967295 comm="apache2" exe="/usr/sbin/apache2" subj=unconfined key="T1043_Commonly_Used_Port"ARCH=x86_64 SYSCALL=connect AUID="unset" UID="root" GID="root" EUID="root" SUID="root" FSUID="root" EGID="root" SGID="root" FSGID="root"
type=SOCKADDR msg=audit(1768183393.832:2077): saddr=00000000000000000000000000000000SADDR=unknown-family(0)
type=PROCTITLE msg=audit(1768183393.832:2077): proctitle=2F7573722F7362696E2F61706163686532002D6B007374617274
type=SYSCALL msg=audit(1768183393.832:2078): arch=c000003e syscall=42 success=yes exit=0 a0=5 a1=55c409741f50 a2=10 a3=0 items=0 ppid=1 pid=1468 auid=4294967295 uid=0 gid=0 euid=0 suid=0 fsuid=0 egid=0 sgid=0 fsgid=0 tty=(none) ses=4294967295 comm="apache2" exe="/usr/sbin/apache2" subj=unconfined key="T1043_Commonly_Used_Port"ARCH=x86_64 SYSCALL=connect AUID="unset" UID="root" GID="root" EUID="root" SUID="root" FSUID="root" EGID="root" SGID="root" FSGID="root"
type=SOCKADDR msg=audit(1768183393.832:2078): saddr=02000000000000000000000000000000SADDR={ saddr_fam=inet laddr=0.0.0.0 lport=0 }
type=PROCTITLE msg=audit(1768183393.832:2078): proctitle=2F7573722F7362696E2F61706163686532002D6B007374617274
type=SYSCALL msg=audit(1768183393.832:2079): arch=c000003e syscall=42 success=yes exit=0 a0=5 a1=55c4098dc9f0 a2=1c a3=0 items=0 ppid=1 pid=1468 auid=4294967295 uid=0 gid=0 euid=0 suid=0 fsuid=0 egid=0 sgid=0 fsgid=0 tty=(none) ses=4294967295 comm="apache2" exe="/usr/sbin/apache2" subj=unconfined key="T1043_Commonly_Used_Port"ARCH=x86_64 SYSCALL=connect AUID="unset" UID="root" GID="root" EUID="root" SUID="root" FSUID="root" EGID="root" SGID="root" FSGID="root"
type=SOCKADDR msg=audit(1768183393.832:2079): saddr=0A000050000000000000000000000000000000000000000000000000SADDR={ saddr_fam=inet6 laddr=:: lport=80 }
type=PROCTITLE msg=audit(1768183393.832:2079): proctitle=2F7573722F7362696E2F61706163686532002D6B007374617274
type=SYSCALL msg=audit(1768183393.832:2080): arch=c000003e syscall=42 success=yes exit=0 a0=5 a1=7fff7fbcdba0 a2=10 a3=0 items=0 ppid=1 pid=1468 auid=4294967295 uid=0 gid=0 euid=0 suid=0 fsuid=0 egid=0 sgid=0 fsgid=0 tty=(none) ses=4294967295 comm="apache2" exe="/usr/sbin/apache2" subj=unconfined key="T1043_Commonly_Used_Port"ARCH=x86_64 SYSCALL=connect AUID="unset" UID="root" GID="root" EUID="root" SUID="root" FSUID="root" EGID="root" SGID="root" FSGID="root"
type=SOCKADDR msg=audit(1768183393.832:2080): saddr=00000000000000000000000000000000SADDR=unknown-family(0)
type=PROCTITLE msg=audit(1768183393.832:2080): proctitle=2F7573722F7362696E2F61706163686532002D6B007374617274
type=SYSCALL msg=audit(1768183393.832:2081): arch=c000003e syscall=42 success=yes exit=0 a0=5 a1=55c409a6b8f0 a2=10 a3=0 items=0 ppid=1 pid=1468 auid=4294967295 uid=0 gid=0 euid=0 suid=0 fsuid=0 egid=0 sgid=0 fsgid=0 tty=(none) ses=4294967295 comm="apache2" exe="/usr/sbin/apache2" subj=unconfined key="T1043_Commonly_Used_Port"ARCH=x86_64 SYSCALL=connect AUID="unset" UID="root" GID="root" EUID="root" SUID="root" FSUID="root" EGID="root" SGID="root" FSGID="root"
type=SOCKADDR msg=audit(1768183393.832:2081): saddr=02000050000000000000000000000000SADDR={ saddr_fam=inet laddr=0.0.0.0 lport=80 }
type=PROCTITLE msg=audit(1768183393.832:2081): proctitle=2F7573722F7362696E2F61706163686532002D6B007374617274
type=SYSCALL msg=audit(1768183393.832:2082): arch=c000003e syscall=42 success=yes exit=0 a0=5 a1=77a23760b694 a2=10 a3=7fff7fbcb704 items=0 ppid=1 pid=1468 auid=4294967295 uid=0 gid=0 euid=0 suid=0 fsuid=0 egid=0 sgid=0 fsgid=0 tty=(none) ses=4294967295 comm="apache2" exe="/usr/sbin/apache2" subj=unconfined key="T1043_Commonly_Used_Port"ARCH=x86_64 SYSCALL=connect AUID="unset" UID="root" GID="root" EUID="root" SUID="root" FSUID="root" EGID="root" SGID="root" FSGID="root"
type=SOCKADDR msg=audit(1768183393.832:2082): saddr=020000357F0000350000000000000000SADDR={ saddr_fam=inet laddr=127.0.0.53 lport=53 }
type=PROCTITLE msg=audit(1768183393.832:2082): proctitle=2F7573722F7362696E2F61706163686532002D6B007374617274
type=SYSCALL msg=audit(1768183393.858:2083): arch=c000003e syscall=42 success=yes exit=0 a0=5 a1=77a23760b694 a2=10 a3=7fff7fbcb704 items=0 ppid=1 pid=1468 auid=4294967295 uid=0 gid=0 euid=0 suid=0 fsuid=0 egid=0 sgid=0 fsgid=0 tty=(none) ses=4294967295 comm="apache2" exe="/usr/sbin/apache2" subj=unconfined key="T1043_Commonly_Used_Port"ARCH=x86_64 SYSCALL=connect AUID="unset" UID="root" GID="root" EUID="root" SUID="root" FSUID="root" EGID="root" SGID="root" FSGID="root"
type=SOCKADDR msg=audit(1768183393.858:2083): saddr=020000357F0000350000000000000000SADDR={ saddr_fam=inet laddr=127.0.0.53 lport=53 }
type=PROCTITLE msg=audit(1768183393.858:2083): proctitle=2F7573722F7362696E2F61706163686532002D6B007374617274
type=SYSCALL msg=audit(1768183393.858:2084): arch=c000003e syscall=42 success=yes exit=0 a0=5 a1=55c409a6b8f0 a2=10 a3=0 items=0 ppid=1 pid=1468 auid=4294967295 uid=0 gid=0 euid=0 suid=0 fsuid=0 egid=0 sgid=0 fsgid=0 tty=(none) ses=4294967295 comm="apache2" exe="/usr/sbin/apache2" subj=unconfined key="T1043_Commonly_Used_Port"ARCH=x86_64 SYSCALL=connect AUID="unset" UID="root" GID="root" EUID="root" SUID="root" FSUID="root" EGID="root" SGID="root" FSGID="root"
type=SOCKADDR msg=audit(1768183393.858:2084): saddr=020000000A00020F0000000000000000SADDR={ saddr_fam=inet laddr=10.0.2.15 lport=0 }
type=PROCTITLE msg=audit(1768183393.858:2084): proctitle=2F7573722F7362696E2F61706163686532002D6B007374617274
type=SYSCALL msg=audit(1768183393.858:2085): arch=c000003e syscall=42 success=yes exit=0 a0=5 a1=7fff7fbcd5f0 a2=10 a3=0 items=0 ppid=1 pid=1468 auid=4294967295 uid=0 gid=0 euid=0 suid=0 fsuid=0 egid=0 sgid=0 fsgid=0 tty=(none) ses=4294967295 comm="apache2" exe="/usr/sbin/apache2" subj=unconfined key="T1043_Commonly_Used_Port"ARCH=x86_64 SYSCALL=connect AUID="unset" UID="root" GID="root" EUID="root" SUID="root" FSUID="root" EGID="root" SGID="root" FSGID="root"
type=SOCKADDR msg=audit(1768183393.858:2085): saddr=00000000000000000000000000000000SADDR=unknown-family(0)
type=PROCTITLE msg=audit(1768183393.858:2085): proctitle=2F7573722F7362696E2F61706163686532002D6B007374617274
type=SYSCALL msg=audit(1768183393.858:2086): arch=c000003e syscall=42 success=yes exit=0 a0=5 a1=55c409a6baa0 a2=10 a3=0 items=0 ppid=1 pid=1468 auid=4294967295 uid=0 gid=0 euid=0 suid=0 fsuid=0 egid=0 sgid=0 fsgid=0 tty=(none) ses=4294967295 comm="apache2" exe="/usr/sbin/apache2" subj=unconfined key="T1043_Commonly_Used_Port"ARCH=x86_64 SYSCALL=connect AUID="unset" UID="root" GID="root" EUID="root" SUID="root" FSUID="root" EGID="root" SGID="root" FSGID="root"
type=SOCKADDR msg=audit(1768183393.858:2086): saddr=02000000C0A8386B0000000000000000SADDR={ saddr_fam=inet laddr=192.168.56.107 lport=0 }
type=PROCTITLE msg=audit(1768183393.858:2086): proctitle=2F7573722F7362696E2F61706163686532002D6B007374617274
type=SYSCALL msg=audit(1768183393.858:2087): arch=c000003e syscall=42 success=yes exit=0 a0=5 a1=55c4098dc9f0 a2=1c a3=0 items=0 ppid=1 pid=1468 auid=4294967295 uid=0 gid=0 euid=0 suid=0 fsuid=0 egid=0 sgid=0 fsgid=0 tty=(none) ses=4294967295 comm="apache2" exe="/usr/sbin/apache2" subj=unconfined key="T1043_Commonly_Used_Port"ARCH=x86_64 SYSCALL=connect AUID="unset" UID="root" GID="root" EUID="root" SUID="root" FSUID="root" EGID="root" SGID="root" FSGID="root"
type=SOCKADDR msg=audit(1768183393.858:2087): saddr=0A00000000000000FD17625CF03700020A0027FFFE3F373900000000SADDR={ saddr_fam=inet6 laddr=fd17:625c:f037:2:a00:27ff:fe3f:3739 lport=0 }
type=PROCTITLE msg=audit(1768183393.858:2087): proctitle=2F7573722F7362696E2F61706163686532002D6B007374617274
type=SYSCALL msg=audit(1768183393.861:2088): arch=c000003e syscall=42 success=yes exit=0 a0=5 a1=7fff7fbcd5f0 a2=10 a3=0 items=0 ppid=1 pid=1468 auid=4294967295 uid=0 gid=0 euid=0 suid=0 fsuid=0 egid=0 sgid=0 fsgid=0 tty=(none) ses=4294967295 comm="apache2" exe="/usr/sbin/apache2" subj=unconfined key="T1043_Commonly_Used_Port"ARCH=x86_64 SYSCALL=connect AUID="unset" UID="root" GID="root" EUID="root" SUID="root" FSUID="root" EGID="root" SGID="root" FSGID="root"
type=SOCKADDR msg=audit(1768183393.861:2088): saddr=00000000000000000000000000000000SADDR=unknown-family(0)
type=PROCTITLE msg=audit(1768183393.861:2088): proctitle=2F7573722F7362696E2F61706163686532002D6B007374617274
type=SYSCALL msg=audit(1768183393.861:2089): arch=c000003e syscall=42 success=no exit=-22 a0=5 a1=55c409a4c580 a2=1c a3=0 items=0 ppid=1 pid=1468 auid=4294967295 uid=0 gid=0 euid=0 suid=0 fsuid=0 egid=0 sgid=0 fsgid=0 tty=(none) ses=4294967295 comm="apache2" exe="/usr/sbin/apache2" subj=unconfined key="T1043_Commonly_Used_Port"ARCH=x86_64 SYSCALL=connect AUID="unset" UID="root" GID="root" EUID="root" SUID="root" FSUID="root" EGID="root" SGID="root" FSGID="root"
type=SOCKADDR msg=audit(1768183393.861:2089): saddr=0A00000000000000FE800000000000000A0027FFFE3F373900000000SADDR={ saddr_fam=inet6 laddr=fe80::a00:27ff:fe3f:3739 lport=0 }
type=PROCTITLE msg=audit(1768183393.861:2089): proctitle=2F7573722F7362696E2F61706163686532002D6B007374617274
type=SYSCALL msg=audit(1768183393.861:2090): arch=c000003e syscall=42 success=yes exit=0 a0=5 a1=7fff7fbcd5f0 a2=10 a3=0 items=0 ppid=1 pid=1468 auid=4294967295 uid=0 gid=0 euid=0 suid=0 fsuid=0 egid=0 sgid=0 fsgid=0 tty=(none) ses=4294967295 comm="apache2" exe="/usr/sbin/apache2" subj=unconfined key="T1043_Commonly_Used_Port"ARCH=x86_64 SYSCALL=connect AUID="unset" UID="root" GID="root" EUID="root" SUID="root" FSUID="root" EGID="root" SGID="root" FSGID="root"
type=SOCKADDR msg=audit(1768183393.861:2090): saddr=00000000000000000000000000000000SADDR=unknown-family(0)
type=PROCTITLE msg=audit(1768183393.861:2090): proctitle=2F7573722F7362696E2F61706163686532002D6B007374617274
type=SYSCALL msg=audit(1768183393.861:2091): arch=c000003e syscall=42 success=no exit=-22 a0=5 a1=55c409a4c270 a2=1c a3=0 items=0 ppid=1 pid=1468 auid=4294967295 uid=0 gid=0 euid=0 suid=0 fsuid=0 egid=0 sgid=0 fsgid=0 tty=(none) ses=4294967295 comm="apache2" exe="/usr/sbin/apache2" subj=unconfined key="T1043_Commonly_Used_Port"ARCH=x86_64 SYSCALL=connect AUID="unset" UID="root" GID="root" EUID="root" SUID="root" FSUID="root" EGID="root" SGID="root" FSGID="root"
type=SOCKADDR msg=audit(1768183393.861:2091): saddr=0A00000000000000FE800000000000000A0027FFFE270D1D00000000SADDR={ saddr_fam=inet6 laddr=fe80::a00:27ff:fe27:d1d lport=0 }
type=PROCTITLE msg=audit(1768183393.861:2091): proctitle=2F7573722F7362696E2F61706163686532002D6B007374617274
type=SYSCALL msg=audit(1768183393.862:2092): arch=c000003e syscall=42 success=yes exit=0 a0=5 a1=77a23760b694 a2=10 a3=7fff7fbcbe14 items=0 ppid=1 pid=1468 auid=4294967295 uid=0 gid=0 euid=0 suid=0 fsuid=0 egid=0 sgid=0 fsgid=0 tty=(none) ses=4294967295 comm="apache2" exe="/usr/sbin/apache2" subj=unconfined key="T1043_Commonly_Used_Port"ARCH=x86_64 SYSCALL=connect AUID="unset" UID="root" GID="root" EUID="root" SUID="root" FSUID="root" EGID="root" SGID="root" FSGID="root"
type=SOCKADDR msg=audit(1768183393.862:2092): saddr=020000357F0000350000000000000000SADDR={ saddr_fam=inet laddr=127.0.0.53 lport=53 }
type=PROCTITLE msg=audit(1768183393.862:2092): proctitle=2F7573722F7362696E2F61706163686532002D6B007374617274
type=SYSCALL msg=audit(1768183393.895:2093): arch=c000003e syscall=106 success=yes exit=0 a0=21 a1=77a23762e4a0 a2=0 a3=22 items=0 ppid=1468 pid=1497 auid=4294967295 uid=0 gid=33 euid=0 suid=0 fsuid=0 egid=33 sgid=33 fsgid=33 tty=(none) ses=4294967295 comm="apache2" exe="/usr/sbin/apache2" subj=unconfined key="T1166_Seuid_and_Setgid"ARCH=x86_64 SYSCALL=setgid AUID="unset" UID="root" GID="www-data" EUID="root" SUID="root" FSUID="root" EGID="www-data" SGID="www-data" FSGID="www-data"
type=PROCTITLE msg=audit(1768183393.895:2093): proctitle=2F7573722F7362696E2F61706163686532002D6B007374617274
type=SYSCALL msg=audit(1768183393.895:2094): arch=c000003e syscall=42 success=yes exit=0 a0=c a1=7fff7fbce3e0 a2=2d a3=55c409b3d970 items=1 ppid=1468 pid=1497 auid=4294967295 uid=0 gid=33 euid=0 suid=0 fsuid=0 egid=33 sgid=33 fsgid=33 tty=(none) ses=4294967295 comm="apache2" exe="/usr/sbin/apache2" subj=unconfined key="T1043_Commonly_Used_Port"ARCH=x86_64 SYSCALL=connect AUID="unset" UID="root" GID="www-data" EUID="root" SUID="root" FSUID="root" EGID="www-data" SGID="www-data" FSGID="www-data"
type=SOCKADDR msg=audit(1768183393.895:2094): saddr=01002F72756E2F73797374656D642F7573657264622F696F2E73797374656D642E44796E616D69635573657200SADDR={ saddr_fam=local path=/run/systemd/userdb/io.systemd.DynamicUser }
type=PATH msg=audit(1768183393.895:2094): item=0 name="/run/systemd/userdb/io.systemd.DynamicUser" inode=443 dev=00:18 mode=0140666 ouid=0 ogid=0 rdev=00:00 nametype=NORMAL cap_fp=0 cap_fi=0 cap_fe=0 cap_fver=0 cap_frootid=0OUID="root" OGID="root"
type=PROCTITLE msg=audit(1768183393.895:2094): proctitle=2F7573722F7362696E2F61706163686532002D6B007374617274
type=SYSCALL msg=audit(1768183393.895:2095): arch=c000003e syscall=105 success=yes exit=0 a0=21 a1=55c4099b5530 a2=55c155f37985 a3=55c4099b5540 items=0 ppid=1468 pid=1497 auid=4294967295 uid=33 gid=33 euid=33 suid=33 fsuid=33 egid=33 sgid=33 fsgid=33 tty=(none) ses=4294967295 comm="apache2" exe="/usr/sbin/apache2" subj=unconfined key="T1166_Seuid_and_Setgid"ARCH=x86_64 SYSCALL=setuid AUID="unset" UID="www-data" GID="www-data" EUID="www-data" SUID="www-data" FSUID="www-data" EGID="www-data" SGID="www-data" FSGID="www-data"
type=PROCTITLE msg=audit(1768183393.895:2095): proctitle=2F7573722F7362696E2F61706163686532002D6B007374617274
type=SYSCALL msg=audit(1768183393.899:2096): arch=c000003e syscall=106 success=yes exit=0 a0=21 a1=77a23762e4a0 a2=0 a3=22 items=0 ppid=1468 pid=1498 auid=4294967295 uid=0 gid=33 euid=0 suid=0 fsuid=0 egid=33 sgid=33 fsgid=33 tty=(none) ses=4294967295 comm="apache2" exe="/usr/sbin/apache2" subj=unconfined key="T1166_Seuid_and_Setgid"ARCH=x86_64 SYSCALL=setgid AUID="unset" UID="root" GID="www-data" EUID="root" SUID="root" FSUID="root" EGID="www-data" SGID="www-data" FSGID="www-data"
type=SYSCALL msg=audit(1768183393.899:2097): arch=c000003e syscall=106 success=yes exit=0 a0=21 a1=77a23762e4a0 a2=0 a3=22 items=0 ppid=1468 pid=1499 auid=4294967295 uid=0 gid=33 euid=0 suid=0 fsuid=0 egid=33 sgid=33 fsgid=33 tty=(none) ses=4294967295 comm="apache2" exe="/usr/sbin/apache2" subj=unconfined key="T1166_Seuid_and_Setgid"ARCH=x86_64 SYSCALL=setgid AUID="unset" UID="root" GID="www-data" EUID="root" SUID="root" FSUID="root" EGID="www-data" SGID="www-data" FSGID="www-data"
type=PROCTITLE msg=audit(1768183393.899:2097): proctitle=2F7573722F7362696E2F61706163686532002D6B007374617274
type=PROCTITLE msg=audit(1768183393.899:2096): proctitle=2F7573722F7362696E2F61706163686532002D6B007374617274
type=SYSCALL msg=audit(1768183393.900:2098): arch=c000003e syscall=42 success=yes exit=0 a0=c a1=7fff7fbce3e0 a2=2d a3=55c409b3d970 items=1 ppid=1468 pid=1499 auid=4294967295 uid=0 gid=33 euid=0 suid=0 fsuid=0 egid=33 sgid=33 fsgid=33 tty=(none) ses=4294967295 comm="apache2" exe="/usr/sbin/apache2" subj=unconfined key="T1043_Commonly_Used_Port"ARCH=x86_64 SYSCALL=connect AUID="unset" UID="root" GID="www-data" EUID="root" SUID="root" FSUID="root" EGID="www-data" SGID="www-data" FSGID="www-data"
type=SOCKADDR msg=audit(1768183393.900:2098): saddr=01002F72756E2F73797374656D642F7573657264622F696F2E73797374656D642E44796E616D69635573657200SADDR={ saddr_fam=local path=/run/systemd/userdb/io.systemd.DynamicUser }
type=PATH msg=audit(1768183393.900:2098): item=0 name="/run/systemd/userdb/io.systemd.DynamicUser" inode=443 dev=00:18 mode=0140666 ouid=0 ogid=0 rdev=00:00 nametype=NORMAL cap_fp=0 cap_fi=0 cap_fe=0 cap_fver=0 cap_frootid=0OUID="root" OGID="root"
type=PROCTITLE msg=audit(1768183393.900:2098): proctitle=2F7573722F7362696E2F61706163686532002D6B007374617274
type=SYSCALL msg=audit(1768183393.900:2099): arch=c000003e syscall=42 success=yes exit=0 a0=c a1=7fff7fbce3e0 a2=2d a3=55c409b3d970 items=1 ppid=1468 pid=1498 auid=4294967295 uid=0 gid=33 euid=0 suid=0 fsuid=0 egid=33 sgid=33 fsgid=33 tty=(none) ses=4294967295 comm="apache2" exe="/usr/sbin/apache2" subj=unconfined key="T1043_Commonly_Used_Port"ARCH=x86_64 SYSCALL=connect AUID="unset" UID="root" GID="www-data" EUID="root" SUID="root" FSUID="root" EGID="www-data" SGID="www-data" FSGID="www-data"
type=SOCKADDR msg=audit(1768183393.900:2099): saddr=01002F72756E2F73797374656D642F7573657264622F696F2E73797374656D642E44796E616D69635573657200SADDR={ saddr_fam=local path=/run/systemd/userdb/io.systemd.DynamicUser }
type=PATH msg=audit(1768183393.900:2099): item=0 name="/run/systemd/userdb/io.systemd.DynamicUser" inode=443 dev=00:18 mode=0140666 ouid=0 ogid=0 rdev=00:00 nametype=NORMAL cap_fp=0 cap_fi=0 cap_fe=0 cap_fver=0 cap_frootid=0OUID="root" OGID="root"
type=PROCTITLE msg=audit(1768183393.900:2099): proctitle=2F7573722F7362696E2F61706163686532002D6B007374617274
type=SYSCALL msg=audit(1768183393.902:2100): arch=c000003e syscall=105 success=yes exit=0 a0=21 a1=55c4099b5530 a2=55c155f37985 a3=55c4099b5540 items=0 ppid=1468 pid=1498 auid=4294967295 uid=33 gid=33 euid=33 suid=33 fsuid=33 egid=33 sgid=33 fsgid=33 tty=(none) ses=4294967295 comm="apache2" exe="/usr/sbin/apache2" subj=unconfined key="T1166_Seuid_and_Setgid"ARCH=x86_64 SYSCALL=setuid AUID="unset" UID="www-data" GID="www-data" EUID="www-data" SUID="www-data" FSUID="www-data" EGID="www-data" SGID="www-data" FSGID="www-data"
type=PROCTITLE msg=audit(1768183393.902:2100): proctitle=2F7573722F7362696E2F61706163686532002D6B007374617274
type=SYSCALL msg=audit(1768183393.904:2101): arch=c000003e syscall=106 success=yes exit=0 a0=21 a1=77a23762e4a0 a2=0 a3=22 items=0 ppid=1468 pid=1500 auid=4294967295 uid=0 gid=33 euid=0 suid=0 fsuid=0 egid=33 sgid=33 fsgid=33 tty=(none) ses=4294967295 comm="apache2" exe="/usr/sbin/apache2" subj=unconfined key="T1166_Seuid_and_Setgid"ARCH=x86_64 SYSCALL=setgid AUID="unset" UID="root" GID="www-data" EUID="root" SUID="root" FSUID="root" EGID="www-data" SGID="www-data" FSGID="www-data"
type=PROCTITLE msg=audit(1768183393.904:2101): proctitle=2F7573722F7362696E2F61706163686532002D6B007374617274
type=SYSCALL msg=audit(1768183393.904:2102): arch=c000003e syscall=106 success=yes exit=0 a0=21 a1=77a23762e4a0 a2=0 a3=22 items=0 ppid=1468 pid=1501 auid=4294967295 uid=0 gid=33 euid=0 suid=0 fsuid=0 egid=33 sgid=33 fsgid=33 tty=(none) ses=4294967295 comm="apache2" exe="/usr/sbin/apache2" subj=unconfined key="T1166_Seuid_and_Setgid"ARCH=x86_64 SYSCALL=setgid AUID="unset" UID="root" GID="www-data" EUID="root" SUID="root" FSUID="root" EGID="www-data" SGID="www-data" FSGID="www-data"
type=PROCTITLE msg=audit(1768183393.904:2102): proctitle=2F7573722F7362696E2F61706163686532002D6B007374617274
type=SYSCALL msg=audit(1768183393.906:2103): arch=c000003e syscall=105 success=yes exit=0 a0=21 a1=55c4099b5530 a2=55c155f37985 a3=55c4099b5540 items=0 ppid=1468 pid=1499 auid=4294967295 uid=33 gid=33 euid=33 suid=33 fsuid=33 egid=33 sgid=33 fsgid=33 tty=(none) ses=4294967295 comm="apache2" exe="/usr/sbin/apache2" subj=unconfined key="T1166_Seuid_and_Setgid"ARCH=x86_64 SYSCALL=setuid AUID="unset" UID="www-data" GID="www-data" EUID="www-data" SUID="www-data" FSUID="www-data" EGID="www-data" SGID="www-data" FSGID="www-data"
type=PROCTITLE msg=audit(1768183393.906:2103): proctitle=2F7573722F7362696E2F61706163686532002D6B007374617274
type=SYSCALL msg=audit(1768183393.904:2104): arch=c000003e syscall=42 success=yes exit=0 a0=c a1=7fff7fbce3e0 a2=2d a3=55c409b3d970 items=1 ppid=1468 pid=1500 auid=4294967295 uid=0 gid=33 euid=0 suid=0 fsuid=0 egid=33 sgid=33 fsgid=33 tty=(none) ses=4294967295 comm="apache2" exe="/usr/sbin/apache2" subj=unconfined key="T1043_Commonly_Used_Port"ARCH=x86_64 SYSCALL=connect AUID="unset" UID="root" GID="www-data" EUID="root" SUID="root" FSUID="root" EGID="www-data" SGID="www-data" FSGID="www-data"
type=SOCKADDR msg=audit(1768183393.904:2104): saddr=01002F72756E2F73797374656D642F7573657264622F696F2E73797374656D642E44796E616D69635573657200SADDR={ saddr_fam=local path=/run/systemd/userdb/io.systemd.DynamicUser }
type=PATH msg=audit(1768183393.904:2104): item=0 name="/run/systemd/userdb/io.systemd.DynamicUser" inode=443 dev=00:18 mode=0140666 ouid=0 ogid=0 rdev=00:00 nametype=NORMAL cap_fp=0 cap_fi=0 cap_fe=0 cap_fver=0 cap_frootid=0OUID="root" OGID="root"
type=PROCTITLE msg=audit(1768183393.904:2104): proctitle=2F7573722F7362696E2F61706163686532002D6B007374617274
type=SYSCALL msg=audit(1768183393.909:2106): arch=c000003e syscall=105 success=yes exit=0 a0=21 a1=55c4099b5530 a2=55c155f37985 a3=55c4099b5540 items=0 ppid=1468 pid=1500 auid=4294967295 uid=33 gid=33 euid=33 suid=33 fsuid=33 egid=33 sgid=33 fsgid=33 tty=(none) ses=4294967295 comm="apache2" exe="/usr/sbin/apache2" subj=unconfined key="T1166_Seuid_and_Setgid"ARCH=x86_64 SYSCALL=setuid AUID="unset" UID="www-data" GID="www-data" EUID="www-data" SUID="www-data" FSUID="www-data" EGID="www-data" SGID="www-data" FSGID="www-data"
type=SYSCALL msg=audit(1768183393.904:2105): arch=c000003e syscall=42 success=yes exit=0 a0=c a1=7fff7fbce3e0 a2=2d a3=55c409b3d970 items=1 ppid=1468 pid=1501 auid=4294967295 uid=0 gid=33 euid=0 suid=0 fsuid=0 egid=33 sgid=33 fsgid=33 tty=(none) ses=4294967295 comm="apache2" exe="/usr/sbin/apache2" subj=unconfined key="T1043_Commonly_Used_Port"ARCH=x86_64 SYSCALL=connect AUID="unset" UID="root" GID="www-data" EUID="root" SUID="root" FSUID="root" EGID="www-data" SGID="www-data" FSGID="www-data"
type=SOCKADDR msg=audit(1768183393.904:2105): saddr=01002F72756E2F73797374656D642F7573657264622F696F2E73797374656D642E44796E616D69635573657200SADDR={ saddr_fam=local path=/run/systemd/userdb/io.systemd.DynamicUser }
type=PATH msg=audit(1768183393.904:2105): item=0 name="/run/systemd/userdb/io.systemd.DynamicUser" inode=443 dev=00:18 mode=0140666 ouid=0 ogid=0 rdev=00:00 nametype=NORMAL cap_fp=0 cap_fi=0 cap_fe=0 cap_fver=0 cap_frootid=0OUID="root" OGID="root"
type=PROCTITLE msg=audit(1768183393.904:2105): proctitle=2F7573722F7362696E2F61706163686532002D6B007374617274
type=PROCTITLE msg=audit(1768183393.909:2106): proctitle=2F7573722F7362696E2F61706163686532002D6B007374617274
type=SYSCALL msg=audit(1768183393.911:2107): arch=c000003e syscall=105 success=yes exit=0 a0=21 a1=55c4099b5530 a2=55c155f37985 a3=55c4099b5540 items=0 ppid=1468 pid=1501 auid=4294967295 uid=33 gid=33 euid=33 suid=33 fsuid=33 egid=33 sgid=33 fsgid=33 tty=(none) ses=4294967295 comm="apache2" exe="/usr/sbin/apache2" subj=unconfined key="T1166_Seuid_and_Setgid"ARCH=x86_64 SYSCALL=setuid AUID="unset" UID="www-data" GID="www-data" EUID="www-data" SUID="www-data" FSUID="www-data" EGID="www-data" SGID="www-data" FSGID="www-data"
type=PROCTITLE msg=audit(1768183393.911:2107): proctitle=2F7573722F7362696E2F61706163686532002D6B007374617274
type=SYSCALL msg=audit(1768183403.058:2108): arch=c000003e syscall=42 success=yes exit=0 a0=e a1=7fff7fbcaf10 a2=1d a3=1 items=1 ppid=1468 pid=1497 auid=4294967295 uid=33 gid=33 euid=33 suid=33 fsuid=33 egid=33 sgid=33 fsgid=33 tty=(none) ses=4294967295 comm="apache2" exe="/usr/sbin/apache2" subj=unconfined key="T1043_Commonly_Used_Port"ARCH=x86_64 SYSCALL=connect AUID="unset" UID="www-data" GID="www-data" EUID="www-data" SUID="www-data" FSUID="www-data" EGID="www-data" SGID="www-data" FSGID="www-data"
type=SOCKADDR msg=audit(1768183403.058:2108): saddr=01002F7661722F72756E2F6D7973716C642F6D7973716C642E736F636BSADDR={ saddr_fam=local path=/var/run/mysqld/mysqld.sock }
type=PATH msg=audit(1768183403.058:2108): item=0 name="/var/run/mysqld/mysqld.sock" inode=1357 dev=00:18 mode=0140777 ouid=111 ogid=111 rdev=00:00 nametype=NORMAL cap_fp=0 cap_fi=0 cap_fe=0 cap_fver=0 cap_frootid=0OUID="mysql" OGID="mysql"
type=PROCTITLE msg=audit(1768183403.058:2108): proctitle=2F7573722F7362696E2F61706163686532002D6B007374617274
type=SYSCALL msg=audit(1768183403.396:2109): arch=c000003e syscall=106 success=yes exit=0 a0=21 a1=77a23762e4a0 a2=0 a3=22 items=0 ppid=1468 pid=1503 auid=4294967295 uid=0 gid=33 euid=0 suid=0 fsuid=0 egid=33 sgid=33 fsgid=33 tty=(none) ses=4294967295 comm="apache2" exe="/usr/sbin/apache2" subj=unconfined key="T1166_Seuid_and_Setgid"ARCH=x86_64 SYSCALL=setgid AUID="unset" UID="root" GID="www-data" EUID="root" SUID="root" FSUID="root" EGID="www-data" SGID="www-data" FSGID="www-data"
type=PROCTITLE msg=audit(1768183403.396:2109): proctitle=2F7573722F7362696E2F61706163686532002D6B007374617274
type=SYSCALL msg=audit(1768183403.396:2110): arch=c000003e syscall=42 success=yes exit=0 a0=c a1=7fff7fbce3e0 a2=2d a3=55c409b3d970 items=1 ppid=1468 pid=1503 auid=4294967295 uid=0 gid=33 euid=0 suid=0 fsuid=0 egid=33 sgid=33 fsgid=33 tty=(none) ses=4294967295 comm="apache2" exe="/usr/sbin/apache2" subj=unconfined key="T1043_Commonly_Used_Port"ARCH=x86_64 SYSCALL=connect AUID="unset" UID="root" GID="www-data" EUID="root" SUID="root" FSUID="root" EGID="www-data" SGID="www-data" FSGID="www-data"
type=SOCKADDR msg=audit(1768183403.396:2110): saddr=01002F72756E2F73797374656D642F7573657264622F696F2E73797374656D642E44796E616D69635573657200SADDR={ saddr_fam=local path=/run/systemd/userdb/io.systemd.DynamicUser }
type=PATH msg=audit(1768183403.396:2110): item=0 name="/run/systemd/userdb/io.systemd.DynamicUser" inode=443 dev=00:18 mode=0140666 ouid=0 ogid=0 rdev=00:00 nametype=NORMAL cap_fp=0 cap_fi=0 cap_fe=0 cap_fver=0 cap_frootid=0OUID="root" OGID="root"
type=PROCTITLE msg=audit(1768183403.396:2110): proctitle=2F7573722F7362696E2F61706163686532002D6B007374617274
type=SYSCALL msg=audit(1768183403.398:2111): arch=c000003e syscall=105 success=yes exit=0 a0=21 a1=55c4099b5530 a2=55c155f37985 a3=55c4099b5540 items=0 ppid=1468 pid=1503 auid=4294967295 uid=33 gid=33 euid=33 suid=33 fsuid=33 egid=33 sgid=33 fsgid=33 tty=(none) ses=4294967295 comm="apache2" exe="/usr/sbin/apache2" subj=unconfined key="T1166_Seuid_and_Setgid"ARCH=x86_64 SYSCALL=setuid AUID="unset" UID="www-data" GID="www-data" EUID="www-data" SUID="www-data" FSUID="www-data" EGID="www-data" SGID="www-data" FSGID="www-data"
type=PROCTITLE msg=audit(1768183403.398:2111): proctitle=2F7573722F7362696E2F61706163686532002D6B007374617274
type=SYSCALL msg=audit(1768183404.768:2112): arch=c000003e syscall=42 success=yes exit=0 a0=d a1=7fff7fbcaf10 a2=1d a3=1 items=1 ppid=1468 pid=1497 auid=4294967295 uid=33 gid=33 euid=33 suid=33 fsuid=33 egid=33 sgid=33 fsgid=33 tty=(none) ses=4294967295 comm="apache2" exe="/usr/sbin/apache2" subj=unconfined key="T1043_Commonly_Used_Port"ARCH=x86_64 SYSCALL=connect AUID="unset" UID="www-data" GID="www-data" EUID="www-data" SUID="www-data" FSUID="www-data" EGID="www-data" SGID="www-data" FSGID="www-data"
type=SOCKADDR msg=audit(1768183404.768:2112): saddr=01002F7661722F72756E2F6D7973716C642F6D7973716C642E736F636BSADDR={ saddr_fam=local path=/var/run/mysqld/mysqld.sock }
type=PATH msg=audit(1768183404.768:2112): item=0 name="/var/run/mysqld/mysqld.sock" inode=1357 dev=00:18 mode=0140777 ouid=111 ogid=111 rdev=00:00 nametype=NORMAL cap_fp=0 cap_fi=0 cap_fe=0 cap_fver=0 cap_frootid=0OUID="mysql" OGID="mysql"
type=PROCTITLE msg=audit(1768183404.768:2112): proctitle=2F7573722F7362696E2F61706163686532002D6B007374617274
type=SYSCALL msg=audit(1768183405.905:2113): arch=c000003e syscall=42 success=yes exit=0 a0=d a1=7fff7fbcaf10 a2=1d a3=1 items=1 ppid=1468 pid=1500 auid=4294967295 uid=33 gid=33 euid=33 suid=33 fsuid=33 egid=33 sgid=33 fsgid=33 tty=(none) ses=4294967295 comm="apache2" exe="/usr/sbin/apache2" subj=unconfined key="T1043_Commonly_Used_Port"ARCH=x86_64 SYSCALL=connect AUID="unset" UID="www-data" GID="www-data" EUID="www-data" SUID="www-data" FSUID="www-data" EGID="www-data" SGID="www-data" FSGID="www-data"
type=SOCKADDR msg=audit(1768183405.905:2113): saddr=01002F7661722F72756E2F6D7973716C642F6D7973716C642E736F636BSADDR={ saddr_fam=local path=/var/run/mysqld/mysqld.sock }
type=PATH msg=audit(1768183405.905:2113): item=0 name="/var/run/mysqld/mysqld.sock" inode=1357 dev=00:18 mode=0140777 ouid=111 ogid=111 rdev=00:00 nametype=NORMAL cap_fp=0 cap_fi=0 cap_fe=0 cap_fver=0 cap_frootid=0OUID="mysql" OGID="mysql"
type=PROCTITLE msg=audit(1768183405.905:2113): proctitle=2F7573722F7362696E2F61706163686532002D6B007374617274
type=SYSCALL msg=audit(1768183405.917:2114): arch=c000003e syscall=42 success=yes exit=0 a0=d a1=7fff7fbcaf10 a2=1d a3=1 items=1 ppid=1468 pid=1503 auid=4294967295 uid=33 gid=33 euid=33 suid=33 fsuid=33 egid=33 sgid=33 fsgid=33 tty=(none) ses=4294967295 comm="apache2" exe="/usr/sbin/apache2" subj=unconfined key="T1043_Commonly_Used_Port"ARCH=x86_64 SYSCALL=connect AUID="unset" UID="www-data" GID="www-data" EUID="www-data" SUID="www-data" FSUID="www-data" EGID="www-data" SGID="www-data" FSGID="www-data"
type=SOCKADDR msg=audit(1768183405.917:2114): saddr=01002F7661722F72756E2F6D7973716C642F6D7973716C642E736F636BSADDR={ saddr_fam=local path=/var/run/mysqld/mysqld.sock }
type=PATH msg=audit(1768183405.917:2114): item=0 name="/var/run/mysqld/mysqld.sock" inode=1357 dev=00:18 mode=0140777 ouid=111 ogid=111 rdev=00:00 nametype=NORMAL cap_fp=0 cap_fi=0 cap_fe=0 cap_fver=0 cap_frootid=0OUID="mysql" OGID="mysql"
type=PROCTITLE msg=audit(1768183405.917:2114): proctitle=2F7573722F7362696E2F61706163686532002D6B007374617274
type=SYSCALL msg=audit(1768183405.923:2115): arch=c000003e syscall=42 success=yes exit=0 a0=d a1=7fff7fbcaf10 a2=1d a3=1 items=1 ppid=1468 pid=1497 auid=4294967295 uid=33 gid=33 euid=33 suid=33 fsuid=33 egid=33 sgid=33 fsgid=33 tty=(none) ses=4294967295 comm="apache2" exe="/usr/sbin/apache2" subj=unconfined key="T1043_Commonly_Used_Port"ARCH=x86_64 SYSCALL=connect AUID="unset" UID="www-data" GID="www-data" EUID="www-data" SUID="www-data" FSUID="www-data" EGID="www-data" SGID="www-data" FSGID="www-data"
type=SOCKADDR msg=audit(1768183405.923:2115): saddr=01002F7661722F72756E2F6D7973716C642F6D7973716C642E736F636BSADDR={ saddr_fam=local path=/var/run/mysqld/mysqld.sock }
type=PATH msg=audit(1768183405.923:2115): item=0 name="/var/run/mysqld/mysqld.sock" inode=1357 dev=00:18 mode=0140777 ouid=111 ogid=111 rdev=00:00 nametype=NORMAL cap_fp=0 cap_fi=0 cap_fe=0 cap_fver=0 cap_frootid=0OUID="mysql" OGID="mysql"
type=PROCTITLE msg=audit(1768183405.923:2115): proctitle=2F7573722F7362696E2F61706163686532002D6B007374617274
type=SYSCALL msg=audit(1768183405.926:2116): arch=c000003e syscall=42 success=yes exit=0 a0=d a1=7fff7fbcaf10 a2=1d a3=1 items=1 ppid=1468 pid=1499 auid=4294967295 uid=33 gid=33 euid=33 suid=33 fsuid=33 egid=33 sgid=33 fsgid=33 tty=(none) ses=4294967295 comm="apache2" exe="/usr/sbin/apache2" subj=unconfined key="T1043_Commonly_Used_Port"ARCH=x86_64 SYSCALL=connect AUID="unset" UID="www-data" GID="www-data" EUID="www-data" SUID="www-data" FSUID="www-data" EGID="www-data" SGID="www-data" FSGID="www-data"
type=SOCKADDR msg=audit(1768183405.926:2116): saddr=01002F7661722F72756E2F6D7973716C642F6D7973716C642E736F636BSADDR={ saddr_fam=local path=/var/run/mysqld/mysqld.sock }
type=PATH msg=audit(1768183405.926:2116): item=0 name="/var/run/mysqld/mysqld.sock" inode=1357 dev=00:18 mode=0140777 ouid=111 ogid=111 rdev=00:00 nametype=NORMAL cap_fp=0 cap_fi=0 cap_fe=0 cap_fver=0 cap_frootid=0OUID="mysql" OGID="mysql"
type=PROCTITLE msg=audit(1768183405.926:2116): proctitle=2F7573722F7362696E2F61706163686532002D6B007374617274
type=SYSCALL msg=audit(1768183405.933:2117): arch=c000003e syscall=42 success=yes exit=0 a0=d a1=7fff7fbcaf10 a2=1d a3=1 items=1 ppid=1468 pid=1501 auid=4294967295 uid=33 gid=33 euid=33 suid=33 fsuid=33 egid=33 sgid=33 fsgid=33 tty=(none) ses=4294967295 comm="apache2" exe="/usr/sbin/apache2" subj=unconfined key="T1043_Commonly_Used_Port"ARCH=x86_64 SYSCALL=connect AUID="unset" UID="www-data" GID="www-data" EUID="www-data" SUID="www-data" FSUID="www-data" EGID="www-data" SGID="www-data" FSGID="www-data"
type=SOCKADDR msg=audit(1768183405.933:2117): saddr=01002F7661722F72756E2F6D7973716C642F6D7973716C642E736F636BSADDR={ saddr_fam=local path=/var/run/mysqld/mysqld.sock }
type=PATH msg=audit(1768183405.933:2117): item=0 name="/var/run/mysqld/mysqld.sock" inode=1357 dev=00:18 mode=0140777 ouid=111 ogid=111 rdev=00:00 nametype=NORMAL cap_fp=0 cap_fi=0 cap_fe=0 cap_fver=0 cap_frootid=0OUID="mysql" OGID="mysql"
type=PROCTITLE msg=audit(1768183405.933:2117): proctitle=2F7573722F7362696E2F61706163686532002D6B007374617274
type=SYSCALL msg=audit(1768183405.907:2118): arch=c000003e syscall=42 success=yes exit=0 a0=d a1=7fff7fbcaf10 a2=1d a3=1 items=1 ppid=1468 pid=1498 auid=4294967295 uid=33 gid=33 euid=33 suid=33 fsuid=33 egid=33 sgid=33 fsgid=33 tty=(none) ses=4294967295 comm="apache2" exe="/usr/sbin/apache2" subj=unconfined key="T1043_Commonly_Used_Port"ARCH=x86_64 SYSCALL=connect AUID="unset" UID="www-data" GID="www-data" EUID="www-data" SUID="www-data" FSUID="www-data" EGID="www-data" SGID="www-data" FSGID="www-data"
type=SOCKADDR msg=audit(1768183405.907:2118): saddr=01002F7661722F72756E2F6D7973716C642F6D7973716C642E736F636BSADDR={ saddr_fam=local path=/var/run/mysqld/mysqld.sock }
type=PATH msg=audit(1768183405.907:2118): item=0 name="/var/run/mysqld/mysqld.sock" inode=1357 dev=00:18 mode=0140777 ouid=111 ogid=111 rdev=00:00 nametype=NORMAL cap_fp=0 cap_fi=0 cap_fe=0 cap_fver=0 cap_frootid=0OUID="mysql" OGID="mysql"
type=PROCTITLE msg=audit(1768183405.907:2118): proctitle=2F7573722F7362696E2F61706163686532002D6B007374617274
type=SYSCALL msg=audit(1768183406.076:2119): arch=c000003e syscall=42 success=yes exit=0 a0=d a1=7fff7fbcaf10 a2=1d a3=1 items=1 ppid=1468 pid=1500 auid=4294967295 uid=33 gid=33 euid=33 suid=33 fsuid=33 egid=33 sgid=33 fsgid=33 tty=(none) ses=4294967295 comm="apache2" exe="/usr/sbin/apache2" subj=unconfined key="T1043_Commonly_Used_Port"ARCH=x86_64 SYSCALL=connect AUID="unset" UID="www-data" GID="www-data" EUID="www-data" SUID="www-data" FSUID="www-data" EGID="www-data" SGID="www-data" FSGID="www-data"
type=SOCKADDR msg=audit(1768183406.076:2119): saddr=01002F7661722F72756E2F6D7973716C642F6D7973716C642E736F636BSADDR={ saddr_fam=local path=/var/run/mysqld/mysqld.sock }
type=PATH msg=audit(1768183406.076:2119): item=0 name="/var/run/mysqld/mysqld.sock" inode=1357 dev=00:18 mode=0140777 ouid=111 ogid=111 rdev=00:00 nametype=NORMAL cap_fp=0 cap_fi=0 cap_fe=0 cap_fver=0 cap_frootid=0OUID="mysql" OGID="mysql"
type=PROCTITLE msg=audit(1768183406.076:2119): proctitle=2F7573722F7362696E2F61706163686532002D6B007374617274
type=SYSCALL msg=audit(1768183406.137:2120): arch=c000003e syscall=42 success=yes exit=0 a0=d a1=7fff7fbcaf10 a2=1d a3=1 items=1 ppid=1468 pid=1503 auid=4294967295 uid=33 gid=33 euid=33 suid=33 fsuid=33 egid=33 sgid=33 fsgid=33 tty=(none) ses=4294967295 comm="apache2" exe="/usr/sbin/apache2" subj=unconfined key="T1043_Commonly_Used_Port"ARCH=x86_64 SYSCALL=connect AUID="unset" UID="www-data" GID="www-data" EUID="www-data" SUID="www-data" FSUID="www-data" EGID="www-data" SGID="www-data" FSGID="www-data"
type=SOCKADDR msg=audit(1768183406.137:2120): saddr=01002F7661722F72756E2F6D7973716C642F6D7973716C642E736F636BSADDR={ saddr_fam=local path=/var/run/mysqld/mysqld.sock }
type=PATH msg=audit(1768183406.137:2120): item=0 name="/var/run/mysqld/mysqld.sock" inode=1357 dev=00:18 mode=0140777 ouid=111 ogid=111 rdev=00:00 nametype=NORMAL cap_fp=0 cap_fi=0 cap_fe=0 cap_fver=0 cap_frootid=0OUID="mysql" OGID="mysql"
type=PROCTITLE msg=audit(1768183406.137:2120): proctitle=2F7573722F7362696E2F61706163686532002D6B007374617274
type=SYSCALL msg=audit(1768183406.180:2121): arch=c000003e syscall=42 success=yes exit=0 a0=d a1=7fff7fbcaf10 a2=1d a3=1 items=1 ppid=1468 pid=1503 auid=4294967295 uid=33 gid=33 euid=33 suid=33 fsuid=33 egid=33 sgid=33 fsgid=33 tty=(none) ses=4294967295 comm="apache2" exe="/usr/sbin/apache2" subj=unconfined key="T1043_Commonly_Used_Port"ARCH=x86_64 SYSCALL=connect AUID="unset" UID="www-data" GID="www-data" EUID="www-data" SUID="www-data" FSUID="www-data" EGID="www-data" SGID="www-data" FSGID="www-data"
type=SOCKADDR msg=audit(1768183406.180:2121): saddr=01002F7661722F72756E2F6D7973716C642F6D7973716C642E736F636BSADDR={ saddr_fam=local path=/var/run/mysqld/mysqld.sock }
type=PATH msg=audit(1768183406.180:2121): item=0 name="/var/run/mysqld/mysqld.sock" inode=1357 dev=00:18 mode=0140777 ouid=111 ogid=111 rdev=00:00 nametype=NORMAL cap_fp=0 cap_fi=0 cap_fe=0 cap_fver=0 cap_frootid=0OUID="mysql" OGID="mysql"
type=PROCTITLE msg=audit(1768183406.180:2121): proctitle=2F7573722F7362696E2F61706163686532002D6B007374617274
type=SYSCALL msg=audit(1768183406.214:2122): arch=c000003e syscall=42 success=yes exit=0 a0=d a1=7fff7fbcaf10 a2=1d a3=1 items=1 ppid=1468 pid=1503 auid=4294967295 uid=33 gid=33 euid=33 suid=33 fsuid=33 egid=33 sgid=33 fsgid=33 tty=(none) ses=4294967295 comm="apache2" exe="/usr/sbin/apache2" subj=unconfined key="T1043_Commonly_Used_Port"ARCH=x86_64 SYSCALL=connect AUID="unset" UID="www-data" GID="www-data" EUID="www-data" SUID="www-data" FSUID="www-data" EGID="www-data" SGID="www-data" FSGID="www-data"
type=SOCKADDR msg=audit(1768183406.214:2122): saddr=01002F7661722F72756E2F6D7973716C642F6D7973716C642E736F636BSADDR={ saddr_fam=local path=/var/run/mysqld/mysqld.sock }
type=PATH msg=audit(1768183406.214:2122): item=0 name="/var/run/mysqld/mysqld.sock" inode=1357 dev=00:18 mode=0140777 ouid=111 ogid=111 rdev=00:00 nametype=NORMAL cap_fp=0 cap_fi=0 cap_fe=0 cap_fver=0 cap_frootid=0OUID="mysql" OGID="mysql"
type=PROCTITLE msg=audit(1768183406.214:2122): proctitle=2F7573722F7362696E2F61706163686532002D6B007374617274
type=SYSCALL msg=audit(1768183406.426:2123): arch=c000003e syscall=106 success=yes exit=0 a0=21 a1=77a23762e4a0 a2=0 a3=22 items=0 ppid=1468 pid=1509 auid=4294967295 uid=0 gid=33 euid=0 suid=0 fsuid=0 egid=33 sgid=33 fsgid=33 tty=(none) ses=4294967295 comm="apache2" exe="/usr/sbin/apache2" subj=unconfined key="T1166_Seuid_and_Setgid"ARCH=x86_64 SYSCALL=setgid AUID="unset" UID="root" GID="www-data" EUID="root" SUID="root" FSUID="root" EGID="www-data" SGID="www-data" FSGID="www-data"
type=PROCTITLE msg=audit(1768183406.426:2123): proctitle=2F7573722F7362696E2F61706163686532002D6B007374617274
type=SYSCALL msg=audit(1768183406.427:2124): arch=c000003e syscall=42 success=yes exit=0 a0=c a1=7fff7fbce3e0 a2=2d a3=55c409b3d970 items=1 ppid=1468 pid=1509 auid=4294967295 uid=0 gid=33 euid=0 suid=0 fsuid=0 egid=33 sgid=33 fsgid=33 tty=(none) ses=4294967295 comm="apache2" exe="/usr/sbin/apache2" subj=unconfined key="T1043_Commonly_Used_Port"ARCH=x86_64 SYSCALL=connect AUID="unset" UID="root" GID="www-data" EUID="root" SUID="root" FSUID="root" EGID="www-data" SGID="www-data" FSGID="www-data"
type=SOCKADDR msg=audit(1768183406.427:2124): saddr=01002F72756E2F73797374656D642F7573657264622F696F2E73797374656D642E44796E616D69635573657200SADDR={ saddr_fam=local path=/run/systemd/userdb/io.systemd.DynamicUser }
type=PATH msg=audit(1768183406.427:2124): item=0 name="/run/systemd/userdb/io.systemd.DynamicUser" inode=443 dev=00:18 mode=0140666 ouid=0 ogid=0 rdev=00:00 nametype=NORMAL cap_fp=0 cap_fi=0 cap_fe=0 cap_fver=0 cap_frootid=0OUID="root" OGID="root"
type=PROCTITLE msg=audit(1768183406.427:2124): proctitle=2F7573722F7362696E2F61706163686532002D6B007374617274
type=SYSCALL msg=audit(1768183406.428:2125): arch=c000003e syscall=105 success=yes exit=0 a0=21 a1=55c4099b5530 a2=55c155f37985 a3=55c4099b5540 items=0 ppid=1468 pid=1509 auid=4294967295 uid=33 gid=33 euid=33 suid=33 fsuid=33 egid=33 sgid=33 fsgid=33 tty=(none) ses=4294967295 comm="apache2" exe="/usr/sbin/apache2" subj=unconfined key="T1166_Seuid_and_Setgid"ARCH=x86_64 SYSCALL=setuid AUID="unset" UID="www-data" GID="www-data" EUID="www-data" SUID="www-data" FSUID="www-data" EGID="www-data" SGID="www-data" FSGID="www-data"
type=PROCTITLE msg=audit(1768183406.428:2125): proctitle=2F7573722F7362696E2F61706163686532002D6B007374617274
type=SYSCALL msg=audit(1768183406.978:2126): arch=c000003e syscall=42 success=yes exit=0 a0=d a1=7fff7fbcaf10 a2=1d a3=1 items=1 ppid=1468 pid=1498 auid=4294967295 uid=33 gid=33 euid=33 suid=33 fsuid=33 egid=33 sgid=33 fsgid=33 tty=(none) ses=4294967295 comm="apache2" exe="/usr/sbin/apache2" subj=unconfined key="T1043_Commonly_Used_Port"ARCH=x86_64 SYSCALL=connect AUID="unset" UID="www-data" GID="www-data" EUID="www-data" SUID="www-data" FSUID="www-data" EGID="www-data" SGID="www-data" FSGID="www-data"
type=SOCKADDR msg=audit(1768183406.978:2126): saddr=01002F7661722F72756E2F6D7973716C642F6D7973716C642E736F636BSADDR={ saddr_fam=local path=/var/run/mysqld/mysqld.sock }
type=PATH msg=audit(1768183406.978:2126): item=0 name="/var/run/mysqld/mysqld.sock" inode=1357 dev=00:18 mode=0140777 ouid=111 ogid=111 rdev=00:00 nametype=NORMAL cap_fp=0 cap_fi=0 cap_fe=0 cap_fver=0 cap_frootid=0OUID="mysql" OGID="mysql"
type=PROCTITLE msg=audit(1768183406.978:2126): proctitle=2F7573722F7362696E2F61706163686532002D6B007374617274
type=SYSCALL msg=audit(1768183407.457:2127): arch=c000003e syscall=106 success=yes exit=0 a0=21 a1=77a23762e4a0 a2=0 a3=22 items=0 ppid=1468 pid=1510 auid=4294967295 uid=0 gid=33 euid=0 suid=0 fsuid=0 egid=33 sgid=33 fsgid=33 tty=(none) ses=4294967295 comm="apache2" exe="/usr/sbin/apache2" subj=unconfined key="T1166_Seuid_and_Setgid"ARCH=x86_64 SYSCALL=setgid AUID="unset" UID="root" GID="www-data" EUID="root" SUID="root" FSUID="root" EGID="www-data" SGID="www-data" FSGID="www-data"
type=PROCTITLE msg=audit(1768183407.457:2127): proctitle=2F7573722F7362696E2F61706163686532002D6B007374617274
type=SYSCALL msg=audit(1768183407.465:2128): arch=c000003e syscall=42 success=yes exit=0 a0=c a1=7fff7fbce3e0 a2=2d a3=55c409b3d970 items=1 ppid=1468 pid=1510 auid=4294967295 uid=0 gid=33 euid=0 suid=0 fsuid=0 egid=33 sgid=33 fsgid=33 tty=(none) ses=4294967295 comm="apache2" exe="/usr/sbin/apache2" subj=unconfined key="T1043_Commonly_Used_Port"ARCH=x86_64 SYSCALL=connect AUID="unset" UID="root" GID="www-data" EUID="root" SUID="root" FSUID="root" EGID="www-data" SGID="www-data" FSGID="www-data"
type=SOCKADDR msg=audit(1768183407.465:2128): saddr=01002F72756E2F73797374656D642F7573657264622F696F2E73797374656D642E44796E616D69635573657200SADDR={ saddr_fam=local path=/run/systemd/userdb/io.systemd.DynamicUser }
type=PATH msg=audit(1768183407.465:2128): item=0 name="/run/systemd/userdb/io.systemd.DynamicUser" inode=443 dev=00:18 mode=0140666 ouid=0 ogid=0 rdev=00:00 nametype=NORMAL cap_fp=0 cap_fi=0 cap_fe=0 cap_fver=0 cap_frootid=0OUID="root" OGID="root"
type=PROCTITLE msg=audit(1768183407.465:2128): proctitle=2F7573722F7362696E2F61706163686532002D6B007374617274
type=SYSCALL msg=audit(1768183407.469:2129): arch=c000003e syscall=105 success=yes exit=0 a0=21 a1=55c4099b5530 a2=55c155f37985 a3=55c4099b5540 items=0 ppid=1468 pid=1510 auid=4294967295 uid=33 gid=33 euid=33 suid=33 fsuid=33 egid=33 sgid=33 fsgid=33 tty=(none) ses=4294967295 comm="apache2" exe="/usr/sbin/apache2" subj=unconfined key="T1166_Seuid_and_Setgid"ARCH=x86_64 SYSCALL=setuid AUID="unset" UID="www-data" GID="www-data" EUID="www-data" SUID="www-data" FSUID="www-data" EGID="www-data" SGID="www-data" FSGID="www-data"
type=PROCTITLE msg=audit(1768183407.469:2129): proctitle=2F7573722F7362696E2F61706163686532002D6B007374617274
type=SYSCALL msg=audit(1768183408.511:2130): arch=c000003e syscall=106 success=yes exit=0 a0=21 a1=77a23762e4a0 a2=0 a3=22 items=0 ppid=1468 pid=1511 auid=4294967295 uid=0 gid=33 euid=0 suid=0 fsuid=0 egid=33 sgid=33 fsgid=33 tty=(none) ses=4294967295 comm="apache2" exe="/usr/sbin/apache2" subj=unconfined key="T1166_Seuid_and_Setgid"ARCH=x86_64 SYSCALL=setgid AUID="unset" UID="root" GID="www-data" EUID="root" SUID="root" FSUID="root" EGID="www-data" SGID="www-data" FSGID="www-data"
type=PROCTITLE msg=audit(1768183408.511:2130): proctitle=2F7573722F7362696E2F61706163686532002D6B007374617274
type=SYSCALL msg=audit(1768183408.527:2131): arch=c000003e syscall=42 success=yes exit=0 a0=c a1=7fff7fbce3e0 a2=2d a3=55c409b3d970 items=1 ppid=1468 pid=1511 auid=4294967295 uid=0 gid=33 euid=0 suid=0 fsuid=0 egid=33 sgid=33 fsgid=33 tty=(none) ses=4294967295 comm="apache2" exe="/usr/sbin/apache2" subj=unconfined key="T1043_Commonly_Used_Port"ARCH=x86_64 SYSCALL=connect AUID="unset" UID="root" GID="www-data" EUID="root" SUID="root" FSUID="root" EGID="www-data" SGID="www-data" FSGID="www-data"
type=SOCKADDR msg=audit(1768183408.527:2131): saddr=01002F72756E2F73797374656D642F7573657264622F696F2E73797374656D642E44796E616D69635573657200SADDR={ saddr_fam=local path=/run/systemd/userdb/io.systemd.DynamicUser }
type=PATH msg=audit(1768183408.527:2131): item=0 name="/run/systemd/userdb/io.systemd.DynamicUser" inode=443 dev=00:18 mode=0140666 ouid=0 ogid=0 rdev=00:00 nametype=NORMAL cap_fp=0 cap_fi=0 cap_fe=0 cap_fver=0 cap_frootid=0OUID="root" OGID="root"
type=PROCTITLE msg=audit(1768183408.527:2131): proctitle=2F7573722F7362696E2F61706163686532002D6B007374617274
type=SYSCALL msg=audit(1768183408.535:2132): arch=c000003e syscall=105 success=yes exit=0 a0=21 a1=55c4099b5530 a2=55c155f37985 a3=55c4099b5540 items=0 ppid=1468 pid=1511 auid=4294967295 uid=33 gid=33 euid=33 suid=33 fsuid=33 egid=33 sgid=33 fsgid=33 tty=(none) ses=4294967295 comm="apache2" exe="/usr/sbin/apache2" subj=unconfined key="T1166_Seuid_and_Setgid"ARCH=x86_64 SYSCALL=setuid AUID="unset" UID="www-data" GID="www-data" EUID="www-data" SUID="www-data" FSUID="www-data" EGID="www-data" SGID="www-data" FSGID="www-data"
type=PROCTITLE msg=audit(1768183408.535:2132): proctitle=2F7573722F7362696E2F61706163686532002D6B007374617274
type=SYSCALL msg=audit(1768183409.520:2133): arch=c000003e syscall=106 success=yes exit=0 a0=21 a1=77a23762e4a0 a2=0 a3=22 items=0 ppid=1468 pid=1512 auid=4294967295 uid=0 gid=33 euid=0 suid=0 fsuid=0 egid=33 sgid=33 fsgid=33 tty=(none) ses=4294967295 comm="apache2" exe="/usr/sbin/apache2" subj=unconfined key="T1166_Seuid_and_Setgid"ARCH=x86_64 SYSCALL=setgid AUID="unset" UID="root" GID="www-data" EUID="root" SUID="root" FSUID="root" EGID="www-data" SGID="www-data" FSGID="www-data"
type=PROCTITLE msg=audit(1768183409.520:2133): proctitle=2F7573722F7362696E2F61706163686532002D6B007374617274
type=SYSCALL msg=audit(1768183409.526:2134): arch=c000003e syscall=42 success=yes exit=0 a0=c a1=7fff7fbce3e0 a2=2d a3=55c409b3d970 items=1 ppid=1468 pid=1512 auid=4294967295 uid=0 gid=33 euid=0 suid=0 fsuid=0 egid=33 sgid=33 fsgid=33 tty=(none) ses=4294967295 comm="apache2" exe="/usr/sbin/apache2" subj=unconfined key="T1043_Commonly_Used_Port"ARCH=x86_64 SYSCALL=connect AUID="unset" UID="root" GID="www-data" EUID="root" SUID="root" FSUID="root" EGID="www-data" SGID="www-data" FSGID="www-data"
type=SOCKADDR msg=audit(1768183409.526:2134): saddr=01002F72756E2F73797374656D642F7573657264622F696F2E73797374656D642E44796E616D69635573657200SADDR={ saddr_fam=local path=/run/systemd/userdb/io.systemd.DynamicUser }
type=PATH msg=audit(1768183409.526:2134): item=0 name="/run/systemd/userdb/io.systemd.DynamicUser" inode=443 dev=00:18 mode=0140666 ouid=0 ogid=0 rdev=00:00 nametype=NORMAL cap_fp=0 cap_fi=0 cap_fe=0 cap_fver=0 cap_frootid=0OUID="root" OGID="root"
type=PROCTITLE msg=audit(1768183409.526:2134): proctitle=2F7573722F7362696E2F61706163686532002D6B007374617274
type=SYSCALL msg=audit(1768183409.527:2135): arch=c000003e syscall=105 success=yes exit=0 a0=21 a1=55c4099b5530 a2=55c155f37985 a3=55c4099b5540 items=0 ppid=1468 pid=1512 auid=4294967295 uid=33 gid=33 euid=33 suid=33 fsuid=33 egid=33 sgid=33 fsgid=33 tty=(none) ses=4294967295 comm="apache2" exe="/usr/sbin/apache2" subj=unconfined key="T1166_Seuid_and_Setgid"ARCH=x86_64 SYSCALL=setuid AUID="unset" UID="www-data" GID="www-data" EUID="www-data" SUID="www-data" FSUID="www-data" EGID="www-data" SGID="www-data" FSGID="www-data"
type=PROCTITLE msg=audit(1768183409.527:2135): proctitle=2F7573722F7362696E2F61706163686532002D6B007374617274
type=SYSCALL msg=audit(1768183409.973:2136): arch=c000003e syscall=42 success=yes exit=0 a0=d a1=7fff7fbcaf10 a2=1d a3=1 items=1 ppid=1468 pid=1498 auid=4294967295 uid=33 gid=33 euid=33 suid=33 fsuid=33 egid=33 sgid=33 fsgid=33 tty=(none) ses=4294967295 comm="apache2" exe="/usr/sbin/apache2" subj=unconfined key="T1043_Commonly_Used_Port"ARCH=x86_64 SYSCALL=connect AUID="unset" UID="www-data" GID="www-data" EUID="www-data" SUID="www-data" FSUID="www-data" EGID="www-data" SGID="www-data" FSGID="www-data"
type=SOCKADDR msg=audit(1768183409.973:2136): saddr=01002F7661722F72756E2F6D7973716C642F6D7973716C642E736F636BSADDR={ saddr_fam=local path=/var/run/mysqld/mysqld.sock }
type=PATH msg=audit(1768183409.973:2136): item=0 name="/var/run/mysqld/mysqld.sock" inode=1357 dev=00:18 mode=0140777 ouid=111 ogid=111 rdev=00:00 nametype=NORMAL cap_fp=0 cap_fi=0 cap_fe=0 cap_fver=0 cap_frootid=0OUID="mysql" OGID="mysql"
type=PROCTITLE msg=audit(1768183409.973:2136): proctitle=2F7573722F7362696E2F61706163686532002D6B007374617274
type=SYSCALL msg=audit(1768183410.569:2137): arch=c000003e syscall=106 success=yes exit=0 a0=21 a1=77a23762e4a0 a2=0 a3=22 items=0 ppid=1468 pid=1513 auid=4294967295 uid=0 gid=33 euid=0 suid=0 fsuid=0 egid=33 sgid=33 fsgid=33 tty=(none) ses=4294967295 comm="apache2" exe="/usr/sbin/apache2" subj=unconfined key="T1166_Seuid_and_Setgid"ARCH=x86_64 SYSCALL=setgid AUID="unset" UID="root" GID="www-data" EUID="root" SUID="root" FSUID="root" EGID="www-data" SGID="www-data" FSGID="www-data"
type=PROCTITLE msg=audit(1768183410.569:2137): proctitle=2F7573722F7362696E2F61706163686532002D6B007374617274
type=SYSCALL msg=audit(1768183410.571:2138): arch=c000003e syscall=42 success=yes exit=0 a0=c a1=7fff7fbce3e0 a2=2d a3=55c409b3d970 items=1 ppid=1468 pid=1513 auid=4294967295 uid=0 gid=33 euid=0 suid=0 fsuid=0 egid=33 sgid=33 fsgid=33 tty=(none) ses=4294967295 comm="apache2" exe="/usr/sbin/apache2" subj=unconfined key="T1043_Commonly_Used_Port"ARCH=x86_64 SYSCALL=connect AUID="unset" UID="root" GID="www-data" EUID="root" SUID="root" FSUID="root" EGID="www-data" SGID="www-data" FSGID="www-data"
type=SOCKADDR msg=audit(1768183410.571:2138): saddr=01002F72756E2F73797374656D642F7573657264622F696F2E73797374656D642E44796E616D69635573657200SADDR={ saddr_fam=local path=/run/systemd/userdb/io.systemd.DynamicUser }
type=PATH msg=audit(1768183410.571:2138): item=0 name="/run/systemd/userdb/io.systemd.DynamicUser" inode=443 dev=00:18 mode=0140666 ouid=0 ogid=0 rdev=00:00 nametype=NORMAL cap_fp=0 cap_fi=0 cap_fe=0 cap_fver=0 cap_frootid=0OUID="root" OGID="root"
type=PROCTITLE msg=audit(1768183410.571:2138): proctitle=2F7573722F7362696E2F61706163686532002D6B007374617274
type=SYSCALL msg=audit(1768183410.573:2139): arch=c000003e syscall=105 success=yes exit=0 a0=21 a1=55c4099b5530 a2=55c155f37985 a3=55c4099b5540 items=0 ppid=1468 pid=1513 auid=4294967295 uid=33 gid=33 euid=33 suid=33 fsuid=33 egid=33 sgid=33 fsgid=33 tty=(none) ses=4294967295 comm="apache2" exe="/usr/sbin/apache2" subj=unconfined key="T1166_Seuid_and_Setgid"ARCH=x86_64 SYSCALL=setuid AUID="unset" UID="www-data" GID="www-data" EUID="www-data" SUID="www-data" FSUID="www-data" EGID="www-data" SGID="www-data" FSGID="www-data"
type=PROCTITLE msg=audit(1768183410.573:2139): proctitle=2F7573722F7362696E2F61706163686532002D6B007374617274
type=SYSCALL msg=audit(1768183412.388:2140): arch=c000003e syscall=42 success=yes exit=0 a0=d a1=7fff7fbcaf10 a2=1d a3=1 items=1 ppid=1468 pid=1498 auid=4294967295 uid=33 gid=33 euid=33 suid=33 fsuid=33 egid=33 sgid=33 fsgid=33 tty=(none) ses=4294967295 comm="apache2" exe="/usr/sbin/apache2" subj=unconfined key="T1043_Commonly_Used_Port"ARCH=x86_64 SYSCALL=connect AUID="unset" UID="www-data" GID="www-data" EUID="www-data" SUID="www-data" FSUID="www-data" EGID="www-data" SGID="www-data" FSGID="www-data"
type=SOCKADDR msg=audit(1768183412.388:2140): saddr=01002F7661722F72756E2F6D7973716C642F6D7973716C642E736F636BSADDR={ saddr_fam=local path=/var/run/mysqld/mysqld.sock }
type=PATH msg=audit(1768183412.388:2140): item=0 name="/var/run/mysqld/mysqld.sock" inode=1357 dev=00:18 mode=0140777 ouid=111 ogid=111 rdev=00:00 nametype=NORMAL cap_fp=0 cap_fi=0 cap_fe=0 cap_fver=0 cap_frootid=0OUID="mysql" OGID="mysql"
type=PROCTITLE msg=audit(1768183412.388:2140): proctitle=2F7573722F7362696E2F61706163686532002D6B007374617274
type=SYSCALL msg=audit(1768183412.805:2141): arch=c000003e syscall=42 success=yes exit=0 a0=d a1=7fff7fbcaf10 a2=1d a3=1 items=1 ppid=1468 pid=1498 auid=4294967295 uid=33 gid=33 euid=33 suid=33 fsuid=33 egid=33 sgid=33 fsgid=33 tty=(none) ses=4294967295 comm="apache2" exe="/usr/sbin/apache2" subj=unconfined key="T1043_Commonly_Used_Port"ARCH=x86_64 SYSCALL=connect AUID="unset" UID="www-data" GID="www-data" EUID="www-data" SUID="www-data" FSUID="www-data" EGID="www-data" SGID="www-data" FSGID="www-data"
type=SOCKADDR msg=audit(1768183412.805:2141): saddr=01002F7661722F72756E2F6D7973716C642F6D7973716C642E736F636BSADDR={ saddr_fam=local path=/var/run/mysqld/mysqld.sock }
type=PATH msg=audit(1768183412.805:2141): item=0 name="/var/run/mysqld/mysqld.sock" inode=1357 dev=00:18 mode=0140777 ouid=111 ogid=111 rdev=00:00 nametype=NORMAL cap_fp=0 cap_fi=0 cap_fe=0 cap_fver=0 cap_frootid=0OUID="mysql" OGID="mysql"
type=PROCTITLE msg=audit(1768183412.805:2141): proctitle=2F7573722F7362696E2F61706163686532002D6B007374617274
type=SYSCALL msg=audit(1768183412.821:2142): arch=c000003e syscall=42 success=yes exit=0 a0=d a1=7fff7fbcaf10 a2=1d a3=1 items=1 ppid=1468 pid=1510 auid=4294967295 uid=33 gid=33 euid=33 suid=33 fsuid=33 egid=33 sgid=33 fsgid=33 tty=(none) ses=4294967295 comm="apache2" exe="/usr/sbin/apache2" subj=unconfined key="T1043_Commonly_Used_Port"ARCH=x86_64 SYSCALL=connect AUID="unset" UID="www-data" GID="www-data" EUID="www-data" SUID="www-data" FSUID="www-data" EGID="www-data" SGID="www-data" FSGID="www-data"
type=SOCKADDR msg=audit(1768183412.821:2142): saddr=01002F7661722F72756E2F6D7973716C642F6D7973716C642E736F636BSADDR={ saddr_fam=local path=/var/run/mysqld/mysqld.sock }
type=PATH msg=audit(1768183412.821:2142): item=0 name="/var/run/mysqld/mysqld.sock" inode=1357 dev=00:18 mode=0140777 ouid=111 ogid=111 rdev=00:00 nametype=NORMAL cap_fp=0 cap_fi=0 cap_fe=0 cap_fver=0 cap_frootid=0OUID="mysql" OGID="mysql"
type=PROCTITLE msg=audit(1768183412.821:2142): proctitle=2F7573722F7362696E2F61706163686532002D6B007374617274
type=SYSCALL msg=audit(1768183412.821:2143): arch=c000003e syscall=42 success=yes exit=0 a0=d a1=7fff7fbcaf10 a2=1d a3=1 items=1 ppid=1468 pid=1513 auid=4294967295 uid=33 gid=33 euid=33 suid=33 fsuid=33 egid=33 sgid=33 fsgid=33 tty=(none) ses=4294967295 comm="apache2" exe="/usr/sbin/apache2" subj=unconfined key="T1043_Commonly_Used_Port"ARCH=x86_64 SYSCALL=connect AUID="unset" UID="www-data" GID="www-data" EUID="www-data" SUID="www-data" FSUID="www-data" EGID="www-data" SGID="www-data" FSGID="www-data"
type=SOCKADDR msg=audit(1768183412.821:2143): saddr=01002F7661722F72756E2F6D7973716C642F6D7973716C642E736F636BSADDR={ saddr_fam=local path=/var/run/mysqld/mysqld.sock }
type=PATH msg=audit(1768183412.821:2143): item=0 name="/var/run/mysqld/mysqld.sock" inode=1357 dev=00:18 mode=0140777 ouid=111 ogid=111 rdev=00:00 nametype=NORMAL cap_fp=0 cap_fi=0 cap_fe=0 cap_fver=0 cap_frootid=0OUID="mysql" OGID="mysql"
type=PROCTITLE msg=audit(1768183412.821:2143): proctitle=2F7573722F7362696E2F61706163686532002D6B007374617274
type=SYSCALL msg=audit(1768183412.826:2144): arch=c000003e syscall=42 success=yes exit=0 a0=d a1=7fff7fbcaf10 a2=1d a3=1 items=1 ppid=1468 pid=1511 auid=4294967295 uid=33 gid=33 euid=33 suid=33 fsuid=33 egid=33 sgid=33 fsgid=33 tty=(none) ses=4294967295 comm="apache2" exe="/usr/sbin/apache2" subj=unconfined key="T1043_Commonly_Used_Port"ARCH=x86_64 SYSCALL=connect AUID="unset" UID="www-data" GID="www-data" EUID="www-data" SUID="www-data" FSUID="www-data" EGID="www-data" SGID="www-data" FSGID="www-data"
type=SOCKADDR msg=audit(1768183412.826:2144): saddr=01002F7661722F72756E2F6D7973716C642F6D7973716C642E736F636BSADDR={ saddr_fam=local path=/var/run/mysqld/mysqld.sock }
type=PATH msg=audit(1768183412.826:2144): item=0 name="/var/run/mysqld/mysqld.sock" inode=1357 dev=00:18 mode=0140777 ouid=111 ogid=111 rdev=00:00 nametype=NORMAL cap_fp=0 cap_fi=0 cap_fe=0 cap_fver=0 cap_frootid=0OUID="mysql" OGID="mysql"
type=PROCTITLE msg=audit(1768183412.826:2144): proctitle=2F7573722F7362696E2F61706163686532002D6B007374617274
type=SYSCALL msg=audit(1768183412.835:2145): arch=c000003e syscall=42 success=yes exit=0 a0=d a1=7fff7fbcaf10 a2=1d a3=1 items=1 ppid=1468 pid=1509 auid=4294967295 uid=33 gid=33 euid=33 suid=33 fsuid=33 egid=33 sgid=33 fsgid=33 tty=(none) ses=4294967295 comm="apache2" exe="/usr/sbin/apache2" subj=unconfined key="T1043_Commonly_Used_Port"ARCH=x86_64 SYSCALL=connect AUID="unset" UID="www-data" GID="www-data" EUID="www-data" SUID="www-data" FSUID="www-data" EGID="www-data" SGID="www-data" FSGID="www-data"
type=SOCKADDR msg=audit(1768183412.835:2145): saddr=01002F7661722F72756E2F6D7973716C642F6D7973716C642E736F636BSADDR={ saddr_fam=local path=/var/run/mysqld/mysqld.sock }
type=PATH msg=audit(1768183412.835:2145): item=0 name="/var/run/mysqld/mysqld.sock" inode=1357 dev=00:18 mode=0140777 ouid=111 ogid=111 rdev=00:00 nametype=NORMAL cap_fp=0 cap_fi=0 cap_fe=0 cap_fver=0 cap_frootid=0OUID="mysql" OGID="mysql"
type=PROCTITLE msg=audit(1768183412.835:2145): proctitle=2F7573722F7362696E2F61706163686532002D6B007374617274
type=SYSCALL msg=audit(1768183412.837:2146): arch=c000003e syscall=42 success=yes exit=0 a0=d a1=7fff7fbcaf10 a2=1d a3=1 items=1 ppid=1468 pid=1512 auid=4294967295 uid=33 gid=33 euid=33 suid=33 fsuid=33 egid=33 sgid=33 fsgid=33 tty=(none) ses=4294967295 comm="apache2" exe="/usr/sbin/apache2" subj=unconfined key="T1043_Commonly_Used_Port"ARCH=x86_64 SYSCALL=connect AUID="unset" UID="www-data" GID="www-data" EUID="www-data" SUID="www-data" FSUID="www-data" EGID="www-data" SGID="www-data" FSGID="www-data"
type=SOCKADDR msg=audit(1768183412.837:2146): saddr=01002F7661722F72756E2F6D7973716C642F6D7973716C642E736F636BSADDR={ saddr_fam=local path=/var/run/mysqld/mysqld.sock }
type=PATH msg=audit(1768183412.837:2146): item=0 name="/var/run/mysqld/mysqld.sock" inode=1357 dev=00:18 mode=0140777 ouid=111 ogid=111 rdev=00:00 nametype=NORMAL cap_fp=0 cap_fi=0 cap_fe=0 cap_fver=0 cap_frootid=0OUID="mysql" OGID="mysql"
type=PROCTITLE msg=audit(1768183412.837:2146): proctitle=2F7573722F7362696E2F61706163686532002D6B007374617274
type=SYSCALL msg=audit(1768183412.916:2147): arch=c000003e syscall=42 success=yes exit=0 a0=d a1=7fff7fbcaf10 a2=1d a3=1 items=1 ppid=1468 pid=1498 auid=4294967295 uid=33 gid=33 euid=33 suid=33 fsuid=33 egid=33 sgid=33 fsgid=33 tty=(none) ses=4294967295 comm="apache2" exe="/usr/sbin/apache2" subj=unconfined key="T1043_Commonly_Used_Port"ARCH=x86_64 SYSCALL=connect AUID="unset" UID="www-data" GID="www-data" EUID="www-data" SUID="www-data" FSUID="www-data" EGID="www-data" SGID="www-data" FSGID="www-data"
type=SOCKADDR msg=audit(1768183412.916:2147): saddr=01002F7661722F72756E2F6D7973716C642F6D7973716C642E736F636BSADDR={ saddr_fam=local path=/var/run/mysqld/mysqld.sock }
type=PATH msg=audit(1768183412.916:2147): item=0 name="/var/run/mysqld/mysqld.sock" inode=1357 dev=00:18 mode=0140777 ouid=111 ogid=111 rdev=00:00 nametype=NORMAL cap_fp=0 cap_fi=0 cap_fe=0 cap_fver=0 cap_frootid=0OUID="mysql" OGID="mysql"
type=PROCTITLE msg=audit(1768183412.916:2147): proctitle=2F7573722F7362696E2F61706163686532002D6B007374617274
type=SYSCALL msg=audit(1768183413.077:2148): arch=c000003e syscall=42 success=yes exit=0 a0=d a1=7fff7fbcaf10 a2=1d a3=1 items=1 ppid=1468 pid=1513 auid=4294967295 uid=33 gid=33 euid=33 suid=33 fsuid=33 egid=33 sgid=33 fsgid=33 tty=(none) ses=4294967295 comm="apache2" exe="/usr/sbin/apache2" subj=unconfined key="T1043_Commonly_Used_Port"ARCH=x86_64 SYSCALL=connect AUID="unset" UID="www-data" GID="www-data" EUID="www-data" SUID="www-data" FSUID="www-data" EGID="www-data" SGID="www-data" FSGID="www-data"
type=SOCKADDR msg=audit(1768183413.077:2148): saddr=01002F7661722F72756E2F6D7973716C642F6D7973716C642E736F636BSADDR={ saddr_fam=local path=/var/run/mysqld/mysqld.sock }
type=PATH msg=audit(1768183413.077:2148): item=0 name="/var/run/mysqld/mysqld.sock" inode=1357 dev=00:18 mode=0140777 ouid=111 ogid=111 rdev=00:00 nametype=NORMAL cap_fp=0 cap_fi=0 cap_fe=0 cap_fver=0 cap_frootid=0OUID="mysql" OGID="mysql"
type=PROCTITLE msg=audit(1768183413.077:2148): proctitle=2F7573722F7362696E2F61706163686532002D6B007374617274
type=SYSCALL msg=audit(1768183413.326:2149): arch=c000003e syscall=42 success=yes exit=0 a0=d a1=7fff7fbcaf10 a2=1d a3=1 items=1 ppid=1468 pid=1513 auid=4294967295 uid=33 gid=33 euid=33 suid=33 fsuid=33 egid=33 sgid=33 fsgid=33 tty=(none) ses=4294967295 comm="apache2" exe="/usr/sbin/apache2" subj=unconfined key="T1043_Commonly_Used_Port"ARCH=x86_64 SYSCALL=connect AUID="unset" UID="www-data" GID="www-data" EUID="www-data" SUID="www-data" FSUID="www-data" EGID="www-data" SGID="www-data" FSGID="www-data"
type=SOCKADDR msg=audit(1768183413.326:2149): saddr=01002F7661722F72756E2F6D7973716C642F6D7973716C642E736F636BSADDR={ saddr_fam=local path=/var/run/mysqld/mysqld.sock }
type=PATH msg=audit(1768183413.326:2149): item=0 name="/var/run/mysqld/mysqld.sock" inode=1357 dev=00:18 mode=0140777 ouid=111 ogid=111 rdev=00:00 nametype=NORMAL cap_fp=0 cap_fi=0 cap_fe=0 cap_fver=0 cap_frootid=0OUID="mysql" OGID="mysql"
type=PROCTITLE msg=audit(1768183413.326:2149): proctitle=2F7573722F7362696E2F61706163686532002D6B007374617274
type=SYSCALL msg=audit(1768183413.363:2150): arch=c000003e syscall=42 success=yes exit=0 a0=d a1=7fff7fbcaf10 a2=1d a3=1 items=1 ppid=1468 pid=1512 auid=4294967295 uid=33 gid=33 euid=33 suid=33 fsuid=33 egid=33 sgid=33 fsgid=33 tty=(none) ses=4294967295 comm="apache2" exe="/usr/sbin/apache2" subj=unconfined key="T1043_Commonly_Used_Port"ARCH=x86_64 SYSCALL=connect AUID="unset" UID="www-data" GID="www-data" EUID="www-data" SUID="www-data" FSUID="www-data" EGID="www-data" SGID="www-data" FSGID="www-data"
type=SOCKADDR msg=audit(1768183413.363:2150): saddr=01002F7661722F72756E2F6D7973716C642F6D7973716C642E736F636BSADDR={ saddr_fam=local path=/var/run/mysqld/mysqld.sock }
type=PATH msg=audit(1768183413.363:2150): item=0 name="/var/run/mysqld/mysqld.sock" inode=1357 dev=00:18 mode=0140777 ouid=111 ogid=111 rdev=00:00 nametype=NORMAL cap_fp=0 cap_fi=0 cap_fe=0 cap_fver=0 cap_frootid=0OUID="mysql" OGID="mysql"
type=PROCTITLE msg=audit(1768183413.363:2150): proctitle=2F7573722F7362696E2F61706163686532002D6B007374617274
type=SYSCALL msg=audit(1768183413.365:2151): arch=c000003e syscall=42 success=yes exit=0 a0=d a1=7fff7fbcaf10 a2=1d a3=1 items=1 ppid=1468 pid=1511 auid=4294967295 uid=33 gid=33 euid=33 suid=33 fsuid=33 egid=33 sgid=33 fsgid=33 tty=(none) ses=4294967295 comm="apache2" exe="/usr/sbin/apache2" subj=unconfined key="T1043_Commonly_Used_Port"ARCH=x86_64 SYSCALL=connect AUID="unset" UID="www-data" GID="www-data" EUID="www-data" SUID="www-data" FSUID="www-data" EGID="www-data" SGID="www-data" FSGID="www-data"
type=SOCKADDR msg=audit(1768183413.365:2151): saddr=01002F7661722F72756E2F6D7973716C642F6D7973716C642E736F636BSADDR={ saddr_fam=local path=/var/run/mysqld/mysqld.sock }
type=PATH msg=audit(1768183413.365:2151): item=0 name="/var/run/mysqld/mysqld.sock" inode=1357 dev=00:18 mode=0140777 ouid=111 ogid=111 rdev=00:00 nametype=NORMAL cap_fp=0 cap_fi=0 cap_fe=0 cap_fver=0 cap_frootid=0OUID="mysql" OGID="mysql"
type=PROCTITLE msg=audit(1768183413.365:2151): proctitle=2F7573722F7362696E2F61706163686532002D6B007374617274
type=SYSCALL msg=audit(1768183414.802:2152): arch=c000003e syscall=42 success=yes exit=0 a0=e a1=7fff7fbcaf10 a2=1d a3=1 items=1 ppid=1468 pid=1509 auid=4294967295 uid=33 gid=33 euid=33 suid=33 fsuid=33 egid=33 sgid=33 fsgid=33 tty=(none) ses=4294967295 comm="apache2" exe="/usr/sbin/apache2" subj=unconfined key="T1043_Commonly_Used_Port"ARCH=x86_64 SYSCALL=connect AUID="unset" UID="www-data" GID="www-data" EUID="www-data" SUID="www-data" FSUID="www-data" EGID="www-data" SGID="www-data" FSGID="www-data"
type=SOCKADDR msg=audit(1768183414.802:2152): saddr=01002F7661722F72756E2F6D7973716C642F6D7973716C642E736F636BSADDR={ saddr_fam=local path=/var/run/mysqld/mysqld.sock }
type=PATH msg=audit(1768183414.802:2152): item=0 name="/var/run/mysqld/mysqld.sock" inode=1357 dev=00:18 mode=0140777 ouid=111 ogid=111 rdev=00:00 nametype=NORMAL cap_fp=0 cap_fi=0 cap_fe=0 cap_fver=0 cap_frootid=0OUID="mysql" OGID="mysql"
type=PROCTITLE msg=audit(1768183414.802:2152): proctitle=2F7573722F7362696E2F61706163686532002D6B007374617274
type=SYSCALL msg=audit(1768183415.147:2153): arch=c000003e syscall=42 success=yes exit=0 a0=e a1=7fff7fbcaf10 a2=1d a3=1 items=1 ppid=1468 pid=1509 auid=4294967295 uid=33 gid=33 euid=33 suid=33 fsuid=33 egid=33 sgid=33 fsgid=33 tty=(none) ses=4294967295 comm="apache2" exe="/usr/sbin/apache2" subj=unconfined key="T1043_Commonly_Used_Port"ARCH=x86_64 SYSCALL=connect AUID="unset" UID="www-data" GID="www-data" EUID="www-data" SUID="www-data" FSUID="www-data" EGID="www-data" SGID="www-data" FSGID="www-data"
type=SOCKADDR msg=audit(1768183415.147:2153): saddr=01002F7661722F72756E2F6D7973716C642F6D7973716C642E736F636BSADDR={ saddr_fam=local path=/var/run/mysqld/mysqld.sock }
type=PATH msg=audit(1768183415.147:2153): item=0 name="/var/run/mysqld/mysqld.sock" inode=1357 dev=00:18 mode=0140777 ouid=111 ogid=111 rdev=00:00 nametype=NORMAL cap_fp=0 cap_fi=0 cap_fe=0 cap_fver=0 cap_frootid=0OUID="mysql" OGID="mysql"
type=PROCTITLE msg=audit(1768183415.147:2153): proctitle=2F7573722F7362696E2F61706163686532002D6B007374617274
type=SYSCALL msg=audit(1768183415.363:2154): arch=c000003e syscall=42 success=yes exit=0 a0=d a1=7fff7fbcaf10 a2=1d a3=1 items=1 ppid=1468 pid=1511 auid=4294967295 uid=33 gid=33 euid=33 suid=33 fsuid=33 egid=33 sgid=33 fsgid=33 tty=(none) ses=4294967295 comm="apache2" exe="/usr/sbin/apache2" subj=unconfined key="T1043_Commonly_Used_Port"ARCH=x86_64 SYSCALL=connect AUID="unset" UID="www-data" GID="www-data" EUID="www-data" SUID="www-data" FSUID="www-data" EGID="www-data" SGID="www-data" FSGID="www-data"
type=SOCKADDR msg=audit(1768183415.363:2154): saddr=01002F7661722F72756E2F6D7973716C642F6D7973716C642E736F636BSADDR={ saddr_fam=local path=/var/run/mysqld/mysqld.sock }
type=PATH msg=audit(1768183415.363:2154): item=0 name="/var/run/mysqld/mysqld.sock" inode=1357 dev=00:18 mode=0140777 ouid=111 ogid=111 rdev=00:00 nametype=NORMAL cap_fp=0 cap_fi=0 cap_fe=0 cap_fver=0 cap_frootid=0OUID="mysql" OGID="mysql"
type=PROCTITLE msg=audit(1768183415.363:2154): proctitle=2F7573722F7362696E2F61706163686532002D6B007374617274
type=SYSCALL msg=audit(1768183415.558:2155): arch=c000003e syscall=59 success=yes exit=0 a0=77a2375cb42f a1=7fff7fbcbc30 a2=7fff7fbcecc8 a3=8 items=2 ppid=1509 pid=1516 auid=4294967295 uid=33 gid=33 euid=33 suid=33 fsuid=33 egid=33 sgid=33 fsgid=33 tty=(none) ses=4294967295 comm="sh" exe="/usr/bin/dash" subj=unconfined key="T1166_Seuid_and_Setgid"ARCH=x86_64 SYSCALL=execve AUID="unset" UID="www-data" GID="www-data" EUID="www-data" SUID="www-data" FSUID="www-data" EGID="www-data" SGID="www-data" FSGID="www-data"
type=EXECVE msg=audit(1768183415.558:2155): argc=4 a0="sh" a1="-c" a2="--" a3=636F6D6D616E64202D76202D2D20276C696272656F666669636527
type=PATH msg=audit(1768183415.558:2155): item=0 name="/bin/sh" inode=1442345 dev=08:02 mode=0100755 ouid=0 ogid=0 rdev=00:00 nametype=NORMAL cap_fp=0 cap_fi=0 cap_fe=0 cap_fver=0 cap_frootid=0OUID="root" OGID="root"
type=PATH msg=audit(1768183415.558:2155): item=1 name="/lib64/ld-linux-x86-64.so.2" inode=1481429 dev=08:02 mode=0100755 ouid=0 ogid=0 rdev=00:00 nametype=NORMAL cap_fp=0 cap_fi=0 cap_fe=0 cap_fver=0 cap_frootid=0OUID="root" OGID="root"
type=PROCTITLE msg=audit(1768183415.558:2155): proctitle=7368002D63002D2D00636F6D6D616E64202D76202D2D20276C696272656F666669636527
type=SYSCALL msg=audit(1768183415.561:2156): arch=c000003e syscall=59 success=yes exit=0 a0=77a2375cb42f a1=7fff7fbcbc30 a2=7fff7fbcecc8 a3=8 items=2 ppid=1509 pid=1517 auid=4294967295 uid=33 gid=33 euid=33 suid=33 fsuid=33 egid=33 sgid=33 fsgid=33 tty=(none) ses=4294967295 comm="sh" exe="/usr/bin/dash" subj=unconfined key="T1166_Seuid_and_Setgid"ARCH=x86_64 SYSCALL=execve AUID="unset" UID="www-data" GID="www-data" EUID="www-data" SUID="www-data" FSUID="www-data" EGID="www-data" SGID="www-data" FSGID="www-data"
type=EXECVE msg=audit(1768183415.561:2156): argc=4 a0="sh" a1="-c" a2="--" a3=636F6D6D616E64202D76202D2D20276F70656E6F666669636527
type=PATH msg=audit(1768183415.561:2156): item=0 name="/bin/sh" inode=1442345 dev=08:02 mode=0100755 ouid=0 ogid=0 rdev=00:00 nametype=NORMAL cap_fp=0 cap_fi=0 cap_fe=0 cap_fver=0 cap_frootid=0OUID="root" OGID="root"
type=PATH msg=audit(1768183415.561:2156): item=1 name="/lib64/ld-linux-x86-64.so.2" inode=1481429 dev=08:02 mode=0100755 ouid=0 ogid=0 rdev=00:00 nametype=NORMAL cap_fp=0 cap_fi=0 cap_fe=0 cap_fver=0 cap_frootid=0OUID="root" OGID="root"
type=PROCTITLE msg=audit(1768183415.561:2156): proctitle=7368002D63002D2D00636F6D6D616E64202D76202D2D20276F70656E6F666669636527
type=SYSCALL msg=audit(1768183415.640:2157): arch=c000003e syscall=42 success=yes exit=0 a0=d a1=7fff7fbcaf10 a2=1d a3=1 items=1 ppid=1468 pid=1509 auid=4294967295 uid=33 gid=33 euid=33 suid=33 fsuid=33 egid=33 sgid=33 fsgid=33 tty=(none) ses=4294967295 comm="apache2" exe="/usr/sbin/apache2" subj=unconfined key="T1043_Commonly_Used_Port"ARCH=x86_64 SYSCALL=connect AUID="unset" UID="www-data" GID="www-data" EUID="www-data" SUID="www-data" FSUID="www-data" EGID="www-data" SGID="www-data" FSGID="www-data"
type=SOCKADDR msg=audit(1768183415.640:2157): saddr=01002F7661722F72756E2F6D7973716C642F6D7973716C642E736F636BSADDR={ saddr_fam=local path=/var/run/mysqld/mysqld.sock }
type=PATH msg=audit(1768183415.640:2157): item=0 name="/var/run/mysqld/mysqld.sock" inode=1357 dev=00:18 mode=0140777 ouid=111 ogid=111 rdev=00:00 nametype=NORMAL cap_fp=0 cap_fi=0 cap_fe=0 cap_fver=0 cap_frootid=0OUID="mysql" OGID="mysql"
type=PROCTITLE msg=audit(1768183415.640:2157): proctitle=2F7573722F7362696E2F61706163686532002D6B007374617274
type=SYSCALL msg=audit(1768183415.677:2158): arch=c000003e syscall=42 success=yes exit=0 a0=d a1=7fff7fbcaf10 a2=1d a3=1 items=1 ppid=1468 pid=1511 auid=4294967295 uid=33 gid=33 euid=33 suid=33 fsuid=33 egid=33 sgid=33 fsgid=33 tty=(none) ses=4294967295 comm="apache2" exe="/usr/sbin/apache2" subj=unconfined key="T1043_Commonly_Used_Port"ARCH=x86_64 SYSCALL=connect AUID="unset" UID="www-data" GID="www-data" EUID="www-data" SUID="www-data" FSUID="www-data" EGID="www-data" SGID="www-data" FSGID="www-data"
type=SOCKADDR msg=audit(1768183415.677:2158): saddr=01002F7661722F72756E2F6D7973716C642F6D7973716C642E736F636BSADDR={ saddr_fam=local path=/var/run/mysqld/mysqld.sock }
type=PATH msg=audit(1768183415.677:2158): item=0 name="/var/run/mysqld/mysqld.sock" inode=1357 dev=00:18 mode=0140777 ouid=111 ogid=111 rdev=00:00 nametype=NORMAL cap_fp=0 cap_fi=0 cap_fe=0 cap_fver=0 cap_frootid=0OUID="mysql" OGID="mysql"
type=PROCTITLE msg=audit(1768183415.677:2158): proctitle=2F7573722F7362696E2F61706163686532002D6B007374617274
type=SYSCALL msg=audit(1768183415.714:2159): arch=c000003e syscall=42 success=yes exit=0 a0=e a1=7fff7fbcaf10 a2=1d a3=1 items=1 ppid=1468 pid=1498 auid=4294967295 uid=33 gid=33 euid=33 suid=33 fsuid=33 egid=33 sgid=33 fsgid=33 tty=(none) ses=4294967295 comm="apache2" exe="/usr/sbin/apache2" subj=unconfined key="T1043_Commonly_Used_Port"ARCH=x86_64 SYSCALL=connect AUID="unset" UID="www-data" GID="www-data" EUID="www-data" SUID="www-data" FSUID="www-data" EGID="www-data" SGID="www-data" FSGID="www-data"
type=SOCKADDR msg=audit(1768183415.714:2159): saddr=01002F7661722F72756E2F6D7973716C642F6D7973716C642E736F636BSADDR={ saddr_fam=local path=/var/run/mysqld/mysqld.sock }
type=PATH msg=audit(1768183415.714:2159): item=0 name="/var/run/mysqld/mysqld.sock" inode=1357 dev=00:18 mode=0140777 ouid=111 ogid=111 rdev=00:00 nametype=NORMAL cap_fp=0 cap_fi=0 cap_fe=0 cap_fver=0 cap_frootid=0OUID="mysql" OGID="mysql"
type=PROCTITLE msg=audit(1768183415.714:2159): proctitle=2F7573722F7362696E2F61706163686532002D6B007374617274
type=SYSCALL msg=audit(1768183415.756:2160): arch=c000003e syscall=42 success=yes exit=0 a0=d a1=7fff7fbcaf10 a2=1d a3=1 items=1 ppid=1468 pid=1510 auid=4294967295 uid=33 gid=33 euid=33 suid=33 fsuid=33 egid=33 sgid=33 fsgid=33 tty=(none) ses=4294967295 comm="apache2" exe="/usr/sbin/apache2" subj=unconfined key="T1043_Commonly_Used_Port"ARCH=x86_64 SYSCALL=connect AUID="unset" UID="www-data" GID="www-data" EUID="www-data" SUID="www-data" FSUID="www-data" EGID="www-data" SGID="www-data" FSGID="www-data"
type=SOCKADDR msg=audit(1768183415.756:2160): saddr=01002F7661722F72756E2F6D7973716C642F6D7973716C642E736F636BSADDR={ saddr_fam=local path=/var/run/mysqld/mysqld.sock }
type=PATH msg=audit(1768183415.756:2160): item=0 name="/var/run/mysqld/mysqld.sock" inode=1357 dev=00:18 mode=0140777 ouid=111 ogid=111 rdev=00:00 nametype=NORMAL cap_fp=0 cap_fi=0 cap_fe=0 cap_fver=0 cap_frootid=0OUID="mysql" OGID="mysql"
type=PROCTITLE msg=audit(1768183415.756:2160): proctitle=2F7573722F7362696E2F61706163686532002D6B007374617274
type=SYSCALL msg=audit(1768183416.093:2161): arch=c000003e syscall=42 success=yes exit=0 a0=d a1=7fff7fbcaf10 a2=1d a3=1 items=1 ppid=1468 pid=1513 auid=4294967295 uid=33 gid=33 euid=33 suid=33 fsuid=33 egid=33 sgid=33 fsgid=33 tty=(none) ses=4294967295 comm="apache2" exe="/usr/sbin/apache2" subj=unconfined key="T1043_Commonly_Used_Port"ARCH=x86_64 SYSCALL=connect AUID="unset" UID="www-data" GID="www-data" EUID="www-data" SUID="www-data" FSUID="www-data" EGID="www-data" SGID="www-data" FSGID="www-data"
type=SOCKADDR msg=audit(1768183416.093:2161): saddr=01002F7661722F72756E2F6D7973716C642F6D7973716C642E736F636BSADDR={ saddr_fam=local path=/var/run/mysqld/mysqld.sock }
type=PATH msg=audit(1768183416.093:2161): item=0 name="/var/run/mysqld/mysqld.sock" inode=1357 dev=00:18 mode=0140777 ouid=111 ogid=111 rdev=00:00 nametype=NORMAL cap_fp=0 cap_fi=0 cap_fe=0 cap_fver=0 cap_frootid=0OUID="mysql" OGID="mysql"
type=PROCTITLE msg=audit(1768183416.093:2161): proctitle=2F7573722F7362696E2F61706163686532002D6B007374617274
type=SYSCALL msg=audit(1768183416.115:2162): arch=c000003e syscall=42 success=yes exit=0 a0=d a1=7fff7fbcaf10 a2=1d a3=1 items=1 ppid=1468 pid=1498 auid=4294967295 uid=33 gid=33 euid=33 suid=33 fsuid=33 egid=33 sgid=33 fsgid=33 tty=(none) ses=4294967295 comm="apache2" exe="/usr/sbin/apache2" subj=unconfined key="T1043_Commonly_Used_Port"ARCH=x86_64 SYSCALL=connect AUID="unset" UID="www-data" GID="www-data" EUID="www-data" SUID="www-data" FSUID="www-data" EGID="www-data" SGID="www-data" FSGID="www-data"
type=SOCKADDR msg=audit(1768183416.115:2162): saddr=01002F7661722F72756E2F6D7973716C642F6D7973716C642E736F636BSADDR={ saddr_fam=local path=/var/run/mysqld/mysqld.sock }
type=PATH msg=audit(1768183416.115:2162): item=0 name="/var/run/mysqld/mysqld.sock" inode=1357 dev=00:18 mode=0140777 ouid=111 ogid=111 rdev=00:00 nametype=NORMAL cap_fp=0 cap_fi=0 cap_fe=0 cap_fver=0 cap_frootid=0OUID="mysql" OGID="mysql"
type=PROCTITLE msg=audit(1768183416.115:2162): proctitle=2F7573722F7362696E2F61706163686532002D6B007374617274
type=SYSCALL msg=audit(1768183416.115:2163): arch=c000003e syscall=42 success=yes exit=0 a0=d a1=7fff7fbcaf10 a2=1d a3=1 items=1 ppid=1468 pid=1510 auid=4294967295 uid=33 gid=33 euid=33 suid=33 fsuid=33 egid=33 sgid=33 fsgid=33 tty=(none) ses=4294967295 comm="apache2" exe="/usr/sbin/apache2" subj=unconfined key="T1043_Commonly_Used_Port"ARCH=x86_64 SYSCALL=connect AUID="unset" UID="www-data" GID="www-data" EUID="www-data" SUID="www-data" FSUID="www-data" EGID="www-data" SGID="www-data" FSGID="www-data"
type=SOCKADDR msg=audit(1768183416.115:2163): saddr=01002F7661722F72756E2F6D7973716C642F6D7973716C642E736F636BSADDR={ saddr_fam=local path=/var/run/mysqld/mysqld.sock }
type=PATH msg=audit(1768183416.115:2163): item=0 name="/var/run/mysqld/mysqld.sock" inode=1357 dev=00:18 mode=0140777 ouid=111 ogid=111 rdev=00:00 nametype=NORMAL cap_fp=0 cap_fi=0 cap_fe=0 cap_fver=0 cap_frootid=0OUID="mysql" OGID="mysql"
type=PROCTITLE msg=audit(1768183416.115:2163): proctitle=2F7573722F7362696E2F61706163686532002D6B007374617274
type=SYSCALL msg=audit(1768183416.528:2164): arch=c000003e syscall=42 success=yes exit=0 a0=d a1=7fff7fbcaf10 a2=1d a3=1 items=1 ppid=1468 pid=1510 auid=4294967295 uid=33 gid=33 euid=33 suid=33 fsuid=33 egid=33 sgid=33 fsgid=33 tty=(none) ses=4294967295 comm="apache2" exe="/usr/sbin/apache2" subj=unconfined key="T1043_Commonly_Used_Port"ARCH=x86_64 SYSCALL=connect AUID="unset" UID="www-data" GID="www-data" EUID="www-data" SUID="www-data" FSUID="www-data" EGID="www-data" SGID="www-data" FSGID="www-data"
type=SOCKADDR msg=audit(1768183416.528:2164): saddr=01002F7661722F72756E2F6D7973716C642F6D7973716C642E736F636BSADDR={ saddr_fam=local path=/var/run/mysqld/mysqld.sock }
type=PATH msg=audit(1768183416.528:2164): item=0 name="/var/run/mysqld/mysqld.sock" inode=1357 dev=00:18 mode=0140777 ouid=111 ogid=111 rdev=00:00 nametype=NORMAL cap_fp=0 cap_fi=0 cap_fe=0 cap_fver=0 cap_frootid=0OUID="mysql" OGID="mysql"
type=PROCTITLE msg=audit(1768183416.528:2164): proctitle=2F7573722F7362696E2F61706163686532002D6B007374617274
type=SYSCALL msg=audit(1768183416.539:2165): arch=c000003e syscall=42 success=yes exit=0 a0=d a1=7fff7fbcaf10 a2=1d a3=1 items=1 ppid=1468 pid=1498 auid=4294967295 uid=33 gid=33 euid=33 suid=33 fsuid=33 egid=33 sgid=33 fsgid=33 tty=(none) ses=4294967295 comm="apache2" exe="/usr/sbin/apache2" subj=unconfined key="T1043_Commonly_Used_Port"ARCH=x86_64 SYSCALL=connect AUID="unset" UID="www-data" GID="www-data" EUID="www-data" SUID="www-data" FSUID="www-data" EGID="www-data" SGID="www-data" FSGID="www-data"
type=SOCKADDR msg=audit(1768183416.539:2165): saddr=01002F7661722F72756E2F6D7973716C642F6D7973716C642E736F636BSADDR={ saddr_fam=local path=/var/run/mysqld/mysqld.sock }
type=PATH msg=audit(1768183416.539:2165): item=0 name="/var/run/mysqld/mysqld.sock" inode=1357 dev=00:18 mode=0140777 ouid=111 ogid=111 rdev=00:00 nametype=NORMAL cap_fp=0 cap_fi=0 cap_fe=0 cap_fver=0 cap_frootid=0OUID="mysql" OGID="mysql"
type=PROCTITLE msg=audit(1768183416.539:2165): proctitle=2F7573722F7362696E2F61706163686532002D6B007374617274
type=SYSCALL msg=audit(1768183416.546:2166): arch=c000003e syscall=42 success=yes exit=0 a0=d a1=7fff7fbcaf10 a2=1d a3=1 items=1 ppid=1468 pid=1511 auid=4294967295 uid=33 gid=33 euid=33 suid=33 fsuid=33 egid=33 sgid=33 fsgid=33 tty=(none) ses=4294967295 comm="apache2" exe="/usr/sbin/apache2" subj=unconfined key="T1043_Commonly_Used_Port"ARCH=x86_64 SYSCALL=connect AUID="unset" UID="www-data" GID="www-data" EUID="www-data" SUID="www-data" FSUID="www-data" EGID="www-data" SGID="www-data" FSGID="www-data"
type=SYSCALL msg=audit(1768183416.549:2167): arch=c000003e syscall=42 success=yes exit=0 a0=d a1=7fff7fbcaf10 a2=1d a3=1 items=1 ppid=1468 pid=1513 auid=4294967295 uid=33 gid=33 euid=33 suid=33 fsuid=33 egid=33 sgid=33 fsgid=33 tty=(none) ses=4294967295 comm="apache2" exe="/usr/sbin/apache2" subj=unconfined key="T1043_Commonly_Used_Port"ARCH=x86_64 SYSCALL=connect AUID="unset" UID="www-data" GID="www-data" EUID="www-data" SUID="www-data" FSUID="www-data" EGID="www-data" SGID="www-data" FSGID="www-data"
type=SOCKADDR msg=audit(1768183416.549:2167): saddr=01002F7661722F72756E2F6D7973716C642F6D7973716C642E736F636BSADDR={ saddr_fam=local path=/var/run/mysqld/mysqld.sock }
type=PATH msg=audit(1768183416.549:2167): item=0 name="/var/run/mysqld/mysqld.sock" inode=1357 dev=00:18 mode=0140777 ouid=111 ogid=111 rdev=00:00 nametype=NORMAL cap_fp=0 cap_fi=0 cap_fe=0 cap_fver=0 cap_frootid=0OUID="mysql" OGID="mysql"
type=PROCTITLE msg=audit(1768183416.549:2167): proctitle=2F7573722F7362696E2F61706163686532002D6B007374617274
type=SOCKADDR msg=audit(1768183416.546:2166): saddr=01002F7661722F72756E2F6D7973716C642F6D7973716C642E736F636BSADDR={ saddr_fam=local path=/var/run/mysqld/mysqld.sock }
type=PATH msg=audit(1768183416.546:2166): item=0 name="/var/run/mysqld/mysqld.sock" inode=1357 dev=00:18 mode=0140777 ouid=111 ogid=111 rdev=00:00 nametype=NORMAL cap_fp=0 cap_fi=0 cap_fe=0 cap_fver=0 cap_frootid=0OUID="mysql" OGID="mysql"
type=PROCTITLE msg=audit(1768183416.546:2166): proctitle=2F7573722F7362696E2F61706163686532002D6B007374617274
type=SYSCALL msg=audit(1768183416.762:2168): arch=c000003e syscall=42 success=yes exit=0 a0=d a1=7fff7fbcaf10 a2=1d a3=1 items=1 ppid=1468 pid=1513 auid=4294967295 uid=33 gid=33 euid=33 suid=33 fsuid=33 egid=33 sgid=33 fsgid=33 tty=(none) ses=4294967295 comm="apache2" exe="/usr/sbin/apache2" subj=unconfined key="T1043_Commonly_Used_Port"ARCH=x86_64 SYSCALL=connect AUID="unset" UID="www-data" GID="www-data" EUID="www-data" SUID="www-data" FSUID="www-data" EGID="www-data" SGID="www-data" FSGID="www-data"
type=SOCKADDR msg=audit(1768183416.762:2168): saddr=01002F7661722F72756E2F6D7973716C642F6D7973716C642E736F636BSADDR={ saddr_fam=local path=/var/run/mysqld/mysqld.sock }
type=PATH msg=audit(1768183416.762:2168): item=0 name="/var/run/mysqld/mysqld.sock" inode=1357 dev=00:18 mode=0140777 ouid=111 ogid=111 rdev=00:00 nametype=NORMAL cap_fp=0 cap_fi=0 cap_fe=0 cap_fver=0 cap_frootid=0OUID="mysql" OGID="mysql"
type=PROCTITLE msg=audit(1768183416.762:2168): proctitle=2F7573722F7362696E2F61706163686532002D6B007374617274
type=SYSCALL msg=audit(1768183418.923:2169): arch=c000003e syscall=42 success=no exit=-115 a0=b a1=77a237631e20 a2=1c a3=77a237418eb0 items=0 ppid=1 pid=1468 auid=4294967295 uid=0 gid=0 euid=0 suid=0 fsuid=0 egid=0 sgid=0 fsgid=0 tty=(none) ses=4294967295 comm="apache2" exe="/usr/sbin/apache2" subj=unconfined key="T1043_Commonly_Used_Port"ARCH=x86_64 SYSCALL=connect AUID="unset" UID="root" GID="root" EUID="root" SUID="root" FSUID="root" EGID="root" SGID="root" FSGID="root"
type=SOCKADDR msg=audit(1768183418.923:2169): saddr=0A000050000000000000000000000000000000000000000000000000SADDR={ saddr_fam=inet6 laddr=:: lport=80 }
type=PROCTITLE msg=audit(1768183418.923:2169): proctitle=2F7573722F7362696E2F61706163686532002D6B007374617274
type=SYSCALL msg=audit(1768183421.456:2170): arch=c000003e syscall=59 success=yes exit=0 a0=5c666e18c5d0 a1=5c666e18bf20 a2=5c666e045cc0 a3=5c666e18c6c0 items=2 ppid=1426 pid=1519 auid=1000 uid=0 gid=0 euid=0 suid=0 fsuid=0 egid=0 sgid=0 fsgid=0 tty=pts1 ses=3 comm="tail" exe="/usr/bin/tail" subj=unconfined key="T1078_Valid_Accounts"ARCH=x86_64 SYSCALL=execve AUID="vboxuser" UID="root" GID="root" EUID="root" SUID="root" FSUID="root" EGID="root" SGID="root" FSGID="root"
type=EXECVE msg=audit(1768183421.456:2170): argc=4 a0="tail" a1="-c" a2="+10413343" a3="/var/www/nextcloud/data/nextcloud.log"
type=PATH msg=audit(1768183421.456:2170): item=0 name="/usr/bin/tail" inode=1442904 dev=08:02 mode=0100755 ouid=0 ogid=0 rdev=00:00 nametype=NORMAL cap_fp=0 cap_fi=0 cap_fe=0 cap_fver=0 cap_frootid=0OUID="root" OGID="root"
type=PATH msg=audit(1768183421.456:2170): item=1 name="/lib64/ld-linux-x86-64.so.2" inode=1481429 dev=08:02 mode=0100755 ouid=0 ogid=0 rdev=00:00 nametype=NORMAL cap_fp=0 cap_fi=0 cap_fe=0 cap_fver=0 cap_frootid=0OUID="root" OGID="root"
type=PROCTITLE msg=audit(1768183421.456:2170): proctitle=7461696C002D63002B3130343133333433002F7661722F7777772F6E657874636C6F75642F646174612F6E657874636C6F75642E6C6F67
type=SYSCALL msg=audit(1768183421.598:2171): arch=c000003e syscall=59 success=yes exit=0 a0=5c666e18c730 a1=5c666e18be90 a2=5c666e045cc0 a3=5c666e18c4b0 items=2 ppid=1426 pid=1520 auid=1000 uid=0 gid=0 euid=0 suid=0 fsuid=0 egid=0 sgid=0 fsgid=0 tty=pts1 ses=3 comm="tail" exe="/usr/bin/tail" subj=unconfined key="T1078_Valid_Accounts"ARCH=x86_64 SYSCALL=execve AUID="vboxuser" UID="root" GID="root" EUID="root" SUID="root" FSUID="root" EGID="root" SGID="root" FSGID="root"
type=EXECVE msg=audit(1768183421.598:2171): argc=4 a0="tail" a1="-c" a2="+23841" a3="/var/log/syslog"
type=PATH msg=audit(1768183421.598:2171): item=0 name="/usr/bin/tail" inode=1442904 dev=08:02 mode=0100755 ouid=0 ogid=0 rdev=00:00 nametype=NORMAL cap_fp=0 cap_fi=0 cap_fe=0 cap_fver=0 cap_frootid=0OUID="root" OGID="root"
type=PATH msg=audit(1768183421.598:2171): item=1 name="/lib64/ld-linux-x86-64.so.2" inode=1481429 dev=08:02 mode=0100755 ouid=0 ogid=0 rdev=00:00 nametype=NORMAL cap_fp=0 cap_fi=0 cap_fe=0 cap_fver=0 cap_frootid=0OUID="root" OGID="root"
type=PROCTITLE msg=audit(1768183421.598:2171): proctitle=7461696C002D63002B3233383431002F7661722F6C6F672F7379736C6F67
type=SYSCALL msg=audit(1768183421.689:2172): arch=c000003e syscall=59 success=yes exit=0 a0=5c666e18c1b0 a1=5c666e18be90 a2=5c666e045cc0 a3=5c666e18c450 items=2 ppid=1426 pid=1521 auid=1000 uid=0 gid=0 euid=0 suid=0 fsuid=0 egid=0 sgid=0 fsgid=0 tty=pts1 ses=3 comm="tail" exe="/usr/bin/tail" subj=unconfined key="T1078_Valid_Accounts"ARCH=x86_64 SYSCALL=execve AUID="vboxuser" UID="root" GID="root" EUID="root" SUID="root" FSUID="root" EGID="root" SGID="root" FSGID="root"
type=EXECVE msg=audit(1768183421.689:2172): argc=4 a0="tail" a1="-c" a2="+3581" a3="/var/log/auth.log"
type=PATH msg=audit(1768183421.689:2172): item=0 name="/usr/bin/tail" inode=1442904 dev=08:02 mode=0100755 ouid=0 ogid=0 rdev=00:00 nametype=NORMAL cap_fp=0 cap_fi=0 cap_fe=0 cap_fver=0 cap_frootid=0OUID="root" OGID="root"
type=PATH msg=audit(1768183421.689:2172): item=1 name="/lib64/ld-linux-x86-64.so.2" inode=1481429 dev=08:02 mode=0100755 ouid=0 ogid=0 rdev=00:00 nametype=NORMAL cap_fp=0 cap_fi=0 cap_fe=0 cap_fver=0 cap_frootid=0OUID="root" OGID="root"
type=PROCTITLE msg=audit(1768183421.689:2172): proctitle=7461696C002D63002B33353831002F7661722F6C6F672F617574682E6C6F67
type=SYSCALL msg=audit(1768183421.792:2173): arch=c000003e syscall=59 success=yes exit=0 a0=5c666e0618b0 a1=5c666e18bf20 a2=5c666e045cc0 a3=5c666e18b640 items=2 ppid=1426 pid=1522 auid=1000 uid=0 gid=0 euid=0 suid=0 fsuid=0 egid=0 sgid=0 fsgid=0 tty=pts1 ses=3 comm="tail" exe="/usr/bin/tail" subj=unconfined key="T1078_Valid_Accounts"ARCH=x86_64 SYSCALL=execve AUID="vboxuser" UID="root" GID="root" EUID="root" SUID="root" FSUID="root" EGID="root" SGID="root" FSGID="root"
type=EXECVE msg=audit(1768183421.792:2173): argc=4 a0="tail" a1="-c" a2="+150055887" a3="/var/log/audit/audit.log"
type=PATH msg=audit(1768183421.792:2173): item=0 name="/usr/bin/tail" inode=1442904 dev=08:02 mode=0100755 ouid=0 ogid=0 rdev=00:00 nametype=NORMAL cap_fp=0 cap_fi=0 cap_fe=0 cap_fver=0 cap_frootid=0OUID="root" OGID="root"
type=PATH msg=audit(1768183421.792:2173): item=1 name="/lib64/ld-linux-x86-64.so.2" inode=1481429 dev=08:02 mode=0100755 ouid=0 ogid=0 rdev=00:00 nametype=NORMAL cap_fp=0 cap_fi=0 cap_fe=0 cap_fver=0 cap_frootid=0OUID="root" OGID="root"
type=PROCTITLE msg=audit(1768183421.792:2173): proctitle=7461696C002D63002B313530303535383837002F7661722F6C6F672F61756469742F61756469742E6C6F67
type=SYSCALL msg=audit(1768183421.798:2174): arch=c000003e syscall=257 success=yes exit=3 a0=ffffff9c a1=7fff1308e6c3 a2=0 a3=0 items=1 ppid=1426 pid=1522 auid=1000 uid=0 gid=0 euid=0 suid=0 fsuid=0 egid=0 sgid=0 fsgid=0 tty=pts1 ses=3 comm="tail" exe="/usr/bin/tail" subj=unconfined key="auditlog"ARCH=x86_64 SYSCALL=openat AUID="vboxuser" UID="root" GID="root" EUID="root" SUID="root" FSUID="root" EGID="root" SGID="root" FSGID="root"
type=PATH msg=audit(1768183421.798:2174): item=0 name="/var/log/audit/audit.log" inode=659339 dev=08:02 mode=0100640 ouid=0 ogid=4 rdev=00:00 nametype=NORMAL cap_fp=0 cap_fi=0 cap_fe=0 cap_fver=0 cap_frootid=0OUID="root" OGID="adm"
type=PROCTITLE msg=audit(1768183421.798:2174): proctitle=7461696C002D63002B313530303535383837002F7661722F6C6F672F61756469742F61756469742E6C6F67