type=SYSCALL msg=audit(1768180101.536:1976): arch=c000003e syscall=59 success=yes exit=0 a0=565e7c7518d0 a1=565e7c60c3c0 a2=565e7c60bcc0 a3=565e7c60c3c0 items=2 ppid=1488 pid=1503 auid=1000 uid=0 gid=0 euid=0 suid=0 fsuid=0 egid=0 sgid=0 fsgid=0 tty=pts1 ses=3 comm="systemctl" exe="/usr/bin/systemctl" subj=unconfined key="T1078_Valid_Accounts"ARCH=x86_64 SYSCALL=execve AUID="vboxuser" UID="root" GID="root" EUID="root" SUID="root" FSUID="root" EGID="root" SGID="root" FSGID="root"
type=EXECVE msg=audit(1768180101.536:1976): argc=3 a0="systemctl" a1="status" a2="apache2"
type=PATH msg=audit(1768180101.536:1976): item=0 name="/usr/bin/systemctl" inode=1461475 dev=08:02 mode=0100755 ouid=0 ogid=0 rdev=00:00 nametype=NORMAL cap_fp=0 cap_fi=0 cap_fe=0 cap_fver=0 cap_frootid=0OUID="root" OGID="root"
type=PATH msg=audit(1768180101.536:1976): item=1 name="/lib64/ld-linux-x86-64.so.2" inode=1481429 dev=08:02 mode=0100755 ouid=0 ogid=0 rdev=00:00 nametype=NORMAL cap_fp=0 cap_fi=0 cap_fe=0 cap_fver=0 cap_frootid=0OUID="root" OGID="root"
type=PROCTITLE msg=audit(1768180101.536:1976): proctitle=73797374656D63746C007374617475730061706163686532
type=SYSCALL msg=audit(1768180101.551:1977): arch=c000003e syscall=42 success=yes exit=0 a0=3 a1=57f759690ac8 a2=17 a3=7ffd5c530c44 items=1 ppid=1488 pid=1503 auid=1000 uid=0 gid=0 euid=0 suid=0 fsuid=0 egid=0 sgid=0 fsgid=0 tty=pts1 ses=3 comm="systemctl" exe="/usr/bin/systemctl" subj=unconfined key="T1043_Commonly_Used_Port"ARCH=x86_64 SYSCALL=connect AUID="vboxuser" UID="root" GID="root" EUID="root" SUID="root" FSUID="root" EGID="root" SGID="root" FSGID="root"
type=SOCKADDR msg=audit(1768180101.551:1977): saddr=01002F72756E2F73797374656D642F7072697661746500SADDR={ saddr_fam=local path=/run/systemd/private }
type=PATH msg=audit(1768180101.551:1977): item=0 name="/run/systemd/private" inode=440 dev=00:18 mode=0140700 ouid=0 ogid=0 rdev=00:00 nametype=NORMAL cap_fp=0 cap_fi=0 cap_fe=0 cap_fver=0 cap_frootid=0OUID="root" OGID="root"
type=PROCTITLE msg=audit(1768180101.551:1977): proctitle=73797374656D63746C007374617475730061706163686532
type=SYSCALL msg=audit(1768180108.223:1978): arch=c000003e syscall=59 success=yes exit=0 a0=565e7c751a20 a1=565e7c61f820 a2=565e7c60bcc0 a3=565e7c751930 items=2 ppid=1488 pid=1504 auid=1000 uid=0 gid=0 euid=0 suid=0 fsuid=0 egid=0 sgid=0 fsgid=0 tty=pts1 ses=3 comm="journalctl" exe="/usr/bin/journalctl" subj=unconfined key="T1078_Valid_Accounts"ARCH=x86_64 SYSCALL=execve AUID="vboxuser" UID="root" GID="root" EUID="root" SUID="root" FSUID="root" EGID="root" SGID="root" FSGID="root"
type=EXECVE msg=audit(1768180108.223:1978): argc=3 a0="journalctl" a1="-xeu" a2="apache2"
type=PATH msg=audit(1768180108.223:1978): item=0 name="/usr/bin/journalctl" inode=1461262 dev=08:02 mode=0100755 ouid=0 ogid=0 rdev=00:00 nametype=NORMAL cap_fp=0 cap_fi=0 cap_fe=0 cap_fver=0 cap_frootid=0OUID="root" OGID="root"
type=PATH msg=audit(1768180108.223:1978): item=1 name="/lib64/ld-linux-x86-64.so.2" inode=1481429 dev=08:02 mode=0100755 ouid=0 ogid=0 rdev=00:00 nametype=NORMAL cap_fp=0 cap_fi=0 cap_fe=0 cap_fver=0 cap_frootid=0OUID="root" OGID="root"
type=PROCTITLE msg=audit(1768180108.223:1978): proctitle=6A6F75726E616C63746C002D7865750061706163686532
type=SYSCALL msg=audit(1768180117.458:1979): arch=c000003e syscall=59 success=yes exit=0 a0=565e7c60d7e0 a1=565e7c751a80 a2=565e7c60bcc0 a3=565e7c751a80 items=2 ppid=1488 pid=1505 auid=1000 uid=0 gid=0 euid=0 suid=0 fsuid=0 egid=0 sgid=0 fsgid=0 tty=pts1 ses=3 comm="cat" exe="/usr/bin/cat" subj=unconfined key="T1078_Valid_Accounts"ARCH=x86_64 SYSCALL=execve AUID="vboxuser" UID="root" GID="root" EUID="root" SUID="root" FSUID="root" EGID="root" SGID="root" FSGID="root"
type=EXECVE msg=audit(1768180117.458:1979): argc=2 a0="cat" a1="/var/log/apache2/error.log"
type=PATH msg=audit(1768180117.458:1979): item=0 name="/usr/bin/cat" inode=1442301 dev=08:02 mode=0100755 ouid=0 ogid=0 rdev=00:00 nametype=NORMAL cap_fp=0 cap_fi=0 cap_fe=0 cap_fver=0 cap_frootid=0OUID="root" OGID="root"
type=PATH msg=audit(1768180117.458:1979): item=1 name="/lib64/ld-linux-x86-64.so.2" inode=1481429 dev=08:02 mode=0100755 ouid=0 ogid=0 rdev=00:00 nametype=NORMAL cap_fp=0 cap_fi=0 cap_fe=0 cap_fver=0 cap_frootid=0OUID="root" OGID="root"
type=PROCTITLE msg=audit(1768180117.458:1979): proctitle=636174002F7661722F6C6F672F617061636865322F6572726F722E6C6F67
type=SYSCALL msg=audit(1768180136.601:1980): arch=c000003e syscall=59 success=yes exit=0 a0=565e7c751b90 a1=565e7c751c40 a2=565e7c60bcc0 a3=565e7c751c40 items=2 ppid=1488 pid=1506 auid=1000 uid=0 gid=0 euid=0 suid=0 fsuid=0 egid=0 sgid=0 fsgid=0 tty=pts1 ses=3 comm="sudo" exe="/usr/bin/sudo" subj=unconfined key="T1078_Valid_Accounts"ARCH=x86_64 SYSCALL=execve AUID="vboxuser" UID="root" GID="root" EUID="root" SUID="root" FSUID="root" EGID="root" SGID="root" FSGID="root"
type=EXECVE msg=audit(1768180136.601:1980): argc=3 a0="sudo" a1="vim" a2="/etc/apache2/apache2.conf"
type=PATH msg=audit(1768180136.601:1980): item=0 name="/usr/bin/sudo" inode=1450157 dev=08:02 mode=0104755 ouid=0 ogid=0 rdev=00:00 nametype=NORMAL cap_fp=0 cap_fi=0 cap_fe=0 cap_fver=0 cap_frootid=0OUID="root" OGID="root"
type=PATH msg=audit(1768180136.601:1980): item=1 name="/lib64/ld-linux-x86-64.so.2" inode=1481429 dev=08:02 mode=0100755 ouid=0 ogid=0 rdev=00:00 nametype=NORMAL cap_fp=0 cap_fi=0 cap_fe=0 cap_fver=0 cap_frootid=0OUID="root" OGID="root"
type=PROCTITLE msg=audit(1768180136.601:1980): proctitle=7375646F0076696D002F6574632F617061636865322F617061636865322E636F6E66
type=SYSCALL msg=audit(1768180136.606:1981): arch=c000003e syscall=257 success=yes exit=5 a0=ffffff9c a1=7ffde0443790 a2=800 a3=0 items=1 ppid=1488 pid=1506 auid=1000 uid=0 gid=0 euid=1 suid=0 fsuid=1 egid=0 sgid=0 fsgid=0 tty=pts1 ses=3 comm="sudo" exe="/usr/bin/sudo" subj=unconfined key="T1169_Sudo"ARCH=x86_64 SYSCALL=openat AUID="vboxuser" UID="root" GID="root" EUID="daemon" SUID="root" FSUID="daemon" EGID="root" SGID="root" FSGID="root"
type=PATH msg=audit(1768180136.606:1981): item=0 name="/etc/sudoers" inode=1049318 dev=08:02 mode=0100440 ouid=0 ogid=0 rdev=00:00 nametype=NORMAL cap_fp=0 cap_fi=0 cap_fe=0 cap_fver=0 cap_frootid=0OUID="root" OGID="root"
type=PROCTITLE msg=audit(1768180136.606:1981): proctitle=7375646F0076696D002F6574632F617061636865322F617061636865322E636F6E66
type=SYSCALL msg=audit(1768180136.607:1982): arch=c000003e syscall=42 success=yes exit=0 a0=6 a1=74884960b694 a2=10 a3=7ffde0441d34 items=0 ppid=1488 pid=1506 auid=1000 uid=0 gid=0 euid=0 suid=0 fsuid=0 egid=0 sgid=0 fsgid=0 tty=pts1 ses=3 comm="sudo" exe="/usr/bin/sudo" subj=unconfined key="T1043_Commonly_Used_Port"ARCH=x86_64 SYSCALL=connect AUID="vboxuser" UID="root" GID="root" EUID="root" SUID="root" FSUID="root" EGID="root" SGID="root" FSGID="root"
type=SOCKADDR msg=audit(1768180136.607:1982): saddr=020000357F0000350000000000000000SADDR={ saddr_fam=inet laddr=127.0.0.53 lport=53 }
type=PROCTITLE msg=audit(1768180136.607:1982): proctitle=7375646F0076696D002F6574632F617061636865322F617061636865322E636F6E66
type=SYSCALL msg=audit(1768180136.621:1983): arch=c000003e syscall=42 success=yes exit=0 a0=6 a1=74884960b694 a2=10 a3=7ffde0441d34 items=0 ppid=1488 pid=1506 auid=1000 uid=0 gid=0 euid=0 suid=0 fsuid=0 egid=0 sgid=0 fsgid=0 tty=pts1 ses=3 comm="sudo" exe="/usr/bin/sudo" subj=unconfined key="T1043_Commonly_Used_Port"ARCH=x86_64 SYSCALL=connect AUID="vboxuser" UID="root" GID="root" EUID="root" SUID="root" FSUID="root" EGID="root" SGID="root" FSGID="root"
type=SOCKADDR msg=audit(1768180136.621:1983): saddr=020000357F0000350000000000000000SADDR={ saddr_fam=inet laddr=127.0.0.53 lport=53 }
type=PROCTITLE msg=audit(1768180136.621:1983): proctitle=7375646F0076696D002F6574632F617061636865322F617061636865322E636F6E66
type=SYSCALL msg=audit(1768180136.621:1984): arch=c000003e syscall=42 success=yes exit=0 a0=6 a1=6237d2c23740 a2=10 a3=0 items=0 ppid=1488 pid=1506 auid=1000 uid=0 gid=0 euid=0 suid=0 fsuid=0 egid=0 sgid=0 fsgid=0 tty=pts1 ses=3 comm="sudo" exe="/usr/bin/sudo" subj=unconfined key="T1043_Commonly_Used_Port"ARCH=x86_64 SYSCALL=connect AUID="vboxuser" UID="root" GID="root" EUID="root" SUID="root" FSUID="root" EGID="root" SGID="root" FSGID="root"
type=SOCKADDR msg=audit(1768180136.621:1984): saddr=020000000A00020F0000000000000000SADDR={ saddr_fam=inet laddr=10.0.2.15 lport=0 }
type=PROCTITLE msg=audit(1768180136.621:1984): proctitle=7375646F0076696D002F6574632F617061636865322F617061636865322E636F6E66
type=SYSCALL msg=audit(1768180136.621:1985): arch=c000003e syscall=42 success=yes exit=0 a0=6 a1=7ffde0443c20 a2=10 a3=0 items=0 ppid=1488 pid=1506 auid=1000 uid=0 gid=0 euid=0 suid=0 fsuid=0 egid=0 sgid=0 fsgid=0 tty=pts1 ses=3 comm="sudo" exe="/usr/bin/sudo" subj=unconfined key="T1043_Commonly_Used_Port"ARCH=x86_64 SYSCALL=connect AUID="vboxuser" UID="root" GID="root" EUID="root" SUID="root" FSUID="root" EGID="root" SGID="root" FSGID="root"
type=SOCKADDR msg=audit(1768180136.621:1985): saddr=00000000000000000000000000000000SADDR=unknown-family(0)
type=PROCTITLE msg=audit(1768180136.621:1985): proctitle=7375646F0076696D002F6574632F617061636865322F617061636865322E636F6E66
type=SYSCALL msg=audit(1768180136.621:1986): arch=c000003e syscall=42 success=yes exit=0 a0=6 a1=6237d2c22910 a2=10 a3=0 items=0 ppid=1488 pid=1506 auid=1000 uid=0 gid=0 euid=0 suid=0 fsuid=0 egid=0 sgid=0 fsgid=0 tty=pts1 ses=3 comm="sudo" exe="/usr/bin/sudo" subj=unconfined key="T1043_Commonly_Used_Port"ARCH=x86_64 SYSCALL=connect AUID="vboxuser" UID="root" GID="root" EUID="root" SUID="root" FSUID="root" EGID="root" SGID="root" FSGID="root"
type=SOCKADDR msg=audit(1768180136.621:1986): saddr=02000000C0A8386B0000000000000000SADDR={ saddr_fam=inet laddr=192.168.56.107 lport=0 }
type=PROCTITLE msg=audit(1768180136.621:1986): proctitle=7375646F0076696D002F6574632F617061636865322F617061636865322E636F6E66
type=SYSCALL msg=audit(1768180136.622:1987): arch=c000003e syscall=42 success=yes exit=0 a0=6 a1=6237d2c22a00 a2=1c a3=0 items=0 ppid=1488 pid=1506 auid=1000 uid=0 gid=0 euid=0 suid=0 fsuid=0 egid=0 sgid=0 fsgid=0 tty=pts1 ses=3 comm="sudo" exe="/usr/bin/sudo" subj=unconfined key="T1043_Commonly_Used_Port"ARCH=x86_64 SYSCALL=connect AUID="vboxuser" UID="root" GID="root" EUID="root" SUID="root" FSUID="root" EGID="root" SGID="root" FSGID="root"
type=SOCKADDR msg=audit(1768180136.622:1987): saddr=0A00000000000000FD17625CF03700020A0027FFFE3F373900000000SADDR={ saddr_fam=inet6 laddr=fd17:625c:f037:2:a00:27ff:fe3f:3739 lport=0 }
type=PROCTITLE msg=audit(1768180136.622:1987): proctitle=7375646F0076696D002F6574632F617061636865322F617061636865322E636F6E66
type=SYSCALL msg=audit(1768180136.622:1988): arch=c000003e syscall=42 success=yes exit=0 a0=6 a1=7ffde0443c20 a2=10 a3=0 items=0 ppid=1488 pid=1506 auid=1000 uid=0 gid=0 euid=0 suid=0 fsuid=0 egid=0 sgid=0 fsgid=0 tty=pts1 ses=3 comm="sudo" exe="/usr/bin/sudo" subj=unconfined key="T1043_Commonly_Used_Port"ARCH=x86_64 SYSCALL=connect AUID="vboxuser" UID="root" GID="root" EUID="root" SUID="root" FSUID="root" EGID="root" SGID="root" FSGID="root"
type=SOCKADDR msg=audit(1768180136.622:1988): saddr=00000000000000000000000000000000SADDR=unknown-family(0)
type=PROCTITLE msg=audit(1768180136.622:1988): proctitle=7375646F0076696D002F6574632F617061636865322F617061636865322E636F6E66
type=SYSCALL msg=audit(1768180136.622:1989): arch=c000003e syscall=42 success=no exit=-22 a0=6 a1=6237d2c22b20 a2=1c a3=0 items=0 ppid=1488 pid=1506 auid=1000 uid=0 gid=0 euid=0 suid=0 fsuid=0 egid=0 sgid=0 fsgid=0 tty=pts1 ses=3 comm="sudo" exe="/usr/bin/sudo" subj=unconfined key="T1043_Commonly_Used_Port"ARCH=x86_64 SYSCALL=connect AUID="vboxuser" UID="root" GID="root" EUID="root" SUID="root" FSUID="root" EGID="root" SGID="root" FSGID="root"
type=SOCKADDR msg=audit(1768180136.622:1989): saddr=0A00000000000000FE800000000000000A0027FFFE3F373900000000SADDR={ saddr_fam=inet6 laddr=fe80::a00:27ff:fe3f:3739 lport=0 }
type=PROCTITLE msg=audit(1768180136.622:1989): proctitle=7375646F0076696D002F6574632F617061636865322F617061636865322E636F6E66
type=SYSCALL msg=audit(1768180136.622:1990): arch=c000003e syscall=42 success=yes exit=0 a0=6 a1=7ffde0443c20 a2=10 a3=0 items=0 ppid=1488 pid=1506 auid=1000 uid=0 gid=0 euid=0 suid=0 fsuid=0 egid=0 sgid=0 fsgid=0 tty=pts1 ses=3 comm="sudo" exe="/usr/bin/sudo" subj=unconfined key="T1043_Commonly_Used_Port"ARCH=x86_64 SYSCALL=connect AUID="vboxuser" UID="root" GID="root" EUID="root" SUID="root" FSUID="root" EGID="root" SGID="root" FSGID="root"
type=SOCKADDR msg=audit(1768180136.622:1990): saddr=00000000000000000000000000000000SADDR=unknown-family(0)
type=PROCTITLE msg=audit(1768180136.622:1990): proctitle=7375646F0076696D002F6574632F617061636865322F617061636865322E636F6E66
type=SYSCALL msg=audit(1768180136.622:1991): arch=c000003e syscall=42 success=no exit=-22 a0=6 a1=6237d2c22c40 a2=1c a3=0 items=0 ppid=1488 pid=1506 auid=1000 uid=0 gid=0 euid=0 suid=0 fsuid=0 egid=0 sgid=0 fsgid=0 tty=pts1 ses=3 comm="sudo" exe="/usr/bin/sudo" subj=unconfined key="T1043_Commonly_Used_Port"ARCH=x86_64 SYSCALL=connect AUID="vboxuser" UID="root" GID="root" EUID="root" SUID="root" FSUID="root" EGID="root" SGID="root" FSGID="root"
type=SOCKADDR msg=audit(1768180136.622:1991): saddr=0A00000000000000FE800000000000000A0027FFFE270D1D00000000SADDR={ saddr_fam=inet6 laddr=fe80::a00:27ff:fe27:d1d lport=0 }
type=PROCTITLE msg=audit(1768180136.622:1991): proctitle=7375646F0076696D002F6574632F617061636865322F617061636865322E636F6E66
type=SYSCALL msg=audit(1768180136.624:1992): arch=c000003e syscall=257 success=yes exit=6 a0=ffffff9c a1=7488495cf347 a2=80000 a3=0 items=1 ppid=1488 pid=1506 auid=1000 uid=0 gid=0 euid=0 suid=0 fsuid=0 egid=0 sgid=0 fsgid=0 tty=pts1 ses=3 comm="sudo" exe="/usr/bin/sudo" subj=unconfined key="T1087_Account_Discovery"ARCH=x86_64 SYSCALL=openat AUID="vboxuser" UID="root" GID="root" EUID="root" SUID="root" FSUID="root" EGID="root" SGID="root" FSGID="root"
type=PATH msg=audit(1768180136.624:1992): item=0 name="/etc/shadow" inode=1050300 dev=08:02 mode=0100640 ouid=0 ogid=42 rdev=00:00 nametype=NORMAL cap_fp=0 cap_fi=0 cap_fe=0 cap_fver=0 cap_frootid=0OUID="root" OGID="shadow"
type=PROCTITLE msg=audit(1768180136.624:1992): proctitle=7375646F0076696D002F6574632F617061636865322F617061636865322E636F6E66
type=USER_ACCT msg=audit(1768180136.624:1993): pid=1506 uid=0 auid=1000 ses=3 subj=unconfined msg='op=PAM:accounting grantors=pam_permit acct="root" exe="/usr/bin/sudo" hostname=? addr=? terminal=/dev/pts/1 res=success'UID="root" AUID="vboxuser"
type=SYSCALL msg=audit(1768180136.624:1994): arch=c000003e syscall=42 success=yes exit=0 a0=7 a1=7ffde0444120 a2=2d a3=6237d2c2e0d0 items=1 ppid=1488 pid=1506 auid=1000 uid=0 gid=0 euid=0 suid=0 fsuid=0 egid=0 sgid=0 fsgid=0 tty=pts1 ses=3 comm="sudo" exe="/usr/bin/sudo" subj=unconfined key="T1043_Commonly_Used_Port"ARCH=x86_64 SYSCALL=connect AUID="vboxuser" UID="root" GID="root" EUID="root" SUID="root" FSUID="root" EGID="root" SGID="root" FSGID="root"
type=SOCKADDR msg=audit(1768180136.624:1994): saddr=01002F72756E2F73797374656D642F7573657264622F696F2E73797374656D642E44796E616D69635573657200SADDR={ saddr_fam=local path=/run/systemd/userdb/io.systemd.DynamicUser }
type=PATH msg=audit(1768180136.624:1994): item=0 name="/run/systemd/userdb/io.systemd.DynamicUser" inode=442 dev=00:18 mode=0140666 ouid=0 ogid=0 rdev=00:00 nametype=NORMAL cap_fp=0 cap_fi=0 cap_fe=0 cap_fver=0 cap_frootid=0OUID="root" OGID="root"
type=PROCTITLE msg=audit(1768180136.624:1994): proctitle=7375646F0076696D002F6574632F617061636865322F617061636865322E636F6E66
type=USER_CMD msg=audit(1768180136.625:1995): pid=1506 uid=0 auid=1000 ses=3 subj=unconfined msg='cwd="/root" cmd=76696D202F6574632F617061636865322F617061636865322E636F6E66 exe="/usr/bin/sudo" terminal=pts/1 res=success'UID="root" AUID="vboxuser"
type=SYSCALL msg=audit(1768180136.625:1996): arch=c000003e syscall=92 success=yes exit=0 a0=7ffde04434d0 a1=0 a2=5 a3=0 items=1 ppid=1488 pid=1506 auid=1000 uid=0 gid=0 euid=0 suid=0 fsuid=0 egid=0 sgid=0 fsgid=0 tty=pts1 ses=3 comm="sudo" exe="/usr/bin/sudo" subj=unconfined key="T1166_Seuid_and_Setgid"ARCH=x86_64 SYSCALL=chown AUID="vboxuser" UID="root" GID="root" EUID="root" SUID="root" FSUID="root" EGID="root" SGID="root" FSGID="root"
type=PATH msg=audit(1768180136.625:1996): item=0 name="/dev/pts/2" inode=5 dev=00:17 mode=020620 ouid=0 ogid=5 rdev=88:02 nametype=NORMAL cap_fp=0 cap_fi=0 cap_fe=0 cap_fver=0 cap_frootid=0OUID="root" OGID="tty"
type=PROCTITLE msg=audit(1768180136.625:1996): proctitle=7375646F0076696D002F6574632F617061636865322F617061636865322E636F6E66
type=SYSCALL msg=audit(1768180136.625:1997): arch=c000003e syscall=257 success=yes exit=12 a0=ffffff9c a1=7488495d46b0 a2=80002 a3=0 items=1 ppid=1488 pid=1506 auid=1000 uid=0 gid=0 euid=0 suid=0 fsuid=0 egid=0 sgid=0 fsgid=0 tty=pts1 ses=3 comm="sudo" exe="/usr/bin/sudo" subj=unconfined key="T1108_Redundant_Access"ARCH=x86_64 SYSCALL=openat AUID="vboxuser" UID="root" GID="root" EUID="root" SUID="root" FSUID="root" EGID="root" SGID="root" FSGID="root"
type=PATH msg=audit(1768180136.625:1997): item=0 name="/var/run/utmp" inode=618 dev=00:18 mode=0100664 ouid=0 ogid=43 rdev=00:00 nametype=NORMAL cap_fp=0 cap_fi=0 cap_fe=0 cap_fver=0 cap_frootid=0OUID="root" OGID="utmp"
type=PROCTITLE msg=audit(1768180136.625:1997): proctitle=7375646F0076696D002F6574632F617061636865322F617061636865322E636F6E66
type=SYSCALL msg=audit(1768180136.626:1998): arch=c000003e syscall=106 success=yes exit=0 a0=0 a1=0 a2=1026105 a3=7488496aef60 items=0 ppid=1488 pid=1506 auid=1000 uid=0 gid=0 euid=0 suid=0 fsuid=0 egid=0 sgid=0 fsgid=0 tty=pts1 ses=3 comm="sudo" exe="/usr/bin/sudo" subj=unconfined key="T1166_Seuid_and_Setgid"ARCH=x86_64 SYSCALL=setgid AUID="vboxuser" UID="root" GID="root" EUID="root" SUID="root" FSUID="root" EGID="root" SGID="root" FSGID="root"
type=PROCTITLE msg=audit(1768180136.626:1998): proctitle=7375646F0076696D002F6574632F617061636865322F617061636865322E636F6E66
type=CRED_REFR msg=audit(1768180136.626:1999): pid=1506 uid=0 auid=1000 ses=3 subj=unconfined msg='op=PAM:setcred grantors=pam_permit,pam_cap acct="root" exe="/usr/bin/sudo" hostname=? addr=? terminal=/dev/pts/1 res=success'UID="root" AUID="vboxuser"
type=USER_START msg=audit(1768180136.627:2000): pid=1506 uid=0 auid=1000 ses=3 subj=unconfined msg='op=PAM:session_open grantors=pam_limits,pam_env,pam_env,pam_permit,pam_umask,pam_unix acct="root" exe="/usr/bin/sudo" hostname=? addr=? terminal=/dev/pts/1 res=success'UID="root" AUID="vboxuser"
type=SYSCALL msg=audit(1768180136.628:2001): arch=c000003e syscall=59 success=yes exit=0 a0=6237d2c13ae8 a1=6237d2c235e0 a2=6237d2cb2920 a3=64 items=2 ppid=1507 pid=1508 auid=1000 uid=0 gid=0 euid=0 suid=0 fsuid=0 egid=0 sgid=0 fsgid=0 tty=pts2 ses=3 comm="vim" exe="/usr/bin/vim.basic" subj=unconfined key="T1078_Valid_Accounts"ARCH=x86_64 SYSCALL=execve AUID="vboxuser" UID="root" GID="root" EUID="root" SUID="root" FSUID="root" EGID="root" SGID="root" FSGID="root"
type=EXECVE msg=audit(1768180136.628:2001): argc=2 a0="vim" a1="/etc/apache2/apache2.conf"
type=PATH msg=audit(1768180136.628:2001): item=0 name="/usr/bin/vim" inode=1483710 dev=08:02 mode=0100755 ouid=0 ogid=0 rdev=00:00 nametype=NORMAL cap_fp=0 cap_fi=0 cap_fe=0 cap_fver=0 cap_frootid=0OUID="root" OGID="root"
type=PATH msg=audit(1768180136.628:2001): item=1 name="/lib64/ld-linux-x86-64.so.2" inode=1481429 dev=08:02 mode=0100755 ouid=0 ogid=0 rdev=00:00 nametype=NORMAL cap_fp=0 cap_fi=0 cap_fe=0 cap_fver=0 cap_frootid=0OUID="root" OGID="root"
type=PROCTITLE msg=audit(1768180136.628:2001): proctitle=76696D002F6574632F617061636865322F617061636865322E636F6E66
type=SYSCALL msg=audit(1768180136.752:2002): arch=c000003e syscall=87 success=yes exit=0 a0=60bcea185960 a1=7ffcdeb168d0 a2=5 a3=180 items=2 ppid=1507 pid=1508 auid=1000 uid=0 gid=0 euid=0 suid=0 fsuid=0 egid=0 sgid=0 fsgid=0 tty=pts2 ses=3 comm="vim" exe="/usr/bin/vim.basic" subj=unconfined key="T1107_File_Deletion"ARCH=x86_64 SYSCALL=unlink AUID="vboxuser" UID="root" GID="root" EUID="root" SUID="root" FSUID="root" EGID="root" SGID="root" FSGID="root"
type=PATH msg=audit(1768180136.752:2002): item=0 name="/etc/apache2/" inode=1050310 dev=08:02 mode=040755 ouid=0 ogid=0 rdev=00:00 nametype=PARENT cap_fp=0 cap_fi=0 cap_fe=0 cap_fver=0 cap_frootid=0OUID="root" OGID="root"
type=PATH msg=audit(1768180136.752:2002): item=1 name="/etc/apache2/.apache2.conf.swx" inode=1050860 dev=08:02 mode=0100600 ouid=0 ogid=0 rdev=00:00 nametype=DELETE cap_fp=0 cap_fi=0 cap_fe=0 cap_fver=0 cap_frootid=0OUID="root" OGID="root"
type=PROCTITLE msg=audit(1768180136.752:2002): proctitle=76696D002F6574632F617061636865322F617061636865322E636F6E66
type=SYSCALL msg=audit(1768180136.753:2003): arch=c000003e syscall=87 success=yes exit=0 a0=60bce9e4b6c0 a1=7ffcdeb168d0 a2=5 a3=180 items=2 ppid=1507 pid=1508 auid=1000 uid=0 gid=0 euid=0 suid=0 fsuid=0 egid=0 sgid=0 fsgid=0 tty=pts2 ses=3 comm="vim" exe="/usr/bin/vim.basic" subj=unconfined key="T1107_File_Deletion"ARCH=x86_64 SYSCALL=unlink AUID="vboxuser" UID="root" GID="root" EUID="root" SUID="root" FSUID="root" EGID="root" SGID="root" FSGID="root"
type=PATH msg=audit(1768180136.753:2003): item=0 name="/etc/apache2/" inode=1050310 dev=08:02 mode=040755 ouid=0 ogid=0 rdev=00:00 nametype=PARENT cap_fp=0 cap_fi=0 cap_fe=0 cap_fver=0 cap_frootid=0OUID="root" OGID="root"
type=PATH msg=audit(1768180136.753:2003): item=1 name="/etc/apache2/.apache2.conf.swp" inode=1049747 dev=08:02 mode=0100600 ouid=0 ogid=0 rdev=00:00 nametype=DELETE cap_fp=0 cap_fi=0 cap_fe=0 cap_fver=0 cap_frootid=0OUID="root" OGID="root"
type=PROCTITLE msg=audit(1768180136.753:2003): proctitle=76696D002F6574632F617061636865322F617061636865322E636F6E66
type=SYSCALL msg=audit(1768180136.753:2004): arch=c000003e syscall=90 success=yes exit=0 a0=60bce9e4b6c0 a1=1a4 a2=0 a3=60bcd04b0c60 items=1 ppid=1507 pid=1508 auid=1000 uid=0 gid=0 euid=0 suid=0 fsuid=0 egid=0 sgid=0 fsgid=0 tty=pts2 ses=3 comm="vim" exe="/usr/bin/vim.basic" subj=unconfined key="T1166_Seuid_and_Setgid"ARCH=x86_64 SYSCALL=chmod AUID="vboxuser" UID="root" GID="root" EUID="root" SUID="root" FSUID="root" EGID="root" SGID="root" FSGID="root"
type=PATH msg=audit(1768180136.753:2004): item=0 name="/etc/apache2/.apache2.conf.swp" inode=1049747 dev=08:02 mode=0100600 ouid=0 ogid=0 rdev=00:00 nametype=NORMAL cap_fp=0 cap_fi=0 cap_fe=0 cap_fver=0 cap_frootid=0OUID="root" OGID="root"
type=PROCTITLE msg=audit(1768180136.753:2004): proctitle=76696D002F6574632F617061636865322F617061636865322E636F6E66
type=SYSCALL msg=audit(1768180143.372:2005): arch=c000003e syscall=257 success=yes exit=7 a0=ffffff9c a1=7efe521cf347 a2=80000 a3=0 items=1 ppid=878 pid=1510 auid=4294967295 uid=0 gid=0 euid=0 suid=0 fsuid=0 egid=0 sgid=0 fsgid=0 tty=(none) ses=4294967295 comm="cron" exe="/usr/sbin/cron" subj=unconfined key="T1087_Account_Discovery"ARCH=x86_64 SYSCALL=openat AUID="unset" UID="root" GID="root" EUID="root" SUID="root" FSUID="root" EGID="root" SGID="root" FSGID="root"
type=PATH msg=audit(1768180143.372:2005): item=0 name="/etc/shadow" inode=1050300 dev=08:02 mode=0100640 ouid=0 ogid=42 rdev=00:00 nametype=NORMAL cap_fp=0 cap_fi=0 cap_fe=0 cap_fver=0 cap_frootid=0OUID="root" OGID="shadow"
type=PROCTITLE msg=audit(1768180143.372:2005): proctitle=2F7573722F7362696E2F43524F4E002D66002D50
type=USER_ACCT msg=audit(1768180143.378:2006): pid=1510 uid=0 auid=4294967295 ses=4294967295 subj=unconfined msg='op=PAM:accounting grantors=pam_permit acct="root" exe="/usr/sbin/cron" hostname=? addr=? terminal=cron res=success'UID="root" AUID="unset"
type=CRED_ACQ msg=audit(1768180143.380:2007): pid=1510 uid=0 auid=4294967295 ses=4294967295 subj=unconfined msg='op=PAM:setcred grantors=pam_permit,pam_cap acct="root" exe="/usr/sbin/cron" hostname=? addr=? terminal=cron res=success'UID="root" AUID="unset"
type=LOGIN msg=audit(1768180143.382:2008): pid=1510 uid=0 subj=unconfined old-auid=4294967295 auid=0 tty=(none) old-ses=4294967295 ses=5 res=1UID="root" OLD-AUID="unset" AUID="root"
type=SYSCALL msg=audit(1768180143.382:2008): arch=c000003e syscall=1 success=yes exit=1 a0=7 a1=7fff0fcc3ab0 a2=1 a3=0 items=0 ppid=878 pid=1510 auid=0 uid=0 gid=0 euid=0 suid=0 fsuid=0 egid=0 sgid=0 fsgid=0 tty=(none) ses=5 comm="cron" exe="/usr/sbin/cron" subj=unconfined key=(null)ARCH=x86_64 SYSCALL=write AUID="root" UID="root" GID="root" EUID="root" SUID="root" FSUID="root" EGID="root" SGID="root" FSGID="root"
type=PROCTITLE msg=audit(1768180143.382:2008): proctitle=2F7573722F7362696E2F43524F4E002D66002D50
type=USER_START msg=audit(1768180143.384:2009): pid=1510 uid=0 auid=0 ses=5 subj=unconfined msg='op=PAM:session_open grantors=pam_loginuid,pam_env,pam_env,pam_permit,pam_umask,pam_unix,pam_limits acct="root" exe="/usr/sbin/cron" hostname=? addr=? terminal=cron res=success'UID="root" AUID="root"
type=SYSCALL msg=audit(1768180143.386:2010): arch=c000003e syscall=106 success=yes exit=0 a0=0 a1=56357f2e9900 a2=56301c782499 a3=56357f2e9910 items=0 ppid=1510 pid=1511 auid=0 uid=0 gid=0 euid=0 suid=0 fsuid=0 egid=0 sgid=0 fsgid=0 tty=(none) ses=5 comm="cron" exe="/usr/sbin/cron" subj=unconfined key="T1166_Seuid_and_Setgid"ARCH=x86_64 SYSCALL=setgid AUID="root" UID="root" GID="root" EUID="root" SUID="root" FSUID="root" EGID="root" SGID="root" FSGID="root"
type=PROCTITLE msg=audit(1768180143.386:2010): proctitle=2F7573722F7362696E2F43524F4E002D66002D50
type=CRED_REFR msg=audit(1768180143.390:2011): pid=1511 uid=0 auid=0 ses=5 subj=unconfined msg='op=PAM:setcred grantors=pam_permit,pam_cap acct="root" exe="/usr/sbin/cron" hostname=? addr=? terminal=cron res=success'UID="root" AUID="root"
type=SYSCALL msg=audit(1768180143.390:2012): arch=c000003e syscall=105 success=yes exit=0 a0=0 a1=56357f3040f0 a2=56301c67c3d4 a3=56357f304100 items=0 ppid=1510 pid=1511 auid=0 uid=0 gid=0 euid=0 suid=0 fsuid=0 egid=0 sgid=0 fsgid=0 tty=(none) ses=5 comm="cron" exe="/usr/sbin/cron" subj=unconfined key="T1166_Seuid_and_Setgid"ARCH=x86_64 SYSCALL=setuid AUID="root" UID="root" GID="root" EUID="root" SUID="root" FSUID="root" EGID="root" SGID="root" FSGID="root"
type=PROCTITLE msg=audit(1768180143.390:2012): proctitle=2F7573722F7362696E2F43524F4E002D66002D50
type=SYSCALL msg=audit(1768180143.390:2013): arch=c000003e syscall=59 success=yes exit=0 a0=56357f3030d6 a1=7fff0fcc3b60 a2=56357f303160 a3=56357f3030d6 items=2 ppid=1510 pid=1511 auid=0 uid=0 gid=0 euid=0 suid=0 fsuid=0 egid=0 sgid=0 fsgid=0 tty=(none) ses=5 comm="sh" exe="/usr/bin/dash" subj=unconfined key="T1078_Valid_Accounts"ARCH=x86_64 SYSCALL=execve AUID="root" UID="root" GID="root" EUID="root" SUID="root" FSUID="root" EGID="root" SGID="root" FSGID="root"
type=EXECVE msg=audit(1768180143.390:2013): argc=3 a0="/bin/sh" a1="-c" a2=20205B202D78202F7573722F6C69622F7068702F73657373696F6E636C65616E205D202626206966205B2021202D64202F72756E2F73797374656D642F73797374656D205D3B207468656E202F7573722F6C69622F7068702F73657373696F6E636C65616E3B206669
type=PATH msg=audit(1768180143.390:2013): item=0 name="/bin/sh" inode=1442345 dev=08:02 mode=0100755 ouid=0 ogid=0 rdev=00:00 nametype=NORMAL cap_fp=0 cap_fi=0 cap_fe=0 cap_fver=0 cap_frootid=0OUID="root" OGID="root"
type=PATH msg=audit(1768180143.390:2013): item=1 name="/lib64/ld-linux-x86-64.so.2" inode=1481429 dev=08:02 mode=0100755 ouid=0 ogid=0 rdev=00:00 nametype=NORMAL cap_fp=0 cap_fi=0 cap_fe=0 cap_fver=0 cap_frootid=0OUID="root" OGID="root"
type=PROCTITLE msg=audit(1768180143.390:2013): proctitle=2F7573722F7362696E2F43524F4E002D66002D50
type=CRED_DISP msg=audit(1768180143.396:2014): pid=1510 uid=0 auid=0 ses=5 subj=unconfined msg='op=PAM:setcred grantors=pam_permit acct="root" exe="/usr/sbin/cron" hostname=? addr=? terminal=cron res=success'UID="root" AUID="root"
type=USER_END msg=audit(1768180143.396:2015): pid=1510 uid=0 auid=0 ses=5 subj=unconfined msg='op=PAM:session_close grantors=pam_loginuid,pam_env,pam_env,pam_permit,pam_umask,pam_unix,pam_limits acct="root" exe="/usr/sbin/cron" hostname=? addr=? terminal=cron res=success'UID="root" AUID="root"
type=SYSCALL msg=audit(1768180148.430:2016): arch=c000003e syscall=93 success=yes exit=0 a0=3 a1=0 a2=0 a3=81a4 items=1 ppid=1507 pid=1508 auid=1000 uid=0 gid=0 euid=0 suid=0 fsuid=0 egid=0 sgid=0 fsgid=0 tty=pts2 ses=3 comm="vim" exe="/usr/bin/vim.basic" subj=unconfined key="T1166_Seuid_and_Setgid"ARCH=x86_64 SYSCALL=fchown AUID="vboxuser" UID="root" GID="root" EUID="root" SUID="root" FSUID="root" EGID="root" SGID="root" FSGID="root"
type=PATH msg=audit(1768180148.430:2016): item=0 name=(null) inode=1050860 dev=08:02 mode=0100644 ouid=0 ogid=0 rdev=00:00 nametype=NORMAL cap_fp=0 cap_fi=0 cap_fe=0 cap_fver=0 cap_frootid=0OUID="root" OGID="root"
type=PROCTITLE msg=audit(1768180148.430:2016): proctitle=76696D002F6574632F617061636865322F617061636865322E636F6E66
type=SYSCALL msg=audit(1768180148.430:2017): arch=c000003e syscall=87 success=yes exit=0 a0=60bce9e3c420 a1=0 a2=0 a3=0 items=2 ppid=1507 pid=1508 auid=1000 uid=0 gid=0 euid=0 suid=0 fsuid=0 egid=0 sgid=0 fsgid=0 tty=pts2 ses=3 comm="vim" exe="/usr/bin/vim.basic" subj=unconfined key="T1107_File_Deletion"ARCH=x86_64 SYSCALL=unlink AUID="vboxuser" UID="root" GID="root" EUID="root" SUID="root" FSUID="root" EGID="root" SGID="root" FSGID="root"
type=PATH msg=audit(1768180148.430:2017): item=0 name="/etc/apache2/" inode=1050310 dev=08:02 mode=040755 ouid=0 ogid=0 rdev=00:00 nametype=PARENT cap_fp=0 cap_fi=0 cap_fe=0 cap_fver=0 cap_frootid=0OUID="root" OGID="root"
type=PATH msg=audit(1768180148.430:2017): item=1 name="/etc/apache2/4913" inode=1050860 dev=08:02 mode=0100644 ouid=0 ogid=0 rdev=00:00 nametype=DELETE cap_fp=0 cap_fi=0 cap_fe=0 cap_fver=0 cap_frootid=0OUID="root" OGID="root"
type=PROCTITLE msg=audit(1768180148.430:2017): proctitle=76696D002F6574632F617061636865322F617061636865322E636F6E66
type=SYSCALL msg=audit(1768180148.433:2018): arch=c000003e syscall=87 success=no exit=-2 a0=60bce9e5a760 a1=60bce9e5a760 a2=fffffffffffffc58 a3=0 items=1 ppid=1507 pid=1508 auid=1000 uid=0 gid=0 euid=0 suid=0 fsuid=0 egid=0 sgid=0 fsgid=0 tty=pts2 ses=3 comm="vim" exe="/usr/bin/vim.basic" subj=unconfined key="T1107_File_Deletion"ARCH=x86_64 SYSCALL=unlink AUID="vboxuser" UID="root" GID="root" EUID="root" SUID="root" FSUID="root" EGID="root" SGID="root" FSGID="root"
type=PATH msg=audit(1768180148.433:2018): item=0 name="/etc/apache2/" inode=1050310 dev=08:02 mode=040755 ouid=0 ogid=0 rdev=00:00 nametype=PARENT cap_fp=0 cap_fi=0 cap_fe=0 cap_fver=0 cap_frootid=0OUID="root" OGID="root"
type=PROCTITLE msg=audit(1768180148.433:2018): proctitle=76696D002F6574632F617061636865322F617061636865322E636F6E66
type=SYSCALL msg=audit(1768180148.433:2019): arch=c000003e syscall=82 success=yes exit=0 a0=60bce9e4b6f0 a1=60bce9e5a760 a2=fffffffffffffc58 a3=0 items=4 ppid=1507 pid=1508 auid=1000 uid=0 gid=0 euid=0 suid=0 fsuid=0 egid=0 sgid=0 fsgid=0 tty=pts2 ses=3 comm="vim" exe="/usr/bin/vim.basic" subj=unconfined key="T1107_File_Deletion"ARCH=x86_64 SYSCALL=rename AUID="vboxuser" UID="root" GID="root" EUID="root" SUID="root" FSUID="root" EGID="root" SGID="root" FSGID="root"
type=PATH msg=audit(1768180148.433:2019): item=0 name="/etc/apache2/" inode=1050310 dev=08:02 mode=040755 ouid=0 ogid=0 rdev=00:00 nametype=PARENT cap_fp=0 cap_fi=0 cap_fe=0 cap_fver=0 cap_frootid=0OUID="root" OGID="root"
type=PATH msg=audit(1768180148.433:2019): item=1 name="/etc/apache2/" inode=1050310 dev=08:02 mode=040755 ouid=0 ogid=0 rdev=00:00 nametype=PARENT cap_fp=0 cap_fi=0 cap_fe=0 cap_fver=0 cap_frootid=0OUID="root" OGID="root"
type=PATH msg=audit(1768180148.433:2019): item=2 name="/etc/apache2/apache2.conf" inode=1050311 dev=08:02 mode=0100644 ouid=0 ogid=0 rdev=00:00 nametype=DELETE cap_fp=0 cap_fi=0 cap_fe=0 cap_fver=0 cap_frootid=0OUID="root" OGID="root"
type=PATH msg=audit(1768180148.433:2019): item=3 name="/etc/apache2/apache2.conf~" inode=1050311 dev=08:02 mode=0100644 ouid=0 ogid=0 rdev=00:00 nametype=CREATE cap_fp=0 cap_fi=0 cap_fe=0 cap_fver=0 cap_frootid=0OUID="root" OGID="root"
type=PROCTITLE msg=audit(1768180148.433:2019): proctitle=76696D002F6574632F617061636865322F617061636865322E636F6E66
type=SYSCALL msg=audit(1768180148.441:2020): arch=c000003e syscall=91 success=yes exit=0 a0=3 a1=81a4 a2=7ffcdeb16380 a3=0 items=1 ppid=1507 pid=1508 auid=1000 uid=0 gid=0 euid=0 suid=0 fsuid=0 egid=0 sgid=0 fsgid=0 tty=pts2 ses=3 comm="vim" exe="/usr/bin/vim.basic" subj=unconfined key="T1166_Seuid_and_Setgid"ARCH=x86_64 SYSCALL=fchmod AUID="vboxuser" UID="root" GID="root" EUID="root" SUID="root" FSUID="root" EGID="root" SGID="root" FSGID="root"
type=PATH msg=audit(1768180148.441:2020): item=0 name=(null) inode=1050860 dev=08:02 mode=0100644 ouid=0 ogid=0 rdev=00:00 nametype=NORMAL cap_fp=0 cap_fi=0 cap_fe=0 cap_fver=0 cap_frootid=0OUID="root" OGID="root"
type=PROCTITLE msg=audit(1768180148.441:2020): proctitle=76696D002F6574632F617061636865322F617061636865322E636F6E66
type=SYSCALL msg=audit(1768180148.441:2021): arch=c000003e syscall=188 success=yes exit=0 a0=60bce9e4b6f0 a1=73556a499000 a2=60bce9e5a7b0 a3=1c items=1 ppid=1507 pid=1508 auid=1000 uid=0 gid=0 euid=0 suid=0 fsuid=0 egid=0 sgid=0 fsgid=0 tty=pts2 ses=3 comm="vim" exe="/usr/bin/vim.basic" subj=unconfined key="T1166_Seuid_and_Setgid"ARCH=x86_64 SYSCALL=setxattr AUID="vboxuser" UID="root" GID="root" EUID="root" SUID="root" FSUID="root" EGID="root" SGID="root" FSGID="root"
type=PATH msg=audit(1768180148.441:2021): item=0 name="/etc/apache2/apache2.conf" inode=1050860 dev=08:02 mode=0100644 ouid=0 ogid=0 rdev=00:00 nametype=NORMAL cap_fp=0 cap_fi=0 cap_fe=0 cap_fver=0 cap_frootid=0OUID="root" OGID="root"
type=PROCTITLE msg=audit(1768180148.441:2021): proctitle=76696D002F6574632F617061636865322F617061636865322E636F6E66
type=SYSCALL msg=audit(1768180148.441:2022): arch=c000003e syscall=87 success=yes exit=0 a0=60bce9e5a760 a1=382d6674 a2=60bcd0407b7d a3=0 items=2 ppid=1507 pid=1508 auid=1000 uid=0 gid=0 euid=0 suid=0 fsuid=0 egid=0 sgid=0 fsgid=0 tty=pts2 ses=3 comm="vim" exe="/usr/bin/vim.basic" subj=unconfined key="T1107_File_Deletion"ARCH=x86_64 SYSCALL=unlink AUID="vboxuser" UID="root" GID="root" EUID="root" SUID="root" FSUID="root" EGID="root" SGID="root" FSGID="root"
type=PATH msg=audit(1768180148.441:2022): item=0 name="/etc/apache2/" inode=1050310 dev=08:02 mode=040755 ouid=0 ogid=0 rdev=00:00 nametype=PARENT cap_fp=0 cap_fi=0 cap_fe=0 cap_fver=0 cap_frootid=0OUID="root" OGID="root"
type=PATH msg=audit(1768180148.441:2022): item=1 name="/etc/apache2/apache2.conf~" inode=1050311 dev=08:02 mode=0100644 ouid=0 ogid=0 rdev=00:00 nametype=DELETE cap_fp=0 cap_fi=0 cap_fe=0 cap_fver=0 cap_frootid=0OUID="root" OGID="root"
type=PROCTITLE msg=audit(1768180148.441:2022): proctitle=76696D002F6574632F617061636865322F617061636865322E636F6E66
type=SYSCALL msg=audit(1768180148.442:2023): arch=c000003e syscall=87 success=yes exit=0 a0=60bce9e592a0 a1=60bce9e592a0 a2=7ffcdeb15760 a3=0 items=2 ppid=1507 pid=1508 auid=1000 uid=0 gid=0 euid=0 suid=0 fsuid=0 egid=0 sgid=0 fsgid=0 tty=pts2 ses=3 comm="vim" exe="/usr/bin/vim.basic" subj=unconfined key="T1107_File_Deletion"ARCH=x86_64 SYSCALL=unlink AUID="vboxuser" UID="root" GID="root" EUID="root" SUID="root" FSUID="root" EGID="root" SGID="root" FSGID="root"
type=PATH msg=audit(1768180148.442:2023): item=0 name="/root/" inode=1048578 dev=08:02 mode=040700 ouid=0 ogid=0 rdev=00:00 nametype=PARENT cap_fp=0 cap_fi=0 cap_fe=0 cap_fver=0 cap_frootid=0OUID="root" OGID="root"
type=PATH msg=audit(1768180148.442:2023): item=1 name="/root/.viminfo" inode=1051134 dev=08:02 mode=0100600 ouid=0 ogid=0 rdev=00:00 nametype=DELETE cap_fp=0 cap_fi=0 cap_fe=0 cap_fver=0 cap_frootid=0OUID="root" OGID="root"
type=PROCTITLE msg=audit(1768180148.442:2023): proctitle=76696D002F6574632F617061636865322F617061636865322E636F6E66
type=SYSCALL msg=audit(1768180148.442:2024): arch=c000003e syscall=82 success=yes exit=0 a0=60bce9e592f0 a1=60bce9e592a0 a2=7ffcdeb15760 a3=0 items=4 ppid=1507 pid=1508 auid=1000 uid=0 gid=0 euid=0 suid=0 fsuid=0 egid=0 sgid=0 fsgid=0 tty=pts2 ses=3 comm="vim" exe="/usr/bin/vim.basic" subj=unconfined key="T1107_File_Deletion"ARCH=x86_64 SYSCALL=rename AUID="vboxuser" UID="root" GID="root" EUID="root" SUID="root" FSUID="root" EGID="root" SGID="root" FSGID="root"
type=PATH msg=audit(1768180148.442:2024): item=0 name="/root/" inode=1048578 dev=08:02 mode=040700 ouid=0 ogid=0 rdev=00:00 nametype=PARENT cap_fp=0 cap_fi=0 cap_fe=0 cap_fver=0 cap_frootid=0OUID="root" OGID="root"
type=PATH msg=audit(1768180148.442:2024): item=1 name="/root/" inode=1048578 dev=08:02 mode=040700 ouid=0 ogid=0 rdev=00:00 nametype=PARENT cap_fp=0 cap_fi=0 cap_fe=0 cap_fver=0 cap_frootid=0OUID="root" OGID="root"
type=PATH msg=audit(1768180148.442:2024): item=2 name="/root/.viminfo.tmp" inode=1050311 dev=08:02 mode=0100600 ouid=0 ogid=0 rdev=00:00 nametype=DELETE cap_fp=0 cap_fi=0 cap_fe=0 cap_fver=0 cap_frootid=0OUID="root" OGID="root"
type=PATH msg=audit(1768180148.442:2024): item=3 name="/root/.viminfo" inode=1050311 dev=08:02 mode=0100600 ouid=0 ogid=0 rdev=00:00 nametype=CREATE cap_fp=0 cap_fi=0 cap_fe=0 cap_fver=0 cap_frootid=0OUID="root" OGID="root"
type=PROCTITLE msg=audit(1768180148.442:2024): proctitle=76696D002F6574632F617061636865322F617061636865322E636F6E66
type=SYSCALL msg=audit(1768180148.444:2025): arch=c000003e syscall=87 success=yes exit=0 a0=60bcea1330b0 a1=0 a2=0 a3=0 items=2 ppid=1507 pid=1508 auid=1000 uid=0 gid=0 euid=0 suid=0 fsuid=0 egid=0 sgid=0 fsgid=0 tty=pts2 ses=3 comm="vim" exe="/usr/bin/vim.basic" subj=unconfined key="T1107_File_Deletion"ARCH=x86_64 SYSCALL=unlink AUID="vboxuser" UID="root" GID="root" EUID="root" SUID="root" FSUID="root" EGID="root" SGID="root" FSGID="root"
type=PATH msg=audit(1768180148.444:2025): item=0 name="/etc/apache2/" inode=1050310 dev=08:02 mode=040755 ouid=0 ogid=0 rdev=00:00 nametype=PARENT cap_fp=0 cap_fi=0 cap_fe=0 cap_fver=0 cap_frootid=0OUID="root" OGID="root"
type=PATH msg=audit(1768180148.444:2025): item=1 name="/etc/apache2/.apache2.conf.swp" inode=1049747 dev=08:02 mode=0100644 ouid=0 ogid=0 rdev=00:00 nametype=DELETE cap_fp=0 cap_fi=0 cap_fe=0 cap_fver=0 cap_frootid=0OUID="root" OGID="root"
type=PROCTITLE msg=audit(1768180148.444:2025): proctitle=76696D002F6574632F617061636865322F617061636865322E636F6E66
type=SYSCALL msg=audit(1768180148.445:2026): arch=c000003e syscall=257 success=yes exit=10 a0=ffffff9c a1=7488495d46b0 a2=80002 a3=0 items=1 ppid=1488 pid=1506 auid=1000 uid=0 gid=0 euid=0 suid=0 fsuid=0 egid=0 sgid=0 fsgid=0 tty=pts1 ses=3 comm="sudo" exe="/usr/bin/sudo" subj=unconfined key="T1108_Redundant_Access"ARCH=x86_64 SYSCALL=openat AUID="vboxuser" UID="root" GID="root" EUID="root" SUID="root" FSUID="root" EGID="root" SGID="root" FSGID="root"
type=PATH msg=audit(1768180148.445:2026): item=0 name="/var/run/utmp" inode=618 dev=00:18 mode=0100664 ouid=0 ogid=43 rdev=00:00 nametype=NORMAL cap_fp=0 cap_fi=0 cap_fe=0 cap_fver=0 cap_frootid=0OUID="root" OGID="utmp"
type=PROCTITLE msg=audit(1768180148.445:2026): proctitle=7375646F0076696D002F6574632F617061636865322F617061636865322E636F6E66
type=USER_END msg=audit(1768180148.445:2027): pid=1506 uid=0 auid=1000 ses=3 subj=unconfined msg='op=PAM:session_close grantors=pam_limits,pam_env,pam_env,pam_permit,pam_umask,pam_unix acct="root" exe="/usr/bin/sudo" hostname=? addr=? terminal=/dev/pts/1 res=success'UID="root" AUID="vboxuser"
type=CRED_DISP msg=audit(1768180148.445:2028): pid=1506 uid=0 auid=1000 ses=3 subj=unconfined msg='op=PAM:setcred grantors=pam_permit acct="root" exe="/usr/bin/sudo" hostname=? addr=? terminal=/dev/pts/1 res=success'UID="root" AUID="vboxuser"
type=SYSCALL msg=audit(1768180148.450:2029): arch=c000003e syscall=59 success=yes exit=0 a0=7fff42ce65b0 a1=7fff42ce65d0 a2=7fff42ce70d8 a3=8 items=2 ppid=1 pid=1512 auid=4294967295 uid=0 gid=0 euid=0 suid=0 fsuid=0 egid=0 sgid=0 fsgid=0 tty=(none) ses=4294967295 comm="9" exe="/usr/lib/systemd/systemd-executor" subj=unconfined key="T1078_Valid_Accounts"ARCH=x86_64 SYSCALL=execve AUID="unset" UID="root" GID="root" EUID="root" SUID="root" FSUID="root" EGID="root" SGID="root" FSGID="root"
type=EXECVE msg=audit(1768180148.450:2029): argc=7 a0="/usr/lib/systemd/systemd-executor" a1="--deserialize" a2="99" a3="--log-level" a4="info" a5="--log-target" a6="journal-or-kmsg"
type=PATH msg=audit(1768180148.450:2029): item=0 name="/proc/self/fd/9" inode=1463834 dev=08:02 mode=0100755 ouid=0 ogid=0 rdev=00:00 nametype=NORMAL cap_fp=0 cap_fi=0 cap_fe=0 cap_fver=0 cap_frootid=0OUID="root" OGID="root"
type=PATH msg=audit(1768180148.450:2029): item=1 name="/lib64/ld-linux-x86-64.so.2" inode=1481429 dev=08:02 mode=0100755 ouid=0 ogid=0 rdev=00:00 nametype=NORMAL cap_fp=0 cap_fi=0 cap_fe=0 cap_fver=0 cap_frootid=0OUID="root" OGID="root"
type=PROCTITLE msg=audit(1768180148.450:2029): proctitle=2F7573722F6C69622F73797374656D642F73797374656D642D6578656375746F72002D2D646573657269616C697A65003939002D2D6C6F672D6C6576656C00696E666F002D2D6C6F672D746172676574006A6F75726E616C2D6F722D6B6D7367
type=SYSCALL msg=audit(1768180148.457:2030): arch=c000003e syscall=42 success=yes exit=0 a0=4 a1=7fff9d90f8d0 a2=1e a3=7fff9d90f980 items=1 ppid=1 pid=1512 auid=4294967295 uid=0 gid=0 euid=0 suid=0 fsuid=0 egid=0 sgid=0 fsgid=0 tty=(none) ses=4294967295 comm="9" exe="/usr/lib/systemd/systemd-executor" subj=unconfined key="T1043_Commonly_Used_Port"ARCH=x86_64 SYSCALL=connect AUID="unset" UID="root" GID="root" EUID="root" SUID="root" FSUID="root" EGID="root" SGID="root" FSGID="root"
type=SOCKADDR msg=audit(1768180148.457:2030): saddr=01002F72756E2F73797374656D642F6A6F75726E616C2F736F636B657400SADDR={ saddr_fam=local path=/run/systemd/journal/socket }
type=PATH msg=audit(1768180148.457:2030): item=0 name="/run/systemd/journal/socket" inode=455 dev=00:18 mode=0140666 ouid=0 ogid=0 rdev=00:00 nametype=NORMAL cap_fp=0 cap_fi=0 cap_fe=0 cap_fver=0 cap_frootid=0OUID="root" OGID="root"
type=PROCTITLE msg=audit(1768180148.457:2030): proctitle=2F7573722F6C69622F73797374656D642F73797374656D642D6578656375746F72002D2D646573657269616C697A65003939002D2D6C6F672D6C6576656C00696E666F002D2D6C6F672D746172676574006A6F75726E616C2D6F722D6B6D7367
type=SYSCALL msg=audit(1768180148.464:2031): arch=c000003e syscall=42 success=yes exit=0 a0=3 a1=7fff9d90f450 a2=1e a3=fffffff7 items=1 ppid=1 pid=1512 auid=4294967295 uid=0 gid=0 euid=0 suid=0 fsuid=0 egid=0 sgid=0 fsgid=0 tty=(none) ses=4294967295 comm="(ionclean)" exe="/usr/lib/systemd/systemd-executor" subj=unconfined key="T1043_Commonly_Used_Port"ARCH=x86_64 SYSCALL=connect AUID="unset" UID="root" GID="root" EUID="root" SUID="root" FSUID="root" EGID="root" SGID="root" FSGID="root"
type=SOCKADDR msg=audit(1768180148.464:2031): saddr=01002F72756E2F73797374656D642F6A6F75726E616C2F7374646F757400SADDR={ saddr_fam=local path=/run/systemd/journal/stdout }
type=PATH msg=audit(1768180148.464:2031): item=0 name="/run/systemd/journal/stdout" inode=456 dev=00:18 mode=0140666 ouid=0 ogid=0 rdev=00:00 nametype=NORMAL cap_fp=0 cap_fi=0 cap_fe=0 cap_fver=0 cap_frootid=0OUID="root" OGID="root"
type=PROCTITLE msg=audit(1768180148.464:2031): proctitle=2F7573722F6C69622F73797374656D642F73797374656D642D6578656375746F72002D2D646573657269616C697A65003939002D2D6C6F672D6C6576656C00696E666F002D2D6C6F672D746172676574006A6F75726E616C2D6F722D6B6D7367
type=SYSCALL msg=audit(1768180148.469:2032): arch=c000003e syscall=59 success=yes exit=0 a0=55acfbcfb2f0 a1=55acfbd025b0 a2=55acfbcf7da0 a3=55acfbcf8b00 items=3 ppid=1 pid=1512 auid=4294967295 uid=0 gid=0 euid=0 suid=0 fsuid=0 egid=0 sgid=0 fsgid=0 tty=(none) ses=4294967295 comm="sessionclean" exe="/usr/bin/dash" subj=unconfined key="T1078_Valid_Accounts"ARCH=x86_64 SYSCALL=execve AUID="unset" UID="root" GID="root" EUID="root" SUID="root" FSUID="root" EGID="root" SGID="root" FSGID="root"
type=EXECVE msg=audit(1768180148.469:2032): argc=3 a0="/bin/sh" a1="-e" a2="/usr/lib/php/sessionclean"
type=PATH msg=audit(1768180148.469:2032): item=0 name="/usr/lib/php/sessionclean" inode=171792 dev=08:02 mode=0100755 ouid=0 ogid=0 rdev=00:00 nametype=NORMAL cap_fp=0 cap_fi=0 cap_fe=0 cap_fver=0 cap_frootid=0OUID="root" OGID="root"
type=PATH msg=audit(1768180148.469:2032): item=1 name="/bin/sh" inode=1442345 dev=08:02 mode=0100755 ouid=0 ogid=0 rdev=00:00 nametype=NORMAL cap_fp=0 cap_fi=0 cap_fe=0 cap_fver=0 cap_frootid=0OUID="root" OGID="root"
type=PATH msg=audit(1768180148.469:2032): item=2 name="/lib64/ld-linux-x86-64.so.2" inode=1481429 dev=08:02 mode=0100755 ouid=0 ogid=0 rdev=00:00 nametype=NORMAL cap_fp=0 cap_fi=0 cap_fe=0 cap_fver=0 cap_frootid=0OUID="root" OGID="root"
type=PROCTITLE msg=audit(1768180148.469:2032): proctitle=2F7573722F6C69622F73797374656D642F73797374656D642D6578656375746F72002D2D646573657269616C697A65003939002D2D6C6F672D6C6576656C00696E666F002D2D6C6F672D746172676574006A6F75726E616C2D6F722D6B6D7367
type=SYSCALL msg=audit(1768180148.473:2033): arch=c000003e syscall=59 success=yes exit=0 a0=5af6f6cdc178 a1=5af6f6cdc1c0 a2=5af6f6cdc1d8 a3=1 items=3 ppid=1513 pid=1515 auid=4294967295 uid=0 gid=0 euid=0 suid=0 fsuid=0 egid=0 sgid=0 fsgid=0 tty=(none) ses=4294967295 comm="phpquery" exe="/usr/bin/dash" subj=unconfined key="T1078_Valid_Accounts"ARCH=x86_64 SYSCALL=execve AUID="unset" UID="root" GID="root" EUID="root" SUID="root" FSUID="root" EGID="root" SGID="root" FSGID="root"
type=EXECVE msg=audit(1768180148.473:2033): argc=3 a0="/bin/sh" a1="/usr/sbin/phpquery" a2="-V"
type=PATH msg=audit(1768180148.473:2033): item=0 name="/usr/sbin/phpquery" inode=1499175 dev=08:02 mode=0100755 ouid=0 ogid=0 rdev=00:00 nametype=NORMAL cap_fp=0 cap_fi=0 cap_fe=0 cap_fver=0 cap_frootid=0OUID="root" OGID="root"
type=PATH msg=audit(1768180148.473:2033): item=1 name="/bin/sh" inode=1442345 dev=08:02 mode=0100755 ouid=0 ogid=0 rdev=00:00 nametype=NORMAL cap_fp=0 cap_fi=0 cap_fe=0 cap_fver=0 cap_frootid=0OUID="root" OGID="root"
type=PATH msg=audit(1768180148.473:2033): item=2 name="/lib64/ld-linux-x86-64.so.2" inode=1481429 dev=08:02 mode=0100755 ouid=0 ogid=0 rdev=00:00 nametype=NORMAL cap_fp=0 cap_fi=0 cap_fe=0 cap_fver=0 cap_frootid=0OUID="root" OGID="root"
type=PROCTITLE msg=audit(1768180148.473:2033): proctitle=2F62696E2F7368002F7573722F7362696E2F7068707175657279002D56
type=SYSCALL msg=audit(1768180148.473:2034): arch=c000003e syscall=59 success=yes exit=0 a0=5af6f6cdc290 a1=5af6f6cdc1f8 a2=5af6f6cdc228 a3=7b99c71a7b00 items=2 ppid=1512 pid=1516 auid=4294967295 uid=0 gid=0 euid=0 suid=0 fsuid=0 egid=0 sgid=0 fsgid=0 tty=(none) ses=4294967295 comm="sort" exe="/usr/bin/sort" subj=unconfined key="T1078_Valid_Accounts"ARCH=x86_64 SYSCALL=execve AUID="unset" UID="root" GID="root" EUID="root" SUID="root" FSUID="root" EGID="root" SGID="root" FSGID="root"
type=SYSCALL msg=audit(1768180148.473:2035): arch=c000003e syscall=59 success=yes exit=0 a0=5af6f6cdc270 a1=5af6f6cdc1e0 a2=5af6f6cdc208 a3=7b99c71a7b00 items=2 ppid=1512 pid=1514 auid=4294967295 uid=0 gid=0 euid=0 suid=0 fsuid=0 egid=0 sgid=0 fsgid=0 tty=(none) ses=4294967295 comm="sort" exe="/usr/bin/sort" subj=unconfined key="T1078_Valid_Accounts"ARCH=x86_64 SYSCALL=execve AUID="unset" UID="root" GID="root" EUID="root" SUID="root" FSUID="root" EGID="root" SGID="root" FSGID="root"
type=EXECVE msg=audit(1768180148.473:2035): argc=4 a0="sort" a1="-rn" a2="-t:" a3="-k2,2"
type=PATH msg=audit(1768180148.473:2035): item=0 name="/usr/bin/sort" inode=1442847 dev=08:02 mode=0100755 ouid=0 ogid=0 rdev=00:00 nametype=NORMAL cap_fp=0 cap_fi=0 cap_fe=0 cap_fver=0 cap_frootid=0OUID="root" OGID="root"
type=PATH msg=audit(1768180148.473:2035): item=1 name="/lib64/ld-linux-x86-64.so.2" inode=1481429 dev=08:02 mode=0100755 ouid=0 ogid=0 rdev=00:00 nametype=NORMAL cap_fp=0 cap_fi=0 cap_fe=0 cap_fver=0 cap_frootid=0OUID="root" OGID="root"
type=PROCTITLE msg=audit(1768180148.473:2035): proctitle=736F7274002D726E002D743A002D6B322C32
type=SYSCALL msg=audit(1768180148.475:2036): arch=c000003e syscall=59 success=yes exit=0 a0=5febf4f66480 a1=5febec1ac670 a2=5febf4f66418 a3=5febf4f66400 items=2 ppid=1515 pid=1518 auid=4294967295 uid=0 gid=0 euid=0 suid=0 fsuid=0 egid=0 sgid=0 fsgid=0 tty=(none) ses=4294967295 comm="expr" exe="/usr/bin/expr" subj=unconfined key="T1078_Valid_Accounts"ARCH=x86_64 SYSCALL=execve AUID="unset" UID="root" GID="root" EUID="root" SUID="root" FSUID="root" EGID="root" SGID="root" FSGID="root"
type=EXECVE msg=audit(1768180148.475:2036): argc=4 a0="expr" a1="2" a2="-" a3="1"
type=PATH msg=audit(1768180148.475:2036): item=0 name="/usr/bin/expr" inode=1442406 dev=08:02 mode=0100755 ouid=0 ogid=0 rdev=00:00 nametype=NORMAL cap_fp=0 cap_fi=0 cap_fe=0 cap_fver=0 cap_frootid=0OUID="root" OGID="root"
type=PATH msg=audit(1768180148.475:2036): item=1 name="/lib64/ld-linux-x86-64.so.2" inode=1481429 dev=08:02 mode=0100755 ouid=0 ogid=0 rdev=00:00 nametype=NORMAL cap_fp=0 cap_fi=0 cap_fe=0 cap_fver=0 cap_frootid=0OUID="root" OGID="root"
type=PROCTITLE msg=audit(1768180148.475:2036): proctitle=657870720032002D0031
type=EXECVE msg=audit(1768180148.473:2034): argc=5 a0="sort" a1="-u" a2="-t:" a3="-k" a4="1,1"
type=PATH msg=audit(1768180148.473:2034): item=0 name="/usr/bin/sort" inode=1442847 dev=08:02 mode=0100755 ouid=0 ogid=0 rdev=00:00 nametype=NORMAL cap_fp=0 cap_fi=0 cap_fe=0 cap_fver=0 cap_frootid=0OUID="root" OGID="root"
type=PATH msg=audit(1768180148.473:2034): item=1 name="/lib64/ld-linux-x86-64.so.2" inode=1481429 dev=08:02 mode=0100755 ouid=0 ogid=0 rdev=00:00 nametype=NORMAL cap_fp=0 cap_fi=0 cap_fe=0 cap_fver=0 cap_frootid=0OUID="root" OGID="root"
type=PROCTITLE msg=audit(1768180148.473:2034): proctitle=736F7274002D75002D743A002D6B00312C31
type=SYSCALL msg=audit(1768180148.478:2037): arch=c000003e syscall=59 success=yes exit=0 a0=5febf4f66760 a1=5febf4f666a0 a2=5febf4f666f8 a3=8 items=2 ppid=1522 pid=1523 auid=4294967295 uid=0 gid=0 euid=0 suid=0 fsuid=0 egid=0 sgid=0 fsgid=0 tty=(none) ses=4294967295 comm="find" exe="/usr/bin/find" subj=unconfined key="T1078_Valid_Accounts"ARCH=x86_64 SYSCALL=execve AUID="unset" UID="root" GID="root" EUID="root" SUID="root" FSUID="root" EGID="root" SGID="root" FSGID="root"
type=EXECVE msg=audit(1768180148.478:2037): argc=10 a0="find" a1="/usr/lib/php" a2="-mindepth" a3="1" a4="-maxdepth" a5="1" a6="-regex" a7=".*[0-9]\.[0-9]" a8="-printf" a9="%f\n"
type=PATH msg=audit(1768180148.478:2037): item=0 name="/usr/bin/find" inode=1442415 dev=08:02 mode=0100755 ouid=0 ogid=0 rdev=00:00 nametype=NORMAL cap_fp=0 cap_fi=0 cap_fe=0 cap_fver=0 cap_frootid=0OUID="root" OGID="root"
type=PATH msg=audit(1768180148.478:2037): item=1 name="/lib64/ld-linux-x86-64.so.2" inode=1481429 dev=08:02 mode=0100755 ouid=0 ogid=0 rdev=00:00 nametype=NORMAL cap_fp=0 cap_fi=0 cap_fe=0 cap_fver=0 cap_frootid=0OUID="root" OGID="root"
type=PROCTITLE msg=audit(1768180148.478:2037): proctitle=66696E64002F7573722F6C69622F706870002D6D696E64657074680031002D6D617864657074680031002D7265676578002E2A5B302D395D5C2E5B302D395D002D7072696E74660025665C6E
type=SYSCALL msg=audit(1768180148.480:2038): arch=c000003e syscall=59 success=yes exit=0 a0=5febf4f66568 a1=5febf4f664e8 a2=5febf4f66500 a3=73dcef1a7ca0 items=2 ppid=1515 pid=1521 auid=4294967295 uid=0 gid=0 euid=0 suid=0 fsuid=0 egid=0 sgid=0 fsgid=0 tty=(none) ses=4294967295 comm="sort" exe="/usr/bin/sort" subj=unconfined key="T1078_Valid_Accounts"ARCH=x86_64 SYSCALL=execve AUID="unset" UID="root" GID="root" EUID="root" SUID="root" FSUID="root" EGID="root" SGID="root" FSGID="root"
type=EXECVE msg=audit(1768180148.480:2038): argc=2 a0="sort" a1="-rn"
type=PATH msg=audit(1768180148.480:2038): item=0 name="/usr/bin/sort" inode=1442847 dev=08:02 mode=0100755 ouid=0 ogid=0 rdev=00:00 nametype=NORMAL cap_fp=0 cap_fi=0 cap_fe=0 cap_fver=0 cap_frootid=0OUID="root" OGID="root"
type=PATH msg=audit(1768180148.480:2038): item=1 name="/lib64/ld-linux-x86-64.so.2" inode=1481429 dev=08:02 mode=0100755 ouid=0 ogid=0 rdev=00:00 nametype=NORMAL cap_fp=0 cap_fi=0 cap_fe=0 cap_fver=0 cap_frootid=0OUID="root" OGID="root"
type=PROCTITLE msg=audit(1768180148.480:2038): proctitle=736F7274002D726E
type=SYSCALL msg=audit(1768180148.484:2039): arch=c000003e syscall=59 success=yes exit=0 a0=5af6f6cdc260 a1=5af6f6cdc6a0 a2=5af6f6cdc720 a3=1 items=2 ppid=1513 pid=1524 auid=4294967295 uid=0 gid=0 euid=0 suid=0 fsuid=0 egid=0 sgid=0 fsgid=0 tty=(none) ses=4294967295 comm="php8.3" exe="/usr/bin/php8.3" subj=unconfined key="T1078_Valid_Accounts"ARCH=x86_64 SYSCALL=execve AUID="unset" UID="root" GID="root" EUID="root" SUID="root" FSUID="root" EGID="root" SGID="root" FSGID="root"
type=EXECVE msg=audit(1768180148.484:2039): argc=7 a0="/usr/bin/php8.3" a1="-c" a2="/etc/php/8.3/apache2/php.ini" a3="-d" a4="error_reporting='~E_ALL'" a5="-r" a6=666F726561636828696E695F6765745F616C6C282273657373696F6E222920617320246B203D3E20247629206563686F2022246B3D222E24765B226C6F63616C5F76616C7565225D2E225C6E223B
type=PATH msg=audit(1768180148.484:2039): item=0 name="/usr/bin/php8.3" inode=1499184 dev=08:02 mode=0100755 ouid=0 ogid=0 rdev=00:00 nametype=NORMAL cap_fp=0 cap_fi=0 cap_fe=0 cap_fver=0 cap_frootid=0OUID="root" OGID="root"
type=PATH msg=audit(1768180148.484:2039): item=1 name="/lib64/ld-linux-x86-64.so.2" inode=1481429 dev=08:02 mode=0100755 ouid=0 ogid=0 rdev=00:00 nametype=NORMAL cap_fp=0 cap_fi=0 cap_fe=0 cap_fver=0 cap_frootid=0OUID="root" OGID="root"
type=PROCTITLE msg=audit(1768180148.484:2039): proctitle=2F7573722F62696E2F706870382E33002D63002F6574632F7068702F382E332F617061636865322F7068702E696E69002D64006572726F725F7265706F7274696E673D277E455F414C4C27002D7200666F726561636828696E695F6765745F616C6C282273657373696F6E222920617320246B203D3E20247629206563686F20
type=SYSCALL msg=audit(1768180148.520:2040): arch=c000003e syscall=59 success=yes exit=0 a0=5af6f6cdc750 a1=5af6f6cdc2e0 a2=5af6f6cdc6e8 a3=1 items=2 ppid=1525 pid=1527 auid=4294967295 uid=0 gid=0 euid=0 suid=0 fsuid=0 egid=0 sgid=0 fsgid=0 tty=(none) ses=4294967295 comm="sed" exe="/usr/bin/sed" subj=unconfined key="T1078_Valid_Accounts"ARCH=x86_64 SYSCALL=execve AUID="unset" UID="root" GID="root" EUID="root" SUID="root" FSUID="root" EGID="root" SGID="root" FSGID="root"
type=EXECVE msg=audit(1768180148.520:2040): argc=3 a0="sed" a1="-ne" a2="s/^session\.save_handler=\(.*\)$/\1/p"
type=PATH msg=audit(1768180148.520:2040): item=0 name="/usr/bin/sed" inode=1442742 dev=08:02 mode=0100755 ouid=0 ogid=0 rdev=00:00 nametype=NORMAL cap_fp=0 cap_fi=0 cap_fe=0 cap_fver=0 cap_frootid=0OUID="root" OGID="root"
type=PATH msg=audit(1768180148.520:2040): item=1 name="/lib64/ld-linux-x86-64.so.2" inode=1481429 dev=08:02 mode=0100755 ouid=0 ogid=0 rdev=00:00 nametype=NORMAL cap_fp=0 cap_fi=0 cap_fe=0 cap_fver=0 cap_frootid=0OUID="root" OGID="root"
type=PROCTITLE msg=audit(1768180148.520:2040): proctitle=736564002D6E6500732F5E73657373696F6E5C2E736176655F68616E646C65723D5C282E2A5C29242F5C312F70
type=SYSCALL msg=audit(1768180148.525:2041): arch=c000003e syscall=59 success=yes exit=0 a0=5af6f6cdc760 a1=5af6f6cdc2e8 a2=5af6f6cdc6f8 a3=5af6f6cdcca0 items=2 ppid=1528 pid=1530 auid=4294967295 uid=0 gid=0 euid=0 suid=0 fsuid=0 egid=0 sgid=0 fsgid=0 tty=(none) ses=4294967295 comm="sed" exe="/usr/bin/sed" subj=unconfined key="T1078_Valid_Accounts"ARCH=x86_64 SYSCALL=execve AUID="unset" UID="root" GID="root" EUID="root" SUID="root" FSUID="root" EGID="root" SGID="root" FSGID="root"
type=EXECVE msg=audit(1768180148.525:2041): argc=3 a0="sed" a1="-ne" a2="s/^session\.save_path=\(.*;\)\?\(.*\)$/\2/p"
type=PATH msg=audit(1768180148.525:2041): item=0 name="/usr/bin/sed" inode=1442742 dev=08:02 mode=0100755 ouid=0 ogid=0 rdev=00:00 nametype=NORMAL cap_fp=0 cap_fi=0 cap_fe=0 cap_fver=0 cap_frootid=0OUID="root" OGID="root"
type=PATH msg=audit(1768180148.525:2041): item=1 name="/lib64/ld-linux-x86-64.so.2" inode=1481429 dev=08:02 mode=0100755 ouid=0 ogid=0 rdev=00:00 nametype=NORMAL cap_fp=0 cap_fi=0 cap_fe=0 cap_fver=0 cap_frootid=0OUID="root" OGID="root"
type=PROCTITLE msg=audit(1768180148.525:2041): proctitle=736564002D6E6500732F5E73657373696F6E5C2E736176655F706174683D5C282E2A3B5C295C3F5C282E2A5C29242F5C322F70
type=SYSCALL msg=audit(1768180148.529:2042): arch=c000003e syscall=59 success=yes exit=0 a0=5af6f6cdc800 a1=5af6f6cdc2e0 a2=5af6f6cdc798 a3=5af6f6cdcca0 items=2 ppid=1531 pid=1533 auid=4294967295 uid=0 gid=0 euid=0 suid=0 fsuid=0 egid=0 sgid=0 fsgid=0 tty=(none) ses=4294967295 comm="sed" exe="/usr/bin/sed" subj=unconfined key="T1078_Valid_Accounts"ARCH=x86_64 SYSCALL=execve AUID="unset" UID="root" GID="root" EUID="root" SUID="root" FSUID="root" EGID="root" SGID="root" FSGID="root"
type=EXECVE msg=audit(1768180148.529:2042): argc=3 a0="sed" a1="-ne" a2="s/^session\.gc_maxlifetime=\(.*\)$/\1/p"
type=PATH msg=audit(1768180148.529:2042): item=0 name="/usr/bin/sed" inode=1442742 dev=08:02 mode=0100755 ouid=0 ogid=0 rdev=00:00 nametype=NORMAL cap_fp=0 cap_fi=0 cap_fe=0 cap_fver=0 cap_frootid=0OUID="root" OGID="root"
type=PATH msg=audit(1768180148.529:2042): item=1 name="/lib64/ld-linux-x86-64.so.2" inode=1481429 dev=08:02 mode=0100755 ouid=0 ogid=0 rdev=00:00 nametype=NORMAL cap_fp=0 cap_fi=0 cap_fe=0 cap_fver=0 cap_frootid=0OUID="root" OGID="root"
type=PROCTITLE msg=audit(1768180148.529:2042): proctitle=736564002D6E6500732F5E73657373696F6E5C2E67635F6D61786C69666574696D653D5C282E2A5C29242F5C312F70
type=SYSCALL msg=audit(1768180148.533:2043): arch=c000003e syscall=59 success=yes exit=0 a0=5af6f6cdc810 a1=5af6f6cdc2c0 a2=5af6f6cdc7a8 a3=5af6f6cdcca0 items=2 ppid=1534 pid=1536 auid=4294967295 uid=0 gid=0 euid=0 suid=0 fsuid=0 egid=0 sgid=0 fsgid=0 tty=(none) ses=4294967295 comm="sed" exe="/usr/bin/sed" subj=unconfined key="T1078_Valid_Accounts"ARCH=x86_64 SYSCALL=execve AUID="unset" UID="root" GID="root" EUID="root" SUID="root" FSUID="root" EGID="root" SGID="root" FSGID="root"
type=EXECVE msg=audit(1768180148.533:2043): argc=3 a0="sed" a1="-e" a2="s,@VERSION@,8.3,"
type=PATH msg=audit(1768180148.533:2043): item=0 name="/usr/bin/sed" inode=1442742 dev=08:02 mode=0100755 ouid=0 ogid=0 rdev=00:00 nametype=NORMAL cap_fp=0 cap_fi=0 cap_fe=0 cap_fver=0 cap_frootid=0OUID="root" OGID="root"
type=PATH msg=audit(1768180148.533:2043): item=1 name="/lib64/ld-linux-x86-64.so.2" inode=1481429 dev=08:02 mode=0100755 ouid=0 ogid=0 rdev=00:00 nametype=NORMAL cap_fp=0 cap_fi=0 cap_fe=0 cap_fver=0 cap_frootid=0OUID="root" OGID="root"
type=PROCTITLE msg=audit(1768180148.533:2043): proctitle=736564002D6500732C4056455253494F4E402C382E332C
type=SYSCALL msg=audit(1768180148.537:2044): arch=c000003e syscall=59 success=yes exit=0 a0=5af6f6cdc260 a1=5af6f6cdc7c8 a2=5af6f6cdc848 a3=5af6f6cdcca0 items=2 ppid=1513 pid=1537 auid=4294967295 uid=0 gid=0 euid=0 suid=0 fsuid=0 egid=0 sgid=0 fsgid=0 tty=(none) ses=4294967295 comm="php8.3" exe="/usr/bin/php8.3" subj=unconfined key="T1078_Valid_Accounts"ARCH=x86_64 SYSCALL=execve AUID="unset" UID="root" GID="root" EUID="root" SUID="root" FSUID="root" EGID="root" SGID="root" FSGID="root"
type=EXECVE msg=audit(1768180148.537:2044): argc=7 a0="/usr/bin/php8.3" a1="-c" a2="/etc/php/8.3/cli/php.ini" a3="-d" a4="error_reporting='~E_ALL'" a5="-r" a6=666F726561636828696E695F6765745F616C6C282273657373696F6E222920617320246B203D3E20247629206563686F2022246B3D222E24765B226C6F63616C5F76616C7565225D2E225C6E223B
type=PATH msg=audit(1768180148.537:2044): item=0 name="/usr/bin/php8.3" inode=1499184 dev=08:02 mode=0100755 ouid=0 ogid=0 rdev=00:00 nametype=NORMAL cap_fp=0 cap_fi=0 cap_fe=0 cap_fver=0 cap_frootid=0OUID="root" OGID="root"
type=PATH msg=audit(1768180148.537:2044): item=1 name="/lib64/ld-linux-x86-64.so.2" inode=1481429 dev=08:02 mode=0100755 ouid=0 ogid=0 rdev=00:00 nametype=NORMAL cap_fp=0 cap_fi=0 cap_fe=0 cap_fver=0 cap_frootid=0OUID="root" OGID="root"
type=PROCTITLE msg=audit(1768180148.537:2044): proctitle=2F7573722F62696E2F706870382E33002D63002F6574632F7068702F382E332F636C692F7068702E696E69002D64006572726F725F7265706F7274696E673D277E455F414C4C27002D7200666F726561636828696E695F6765745F616C6C282273657373696F6E222920617320246B203D3E20247629206563686F2022246B3D
type=SYSCALL msg=audit(1768180148.570:2045): arch=c000003e syscall=59 success=yes exit=0 a0=5af6f6cdc7b0 a1=5af6f6cdc2e0 a2=5af6f6cdc748 a3=5af6f6cdc9e0 items=2 ppid=1538 pid=1540 auid=4294967295 uid=0 gid=0 euid=0 suid=0 fsuid=0 egid=0 sgid=0 fsgid=0 tty=(none) ses=4294967295 comm="sed" exe="/usr/bin/sed" subj=unconfined key="T1078_Valid_Accounts"ARCH=x86_64 SYSCALL=execve AUID="unset" UID="root" GID="root" EUID="root" SUID="root" FSUID="root" EGID="root" SGID="root" FSGID="root"
type=EXECVE msg=audit(1768180148.570:2045): argc=3 a0="sed" a1="-ne" a2="s/^session\.save_handler=\(.*\)$/\1/p"
type=PATH msg=audit(1768180148.570:2045): item=0 name="/usr/bin/sed" inode=1442742 dev=08:02 mode=0100755 ouid=0 ogid=0 rdev=00:00 nametype=NORMAL cap_fp=0 cap_fi=0 cap_fe=0 cap_fver=0 cap_frootid=0OUID="root" OGID="root"
type=PATH msg=audit(1768180148.570:2045): item=1 name="/lib64/ld-linux-x86-64.so.2" inode=1481429 dev=08:02 mode=0100755 ouid=0 ogid=0 rdev=00:00 nametype=NORMAL cap_fp=0 cap_fi=0 cap_fe=0 cap_fver=0 cap_frootid=0OUID="root" OGID="root"
type=PROCTITLE msg=audit(1768180148.570:2045): proctitle=736564002D6E6500732F5E73657373696F6E5C2E736176655F68616E646C65723D5C282E2A5C29242F5C312F70
type=SYSCALL msg=audit(1768180148.575:2046): arch=c000003e syscall=59 success=yes exit=0 a0=5af6f6cdc7b0 a1=5af6f6cdc2e8 a2=5af6f6cdc748 a3=5af6f6cdc3e0 items=2 ppid=1541 pid=1543 auid=4294967295 uid=0 gid=0 euid=0 suid=0 fsuid=0 egid=0 sgid=0 fsgid=0 tty=(none) ses=4294967295 comm="sed" exe="/usr/bin/sed" subj=unconfined key="T1078_Valid_Accounts"ARCH=x86_64 SYSCALL=execve AUID="unset" UID="root" GID="root" EUID="root" SUID="root" FSUID="root" EGID="root" SGID="root" FSGID="root"
type=EXECVE msg=audit(1768180148.575:2046): argc=3 a0="sed" a1="-ne" a2="s/^session\.save_path=\(.*;\)\?\(.*\)$/\2/p"
type=PATH msg=audit(1768180148.575:2046): item=0 name="/usr/bin/sed" inode=1442742 dev=08:02 mode=0100755 ouid=0 ogid=0 rdev=00:00 nametype=NORMAL cap_fp=0 cap_fi=0 cap_fe=0 cap_fver=0 cap_frootid=0OUID="root" OGID="root"
type=PATH msg=audit(1768180148.575:2046): item=1 name="/lib64/ld-linux-x86-64.so.2" inode=1481429 dev=08:02 mode=0100755 ouid=0 ogid=0 rdev=00:00 nametype=NORMAL cap_fp=0 cap_fi=0 cap_fe=0 cap_fver=0 cap_frootid=0OUID="root" OGID="root"
type=PROCTITLE msg=audit(1768180148.575:2046): proctitle=736564002D6E6500732F5E73657373696F6E5C2E736176655F706174683D5C282E2A3B5C295C3F5C282E2A5C29242F5C322F70
type=SYSCALL msg=audit(1768180148.579:2047): arch=c000003e syscall=59 success=yes exit=0 a0=5af6f6cdc7b0 a1=5af6f6cdc2e0 a2=5af6f6cdc748 a3=5af6f6cdc9e0 items=2 ppid=1544 pid=1546 auid=4294967295 uid=0 gid=0 euid=0 suid=0 fsuid=0 egid=0 sgid=0 fsgid=0 tty=(none) ses=4294967295 comm="sed" exe="/usr/bin/sed" subj=unconfined key="T1078_Valid_Accounts"ARCH=x86_64 SYSCALL=execve AUID="unset" UID="root" GID="root" EUID="root" SUID="root" FSUID="root" EGID="root" SGID="root" FSGID="root"
type=EXECVE msg=audit(1768180148.579:2047): argc=3 a0="sed" a1="-ne" a2="s/^session\.gc_maxlifetime=\(.*\)$/\1/p"
type=PATH msg=audit(1768180148.579:2047): item=0 name="/usr/bin/sed" inode=1442742 dev=08:02 mode=0100755 ouid=0 ogid=0 rdev=00:00 nametype=NORMAL cap_fp=0 cap_fi=0 cap_fe=0 cap_fver=0 cap_frootid=0OUID="root" OGID="root"
type=PATH msg=audit(1768180148.579:2047): item=1 name="/lib64/ld-linux-x86-64.so.2" inode=1481429 dev=08:02 mode=0100755 ouid=0 ogid=0 rdev=00:00 nametype=NORMAL cap_fp=0 cap_fi=0 cap_fe=0 cap_fver=0 cap_frootid=0OUID="root" OGID="root"
type=PROCTITLE msg=audit(1768180148.579:2047): proctitle=736564002D6E6500732F5E73657373696F6E5C2E67635F6D61786C69666574696D653D5C282E2A5C29242F5C312F70
type=SYSCALL msg=audit(1768180148.583:2048): arch=c000003e syscall=59 success=yes exit=0 a0=5af6f6cdc7b0 a1=5af6f6cdc2c8 a2=5af6f6cdc748 a3=0 items=2 ppid=1547 pid=1549 auid=4294967295 uid=0 gid=0 euid=0 suid=0 fsuid=0 egid=0 sgid=0 fsgid=0 tty=(none) ses=4294967295 comm="sed" exe="/usr/bin/sed" subj=unconfined key="T1078_Valid_Accounts"ARCH=x86_64 SYSCALL=execve AUID="unset" UID="root" GID="root" EUID="root" SUID="root" FSUID="root" EGID="root" SGID="root" FSGID="root"
type=EXECVE msg=audit(1768180148.583:2048): argc=3 a0="sed" a1="-e" a2="s,@VERSION@,8.3,"
type=PATH msg=audit(1768180148.583:2048): item=0 name="/usr/bin/sed" inode=1442742 dev=08:02 mode=0100755 ouid=0 ogid=0 rdev=00:00 nametype=NORMAL cap_fp=0 cap_fi=0 cap_fe=0 cap_fver=0 cap_frootid=0OUID="root" OGID="root"
type=PATH msg=audit(1768180148.583:2048): item=1 name="/lib64/ld-linux-x86-64.so.2" inode=1481429 dev=08:02 mode=0100755 ouid=0 ogid=0 rdev=00:00 nametype=NORMAL cap_fp=0 cap_fi=0 cap_fe=0 cap_fver=0 cap_frootid=0OUID="root" OGID="root"
type=PROCTITLE msg=audit(1768180148.583:2048): proctitle=736564002D6500732C4056455253494F4E402C382E332C
type=SYSCALL msg=audit(1768180148.587:2049): arch=c000003e syscall=59 success=yes exit=0 a0=5af6f6cdc250 a1=5af6f6cdc1c8 a2=5af6f6cdc1e8 a3=7b99c71a7b00 items=2 ppid=1513 pid=1550 auid=4294967295 uid=0 gid=0 euid=0 suid=0 fsuid=0 egid=0 sgid=0 fsgid=0 tty=(none) ses=4294967295 comm="pidof" exe="/usr/sbin/killall5" subj=unconfined key="T1078_Valid_Accounts"ARCH=x86_64 SYSCALL=execve AUID="unset" UID="root" GID="root" EUID="root" SUID="root" FSUID="root" EGID="root" SGID="root" FSGID="root"
type=EXECVE msg=audit(1768180148.587:2049): argc=3 a0="pidof" a1="apache2" a2="php8.3"
type=PATH msg=audit(1768180148.587:2049): item=0 name="/usr/bin/pidof" inode=1459945 dev=08:02 mode=0100755 ouid=0 ogid=0 rdev=00:00 nametype=NORMAL cap_fp=0 cap_fi=0 cap_fe=0 cap_fver=0 cap_frootid=0OUID="root" OGID="root"
type=PATH msg=audit(1768180148.587:2049): item=1 name="/lib64/ld-linux-x86-64.so.2" inode=1481429 dev=08:02 mode=0100755 ouid=0 ogid=0 rdev=00:00 nametype=NORMAL cap_fp=0 cap_fi=0 cap_fe=0 cap_fver=0 cap_frootid=0OUID="root" OGID="root"
type=PROCTITLE msg=audit(1768180148.587:2049): proctitle=7069646F66006170616368653200706870382E33
type=SYSCALL msg=audit(1768180148.594:2050): arch=c000003e syscall=59 success=yes exit=0 a0=5af6f6cdc840 a1=5af6f6cdc760 a2=5af6f6cdc7d8 a3=8 items=2 ppid=1513 pid=1551 auid=4294967295 uid=0 gid=0 euid=0 suid=0 fsuid=0 egid=0 sgid=0 fsgid=0 tty=(none) ses=4294967295 comm="find" exe="/usr/bin/find" subj=unconfined key="T1078_Valid_Accounts"ARCH=x86_64 SYSCALL=execve AUID="unset" UID="root" GID="root" EUID="root" SUID="root" FSUID="root" EGID="root" SGID="root" FSGID="root"
type=EXECVE msg=audit(1768180148.594:2050): argc=10 a0="find" a1="/proc/1390/fd" a2="-ignore_readdir_race" a3="-lname" a4="/var/lib/php/sessions/sess_*" a5="-exec" a6="touch" a7="-c" a8="{}" a9=";"
type=PATH msg=audit(1768180148.594:2050): item=0 name="/usr/bin/find" inode=1442415 dev=08:02 mode=0100755 ouid=0 ogid=0 rdev=00:00 nametype=NORMAL cap_fp=0 cap_fi=0 cap_fe=0 cap_fver=0 cap_frootid=0OUID="root" OGID="root"
type=PATH msg=audit(1768180148.594:2050): item=1 name="/lib64/ld-linux-x86-64.so.2" inode=1481429 dev=08:02 mode=0100755 ouid=0 ogid=0 rdev=00:00 nametype=NORMAL cap_fp=0 cap_fi=0 cap_fe=0 cap_fver=0 cap_frootid=0OUID="root" OGID="root"
type=PROCTITLE msg=audit(1768180148.594:2050): proctitle=66696E64002F70726F632F313339302F6664002D69676E6F72655F726561646469725F72616365002D6C6E616D65002F7661722F6C69622F7068702F73657373696F6E732F736573735F2A002D6578656300746F756368002D63007B7D003B
type=SYSCALL msg=audit(1768180148.600:2051): arch=c000003e syscall=59 success=yes exit=0 a0=5af6f6cdc840 a1=5af6f6cdc760 a2=5af6f6cdc7d8 a3=8 items=2 ppid=1513 pid=1552 auid=4294967295 uid=0 gid=0 euid=0 suid=0 fsuid=0 egid=0 sgid=0 fsgid=0 tty=(none) ses=4294967295 comm="find" exe="/usr/bin/find" subj=unconfined key="T1078_Valid_Accounts"ARCH=x86_64 SYSCALL=execve AUID="unset" UID="root" GID="root" EUID="root" SUID="root" FSUID="root" EGID="root" SGID="root" FSGID="root"
type=EXECVE msg=audit(1768180148.600:2051): argc=10 a0="find" a1="/proc/1389/fd" a2="-ignore_readdir_race" a3="-lname" a4="/var/lib/php/sessions/sess_*" a5="-exec" a6="touch" a7="-c" a8="{}" a9=";"
type=PATH msg=audit(1768180148.600:2051): item=0 name="/usr/bin/find" inode=1442415 dev=08:02 mode=0100755 ouid=0 ogid=0 rdev=00:00 nametype=NORMAL cap_fp=0 cap_fi=0 cap_fe=0 cap_fver=0 cap_frootid=0OUID="root" OGID="root"
type=PATH msg=audit(1768180148.600:2051): item=1 name="/lib64/ld-linux-x86-64.so.2" inode=1481429 dev=08:02 mode=0100755 ouid=0 ogid=0 rdev=00:00 nametype=NORMAL cap_fp=0 cap_fi=0 cap_fe=0 cap_fver=0 cap_frootid=0OUID="root" OGID="root"
type=PROCTITLE msg=audit(1768180148.600:2051): proctitle=66696E64002F70726F632F313338392F6664002D69676E6F72655F726561646469725F72616365002D6C6E616D65002F7661722F6C69622F7068702F73657373696F6E732F736573735F2A002D6578656300746F756368002D63007B7D003B
type=SYSCALL msg=audit(1768180148.603:2052): arch=c000003e syscall=59 success=yes exit=0 a0=5af6f6cdc840 a1=5af6f6cdc760 a2=5af6f6cdc7d8 a3=8 items=2 ppid=1513 pid=1553 auid=4294967295 uid=0 gid=0 euid=0 suid=0 fsuid=0 egid=0 sgid=0 fsgid=0 tty=(none) ses=4294967295 comm="find" exe="/usr/bin/find" subj=unconfined key="T1078_Valid_Accounts"ARCH=x86_64 SYSCALL=execve AUID="unset" UID="root" GID="root" EUID="root" SUID="root" FSUID="root" EGID="root" SGID="root" FSGID="root"
type=EXECVE msg=audit(1768180148.603:2052): argc=10 a0="find" a1="/proc/1388/fd" a2="-ignore_readdir_race" a3="-lname" a4="/var/lib/php/sessions/sess_*" a5="-exec" a6="touch" a7="-c" a8="{}" a9=";"
type=PATH msg=audit(1768180148.603:2052): item=0 name="/usr/bin/find" inode=1442415 dev=08:02 mode=0100755 ouid=0 ogid=0 rdev=00:00 nametype=NORMAL cap_fp=0 cap_fi=0 cap_fe=0 cap_fver=0 cap_frootid=0OUID="root" OGID="root"
type=PATH msg=audit(1768180148.603:2052): item=1 name="/lib64/ld-linux-x86-64.so.2" inode=1481429 dev=08:02 mode=0100755 ouid=0 ogid=0 rdev=00:00 nametype=NORMAL cap_fp=0 cap_fi=0 cap_fe=0 cap_fver=0 cap_frootid=0OUID="root" OGID="root"
type=PROCTITLE msg=audit(1768180148.603:2052): proctitle=66696E64002F70726F632F313338382F6664002D69676E6F72655F726561646469725F72616365002D6C6E616D65002F7661722F6C69622F7068702F73657373696F6E732F736573735F2A002D6578656300746F756368002D63007B7D003B
type=SYSCALL msg=audit(1768180148.606:2053): arch=c000003e syscall=59 success=yes exit=0 a0=5af6f6cdc840 a1=5af6f6cdc760 a2=5af6f6cdc7d8 a3=8 items=2 ppid=1513 pid=1554 auid=4294967295 uid=0 gid=0 euid=0 suid=0 fsuid=0 egid=0 sgid=0 fsgid=0 tty=(none) ses=4294967295 comm="find" exe="/usr/bin/find" subj=unconfined key="T1078_Valid_Accounts"ARCH=x86_64 SYSCALL=execve AUID="unset" UID="root" GID="root" EUID="root" SUID="root" FSUID="root" EGID="root" SGID="root" FSGID="root"
type=EXECVE msg=audit(1768180148.606:2053): argc=10 a0="find" a1="/proc/1387/fd" a2="-ignore_readdir_race" a3="-lname" a4="/var/lib/php/sessions/sess_*" a5="-exec" a6="touch" a7="-c" a8="{}" a9=";"
type=PATH msg=audit(1768180148.606:2053): item=0 name="/usr/bin/find" inode=1442415 dev=08:02 mode=0100755 ouid=0 ogid=0 rdev=00:00 nametype=NORMAL cap_fp=0 cap_fi=0 cap_fe=0 cap_fver=0 cap_frootid=0OUID="root" OGID="root"
type=PATH msg=audit(1768180148.606:2053): item=1 name="/lib64/ld-linux-x86-64.so.2" inode=1481429 dev=08:02 mode=0100755 ouid=0 ogid=0 rdev=00:00 nametype=NORMAL cap_fp=0 cap_fi=0 cap_fe=0 cap_fver=0 cap_frootid=0OUID="root" OGID="root"
type=PROCTITLE msg=audit(1768180148.606:2053): proctitle=66696E64002F70726F632F313338372F6664002D69676E6F72655F726561646469725F72616365002D6C6E616D65002F7661722F6C69622F7068702F73657373696F6E732F736573735F2A002D6578656300746F756368002D63007B7D003B
type=SYSCALL msg=audit(1768180148.610:2054): arch=c000003e syscall=59 success=yes exit=0 a0=5af6f6cdc840 a1=5af6f6cdc760 a2=5af6f6cdc7d8 a3=8 items=2 ppid=1513 pid=1555 auid=4294967295 uid=0 gid=0 euid=0 suid=0 fsuid=0 egid=0 sgid=0 fsgid=0 tty=(none) ses=4294967295 comm="find" exe="/usr/bin/find" subj=unconfined key="T1078_Valid_Accounts"ARCH=x86_64 SYSCALL=execve AUID="unset" UID="root" GID="root" EUID="root" SUID="root" FSUID="root" EGID="root" SGID="root" FSGID="root"
type=EXECVE msg=audit(1768180148.610:2054): argc=10 a0="find" a1="/proc/1386/fd" a2="-ignore_readdir_race" a3="-lname" a4="/var/lib/php/sessions/sess_*" a5="-exec" a6="touch" a7="-c" a8="{}" a9=";"
type=PATH msg=audit(1768180148.610:2054): item=0 name="/usr/bin/find" inode=1442415 dev=08:02 mode=0100755 ouid=0 ogid=0 rdev=00:00 nametype=NORMAL cap_fp=0 cap_fi=0 cap_fe=0 cap_fver=0 cap_frootid=0OUID="root" OGID="root"
type=PATH msg=audit(1768180148.610:2054): item=1 name="/lib64/ld-linux-x86-64.so.2" inode=1481429 dev=08:02 mode=0100755 ouid=0 ogid=0 rdev=00:00 nametype=NORMAL cap_fp=0 cap_fi=0 cap_fe=0 cap_fver=0 cap_frootid=0OUID="root" OGID="root"
type=PROCTITLE msg=audit(1768180148.610:2054): proctitle=66696E64002F70726F632F313338362F6664002D69676E6F72655F726561646469725F72616365002D6C6E616D65002F7661722F6C69622F7068702F73657373696F6E732F736573735F2A002D6578656300746F756368002D63007B7D003B
type=SYSCALL msg=audit(1768180148.613:2055): arch=c000003e syscall=59 success=yes exit=0 a0=5af6f6cdc840 a1=5af6f6cdc760 a2=5af6f6cdc7d8 a3=8 items=2 ppid=1513 pid=1556 auid=4294967295 uid=0 gid=0 euid=0 suid=0 fsuid=0 egid=0 sgid=0 fsgid=0 tty=(none) ses=4294967295 comm="find" exe="/usr/bin/find" subj=unconfined key="T1078_Valid_Accounts"ARCH=x86_64 SYSCALL=execve AUID="unset" UID="root" GID="root" EUID="root" SUID="root" FSUID="root" EGID="root" SGID="root" FSGID="root"
type=EXECVE msg=audit(1768180148.613:2055): argc=10 a0="find" a1="/proc/1030/fd" a2="-ignore_readdir_race" a3="-lname" a4="/var/lib/php/sessions/sess_*" a5="-exec" a6="touch" a7="-c" a8="{}" a9=";"
type=PATH msg=audit(1768180148.613:2055): item=0 name="/usr/bin/find" inode=1442415 dev=08:02 mode=0100755 ouid=0 ogid=0 rdev=00:00 nametype=NORMAL cap_fp=0 cap_fi=0 cap_fe=0 cap_fver=0 cap_frootid=0OUID="root" OGID="root"
type=PATH msg=audit(1768180148.613:2055): item=1 name="/lib64/ld-linux-x86-64.so.2" inode=1481429 dev=08:02 mode=0100755 ouid=0 ogid=0 rdev=00:00 nametype=NORMAL cap_fp=0 cap_fi=0 cap_fe=0 cap_fver=0 cap_frootid=0OUID="root" OGID="root"
type=PROCTITLE msg=audit(1768180148.613:2055): proctitle=66696E64002F70726F632F313033302F6664002D69676E6F72655F726561646469725F72616365002D6C6E616D65002F7661722F6C69622F7068702F73657373696F6E732F736573735F2A002D6578656300746F756368002D63007B7D003B
type=SYSCALL msg=audit(1768180148.616:2056): arch=c000003e syscall=59 success=yes exit=0 a0=5af6f6cdc6a0 a1=5af6f6cdc5c0 a2=5af6f6cdc638 a3=8 items=2 ppid=1517 pid=1557 auid=4294967295 uid=0 gid=0 euid=0 suid=0 fsuid=0 egid=0 sgid=0 fsgid=0 tty=(none) ses=4294967295 comm="find" exe="/usr/bin/find" subj=unconfined key="T1078_Valid_Accounts"ARCH=x86_64 SYSCALL=execve AUID="unset" UID="root" GID="root" EUID="root" SUID="root" FSUID="root" EGID="root" SGID="root" FSGID="root"
type=EXECVE msg=audit(1768180148.616:2056): argc=14 a0="find" a1="-O3" a2="/var/lib/php/sessions/" a3="-ignore_readdir_race" a4="-depth" a5="-mindepth" a6="1" a7="-name" a8="sess_*" a9="-type" a10="f" a11="-cmin" a12="+24" a13="-delete"
type=PATH msg=audit(1768180148.616:2056): item=0 name="/usr/bin/find" inode=1442415 dev=08:02 mode=0100755 ouid=0 ogid=0 rdev=00:00 nametype=NORMAL cap_fp=0 cap_fi=0 cap_fe=0 cap_fver=0 cap_frootid=0OUID="root" OGID="root"
type=PATH msg=audit(1768180148.616:2056): item=1 name="/lib64/ld-linux-x86-64.so.2" inode=1481429 dev=08:02 mode=0100755 ouid=0 ogid=0 rdev=00:00 nametype=NORMAL cap_fp=0 cap_fi=0 cap_fe=0 cap_fver=0 cap_frootid=0OUID="root" OGID="root"
type=PROCTITLE msg=audit(1768180148.616:2056): proctitle=66696E64002D4F33002F7661722F6C69622F7068702F73657373696F6E732F002D69676E6F72655F726561646469725F72616365002D6465707468002D6D696E64657074680031002D6E616D6500736573735F2A002D747970650066002D636D696E002B3234002D64656C657465
type=SERVICE_START msg=audit(1768180148.621:2057): pid=1 uid=0 auid=4294967295 ses=4294967295 subj=unconfined msg='unit=phpsessionclean comm="systemd" exe="/usr/lib/systemd/systemd" hostname=? addr=? terminal=? res=success'UID="root" AUID="unset"
type=SERVICE_STOP msg=audit(1768180148.621:2058): pid=1 uid=0 auid=4294967295 ses=4294967295 subj=unconfined msg='unit=phpsessionclean comm="systemd" exe="/usr/lib/systemd/systemd" hostname=? addr=? terminal=? res=success'UID="root" AUID="unset"
type=SYSCALL msg=audit(1768180156.998:2059): arch=c000003e syscall=59 success=yes exit=0 a0=565e7c751d10 a1=565e7c751b60 a2=565e7c60bcc0 a3=565e7c751b60 items=2 ppid=1488 pid=1561 auid=1000 uid=0 gid=0 euid=0 suid=0 fsuid=0 egid=0 sgid=0 fsgid=0 tty=pts1 ses=3 comm="systemctl" exe="/usr/bin/systemctl" subj=unconfined key="T1078_Valid_Accounts"ARCH=x86_64 SYSCALL=execve AUID="vboxuser" UID="root" GID="root" EUID="root" SUID="root" FSUID="root" EGID="root" SGID="root" FSGID="root"
type=EXECVE msg=audit(1768180156.998:2059): argc=3 a0="systemctl" a1="restart" a2="apache2"
type=PATH msg=audit(1768180156.998:2059): item=0 name="/usr/bin/systemctl" inode=1461475 dev=08:02 mode=0100755 ouid=0 ogid=0 rdev=00:00 nametype=NORMAL cap_fp=0 cap_fi=0 cap_fe=0 cap_fver=0 cap_frootid=0OUID="root" OGID="root"
type=PATH msg=audit(1768180156.998:2059): item=1 name="/lib64/ld-linux-x86-64.so.2" inode=1481429 dev=08:02 mode=0100755 ouid=0 ogid=0 rdev=00:00 nametype=NORMAL cap_fp=0 cap_fi=0 cap_fe=0 cap_fver=0 cap_frootid=0OUID="root" OGID="root"
type=PROCTITLE msg=audit(1768180156.998:2059): proctitle=73797374656D63746C00726573746172740061706163686532
type=SYSCALL msg=audit(1768180157.013:2060): arch=c000003e syscall=42 success=yes exit=0 a0=3 a1=5f3c10c21ac8 a2=17 a3=7ffc044fe6e4 items=1 ppid=1488 pid=1561 auid=1000 uid=0 gid=0 euid=0 suid=0 fsuid=0 egid=0 sgid=0 fsgid=0 tty=pts1 ses=3 comm="systemctl" exe="/usr/bin/systemctl" subj=unconfined key="T1043_Commonly_Used_Port"ARCH=x86_64 SYSCALL=connect AUID="vboxuser" UID="root" GID="root" EUID="root" SUID="root" FSUID="root" EGID="root" SGID="root" FSGID="root"
type=SOCKADDR msg=audit(1768180157.013:2060): saddr=01002F72756E2F73797374656D642F7072697661746500SADDR={ saddr_fam=local path=/run/systemd/private }
type=PATH msg=audit(1768180157.013:2060): item=0 name="/run/systemd/private" inode=440 dev=00:18 mode=0140700 ouid=0 ogid=0 rdev=00:00 nametype=NORMAL cap_fp=0 cap_fi=0 cap_fe=0 cap_fver=0 cap_frootid=0OUID="root" OGID="root"
type=PROCTITLE msg=audit(1768180157.013:2060): proctitle=73797374656D63746C00726573746172740061706163686532
type=SYSCALL msg=audit(1768180157.015:2061): arch=c000003e syscall=59 success=yes exit=0 a0=5f3c06473090 a1=7ffc044fe960 a2=7ffc044ff1e8 a3=7c28303aa8d0 items=2 ppid=1561 pid=1562 auid=1000 uid=0 gid=0 euid=0 suid=0 fsuid=0 egid=0 sgid=0 fsgid=0 tty=pts1 ses=3 comm="systemd-tty-ask" exe="/usr/bin/systemd-tty-ask-password-agent" subj=unconfined key="T1078_Valid_Accounts"ARCH=x86_64 SYSCALL=execve AUID="vboxuser" UID="root" GID="root" EUID="root" SUID="root" FSUID="root" EGID="root" SGID="root" FSGID="root"
type=EXECVE msg=audit(1768180157.015:2061): argc=2 a0="/usr/bin/systemd-tty-ask-password-agent" a1="--watch"
type=PATH msg=audit(1768180157.015:2061): item=0 name="/usr/bin/systemd-tty-ask-password-agent" inode=1461700 dev=08:02 mode=0100755 ouid=0 ogid=0 rdev=00:00 nametype=NORMAL cap_fp=0 cap_fi=0 cap_fe=0 cap_fver=0 cap_frootid=0OUID="root" OGID="root"
type=PATH msg=audit(1768180157.015:2061): item=1 name="/lib64/ld-linux-x86-64.so.2" inode=1481429 dev=08:02 mode=0100755 ouid=0 ogid=0 rdev=00:00 nametype=NORMAL cap_fp=0 cap_fi=0 cap_fe=0 cap_fver=0 cap_frootid=0OUID="root" OGID="root"
type=PROCTITLE msg=audit(1768180157.015:2061): proctitle=2F7573722F62696E2F73797374656D642D7474792D61736B2D70617373776F72642D6167656E74002D2D7761746368
type=SYSCALL msg=audit(1768180157.021:2062): arch=c000003e syscall=59 success=yes exit=0 a0=7fff42ce65d0 a1=7fff42ce65f0 a2=7fff42ce70d8 a3=8 items=2 ppid=1 pid=1563 auid=4294967295 uid=0 gid=0 euid=0 suid=0 fsuid=0 egid=0 sgid=0 fsgid=0 tty=(none) ses=4294967295 comm="9" exe="/usr/lib/systemd/systemd-executor" subj=unconfined key="T1078_Valid_Accounts"ARCH=x86_64 SYSCALL=execve AUID="unset" UID="root" GID="root" EUID="root" SUID="root" FSUID="root" EGID="root" SGID="root" FSGID="root"
type=EXECVE msg=audit(1768180157.021:2062): argc=7 a0="/usr/lib/systemd/systemd-executor" a1="--deserialize" a2="105" a3="--log-level" a4="info" a5="--log-target" a6="journal-or-kmsg"
type=PATH msg=audit(1768180157.021:2062): item=0 name="/proc/self/fd/9" inode=1463834 dev=08:02 mode=0100755 ouid=0 ogid=0 rdev=00:00 nametype=NORMAL cap_fp=0 cap_fi=0 cap_fe=0 cap_fver=0 cap_frootid=0OUID="root" OGID="root"
type=PATH msg=audit(1768180157.021:2062): item=1 name="/lib64/ld-linux-x86-64.so.2" inode=1481429 dev=08:02 mode=0100755 ouid=0 ogid=0 rdev=00:00 nametype=NORMAL cap_fp=0 cap_fi=0 cap_fe=0 cap_fver=0 cap_frootid=0OUID="root" OGID="root"
type=PROCTITLE msg=audit(1768180157.021:2062): proctitle=2F7573722F6C69622F73797374656D642F73797374656D642D6578656375746F72002D2D646573657269616C697A6500313035002D2D6C6F672D6C6576656C00696E666F002D2D6C6F672D746172676574006A6F75726E616C2D6F722D6B6D7367
type=SYSCALL msg=audit(1768180157.032:2063): arch=c000003e syscall=42 success=yes exit=0 a0=4 a1=7ffee4dea370 a2=1e a3=7ffee4dea420 items=1 ppid=1 pid=1563 auid=4294967295 uid=0 gid=0 euid=0 suid=0 fsuid=0 egid=0 sgid=0 fsgid=0 tty=(none) ses=4294967295 comm="9" exe="/usr/lib/systemd/systemd-executor" subj=unconfined key="T1043_Commonly_Used_Port"ARCH=x86_64 SYSCALL=connect AUID="unset" UID="root" GID="root" EUID="root" SUID="root" FSUID="root" EGID="root" SGID="root" FSGID="root"
type=SOCKADDR msg=audit(1768180157.032:2063): saddr=01002F72756E2F73797374656D642F6A6F75726E616C2F736F636B657400SADDR={ saddr_fam=local path=/run/systemd/journal/socket }
type=PATH msg=audit(1768180157.032:2063): item=0 name="/run/systemd/journal/socket" inode=455 dev=00:18 mode=0140666 ouid=0 ogid=0 rdev=00:00 nametype=NORMAL cap_fp=0 cap_fi=0 cap_fe=0 cap_fver=0 cap_frootid=0OUID="root" OGID="root"
type=PROCTITLE msg=audit(1768180157.032:2063): proctitle=2F7573722F6C69622F73797374656D642F73797374656D642D6578656375746F72002D2D646573657269616C697A6500313035002D2D6C6F672D6C6576656C00696E666F002D2D6C6F672D746172676574006A6F75726E616C2D6F722D6B6D7367
type=SYSCALL msg=audit(1768180157.053:2064): arch=c000003e syscall=42 success=yes exit=0 a0=3 a1=7ffee4de9ef0 a2=1e a3=fffffff7 items=1 ppid=1 pid=1563 auid=4294967295 uid=0 gid=0 euid=0 suid=0 fsuid=0 egid=0 sgid=0 fsgid=0 tty=(none) ses=4294967295 comm="(pachectl)" exe="/usr/lib/systemd/systemd-executor" subj=unconfined key="T1043_Commonly_Used_Port"ARCH=x86_64 SYSCALL=connect AUID="unset" UID="root" GID="root" EUID="root" SUID="root" FSUID="root" EGID="root" SGID="root" FSGID="root"
type=SOCKADDR msg=audit(1768180157.053:2064): saddr=01002F72756E2F73797374656D642F6A6F75726E616C2F7374646F757400SADDR={ saddr_fam=local path=/run/systemd/journal/stdout }
type=PATH msg=audit(1768180157.053:2064): item=0 name="/run/systemd/journal/stdout" inode=456 dev=00:18 mode=0140666 ouid=0 ogid=0 rdev=00:00 nametype=NORMAL cap_fp=0 cap_fi=0 cap_fe=0 cap_fver=0 cap_frootid=0OUID="root" OGID="root"
type=PROCTITLE msg=audit(1768180157.053:2064): proctitle=2F7573722F6C69622F73797374656D642F73797374656D642D6578656375746F72002D2D646573657269616C697A6500313035002D2D6C6F672D6C6576656C00696E666F002D2D6C6F672D746172676574006A6F75726E616C2D6F722D6B6D7367
type=SYSCALL msg=audit(1768180157.055:2065): arch=c000003e syscall=59 success=yes exit=0 a0=57c4d0e81480 a1=57c4d0e89b80 a2=57c4d0e809b0 a3=57c4d0e81b80 items=3 ppid=1 pid=1563 auid=4294967295 uid=0 gid=0 euid=0 suid=0 fsuid=0 egid=0 sgid=0 fsgid=0 tty=(none) ses=4294967295 comm="apachectl" exe="/usr/bin/dash" subj=unconfined key="T1078_Valid_Accounts"ARCH=x86_64 SYSCALL=execve AUID="unset" UID="root" GID="root" EUID="root" SUID="root" FSUID="root" EGID="root" SGID="root" FSGID="root"
type=EXECVE msg=audit(1768180157.055:2065): argc=3 a0="/bin/sh" a1="/usr/sbin/apachectl" a2="graceful-stop"
type=PATH msg=audit(1768180157.055:2065): item=0 name="/usr/sbin/apachectl" inode=1479339 dev=08:02 mode=0100755 ouid=0 ogid=0 rdev=00:00 nametype=NORMAL cap_fp=0 cap_fi=0 cap_fe=0 cap_fver=0 cap_frootid=0OUID="root" OGID="root"
type=PATH msg=audit(1768180157.055:2065): item=1 name="/bin/sh" inode=1442345 dev=08:02 mode=0100755 ouid=0 ogid=0 rdev=00:00 nametype=NORMAL cap_fp=0 cap_fi=0 cap_fe=0 cap_fver=0 cap_frootid=0OUID="root" OGID="root"
type=PATH msg=audit(1768180157.055:2065): item=2 name="/lib64/ld-linux-x86-64.so.2" inode=1481429 dev=08:02 mode=0100755 ouid=0 ogid=0 rdev=00:00 nametype=NORMAL cap_fp=0 cap_fi=0 cap_fe=0 cap_fver=0 cap_frootid=0OUID="root" OGID="root"
type=PROCTITLE msg=audit(1768180157.055:2065): proctitle=2F7573722F6C69622F73797374656D642F73797374656D642D6578656375746F72002D2D646573657269616C697A6500313035002D2D6C6F672D6C6576656C00696E666F002D2D6C6F672D746172676574006A6F75726E616C2D6F722D6B6D7367
type=SYSCALL msg=audit(1768180157.059:2066): arch=c000003e syscall=59 success=yes exit=0 a0=5b201d2cad40 a1=5b201d2ccc30 a2=5b201d2caca8 a3=5b201d2cca30 items=2 ppid=1563 pid=1564 auid=4294967295 uid=0 gid=0 euid=0 suid=0 fsuid=0 egid=0 sgid=0 fsgid=0 tty=(none) ses=4294967295 comm="id" exe="/usr/bin/id" subj=unconfined key="T1078_Valid_Accounts"ARCH=x86_64 SYSCALL=execve AUID="unset" UID="root" GID="root" EUID="root" SUID="root" FSUID="root" EGID="root" SGID="root" FSGID="root"
type=EXECVE msg=audit(1768180157.059:2066): argc=2 a0="id" a1="-u"
type=PATH msg=audit(1768180157.059:2066): item=0 name="/usr/bin/id" inode=1442474 dev=08:02 mode=0100755 ouid=0 ogid=0 rdev=00:00 nametype=NORMAL cap_fp=0 cap_fi=0 cap_fe=0 cap_fver=0 cap_frootid=0OUID="root" OGID="root"
type=PATH msg=audit(1768180157.059:2066): item=1 name="/lib64/ld-linux-x86-64.so.2" inode=1481429 dev=08:02 mode=0100755 ouid=0 ogid=0 rdev=00:00 nametype=NORMAL cap_fp=0 cap_fi=0 cap_fe=0 cap_fver=0 cap_frootid=0OUID="root" OGID="root"
type=PROCTITLE msg=audit(1768180157.059:2066): proctitle=6964002D75
type=SYSCALL msg=audit(1768180157.063:2067): arch=c000003e syscall=59 success=yes exit=0 a0=5b201d2cc9a0 a1=5b201d2ce2f8 a2=5b201d2ce318 a3=8 items=2 ppid=1563 pid=1565 auid=4294967295 uid=0 gid=0 euid=0 suid=0 fsuid=0 egid=0 sgid=0 fsgid=0 tty=(none) ses=4294967295 comm="apache2" exe="/usr/sbin/apache2" subj=unconfined key="T1078_Valid_Accounts"ARCH=x86_64 SYSCALL=execve AUID="unset" UID="root" GID="root" EUID="root" SUID="root" FSUID="root" EGID="root" SGID="root" FSGID="root"
type=EXECVE msg=audit(1768180157.063:2067): argc=3 a0="/usr/sbin/apache2" a1="-k" a2="graceful-stop"
type=PATH msg=audit(1768180157.063:2067): item=0 name="/usr/sbin/apache2" inode=1457163 dev=08:02 mode=0100755 ouid=0 ogid=0 rdev=00:00 nametype=NORMAL cap_fp=0 cap_fi=0 cap_fe=0 cap_fver=0 cap_frootid=0OUID="root" OGID="root"
type=PATH msg=audit(1768180157.063:2067): item=1 name="/lib64/ld-linux-x86-64.so.2" inode=1481429 dev=08:02 mode=0100755 ouid=0 ogid=0 rdev=00:00 nametype=NORMAL cap_fp=0 cap_fi=0 cap_fe=0 cap_fver=0 cap_frootid=0OUID="root" OGID="root"
type=PROCTITLE msg=audit(1768180157.063:2067): proctitle=2F7573722F7362696E2F61706163686532002D6B00677261636566756C2D73746F70
type=SYSCALL msg=audit(1768180157.064:2068): arch=c000003e syscall=42 success=yes exit=0 a0=3 a1=57d7410bdc30 a2=1c a3=0 items=0 ppid=1563 pid=1565 auid=4294967295 uid=0 gid=0 euid=0 suid=0 fsuid=0 egid=0 sgid=0 fsgid=0 tty=(none) ses=4294967295 comm="apache2" exe="/usr/sbin/apache2" subj=unconfined key="T1043_Commonly_Used_Port"ARCH=x86_64 SYSCALL=connect AUID="unset" UID="root" GID="root" EUID="root" SUID="root" FSUID="root" EGID="root" SGID="root" FSGID="root"
type=SOCKADDR msg=audit(1768180157.064:2068): saddr=0A000000000000000000000000000000000000000000000000000000SADDR={ saddr_fam=inet6 laddr=:: lport=0 }
type=PROCTITLE msg=audit(1768180157.064:2068): proctitle=2F7573722F7362696E2F61706163686532002D6B00677261636566756C2D73746F70
type=SYSCALL msg=audit(1768180157.064:2069): arch=c000003e syscall=42 success=yes exit=0 a0=3 a1=7ffd789b67e0 a2=10 a3=0 items=0 ppid=1563 pid=1565 auid=4294967295 uid=0 gid=0 euid=0 suid=0 fsuid=0 egid=0 sgid=0 fsgid=0 tty=(none) ses=4294967295 comm="apache2" exe="/usr/sbin/apache2" subj=unconfined key="T1043_Commonly_Used_Port"ARCH=x86_64 SYSCALL=connect AUID="unset" UID="root" GID="root" EUID="root" SUID="root" FSUID="root" EGID="root" SGID="root" FSGID="root"
type=SOCKADDR msg=audit(1768180157.064:2069): saddr=00000000000000000000000000000000SADDR=unknown-family(0)
type=PROCTITLE msg=audit(1768180157.064:2069): proctitle=2F7573722F7362696E2F61706163686532002D6B00677261636566756C2D73746F70
type=SYSCALL msg=audit(1768180157.064:2070): arch=c000003e syscall=42 success=yes exit=0 a0=3 a1=57d7410bdc90 a2=10 a3=0 items=0 ppid=1563 pid=1565 auid=4294967295 uid=0 gid=0 euid=0 suid=0 fsuid=0 egid=0 sgid=0 fsgid=0 tty=(none) ses=4294967295 comm="apache2" exe="/usr/sbin/apache2" subj=unconfined key="T1043_Commonly_Used_Port"ARCH=x86_64 SYSCALL=connect AUID="unset" UID="root" GID="root" EUID="root" SUID="root" FSUID="root" EGID="root" SGID="root" FSGID="root"
type=SOCKADDR msg=audit(1768180157.064:2070): saddr=02000000000000000000000000000000SADDR={ saddr_fam=inet laddr=0.0.0.0 lport=0 }
type=PROCTITLE msg=audit(1768180157.064:2070): proctitle=2F7573722F7362696E2F61706163686532002D6B00677261636566756C2D73746F70
type=SYSCALL msg=audit(1768180157.074:2071): arch=c000003e syscall=42 success=yes exit=0 a0=3 a1=57d7410e2030 a2=1c a3=0 items=0 ppid=1563 pid=1565 auid=4294967295 uid=0 gid=0 euid=0 suid=0 fsuid=0 egid=0 sgid=0 fsgid=0 tty=(none) ses=4294967295 comm="apache2" exe="/usr/sbin/apache2" subj=unconfined key="T1043_Commonly_Used_Port"ARCH=x86_64 SYSCALL=connect AUID="unset" UID="root" GID="root" EUID="root" SUID="root" FSUID="root" EGID="root" SGID="root" FSGID="root"
type=SOCKADDR msg=audit(1768180157.074:2071): saddr=0A000050000000000000000000000000000000000000000000000000SADDR={ saddr_fam=inet6 laddr=:: lport=80 }
type=PROCTITLE msg=audit(1768180157.074:2071): proctitle=2F7573722F7362696E2F61706163686532002D6B00677261636566756C2D73746F70
type=SYSCALL msg=audit(1768180157.074:2072): arch=c000003e syscall=42 success=yes exit=0 a0=3 a1=7ffd789b6470 a2=10 a3=0 items=0 ppid=1563 pid=1565 auid=4294967295 uid=0 gid=0 euid=0 suid=0 fsuid=0 egid=0 sgid=0 fsgid=0 tty=(none) ses=4294967295 comm="apache2" exe="/usr/sbin/apache2" subj=unconfined key="T1043_Commonly_Used_Port"ARCH=x86_64 SYSCALL=connect AUID="unset" UID="root" GID="root" EUID="root" SUID="root" FSUID="root" EGID="root" SGID="root" FSGID="root"
type=SOCKADDR msg=audit(1768180157.074:2072): saddr=00000000000000000000000000000000SADDR=unknown-family(0)
type=PROCTITLE msg=audit(1768180157.074:2072): proctitle=2F7573722F7362696E2F61706163686532002D6B00677261636566756C2D73746F70
type=SYSCALL msg=audit(1768180157.074:2073): arch=c000003e syscall=42 success=yes exit=0 a0=3 a1=57d7410e1770 a2=10 a3=0 items=0 ppid=1563 pid=1565 auid=4294967295 uid=0 gid=0 euid=0 suid=0 fsuid=0 egid=0 sgid=0 fsgid=0 tty=(none) ses=4294967295 comm="apache2" exe="/usr/sbin/apache2" subj=unconfined key="T1043_Commonly_Used_Port"ARCH=x86_64 SYSCALL=connect AUID="unset" UID="root" GID="root" EUID="root" SUID="root" FSUID="root" EGID="root" SGID="root" FSGID="root"
type=SOCKADDR msg=audit(1768180157.074:2073): saddr=02000050000000000000000000000000SADDR={ saddr_fam=inet laddr=0.0.0.0 lport=80 }
type=PROCTITLE msg=audit(1768180157.074:2073): proctitle=2F7573722F7362696E2F61706163686532002D6B00677261636566756C2D73746F70
type=SYSCALL msg=audit(1768180157.079:2074): arch=c000003e syscall=42 success=yes exit=0 a0=5 a1=57d7410e2030 a2=1c a3=0 items=0 ppid=1563 pid=1565 auid=4294967295 uid=0 gid=0 euid=0 suid=0 fsuid=0 egid=0 sgid=0 fsgid=0 tty=(none) ses=4294967295 comm="apache2" exe="/usr/sbin/apache2" subj=unconfined key="T1043_Commonly_Used_Port"ARCH=x86_64 SYSCALL=connect AUID="unset" UID="root" GID="root" EUID="root" SUID="root" FSUID="root" EGID="root" SGID="root" FSGID="root"
type=SOCKADDR msg=audit(1768180157.079:2074): saddr=0A000050000000000000000000000000000000000000000000000000SADDR={ saddr_fam=inet6 laddr=:: lport=80 }
type=PROCTITLE msg=audit(1768180157.079:2074): proctitle=2F7573722F7362696E2F61706163686532002D6B00677261636566756C2D73746F70
type=SYSCALL msg=audit(1768180157.079:2075): arch=c000003e syscall=42 success=yes exit=0 a0=5 a1=7ffd789b6410 a2=10 a3=0 items=0 ppid=1563 pid=1565 auid=4294967295 uid=0 gid=0 euid=0 suid=0 fsuid=0 egid=0 sgid=0 fsgid=0 tty=(none) ses=4294967295 comm="apache2" exe="/usr/sbin/apache2" subj=unconfined key="T1043_Commonly_Used_Port"ARCH=x86_64 SYSCALL=connect AUID="unset" UID="root" GID="root" EUID="root" SUID="root" FSUID="root" EGID="root" SGID="root" FSGID="root"
type=SOCKADDR msg=audit(1768180157.079:2075): saddr=00000000000000000000000000000000SADDR=unknown-family(0)
type=PROCTITLE msg=audit(1768180157.079:2075): proctitle=2F7573722F7362696E2F61706163686532002D6B00677261636566756C2D73746F70
type=SYSCALL msg=audit(1768180157.079:2076): arch=c000003e syscall=42 success=yes exit=0 a0=5 a1=57d7410e1770 a2=10 a3=0 items=0 ppid=1563 pid=1565 auid=4294967295 uid=0 gid=0 euid=0 suid=0 fsuid=0 egid=0 sgid=0 fsgid=0 tty=(none) ses=4294967295 comm="apache2" exe="/usr/sbin/apache2" subj=unconfined key="T1043_Commonly_Used_Port"ARCH=x86_64 SYSCALL=connect AUID="unset" UID="root" GID="root" EUID="root" SUID="root" FSUID="root" EGID="root" SGID="root" FSGID="root"
type=SOCKADDR msg=audit(1768180157.079:2076): saddr=02000050000000000000000000000000SADDR={ saddr_fam=inet laddr=0.0.0.0 lport=80 }
type=PROCTITLE msg=audit(1768180157.079:2076): proctitle=2F7573722F7362696E2F61706163686532002D6B00677261636566756C2D73746F70
type=SERVICE_STOP msg=audit(1768180157.116:2077): pid=1 uid=0 auid=4294967295 ses=4294967295 subj=unconfined msg='unit=apache2 comm="systemd" exe="/usr/lib/systemd/systemd" hostname=? addr=? terminal=? res=success'UID="root" AUID="unset"
type=SYSCALL msg=audit(1768180157.126:2078): arch=c000003e syscall=59 success=yes exit=0 a0=7fff42ce65b0 a1=7fff42ce65d0 a2=7fff42ce70d8 a3=8 items=2 ppid=1 pid=1569 auid=4294967295 uid=0 gid=0 euid=0 suid=0 fsuid=0 egid=0 sgid=0 fsgid=0 tty=(none) ses=4294967295 comm="9" exe="/usr/lib/systemd/systemd-executor" subj=unconfined key="T1078_Valid_Accounts"ARCH=x86_64 SYSCALL=execve AUID="unset" UID="root" GID="root" EUID="root" SUID="root" FSUID="root" EGID="root" SGID="root" FSGID="root"
type=EXECVE msg=audit(1768180157.126:2078): argc=7 a0="/usr/lib/systemd/systemd-executor" a1="--deserialize" a2="90" a3="--log-level" a4="info" a5="--log-target" a6="journal-or-kmsg"
type=PATH msg=audit(1768180157.126:2078): item=0 name="/proc/self/fd/9" inode=1463834 dev=08:02 mode=0100755 ouid=0 ogid=0 rdev=00:00 nametype=NORMAL cap_fp=0 cap_fi=0 cap_fe=0 cap_fver=0 cap_frootid=0OUID="root" OGID="root"
type=PATH msg=audit(1768180157.126:2078): item=1 name="/lib64/ld-linux-x86-64.so.2" inode=1481429 dev=08:02 mode=0100755 ouid=0 ogid=0 rdev=00:00 nametype=NORMAL cap_fp=0 cap_fi=0 cap_fe=0 cap_fver=0 cap_frootid=0OUID="root" OGID="root"
type=PROCTITLE msg=audit(1768180157.126:2078): proctitle=2F7573722F6C69622F73797374656D642F73797374656D642D6578656375746F72002D2D646573657269616C697A65003930002D2D6C6F672D6C6576656C00696E666F002D2D6C6F672D746172676574006A6F75726E616C2D6F722D6B6D7367
type=SYSCALL msg=audit(1768180157.132:2079): arch=c000003e syscall=42 success=yes exit=0 a0=4 a1=7ffc4f9e4340 a2=1e a3=7ffc4f9e43f0 items=1 ppid=1 pid=1569 auid=4294967295 uid=0 gid=0 euid=0 suid=0 fsuid=0 egid=0 sgid=0 fsgid=0 tty=(none) ses=4294967295 comm="9" exe="/usr/lib/systemd/systemd-executor" subj=unconfined key="T1043_Commonly_Used_Port"ARCH=x86_64 SYSCALL=connect AUID="unset" UID="root" GID="root" EUID="root" SUID="root" FSUID="root" EGID="root" SGID="root" FSGID="root"
type=SOCKADDR msg=audit(1768180157.132:2079): saddr=01002F72756E2F73797374656D642F6A6F75726E616C2F736F636B657400SADDR={ saddr_fam=local path=/run/systemd/journal/socket }
type=PATH msg=audit(1768180157.132:2079): item=0 name="/run/systemd/journal/socket" inode=455 dev=00:18 mode=0140666 ouid=0 ogid=0 rdev=00:00 nametype=NORMAL cap_fp=0 cap_fi=0 cap_fe=0 cap_fver=0 cap_frootid=0OUID="root" OGID="root"
type=PROCTITLE msg=audit(1768180157.132:2079): proctitle=2F7573722F6C69622F73797374656D642F73797374656D642D6578656375746F72002D2D646573657269616C697A65003930002D2D6C6F672D6C6576656C00696E666F002D2D6C6F672D746172676574006A6F75726E616C2D6F722D6B6D7367
type=SYSCALL msg=audit(1768180157.132:2080): arch=c000003e syscall=42 success=yes exit=0 a0=3 a1=7ffc4f9e3ec0 a2=1e a3=fffffff7 items=1 ppid=1 pid=1569 auid=4294967295 uid=0 gid=0 euid=0 suid=0 fsuid=0 egid=0 sgid=0 fsgid=0 tty=(none) ses=4294967295 comm="(pachectl)" exe="/usr/lib/systemd/systemd-executor" subj=unconfined key="T1043_Commonly_Used_Port"ARCH=x86_64 SYSCALL=connect AUID="unset" UID="root" GID="root" EUID="root" SUID="root" FSUID="root" EGID="root" SGID="root" FSGID="root"
type=SOCKADDR msg=audit(1768180157.132:2080): saddr=01002F72756E2F73797374656D642F6A6F75726E616C2F7374646F757400SADDR={ saddr_fam=local path=/run/systemd/journal/stdout }
type=PATH msg=audit(1768180157.132:2080): item=0 name="/run/systemd/journal/stdout" inode=456 dev=00:18 mode=0140666 ouid=0 ogid=0 rdev=00:00 nametype=NORMAL cap_fp=0 cap_fi=0 cap_fe=0 cap_fver=0 cap_frootid=0OUID="root" OGID="root"
type=PROCTITLE msg=audit(1768180157.132:2080): proctitle=2F7573722F6C69622F73797374656D642F73797374656D642D6578656375746F72002D2D646573657269616C697A65003930002D2D6C6F672D6C6576656C00696E666F002D2D6C6F672D746172676574006A6F75726E616C2D6F722D6B6D7367
type=SYSCALL msg=audit(1768180157.133:2081): arch=c000003e syscall=59 success=yes exit=0 a0=5ac231b394a0 a1=5ac231b421b0 a2=5ac231b38db0 a3=5ac231b39b80 items=3 ppid=1 pid=1569 auid=4294967295 uid=0 gid=0 euid=0 suid=0 fsuid=0 egid=0 sgid=0 fsgid=0 tty=(none) ses=4294967295 comm="apachectl" exe="/usr/bin/dash" subj=unconfined key="T1078_Valid_Accounts"ARCH=x86_64 SYSCALL=execve AUID="unset" UID="root" GID="root" EUID="root" SUID="root" FSUID="root" EGID="root" SGID="root" FSGID="root"
type=EXECVE msg=audit(1768180157.133:2081): argc=3 a0="/bin/sh" a1="/usr/sbin/apachectl" a2="start"
type=PATH msg=audit(1768180157.133:2081): item=0 name="/usr/sbin/apachectl" inode=1479339 dev=08:02 mode=0100755 ouid=0 ogid=0 rdev=00:00 nametype=NORMAL cap_fp=0 cap_fi=0 cap_fe=0 cap_fver=0 cap_frootid=0OUID="root" OGID="root"
type=PATH msg=audit(1768180157.133:2081): item=1 name="/bin/sh" inode=1442345 dev=08:02 mode=0100755 ouid=0 ogid=0 rdev=00:00 nametype=NORMAL cap_fp=0 cap_fi=0 cap_fe=0 cap_fver=0 cap_frootid=0OUID="root" OGID="root"
type=PATH msg=audit(1768180157.133:2081): item=2 name="/lib64/ld-linux-x86-64.so.2" inode=1481429 dev=08:02 mode=0100755 ouid=0 ogid=0 rdev=00:00 nametype=NORMAL cap_fp=0 cap_fi=0 cap_fe=0 cap_fver=0 cap_frootid=0OUID="root" OGID="root"
type=PROCTITLE msg=audit(1768180157.133:2081): proctitle=2F7573722F6C69622F73797374656D642F73797374656D642D6578656375746F72002D2D646573657269616C697A65003930002D2D6C6F672D6C6576656C00696E666F002D2D6C6F672D746172676574006A6F75726E616C2D6F722D6B6D7367
type=SYSCALL msg=audit(1768180157.139:2082): arch=c000003e syscall=59 success=yes exit=0 a0=5a0d5d740cd0 a1=5a0d5d742bd0 a2=5a0d5d740c48 a3=5a0d5d7429d0 items=2 ppid=1569 pid=1570 auid=4294967295 uid=0 gid=0 euid=0 suid=0 fsuid=0 egid=0 sgid=0 fsgid=0 tty=(none) ses=4294967295 comm="id" exe="/usr/bin/id" subj=unconfined key="T1078_Valid_Accounts"ARCH=x86_64 SYSCALL=execve AUID="unset" UID="root" GID="root" EUID="root" SUID="root" FSUID="root" EGID="root" SGID="root" FSGID="root"
type=EXECVE msg=audit(1768180157.139:2082): argc=2 a0="id" a1="-u"
type=PATH msg=audit(1768180157.139:2082): item=0 name="/usr/bin/id" inode=1442474 dev=08:02 mode=0100755 ouid=0 ogid=0 rdev=00:00 nametype=NORMAL cap_fp=0 cap_fi=0 cap_fe=0 cap_fver=0 cap_frootid=0OUID="root" OGID="root"
type=PATH msg=audit(1768180157.139:2082): item=1 name="/lib64/ld-linux-x86-64.so.2" inode=1481429 dev=08:02 mode=0100755 ouid=0 ogid=0 rdev=00:00 nametype=NORMAL cap_fp=0 cap_fi=0 cap_fe=0 cap_fver=0 cap_frootid=0OUID="root" OGID="root"
type=PROCTITLE msg=audit(1768180157.139:2082): proctitle=6964002D75
type=SYSCALL msg=audit(1768180157.142:2083): arch=c000003e syscall=59 success=yes exit=0 a0=5a0d5d742938 a1=5a0d5d744280 a2=5a0d5d7442a0 a3=8 items=2 ppid=1569 pid=1571 auid=4294967295 uid=0 gid=0 euid=0 suid=0 fsuid=0 egid=0 sgid=0 fsgid=0 tty=(none) ses=4294967295 comm="apache2" exe="/usr/sbin/apache2" subj=unconfined key="T1078_Valid_Accounts"ARCH=x86_64 SYSCALL=execve AUID="unset" UID="root" GID="root" EUID="root" SUID="root" FSUID="root" EGID="root" SGID="root" FSGID="root"
type=EXECVE msg=audit(1768180157.142:2083): argc=3 a0="/usr/sbin/apache2" a1="-k" a2="start"
type=PATH msg=audit(1768180157.142:2083): item=0 name="/usr/sbin/apache2" inode=1457163 dev=08:02 mode=0100755 ouid=0 ogid=0 rdev=00:00 nametype=NORMAL cap_fp=0 cap_fi=0 cap_fe=0 cap_fver=0 cap_frootid=0OUID="root" OGID="root"
type=PATH msg=audit(1768180157.142:2083): item=1 name="/lib64/ld-linux-x86-64.so.2" inode=1481429 dev=08:02 mode=0100755 ouid=0 ogid=0 rdev=00:00 nametype=NORMAL cap_fp=0 cap_fi=0 cap_fe=0 cap_fver=0 cap_frootid=0OUID="root" OGID="root"
type=PROCTITLE msg=audit(1768180157.142:2083): proctitle=2F7573722F7362696E2F61706163686532002D6B007374617274
type=SYSCALL msg=audit(1768180157.143:2084): arch=c000003e syscall=42 success=yes exit=0 a0=3 a1=634dc80ffc30 a2=1c a3=0 items=0 ppid=1569 pid=1571 auid=4294967295 uid=0 gid=0 euid=0 suid=0 fsuid=0 egid=0 sgid=0 fsgid=0 tty=(none) ses=4294967295 comm="apache2" exe="/usr/sbin/apache2" subj=unconfined key="T1043_Commonly_Used_Port"ARCH=x86_64 SYSCALL=connect AUID="unset" UID="root" GID="root" EUID="root" SUID="root" FSUID="root" EGID="root" SGID="root" FSGID="root"
type=SOCKADDR msg=audit(1768180157.143:2084): saddr=0A000000000000000000000000000000000000000000000000000000SADDR={ saddr_fam=inet6 laddr=:: lport=0 }
type=PROCTITLE msg=audit(1768180157.143:2084): proctitle=2F7573722F7362696E2F61706163686532002D6B007374617274
type=SYSCALL msg=audit(1768180157.143:2085): arch=c000003e syscall=42 success=yes exit=0 a0=3 a1=7ffe364b31b0 a2=10 a3=0 items=0 ppid=1569 pid=1571 auid=4294967295 uid=0 gid=0 euid=0 suid=0 fsuid=0 egid=0 sgid=0 fsgid=0 tty=(none) ses=4294967295 comm="apache2" exe="/usr/sbin/apache2" subj=unconfined key="T1043_Commonly_Used_Port"ARCH=x86_64 SYSCALL=connect AUID="unset" UID="root" GID="root" EUID="root" SUID="root" FSUID="root" EGID="root" SGID="root" FSGID="root"
type=SOCKADDR msg=audit(1768180157.143:2085): saddr=00000000000000000000000000000000SADDR=unknown-family(0)
type=PROCTITLE msg=audit(1768180157.143:2085): proctitle=2F7573722F7362696E2F61706163686532002D6B007374617274
type=SYSCALL msg=audit(1768180157.143:2086): arch=c000003e syscall=42 success=yes exit=0 a0=3 a1=634dc80ffc90 a2=10 a3=0 items=0 ppid=1569 pid=1571 auid=4294967295 uid=0 gid=0 euid=0 suid=0 fsuid=0 egid=0 sgid=0 fsgid=0 tty=(none) ses=4294967295 comm="apache2" exe="/usr/sbin/apache2" subj=unconfined key="T1043_Commonly_Used_Port"ARCH=x86_64 SYSCALL=connect AUID="unset" UID="root" GID="root" EUID="root" SUID="root" FSUID="root" EGID="root" SGID="root" FSGID="root"
type=SOCKADDR msg=audit(1768180157.143:2086): saddr=02000000000000000000000000000000SADDR={ saddr_fam=inet laddr=0.0.0.0 lport=0 }
type=PROCTITLE msg=audit(1768180157.143:2086): proctitle=2F7573722F7362696E2F61706163686532002D6B007374617274
type=SYSCALL msg=audit(1768180157.150:2087): arch=c000003e syscall=42 success=yes exit=0 a0=3 a1=634dc8124030 a2=1c a3=0 items=0 ppid=1569 pid=1571 auid=4294967295 uid=0 gid=0 euid=0 suid=0 fsuid=0 egid=0 sgid=0 fsgid=0 tty=(none) ses=4294967295 comm="apache2" exe="/usr/sbin/apache2" subj=unconfined key="T1043_Commonly_Used_Port"ARCH=x86_64 SYSCALL=connect AUID="unset" UID="root" GID="root" EUID="root" SUID="root" FSUID="root" EGID="root" SGID="root" FSGID="root"
type=SOCKADDR msg=audit(1768180157.150:2087): saddr=0A000050000000000000000000000000000000000000000000000000SADDR={ saddr_fam=inet6 laddr=:: lport=80 }
type=PROCTITLE msg=audit(1768180157.150:2087): proctitle=2F7573722F7362696E2F61706163686532002D6B007374617274
type=SYSCALL msg=audit(1768180157.150:2088): arch=c000003e syscall=42 success=yes exit=0 a0=3 a1=7ffe364b2e40 a2=10 a3=0 items=0 ppid=1569 pid=1571 auid=4294967295 uid=0 gid=0 euid=0 suid=0 fsuid=0 egid=0 sgid=0 fsgid=0 tty=(none) ses=4294967295 comm="apache2" exe="/usr/sbin/apache2" subj=unconfined key="T1043_Commonly_Used_Port"ARCH=x86_64 SYSCALL=connect AUID="unset" UID="root" GID="root" EUID="root" SUID="root" FSUID="root" EGID="root" SGID="root" FSGID="root"
type=SOCKADDR msg=audit(1768180157.150:2088): saddr=00000000000000000000000000000000SADDR=unknown-family(0)
type=PROCTITLE msg=audit(1768180157.150:2088): proctitle=2F7573722F7362696E2F61706163686532002D6B007374617274
type=SYSCALL msg=audit(1768180157.157:2089): arch=c000003e syscall=42 success=yes exit=0 a0=3 a1=634dc8123770 a2=10 a3=0 items=0 ppid=1569 pid=1571 auid=4294967295 uid=0 gid=0 euid=0 suid=0 fsuid=0 egid=0 sgid=0 fsgid=0 tty=(none) ses=4294967295 comm="apache2" exe="/usr/sbin/apache2" subj=unconfined key="T1043_Commonly_Used_Port"ARCH=x86_64 SYSCALL=connect AUID="unset" UID="root" GID="root" EUID="root" SUID="root" FSUID="root" EGID="root" SGID="root" FSGID="root"
type=SOCKADDR msg=audit(1768180157.157:2089): saddr=02000050000000000000000000000000SADDR={ saddr_fam=inet laddr=0.0.0.0 lport=80 }
type=PROCTITLE msg=audit(1768180157.157:2089): proctitle=2F7573722F7362696E2F61706163686532002D6B007374617274
type=SYSCALL msg=audit(1768180157.158:2090): arch=c000003e syscall=42 success=yes exit=0 a0=5 a1=634dc8124030 a2=1c a3=0 items=0 ppid=1569 pid=1571 auid=4294967295 uid=0 gid=0 euid=0 suid=0 fsuid=0 egid=0 sgid=0 fsgid=0 tty=(none) ses=4294967295 comm="apache2" exe="/usr/sbin/apache2" subj=unconfined key="T1043_Commonly_Used_Port"ARCH=x86_64 SYSCALL=connect AUID="unset" UID="root" GID="root" EUID="root" SUID="root" FSUID="root" EGID="root" SGID="root" FSGID="root"
type=SOCKADDR msg=audit(1768180157.158:2090): saddr=0A000050000000000000000000000000000000000000000000000000SADDR={ saddr_fam=inet6 laddr=:: lport=80 }
type=PROCTITLE msg=audit(1768180157.158:2090): proctitle=2F7573722F7362696E2F61706163686532002D6B007374617274
type=SYSCALL msg=audit(1768180157.158:2091): arch=c000003e syscall=42 success=yes exit=0 a0=5 a1=7ffe364b2de0 a2=10 a3=0 items=0 ppid=1569 pid=1571 auid=4294967295 uid=0 gid=0 euid=0 suid=0 fsuid=0 egid=0 sgid=0 fsgid=0 tty=(none) ses=4294967295 comm="apache2" exe="/usr/sbin/apache2" subj=unconfined key="T1043_Commonly_Used_Port"ARCH=x86_64 SYSCALL=connect AUID="unset" UID="root" GID="root" EUID="root" SUID="root" FSUID="root" EGID="root" SGID="root" FSGID="root"
type=SOCKADDR msg=audit(1768180157.158:2091): saddr=00000000000000000000000000000000SADDR=unknown-family(0)
type=PROCTITLE msg=audit(1768180157.158:2091): proctitle=2F7573722F7362696E2F61706163686532002D6B007374617274
type=SYSCALL msg=audit(1768180157.158:2092): arch=c000003e syscall=42 success=yes exit=0 a0=5 a1=634dc8123770 a2=10 a3=0 items=0 ppid=1569 pid=1571 auid=4294967295 uid=0 gid=0 euid=0 suid=0 fsuid=0 egid=0 sgid=0 fsgid=0 tty=(none) ses=4294967295 comm="apache2" exe="/usr/sbin/apache2" subj=unconfined key="T1043_Commonly_Used_Port"ARCH=x86_64 SYSCALL=connect AUID="unset" UID="root" GID="root" EUID="root" SUID="root" FSUID="root" EGID="root" SGID="root" FSGID="root"
type=SOCKADDR msg=audit(1768180157.158:2092): saddr=02000050000000000000000000000000SADDR={ saddr_fam=inet laddr=0.0.0.0 lport=80 }
type=PROCTITLE msg=audit(1768180157.158:2092): proctitle=2F7573722F7362696E2F61706163686532002D6B007374617274
type=SYSCALL msg=audit(1768180157.159:2093): arch=c000003e syscall=42 success=yes exit=0 a0=5 a1=634dc8124030 a2=1c a3=0 items=0 ppid=1569 pid=1571 auid=4294967295 uid=0 gid=0 euid=0 suid=0 fsuid=0 egid=0 sgid=0 fsgid=0 tty=(none) ses=4294967295 comm="apache2" exe="/usr/sbin/apache2" subj=unconfined key="T1043_Commonly_Used_Port"ARCH=x86_64 SYSCALL=connect AUID="unset" UID="root" GID="root" EUID="root" SUID="root" FSUID="root" EGID="root" SGID="root" FSGID="root"
type=SOCKADDR msg=audit(1768180157.159:2093): saddr=0A000000000000000000000000000000000000000000000000000000SADDR={ saddr_fam=inet6 laddr=:: lport=0 }
type=PROCTITLE msg=audit(1768180157.159:2093): proctitle=2F7573722F7362696E2F61706163686532002D6B007374617274
type=SYSCALL msg=audit(1768180157.159:2094): arch=c000003e syscall=42 success=yes exit=0 a0=5 a1=7ffe364b31b0 a2=10 a3=0 items=0 ppid=1569 pid=1571 auid=4294967295 uid=0 gid=0 euid=0 suid=0 fsuid=0 egid=0 sgid=0 fsgid=0 tty=(none) ses=4294967295 comm="apache2" exe="/usr/sbin/apache2" subj=unconfined key="T1043_Commonly_Used_Port"ARCH=x86_64 SYSCALL=connect AUID="unset" UID="root" GID="root" EUID="root" SUID="root" FSUID="root" EGID="root" SGID="root" FSGID="root"
type=SOCKADDR msg=audit(1768180157.159:2094): saddr=00000000000000000000000000000000SADDR=unknown-family(0)
type=PROCTITLE msg=audit(1768180157.159:2094): proctitle=2F7573722F7362696E2F61706163686532002D6B007374617274
type=SYSCALL msg=audit(1768180157.159:2095): arch=c000003e syscall=42 success=yes exit=0 a0=5 a1=634dc80ffc90 a2=10 a3=0 items=0 ppid=1569 pid=1571 auid=4294967295 uid=0 gid=0 euid=0 suid=0 fsuid=0 egid=0 sgid=0 fsgid=0 tty=(none) ses=4294967295 comm="apache2" exe="/usr/sbin/apache2" subj=unconfined key="T1043_Commonly_Used_Port"ARCH=x86_64 SYSCALL=connect AUID="unset" UID="root" GID="root" EUID="root" SUID="root" FSUID="root" EGID="root" SGID="root" FSGID="root"
type=SOCKADDR msg=audit(1768180157.159:2095): saddr=02000000000000000000000000000000SADDR={ saddr_fam=inet laddr=0.0.0.0 lport=0 }
type=PROCTITLE msg=audit(1768180157.159:2095): proctitle=2F7573722F7362696E2F61706163686532002D6B007374617274
type=SYSCALL msg=audit(1768180157.165:2096): arch=c000003e syscall=42 success=yes exit=0 a0=5 a1=634dc8124030 a2=1c a3=0 items=0 ppid=1 pid=1572 auid=4294967295 uid=0 gid=0 euid=0 suid=0 fsuid=0 egid=0 sgid=0 fsgid=0 tty=(none) ses=4294967295 comm="apache2" exe="/usr/sbin/apache2" subj=unconfined key="T1043_Commonly_Used_Port"ARCH=x86_64 SYSCALL=connect AUID="unset" UID="root" GID="root" EUID="root" SUID="root" FSUID="root" EGID="root" SGID="root" FSGID="root"
type=SOCKADDR msg=audit(1768180157.165:2096): saddr=0A000050000000000000000000000000000000000000000000000000SADDR={ saddr_fam=inet6 laddr=:: lport=80 }
type=PROCTITLE msg=audit(1768180157.165:2096): proctitle=2F7573722F7362696E2F61706163686532002D6B007374617274
type=SYSCALL msg=audit(1768180157.165:2097): arch=c000003e syscall=42 success=yes exit=0 a0=5 a1=7ffe364b2de0 a2=10 a3=0 items=0 ppid=1 pid=1572 auid=4294967295 uid=0 gid=0 euid=0 suid=0 fsuid=0 egid=0 sgid=0 fsgid=0 tty=(none) ses=4294967295 comm="apache2" exe="/usr/sbin/apache2" subj=unconfined key="T1043_Commonly_Used_Port"ARCH=x86_64 SYSCALL=connect AUID="unset" UID="root" GID="root" EUID="root" SUID="root" FSUID="root" EGID="root" SGID="root" FSGID="root"
type=SOCKADDR msg=audit(1768180157.165:2097): saddr=00000000000000000000000000000000SADDR=unknown-family(0)
type=PROCTITLE msg=audit(1768180157.165:2097): proctitle=2F7573722F7362696E2F61706163686532002D6B007374617274
type=SYSCALL msg=audit(1768180157.165:2098): arch=c000003e syscall=42 success=yes exit=0 a0=5 a1=634dc8123770 a2=10 a3=0 items=0 ppid=1 pid=1572 auid=4294967295 uid=0 gid=0 euid=0 suid=0 fsuid=0 egid=0 sgid=0 fsgid=0 tty=(none) ses=4294967295 comm="apache2" exe="/usr/sbin/apache2" subj=unconfined key="T1043_Commonly_Used_Port"ARCH=x86_64 SYSCALL=connect AUID="unset" UID="root" GID="root" EUID="root" SUID="root" FSUID="root" EGID="root" SGID="root" FSGID="root"
type=SOCKADDR msg=audit(1768180157.165:2098): saddr=02000050000000000000000000000000SADDR={ saddr_fam=inet laddr=0.0.0.0 lport=80 }
type=PROCTITLE msg=audit(1768180157.165:2098): proctitle=2F7573722F7362696E2F61706163686532002D6B007374617274
type=SERVICE_START msg=audit(1768180157.167:2099): pid=1 uid=0 auid=4294967295 ses=4294967295 subj=unconfined msg='unit=apache2 comm="systemd" exe="/usr/lib/systemd/systemd" hostname=? addr=? terminal=? res=success'UID="root" AUID="unset"
type=SYSCALL msg=audit(1768180157.193:2100): arch=c000003e syscall=106 success=yes exit=0 a0=21 a1=79a3145bb4a0 a2=0 a3=22 items=0 ppid=1572 pid=1574 auid=4294967295 uid=0 gid=33 euid=0 suid=0 fsuid=0 egid=33 sgid=33 fsgid=33 tty=(none) ses=4294967295 comm="apache2" exe="/usr/sbin/apache2" subj=unconfined key="T1166_Seuid_and_Setgid"ARCH=x86_64 SYSCALL=setgid AUID="unset" UID="root" GID="www-data" EUID="root" SUID="root" FSUID="root" EGID="www-data" SGID="www-data" FSGID="www-data"
type=PROCTITLE msg=audit(1768180157.193:2100): proctitle=2F7573722F7362696E2F61706163686532002D6B007374617274
type=SYSCALL msg=audit(1768180157.193:2101): arch=c000003e syscall=106 success=yes exit=0 a0=21 a1=79a3145bb4a0 a2=0 a3=22 items=0 ppid=1572 pid=1575 auid=4294967295 uid=0 gid=33 euid=0 suid=0 fsuid=0 egid=33 sgid=33 fsgid=33 tty=(none) ses=4294967295 comm="apache2" exe="/usr/sbin/apache2" subj=unconfined key="T1166_Seuid_and_Setgid"ARCH=x86_64 SYSCALL=setgid AUID="unset" UID="root" GID="www-data" EUID="root" SUID="root" FSUID="root" EGID="www-data" SGID="www-data" FSGID="www-data"
type=PROCTITLE msg=audit(1768180157.193:2101): proctitle=2F7573722F7362696E2F61706163686532002D6B007374617274
type=SYSCALL msg=audit(1768180157.193:2102): arch=c000003e syscall=42 success=yes exit=0 a0=c a1=7ffe364b3600 a2=2d a3=634dc84ea990 items=1 ppid=1572 pid=1574 auid=4294967295 uid=0 gid=33 euid=0 suid=0 fsuid=0 egid=33 sgid=33 fsgid=33 tty=(none) ses=4294967295 comm="apache2" exe="/usr/sbin/apache2" subj=unconfined key="T1043_Commonly_Used_Port"ARCH=x86_64 SYSCALL=connect AUID="unset" UID="root" GID="www-data" EUID="root" SUID="root" FSUID="root" EGID="www-data" SGID="www-data" FSGID="www-data"
type=SOCKADDR msg=audit(1768180157.193:2102): saddr=01002F72756E2F73797374656D642F7573657264622F696F2E73797374656D642E44796E616D69635573657200SADDR={ saddr_fam=local path=/run/systemd/userdb/io.systemd.DynamicUser }
type=SYSCALL msg=audit(1768180157.196:2103): arch=c000003e syscall=106 success=yes exit=0 a0=21 a1=79a3145bb4a0 a2=0 a3=22 items=0 ppid=1572 pid=1576 auid=4294967295 uid=0 gid=33 euid=0 suid=0 fsuid=0 egid=33 sgid=33 fsgid=33 tty=(none) ses=4294967295 comm="apache2" exe="/usr/sbin/apache2" subj=unconfined key="T1166_Seuid_and_Setgid"ARCH=x86_64 SYSCALL=setgid AUID="unset" UID="root" GID="www-data" EUID="root" SUID="root" FSUID="root" EGID="www-data" SGID="www-data" FSGID="www-data"
type=PROCTITLE msg=audit(1768180157.196:2103): proctitle=2F7573722F7362696E2F61706163686532002D6B007374617274
type=PATH msg=audit(1768180157.193:2102): item=0 name="/run/systemd/userdb/io.systemd.DynamicUser" inode=442 dev=00:18 mode=0140666 ouid=0 ogid=0 rdev=00:00 nametype=NORMAL cap_fp=0 cap_fi=0 cap_fe=0 cap_fver=0 cap_frootid=0OUID="root" OGID="root"
type=PROCTITLE msg=audit(1768180157.193:2102): proctitle=2F7573722F7362696E2F61706163686532002D6B007374617274
type=SYSCALL msg=audit(1768180157.196:2104): arch=c000003e syscall=105 success=yes exit=0 a0=21 a1=634dc8362230 a2=634bfcfa8012 a3=634dc8362240 items=0 ppid=1572 pid=1574 auid=4294967295 uid=33 gid=33 euid=33 suid=33 fsuid=33 egid=33 sgid=33 fsgid=33 tty=(none) ses=4294967295 comm="apache2" exe="/usr/sbin/apache2" subj=unconfined key="T1166_Seuid_and_Setgid"ARCH=x86_64 SYSCALL=setuid AUID="unset" UID="www-data" GID="www-data" EUID="www-data" SUID="www-data" FSUID="www-data" EGID="www-data" SGID="www-data" FSGID="www-data"
type=PROCTITLE msg=audit(1768180157.196:2104): proctitle=2F7573722F7362696E2F61706163686532002D6B007374617274
type=SYSCALL msg=audit(1768180157.196:2105): arch=c000003e syscall=42 success=yes exit=0 a0=c a1=7ffe364b3600 a2=2d a3=634dc84ea990 items=1 ppid=1572 pid=1576 auid=4294967295 uid=0 gid=33 euid=0 suid=0 fsuid=0 egid=33 sgid=33 fsgid=33 tty=(none) ses=4294967295 comm="apache2" exe="/usr/sbin/apache2" subj=unconfined key="T1043_Commonly_Used_Port"ARCH=x86_64 SYSCALL=connect AUID="unset" UID="root" GID="www-data" EUID="root" SUID="root" FSUID="root" EGID="www-data" SGID="www-data" FSGID="www-data"
type=SOCKADDR msg=audit(1768180157.196:2105): saddr=01002F72756E2F73797374656D642F7573657264622F696F2E73797374656D642E44796E616D69635573657200SADDR={ saddr_fam=local path=/run/systemd/userdb/io.systemd.DynamicUser }
type=PATH msg=audit(1768180157.196:2105): item=0 name="/run/systemd/userdb/io.systemd.DynamicUser" inode=442 dev=00:18 mode=0140666 ouid=0 ogid=0 rdev=00:00 nametype=NORMAL cap_fp=0 cap_fi=0 cap_fe=0 cap_fver=0 cap_frootid=0OUID="root" OGID="root"
type=PROCTITLE msg=audit(1768180157.196:2105): proctitle=2F7573722F7362696E2F61706163686532002D6B007374617274
type=SYSCALL msg=audit(1768180157.197:2106): arch=c000003e syscall=42 success=yes exit=0 a0=c a1=7ffe364b3600 a2=2d a3=634dc84ea990 items=1 ppid=1572 pid=1575 auid=4294967295 uid=0 gid=33 euid=0 suid=0 fsuid=0 egid=33 sgid=33 fsgid=33 tty=(none) ses=4294967295 comm="apache2" exe="/usr/sbin/apache2" subj=unconfined key="T1043_Commonly_Used_Port"ARCH=x86_64 SYSCALL=connect AUID="unset" UID="root" GID="www-data" EUID="root" SUID="root" FSUID="root" EGID="www-data" SGID="www-data" FSGID="www-data"
type=SOCKADDR msg=audit(1768180157.197:2106): saddr=01002F72756E2F73797374656D642F7573657264622F696F2E73797374656D642E44796E616D69635573657200SADDR={ saddr_fam=local path=/run/systemd/userdb/io.systemd.DynamicUser }
type=PATH msg=audit(1768180157.197:2106): item=0 name="/run/systemd/userdb/io.systemd.DynamicUser" inode=442 dev=00:18 mode=0140666 ouid=0 ogid=0 rdev=00:00 nametype=NORMAL cap_fp=0 cap_fi=0 cap_fe=0 cap_fver=0 cap_frootid=0OUID="root" OGID="root"
type=PROCTITLE msg=audit(1768180157.197:2106): proctitle=2F7573722F7362696E2F61706163686532002D6B007374617274
type=SYSCALL msg=audit(1768180157.198:2107): arch=c000003e syscall=105 success=yes exit=0 a0=21 a1=634dc8362230 a2=634bfcfa8012 a3=634dc8362240 items=0 ppid=1572 pid=1575 auid=4294967295 uid=33 gid=33 euid=33 suid=33 fsuid=33 egid=33 sgid=33 fsgid=33 tty=(none) ses=4294967295 comm="apache2" exe="/usr/sbin/apache2" subj=unconfined key="T1166_Seuid_and_Setgid"ARCH=x86_64 SYSCALL=setuid AUID="unset" UID="www-data" GID="www-data" EUID="www-data" SUID="www-data" FSUID="www-data" EGID="www-data" SGID="www-data" FSGID="www-data"
type=SYSCALL msg=audit(1768180157.198:2108): arch=c000003e syscall=105 success=yes exit=0 a0=21 a1=634dc8362230 a2=634bfcfa8012 a3=634dc8362240 items=0 ppid=1572 pid=1576 auid=4294967295 uid=33 gid=33 euid=33 suid=33 fsuid=33 egid=33 sgid=33 fsgid=33 tty=(none) ses=4294967295 comm="apache2" exe="/usr/sbin/apache2" subj=unconfined key="T1166_Seuid_and_Setgid"ARCH=x86_64 SYSCALL=setuid AUID="unset" UID="www-data" GID="www-data" EUID="www-data" SUID="www-data" FSUID="www-data" EGID="www-data" SGID="www-data" FSGID="www-data"
type=PROCTITLE msg=audit(1768180157.198:2107): proctitle=2F7573722F7362696E2F61706163686532002D6B007374617274
type=PROCTITLE msg=audit(1768180157.198:2108): proctitle=2F7573722F7362696E2F61706163686532002D6B007374617274
type=SYSCALL msg=audit(1768180157.200:2109): arch=c000003e syscall=106 success=yes exit=0 a0=21 a1=79a3145bb4a0 a2=0 a3=22 items=0 ppid=1572 pid=1577 auid=4294967295 uid=0 gid=33 euid=0 suid=0 fsuid=0 egid=33 sgid=33 fsgid=33 tty=(none) ses=4294967295 comm="apache2" exe="/usr/sbin/apache2" subj=unconfined key="T1166_Seuid_and_Setgid"ARCH=x86_64 SYSCALL=setgid AUID="unset" UID="root" GID="www-data" EUID="root" SUID="root" FSUID="root" EGID="www-data" SGID="www-data" FSGID="www-data"
type=PROCTITLE msg=audit(1768180157.200:2109): proctitle=2F7573722F7362696E2F61706163686532002D6B007374617274
type=SYSCALL msg=audit(1768180157.200:2110): arch=c000003e syscall=106 success=yes exit=0 a0=21 a1=79a3145bb4a0 a2=0 a3=22 items=0 ppid=1572 pid=1578 auid=4294967295 uid=0 gid=33 euid=0 suid=0 fsuid=0 egid=33 sgid=33 fsgid=33 tty=(none) ses=4294967295 comm="apache2" exe="/usr/sbin/apache2" subj=unconfined key="T1166_Seuid_and_Setgid"ARCH=x86_64 SYSCALL=setgid AUID="unset" UID="root" GID="www-data" EUID="root" SUID="root" FSUID="root" EGID="www-data" SGID="www-data" FSGID="www-data"
type=PROCTITLE msg=audit(1768180157.200:2110): proctitle=2F7573722F7362696E2F61706163686532002D6B007374617274
type=SYSCALL msg=audit(1768180157.200:2111): arch=c000003e syscall=42 success=yes exit=0 a0=c a1=7ffe364b3600 a2=2d a3=634dc84ea990 items=1 ppid=1572 pid=1577 auid=4294967295 uid=0 gid=33 euid=0 suid=0 fsuid=0 egid=33 sgid=33 fsgid=33 tty=(none) ses=4294967295 comm="apache2" exe="/usr/sbin/apache2" subj=unconfined key="T1043_Commonly_Used_Port"ARCH=x86_64 SYSCALL=connect AUID="unset" UID="root" GID="www-data" EUID="root" SUID="root" FSUID="root" EGID="www-data" SGID="www-data" FSGID="www-data"
type=SOCKADDR msg=audit(1768180157.200:2111): saddr=01002F72756E2F73797374656D642F7573657264622F696F2E73797374656D642E44796E616D69635573657200SADDR={ saddr_fam=local path=/run/systemd/userdb/io.systemd.DynamicUser }
type=PATH msg=audit(1768180157.200:2111): item=0 name="/run/systemd/userdb/io.systemd.DynamicUser" inode=442 dev=00:18 mode=0140666 ouid=0 ogid=0 rdev=00:00 nametype=NORMAL cap_fp=0 cap_fi=0 cap_fe=0 cap_fver=0 cap_frootid=0OUID="root" OGID="root"
type=PROCTITLE msg=audit(1768180157.200:2111): proctitle=2F7573722F7362696E2F61706163686532002D6B007374617274
type=SYSCALL msg=audit(1768180157.202:2112): arch=c000003e syscall=105 success=yes exit=0 a0=21 a1=634dc8362230 a2=634bfcfa8012 a3=634dc8362240 items=0 ppid=1572 pid=1577 auid=4294967295 uid=33 gid=33 euid=33 suid=33 fsuid=33 egid=33 sgid=33 fsgid=33 tty=(none) ses=4294967295 comm="apache2" exe="/usr/sbin/apache2" subj=unconfined key="T1166_Seuid_and_Setgid"ARCH=x86_64 SYSCALL=setuid AUID="unset" UID="www-data" GID="www-data" EUID="www-data" SUID="www-data" FSUID="www-data" EGID="www-data" SGID="www-data" FSGID="www-data"
type=SYSCALL msg=audit(1768180157.202:2113): arch=c000003e syscall=42 success=yes exit=0 a0=c a1=7ffe364b3600 a2=2d a3=634dc84ea990 items=1 ppid=1572 pid=1578 auid=4294967295 uid=0 gid=33 euid=0 suid=0 fsuid=0 egid=33 sgid=33 fsgid=33 tty=(none) ses=4294967295 comm="apache2" exe="/usr/sbin/apache2" subj=unconfined key="T1043_Commonly_Used_Port"ARCH=x86_64 SYSCALL=connect AUID="unset" UID="root" GID="www-data" EUID="root" SUID="root" FSUID="root" EGID="www-data" SGID="www-data" FSGID="www-data"
type=SOCKADDR msg=audit(1768180157.202:2113): saddr=01002F72756E2F73797374656D642F7573657264622F696F2E73797374656D642E44796E616D69635573657200SADDR={ saddr_fam=local path=/run/systemd/userdb/io.systemd.DynamicUser }
type=PATH msg=audit(1768180157.202:2113): item=0 name="/run/systemd/userdb/io.systemd.DynamicUser" inode=442 dev=00:18 mode=0140666 ouid=0 ogid=0 rdev=00:00 nametype=NORMAL cap_fp=0 cap_fi=0 cap_fe=0 cap_fver=0 cap_frootid=0OUID="root" OGID="root"
type=PROCTITLE msg=audit(1768180157.202:2113): proctitle=2F7573722F7362696E2F61706163686532002D6B007374617274
type=PROCTITLE msg=audit(1768180157.202:2112): proctitle=2F7573722F7362696E2F61706163686532002D6B007374617274
type=SYSCALL msg=audit(1768180157.203:2114): arch=c000003e syscall=105 success=yes exit=0 a0=21 a1=634dc8362230 a2=634bfcfa8012 a3=634dc8362240 items=0 ppid=1572 pid=1578 auid=4294967295 uid=33 gid=33 euid=33 suid=33 fsuid=33 egid=33 sgid=33 fsgid=33 tty=(none) ses=4294967295 comm="apache2" exe="/usr/sbin/apache2" subj=unconfined key="T1166_Seuid_and_Setgid"ARCH=x86_64 SYSCALL=setuid AUID="unset" UID="www-data" GID="www-data" EUID="www-data" SUID="www-data" FSUID="www-data" EGID="www-data" SGID="www-data" FSGID="www-data"
type=PROCTITLE msg=audit(1768180157.203:2114): proctitle=2F7573722F7362696E2F61706163686532002D6B007374617274
type=SYSCALL msg=audit(1768180174.977:2115): arch=c000003e syscall=59 success=yes exit=0 a0=565e7c751440 a1=565e7c751d30 a2=565e7c60bcc0 a3=565e7c751d30 items=2 ppid=1488 pid=1580 auid=1000 uid=0 gid=0 euid=0 suid=0 fsuid=0 egid=0 sgid=0 fsgid=0 tty=pts1 ses=3 comm="cat" exe="/usr/bin/cat" subj=unconfined key="T1078_Valid_Accounts"ARCH=x86_64 SYSCALL=execve AUID="vboxuser" UID="root" GID="root" EUID="root" SUID="root" FSUID="root" EGID="root" SGID="root" FSGID="root"
type=EXECVE msg=audit(1768180174.977:2115): argc=2 a0="cat" a1="/var/www/nextcloud/config/config.php"
type=PATH msg=audit(1768180174.977:2115): item=0 name="/usr/bin/cat" inode=1442301 dev=08:02 mode=0100755 ouid=0 ogid=0 rdev=00:00 nametype=NORMAL cap_fp=0 cap_fi=0 cap_fe=0 cap_fver=0 cap_frootid=0OUID="root" OGID="root"
type=PATH msg=audit(1768180174.977:2115): item=1 name="/lib64/ld-linux-x86-64.so.2" inode=1481429 dev=08:02 mode=0100755 ouid=0 ogid=0 rdev=00:00 nametype=NORMAL cap_fp=0 cap_fi=0 cap_fe=0 cap_fver=0 cap_frootid=0OUID="root" OGID="root"
type=PROCTITLE msg=audit(1768180174.977:2115): proctitle=636174002F7661722F7777772F6E657874636C6F75642F636F6E6669672F636F6E6669672E706870
type=SYSCALL msg=audit(1768180182.324:2116): arch=c000003e syscall=59 success=yes exit=0 a0=565e7c751dd0 a1=565e7c751ca0 a2=565e7c60bcc0 a3=565e7c751ca0 items=2 ppid=1488 pid=1581 auid=1000 uid=0 gid=0 euid=0 suid=0 fsuid=0 egid=0 sgid=0 fsgid=0 tty=pts1 ses=3 comm="systemctl" exe="/usr/bin/systemctl" subj=unconfined key="T1078_Valid_Accounts"ARCH=x86_64 SYSCALL=execve AUID="vboxuser" UID="root" GID="root" EUID="root" SUID="root" FSUID="root" EGID="root" SGID="root" FSGID="root"
type=EXECVE msg=audit(1768180182.324:2116): argc=3 a0="systemctl" a1="status" a2="mariadb"
type=PATH msg=audit(1768180182.324:2116): item=0 name="/usr/bin/systemctl" inode=1461475 dev=08:02 mode=0100755 ouid=0 ogid=0 rdev=00:00 nametype=NORMAL cap_fp=0 cap_fi=0 cap_fe=0 cap_fver=0 cap_frootid=0OUID="root" OGID="root"
type=PATH msg=audit(1768180182.324:2116): item=1 name="/lib64/ld-linux-x86-64.so.2" inode=1481429 dev=08:02 mode=0100755 ouid=0 ogid=0 rdev=00:00 nametype=NORMAL cap_fp=0 cap_fi=0 cap_fe=0 cap_fver=0 cap_frootid=0OUID="root" OGID="root"
type=PROCTITLE msg=audit(1768180182.324:2116): proctitle=73797374656D63746C00737461747573006D617269616462
type=SYSCALL msg=audit(1768180182.341:2117): arch=c000003e syscall=42 success=yes exit=0 a0=3 a1=605fa88d6ac8 a2=17 a3=7ffecf689f14 items=1 ppid=1488 pid=1581 auid=1000 uid=0 gid=0 euid=0 suid=0 fsuid=0 egid=0 sgid=0 fsgid=0 tty=pts1 ses=3 comm="systemctl" exe="/usr/bin/systemctl" subj=unconfined key="T1043_Commonly_Used_Port"ARCH=x86_64 SYSCALL=connect AUID="vboxuser" UID="root" GID="root" EUID="root" SUID="root" FSUID="root" EGID="root" SGID="root" FSGID="root"
type=SOCKADDR msg=audit(1768180182.341:2117): saddr=01002F72756E2F73797374656D642F7072697661746500SADDR={ saddr_fam=local path=/run/systemd/private }
type=PATH msg=audit(1768180182.341:2117): item=0 name="/run/systemd/private" inode=440 dev=00:18 mode=0140700 ouid=0 ogid=0 rdev=00:00 nametype=NORMAL cap_fp=0 cap_fi=0 cap_fe=0 cap_fver=0 cap_frootid=0OUID="root" OGID="root"
type=PROCTITLE msg=audit(1768180182.341:2117): proctitle=73797374656D63746C00737461747573006D617269616462
type=SYSCALL msg=audit(1768180192.085:2118): arch=c000003e syscall=59 success=yes exit=0 a0=565e7c751d30 a1=565e7c751df0 a2=565e7c60bcc0 a3=565e7c751df0 items=2 ppid=1488 pid=1582 auid=1000 uid=0 gid=0 euid=0 suid=0 fsuid=0 egid=0 sgid=0 fsgid=0 tty=pts1 ses=3 comm="cat" exe="/usr/bin/cat" subj=unconfined key="T1078_Valid_Accounts"ARCH=x86_64 SYSCALL=execve AUID="vboxuser" UID="root" GID="root" EUID="root" SUID="root" FSUID="root" EGID="root" SGID="root" FSGID="root"
type=EXECVE msg=audit(1768180192.085:2118): argc=2 a0="cat" a1="/var/www/nextcloud/data/nextcloud.log"
type=PATH msg=audit(1768180192.085:2118): item=0 name="/usr/bin/cat" inode=1442301 dev=08:02 mode=0100755 ouid=0 ogid=0 rdev=00:00 nametype=NORMAL cap_fp=0 cap_fi=0 cap_fe=0 cap_fver=0 cap_frootid=0OUID="root" OGID="root"
type=PATH msg=audit(1768180192.085:2118): item=1 name="/lib64/ld-linux-x86-64.so.2" inode=1481429 dev=08:02 mode=0100755 ouid=0 ogid=0 rdev=00:00 nametype=NORMAL cap_fp=0 cap_fi=0 cap_fe=0 cap_fver=0 cap_frootid=0OUID="root" OGID="root"
type=PROCTITLE msg=audit(1768180192.085:2118): proctitle=636174002F7661722F7777772F6E657874636C6F75642F646174612F6E657874636C6F75642E6C6F67
type=SYSCALL msg=audit(1768180219.863:2119): arch=c000003e syscall=59 success=yes exit=0 a0=7fff42ce65b0 a1=7fff42ce65d0 a2=7fff42ce70d8 a3=8 items=2 ppid=1 pid=1583 auid=4294967295 uid=0 gid=0 euid=0 suid=0 fsuid=0 egid=0 sgid=0 fsgid=0 tty=(none) ses=4294967295 comm="9" exe="/usr/lib/systemd/systemd-executor" subj=unconfined key="T1078_Valid_Accounts"ARCH=x86_64 SYSCALL=execve AUID="unset" UID="root" GID="root" EUID="root" SUID="root" FSUID="root" EGID="root" SGID="root" FSGID="root"
type=EXECVE msg=audit(1768180219.863:2119): argc=7 a0="/usr/lib/systemd/systemd-executor" a1="--deserialize" a2="99" a3="--log-level" a4="info" a5="--log-target" a6="journal-or-kmsg"
type=PATH msg=audit(1768180219.863:2119): item=0 name="/proc/self/fd/9" inode=1463834 dev=08:02 mode=0100755 ouid=0 ogid=0 rdev=00:00 nametype=NORMAL cap_fp=0 cap_fi=0 cap_fe=0 cap_fver=0 cap_frootid=0OUID="root" OGID="root"
type=PATH msg=audit(1768180219.863:2119): item=1 name="/lib64/ld-linux-x86-64.so.2" inode=1481429 dev=08:02 mode=0100755 ouid=0 ogid=0 rdev=00:00 nametype=NORMAL cap_fp=0 cap_fi=0 cap_fe=0 cap_fver=0 cap_frootid=0OUID="root" OGID="root"
type=PROCTITLE msg=audit(1768180219.863:2119): proctitle=2F7573722F6C69622F73797374656D642F73797374656D642D6578656375746F72002D2D646573657269616C697A65003939002D2D6C6F672D6C6576656C00696E666F002D2D6C6F672D746172676574006A6F75726E616C2D6F722D6B6D7367
type=SYSCALL msg=audit(1768180219.870:2120): arch=c000003e syscall=42 success=yes exit=0 a0=4 a1=7fff384fffc0 a2=1e a3=7fff38500070 items=1 ppid=1 pid=1583 auid=4294967295 uid=0 gid=0 euid=0 suid=0 fsuid=0 egid=0 sgid=0 fsgid=0 tty=(none) ses=4294967295 comm="9" exe="/usr/lib/systemd/systemd-executor" subj=unconfined key="T1043_Commonly_Used_Port"ARCH=x86_64 SYSCALL=connect AUID="unset" UID="root" GID="root" EUID="root" SUID="root" FSUID="root" EGID="root" SGID="root" FSGID="root"
type=SOCKADDR msg=audit(1768180219.870:2120): saddr=01002F72756E2F73797374656D642F6A6F75726E616C2F736F636B657400SADDR={ saddr_fam=local path=/run/systemd/journal/socket }
type=PATH msg=audit(1768180219.870:2120): item=0 name="/run/systemd/journal/socket" inode=455 dev=00:18 mode=0140666 ouid=0 ogid=0 rdev=00:00 nametype=NORMAL cap_fp=0 cap_fi=0 cap_fe=0 cap_fver=0 cap_frootid=0OUID="root" OGID="root"
type=PROCTITLE msg=audit(1768180219.870:2120): proctitle=2F7573722F6C69622F73797374656D642F73797374656D642D6578656375746F72002D2D646573657269616C697A65003939002D2D6C6F672D6C6576656C00696E666F002D2D6C6F672D746172676574006A6F75726E616C2D6F722D6B6D7367
type=SYSCALL msg=audit(1768180219.898:2121): arch=c000003e syscall=42 success=yes exit=0 a0=3 a1=7fff384ffb40 a2=1e a3=fffffff7 items=1 ppid=1 pid=1583 auid=4294967295 uid=0 gid=0 euid=0 suid=0 fsuid=0 egid=0 sgid=0 fsgid=0 tty=(none) ses=4294967295 comm="(sa1)" exe="/usr/lib/systemd/systemd-executor" subj=unconfined key="T1043_Commonly_Used_Port"ARCH=x86_64 SYSCALL=connect AUID="unset" UID="root" GID="root" EUID="root" SUID="root" FSUID="root" EGID="root" SGID="root" FSGID="root"
type=SOCKADDR msg=audit(1768180219.898:2121): saddr=01002F72756E2F73797374656D642F6A6F75726E616C2F7374646F757400SADDR={ saddr_fam=local path=/run/systemd/journal/stdout }
type=PATH msg=audit(1768180219.898:2121): item=0 name="/run/systemd/journal/stdout" inode=456 dev=00:18 mode=0140666 ouid=0 ogid=0 rdev=00:00 nametype=NORMAL cap_fp=0 cap_fi=0 cap_fe=0 cap_fver=0 cap_frootid=0OUID="root" OGID="root"
type=PROCTITLE msg=audit(1768180219.898:2121): proctitle=2F7573722F6C69622F73797374656D642F73797374656D642D6578656375746F72002D2D646573657269616C697A65003939002D2D6C6F672D6C6576656C00696E666F002D2D6C6F672D746172676574006A6F75726E616C2D6F722D6B6D7367
type=SYSCALL msg=audit(1768180219.898:2122): arch=c000003e syscall=59 success=yes exit=0 a0=5d78fe8c50c0 a1=5d78fe8c51c0 a2=5d78fe8c44b0 a3=5d78fe8c5990 items=3 ppid=1 pid=1583 auid=4294967295 uid=0 gid=0 euid=0 suid=0 fsuid=0 egid=0 sgid=0 fsgid=0 tty=(none) ses=4294967295 comm="sa1" exe="/usr/bin/dash" subj=unconfined key="T1078_Valid_Accounts"ARCH=x86_64 SYSCALL=execve AUID="unset" UID="root" GID="root" EUID="root" SUID="root" FSUID="root" EGID="root" SGID="root" FSGID="root"
type=EXECVE msg=audit(1768180219.898:2122): argc=4 a0="/bin/sh" a1="/usr/lib/sysstat/sa1" a2="1" a3="1"
type=PATH msg=audit(1768180219.898:2122): item=0 name="/usr/lib/sysstat/sa1" inode=1456137 dev=08:02 mode=0100755 ouid=0 ogid=0 rdev=00:00 nametype=NORMAL cap_fp=0 cap_fi=0 cap_fe=0 cap_fver=0 cap_frootid=0OUID="root" OGID="root"
type=PATH msg=audit(1768180219.898:2122): item=1 name="/bin/sh" inode=1442345 dev=08:02 mode=0100755 ouid=0 ogid=0 rdev=00:00 nametype=NORMAL cap_fp=0 cap_fi=0 cap_fe=0 cap_fver=0 cap_frootid=0OUID="root" OGID="root"
type=PATH msg=audit(1768180219.898:2122): item=2 name="/lib64/ld-linux-x86-64.so.2" inode=1481429 dev=08:02 mode=0100755 ouid=0 ogid=0 rdev=00:00 nametype=NORMAL cap_fp=0 cap_fi=0 cap_fe=0 cap_fver=0 cap_frootid=0OUID="root" OGID="root"
type=PROCTITLE msg=audit(1768180219.898:2122): proctitle=2F7573722F6C69622F73797374656D642F73797374656D642D6578656375746F72002D2D646573657269616C697A65003939002D2D6C6F672D6C6576656C00696E666F002D2D6C6F672D746172676574006A6F75726E616C2D6F722D6B6D7367
type=SYSCALL msg=audit(1768180219.901:2123): arch=c000003e syscall=59 success=yes exit=0 a0=5ca0bc84d148 a1=5ca0bc84d228 a2=5ca0bc84d270 a3=0 items=2 ppid=1 pid=1583 auid=4294967295 uid=0 gid=0 euid=0 suid=0 fsuid=0 egid=0 sgid=0 fsgid=0 tty=(none) ses=4294967295 comm="sadc" exe="/usr/lib/sysstat/sadc" subj=unconfined key="T1078_Valid_Accounts"ARCH=x86_64 SYSCALL=execve AUID="unset" UID="root" GID="root" EUID="root" SUID="root" FSUID="root" EGID="root" SGID="root" FSGID="root"
type=EXECVE msg=audit(1768180219.901:2123): argc=8 a0="/usr/lib/sysstat/sadc" a1="-F" a2="-L" a3="-S" a4="DISK" a5="1" a6="1" a7="/var/log/sysstat"
type=PATH msg=audit(1768180219.901:2123): item=0 name="/usr/lib/sysstat/sadc" inode=1456139 dev=08:02 mode=0100755 ouid=0 ogid=0 rdev=00:00 nametype=NORMAL cap_fp=0 cap_fi=0 cap_fe=0 cap_fver=0 cap_frootid=0OUID="root" OGID="root"
type=PATH msg=audit(1768180219.901:2123): item=1 name="/lib64/ld-linux-x86-64.so.2" inode=1481429 dev=08:02 mode=0100755 ouid=0 ogid=0 rdev=00:00 nametype=NORMAL cap_fp=0 cap_fi=0 cap_fe=0 cap_fver=0 cap_frootid=0OUID="root" OGID="root"
type=PROCTITLE msg=audit(1768180219.901:2123): proctitle=2F7573722F6C69622F73797374656D642F73797374656D642D6578656375746F72002D2D646573657269616C697A65003939002D2D6C6F672D6C6576656C00696E666F002D2D6C6F672D746172676574006A6F75726E616C2D6F722D6B6D7367
type=SERVICE_START msg=audit(1768180219.906:2124): pid=1 uid=0 auid=4294967295 ses=4294967295 subj=unconfined msg='unit=sysstat-collect comm="systemd" exe="/usr/lib/systemd/systemd" hostname=? addr=? terminal=? res=success'UID="root" AUID="unset"
type=SERVICE_STOP msg=audit(1768180219.906:2125): pid=1 uid=0 auid=4294967295 ses=4294967295 subj=unconfined msg='unit=sysstat-collect comm="systemd" exe="/usr/lib/systemd/systemd" hostname=? addr=? terminal=? res=success'UID="root" AUID="unset"
type=SYSCALL msg=audit(1768180272.577:2126): arch=c000003e syscall=59 success=yes exit=0 a0=565e7c752130 a1=565e7c7521e0 a2=565e7c60bcc0 a3=1 items=2 ppid=1488 pid=1586 auid=1000 uid=0 gid=0 euid=0 suid=0 fsuid=0 egid=0 sgid=0 fsgid=0 tty=pts1 ses=3 comm="grep" exe="/usr/bin/grep" subj=unconfined key="T1078_Valid_Accounts"ARCH=x86_64 SYSCALL=execve AUID="vboxuser" UID="root" GID="root" EUID="root" SUID="root" FSUID="root" EGID="root" SGID="root" FSGID="root"
type=EXECVE msg=audit(1768180272.577:2126): argc=4 a0="grep" a1="--color=auto" a2="error" a3="/var/www/nextcloud/data/nextcloud.log"
type=PATH msg=audit(1768180272.577:2126): item=0 name="/usr/bin/grep" inode=1442450 dev=08:02 mode=0100755 ouid=0 ogid=0 rdev=00:00 nametype=NORMAL cap_fp=0 cap_fi=0 cap_fe=0 cap_fver=0 cap_frootid=0OUID="root" OGID="root"
type=PATH msg=audit(1768180272.577:2126): item=1 name="/lib64/ld-linux-x86-64.so.2" inode=1481429 dev=08:02 mode=0100755 ouid=0 ogid=0 rdev=00:00 nametype=NORMAL cap_fp=0 cap_fi=0 cap_fe=0 cap_fver=0 cap_frootid=0OUID="root" OGID="root"
type=PROCTITLE msg=audit(1768180272.577:2126): proctitle=67726570002D2D636F6C6F723D6175746F006572726F72002F7661722F7777772F6E657874636C6F75642F646174612F6E657874636C6F75642E6C6F67
type=SYSCALL msg=audit(1768180272.568:2127): arch=c000003e syscall=59 success=yes exit=0 a0=565e7c752050 a1=565e7c7520d0 a2=565e7c60bcc0 a3=1 items=2 ppid=1488 pid=1587 auid=1000 uid=0 gid=0 euid=0 suid=0 fsuid=0 egid=0 sgid=0 fsgid=0 tty=pts1 ses=3 comm="tail" exe="/usr/bin/tail" subj=unconfined key="T1078_Valid_Accounts"ARCH=x86_64 SYSCALL=execve AUID="vboxuser" UID="root" GID="root" EUID="root" SUID="root" FSUID="root" EGID="root" SGID="root" FSGID="root"
type=EXECVE msg=audit(1768180272.568:2127): argc=3 a0="tail" a1="-n" a2="20"
type=PATH msg=audit(1768180272.568:2127): item=0 name="/usr/bin/tail" inode=1442904 dev=08:02 mode=0100755 ouid=0 ogid=0 rdev=00:00 nametype=NORMAL cap_fp=0 cap_fi=0 cap_fe=0 cap_fver=0 cap_frootid=0OUID="root" OGID="root"
type=PATH msg=audit(1768180272.568:2127): item=1 name="/lib64/ld-linux-x86-64.so.2" inode=1481429 dev=08:02 mode=0100755 ouid=0 ogid=0 rdev=00:00 nametype=NORMAL cap_fp=0 cap_fi=0 cap_fe=0 cap_fver=0 cap_frootid=0OUID="root" OGID="root"
type=PROCTITLE msg=audit(1768180272.568:2127): proctitle=7461696C002D6E003230
type=SYSCALL msg=audit(1768180283.739:2128): arch=c000003e syscall=59 success=yes exit=0 a0=565e7c7521c0 a1=565e7c751480 a2=565e7c60bcc0 a3=565e7c5e29d0 items=2 ppid=1488 pid=1588 auid=1000 uid=0 gid=0 euid=0 suid=0 fsuid=0 egid=0 sgid=0 fsgid=0 tty=pts1 ses=3 comm="grep" exe="/usr/bin/grep" subj=unconfined key="T1078_Valid_Accounts"ARCH=x86_64 SYSCALL=execve AUID="vboxuser" UID="root" GID="root" EUID="root" SUID="root" FSUID="root" EGID="root" SGID="root" FSGID="root"
type=EXECVE msg=audit(1768180283.739:2128): argc=5 a0="grep" a1="--color=auto" a2="-i" a3=496E7465726E616C20536572766572204572726F72 a4="/var/www/nextcloud/data/nextcloud.log"
type=PATH msg=audit(1768180283.739:2128): item=0 name="/usr/bin/grep" inode=1442450 dev=08:02 mode=0100755 ouid=0 ogid=0 rdev=00:00 nametype=NORMAL cap_fp=0 cap_fi=0 cap_fe=0 cap_fver=0 cap_frootid=0OUID="root" OGID="root"
type=PATH msg=audit(1768180283.739:2128): item=1 name="/lib64/ld-linux-x86-64.so.2" inode=1481429 dev=08:02 mode=0100755 ouid=0 ogid=0 rdev=00:00 nametype=NORMAL cap_fp=0 cap_fi=0 cap_fe=0 cap_fver=0 cap_frootid=0OUID="root" OGID="root"
type=PROCTITLE msg=audit(1768180283.739:2128): proctitle=67726570002D2D636F6C6F723D6175746F002D6900496E7465726E616C20536572766572204572726F72002F7661722F7777772F6E657874636C6F75642F646174612F6E657874636C6F75642E6C6F67
type=SYSCALL msg=audit(1768180292.341:2129): arch=c000003e syscall=59 success=yes exit=0 a0=565e7c752280 a1=565e7c7516d0 a2=565e7c60bcc0 a3=565e7c752220 items=2 ppid=1488 pid=1589 auid=1000 uid=0 gid=0 euid=0 suid=0 fsuid=0 egid=0 sgid=0 fsgid=0 tty=pts1 ses=3 comm="systemctl" exe="/usr/bin/systemctl" subj=unconfined key="T1078_Valid_Accounts"ARCH=x86_64 SYSCALL=execve AUID="vboxuser" UID="root" GID="root" EUID="root" SUID="root" FSUID="root" EGID="root" SGID="root" FSGID="root"
type=EXECVE msg=audit(1768180292.341:2129): argc=3 a0="systemctl" a1="status" a2="redis"
type=PATH msg=audit(1768180292.341:2129): item=0 name="/usr/bin/systemctl" inode=1461475 dev=08:02 mode=0100755 ouid=0 ogid=0 rdev=00:00 nametype=NORMAL cap_fp=0 cap_fi=0 cap_fe=0 cap_fver=0 cap_frootid=0OUID="root" OGID="root"
type=PATH msg=audit(1768180292.341:2129): item=1 name="/lib64/ld-linux-x86-64.so.2" inode=1481429 dev=08:02 mode=0100755 ouid=0 ogid=0 rdev=00:00 nametype=NORMAL cap_fp=0 cap_fi=0 cap_fe=0 cap_fver=0 cap_frootid=0OUID="root" OGID="root"
type=PROCTITLE msg=audit(1768180292.341:2129): proctitle=73797374656D63746C00737461747573007265646973
type=SYSCALL msg=audit(1768180292.355:2130): arch=c000003e syscall=42 success=yes exit=0 a0=3 a1=596e068c5ac8 a2=17 a3=7ffc4541f404 items=1 ppid=1488 pid=1589 auid=1000 uid=0 gid=0 euid=0 suid=0 fsuid=0 egid=0 sgid=0 fsgid=0 tty=pts1 ses=3 comm="systemctl" exe="/usr/bin/systemctl" subj=unconfined key="T1043_Commonly_Used_Port"ARCH=x86_64 SYSCALL=connect AUID="vboxuser" UID="root" GID="root" EUID="root" SUID="root" FSUID="root" EGID="root" SGID="root" FSGID="root"
type=SOCKADDR msg=audit(1768180292.355:2130): saddr=01002F72756E2F73797374656D642F7072697661746500SADDR={ saddr_fam=local path=/run/systemd/private }
type=PATH msg=audit(1768180292.355:2130): item=0 name="/run/systemd/private" inode=440 dev=00:18 mode=0140700 ouid=0 ogid=0 rdev=00:00 nametype=NORMAL cap_fp=0 cap_fi=0 cap_fe=0 cap_fver=0 cap_frootid=0OUID="root" OGID="root"
type=PROCTITLE msg=audit(1768180292.355:2130): proctitle=73797374656D63746C00737461747573007265646973
type=SYSCALL msg=audit(1768180294.573:2131): arch=c000003e syscall=59 success=yes exit=0 a0=565e7c751df0 a1=565e7c751b10 a2=565e7c60bcc0 a3=565e7c751e10 items=2 ppid=1488 pid=1590 auid=1000 uid=0 gid=0 euid=0 suid=0 fsuid=0 egid=0 sgid=0 fsgid=0 tty=pts1 ses=3 comm="tail" exe="/usr/bin/tail" subj=unconfined key="T1078_Valid_Accounts"ARCH=x86_64 SYSCALL=execve AUID="vboxuser" UID="root" GID="root" EUID="root" SUID="root" FSUID="root" EGID="root" SGID="root" FSGID="root"
type=EXECVE msg=audit(1768180294.573:2131): argc=4 a0="tail" a1="-n" a2="20" a3="/var/www/nextcloud/data/nextcloud.log"
type=PATH msg=audit(1768180294.573:2131): item=0 name="/usr/bin/tail" inode=1442904 dev=08:02 mode=0100755 ouid=0 ogid=0 rdev=00:00 nametype=NORMAL cap_fp=0 cap_fi=0 cap_fe=0 cap_fver=0 cap_frootid=0OUID="root" OGID="root"
type=PATH msg=audit(1768180294.573:2131): item=1 name="/lib64/ld-linux-x86-64.so.2" inode=1481429 dev=08:02 mode=0100755 ouid=0 ogid=0 rdev=00:00 nametype=NORMAL cap_fp=0 cap_fi=0 cap_fe=0 cap_fver=0 cap_frootid=0OUID="root" OGID="root"
type=PROCTITLE msg=audit(1768180294.573:2131): proctitle=7461696C002D6E003230002F7661722F7777772F6E657874636C6F75642F646174612F6E657874636C6F75642E6C6F67
type=SYSCALL msg=audit(1768180302.116:2132): arch=c000003e syscall=59 success=yes exit=0 a0=565e7c752380 a1=565e7c751c70 a2=565e7c60bcc0 a3=565e7c752300 items=2 ppid=1488 pid=1591 auid=1000 uid=0 gid=0 euid=0 suid=0 fsuid=0 egid=0 sgid=0 fsgid=0 tty=pts1 ses=3 comm="systemctl" exe="/usr/bin/systemctl" subj=unconfined key="T1078_Valid_Accounts"ARCH=x86_64 SYSCALL=execve AUID="vboxuser" UID="root" GID="root" EUID="root" SUID="root" FSUID="root" EGID="root" SGID="root" FSGID="root"
type=EXECVE msg=audit(1768180302.116:2132): argc=3 a0="systemctl" a1="start" a2="redis"
type=PATH msg=audit(1768180302.116:2132): item=0 name="/usr/bin/systemctl" inode=1461475 dev=08:02 mode=0100755 ouid=0 ogid=0 rdev=00:00 nametype=NORMAL cap_fp=0 cap_fi=0 cap_fe=0 cap_fver=0 cap_frootid=0OUID="root" OGID="root"
type=PATH msg=audit(1768180302.116:2132): item=1 name="/lib64/ld-linux-x86-64.so.2" inode=1481429 dev=08:02 mode=0100755 ouid=0 ogid=0 rdev=00:00 nametype=NORMAL cap_fp=0 cap_fi=0 cap_fe=0 cap_fver=0 cap_frootid=0OUID="root" OGID="root"
type=PROCTITLE msg=audit(1768180302.116:2132): proctitle=73797374656D63746C007374617274007265646973
type=SYSCALL msg=audit(1768180302.134:2133): arch=c000003e syscall=42 success=yes exit=0 a0=3 a1=606c61e7cac8 a2=17 a3=7ffde9aee144 items=1 ppid=1488 pid=1591 auid=1000 uid=0 gid=0 euid=0 suid=0 fsuid=0 egid=0 sgid=0 fsgid=0 tty=pts1 ses=3 comm="systemctl" exe="/usr/bin/systemctl" subj=unconfined key="T1043_Commonly_Used_Port"ARCH=x86_64 SYSCALL=connect AUID="vboxuser" UID="root" GID="root" EUID="root" SUID="root" FSUID="root" EGID="root" SGID="root" FSGID="root"
type=SOCKADDR msg=audit(1768180302.134:2133): saddr=01002F72756E2F73797374656D642F7072697661746500SADDR={ saddr_fam=local path=/run/systemd/private }
type=PATH msg=audit(1768180302.134:2133): item=0 name="/run/systemd/private" inode=440 dev=00:18 mode=0140700 ouid=0 ogid=0 rdev=00:00 nametype=NORMAL cap_fp=0 cap_fi=0 cap_fe=0 cap_fver=0 cap_frootid=0OUID="root" OGID="root"
type=PROCTITLE msg=audit(1768180302.134:2133): proctitle=73797374656D63746C007374617274007265646973
type=SYSCALL msg=audit(1768180302.137:2134): arch=c000003e syscall=59 success=yes exit=0 a0=606c27047090 a1=7ffde9aee3c0 a2=7ffde9aeec48 a3=75ff81faa8d0 items=2 ppid=1591 pid=1592 auid=1000 uid=0 gid=0 euid=0 suid=0 fsuid=0 egid=0 sgid=0 fsgid=0 tty=pts1 ses=3 comm="systemd-tty-ask" exe="/usr/bin/systemd-tty-ask-password-agent" subj=unconfined key="T1078_Valid_Accounts"ARCH=x86_64 SYSCALL=execve AUID="vboxuser" UID="root" GID="root" EUID="root" SUID="root" FSUID="root" EGID="root" SGID="root" FSGID="root"
type=EXECVE msg=audit(1768180302.137:2134): argc=2 a0="/usr/bin/systemd-tty-ask-password-agent" a1="--watch"
type=PATH msg=audit(1768180302.137:2134): item=0 name="/usr/bin/systemd-tty-ask-password-agent" inode=1461700 dev=08:02 mode=0100755 ouid=0 ogid=0 rdev=00:00 nametype=NORMAL cap_fp=0 cap_fi=0 cap_fe=0 cap_fver=0 cap_frootid=0OUID="root" OGID="root"
type=PATH msg=audit(1768180302.137:2134): item=1 name="/lib64/ld-linux-x86-64.so.2" inode=1481429 dev=08:02 mode=0100755 ouid=0 ogid=0 rdev=00:00 nametype=NORMAL cap_fp=0 cap_fi=0 cap_fe=0 cap_fver=0 cap_frootid=0OUID="root" OGID="root"
type=PROCTITLE msg=audit(1768180302.137:2134): proctitle=2F7573722F62696E2F73797374656D642D7474792D61736B2D70617373776F72642D6167656E74002D2D7761746368
type=BPF msg=audit(1768180302.140:2135): prog-id=25 op=LOAD
type=SYSCALL msg=audit(1768180302.141:2136): arch=c000003e syscall=59 success=yes exit=0 a0=7fff42ce65b0 a1=7fff42ce65d0 a2=7fff42ce70d8 a3=8 items=2 ppid=1 pid=1593 auid=4294967295 uid=0 gid=0 euid=0 suid=0 fsuid=0 egid=0 sgid=0 fsgid=0 tty=(none) ses=4294967295 comm="9" exe="/usr/lib/systemd/systemd-executor" subj=unconfined key="T1078_Valid_Accounts"ARCH=x86_64 SYSCALL=execve AUID="unset" UID="root" GID="root" EUID="root" SUID="root" FSUID="root" EGID="root" SGID="root" FSGID="root"
type=EXECVE msg=audit(1768180302.141:2136): argc=7 a0="/usr/lib/systemd/systemd-executor" a1="--deserialize" a2="106" a3="--log-level" a4="info" a5="--log-target" a6="journal-or-kmsg"
type=PATH msg=audit(1768180302.141:2136): item=0 name="/proc/self/fd/9" inode=1463834 dev=08:02 mode=0100755 ouid=0 ogid=0 rdev=00:00 nametype=NORMAL cap_fp=0 cap_fi=0 cap_fe=0 cap_fver=0 cap_frootid=0OUID="root" OGID="root"
type=PATH msg=audit(1768180302.141:2136): item=1 name="/lib64/ld-linux-x86-64.so.2" inode=1481429 dev=08:02 mode=0100755 ouid=0 ogid=0 rdev=00:00 nametype=NORMAL cap_fp=0 cap_fi=0 cap_fe=0 cap_fver=0 cap_frootid=0OUID="root" OGID="root"
type=PROCTITLE msg=audit(1768180302.141:2136): proctitle=2F7573722F6C69622F73797374656D642F73797374656D642D6578656375746F72002D2D646573657269616C697A6500313036002D2D6C6F672D6C6576656C00696E666F002D2D6C6F672D746172676574006A6F75726E616C2D6F722D6B6D7367
type=SYSCALL msg=audit(1768180302.151:2137): arch=c000003e syscall=42 success=yes exit=0 a0=3 a1=7ffe84c2d410 a2=1e a3=7ffe84c2d4c0 items=1 ppid=1 pid=1593 auid=4294967295 uid=0 gid=0 euid=0 suid=0 fsuid=0 egid=0 sgid=0 fsgid=0 tty=(none) ses=4294967295 comm="9" exe="/usr/lib/systemd/systemd-executor" subj=unconfined key="T1043_Commonly_Used_Port"ARCH=x86_64 SYSCALL=connect AUID="unset" UID="root" GID="root" EUID="root" SUID="root" FSUID="root" EGID="root" SGID="root" FSGID="root"
type=SOCKADDR msg=audit(1768180302.151:2137): saddr=01002F72756E2F73797374656D642F6A6F75726E616C2F736F636B657400SADDR={ saddr_fam=local path=/run/systemd/journal/socket }
type=PATH msg=audit(1768180302.151:2137): item=0 name="/run/systemd/journal/socket" inode=455 dev=00:18 mode=0140666 ouid=0 ogid=0 rdev=00:00 nametype=NORMAL cap_fp=0 cap_fi=0 cap_fe=0 cap_fver=0 cap_frootid=0OUID="root" OGID="root"
type=PROCTITLE msg=audit(1768180302.151:2137): proctitle=2F7573722F6C69622F73797374656D642F73797374656D642D6578656375746F72002D2D646573657269616C697A6500313036002D2D6C6F672D6C6576656C00696E666F002D2D6C6F672D746172676574006A6F75726E616C2D6F722D6B6D7367
type=SYSCALL msg=audit(1768180302.154:2138): arch=c000003e syscall=42 success=yes exit=0 a0=4 a1=7ffe84c2ce10 a2=2d a3=556173a35660 items=1 ppid=1 pid=1593 auid=4294967295 uid=0 gid=0 euid=0 suid=0 fsuid=0 egid=0 sgid=0 fsgid=0 tty=(none) ses=4294967295 comm="(s-server)" exe="/usr/lib/systemd/systemd-executor" subj=unconfined key="T1043_Commonly_Used_Port"ARCH=x86_64 SYSCALL=connect AUID="unset" UID="root" GID="root" EUID="root" SUID="root" FSUID="root" EGID="root" SGID="root" FSGID="root"
type=SOCKADDR msg=audit(1768180302.154:2138): saddr=01002F72756E2F73797374656D642F7573657264622F696F2E73797374656D642E44796E616D69635573657200SADDR={ saddr_fam=local path=/run/systemd/userdb/io.systemd.DynamicUser }
type=PATH msg=audit(1768180302.154:2138): item=0 name="/run/systemd/userdb/io.systemd.DynamicUser" inode=442 dev=00:18 mode=0140666 ouid=0 ogid=0 rdev=00:00 nametype=NORMAL cap_fp=0 cap_fi=0 cap_fe=0 cap_fver=0 cap_frootid=0OUID="root" OGID="root"
type=PROCTITLE msg=audit(1768180302.154:2138): proctitle=2F7573722F6C69622F73797374656D642F73797374656D642D6578656375746F72002D2D646573657269616C697A6500313036002D2D6C6F672D6C6576656C00696E666F002D2D6C6F672D746172676574006A6F75726E616C2D6F722D6B6D7367
type=SYSCALL msg=audit(1768180302.164:2139): arch=c000003e syscall=42 success=yes exit=0 a0=3 a1=7ffe84c2cf90 a2=1e a3=fffffff7 items=1 ppid=1 pid=1593 auid=4294967295 uid=0 gid=0 euid=112 suid=0 fsuid=112 egid=112 sgid=0 fsgid=112 tty=(none) ses=4294967295 comm="(s-server)" exe="/usr/lib/systemd/systemd-executor" subj=unconfined key="T1043_Commonly_Used_Port"ARCH=x86_64 SYSCALL=connect AUID="unset" UID="root" GID="root" EUID="redis" SUID="root" FSUID="redis" EGID="redis" SGID="root" FSGID="redis"
type=SOCKADDR msg=audit(1768180302.164:2139): saddr=01002F72756E2F73797374656D642F6A6F75726E616C2F7374646F757400SADDR={ saddr_fam=local path=/run/systemd/journal/stdout }
type=PATH msg=audit(1768180302.164:2139): item=0 name="/run/systemd/journal/stdout" inode=456 dev=00:18 mode=0140666 ouid=0 ogid=0 rdev=00:00 nametype=NORMAL cap_fp=0 cap_fi=0 cap_fe=0 cap_fver=0 cap_frootid=0OUID="root" OGID="root"
type=PROCTITLE msg=audit(1768180302.164:2139): proctitle=2F7573722F6C69622F73797374656D642F73797374656D642D6578656375746F72002D2D646573657269616C697A6500313036002D2D6C6F672D6C6576656C00696E666F002D2D6C6F672D746172676574006A6F75726E616C2D6F722D6B6D7367
type=SYSCALL msg=audit(1768180302.164:2140): arch=c000003e syscall=114 success=yes exit=0 a0=70 a1=ffffffff a2=0 a3=7ffe84c2d140 items=0 ppid=1 pid=1593 auid=4294967295 uid=0 gid=112 euid=0 suid=0 fsuid=0 egid=0 sgid=0 fsgid=0 tty=(none) ses=4294967295 comm="(s-server)" exe="/usr/lib/systemd/systemd-executor" subj=unconfined key="T1166_Seuid_and_Setgid"ARCH=x86_64 SYSCALL=setregid AUID="unset" UID="root" GID="redis" EUID="root" SUID="root" FSUID="root" EGID="root" SGID="root" FSGID="root"
type=PROCTITLE msg=audit(1768180302.164:2140): proctitle=2F7573722F6C69622F73797374656D642F73797374656D642D6578656375746F72002D2D646573657269616C697A6500313036002D2D6C6F672D6C6576656C00696E666F002D2D6C6F672D746172676574006A6F75726E616C2D6F722D6B6D7367
type=SYSCALL msg=audit(1768180302.164:2141): arch=c000003e syscall=113 success=yes exit=0 a0=70 a1=ffffffff a2=0 a3=7ffe84c2d140 items=0 ppid=1 pid=1593 auid=4294967295 uid=112 gid=112 euid=0 suid=0 fsuid=0 egid=0 sgid=0 fsgid=0 tty=(none) ses=4294967295 comm="(s-server)" exe="/usr/lib/systemd/systemd-executor" subj=unconfined key="T1166_Seuid_and_Setgid"ARCH=x86_64 SYSCALL=setreuid AUID="unset" UID="redis" GID="redis" EUID="root" SUID="root" FSUID="root" EGID="root" SGID="root" FSGID="root"
type=PROCTITLE msg=audit(1768180302.164:2141): proctitle=2F7573722F6C69622F73797374656D642F73797374656D642D6578656375746F72002D2D646573657269616C697A6500313036002D2D6C6F672D6C6576656C00696E666F002D2D6C6F672D746172676574006A6F75726E616C2D6F722D6B6D7367
type=SYSCALL msg=audit(1768180302.164:2142): arch=c000003e syscall=113 success=yes exit=0 a0=0 a1=ffffffff a2=0 a3=0 items=0 ppid=1 pid=1593 auid=4294967295 uid=0 gid=112 euid=0 suid=0 fsuid=0 egid=0 sgid=0 fsgid=0 tty=(none) ses=4294967295 comm="(s-server)" exe="/usr/lib/systemd/systemd-executor" subj=unconfined key="T1166_Seuid_and_Setgid"ARCH=x86_64 SYSCALL=setreuid AUID="unset" UID="root" GID="redis" EUID="root" SUID="root" FSUID="root" EGID="root" SGID="root" FSGID="root"
type=PROCTITLE msg=audit(1768180302.164:2142): proctitle=2F7573722F6C69622F73797374656D642F73797374656D642D6578656375746F72002D2D646573657269616C697A6500313036002D2D6C6F672D6C6576656C00696E666F002D2D6C6F672D746172676574006A6F75726E616C2D6F722D6B6D7367
type=SYSCALL msg=audit(1768180302.164:2143): arch=c000003e syscall=114 success=yes exit=0 a0=0 a1=ffffffff a2=0 a3=0 items=0 ppid=1 pid=1593 auid=4294967295 uid=0 gid=0 euid=0 suid=0 fsuid=0 egid=0 sgid=0 fsgid=0 tty=(none) ses=4294967295 comm="(s-server)" exe="/usr/lib/systemd/systemd-executor" subj=unconfined key="T1166_Seuid_and_Setgid"ARCH=x86_64 SYSCALL=setregid AUID="unset" UID="root" GID="root" EUID="root" SUID="root" FSUID="root" EGID="root" SGID="root" FSGID="root"
type=PROCTITLE msg=audit(1768180302.164:2143): proctitle=2F7573722F6C69622F73797374656D642F73797374656D642D6578656375746F72002D2D646573657269616C697A6500313036002D2D6C6F672D6C6576656C00696E666F002D2D6C6F672D746172676574006A6F75726E616C2D6F722D6B6D7367
type=SYSCALL msg=audit(1768180302.197:2144): arch=c000003e syscall=59 success=yes exit=0 a0=556173a351f0 a1=556173a483f0 a2=556173a35260 a3=556173a33f40 items=2 ppid=1 pid=1593 auid=4294967295 uid=112 gid=112 euid=112 suid=112 fsuid=112 egid=112 sgid=112 fsgid=112 tty=(none) ses=4294967295 comm="redis-server" exe="/usr/bin/redis-check-rdb" subj=unconfined key="T1166_Seuid_and_Setgid"ARCH=x86_64 SYSCALL=execve AUID="unset" UID="redis" GID="redis" EUID="redis" SUID="redis" FSUID="redis" EGID="redis" SGID="redis" FSGID="redis"
type=EXECVE msg=audit(1768180302.197:2144): argc=6 a0="/usr/bin/redis-server" a1="/etc/redis/redis.conf" a2="--supervised" a3="systemd" a4="--daemonize" a5="no"
type=PATH msg=audit(1768180302.197:2144): item=0 name="/usr/bin/redis-server" inode=1483699 dev=08:02 mode=0100755 ouid=0 ogid=0 rdev=00:00 nametype=NORMAL cap_fp=0 cap_fi=0 cap_fe=0 cap_fver=0 cap_frootid=0OUID="root" OGID="root"
type=PATH msg=audit(1768180302.197:2144): item=1 name="/lib64/ld-linux-x86-64.so.2" inode=1481429 dev=08:02 mode=0100755 ouid=0 ogid=0 rdev=00:00 nametype=NORMAL cap_fp=0 cap_fi=0 cap_fe=0 cap_fver=0 cap_frootid=0OUID="root" OGID="root"
type=PROCTITLE msg=audit(1768180302.197:2144): proctitle=2F7573722F6C69622F73797374656D642F73797374656D642D6578656375746F72002D2D646573657269616C697A6500313036002D2D6C6F672D6C6576656C00696E666F002D2D6C6F672D746172676574006A6F75726E616C2D6F722D6B6D7367
type=SERVICE_START msg=audit(1768180302.209:2145): pid=1 uid=0 auid=4294967295 ses=4294967295 subj=unconfined msg='unit=redis-server comm="systemd" exe="/usr/lib/systemd/systemd" hostname=? addr=? terminal=? res=success'UID="root" AUID="unset"
type=SYSCALL msg=audit(1768180311.693:2146): arch=c000003e syscall=59 success=yes exit=0 a0=565e7c752400 a1=565e7c751c70 a2=565e7c60bcc0 a3=565e7c7523a0 items=2 ppid=1488 pid=1599 auid=1000 uid=0 gid=0 euid=0 suid=0 fsuid=0 egid=0 sgid=0 fsgid=0 tty=pts1 ses=3 comm="systemctl" exe="/usr/bin/systemctl" subj=unconfined key="T1078_Valid_Accounts"ARCH=x86_64 SYSCALL=execve AUID="vboxuser" UID="root" GID="root" EUID="root" SUID="root" FSUID="root" EGID="root" SGID="root" FSGID="root"
type=EXECVE msg=audit(1768180311.693:2146): argc=3 a0="systemctl" a1="status" a2="redis"
type=PATH msg=audit(1768180311.693:2146): item=0 name="/usr/bin/systemctl" inode=1461475 dev=08:02 mode=0100755 ouid=0 ogid=0 rdev=00:00 nametype=NORMAL cap_fp=0 cap_fi=0 cap_fe=0 cap_fver=0 cap_frootid=0OUID="root" OGID="root"
type=PATH msg=audit(1768180311.693:2146): item=1 name="/lib64/ld-linux-x86-64.so.2" inode=1481429 dev=08:02 mode=0100755 ouid=0 ogid=0 rdev=00:00 nametype=NORMAL cap_fp=0 cap_fi=0 cap_fe=0 cap_fver=0 cap_frootid=0OUID="root" OGID="root"
type=PROCTITLE msg=audit(1768180311.693:2146): proctitle=73797374656D63746C00737461747573007265646973
type=SYSCALL msg=audit(1768180311.705:2147): arch=c000003e syscall=42 success=yes exit=0 a0=3 a1=6435f3e8dac8 a2=17 a3=7fff15bb9a94 items=1 ppid=1488 pid=1599 auid=1000 uid=0 gid=0 euid=0 suid=0 fsuid=0 egid=0 sgid=0 fsgid=0 tty=pts1 ses=3 comm="systemctl" exe="/usr/bin/systemctl" subj=unconfined key="T1043_Commonly_Used_Port"ARCH=x86_64 SYSCALL=connect AUID="vboxuser" UID="root" GID="root" EUID="root" SUID="root" FSUID="root" EGID="root" SGID="root" FSGID="root"
type=SOCKADDR msg=audit(1768180311.705:2147): saddr=01002F72756E2F73797374656D642F7072697661746500SADDR={ saddr_fam=local path=/run/systemd/private }
type=PATH msg=audit(1768180311.705:2147): item=0 name="/run/systemd/private" inode=440 dev=00:18 mode=0140700 ouid=0 ogid=0 rdev=00:00 nametype=NORMAL cap_fp=0 cap_fi=0 cap_fe=0 cap_fver=0 cap_frootid=0OUID="root" OGID="root"
type=PROCTITLE msg=audit(1768180311.705:2147): proctitle=73797374656D63746C00737461747573007265646973
type=SYSCALL msg=audit(1768180329.655:2148): arch=c000003e syscall=59 success=yes exit=0 a0=565e7c751d10 a1=565e7c751b10 a2=565e7c60bcc0 a3=565e7c7509a0 items=2 ppid=1488 pid=1600 auid=1000 uid=0 gid=0 euid=0 suid=0 fsuid=0 egid=0 sgid=0 fsgid=0 tty=pts1 ses=3 comm="tail" exe="/usr/bin/tail" subj=unconfined key="T1078_Valid_Accounts"ARCH=x86_64 SYSCALL=execve AUID="vboxuser" UID="root" GID="root" EUID="root" SUID="root" FSUID="root" EGID="root" SGID="root" FSGID="root"
type=EXECVE msg=audit(1768180329.655:2148): argc=4 a0="tail" a1="-c" a2="+10414903" a3="/var/www/nextcloud/data/nextcloud.log"
type=PATH msg=audit(1768180329.655:2148): item=0 name="/usr/bin/tail" inode=1442904 dev=08:02 mode=0100755 ouid=0 ogid=0 rdev=00:00 nametype=NORMAL cap_fp=0 cap_fi=0 cap_fe=0 cap_fver=0 cap_frootid=0OUID="root" OGID="root"
type=PATH msg=audit(1768180329.655:2148): item=1 name="/lib64/ld-linux-x86-64.so.2" inode=1481429 dev=08:02 mode=0100755 ouid=0 ogid=0 rdev=00:00 nametype=NORMAL cap_fp=0 cap_fi=0 cap_fe=0 cap_fver=0 cap_frootid=0OUID="root" OGID="root"
type=PROCTITLE msg=audit(1768180329.655:2148): proctitle=7461696C002D63002B3130343134393033002F7661722F7777772F6E657874636C6F75642F646174612F6E657874636C6F75642E6C6F67
type=SYSCALL msg=audit(1768180329.720:2149): arch=c000003e syscall=59 success=yes exit=0 a0=565e7c752380 a1=565e7c751c70 a2=565e7c60bcc0 a3=565e7c7524e0 items=2 ppid=1488 pid=1601 auid=1000 uid=0 gid=0 euid=0 suid=0 fsuid=0 egid=0 sgid=0 fsgid=0 tty=pts1 ses=3 comm="tail" exe="/usr/bin/tail" subj=unconfined key="T1078_Valid_Accounts"ARCH=x86_64 SYSCALL=execve AUID="vboxuser" UID="root" GID="root" EUID="root" SUID="root" FSUID="root" EGID="root" SGID="root" FSGID="root"
type=EXECVE msg=audit(1768180329.720:2149): argc=4 a0="tail" a1="-c" a2="+24338" a3="/var/log/syslog"
type=PATH msg=audit(1768180329.720:2149): item=0 name="/usr/bin/tail" inode=1442904 dev=08:02 mode=0100755 ouid=0 ogid=0 rdev=00:00 nametype=NORMAL cap_fp=0 cap_fi=0 cap_fe=0 cap_fver=0 cap_frootid=0OUID="root" OGID="root"
type=PATH msg=audit(1768180329.720:2149): item=1 name="/lib64/ld-linux-x86-64.so.2" inode=1481429 dev=08:02 mode=0100755 ouid=0 ogid=0 rdev=00:00 nametype=NORMAL cap_fp=0 cap_fi=0 cap_fe=0 cap_fver=0 cap_frootid=0OUID="root" OGID="root"
type=PROCTITLE msg=audit(1768180329.720:2149): proctitle=7461696C002D63002B3234333338002F7661722F6C6F672F7379736C6F67
type=SYSCALL msg=audit(1768180329.787:2150): arch=c000003e syscall=59 success=yes exit=0 a0=565e7c751f10 a1=565e7c751c70 a2=565e7c60bcc0 a3=565e7c752580 items=2 ppid=1488 pid=1602 auid=1000 uid=0 gid=0 euid=0 suid=0 fsuid=0 egid=0 sgid=0 fsgid=0 tty=pts1 ses=3 comm="tail" exe="/usr/bin/tail" subj=unconfined key="T1078_Valid_Accounts"ARCH=x86_64 SYSCALL=execve AUID="vboxuser" UID="root" GID="root" EUID="root" SUID="root" FSUID="root" EGID="root" SGID="root" FSGID="root"
type=EXECVE msg=audit(1768180329.787:2150): argc=4 a0="tail" a1="-c" a2="+4246" a3="/var/log/auth.log"
type=PATH msg=audit(1768180329.787:2150): item=0 name="/usr/bin/tail" inode=1442904 dev=08:02 mode=0100755 ouid=0 ogid=0 rdev=00:00 nametype=NORMAL cap_fp=0 cap_fi=0 cap_fe=0 cap_fver=0 cap_frootid=0OUID="root" OGID="root"
type=PATH msg=audit(1768180329.787:2150): item=1 name="/lib64/ld-linux-x86-64.so.2" inode=1481429 dev=08:02 mode=0100755 ouid=0 ogid=0 rdev=00:00 nametype=NORMAL cap_fp=0 cap_fi=0 cap_fe=0 cap_fver=0 cap_frootid=0OUID="root" OGID="root"
type=PROCTITLE msg=audit(1768180329.787:2150): proctitle=7461696C002D63002B34323436002F7661722F6C6F672F617574682E6C6F67
type=SYSCALL msg=audit(1768180329.858:2151): arch=c000003e syscall=59 success=yes exit=0 a0=565e7c7523a0 a1=565e7c751b10 a2=565e7c60bcc0 a3=565e7c7525c0 items=2 ppid=1488 pid=1603 auid=1000 uid=0 gid=0 euid=0 suid=0 fsuid=0 egid=0 sgid=0 fsgid=0 tty=pts1 ses=3 comm="tail" exe="/usr/bin/tail" subj=unconfined key="T1078_Valid_Accounts"ARCH=x86_64 SYSCALL=execve AUID="vboxuser" UID="root" GID="root" EUID="root" SUID="root" FSUID="root" EGID="root" SGID="root" FSGID="root"
type=EXECVE msg=audit(1768180329.858:2151): argc=4 a0="tail" a1="-c" a2="+150178845" a3="/var/log/audit/audit.log"
type=PATH msg=audit(1768180329.858:2151): item=0 name="/usr/bin/tail" inode=1442904 dev=08:02 mode=0100755 ouid=0 ogid=0 rdev=00:00 nametype=NORMAL cap_fp=0 cap_fi=0 cap_fe=0 cap_fver=0 cap_frootid=0OUID="root" OGID="root"
type=PATH msg=audit(1768180329.858:2151): item=1 name="/lib64/ld-linux-x86-64.so.2" inode=1481429 dev=08:02 mode=0100755 ouid=0 ogid=0 rdev=00:00 nametype=NORMAL cap_fp=0 cap_fi=0 cap_fe=0 cap_fver=0 cap_frootid=0OUID="root" OGID="root"
type=PROCTITLE msg=audit(1768180329.858:2151): proctitle=7461696C002D63002B313530313738383435002F7661722F6C6F672F61756469742F61756469742E6C6F67
type=SYSCALL msg=audit(1768180329.865:2152): arch=c000003e syscall=257 success=yes exit=3 a0=ffffff9c a1=7ffd9dacd6c3 a2=0 a3=0 items=1 ppid=1488 pid=1603 auid=1000 uid=0 gid=0 euid=0 suid=0 fsuid=0 egid=0 sgid=0 fsgid=0 tty=pts1 ses=3 comm="tail" exe="/usr/bin/tail" subj=unconfined key="auditlog"ARCH=x86_64 SYSCALL=openat AUID="vboxuser" UID="root" GID="root" EUID="root" SUID="root" FSUID="root" EGID="root" SGID="root" FSGID="root"
type=PATH msg=audit(1768180329.865:2152): item=0 name="/var/log/audit/audit.log" inode=659339 dev=08:02 mode=0100640 ouid=0 ogid=4 rdev=00:00 nametype=NORMAL cap_fp=0 cap_fi=0 cap_fe=0 cap_fver=0 cap_frootid=0OUID="root" OGID="adm"
type=PROCTITLE msg=audit(1768180329.865:2152): proctitle=7461696C002D63002B313530313738383435002F7661722F6C6F672F61756469742F61756469742E6C6F67