type=SYSCALL msg=audit(1772113786.528:1861): arch=c000003e syscall=42 success=yes exit=0 a0=10 a1=7ffcf1fa55c0 a2=1d a3=1 items=1 ppid=854 pid=1350 auid=4294967295 uid=33 gid=33 euid=33 suid=33 fsuid=33 egid=33 sgid=33 fsgid=33 tty=(none) ses=4294967295 comm="apache2" exe="/usr/sbin/apache2" subj=unconfined key="T1043_Commonly_Used_Port"ARCH=x86_64 SYSCALL=connect AUID="unset" UID="www-data" GID="www-data" EUID="www-data" SUID="www-data" FSUID="www-data" EGID="www-data" SGID="www-data" FSGID="www-data"
type=SOCKADDR msg=audit(1772113786.528:1861): saddr=01002F7661722F72756E2F6D7973716C642F6D7973716C642E736F636BSADDR={ saddr_fam=local path=/var/run/mysqld/mysqld.sock }
type=PATH msg=audit(1772113786.528:1861): item=0 name="/var/run/mysqld/mysqld.sock" inode=1370 dev=00:18 mode=0140777 ouid=111 ogid=111 rdev=00:00 nametype=NORMAL cap_fp=0 cap_fi=0 cap_fe=0 cap_fver=0 cap_frootid=0OUID="mysql" OGID="mysql"
type=PROCTITLE msg=audit(1772113786.528:1861): proctitle=2F7573722F7362696E2F61706163686532002D6B007374617274
type=SYSCALL msg=audit(1772113823.133:1862): arch=c000003e syscall=42 success=yes exit=0 a0=10 a1=7ffcf1fa55c0 a2=1d a3=1 items=1 ppid=854 pid=1351 auid=4294967295 uid=33 gid=33 euid=33 suid=33 fsuid=33 egid=33 sgid=33 fsgid=33 tty=(none) ses=4294967295 comm="apache2" exe="/usr/sbin/apache2" subj=unconfined key="T1043_Commonly_Used_Port"ARCH=x86_64 SYSCALL=connect AUID="unset" UID="www-data" GID="www-data" EUID="www-data" SUID="www-data" FSUID="www-data" EGID="www-data" SGID="www-data" FSGID="www-data"
type=SOCKADDR msg=audit(1772113823.133:1862): saddr=01002F7661722F72756E2F6D7973716C642F6D7973716C642E736F636BSADDR={ saddr_fam=local path=/var/run/mysqld/mysqld.sock }
type=PATH msg=audit(1772113823.133:1862): item=0 name="/var/run/mysqld/mysqld.sock" inode=1370 dev=00:18 mode=0140777 ouid=111 ogid=111 rdev=00:00 nametype=NORMAL cap_fp=0 cap_fi=0 cap_fe=0 cap_fver=0 cap_frootid=0OUID="mysql" OGID="mysql"
type=PROCTITLE msg=audit(1772113823.133:1862): proctitle=2F7573722F7362696E2F61706163686532002D6B007374617274
type=SYSCALL msg=audit(1772113823.144:1863): arch=c000003e syscall=59 success=yes exit=0 a0=7ffe6f2b4e50 a1=7ffe6f2b4e70 a2=7ffe6f2b5978 a3=8 items=2 ppid=1 pid=1456 auid=4294967295 uid=0 gid=0 euid=0 suid=0 fsuid=0 egid=0 sgid=0 fsgid=0 tty=(none) ses=4294967295 comm="9" exe="/usr/lib/systemd/systemd-executor" subj=unconfined key="T1078_Valid_Accounts"ARCH=x86_64 SYSCALL=execve AUID="unset" UID="root" GID="root" EUID="root" SUID="root" FSUID="root" EGID="root" SGID="root" FSGID="root"
type=EXECVE msg=audit(1772113823.144:1863): argc=7 a0="/usr/lib/systemd/systemd-executor" a1="--deserialize" a2="96" a3="--log-level" a4="info" a5="--log-target" a6="journal-or-kmsg"
type=PATH msg=audit(1772113823.144:1863): item=0 name="/proc/self/fd/9" inode=1463834 dev=08:02 mode=0100755 ouid=0 ogid=0 rdev=00:00 nametype=NORMAL cap_fp=0 cap_fi=0 cap_fe=0 cap_fver=0 cap_frootid=0OUID="root" OGID="root"
type=PATH msg=audit(1772113823.144:1863): item=1 name="/lib64/ld-linux-x86-64.so.2" inode=1481429 dev=08:02 mode=0100755 ouid=0 ogid=0 rdev=00:00 nametype=NORMAL cap_fp=0 cap_fi=0 cap_fe=0 cap_fver=0 cap_frootid=0OUID="root" OGID="root"
type=PROCTITLE msg=audit(1772113823.144:1863): proctitle=2F7573722F6C69622F73797374656D642F73797374656D642D6578656375746F72002D2D646573657269616C697A65003936002D2D6C6F672D6C6576656C00696E666F002D2D6C6F672D746172676574006A6F75726E616C2D6F722D6B6D7367
type=SYSCALL msg=audit(1772113823.172:1864): arch=c000003e syscall=42 success=yes exit=0 a0=4 a1=7fff063bb1c0 a2=1e a3=7fff063bb270 items=1 ppid=1 pid=1456 auid=4294967295 uid=0 gid=0 euid=0 suid=0 fsuid=0 egid=0 sgid=0 fsgid=0 tty=(none) ses=4294967295 comm="9" exe="/usr/lib/systemd/systemd-executor" subj=unconfined key="T1043_Commonly_Used_Port"ARCH=x86_64 SYSCALL=connect AUID="unset" UID="root" GID="root" EUID="root" SUID="root" FSUID="root" EGID="root" SGID="root" FSGID="root"
type=SOCKADDR msg=audit(1772113823.172:1864): saddr=01002F72756E2F73797374656D642F6A6F75726E616C2F736F636B657400SADDR={ saddr_fam=local path=/run/systemd/journal/socket }
type=PATH msg=audit(1772113823.172:1864): item=0 name="/run/systemd/journal/socket" inode=455 dev=00:18 mode=0140666 ouid=0 ogid=0 rdev=00:00 nametype=NORMAL cap_fp=0 cap_fi=0 cap_fe=0 cap_fver=0 cap_frootid=0OUID="root" OGID="root"
type=PROCTITLE msg=audit(1772113823.172:1864): proctitle=2F7573722F6C69622F73797374656D642F73797374656D642D6578656375746F72002D2D646573657269616C697A65003936002D2D6C6F672D6C6576656C00696E666F002D2D6C6F672D746172676574006A6F75726E616C2D6F722D6B6D7367
type=SYSCALL msg=audit(1772113823.624:1865): arch=c000003e syscall=42 success=yes exit=0 a0=3 a1=7fff063bad40 a2=1e a3=fffffff7 items=1 ppid=1 pid=1456 auid=4294967295 uid=0 gid=0 euid=0 suid=0 fsuid=0 egid=0 sgid=0 fsgid=0 tty=(none) ses=4294967295 comm="(sa1)" exe="/usr/lib/systemd/systemd-executor" subj=unconfined key="T1043_Commonly_Used_Port"ARCH=x86_64 SYSCALL=connect AUID="unset" UID="root" GID="root" EUID="root" SUID="root" FSUID="root" EGID="root" SGID="root" FSGID="root"
type=SOCKADDR msg=audit(1772113823.624:1865): saddr=01002F72756E2F73797374656D642F6A6F75726E616C2F7374646F757400SADDR={ saddr_fam=local path=/run/systemd/journal/stdout }
type=PATH msg=audit(1772113823.624:1865): item=0 name="/run/systemd/journal/stdout" inode=456 dev=00:18 mode=0140666 ouid=0 ogid=0 rdev=00:00 nametype=NORMAL cap_fp=0 cap_fi=0 cap_fe=0 cap_fver=0 cap_frootid=0OUID="root" OGID="root"
type=PROCTITLE msg=audit(1772113823.624:1865): proctitle=2F7573722F6C69622F73797374656D642F73797374656D642D6578656375746F72002D2D646573657269616C697A65003936002D2D6C6F672D6C6576656C00696E666F002D2D6C6F672D746172676574006A6F75726E616C2D6F722D6B6D7367
type=SYSCALL msg=audit(1772113823.625:1866): arch=c000003e syscall=59 success=yes exit=0 a0=5ad071e0e0c0 a1=5ad071e0e1c0 a2=5ad071e0d4b0 a3=5ad071e0e990 items=3 ppid=1 pid=1456 auid=4294967295 uid=0 gid=0 euid=0 suid=0 fsuid=0 egid=0 sgid=0 fsgid=0 tty=(none) ses=4294967295 comm="sa1" exe="/usr/bin/dash" subj=unconfined key="T1078_Valid_Accounts"ARCH=x86_64 SYSCALL=execve AUID="unset" UID="root" GID="root" EUID="root" SUID="root" FSUID="root" EGID="root" SGID="root" FSGID="root"
type=EXECVE msg=audit(1772113823.625:1866): argc=4 a0="/bin/sh" a1="/usr/lib/sysstat/sa1" a2="1" a3="1"
type=PATH msg=audit(1772113823.625:1866): item=0 name="/usr/lib/sysstat/sa1" inode=1456137 dev=08:02 mode=0100755 ouid=0 ogid=0 rdev=00:00 nametype=NORMAL cap_fp=0 cap_fi=0 cap_fe=0 cap_fver=0 cap_frootid=0OUID="root" OGID="root"
type=PATH msg=audit(1772113823.625:1866): item=1 name="/bin/sh" inode=1442345 dev=08:02 mode=0100755 ouid=0 ogid=0 rdev=00:00 nametype=NORMAL cap_fp=0 cap_fi=0 cap_fe=0 cap_fver=0 cap_frootid=0OUID="root" OGID="root"
type=PATH msg=audit(1772113823.625:1866): item=2 name="/lib64/ld-linux-x86-64.so.2" inode=1481429 dev=08:02 mode=0100755 ouid=0 ogid=0 rdev=00:00 nametype=NORMAL cap_fp=0 cap_fi=0 cap_fe=0 cap_fver=0 cap_frootid=0OUID="root" OGID="root"
type=PROCTITLE msg=audit(1772113823.625:1866): proctitle=2F7573722F6C69622F73797374656D642F73797374656D642D6578656375746F72002D2D646573657269616C697A65003936002D2D6C6F672D6C6576656C00696E666F002D2D6C6F672D746172676574006A6F75726E616C2D6F722D6B6D7367
type=SYSCALL msg=audit(1772113823.653:1867): arch=c000003e syscall=59 success=yes exit=0 a0=615701749148 a1=615701749228 a2=615701749270 a3=0 items=2 ppid=1 pid=1456 auid=4294967295 uid=0 gid=0 euid=0 suid=0 fsuid=0 egid=0 sgid=0 fsgid=0 tty=(none) ses=4294967295 comm="sadc" exe="/usr/lib/sysstat/sadc" subj=unconfined key="T1078_Valid_Accounts"ARCH=x86_64 SYSCALL=execve AUID="unset" UID="root" GID="root" EUID="root" SUID="root" FSUID="root" EGID="root" SGID="root" FSGID="root"
type=EXECVE msg=audit(1772113823.653:1867): argc=8 a0="/usr/lib/sysstat/sadc" a1="-F" a2="-L" a3="-S" a4="DISK" a5="1" a6="1" a7="/var/log/sysstat"
type=PATH msg=audit(1772113823.653:1867): item=0 name="/usr/lib/sysstat/sadc" inode=1456139 dev=08:02 mode=0100755 ouid=0 ogid=0 rdev=00:00 nametype=NORMAL cap_fp=0 cap_fi=0 cap_fe=0 cap_fver=0 cap_frootid=0OUID="root" OGID="root"
type=PATH msg=audit(1772113823.653:1867): item=1 name="/lib64/ld-linux-x86-64.so.2" inode=1481429 dev=08:02 mode=0100755 ouid=0 ogid=0 rdev=00:00 nametype=NORMAL cap_fp=0 cap_fi=0 cap_fe=0 cap_fver=0 cap_frootid=0OUID="root" OGID="root"
type=PROCTITLE msg=audit(1772113823.653:1867): proctitle=2F7573722F6C69622F73797374656D642F73797374656D642D6578656375746F72002D2D646573657269616C697A65003936002D2D6C6F672D6C6576656C00696E666F002D2D6C6F672D746172676574006A6F75726E616C2D6F722D6B6D7367
type=SERVICE_START msg=audit(1772113823.687:1868): pid=1 uid=0 auid=4294967295 ses=4294967295 subj=unconfined msg='unit=sysstat-collect comm="systemd" exe="/usr/lib/systemd/systemd" hostname=? addr=? terminal=? res=success'UID="root" AUID="unset"
type=SERVICE_STOP msg=audit(1772113823.688:1869): pid=1 uid=0 auid=4294967295 ses=4294967295 subj=unconfined msg='unit=sysstat-collect comm="systemd" exe="/usr/lib/systemd/systemd" hostname=? addr=? terminal=? res=success'UID="root" AUID="unset"
type=SYSCALL msg=audit(1772113848.620:1870): arch=c000003e syscall=59 success=yes exit=0 a0=5fd7dab000c0 a1=5fd7daaffd60 a2=5fd7daa86960 a3=8 items=2 ppid=1183 pid=1462 auid=1000 uid=0 gid=0 euid=0 suid=0 fsuid=0 egid=0 sgid=0 fsgid=0 tty=pts1 ses=1 comm="grep" exe="/usr/bin/grep" subj=unconfined key="T1078_Valid_Accounts"ARCH=x86_64 SYSCALL=execve AUID="vboxuser" UID="root" GID="root" EUID="root" SUID="root" FSUID="root" EGID="root" SGID="root" FSGID="root"
type=EXECVE msg=audit(1772113848.620:1870): argc=3 a0="grep" a1="-q" a2="function"
type=PATH msg=audit(1772113848.620:1870): item=0 name="/usr/bin/grep" inode=1442450 dev=08:02 mode=0100755 ouid=0 ogid=0 rdev=00:00 nametype=NORMAL cap_fp=0 cap_fi=0 cap_fe=0 cap_fver=0 cap_frootid=0OUID="root" OGID="root"
type=PATH msg=audit(1772113848.620:1870): item=1 name="/lib64/ld-linux-x86-64.so.2" inode=1481429 dev=08:02 mode=0100755 ouid=0 ogid=0 rdev=00:00 nametype=NORMAL cap_fp=0 cap_fi=0 cap_fe=0 cap_fver=0 cap_frootid=0OUID="root" OGID="root"
type=PROCTITLE msg=audit(1772113848.620:1870): proctitle=67726570002D710066756E6374696F6E
type=SYSCALL msg=audit(1772113861.492:1871): arch=c000003e syscall=59 success=yes exit=0 a0=5fd7daafb4d0 a1=5fd7daaa0020 a2=5fd7daa86960 a3=5fd7daafaf50 items=2 ppid=1183 pid=1575 auid=1000 uid=0 gid=0 euid=0 suid=0 fsuid=0 egid=0 sgid=0 fsgid=0 tty=pts1 ses=1 comm="vi" exe="/usr/bin/vim.basic" subj=unconfined key="T1078_Valid_Accounts"ARCH=x86_64 SYSCALL=execve AUID="vboxuser" UID="root" GID="root" EUID="root" SUID="root" FSUID="root" EGID="root" SGID="root" FSGID="root"
type=EXECVE msg=audit(1772113861.492:1871): argc=2 a0="vi" a1="/var/www/wordpress/wp-config.php"
type=PATH msg=audit(1772113861.492:1871): item=0 name="/usr/bin/vi" inode=1483710 dev=08:02 mode=0100755 ouid=0 ogid=0 rdev=00:00 nametype=NORMAL cap_fp=0 cap_fi=0 cap_fe=0 cap_fver=0 cap_frootid=0OUID="root" OGID="root"
type=PATH msg=audit(1772113861.492:1871): item=1 name="/lib64/ld-linux-x86-64.so.2" inode=1481429 dev=08:02 mode=0100755 ouid=0 ogid=0 rdev=00:00 nametype=NORMAL cap_fp=0 cap_fi=0 cap_fe=0 cap_fver=0 cap_frootid=0OUID="root" OGID="root"
type=PROCTITLE msg=audit(1772113861.492:1871): proctitle=7669002F7661722F7777772F776F726470726573732F77702D636F6E6669672E706870
type=SYSCALL msg=audit(1772113862.016:1872): arch=c000003e syscall=87 success=yes exit=0 a0=617db7dcece0 a1=7ffcaa42ec10 a2=5 a3=180 items=2 ppid=1183 pid=1575 auid=1000 uid=0 gid=0 euid=0 suid=0 fsuid=0 egid=0 sgid=0 fsgid=0 tty=pts1 ses=1 comm="vi" exe="/usr/bin/vim.basic" subj=unconfined key="T1107_File_Deletion"ARCH=x86_64 SYSCALL=unlink AUID="vboxuser" UID="root" GID="root" EUID="root" SUID="root" FSUID="root" EGID="root" SGID="root" FSGID="root"
type=PATH msg=audit(1772113862.016:1872): item=0 name="/var/www/wordpress/" inode=826621 dev=08:02 mode=040755 ouid=33 ogid=33 rdev=00:00 nametype=PARENT cap_fp=0 cap_fi=0 cap_fe=0 cap_fver=0 cap_frootid=0OUID="www-data" OGID="www-data"
type=PATH msg=audit(1772113862.016:1872): item=1 name="/var/www/wordpress/.wp-config.php.swx" inode=826595 dev=08:02 mode=0100600 ouid=0 ogid=0 rdev=00:00 nametype=DELETE cap_fp=0 cap_fi=0 cap_fe=0 cap_fver=0 cap_frootid=0OUID="root" OGID="root"
type=PROCTITLE msg=audit(1772113862.016:1872): proctitle=7669002F7661722F7777772F776F726470726573732F77702D636F6E6669672E706870
type=SYSCALL msg=audit(1772113862.017:1873): arch=c000003e syscall=87 success=yes exit=0 a0=617db78d1670 a1=7ffcaa42ec10 a2=5 a3=180 items=2 ppid=1183 pid=1575 auid=1000 uid=0 gid=0 euid=0 suid=0 fsuid=0 egid=0 sgid=0 fsgid=0 tty=pts1 ses=1 comm="vi" exe="/usr/bin/vim.basic" subj=unconfined key="T1107_File_Deletion"ARCH=x86_64 SYSCALL=unlink AUID="vboxuser" UID="root" GID="root" EUID="root" SUID="root" FSUID="root" EGID="root" SGID="root" FSGID="root"
type=PATH msg=audit(1772113862.017:1873): item=0 name="/var/www/wordpress/" inode=826621 dev=08:02 mode=040755 ouid=33 ogid=33 rdev=00:00 nametype=PARENT cap_fp=0 cap_fi=0 cap_fe=0 cap_fver=0 cap_frootid=0OUID="www-data" OGID="www-data"
type=PATH msg=audit(1772113862.017:1873): item=1 name="/var/www/wordpress/.wp-config.php.swp" inode=826593 dev=08:02 mode=0100600 ouid=0 ogid=0 rdev=00:00 nametype=DELETE cap_fp=0 cap_fi=0 cap_fe=0 cap_fver=0 cap_frootid=0OUID="root" OGID="root"
type=PROCTITLE msg=audit(1772113862.017:1873): proctitle=7669002F7661722F7777772F776F726470726573732F77702D636F6E6669672E706870
type=SYSCALL msg=audit(1772113862.020:1874): arch=c000003e syscall=90 success=yes exit=0 a0=617db78d1670 a1=1a4 a2=0 a3=617d860dac60 items=1 ppid=1183 pid=1575 auid=1000 uid=0 gid=0 euid=0 suid=0 fsuid=0 egid=0 sgid=0 fsgid=0 tty=pts1 ses=1 comm="vi" exe="/usr/bin/vim.basic" subj=unconfined key="T1166_Seuid_and_Setgid"ARCH=x86_64 SYSCALL=chmod AUID="vboxuser" UID="root" GID="root" EUID="root" SUID="root" FSUID="root" EGID="root" SGID="root" FSGID="root"
type=PATH msg=audit(1772113862.020:1874): item=0 name="/var/www/wordpress/.wp-config.php.swp" inode=826593 dev=08:02 mode=0100600 ouid=0 ogid=0 rdev=00:00 nametype=NORMAL cap_fp=0 cap_fi=0 cap_fe=0 cap_fver=0 cap_frootid=0OUID="root" OGID="root"
type=PROCTITLE msg=audit(1772113862.020:1874): proctitle=7669002F7661722F7777772F776F726470726573732F77702D636F6E6669672E706870
type=SYSCALL msg=audit(1772113873.356:1875): arch=c000003e syscall=87 success=yes exit=0 a0=617db7ccc350 a1=617db7ccc350 a2=7ffcaa42da90 a3=0 items=2 ppid=1183 pid=1575 auid=1000 uid=0 gid=0 euid=0 suid=0 fsuid=0 egid=0 sgid=0 fsgid=0 tty=pts1 ses=1 comm="vi" exe="/usr/bin/vim.basic" subj=unconfined key="T1107_File_Deletion"ARCH=x86_64 SYSCALL=unlink AUID="vboxuser" UID="root" GID="root" EUID="root" SUID="root" FSUID="root" EGID="root" SGID="root" FSGID="root"
type=PATH msg=audit(1772113873.356:1875): item=0 name="/root/" inode=1048578 dev=08:02 mode=040700 ouid=0 ogid=0 rdev=00:00 nametype=PARENT cap_fp=0 cap_fi=0 cap_fe=0 cap_fver=0 cap_frootid=0OUID="root" OGID="root"
type=PATH msg=audit(1772113873.356:1875): item=1 name="/root/.viminfo" inode=1051137 dev=08:02 mode=0100600 ouid=0 ogid=0 rdev=00:00 nametype=DELETE cap_fp=0 cap_fi=0 cap_fe=0 cap_fver=0 cap_frootid=0OUID="root" OGID="root"
type=PROCTITLE msg=audit(1772113873.356:1875): proctitle=7669002F7661722F7777772F776F726470726573732F77702D636F6E6669672E706870
type=SYSCALL msg=audit(1772113873.356:1876): arch=c000003e syscall=82 success=yes exit=0 a0=617db7dc5d30 a1=617db7ccc350 a2=7ffcaa42da90 a3=0 items=4 ppid=1183 pid=1575 auid=1000 uid=0 gid=0 euid=0 suid=0 fsuid=0 egid=0 sgid=0 fsgid=0 tty=pts1 ses=1 comm="vi" exe="/usr/bin/vim.basic" subj=unconfined key="T1107_File_Deletion"ARCH=x86_64 SYSCALL=rename AUID="vboxuser" UID="root" GID="root" EUID="root" SUID="root" FSUID="root" EGID="root" SGID="root" FSGID="root"
type=PATH msg=audit(1772113873.356:1876): item=0 name="/root/" inode=1048578 dev=08:02 mode=040700 ouid=0 ogid=0 rdev=00:00 nametype=PARENT cap_fp=0 cap_fi=0 cap_fe=0 cap_fver=0 cap_frootid=0OUID="root" OGID="root"
type=PATH msg=audit(1772113873.356:1876): item=1 name="/root/" inode=1048578 dev=08:02 mode=040700 ouid=0 ogid=0 rdev=00:00 nametype=PARENT cap_fp=0 cap_fi=0 cap_fe=0 cap_fver=0 cap_frootid=0OUID="root" OGID="root"
type=PATH msg=audit(1772113873.356:1876): item=2 name="/root/.viminfo.tmp" inode=1051134 dev=08:02 mode=0100600 ouid=0 ogid=0 rdev=00:00 nametype=DELETE cap_fp=0 cap_fi=0 cap_fe=0 cap_fver=0 cap_frootid=0OUID="root" OGID="root"
type=PATH msg=audit(1772113873.356:1876): item=3 name="/root/.viminfo" inode=1051134 dev=08:02 mode=0100600 ouid=0 ogid=0 rdev=00:00 nametype=CREATE cap_fp=0 cap_fi=0 cap_fe=0 cap_fver=0 cap_frootid=0OUID="root" OGID="root"
type=PROCTITLE msg=audit(1772113873.356:1876): proctitle=7669002F7661722F7777772F776F726470726573732F77702D636F6E6669672E706870
type=SYSCALL msg=audit(1772113873.360:1877): arch=c000003e syscall=87 success=yes exit=0 a0=617db7d747b0 a1=0 a2=0 a3=617d860dac60 items=2 ppid=1183 pid=1575 auid=1000 uid=0 gid=0 euid=0 suid=0 fsuid=0 egid=0 sgid=0 fsgid=0 tty=pts1 ses=1 comm="vi" exe="/usr/bin/vim.basic" subj=unconfined key="T1107_File_Deletion"ARCH=x86_64 SYSCALL=unlink AUID="vboxuser" UID="root" GID="root" EUID="root" SUID="root" FSUID="root" EGID="root" SGID="root" FSGID="root"
type=PATH msg=audit(1772113873.360:1877): item=0 name="/var/www/wordpress/" inode=826621 dev=08:02 mode=040755 ouid=33 ogid=33 rdev=00:00 nametype=PARENT cap_fp=0 cap_fi=0 cap_fe=0 cap_fver=0 cap_frootid=0OUID="www-data" OGID="www-data"
type=PATH msg=audit(1772113873.360:1877): item=1 name="/var/www/wordpress/.wp-config.php.swp" inode=826593 dev=08:02 mode=0100644 ouid=0 ogid=0 rdev=00:00 nametype=DELETE cap_fp=0 cap_fi=0 cap_fe=0 cap_fver=0 cap_frootid=0OUID="root" OGID="root"
type=PROCTITLE msg=audit(1772113873.360:1877): proctitle=7669002F7661722F7777772F776F726470726573732F77702D636F6E6669672E706870
type=SYSCALL msg=audit(1772113882.894:1878): arch=c000003e syscall=59 success=yes exit=0 a0=5fd7daaf1ad0 a1=5fd7daaf3210 a2=5fd7daa86960 a3=5fd7daaf93d0 items=2 ppid=1183 pid=1578 auid=1000 uid=0 gid=0 euid=0 suid=0 fsuid=0 egid=0 sgid=0 fsgid=0 tty=pts1 ses=1 comm="less" exe="/usr/bin/less" subj=unconfined key="T1078_Valid_Accounts"ARCH=x86_64 SYSCALL=execve AUID="vboxuser" UID="root" GID="root" EUID="root" SUID="root" FSUID="root" EGID="root" SGID="root" FSGID="root"
type=EXECVE msg=audit(1772113882.894:1878): argc=2 a0="less" a1="/var/www/wordpress/wp-config.php"
type=PATH msg=audit(1772113882.894:1878): item=0 name="/usr/bin/less" inode=1442509 dev=08:02 mode=0100755 ouid=0 ogid=0 rdev=00:00 nametype=NORMAL cap_fp=0 cap_fi=0 cap_fe=0 cap_fver=0 cap_frootid=0OUID="root" OGID="root"
type=PATH msg=audit(1772113882.894:1878): item=1 name="/lib64/ld-linux-x86-64.so.2" inode=1481429 dev=08:02 mode=0100755 ouid=0 ogid=0 rdev=00:00 nametype=NORMAL cap_fp=0 cap_fi=0 cap_fe=0 cap_fver=0 cap_frootid=0OUID="root" OGID="root"
type=PROCTITLE msg=audit(1772113882.894:1878): proctitle=6C657373002F7661722F7777772F776F726470726573732F77702D636F6E6669672E706870
type=SYSCALL msg=audit(1772113882.922:1879): arch=c000003e syscall=59 success=yes exit=0 a0=78ed939cb42f a1=7ffcab5760a0 a2=7ffcab576610 a3=8 items=2 ppid=1578 pid=1579 auid=1000 uid=0 gid=0 euid=0 suid=0 fsuid=0 egid=0 sgid=0 fsgid=0 tty=pts1 ses=1 comm="sh" exe="/usr/bin/dash" subj=unconfined key="T1078_Valid_Accounts"ARCH=x86_64 SYSCALL=execve AUID="vboxuser" UID="root" GID="root" EUID="root" SUID="root" FSUID="root" EGID="root" SGID="root" FSGID="root"
type=EXECVE msg=audit(1772113882.922:1879): argc=4 a0="sh" a1="-c" a2="--" a3=2F62696E2F62617368202D63205C202F7573722F62696E2F6C657373706970655C202F7661722F7777772F776F726470726573732F77702D636F6E6669672E706870
type=PATH msg=audit(1772113882.922:1879): item=0 name="/bin/sh" inode=1442345 dev=08:02 mode=0100755 ouid=0 ogid=0 rdev=00:00 nametype=NORMAL cap_fp=0 cap_fi=0 cap_fe=0 cap_fver=0 cap_frootid=0OUID="root" OGID="root"
type=PATH msg=audit(1772113882.922:1879): item=1 name="/lib64/ld-linux-x86-64.so.2" inode=1481429 dev=08:02 mode=0100755 ouid=0 ogid=0 rdev=00:00 nametype=NORMAL cap_fp=0 cap_fi=0 cap_fe=0 cap_fver=0 cap_frootid=0OUID="root" OGID="root"
type=PROCTITLE msg=audit(1772113882.922:1879): proctitle=7368002D63002D2D002F62696E2F62617368202D63205C202F7573722F62696E2F6C657373706970655C202F7661722F7777772F776F726470726573732F77702D636F6E6669672E706870
type=SYSCALL msg=audit(1772113882.929:1880): arch=c000003e syscall=59 success=yes exit=0 a0=57e251a165c0 a1=57e251a16648 a2=57e2816c07a8 a3=1 items=2 ppid=1579 pid=1580 auid=1000 uid=0 gid=0 euid=0 suid=0 fsuid=0 egid=0 sgid=0 fsgid=0 tty=pts1 ses=1 comm="bash" exe="/usr/bin/bash" subj=unconfined key="T1078_Valid_Accounts"ARCH=x86_64 SYSCALL=execve AUID="vboxuser" UID="root" GID="root" EUID="root" SUID="root" FSUID="root" EGID="root" SGID="root" FSGID="root"
type=EXECVE msg=audit(1772113882.929:1880): argc=3 a0="/bin/bash" a1="-c" a2=202F7573722F62696E2F6C65737370697065202F7661722F7777772F776F726470726573732F77702D636F6E6669672E706870
type=PATH msg=audit(1772113882.929:1880): item=0 name="/bin/bash" inode=1442260 dev=08:02 mode=0100755 ouid=0 ogid=0 rdev=00:00 nametype=NORMAL cap_fp=0 cap_fi=0 cap_fe=0 cap_fver=0 cap_frootid=0OUID="root" OGID="root"
type=PATH msg=audit(1772113882.929:1880): item=1 name="/lib64/ld-linux-x86-64.so.2" inode=1481429 dev=08:02 mode=0100755 ouid=0 ogid=0 rdev=00:00 nametype=NORMAL cap_fp=0 cap_fi=0 cap_fe=0 cap_fver=0 cap_frootid=0OUID="root" OGID="root"
type=PROCTITLE msg=audit(1772113882.929:1880): proctitle=2F62696E2F62617368002D6300202F7573722F62696E2F6C65737370697065202F7661722F7777772F776F726470726573732F77702D636F6E6669672E706870
type=SYSCALL msg=audit(1772113882.939:1881): arch=c000003e syscall=59 success=yes exit=0 a0=5fb5ca7b7570 a1=5fb5ca7b5b40 a2=5fb5ca7b4da0 a3=8 items=3 ppid=1579 pid=1580 auid=1000 uid=0 gid=0 euid=0 suid=0 fsuid=0 egid=0 sgid=0 fsgid=0 tty=pts1 ses=1 comm="lesspipe" exe="/usr/bin/dash" subj=unconfined key="T1078_Valid_Accounts"ARCH=x86_64 SYSCALL=execve AUID="vboxuser" UID="root" GID="root" EUID="root" SUID="root" FSUID="root" EGID="root" SGID="root" FSGID="root"
type=EXECVE msg=audit(1772113882.939:1881): argc=3 a0="/bin/sh" a1="/usr/bin/lesspipe" a2="/var/www/wordpress/wp-config.php"
type=PATH msg=audit(1772113882.939:1881): item=0 name="/usr/bin/lesspipe" inode=1442512 dev=08:02 mode=0100755 ouid=0 ogid=0 rdev=00:00 nametype=NORMAL cap_fp=0 cap_fi=0 cap_fe=0 cap_fver=0 cap_frootid=0OUID="root" OGID="root"
type=PATH msg=audit(1772113882.939:1881): item=1 name="/bin/sh" inode=1442345 dev=08:02 mode=0100755 ouid=0 ogid=0 rdev=00:00 nametype=NORMAL cap_fp=0 cap_fi=0 cap_fe=0 cap_fver=0 cap_frootid=0OUID="root" OGID="root"
type=PATH msg=audit(1772113882.939:1881): item=2 name="/lib64/ld-linux-x86-64.so.2" inode=1481429 dev=08:02 mode=0100755 ouid=0 ogid=0 rdev=00:00 nametype=NORMAL cap_fp=0 cap_fi=0 cap_fe=0 cap_fver=0 cap_frootid=0OUID="root" OGID="root"
type=PROCTITLE msg=audit(1772113882.939:1881): proctitle=2F62696E2F62617368002D6300202F7573722F62696E2F6C65737370697065202F7661722F7777772F776F726470726573732F77702D636F6E6669672E706870
type=SYSCALL msg=audit(1772113882.949:1882): arch=c000003e syscall=59 success=yes exit=0 a0=5d1237dbd918 a1=5d1205030600 a2=5d1237dbd878 a3=1 items=2 ppid=1580 pid=1581 auid=1000 uid=0 gid=0 euid=0 suid=0 fsuid=0 egid=0 sgid=0 fsgid=0 tty=pts1 ses=1 comm="basename" exe="/usr/bin/basename" subj=unconfined key="T1078_Valid_Accounts"ARCH=x86_64 SYSCALL=execve AUID="vboxuser" UID="root" GID="root" EUID="root" SUID="root" FSUID="root" EGID="root" SGID="root" FSGID="root"
type=EXECVE msg=audit(1772113882.949:1882): argc=2 a0="basename" a1="/usr/bin/lesspipe"
type=PATH msg=audit(1772113882.949:1882): item=0 name="/usr/bin/basename" inode=1442258 dev=08:02 mode=0100755 ouid=0 ogid=0 rdev=00:00 nametype=NORMAL cap_fp=0 cap_fi=0 cap_fe=0 cap_fver=0 cap_frootid=0OUID="root" OGID="root"
type=PATH msg=audit(1772113882.949:1882): item=1 name="/lib64/ld-linux-x86-64.so.2" inode=1481429 dev=08:02 mode=0100755 ouid=0 ogid=0 rdev=00:00 nametype=NORMAL cap_fp=0 cap_fi=0 cap_fe=0 cap_fver=0 cap_frootid=0OUID="root" OGID="root"
type=PROCTITLE msg=audit(1772113882.949:1882): proctitle=626173656E616D65002F7573722F62696E2F6C65737370697065
type=SYSCALL msg=audit(1772113882.969:1883): arch=c000003e syscall=59 success=yes exit=0 a0=5d1237dc98b0 a1=5d1237dc97f0 a2=5d1237dc9810 a3=5d1237dc9a10 items=2 ppid=1583 pid=1585 auid=1000 uid=0 gid=0 euid=0 suid=0 fsuid=0 egid=0 sgid=0 fsgid=0 tty=pts1 ses=1 comm="tr" exe="/usr/bin/tr" subj=unconfined key="T1078_Valid_Accounts"ARCH=x86_64 SYSCALL=execve AUID="vboxuser" UID="root" GID="root" EUID="root" SUID="root" FSUID="root" EGID="root" SGID="root" FSGID="root"
type=EXECVE msg=audit(1772113882.969:1883): argc=3 a0="tr" a1="[:upper:]" a2="[:lower:]"
type=PATH msg=audit(1772113882.969:1883): item=0 name="/usr/bin/tr" inode=1442926 dev=08:02 mode=0100755 ouid=0 ogid=0 rdev=00:00 nametype=NORMAL cap_fp=0 cap_fi=0 cap_fe=0 cap_fver=0 cap_frootid=0OUID="root" OGID="root"
type=PATH msg=audit(1772113882.969:1883): item=1 name="/lib64/ld-linux-x86-64.so.2" inode=1481429 dev=08:02 mode=0100755 ouid=0 ogid=0 rdev=00:00 nametype=NORMAL cap_fp=0 cap_fi=0 cap_fe=0 cap_fver=0 cap_frootid=0OUID="root" OGID="root"
type=PROCTITLE msg=audit(1772113882.969:1883): proctitle=7472005B3A75707065723A5D005B3A6C6F7765723A5D
type=SYSCALL msg=audit(1772113908.584:1884): arch=c000003e syscall=59 success=yes exit=0 a0=5fd7daaff9d0 a1=5fd7daaf2f50 a2=5fd7daa86960 a3=5fd7daaf2f50 items=2 ppid=1183 pid=1586 auid=1000 uid=0 gid=0 euid=0 suid=0 fsuid=0 egid=0 sgid=0 fsgid=0 tty=pts1 ses=1 comm="ps" exe="/usr/bin/ps" subj=unconfined key="T1078_Valid_Accounts"ARCH=x86_64 SYSCALL=execve AUID="vboxuser" UID="root" GID="root" EUID="root" SUID="root" FSUID="root" EGID="root" SGID="root" FSGID="root"
type=EXECVE msg=audit(1772113908.584:1884): argc=2 a0="ps" a1="aux"
type=PATH msg=audit(1772113908.584:1884): item=0 name="/usr/bin/ps" inode=1442669 dev=08:02 mode=0100755 ouid=0 ogid=0 rdev=00:00 nametype=NORMAL cap_fp=0 cap_fi=0 cap_fe=0 cap_fver=0 cap_frootid=0OUID="root" OGID="root"
type=PATH msg=audit(1772113908.584:1884): item=1 name="/lib64/ld-linux-x86-64.so.2" inode=1481429 dev=08:02 mode=0100755 ouid=0 ogid=0 rdev=00:00 nametype=NORMAL cap_fp=0 cap_fi=0 cap_fe=0 cap_fver=0 cap_frootid=0OUID="root" OGID="root"
type=PROCTITLE msg=audit(1772113908.584:1884): proctitle=707300617578
type=SYSCALL msg=audit(1772113916.252:1885): arch=c000003e syscall=59 success=yes exit=0 a0=5fd7daaf0bd0 a1=5fd7daaf4a80 a2=5fd7daa86960 a3=8 items=2 ppid=1183 pid=1587 auid=1000 uid=0 gid=0 euid=0 suid=0 fsuid=0 egid=0 sgid=0 fsgid=0 tty=pts1 ses=1 comm="ps" exe="/usr/bin/ps" subj=unconfined key="T1078_Valid_Accounts"ARCH=x86_64 SYSCALL=execve AUID="vboxuser" UID="root" GID="root" EUID="root" SUID="root" FSUID="root" EGID="root" SGID="root" FSGID="root"
type=EXECVE msg=audit(1772113916.252:1885): argc=2 a0="ps" a1="aux"
type=PATH msg=audit(1772113916.252:1885): item=0 name="/usr/bin/ps" inode=1442669 dev=08:02 mode=0100755 ouid=0 ogid=0 rdev=00:00 nametype=NORMAL cap_fp=0 cap_fi=0 cap_fe=0 cap_fver=0 cap_frootid=0OUID="root" OGID="root"
type=PATH msg=audit(1772113916.252:1885): item=1 name="/lib64/ld-linux-x86-64.so.2" inode=1481429 dev=08:02 mode=0100755 ouid=0 ogid=0 rdev=00:00 nametype=NORMAL cap_fp=0 cap_fi=0 cap_fe=0 cap_fver=0 cap_frootid=0OUID="root" OGID="root"
type=PROCTITLE msg=audit(1772113916.252:1885): proctitle=707300617578
type=SYSCALL msg=audit(1772113916.252:1886): arch=c000003e syscall=59 success=yes exit=0 a0=5fd7daaedfd0 a1=5fd7daafaf50 a2=5fd7daa86960 a3=8 items=2 ppid=1183 pid=1588 auid=1000 uid=0 gid=0 euid=0 suid=0 fsuid=0 egid=0 sgid=0 fsgid=0 tty=pts1 ses=1 comm="grep" exe="/usr/bin/grep" subj=unconfined key="T1078_Valid_Accounts"ARCH=x86_64 SYSCALL=execve AUID="vboxuser" UID="root" GID="root" EUID="root" SUID="root" FSUID="root" EGID="root" SGID="root" FSGID="root"
type=EXECVE msg=audit(1772113916.252:1886): argc=3 a0="grep" a1="--color=auto" a2="mysql"
type=PATH msg=audit(1772113916.252:1886): item=0 name="/usr/bin/grep" inode=1442450 dev=08:02 mode=0100755 ouid=0 ogid=0 rdev=00:00 nametype=NORMAL cap_fp=0 cap_fi=0 cap_fe=0 cap_fver=0 cap_frootid=0OUID="root" OGID="root"
type=PATH msg=audit(1772113916.252:1886): item=1 name="/lib64/ld-linux-x86-64.so.2" inode=1481429 dev=08:02 mode=0100755 ouid=0 ogid=0 rdev=00:00 nametype=NORMAL cap_fp=0 cap_fi=0 cap_fe=0 cap_fver=0 cap_frootid=0OUID="root" OGID="root"
type=PROCTITLE msg=audit(1772113916.252:1886): proctitle=67726570002D2D636F6C6F723D6175746F006D7973716C
type=SYSCALL msg=audit(1772113980.164:1887): arch=c000003e syscall=91 success=yes exit=0 a0=4 a1=180 a2=0 a3=1b6 items=1 ppid=1183 pid=1578 auid=1000 uid=0 gid=0 euid=0 suid=0 fsuid=0 egid=0 sgid=0 fsgid=0 tty=pts1 ses=1 comm="less" exe="/usr/bin/less" subj=unconfined key="T1166_Seuid_and_Setgid"ARCH=x86_64 SYSCALL=fchmod AUID="vboxuser" UID="root" GID="root" EUID="root" SUID="root" FSUID="root" EGID="root" SGID="root" FSGID="root"
type=PATH msg=audit(1772113980.164:1887): item=0 name=(null) inode=1051137 dev=08:02 mode=0100644 ouid=0 ogid=0 rdev=00:00 nametype=NORMAL cap_fp=0 cap_fi=0 cap_fe=0 cap_fver=0 cap_frootid=0OUID="root" OGID="root"
type=PROCTITLE msg=audit(1772113980.164:1887): proctitle=6C657373002F7661722F7777772F776F726470726573732F77702D636F6E6669672E706870
type=SYSCALL msg=audit(1772113980.165:1888): arch=c000003e syscall=82 success=yes exit=0 a0=571f410bbcb0 a1=571f410bbc90 a2=571a30ffdda9 a3=571f410a9320 items=5 ppid=1183 pid=1578 auid=1000 uid=0 gid=0 euid=0 suid=0 fsuid=0 egid=0 sgid=0 fsgid=0 tty=pts1 ses=1 comm="less" exe="/usr/bin/less" subj=unconfined key="T1107_File_Deletion"ARCH=x86_64 SYSCALL=rename AUID="vboxuser" UID="root" GID="root" EUID="root" SUID="root" FSUID="root" EGID="root" SGID="root" FSGID="root"
type=PATH msg=audit(1772113980.165:1888): item=0 name="/root/" inode=1048578 dev=08:02 mode=040700 ouid=0 ogid=0 rdev=00:00 nametype=PARENT cap_fp=0 cap_fi=0 cap_fe=0 cap_fver=0 cap_frootid=0OUID="root" OGID="root"
type=PATH msg=audit(1772113980.165:1888): item=1 name="/root/" inode=1048578 dev=08:02 mode=040700 ouid=0 ogid=0 rdev=00:00 nametype=PARENT cap_fp=0 cap_fi=0 cap_fe=0 cap_fver=0 cap_frootid=0OUID="root" OGID="root"
type=PATH msg=audit(1772113980.165:1888): item=2 name="/root/.lesshsQ" inode=1051137 dev=08:02 mode=0100600 ouid=0 ogid=0 rdev=00:00 nametype=DELETE cap_fp=0 cap_fi=0 cap_fe=0 cap_fver=0 cap_frootid=0OUID="root" OGID="root"
type=PATH msg=audit(1772113980.165:1888): item=3 name="/root/.lesshst" inode=1050534 dev=08:02 mode=0100600 ouid=0 ogid=0 rdev=00:00 nametype=DELETE cap_fp=0 cap_fi=0 cap_fe=0 cap_fver=0 cap_frootid=0OUID="root" OGID="root"
type=PATH msg=audit(1772113980.165:1888): item=4 name="/root/.lesshst" inode=1051137 dev=08:02 mode=0100600 ouid=0 ogid=0 rdev=00:00 nametype=CREATE cap_fp=0 cap_fi=0 cap_fe=0 cap_fver=0 cap_frootid=0OUID="root" OGID="root"
type=PROCTITLE msg=audit(1772113980.165:1888): proctitle=6C657373002F7661722F7777772F776F726470726573732F77702D636F6E6669672E706870
type=SYSCALL msg=audit(1772114004.792:1889): arch=c000003e syscall=59 success=yes exit=0 a0=7ffe6f2b4e50 a1=7ffe6f2b4e70 a2=7ffe6f2b5978 a3=8 items=2 ppid=1 pid=1591 auid=4294967295 uid=0 gid=0 euid=0 suid=0 fsuid=0 egid=0 sgid=0 fsgid=0 tty=(none) ses=4294967295 comm="9" exe="/usr/lib/systemd/systemd-executor" subj=unconfined key="T1078_Valid_Accounts"ARCH=x86_64 SYSCALL=execve AUID="unset" UID="root" GID="root" EUID="root" SUID="root" FSUID="root" EGID="root" SGID="root" FSGID="root"
type=EXECVE msg=audit(1772114004.792:1889): argc=7 a0="/usr/lib/systemd/systemd-executor" a1="--deserialize" a2="96" a3="--log-level" a4="info" a5="--log-target" a6="journal-or-kmsg"
type=PATH msg=audit(1772114004.792:1889): item=0 name="/proc/self/fd/9" inode=1463834 dev=08:02 mode=0100755 ouid=0 ogid=0 rdev=00:00 nametype=NORMAL cap_fp=0 cap_fi=0 cap_fe=0 cap_fver=0 cap_frootid=0OUID="root" OGID="root"
type=PATH msg=audit(1772114004.792:1889): item=1 name="/lib64/ld-linux-x86-64.so.2" inode=1481429 dev=08:02 mode=0100755 ouid=0 ogid=0 rdev=00:00 nametype=NORMAL cap_fp=0 cap_fi=0 cap_fe=0 cap_fver=0 cap_frootid=0OUID="root" OGID="root"
type=PROCTITLE msg=audit(1772114004.792:1889): proctitle=2F7573722F6C69622F73797374656D642F73797374656D642D6578656375746F72002D2D646573657269616C697A65003936002D2D6C6F672D6C6576656C00696E666F002D2D6C6F672D746172676574006A6F75726E616C2D6F722D6B6D7367
type=SYSCALL msg=audit(1772114004.830:1890): arch=c000003e syscall=42 success=yes exit=0 a0=4 a1=7fff259ddfb0 a2=1e a3=7fff259de060 items=1 ppid=1 pid=1591 auid=4294967295 uid=0 gid=0 euid=0 suid=0 fsuid=0 egid=0 sgid=0 fsgid=0 tty=(none) ses=4294967295 comm="9" exe="/usr/lib/systemd/systemd-executor" subj=unconfined key="T1043_Commonly_Used_Port"ARCH=x86_64 SYSCALL=connect AUID="unset" UID="root" GID="root" EUID="root" SUID="root" FSUID="root" EGID="root" SGID="root" FSGID="root"
type=SOCKADDR msg=audit(1772114004.830:1890): saddr=01002F72756E2F73797374656D642F6A6F75726E616C2F736F636B657400SADDR={ saddr_fam=local path=/run/systemd/journal/socket }
type=PATH msg=audit(1772114004.830:1890): item=0 name="/run/systemd/journal/socket" inode=455 dev=00:18 mode=0140666 ouid=0 ogid=0 rdev=00:00 nametype=NORMAL cap_fp=0 cap_fi=0 cap_fe=0 cap_fver=0 cap_frootid=0OUID="root" OGID="root"
type=PROCTITLE msg=audit(1772114004.830:1890): proctitle=2F7573722F6C69622F73797374656D642F73797374656D642D6578656375746F72002D2D646573657269616C697A65003936002D2D6C6F672D6C6576656C00696E666F002D2D6C6F672D746172676574006A6F75726E616C2D6F722D6B6D7367
type=SYSCALL msg=audit(1772114004.841:1891): arch=c000003e syscall=42 success=yes exit=0 a0=3 a1=7fff259ddb30 a2=1e a3=fffffff7 items=1 ppid=1 pid=1591 auid=4294967295 uid=0 gid=0 euid=0 suid=0 fsuid=0 egid=0 sgid=0 fsgid=0 tty=(none) ses=4294967295 comm="(wnloader)" exe="/usr/lib/systemd/systemd-executor" subj=unconfined key="T1043_Commonly_Used_Port"ARCH=x86_64 SYSCALL=connect AUID="unset" UID="root" GID="root" EUID="root" SUID="root" FSUID="root" EGID="root" SGID="root" FSGID="root"
type=SOCKADDR msg=audit(1772114004.841:1891): saddr=01002F72756E2F73797374656D642F6A6F75726E616C2F7374646F757400SADDR={ saddr_fam=local path=/run/systemd/journal/stdout }
type=PATH msg=audit(1772114004.841:1891): item=0 name="/run/systemd/journal/stdout" inode=456 dev=00:18 mode=0140666 ouid=0 ogid=0 rdev=00:00 nametype=NORMAL cap_fp=0 cap_fi=0 cap_fe=0 cap_fver=0 cap_frootid=0OUID="root" OGID="root"
type=PROCTITLE msg=audit(1772114004.841:1891): proctitle=2F7573722F6C69622F73797374656D642F73797374656D642D6578656375746F72002D2D646573657269616C697A65003936002D2D6C6F672D6C6576656C00696E666F002D2D6C6F672D746172676574006A6F75726E616C2D6F722D6B6D7367
type=SYSCALL msg=audit(1772114004.841:1892): arch=c000003e syscall=59 success=yes exit=0 a0=577bafaae090 a1=577bafaae070 a2=577bafaadd90 a3=577bafaae990 items=3 ppid=1 pid=1591 auid=4294967295 uid=0 gid=0 euid=0 suid=0 fsuid=0 egid=0 sgid=0 fsgid=0 tty=(none) ses=4294967295 comm="package-data-do" exe="/usr/bin/python3.12" subj=unconfined key="T1078_Valid_Accounts"ARCH=x86_64 SYSCALL=execve AUID="unset" UID="root" GID="root" EUID="root" SUID="root" FSUID="root" EGID="root" SGID="root" FSGID="root"
type=EXECVE msg=audit(1772114004.841:1892): argc=2 a0="/usr/bin/python3" a1="/usr/lib/update-notifier/package-data-downloader"
type=PATH msg=audit(1772114004.841:1892): item=0 name="/usr/lib/update-notifier/package-data-downloader" inode=1455128 dev=08:02 mode=0100755 ouid=0 ogid=0 rdev=00:00 nametype=NORMAL cap_fp=0 cap_fi=0 cap_fe=0 cap_fver=0 cap_frootid=0OUID="root" OGID="root"
type=PATH msg=audit(1772114004.841:1892): item=1 name="/usr/bin/python3" inode=1441874 dev=08:02 mode=0100755 ouid=0 ogid=0 rdev=00:00 nametype=NORMAL cap_fp=0 cap_fi=0 cap_fe=0 cap_fver=0 cap_frootid=0OUID="root" OGID="root"
type=PATH msg=audit(1772114004.841:1892): item=2 name="/lib64/ld-linux-x86-64.so.2" inode=1481429 dev=08:02 mode=0100755 ouid=0 ogid=0 rdev=00:00 nametype=NORMAL cap_fp=0 cap_fi=0 cap_fe=0 cap_fver=0 cap_frootid=0OUID="root" OGID="root"
type=PROCTITLE msg=audit(1772114004.841:1892): proctitle=2F7573722F6C69622F73797374656D642F73797374656D642D6578656375746F72002D2D646573657269616C697A65003936002D2D6C6F672D6C6576656C00696E666F002D2D6C6F672D746172676574006A6F75726E616C2D6F722D6B6D7367
type=SERVICE_START msg=audit(1772114005.233:1893): pid=1 uid=0 auid=4294967295 ses=4294967295 subj=unconfined msg='unit=update-notifier-download comm="systemd" exe="/usr/lib/systemd/systemd" hostname=? addr=? terminal=? res=success'UID="root" AUID="unset"
type=SERVICE_STOP msg=audit(1772114005.234:1894): pid=1 uid=0 auid=4294967295 ses=4294967295 subj=unconfined msg='unit=update-notifier-download comm="systemd" exe="/usr/lib/systemd/systemd" hostname=? addr=? terminal=? res=success'UID="root" AUID="unset"
type=SYSCALL msg=audit(1772114011.884:1895): arch=c000003e syscall=59 success=yes exit=0 a0=5fd7daaf3f80 a1=5fd7daaf6550 a2=5fd7daa86960 a3=5fd7daaf4d20 items=2 ppid=1183 pid=1593 auid=1000 uid=0 gid=0 euid=0 suid=0 fsuid=0 egid=0 sgid=0 fsgid=0 tty=pts1 ses=1 comm="less" exe="/usr/bin/less" subj=unconfined key="T1078_Valid_Accounts"ARCH=x86_64 SYSCALL=execve AUID="vboxuser" UID="root" GID="root" EUID="root" SUID="root" FSUID="root" EGID="root" SGID="root" FSGID="root"
type=EXECVE msg=audit(1772114011.884:1895): argc=2 a0="less" a1="/var/www/wordpress/wp-config.php"
type=PATH msg=audit(1772114011.884:1895): item=0 name="/usr/bin/less" inode=1442509 dev=08:02 mode=0100755 ouid=0 ogid=0 rdev=00:00 nametype=NORMAL cap_fp=0 cap_fi=0 cap_fe=0 cap_fver=0 cap_frootid=0OUID="root" OGID="root"
type=PATH msg=audit(1772114011.884:1895): item=1 name="/lib64/ld-linux-x86-64.so.2" inode=1481429 dev=08:02 mode=0100755 ouid=0 ogid=0 rdev=00:00 nametype=NORMAL cap_fp=0 cap_fi=0 cap_fe=0 cap_fver=0 cap_frootid=0OUID="root" OGID="root"
type=PROCTITLE msg=audit(1772114011.884:1895): proctitle=6C657373002F7661722F7777772F776F726470726573732F77702D636F6E6669672E706870
type=SYSCALL msg=audit(1772114011.892:1896): arch=c000003e syscall=59 success=yes exit=0 a0=7789c1dcb42f a1=7ffd932a2f50 a2=7ffd932a34c0 a3=8 items=2 ppid=1593 pid=1594 auid=1000 uid=0 gid=0 euid=0 suid=0 fsuid=0 egid=0 sgid=0 fsgid=0 tty=pts1 ses=1 comm="sh" exe="/usr/bin/dash" subj=unconfined key="T1078_Valid_Accounts"ARCH=x86_64 SYSCALL=execve AUID="vboxuser" UID="root" GID="root" EUID="root" SUID="root" FSUID="root" EGID="root" SGID="root" FSGID="root"
type=EXECVE msg=audit(1772114011.892:1896): argc=4 a0="sh" a1="-c" a2="--" a3=2F62696E2F62617368202D63205C202F7573722F62696E2F6C657373706970655C202F7661722F7777772F776F726470726573732F77702D636F6E6669672E706870
type=PATH msg=audit(1772114011.892:1896): item=0 name="/bin/sh" inode=1442345 dev=08:02 mode=0100755 ouid=0 ogid=0 rdev=00:00 nametype=NORMAL cap_fp=0 cap_fi=0 cap_fe=0 cap_fver=0 cap_frootid=0OUID="root" OGID="root"
type=PATH msg=audit(1772114011.892:1896): item=1 name="/lib64/ld-linux-x86-64.so.2" inode=1481429 dev=08:02 mode=0100755 ouid=0 ogid=0 rdev=00:00 nametype=NORMAL cap_fp=0 cap_fi=0 cap_fe=0 cap_fver=0 cap_frootid=0OUID="root" OGID="root"
type=PROCTITLE msg=audit(1772114011.892:1896): proctitle=7368002D63002D2D002F62696E2F62617368202D63205C202F7573722F62696E2F6C657373706970655C202F7661722F7777772F776F726470726573732F77702D636F6E6669672E706870
type=SYSCALL msg=audit(1772114011.893:1897): arch=c000003e syscall=59 success=yes exit=0 a0=5b79095585c0 a1=5b7909558648 a2=5b7934e987a8 a3=1 items=2 ppid=1594 pid=1595 auid=1000 uid=0 gid=0 euid=0 suid=0 fsuid=0 egid=0 sgid=0 fsgid=0 tty=pts1 ses=1 comm="bash" exe="/usr/bin/bash" subj=unconfined key="T1078_Valid_Accounts"ARCH=x86_64 SYSCALL=execve AUID="vboxuser" UID="root" GID="root" EUID="root" SUID="root" FSUID="root" EGID="root" SGID="root" FSGID="root"
type=EXECVE msg=audit(1772114011.893:1897): argc=3 a0="/bin/bash" a1="-c" a2=202F7573722F62696E2F6C65737370697065202F7661722F7777772F776F726470726573732F77702D636F6E6669672E706870
type=PATH msg=audit(1772114011.893:1897): item=0 name="/bin/bash" inode=1442260 dev=08:02 mode=0100755 ouid=0 ogid=0 rdev=00:00 nametype=NORMAL cap_fp=0 cap_fi=0 cap_fe=0 cap_fver=0 cap_frootid=0OUID="root" OGID="root"
type=PATH msg=audit(1772114011.893:1897): item=1 name="/lib64/ld-linux-x86-64.so.2" inode=1481429 dev=08:02 mode=0100755 ouid=0 ogid=0 rdev=00:00 nametype=NORMAL cap_fp=0 cap_fi=0 cap_fe=0 cap_fver=0 cap_frootid=0OUID="root" OGID="root"
type=PROCTITLE msg=audit(1772114011.893:1897): proctitle=2F62696E2F62617368002D6300202F7573722F62696E2F6C65737370697065202F7661722F7777772F776F726470726573732F77702D636F6E6669672E706870
type=SYSCALL msg=audit(1772114011.901:1898): arch=c000003e syscall=59 success=yes exit=0 a0=634c60c0e570 a1=634c60c0cb40 a2=634c60c0bda0 a3=8 items=3 ppid=1594 pid=1595 auid=1000 uid=0 gid=0 euid=0 suid=0 fsuid=0 egid=0 sgid=0 fsgid=0 tty=pts1 ses=1 comm="lesspipe" exe="/usr/bin/dash" subj=unconfined key="T1078_Valid_Accounts"ARCH=x86_64 SYSCALL=execve AUID="vboxuser" UID="root" GID="root" EUID="root" SUID="root" FSUID="root" EGID="root" SGID="root" FSGID="root"
type=EXECVE msg=audit(1772114011.901:1898): argc=3 a0="/bin/sh" a1="/usr/bin/lesspipe" a2="/var/www/wordpress/wp-config.php"
type=PATH msg=audit(1772114011.901:1898): item=0 name="/usr/bin/lesspipe" inode=1442512 dev=08:02 mode=0100755 ouid=0 ogid=0 rdev=00:00 nametype=NORMAL cap_fp=0 cap_fi=0 cap_fe=0 cap_fver=0 cap_frootid=0OUID="root" OGID="root"
type=PATH msg=audit(1772114011.901:1898): item=1 name="/bin/sh" inode=1442345 dev=08:02 mode=0100755 ouid=0 ogid=0 rdev=00:00 nametype=NORMAL cap_fp=0 cap_fi=0 cap_fe=0 cap_fver=0 cap_frootid=0OUID="root" OGID="root"
type=PATH msg=audit(1772114011.901:1898): item=2 name="/lib64/ld-linux-x86-64.so.2" inode=1481429 dev=08:02 mode=0100755 ouid=0 ogid=0 rdev=00:00 nametype=NORMAL cap_fp=0 cap_fi=0 cap_fe=0 cap_fver=0 cap_frootid=0OUID="root" OGID="root"
type=PROCTITLE msg=audit(1772114011.901:1898): proctitle=2F62696E2F62617368002D6300202F7573722F62696E2F6C65737370697065202F7661722F7777772F776F726470726573732F77702D636F6E6669672E706870
type=SYSCALL msg=audit(1772114011.911:1899): arch=c000003e syscall=59 success=yes exit=0 a0=632e91c3f918 a1=632e8b375600 a2=632e91c3f878 a3=1 items=2 ppid=1595 pid=1596 auid=1000 uid=0 gid=0 euid=0 suid=0 fsuid=0 egid=0 sgid=0 fsgid=0 tty=pts1 ses=1 comm="basename" exe="/usr/bin/basename" subj=unconfined key="T1078_Valid_Accounts"ARCH=x86_64 SYSCALL=execve AUID="vboxuser" UID="root" GID="root" EUID="root" SUID="root" FSUID="root" EGID="root" SGID="root" FSGID="root"
type=EXECVE msg=audit(1772114011.911:1899): argc=2 a0="basename" a1="/usr/bin/lesspipe"
type=PATH msg=audit(1772114011.911:1899): item=0 name="/usr/bin/basename" inode=1442258 dev=08:02 mode=0100755 ouid=0 ogid=0 rdev=00:00 nametype=NORMAL cap_fp=0 cap_fi=0 cap_fe=0 cap_fver=0 cap_frootid=0OUID="root" OGID="root"
type=PATH msg=audit(1772114011.911:1899): item=1 name="/lib64/ld-linux-x86-64.so.2" inode=1481429 dev=08:02 mode=0100755 ouid=0 ogid=0 rdev=00:00 nametype=NORMAL cap_fp=0 cap_fi=0 cap_fe=0 cap_fver=0 cap_frootid=0OUID="root" OGID="root"
type=PROCTITLE msg=audit(1772114011.911:1899): proctitle=626173656E616D65002F7573722F62696E2F6C65737370697065
type=SYSCALL msg=audit(1772114011.943:1900): arch=c000003e syscall=59 success=yes exit=0 a0=632e91c4b8b0 a1=632e91c4b7f0 a2=632e91c4b810 a3=632e91c4ba10 items=2 ppid=1598 pid=1600 auid=1000 uid=0 gid=0 euid=0 suid=0 fsuid=0 egid=0 sgid=0 fsgid=0 tty=pts1 ses=1 comm="tr" exe="/usr/bin/tr" subj=unconfined key="T1078_Valid_Accounts"ARCH=x86_64 SYSCALL=execve AUID="vboxuser" UID="root" GID="root" EUID="root" SUID="root" FSUID="root" EGID="root" SGID="root" FSGID="root"
type=EXECVE msg=audit(1772114011.943:1900): argc=3 a0="tr" a1="[:upper:]" a2="[:lower:]"
type=PATH msg=audit(1772114011.943:1900): item=0 name="/usr/bin/tr" inode=1442926 dev=08:02 mode=0100755 ouid=0 ogid=0 rdev=00:00 nametype=NORMAL cap_fp=0 cap_fi=0 cap_fe=0 cap_fver=0 cap_frootid=0OUID="root" OGID="root"
type=PATH msg=audit(1772114011.943:1900): item=1 name="/lib64/ld-linux-x86-64.so.2" inode=1481429 dev=08:02 mode=0100755 ouid=0 ogid=0 rdev=00:00 nametype=NORMAL cap_fp=0 cap_fi=0 cap_fe=0 cap_fver=0 cap_frootid=0OUID="root" OGID="root"
type=PROCTITLE msg=audit(1772114011.943:1900): proctitle=7472005B3A75707065723A5D005B3A6C6F7765723A5D
type=SYSCALL msg=audit(1772114014.992:1901): arch=c000003e syscall=91 success=yes exit=0 a0=4 a1=180 a2=0 a3=1b6 items=1 ppid=1183 pid=1593 auid=1000 uid=0 gid=0 euid=0 suid=0 fsuid=0 egid=0 sgid=0 fsgid=0 tty=pts1 ses=1 comm="less" exe="/usr/bin/less" subj=unconfined key="T1166_Seuid_and_Setgid"ARCH=x86_64 SYSCALL=fchmod AUID="vboxuser" UID="root" GID="root" EUID="root" SUID="root" FSUID="root" EGID="root" SGID="root" FSGID="root"
type=PATH msg=audit(1772114014.992:1901): item=0 name=(null) inode=1050534 dev=08:02 mode=0100644 ouid=0 ogid=0 rdev=00:00 nametype=NORMAL cap_fp=0 cap_fi=0 cap_fe=0 cap_fver=0 cap_frootid=0OUID="root" OGID="root"
type=PROCTITLE msg=audit(1772114014.992:1901): proctitle=6C657373002F7661722F7777772F776F726470726573732F77702D636F6E6669672E706870
type=SYSCALL msg=audit(1772114014.992:1902): arch=c000003e syscall=82 success=yes exit=0 a0=6417d8a3bbc0 a1=6417d8a3bba0 a2=641199de4621 a3=6417d8a31320 items=5 ppid=1183 pid=1593 auid=1000 uid=0 gid=0 euid=0 suid=0 fsuid=0 egid=0 sgid=0 fsgid=0 tty=pts1 ses=1 comm="less" exe="/usr/bin/less" subj=unconfined key="T1107_File_Deletion"ARCH=x86_64 SYSCALL=rename AUID="vboxuser" UID="root" GID="root" EUID="root" SUID="root" FSUID="root" EGID="root" SGID="root" FSGID="root"
type=PATH msg=audit(1772114014.992:1902): item=0 name="/root/" inode=1048578 dev=08:02 mode=040700 ouid=0 ogid=0 rdev=00:00 nametype=PARENT cap_fp=0 cap_fi=0 cap_fe=0 cap_fver=0 cap_frootid=0OUID="root" OGID="root"
type=PATH msg=audit(1772114014.992:1902): item=1 name="/root/" inode=1048578 dev=08:02 mode=040700 ouid=0 ogid=0 rdev=00:00 nametype=PARENT cap_fp=0 cap_fi=0 cap_fe=0 cap_fver=0 cap_frootid=0OUID="root" OGID="root"
type=PATH msg=audit(1772114014.992:1902): item=2 name="/root/.lesshsQ" inode=1050534 dev=08:02 mode=0100600 ouid=0 ogid=0 rdev=00:00 nametype=DELETE cap_fp=0 cap_fi=0 cap_fe=0 cap_fver=0 cap_frootid=0OUID="root" OGID="root"
type=PATH msg=audit(1772114014.992:1902): item=3 name="/root/.lesshst" inode=1051137 dev=08:02 mode=0100600 ouid=0 ogid=0 rdev=00:00 nametype=DELETE cap_fp=0 cap_fi=0 cap_fe=0 cap_fver=0 cap_frootid=0OUID="root" OGID="root"
type=PATH msg=audit(1772114014.992:1902): item=4 name="/root/.lesshst" inode=1050534 dev=08:02 mode=0100600 ouid=0 ogid=0 rdev=00:00 nametype=CREATE cap_fp=0 cap_fi=0 cap_fe=0 cap_fver=0 cap_frootid=0OUID="root" OGID="root"
type=PROCTITLE msg=audit(1772114014.992:1902): proctitle=6C657373002F7661722F7777772F776F726470726573732F77702D636F6E6669672E706870
type=SYSCALL msg=audit(1772114021.715:1903): arch=c000003e syscall=59 success=yes exit=0 a0=5fd7dab0cdc0 a1=5fd7daaf01e0 a2=5fd7daa86960 a3=5fd7daafb300 items=2 ppid=1183 pid=1601 auid=1000 uid=0 gid=0 euid=0 suid=0 fsuid=0 egid=0 sgid=0 fsgid=0 tty=pts1 ses=1 comm="mariadb" exe="/usr/bin/mariadb" subj=unconfined key="T1078_Valid_Accounts"ARCH=x86_64 SYSCALL=execve AUID="vboxuser" UID="root" GID="root" EUID="root" SUID="root" FSUID="root" EGID="root" SGID="root" FSGID="root"
type=EXECVE msg=audit(1772114021.715:1903): argc=7 a0="mariadb" a1="-h" a2="localhost" a3="-u" a4="wp_admin" a5="-p" a6="wordpress"
type=PATH msg=audit(1772114021.715:1903): item=0 name="/usr/bin/mariadb" inode=1498967 dev=08:02 mode=0100755 ouid=0 ogid=0 rdev=00:00 nametype=NORMAL cap_fp=0 cap_fi=0 cap_fe=0 cap_fver=0 cap_frootid=0OUID="root" OGID="root"
type=PATH msg=audit(1772114021.715:1903): item=1 name="/lib64/ld-linux-x86-64.so.2" inode=1481429 dev=08:02 mode=0100755 ouid=0 ogid=0 rdev=00:00 nametype=NORMAL cap_fp=0 cap_fi=0 cap_fe=0 cap_fver=0 cap_frootid=0OUID="root" OGID="root"
type=PROCTITLE msg=audit(1772114021.715:1903): proctitle=6D617269616462002D68006C6F63616C686F7374002D750077705F61646D696E002D7000776F72647072657373
type=SYSCALL msg=audit(1772114035.603:1904): arch=c000003e syscall=59 success=yes exit=0 a0=5fd7daafaa50 a1=5fd7da9bb7d0 a2=5fd7daa86960 a3=5fd7daaf5290 items=2 ppid=1183 pid=1602 auid=1000 uid=0 gid=0 euid=0 suid=0 fsuid=0 egid=0 sgid=0 fsgid=0 tty=pts1 ses=1 comm="less" exe="/usr/bin/less" subj=unconfined key="T1078_Valid_Accounts"ARCH=x86_64 SYSCALL=execve AUID="vboxuser" UID="root" GID="root" EUID="root" SUID="root" FSUID="root" EGID="root" SGID="root" FSGID="root"
type=EXECVE msg=audit(1772114035.603:1904): argc=2 a0="less" a1="/var/www/wordpress/wp-config.php"
type=PATH msg=audit(1772114035.603:1904): item=0 name="/usr/bin/less" inode=1442509 dev=08:02 mode=0100755 ouid=0 ogid=0 rdev=00:00 nametype=NORMAL cap_fp=0 cap_fi=0 cap_fe=0 cap_fver=0 cap_frootid=0OUID="root" OGID="root"
type=PATH msg=audit(1772114035.603:1904): item=1 name="/lib64/ld-linux-x86-64.so.2" inode=1481429 dev=08:02 mode=0100755 ouid=0 ogid=0 rdev=00:00 nametype=NORMAL cap_fp=0 cap_fi=0 cap_fe=0 cap_fver=0 cap_frootid=0OUID="root" OGID="root"
type=PROCTITLE msg=audit(1772114035.603:1904): proctitle=6C657373002F7661722F7777772F776F726470726573732F77702D636F6E6669672E706870
type=SYSCALL msg=audit(1772114035.616:1905): arch=c000003e syscall=59 success=yes exit=0 a0=7610537cb42f a1=7fff5d371a20 a2=7fff5d371f90 a3=8 items=2 ppid=1602 pid=1603 auid=1000 uid=0 gid=0 euid=0 suid=0 fsuid=0 egid=0 sgid=0 fsgid=0 tty=pts1 ses=1 comm="sh" exe="/usr/bin/dash" subj=unconfined key="T1078_Valid_Accounts"ARCH=x86_64 SYSCALL=execve AUID="vboxuser" UID="root" GID="root" EUID="root" SUID="root" FSUID="root" EGID="root" SGID="root" FSGID="root"
type=EXECVE msg=audit(1772114035.616:1905): argc=4 a0="sh" a1="-c" a2="--" a3=2F62696E2F62617368202D63205C202F7573722F62696E2F6C657373706970655C202F7661722F7777772F776F726470726573732F77702D636F6E6669672E706870
type=PATH msg=audit(1772114035.616:1905): item=0 name="/bin/sh" inode=1442345 dev=08:02 mode=0100755 ouid=0 ogid=0 rdev=00:00 nametype=NORMAL cap_fp=0 cap_fi=0 cap_fe=0 cap_fver=0 cap_frootid=0OUID="root" OGID="root"
type=PATH msg=audit(1772114035.616:1905): item=1 name="/lib64/ld-linux-x86-64.so.2" inode=1481429 dev=08:02 mode=0100755 ouid=0 ogid=0 rdev=00:00 nametype=NORMAL cap_fp=0 cap_fi=0 cap_fe=0 cap_fver=0 cap_frootid=0OUID="root" OGID="root"
type=PROCTITLE msg=audit(1772114035.616:1905): proctitle=7368002D63002D2D002F62696E2F62617368202D63205C202F7573722F62696E2F6C657373706970655C202F7661722F7777772F776F726470726573732F77702D636F6E6669672E706870
type=SYSCALL msg=audit(1772114035.630:1906): arch=c000003e syscall=59 success=yes exit=0 a0=59758f0065c0 a1=59758f006648 a2=5975b60c27a8 a3=1 items=2 ppid=1603 pid=1604 auid=1000 uid=0 gid=0 euid=0 suid=0 fsuid=0 egid=0 sgid=0 fsgid=0 tty=pts1 ses=1 comm="bash" exe="/usr/bin/bash" subj=unconfined key="T1078_Valid_Accounts"ARCH=x86_64 SYSCALL=execve AUID="vboxuser" UID="root" GID="root" EUID="root" SUID="root" FSUID="root" EGID="root" SGID="root" FSGID="root"
type=EXECVE msg=audit(1772114035.630:1906): argc=3 a0="/bin/bash" a1="-c" a2=202F7573722F62696E2F6C65737370697065202F7661722F7777772F776F726470726573732F77702D636F6E6669672E706870
type=PATH msg=audit(1772114035.630:1906): item=0 name="/bin/bash" inode=1442260 dev=08:02 mode=0100755 ouid=0 ogid=0 rdev=00:00 nametype=NORMAL cap_fp=0 cap_fi=0 cap_fe=0 cap_fver=0 cap_frootid=0OUID="root" OGID="root"
type=PATH msg=audit(1772114035.630:1906): item=1 name="/lib64/ld-linux-x86-64.so.2" inode=1481429 dev=08:02 mode=0100755 ouid=0 ogid=0 rdev=00:00 nametype=NORMAL cap_fp=0 cap_fi=0 cap_fe=0 cap_fver=0 cap_frootid=0OUID="root" OGID="root"
type=PROCTITLE msg=audit(1772114035.630:1906): proctitle=2F62696E2F62617368002D6300202F7573722F62696E2F6C65737370697065202F7661722F7777772F776F726470726573732F77702D636F6E6669672E706870
type=SYSCALL msg=audit(1772114035.645:1907): arch=c000003e syscall=59 success=yes exit=0 a0=5c599af44570 a1=5c599af42b40 a2=5c599af41da0 a3=8 items=3 ppid=1603 pid=1604 auid=1000 uid=0 gid=0 euid=0 suid=0 fsuid=0 egid=0 sgid=0 fsgid=0 tty=pts1 ses=1 comm="lesspipe" exe="/usr/bin/dash" subj=unconfined key="T1078_Valid_Accounts"ARCH=x86_64 SYSCALL=execve AUID="vboxuser" UID="root" GID="root" EUID="root" SUID="root" FSUID="root" EGID="root" SGID="root" FSGID="root"
type=EXECVE msg=audit(1772114035.645:1907): argc=3 a0="/bin/sh" a1="/usr/bin/lesspipe" a2="/var/www/wordpress/wp-config.php"
type=PATH msg=audit(1772114035.645:1907): item=0 name="/usr/bin/lesspipe" inode=1442512 dev=08:02 mode=0100755 ouid=0 ogid=0 rdev=00:00 nametype=NORMAL cap_fp=0 cap_fi=0 cap_fe=0 cap_fver=0 cap_frootid=0OUID="root" OGID="root"
type=PATH msg=audit(1772114035.645:1907): item=1 name="/bin/sh" inode=1442345 dev=08:02 mode=0100755 ouid=0 ogid=0 rdev=00:00 nametype=NORMAL cap_fp=0 cap_fi=0 cap_fe=0 cap_fver=0 cap_frootid=0OUID="root" OGID="root"
type=PATH msg=audit(1772114035.645:1907): item=2 name="/lib64/ld-linux-x86-64.so.2" inode=1481429 dev=08:02 mode=0100755 ouid=0 ogid=0 rdev=00:00 nametype=NORMAL cap_fp=0 cap_fi=0 cap_fe=0 cap_fver=0 cap_frootid=0OUID="root" OGID="root"
type=PROCTITLE msg=audit(1772114035.645:1907): proctitle=2F62696E2F62617368002D6300202F7573722F62696E2F6C65737370697065202F7661722F7777772F776F726470726573732F77702D636F6E6669672E706870
type=SYSCALL msg=audit(1772114035.672:1908): arch=c000003e syscall=59 success=yes exit=0 a0=5c7a86ac7918 a1=5c7a53883600 a2=5c7a86ac7878 a3=1 items=2 ppid=1604 pid=1605 auid=1000 uid=0 gid=0 euid=0 suid=0 fsuid=0 egid=0 sgid=0 fsgid=0 tty=pts1 ses=1 comm="basename" exe="/usr/bin/basename" subj=unconfined key="T1078_Valid_Accounts"ARCH=x86_64 SYSCALL=execve AUID="vboxuser" UID="root" GID="root" EUID="root" SUID="root" FSUID="root" EGID="root" SGID="root" FSGID="root"
type=EXECVE msg=audit(1772114035.672:1908): argc=2 a0="basename" a1="/usr/bin/lesspipe"
type=PATH msg=audit(1772114035.672:1908): item=0 name="/usr/bin/basename" inode=1442258 dev=08:02 mode=0100755 ouid=0 ogid=0 rdev=00:00 nametype=NORMAL cap_fp=0 cap_fi=0 cap_fe=0 cap_fver=0 cap_frootid=0OUID="root" OGID="root"
type=PATH msg=audit(1772114035.672:1908): item=1 name="/lib64/ld-linux-x86-64.so.2" inode=1481429 dev=08:02 mode=0100755 ouid=0 ogid=0 rdev=00:00 nametype=NORMAL cap_fp=0 cap_fi=0 cap_fe=0 cap_fver=0 cap_frootid=0OUID="root" OGID="root"
type=PROCTITLE msg=audit(1772114035.672:1908): proctitle=626173656E616D65002F7573722F62696E2F6C65737370697065
type=SYSCALL msg=audit(1772114035.698:1909): arch=c000003e syscall=59 success=yes exit=0 a0=5c7a86ad38b0 a1=5c7a86ad37f0 a2=5c7a86ad3810 a3=5c7a86ad3a10 items=2 ppid=1607 pid=1609 auid=1000 uid=0 gid=0 euid=0 suid=0 fsuid=0 egid=0 sgid=0 fsgid=0 tty=pts1 ses=1 comm="tr" exe="/usr/bin/tr" subj=unconfined key="T1078_Valid_Accounts"ARCH=x86_64 SYSCALL=execve AUID="vboxuser" UID="root" GID="root" EUID="root" SUID="root" FSUID="root" EGID="root" SGID="root" FSGID="root"
type=EXECVE msg=audit(1772114035.698:1909): argc=3 a0="tr" a1="[:upper:]" a2="[:lower:]"
type=PATH msg=audit(1772114035.698:1909): item=0 name="/usr/bin/tr" inode=1442926 dev=08:02 mode=0100755 ouid=0 ogid=0 rdev=00:00 nametype=NORMAL cap_fp=0 cap_fi=0 cap_fe=0 cap_fver=0 cap_frootid=0OUID="root" OGID="root"
type=PATH msg=audit(1772114035.698:1909): item=1 name="/lib64/ld-linux-x86-64.so.2" inode=1481429 dev=08:02 mode=0100755 ouid=0 ogid=0 rdev=00:00 nametype=NORMAL cap_fp=0 cap_fi=0 cap_fe=0 cap_fver=0 cap_frootid=0OUID="root" OGID="root"
type=PROCTITLE msg=audit(1772114035.698:1909): proctitle=7472005B3A75707065723A5D005B3A6C6F7765723A5D
type=SYSCALL msg=audit(1772114041.856:1910): arch=c000003e syscall=91 success=yes exit=0 a0=4 a1=180 a2=0 a3=1b6 items=1 ppid=1183 pid=1602 auid=1000 uid=0 gid=0 euid=0 suid=0 fsuid=0 egid=0 sgid=0 fsgid=0 tty=pts1 ses=1 comm="less" exe="/usr/bin/less" subj=unconfined key="T1166_Seuid_and_Setgid"ARCH=x86_64 SYSCALL=fchmod AUID="vboxuser" UID="root" GID="root" EUID="root" SUID="root" FSUID="root" EGID="root" SGID="root" FSGID="root"
type=PATH msg=audit(1772114041.856:1910): item=0 name=(null) inode=1051137 dev=08:02 mode=0100644 ouid=0 ogid=0 rdev=00:00 nametype=NORMAL cap_fp=0 cap_fi=0 cap_fe=0 cap_fver=0 cap_frootid=0OUID="root" OGID="root"
type=PROCTITLE msg=audit(1772114041.856:1910): proctitle=6C657373002F7661722F7777772F776F726470726573732F77702D636F6E6669672E706870
type=SYSCALL msg=audit(1772114041.856:1911): arch=c000003e syscall=82 success=yes exit=0 a0=5b29b4167bc0 a1=5b29b4167ba0 a2=5b2c068dcd4d a3=5b29b415d320 items=5 ppid=1183 pid=1602 auid=1000 uid=0 gid=0 euid=0 suid=0 fsuid=0 egid=0 sgid=0 fsgid=0 tty=pts1 ses=1 comm="less" exe="/usr/bin/less" subj=unconfined key="T1107_File_Deletion"ARCH=x86_64 SYSCALL=rename AUID="vboxuser" UID="root" GID="root" EUID="root" SUID="root" FSUID="root" EGID="root" SGID="root" FSGID="root"
type=PATH msg=audit(1772114041.856:1911): item=0 name="/root/" inode=1048578 dev=08:02 mode=040700 ouid=0 ogid=0 rdev=00:00 nametype=PARENT cap_fp=0 cap_fi=0 cap_fe=0 cap_fver=0 cap_frootid=0OUID="root" OGID="root"
type=PATH msg=audit(1772114041.856:1911): item=1 name="/root/" inode=1048578 dev=08:02 mode=040700 ouid=0 ogid=0 rdev=00:00 nametype=PARENT cap_fp=0 cap_fi=0 cap_fe=0 cap_fver=0 cap_frootid=0OUID="root" OGID="root"
type=PATH msg=audit(1772114041.856:1911): item=2 name="/root/.lesshsQ" inode=1051137 dev=08:02 mode=0100600 ouid=0 ogid=0 rdev=00:00 nametype=DELETE cap_fp=0 cap_fi=0 cap_fe=0 cap_fver=0 cap_frootid=0OUID="root" OGID="root"
type=PATH msg=audit(1772114041.856:1911): item=3 name="/root/.lesshst" inode=1050534 dev=08:02 mode=0100600 ouid=0 ogid=0 rdev=00:00 nametype=DELETE cap_fp=0 cap_fi=0 cap_fe=0 cap_fver=0 cap_frootid=0OUID="root" OGID="root"
type=PATH msg=audit(1772114041.856:1911): item=4 name="/root/.lesshst" inode=1051137 dev=08:02 mode=0100600 ouid=0 ogid=0 rdev=00:00 nametype=CREATE cap_fp=0 cap_fi=0 cap_fe=0 cap_fver=0 cap_frootid=0OUID="root" OGID="root"
type=PROCTITLE msg=audit(1772114041.856:1911): proctitle=6C657373002F7661722F7777772F776F726470726573732F77702D636F6E6669672E706870
type=SYSCALL msg=audit(1772114070.008:1912): arch=c000003e syscall=59 success=yes exit=0 a0=5fd7daafece0 a1=5fd7daaf01e0 a2=5fd7daa86960 a3=5fd7daaec370 items=2 ppid=1183 pid=1610 auid=1000 uid=0 gid=0 euid=0 suid=0 fsuid=0 egid=0 sgid=0 fsgid=0 tty=pts1 ses=1 comm="mariadb" exe="/usr/bin/mariadb" subj=unconfined key="T1078_Valid_Accounts"ARCH=x86_64 SYSCALL=execve AUID="vboxuser" UID="root" GID="root" EUID="root" SUID="root" FSUID="root" EGID="root" SGID="root" FSGID="root"
type=EXECVE msg=audit(1772114070.008:1912): argc=7 a0="mariadb" a1="-h" a2="localhost" a3="-u" a4="root" a5="-p" a6="wordpress"
type=PATH msg=audit(1772114070.008:1912): item=0 name="/usr/bin/mariadb" inode=1498967 dev=08:02 mode=0100755 ouid=0 ogid=0 rdev=00:00 nametype=NORMAL cap_fp=0 cap_fi=0 cap_fe=0 cap_fver=0 cap_frootid=0OUID="root" OGID="root"
type=PATH msg=audit(1772114070.008:1912): item=1 name="/lib64/ld-linux-x86-64.so.2" inode=1481429 dev=08:02 mode=0100755 ouid=0 ogid=0 rdev=00:00 nametype=NORMAL cap_fp=0 cap_fi=0 cap_fe=0 cap_fver=0 cap_frootid=0OUID="root" OGID="root"
type=PROCTITLE msg=audit(1772114070.008:1912): proctitle=6D617269616462002D68006C6F63616C686F7374002D7500726F6F74002D7000776F72647072657373
type=SYSCALL msg=audit(1772114101.442:1913): arch=c000003e syscall=257 success=yes exit=7 a0=ffffff9c a1=7e9a59dcf347 a2=80000 a3=0 items=1 ppid=725 pid=1611 auid=4294967295 uid=0 gid=0 euid=0 suid=0 fsuid=0 egid=0 sgid=0 fsgid=0 tty=(none) ses=4294967295 comm="cron" exe="/usr/sbin/cron" subj=unconfined key="T1087_Account_Discovery"ARCH=x86_64 SYSCALL=openat AUID="unset" UID="root" GID="root" EUID="root" SUID="root" FSUID="root" EGID="root" SGID="root" FSGID="root"
type=PATH msg=audit(1772114101.442:1913): item=0 name="/etc/shadow" inode=1050300 dev=08:02 mode=0100640 ouid=0 ogid=42 rdev=00:00 nametype=NORMAL cap_fp=0 cap_fi=0 cap_fe=0 cap_fver=0 cap_frootid=0OUID="root" OGID="shadow"
type=PROCTITLE msg=audit(1772114101.442:1913): proctitle=2F7573722F7362696E2F43524F4E002D66002D50
type=USER_ACCT msg=audit(1772114101.442:1914): pid=1611 uid=0 auid=4294967295 ses=4294967295 subj=unconfined msg='op=PAM:accounting grantors=pam_permit acct="root" exe="/usr/sbin/cron" hostname=? addr=? terminal=cron res=success'UID="root" AUID="unset"
type=CRED_ACQ msg=audit(1772114101.446:1915): pid=1611 uid=0 auid=4294967295 ses=4294967295 subj=unconfined msg='op=PAM:setcred grantors=pam_permit,pam_cap acct="root" exe="/usr/sbin/cron" hostname=? addr=? terminal=cron res=success'UID="root" AUID="unset"
type=LOGIN msg=audit(1772114101.447:1916): pid=1611 uid=0 subj=unconfined old-auid=4294967295 auid=0 tty=(none) old-ses=4294967295 ses=5 res=1UID="root" OLD-AUID="unset" AUID="root"
type=SYSCALL msg=audit(1772114101.447:1916): arch=c000003e syscall=1 success=yes exit=1 a0=7 a1=7ffcc62a6940 a2=1 a3=0 items=0 ppid=725 pid=1611 auid=0 uid=0 gid=0 euid=0 suid=0 fsuid=0 egid=0 sgid=0 fsgid=0 tty=(none) ses=5 comm="cron" exe="/usr/sbin/cron" subj=unconfined key=(null)ARCH=x86_64 SYSCALL=write AUID="root" UID="root" GID="root" EUID="root" SUID="root" FSUID="root" EGID="root" SGID="root" FSGID="root"
type=PROCTITLE msg=audit(1772114101.447:1916): proctitle=2F7573722F7362696E2F43524F4E002D66002D50
type=USER_START msg=audit(1772114101.448:1917): pid=1611 uid=0 auid=0 ses=5 subj=unconfined msg='op=PAM:session_open grantors=pam_loginuid,pam_env,pam_env,pam_permit,pam_umask,pam_unix,pam_limits acct="root" exe="/usr/sbin/cron" hostname=? addr=? terminal=cron res=success'UID="root" AUID="root"
type=SYSCALL msg=audit(1772114101.449:1918): arch=c000003e syscall=106 success=yes exit=0 a0=0 a1=5a0eed9ce900 a2=5a0b4d70ffbe a3=5a0eed9ce910 items=0 ppid=1611 pid=1612 auid=0 uid=0 gid=0 euid=0 suid=0 fsuid=0 egid=0 sgid=0 fsgid=0 tty=(none) ses=5 comm="cron" exe="/usr/sbin/cron" subj=unconfined key="T1166_Seuid_and_Setgid"ARCH=x86_64 SYSCALL=setgid AUID="root" UID="root" GID="root" EUID="root" SUID="root" FSUID="root" EGID="root" SGID="root" FSGID="root"
type=PROCTITLE msg=audit(1772114101.449:1918): proctitle=2F7573722F7362696E2F43524F4E002D66002D50
type=CRED_REFR msg=audit(1772114101.449:1919): pid=1612 uid=0 auid=0 ses=5 subj=unconfined msg='op=PAM:setcred grantors=pam_permit,pam_cap acct="root" exe="/usr/sbin/cron" hostname=? addr=? terminal=cron res=success'UID="root" AUID="root"
type=SYSCALL msg=audit(1772114101.449:1920): arch=c000003e syscall=105 success=yes exit=0 a0=0 a1=5a0eed9da5e0 a2=5a0b4d737c0a a3=5a0eed9da5f0 items=0 ppid=1611 pid=1612 auid=0 uid=0 gid=0 euid=0 suid=0 fsuid=0 egid=0 sgid=0 fsgid=0 tty=(none) ses=5 comm="cron" exe="/usr/sbin/cron" subj=unconfined key="T1166_Seuid_and_Setgid"ARCH=x86_64 SYSCALL=setuid AUID="root" UID="root" GID="root" EUID="root" SUID="root" FSUID="root" EGID="root" SGID="root" FSGID="root"
type=PROCTITLE msg=audit(1772114101.449:1920): proctitle=2F7573722F7362696E2F43524F4E002D66002D50
type=SYSCALL msg=audit(1772114101.449:1921): arch=c000003e syscall=59 success=yes exit=0 a0=5a0eed9da5d6 a1=7ffcc62a69f0 a2=5a0eed9e80b0 a3=5a0eed9da5d6 items=2 ppid=1611 pid=1612 auid=0 uid=0 gid=0 euid=0 suid=0 fsuid=0 egid=0 sgid=0 fsgid=0 tty=(none) ses=5 comm="sh" exe="/usr/bin/dash" subj=unconfined key="T1078_Valid_Accounts"ARCH=x86_64 SYSCALL=execve AUID="root" UID="root" GID="root" EUID="root" SUID="root" FSUID="root" EGID="root" SGID="root" FSGID="root"
type=EXECVE msg=audit(1772114101.449:1921): argc=3 a0="/bin/sh" a1="-c" a2=636F6D6D616E64202D762064656269616E2D736131203E202F6465762F6E756C6C2026262064656269616E2D73613120312031
type=PATH msg=audit(1772114101.449:1921): item=0 name="/bin/sh" inode=1442345 dev=08:02 mode=0100755 ouid=0 ogid=0 rdev=00:00 nametype=NORMAL cap_fp=0 cap_fi=0 cap_fe=0 cap_fver=0 cap_frootid=0OUID="root" OGID="root"
type=PATH msg=audit(1772114101.449:1921): item=1 name="/lib64/ld-linux-x86-64.so.2" inode=1481429 dev=08:02 mode=0100755 ouid=0 ogid=0 rdev=00:00 nametype=NORMAL cap_fp=0 cap_fi=0 cap_fe=0 cap_fver=0 cap_frootid=0OUID="root" OGID="root"
type=PROCTITLE msg=audit(1772114101.449:1921): proctitle=2F7573722F7362696E2F43524F4E002D66002D50
type=SYSCALL msg=audit(1772114101.457:1922): arch=c000003e syscall=59 success=yes exit=0 a0=5be8afa5f538 a1=5be8afa5f4e0 a2=5be8afa5f500 a3=8 items=3 ppid=1612 pid=1613 auid=0 uid=0 gid=0 euid=0 suid=0 fsuid=0 egid=0 sgid=0 fsgid=0 tty=(none) ses=5 comm="debian-sa1" exe="/usr/bin/dash" subj=unconfined key="T1078_Valid_Accounts"ARCH=x86_64 SYSCALL=execve AUID="root" UID="root" GID="root" EUID="root" SUID="root" FSUID="root" EGID="root" SGID="root" FSGID="root"
type=EXECVE msg=audit(1772114101.457:1922): argc=4 a0="/bin/sh" a1="/usr/lib/sysstat/debian-sa1" a2="1" a3="1"
type=PATH msg=audit(1772114101.457:1922): item=0 name="/usr/lib/sysstat/debian-sa1" inode=1456136 dev=08:02 mode=0100755 ouid=0 ogid=0 rdev=00:00 nametype=NORMAL cap_fp=0 cap_fi=0 cap_fe=0 cap_fver=0 cap_frootid=0OUID="root" OGID="root"
type=PATH msg=audit(1772114101.457:1922): item=1 name="/bin/sh" inode=1442345 dev=08:02 mode=0100755 ouid=0 ogid=0 rdev=00:00 nametype=NORMAL cap_fp=0 cap_fi=0 cap_fe=0 cap_fver=0 cap_frootid=0OUID="root" OGID="root"
type=PATH msg=audit(1772114101.457:1922): item=2 name="/lib64/ld-linux-x86-64.so.2" inode=1481429 dev=08:02 mode=0100755 ouid=0 ogid=0 rdev=00:00 nametype=NORMAL cap_fp=0 cap_fi=0 cap_fe=0 cap_fver=0 cap_frootid=0OUID="root" OGID="root"
type=PROCTITLE msg=audit(1772114101.457:1922): proctitle=2F62696E2F7368002F7573722F6C69622F737973737461742F64656269616E2D73613100310031
type=CRED_DISP msg=audit(1772114101.477:1923): pid=1611 uid=0 auid=0 ses=5 subj=unconfined msg='op=PAM:setcred grantors=pam_permit acct="root" exe="/usr/sbin/cron" hostname=? addr=? terminal=cron res=success'UID="root" AUID="root"
type=USER_END msg=audit(1772114101.478:1924): pid=1611 uid=0 auid=0 ses=5 subj=unconfined msg='op=PAM:session_close grantors=pam_loginuid,pam_env,pam_env,pam_permit,pam_umask,pam_unix,pam_limits acct="root" exe="/usr/sbin/cron" hostname=? addr=? terminal=cron res=success'UID="root" AUID="root"
type=SYSCALL msg=audit(1772114384.116:1925): arch=c000003e syscall=59 success=yes exit=0 a0=7ffe6f2b4e50 a1=7ffe6f2b4e70 a2=7ffe6f2b5978 a3=8 items=2 ppid=1 pid=1623 auid=4294967295 uid=0 gid=0 euid=0 suid=0 fsuid=0 egid=0 sgid=0 fsgid=0 tty=(none) ses=4294967295 comm="9" exe="/usr/lib/systemd/systemd-executor" subj=unconfined key="T1078_Valid_Accounts"ARCH=x86_64 SYSCALL=execve AUID="unset" UID="root" GID="root" EUID="root" SUID="root" FSUID="root" EGID="root" SGID="root" FSGID="root"
type=EXECVE msg=audit(1772114384.116:1925): argc=7 a0="/usr/lib/systemd/systemd-executor" a1="--deserialize" a2="96" a3="--log-level" a4="info" a5="--log-target" a6="journal-or-kmsg"
type=PATH msg=audit(1772114384.116:1925): item=0 name="/proc/self/fd/9" inode=1463834 dev=08:02 mode=0100755 ouid=0 ogid=0 rdev=00:00 nametype=NORMAL cap_fp=0 cap_fi=0 cap_fe=0 cap_fver=0 cap_frootid=0OUID="root" OGID="root"
type=PATH msg=audit(1772114384.116:1925): item=1 name="/lib64/ld-linux-x86-64.so.2" inode=1481429 dev=08:02 mode=0100755 ouid=0 ogid=0 rdev=00:00 nametype=NORMAL cap_fp=0 cap_fi=0 cap_fe=0 cap_fver=0 cap_frootid=0OUID="root" OGID="root"
type=PROCTITLE msg=audit(1772114384.116:1925): proctitle=2F7573722F6C69622F73797374656D642F73797374656D642D6578656375746F72002D2D646573657269616C697A65003936002D2D6C6F672D6C6576656C00696E666F002D2D6C6F672D746172676574006A6F75726E616C2D6F722D6B6D7367
type=SYSCALL msg=audit(1772114384.157:1926): arch=c000003e syscall=42 success=yes exit=0 a0=4 a1=7fff8612f640 a2=1e a3=7fff8612f6f0 items=1 ppid=1 pid=1623 auid=4294967295 uid=0 gid=0 euid=0 suid=0 fsuid=0 egid=0 sgid=0 fsgid=0 tty=(none) ses=4294967295 comm="9" exe="/usr/lib/systemd/systemd-executor" subj=unconfined key="T1043_Commonly_Used_Port"ARCH=x86_64 SYSCALL=connect AUID="unset" UID="root" GID="root" EUID="root" SUID="root" FSUID="root" EGID="root" SGID="root" FSGID="root"
type=SOCKADDR msg=audit(1772114384.157:1926): saddr=01002F72756E2F73797374656D642F6A6F75726E616C2F736F636B657400SADDR={ saddr_fam=local path=/run/systemd/journal/socket }
type=PATH msg=audit(1772114384.157:1926): item=0 name="/run/systemd/journal/socket" inode=455 dev=00:18 mode=0140666 ouid=0 ogid=0 rdev=00:00 nametype=NORMAL cap_fp=0 cap_fi=0 cap_fe=0 cap_fver=0 cap_frootid=0OUID="root" OGID="root"
type=PROCTITLE msg=audit(1772114384.157:1926): proctitle=2F7573722F6C69622F73797374656D642F73797374656D642D6578656375746F72002D2D646573657269616C697A65003936002D2D6C6F672D6C6576656C00696E666F002D2D6C6F672D746172676574006A6F75726E616C2D6F722D6B6D7367
type=SYSCALL msg=audit(1772114384.157:1927): arch=c000003e syscall=42 success=yes exit=0 a0=4 a1=7fff8612f040 a2=2d a3=569fdd399300 items=1 ppid=1 pid=1623 auid=4294967295 uid=0 gid=0 euid=0 suid=0 fsuid=0 egid=0 sgid=0 fsgid=0 tty=(none) ses=4294967295 comm="(fwupdmgr)" exe="/usr/lib/systemd/systemd-executor" subj=unconfined key="T1043_Commonly_Used_Port"ARCH=x86_64 SYSCALL=connect AUID="unset" UID="root" GID="root" EUID="root" SUID="root" FSUID="root" EGID="root" SGID="root" FSGID="root"
type=SOCKADDR msg=audit(1772114384.157:1927): saddr=01002F72756E2F73797374656D642F7573657264622F696F2E73797374656D642E44796E616D69635573657200SADDR={ saddr_fam=local path=/run/systemd/userdb/io.systemd.DynamicUser }
type=PATH msg=audit(1772114384.157:1927): item=0 name="/run/systemd/userdb/io.systemd.DynamicUser" inode=442 dev=00:18 mode=0140666 ouid=0 ogid=0 rdev=00:00 nametype=NORMAL cap_fp=0 cap_fi=0 cap_fe=0 cap_fver=0 cap_frootid=0OUID="root" OGID="root"
type=PROCTITLE msg=audit(1772114384.157:1927): proctitle=2F7573722F6C69622F73797374656D642F73797374656D642D6578656375746F72002D2D646573657269616C697A65003936002D2D6C6F672D6C6576656C00696E666F002D2D6C6F672D746172676574006A6F75726E616C2D6F722D6B6D7367
type=SYSCALL msg=audit(1772114384.170:1928): arch=c000003e syscall=42 success=yes exit=0 a0=3 a1=7fff8612f1c0 a2=1e a3=fffffff7 items=1 ppid=1 pid=1623 auid=4294967295 uid=0 gid=0 euid=989 suid=0 fsuid=989 egid=989 sgid=0 fsgid=989 tty=(none) ses=4294967295 comm="(fwupdmgr)" exe="/usr/lib/systemd/systemd-executor" subj=unconfined key="T1043_Commonly_Used_Port"ARCH=x86_64 SYSCALL=connect AUID="unset" UID="root" GID="root" EUID="fwupd-refresh" SUID="root" FSUID="fwupd-refresh" EGID="fwupd-refresh" SGID="root" FSGID="fwupd-refresh"
type=SOCKADDR msg=audit(1772114384.170:1928): saddr=01002F72756E2F73797374656D642F6A6F75726E616C2F7374646F757400SADDR={ saddr_fam=local path=/run/systemd/journal/stdout }
type=PATH msg=audit(1772114384.170:1928): item=0 name="/run/systemd/journal/stdout" inode=456 dev=00:18 mode=0140666 ouid=0 ogid=0 rdev=00:00 nametype=NORMAL cap_fp=0 cap_fi=0 cap_fe=0 cap_fver=0 cap_frootid=0OUID="root" OGID="root"
type=PROCTITLE msg=audit(1772114384.170:1928): proctitle=2F7573722F6C69622F73797374656D642F73797374656D642D6578656375746F72002D2D646573657269616C697A65003936002D2D6C6F672D6C6576656C00696E666F002D2D6C6F672D746172676574006A6F75726E616C2D6F722D6B6D7367
type=SYSCALL msg=audit(1772114384.170:1929): arch=c000003e syscall=114 success=yes exit=0 a0=3dd a1=ffffffff a2=300 a3=7fff8612f370 items=0 ppid=1 pid=1623 auid=4294967295 uid=0 gid=989 euid=0 suid=0 fsuid=0 egid=0 sgid=0 fsgid=0 tty=(none) ses=4294967295 comm="(fwupdmgr)" exe="/usr/lib/systemd/systemd-executor" subj=unconfined key="T1166_Seuid_and_Setgid"ARCH=x86_64 SYSCALL=setregid AUID="unset" UID="root" GID="fwupd-refresh" EUID="root" SUID="root" FSUID="root" EGID="root" SGID="root" FSGID="root"
type=PROCTITLE msg=audit(1772114384.170:1929): proctitle=2F7573722F6C69622F73797374656D642F73797374656D642D6578656375746F72002D2D646573657269616C697A65003936002D2D6C6F672D6C6576656C00696E666F002D2D6C6F672D746172676574006A6F75726E616C2D6F722D6B6D7367
type=SYSCALL msg=audit(1772114384.173:1930): arch=c000003e syscall=113 success=yes exit=0 a0=3dd a1=ffffffff a2=0 a3=7fff8612f370 items=0 ppid=1 pid=1623 auid=4294967295 uid=989 gid=989 euid=0 suid=0 fsuid=0 egid=0 sgid=0 fsgid=0 tty=(none) ses=4294967295 comm="(fwupdmgr)" exe="/usr/lib/systemd/systemd-executor" subj=unconfined key="T1166_Seuid_and_Setgid"ARCH=x86_64 SYSCALL=setreuid AUID="unset" UID="fwupd-refresh" GID="fwupd-refresh" EUID="root" SUID="root" FSUID="root" EGID="root" SGID="root" FSGID="root"
type=PROCTITLE msg=audit(1772114384.173:1930): proctitle=2F7573722F6C69622F73797374656D642F73797374656D642D6578656375746F72002D2D646573657269616C697A65003936002D2D6C6F672D6C6576656C00696E666F002D2D6C6F672D746172676574006A6F75726E616C2D6F722D6B6D7367
type=SYSCALL msg=audit(1772114384.173:1931): arch=c000003e syscall=113 success=yes exit=0 a0=0 a1=ffffffff a2=0 a3=0 items=0 ppid=1 pid=1623 auid=4294967295 uid=0 gid=989 euid=0 suid=0 fsuid=0 egid=0 sgid=0 fsgid=0 tty=(none) ses=4294967295 comm="(fwupdmgr)" exe="/usr/lib/systemd/systemd-executor" subj=unconfined key="T1166_Seuid_and_Setgid"ARCH=x86_64 SYSCALL=setreuid AUID="unset" UID="root" GID="fwupd-refresh" EUID="root" SUID="root" FSUID="root" EGID="root" SGID="root" FSGID="root"
type=PROCTITLE msg=audit(1772114384.173:1931): proctitle=2F7573722F6C69622F73797374656D642F73797374656D642D6578656375746F72002D2D646573657269616C697A65003936002D2D6C6F672D6C6576656C00696E666F002D2D6C6F672D746172676574006A6F75726E616C2D6F722D6B6D7367
type=SYSCALL msg=audit(1772114384.173:1932): arch=c000003e syscall=114 success=yes exit=0 a0=0 a1=ffffffff a2=0 a3=0 items=0 ppid=1 pid=1623 auid=4294967295 uid=0 gid=0 euid=0 suid=0 fsuid=0 egid=0 sgid=0 fsgid=0 tty=(none) ses=4294967295 comm="(fwupdmgr)" exe="/usr/lib/systemd/systemd-executor" subj=unconfined key="T1166_Seuid_and_Setgid"ARCH=x86_64 SYSCALL=setregid AUID="unset" UID="root" GID="root" EUID="root" SUID="root" FSUID="root" EGID="root" SGID="root" FSGID="root"
type=PROCTITLE msg=audit(1772114384.173:1932): proctitle=2F7573722F6C69622F73797374656D642F73797374656D642D6578656375746F72002D2D646573657269616C697A65003936002D2D6C6F672D6C6576656C00696E666F002D2D6C6F672D746172676574006A6F75726E616C2D6F722D6B6D7367
type=SYSCALL msg=audit(1772114384.188:1933): arch=c000003e syscall=59 success=yes exit=0 a0=569fdd397960 a1=569fdd3a68e0 a2=569fdd398cc0 a3=569fdd397d40 items=2 ppid=1 pid=1623 auid=4294967295 uid=989 gid=989 euid=989 suid=989 fsuid=989 egid=989 sgid=989 fsgid=989 tty=(none) ses=4294967295 comm="fwupdmgr" exe="/usr/bin/fwupdmgr" subj=unconfined key="T1166_Seuid_and_Setgid"ARCH=x86_64 SYSCALL=execve AUID="unset" UID="fwupd-refresh" GID="fwupd-refresh" EUID="fwupd-refresh" SUID="fwupd-refresh" FSUID="fwupd-refresh" EGID="fwupd-refresh" SGID="fwupd-refresh" FSGID="fwupd-refresh"
type=EXECVE msg=audit(1772114384.188:1933): argc=2 a0="/usr/bin/fwupdmgr" a1="refresh"
type=PATH msg=audit(1772114384.188:1933): item=0 name="/usr/bin/fwupdmgr" inode=1457086 dev=08:02 mode=0100755 ouid=0 ogid=0 rdev=00:00 nametype=NORMAL cap_fp=0 cap_fi=0 cap_fe=0 cap_fver=0 cap_frootid=0OUID="root" OGID="root"
type=PATH msg=audit(1772114384.188:1933): item=1 name="/lib64/ld-linux-x86-64.so.2" inode=1481429 dev=08:02 mode=0100755 ouid=0 ogid=0 rdev=00:00 nametype=NORMAL cap_fp=0 cap_fi=0 cap_fe=0 cap_fver=0 cap_frootid=0OUID="root" OGID="root"
type=PROCTITLE msg=audit(1772114384.188:1933): proctitle=2F7573722F6C69622F73797374656D642F73797374656D642D6578656375746F72002D2D646573657269616C697A65003936002D2D6C6F672D6C6576656C00696E666F002D2D6C6F672D746172676574006A6F75726E616C2D6F722D6B6D7367
type=SYSCALL msg=audit(1772114384.478:1934): arch=c000003e syscall=59 success=yes exit=0 a0=7ffe6f2b4e50 a1=7ffe6f2b4e70 a2=7ffe6f2b5978 a3=8 items=2 ppid=1 pid=1628 auid=4294967295 uid=0 gid=0 euid=0 suid=0 fsuid=0 egid=0 sgid=0 fsgid=0 tty=(none) ses=4294967295 comm="9" exe="/usr/lib/systemd/systemd-executor" subj=unconfined key="T1078_Valid_Accounts"ARCH=x86_64 SYSCALL=execve AUID="unset" UID="root" GID="root" EUID="root" SUID="root" FSUID="root" EGID="root" SGID="root" FSGID="root"
type=EXECVE msg=audit(1772114384.478:1934): argc=7 a0="/usr/lib/systemd/systemd-executor" a1="--deserialize" a2="100" a3="--log-level" a4="info" a5="--log-target" a6="journal-or-kmsg"
type=PATH msg=audit(1772114384.478:1934): item=0 name="/proc/self/fd/9" inode=1463834 dev=08:02 mode=0100755 ouid=0 ogid=0 rdev=00:00 nametype=NORMAL cap_fp=0 cap_fi=0 cap_fe=0 cap_fver=0 cap_frootid=0OUID="root" OGID="root"
type=PATH msg=audit(1772114384.478:1934): item=1 name="/lib64/ld-linux-x86-64.so.2" inode=1481429 dev=08:02 mode=0100755 ouid=0 ogid=0 rdev=00:00 nametype=NORMAL cap_fp=0 cap_fi=0 cap_fe=0 cap_fver=0 cap_frootid=0OUID="root" OGID="root"
type=PROCTITLE msg=audit(1772114384.478:1934): proctitle=2F7573722F6C69622F73797374656D642F73797374656D642D6578656375746F72002D2D646573657269616C697A6500313030002D2D6C6F672D6C6576656C00696E666F002D2D6C6F672D746172676574006A6F75726E616C2D6F722D6B6D7367
type=SYSCALL msg=audit(1772114384.507:1935): arch=c000003e syscall=42 success=yes exit=0 a0=4 a1=7ffe1d35cb10 a2=1e a3=7ffe1d35cbc0 items=1 ppid=1 pid=1628 auid=4294967295 uid=0 gid=0 euid=0 suid=0 fsuid=0 egid=0 sgid=0 fsgid=0 tty=(none) ses=4294967295 comm="9" exe="/usr/lib/systemd/systemd-executor" subj=unconfined key="T1043_Commonly_Used_Port"ARCH=x86_64 SYSCALL=connect AUID="unset" UID="root" GID="root" EUID="root" SUID="root" FSUID="root" EGID="root" SGID="root" FSGID="root"
type=SOCKADDR msg=audit(1772114384.507:1935): saddr=01002F72756E2F73797374656D642F6A6F75726E616C2F736F636B657400SADDR={ saddr_fam=local path=/run/systemd/journal/socket }
type=PATH msg=audit(1772114384.507:1935): item=0 name="/run/systemd/journal/socket" inode=455 dev=00:18 mode=0140666 ouid=0 ogid=0 rdev=00:00 nametype=NORMAL cap_fp=0 cap_fi=0 cap_fe=0 cap_fver=0 cap_frootid=0OUID="root" OGID="root"
type=PROCTITLE msg=audit(1772114384.507:1935): proctitle=2F7573722F6C69622F73797374656D642F73797374656D642D6578656375746F72002D2D646573657269616C697A6500313030002D2D6C6F672D6C6576656C00696E666F002D2D6C6F672D746172676574006A6F75726E616C2D6F722D6B6D7367
type=SYSCALL msg=audit(1772114384.540:1936): arch=c000003e syscall=42 success=yes exit=0 a0=3 a1=7ffe1d35c690 a2=1e a3=fffffff7 items=1 ppid=1 pid=1628 auid=4294967295 uid=0 gid=0 euid=0 suid=0 fsuid=0 egid=0 sgid=0 fsgid=0 tty=(none) ses=4294967295 comm="(fwupd)" exe="/usr/lib/systemd/systemd-executor" subj=unconfined key="T1043_Commonly_Used_Port"ARCH=x86_64 SYSCALL=connect AUID="unset" UID="root" GID="root" EUID="root" SUID="root" FSUID="root" EGID="root" SGID="root" FSGID="root"
type=SOCKADDR msg=audit(1772114384.540:1936): saddr=01002F72756E2F73797374656D642F6A6F75726E616C2F7374646F757400SADDR={ saddr_fam=local path=/run/systemd/journal/stdout }
type=PATH msg=audit(1772114384.540:1936): item=0 name="/run/systemd/journal/stdout" inode=456 dev=00:18 mode=0140666 ouid=0 ogid=0 rdev=00:00 nametype=NORMAL cap_fp=0 cap_fi=0 cap_fe=0 cap_fver=0 cap_frootid=0OUID="root" OGID="root"
type=PROCTITLE msg=audit(1772114384.540:1936): proctitle=2F7573722F6C69622F73797374656D642F73797374656D642D6578656375746F72002D2D646573657269616C697A6500313030002D2D6C6F672D6C6576656C00696E666F002D2D6C6F672D746172676574006A6F75726E616C2D6F722D6B6D7367
type=SYSCALL msg=audit(1772114384.614:1937): arch=c000003e syscall=59 success=yes exit=0 a0=61544c77fba0 a1=61544c788010 a2=61544c77c4b0 a3=61544c77dfc0 items=2 ppid=1 pid=1628 auid=4294967295 uid=0 gid=0 euid=0 suid=0 fsuid=0 egid=0 sgid=0 fsgid=0 tty=(none) ses=4294967295 comm="fwupd" exe="/usr/libexec/fwupd/fwupd" subj=unconfined key="T1078_Valid_Accounts"ARCH=x86_64 SYSCALL=execve AUID="unset" UID="root" GID="root" EUID="root" SUID="root" FSUID="root" EGID="root" SGID="root" FSGID="root"
type=BPRM_FCAPS msg=audit(1772114384.614:1937): fver=0 fp=0 fi=0 fe=0 old_pp=000001ffffffffff old_pi=0 old_pe=000001ffffffffff old_pa=0 pp=000001fffffeffff pi=0 pe=000001fffffeffff pa=0 frootid=0
type=EXECVE msg=audit(1772114384.614:1937): argc=1 a0="/usr/libexec/fwupd/fwupd"
type=PATH msg=audit(1772114384.614:1937): item=0 name="/usr/libexec/fwupd/fwupd" inode=1462874 dev=08:02 mode=0100755 ouid=0 ogid=0 rdev=00:00 nametype=NORMAL cap_fp=0 cap_fi=0 cap_fe=0 cap_fver=0 cap_frootid=0OUID="root" OGID="root"
type=PATH msg=audit(1772114384.614:1937): item=1 name="/lib64/ld-linux-x86-64.so.2" inode=1481429 dev=08:02 mode=0100755 ouid=0 ogid=0 rdev=00:00 nametype=NORMAL cap_fp=0 cap_fi=0 cap_fe=0 cap_fver=0 cap_frootid=0OUID="root" OGID="root"
type=PROCTITLE msg=audit(1772114384.614:1937): proctitle=2F7573722F6C69622F73797374656D642F73797374656D642D6578656375746F72002D2D646573657269616C697A6500313030002D2D6C6F672D6C6576656C00696E666F002D2D6C6F672D746172676574006A6F75726E616C2D6F722D6B6D7367
type=BPF msg=audit(1772114386.001:1938): prog-id=25 op=LOAD
type=BPF msg=audit(1772114386.001:1939): prog-id=26 op=LOAD
type=SYSCALL msg=audit(1772114386.015:1940): arch=c000003e syscall=59 success=yes exit=0 a0=7ffe6f2b4e50 a1=7ffe6f2b4e70 a2=7ffe6f2b5978 a3=8 items=2 ppid=1 pid=1635 auid=4294967295 uid=0 gid=0 euid=0 suid=0 fsuid=0 egid=0 sgid=0 fsgid=0 tty=(none) ses=4294967295 comm="9" exe="/usr/lib/systemd/systemd-executor" subj=unconfined key="T1078_Valid_Accounts"ARCH=x86_64 SYSCALL=execve AUID="unset" UID="root" GID="root" EUID="root" SUID="root" FSUID="root" EGID="root" SGID="root" FSGID="root"
type=EXECVE msg=audit(1772114386.015:1940): argc=7 a0="/usr/lib/systemd/systemd-executor" a1="--deserialize" a2="116" a3="--log-level" a4="info" a5="--log-target" a6="journal-or-kmsg"
type=PATH msg=audit(1772114386.015:1940): item=0 name="/proc/self/fd/9" inode=1463834 dev=08:02 mode=0100755 ouid=0 ogid=0 rdev=00:00 nametype=NORMAL cap_fp=0 cap_fi=0 cap_fe=0 cap_fver=0 cap_frootid=0OUID="root" OGID="root"
type=PATH msg=audit(1772114386.015:1940): item=1 name="/lib64/ld-linux-x86-64.so.2" inode=1481429 dev=08:02 mode=0100755 ouid=0 ogid=0 rdev=00:00 nametype=NORMAL cap_fp=0 cap_fi=0 cap_fe=0 cap_fver=0 cap_frootid=0OUID="root" OGID="root"
type=PROCTITLE msg=audit(1772114386.015:1940): proctitle=2F7573722F6C69622F73797374656D642F73797374656D642D6578656375746F72002D2D646573657269616C697A6500313136002D2D6C6F672D6C6576656C00696E666F002D2D6C6F672D746172676574006A6F75726E616C2D6F722D6B6D7367
type=SYSCALL msg=audit(1772114386.115:1941): arch=c000003e syscall=42 success=yes exit=0 a0=4 a1=7fffa6511910 a2=1e a3=7fffa65119c0 items=1 ppid=1 pid=1635 auid=4294967295 uid=0 gid=0 euid=0 suid=0 fsuid=0 egid=0 sgid=0 fsgid=0 tty=(none) ses=4294967295 comm="9" exe="/usr/lib/systemd/systemd-executor" subj=unconfined key="T1043_Commonly_Used_Port"ARCH=x86_64 SYSCALL=connect AUID="unset" UID="root" GID="root" EUID="root" SUID="root" FSUID="root" EGID="root" SGID="root" FSGID="root"
type=SOCKADDR msg=audit(1772114386.115:1941): saddr=01002F72756E2F73797374656D642F6A6F75726E616C2F736F636B657400SADDR={ saddr_fam=local path=/run/systemd/journal/socket }
type=PATH msg=audit(1772114386.115:1941): item=0 name="/run/systemd/journal/socket" inode=455 dev=00:18 mode=0140666 ouid=0 ogid=0 rdev=00:00 nametype=NORMAL cap_fp=0 cap_fi=0 cap_fe=0 cap_fver=0 cap_frootid=0OUID="root" OGID="root"
type=PROCTITLE msg=audit(1772114386.115:1941): proctitle=2F7573722F6C69622F73797374656D642F73797374656D642D6578656375746F72002D2D646573657269616C697A6500313136002D2D6C6F672D6C6576656C00696E666F002D2D6C6F672D746172676574006A6F75726E616C2D6F722D6B6D7367
type=SYSCALL msg=audit(1772114386.162:1942): arch=c000003e syscall=42 success=yes exit=0 a0=3 a1=7fffa6511490 a2=1e a3=fffffff7 items=1 ppid=1 pid=1635 auid=4294967295 uid=0 gid=0 euid=0 suid=0 fsuid=0 egid=0 sgid=0 fsgid=0 tty=(none) ses=4294967295 comm="(upowerd)" exe="/usr/lib/systemd/systemd-executor" subj=unconfined key="T1043_Commonly_Used_Port"ARCH=x86_64 SYSCALL=connect AUID="unset" UID="root" GID="root" EUID="root" SUID="root" FSUID="root" EGID="root" SGID="root" FSGID="root"
type=SOCKADDR msg=audit(1772114386.162:1942): saddr=01002F72756E2F73797374656D642F6A6F75726E616C2F7374646F757400SADDR={ saddr_fam=local path=/run/systemd/journal/stdout }
type=PATH msg=audit(1772114386.162:1942): item=0 name="/run/systemd/journal/stdout" inode=456 dev=00:18 mode=0140666 ouid=0 ogid=0 rdev=00:00 nametype=NORMAL cap_fp=0 cap_fi=0 cap_fe=0 cap_fver=0 cap_frootid=0OUID="root" OGID="root"
type=PROCTITLE msg=audit(1772114386.162:1942): proctitle=2F7573722F6C69622F73797374656D642F73797374656D642D6578656375746F72002D2D646573657269616C697A6500313136002D2D6C6F672D6C6576656C00696E666F002D2D6C6F672D746172676574006A6F75726E616C2D6F722D6B6D7367
type=SYSCALL msg=audit(1772114386.309:1943): arch=c000003e syscall=59 success=yes exit=0 a0=58c7025f9ac0 a1=58c7026012a0 a2=58c7025eede0 a3=58c7025f1c40 items=2 ppid=1 pid=1635 auid=4294967295 uid=0 gid=0 euid=0 suid=0 fsuid=0 egid=0 sgid=0 fsgid=0 tty=(none) ses=4294967295 comm="upowerd" exe="/usr/libexec/upowerd" subj=unconfined key="T1078_Valid_Accounts"ARCH=x86_64 SYSCALL=execve AUID="unset" UID="root" GID="root" EUID="root" SUID="root" FSUID="root" EGID="root" SGID="root" FSGID="root"
type=EXECVE msg=audit(1772114386.309:1943): argc=1 a0="/usr/libexec/upowerd"
type=PATH msg=audit(1772114386.309:1943): item=0 name="/usr/libexec/upowerd" inode=1496425 dev=08:02 mode=0100755 ouid=0 ogid=0 rdev=00:00 nametype=NORMAL cap_fp=0 cap_fi=0 cap_fe=0 cap_fver=0 cap_frootid=0OUID="root" OGID="root"
type=PATH msg=audit(1772114386.309:1943): item=1 name="/lib64/ld-linux-x86-64.so.2" inode=1481429 dev=08:02 mode=0100755 ouid=0 ogid=0 rdev=00:00 nametype=NORMAL cap_fp=0 cap_fi=0 cap_fe=0 cap_fver=0 cap_frootid=0OUID="root" OGID="root"
type=PROCTITLE msg=audit(1772114386.309:1943): proctitle=2F7573722F6C69622F73797374656D642F73797374656D642D6578656375746F72002D2D646573657269616C697A6500313136002D2D6C6F672D6C6576656C00696E666F002D2D6C6F672D746172676574006A6F75726E616C2D6F722D6B6D7367
type=SERVICE_START msg=audit(1772114386.819:1944): pid=1 uid=0 auid=4294967295 ses=4294967295 subj=unconfined msg='unit=upower comm="systemd" exe="/usr/lib/systemd/systemd" hostname=? addr=? terminal=? res=success'UID="root" AUID="unset"
type=SERVICE_START msg=audit(1772114387.276:1945): pid=1 uid=0 auid=4294967295 ses=4294967295 subj=unconfined msg='unit=fwupd comm="systemd" exe="/usr/lib/systemd/systemd" hostname=? addr=? terminal=? res=success'UID="root" AUID="unset"
type=SYSCALL msg=audit(1772114387.402:1946): arch=c000003e syscall=42 success=yes exit=0 a0=c a1=7763beffdd8c a2=10 a3=7763beffa204 items=0 ppid=1 pid=1623 auid=4294967295 uid=989 gid=989 euid=989 suid=989 fsuid=989 egid=989 sgid=989 fsgid=989 tty=(none) ses=4294967295 comm="pool-/usr/bin/f" exe="/usr/bin/fwupdmgr" subj=unconfined key="T1043_Commonly_Used_Port"ARCH=x86_64 SYSCALL=connect AUID="unset" UID="fwupd-refresh" GID="fwupd-refresh" EUID="fwupd-refresh" SUID="fwupd-refresh" FSUID="fwupd-refresh" EGID="fwupd-refresh" SGID="fwupd-refresh" FSGID="fwupd-refresh"
type=SOCKADDR msg=audit(1772114387.402:1946): saddr=020000357F000035A00600B063770000SADDR={ saddr_fam=inet laddr=127.0.0.53 lport=53 }
type=PROCTITLE msg=audit(1772114387.402:1946): proctitle=2F7573722F62696E2F66777570646D67720072656672657368
type=SYSCALL msg=audit(1772114387.496:1947): arch=c000003e syscall=42 success=yes exit=0 a0=c a1=7763b0001060 a2=10 a3=0 items=0 ppid=1 pid=1623 auid=4294967295 uid=989 gid=989 euid=989 suid=989 fsuid=989 egid=989 sgid=989 fsgid=989 tty=(none) ses=4294967295 comm="pool-/usr/bin/f" exe="/usr/bin/fwupdmgr" subj=unconfined key="T1043_Commonly_Used_Port"ARCH=x86_64 SYSCALL=connect AUID="unset" UID="fwupd-refresh" GID="fwupd-refresh" EUID="fwupd-refresh" SUID="fwupd-refresh" FSUID="fwupd-refresh" EGID="fwupd-refresh" SGID="fwupd-refresh" FSGID="fwupd-refresh"
type=SOCKADDR msg=audit(1772114387.496:1947): saddr=020001BBC7E8BE310000000000000000SADDR={ saddr_fam=inet laddr=199.232.190.49 lport=443 }
type=PROCTITLE msg=audit(1772114387.496:1947): proctitle=2F7573722F62696E2F66777570646D67720072656672657368
type=SYSCALL msg=audit(1772114387.499:1948): arch=c000003e syscall=42 success=yes exit=0 a0=c a1=7763b00010b0 a2=1c a3=0 items=0 ppid=1 pid=1623 auid=4294967295 uid=989 gid=989 euid=989 suid=989 fsuid=989 egid=989 sgid=989 fsgid=989 tty=(none) ses=4294967295 comm="pool-/usr/bin/f" exe="/usr/bin/fwupdmgr" subj=unconfined key="T1043_Commonly_Used_Port"ARCH=x86_64 SYSCALL=connect AUID="unset" UID="fwupd-refresh" GID="fwupd-refresh" EUID="fwupd-refresh" SUID="fwupd-refresh" FSUID="fwupd-refresh" EGID="fwupd-refresh" SGID="fwupd-refresh" FSGID="fwupd-refresh"
type=SOCKADDR msg=audit(1772114387.499:1948): saddr=0A0001BB000000002A044E42006F0000000000000000056100000000SADDR={ saddr_fam=inet6 laddr=2a04:4e42:6f::561 lport=443 }
type=PROCTITLE msg=audit(1772114387.499:1948): proctitle=2F7573722F62696E2F66777570646D67720072656672657368
type=SYSCALL msg=audit(1772114387.500:1949): arch=c000003e syscall=42 success=no exit=-115 a0=a a1=7763b4010308 a2=10 a3=a items=0 ppid=1 pid=1623 auid=4294967295 uid=989 gid=989 euid=989 suid=989 fsuid=989 egid=989 sgid=989 fsgid=989 tty=(none) ses=4294967295 comm="pool-/usr/bin/f" exe="/usr/bin/fwupdmgr" subj=unconfined key="T1043_Commonly_Used_Port"ARCH=x86_64 SYSCALL=connect AUID="unset" UID="fwupd-refresh" GID="fwupd-refresh" EUID="fwupd-refresh" SUID="fwupd-refresh" FSUID="fwupd-refresh" EGID="fwupd-refresh" SGID="fwupd-refresh" FSGID="fwupd-refresh"
type=SOCKADDR msg=audit(1772114387.500:1949): saddr=020001BBC7E8BE310000000000000000SADDR={ saddr_fam=inet laddr=199.232.190.49 lport=443 }
type=PROCTITLE msg=audit(1772114387.500:1949): proctitle=2F7573722F62696E2F66777570646D67720072656672657368
type=SYSCALL msg=audit(1772114388.096:1950): arch=c000003e syscall=42 success=no exit=-115 a0=d a1=7763b4156648 a2=1c a3=d items=0 ppid=1 pid=1623 auid=4294967295 uid=989 gid=989 euid=989 suid=989 fsuid=989 egid=989 sgid=989 fsgid=989 tty=(none) ses=4294967295 comm="pool-/usr/bin/f" exe="/usr/bin/fwupdmgr" subj=unconfined key="T1043_Commonly_Used_Port"ARCH=x86_64 SYSCALL=connect AUID="unset" UID="fwupd-refresh" GID="fwupd-refresh" EUID="fwupd-refresh" SUID="fwupd-refresh" FSUID="fwupd-refresh" EGID="fwupd-refresh" SGID="fwupd-refresh" FSGID="fwupd-refresh"
type=SOCKADDR msg=audit(1772114388.096:1950): saddr=0A006B6C000000000000000000000000000000000000000100000000SADDR={ saddr_fam=inet6 laddr=::1 lport=27500 }
type=PROCTITLE msg=audit(1772114388.096:1950): proctitle=2F7573722F62696E2F66777570646D67720072656672657368
type=SYSCALL msg=audit(1772114388.098:1951): arch=c000003e syscall=42 success=no exit=-115 a0=d a1=7763b4756148 a2=10 a3=d items=0 ppid=1 pid=1623 auid=4294967295 uid=989 gid=989 euid=989 suid=989 fsuid=989 egid=989 sgid=989 fsgid=989 tty=(none) ses=4294967295 comm="pool-/usr/bin/f" exe="/usr/bin/fwupdmgr" subj=unconfined key="T1043_Commonly_Used_Port"ARCH=x86_64 SYSCALL=connect AUID="unset" UID="fwupd-refresh" GID="fwupd-refresh" EUID="fwupd-refresh" SUID="fwupd-refresh" FSUID="fwupd-refresh" EGID="fwupd-refresh" SGID="fwupd-refresh" FSGID="fwupd-refresh"
type=SOCKADDR msg=audit(1772114388.098:1951): saddr=02006B6C7F0000010000000000000000SADDR={ saddr_fam=inet laddr=127.0.0.1 lport=27500 }
type=PROCTITLE msg=audit(1772114388.098:1951): proctitle=2F7573722F62696E2F66777570646D67720072656672657368
type=SYSCALL msg=audit(1772114388.101:1952): arch=c000003e syscall=42 success=yes exit=0 a0=f a1=7763beffdd8c a2=10 a3=7763beffa204 items=0 ppid=1 pid=1623 auid=4294967295 uid=989 gid=989 euid=989 suid=989 fsuid=989 egid=989 sgid=989 fsgid=989 tty=(none) ses=4294967295 comm="pool-/usr/bin/f" exe="/usr/bin/fwupdmgr" subj=unconfined key="T1043_Commonly_Used_Port"ARCH=x86_64 SYSCALL=connect AUID="unset" UID="fwupd-refresh" GID="fwupd-refresh" EUID="fwupd-refresh" SUID="fwupd-refresh" FSUID="fwupd-refresh" EGID="fwupd-refresh" SGID="fwupd-refresh" FSGID="fwupd-refresh"
type=SOCKADDR msg=audit(1772114388.101:1952): saddr=020000357F000035A00600B063770000SADDR={ saddr_fam=inet laddr=127.0.0.53 lport=53 }
type=PROCTITLE msg=audit(1772114388.101:1952): proctitle=2F7573722F62696E2F66777570646D67720072656672657368
type=SYSCALL msg=audit(1772114388.105:1953): arch=c000003e syscall=42 success=yes exit=0 a0=f a1=7763b0000e60 a2=10 a3=0 items=0 ppid=1 pid=1623 auid=4294967295 uid=989 gid=989 euid=989 suid=989 fsuid=989 egid=989 sgid=989 fsgid=989 tty=(none) ses=4294967295 comm="pool-/usr/bin/f" exe="/usr/bin/fwupdmgr" subj=unconfined key="T1043_Commonly_Used_Port"ARCH=x86_64 SYSCALL=connect AUID="unset" UID="fwupd-refresh" GID="fwupd-refresh" EUID="fwupd-refresh" SUID="fwupd-refresh" FSUID="fwupd-refresh" EGID="fwupd-refresh" SGID="fwupd-refresh" FSGID="fwupd-refresh"
type=SOCKADDR msg=audit(1772114388.105:1953): saddr=020001BBC7E8BE310000000000000000SADDR={ saddr_fam=inet laddr=199.232.190.49 lport=443 }
type=PROCTITLE msg=audit(1772114388.105:1953): proctitle=2F7573722F62696E2F66777570646D67720072656672657368
type=SYSCALL msg=audit(1772114388.105:1954): arch=c000003e syscall=42 success=yes exit=0 a0=f a1=7763b0001060 a2=1c a3=0 items=0 ppid=1 pid=1623 auid=4294967295 uid=989 gid=989 euid=989 suid=989 fsuid=989 egid=989 sgid=989 fsgid=989 tty=(none) ses=4294967295 comm="pool-/usr/bin/f" exe="/usr/bin/fwupdmgr" subj=unconfined key="T1043_Commonly_Used_Port"ARCH=x86_64 SYSCALL=connect AUID="unset" UID="fwupd-refresh" GID="fwupd-refresh" EUID="fwupd-refresh" SUID="fwupd-refresh" FSUID="fwupd-refresh" EGID="fwupd-refresh" SGID="fwupd-refresh" FSGID="fwupd-refresh"
type=SOCKADDR msg=audit(1772114388.105:1954): saddr=0A0001BB000000002A044E42006F0000000000000000056100000000SADDR={ saddr_fam=inet6 laddr=2a04:4e42:6f::561 lport=443 }
type=PROCTITLE msg=audit(1772114388.105:1954): proctitle=2F7573722F62696E2F66777570646D67720072656672657368
type=SYSCALL msg=audit(1772114388.105:1955): arch=c000003e syscall=42 success=no exit=-115 a0=d a1=7763b45d4588 a2=10 a3=d items=0 ppid=1 pid=1623 auid=4294967295 uid=989 gid=989 euid=989 suid=989 fsuid=989 egid=989 sgid=989 fsgid=989 tty=(none) ses=4294967295 comm="pool-/usr/bin/f" exe="/usr/bin/fwupdmgr" subj=unconfined key="T1043_Commonly_Used_Port"ARCH=x86_64 SYSCALL=connect AUID="unset" UID="fwupd-refresh" GID="fwupd-refresh" EUID="fwupd-refresh" SUID="fwupd-refresh" FSUID="fwupd-refresh" EGID="fwupd-refresh" SGID="fwupd-refresh" FSGID="fwupd-refresh"
type=SOCKADDR msg=audit(1772114388.105:1955): saddr=020001BBC7E8BE310000000000000000SADDR={ saddr_fam=inet laddr=199.232.190.49 lport=443 }
type=PROCTITLE msg=audit(1772114388.105:1955): proctitle=2F7573722F62696E2F66777570646D67720072656672657368
type=SYSCALL msg=audit(1772114389.181:1956): arch=c000003e syscall=59 success=yes exit=0 a0=5e89d88f4780 a1=7ffc441f7000 a2=7ffc441f7e08 a3=0 items=2 ppid=1 pid=1644 auid=4294967295 uid=0 gid=0 euid=0 suid=0 fsuid=0 egid=0 sgid=0 fsgid=0 tty=(none) ses=4294967295 comm="gpgconf" exe="/usr/bin/gpgconf" subj=unconfined key="T1078_Valid_Accounts"ARCH=x86_64 SYSCALL=execve AUID="unset" UID="root" GID="root" EUID="root" SUID="root" FSUID="root" EGID="root" SGID="root" FSGID="root"
type=BPRM_FCAPS msg=audit(1772114389.181:1956): fver=0 fp=0 fi=0 fe=0 old_pp=000001fffffeffff old_pi=0 old_pe=000001fffffeffff old_pa=0 pp=000001fffffeffff pi=0 pe=000001fffffeffff pa=0 frootid=0
type=EXECVE msg=audit(1772114389.181:1956): argc=2 a0="/usr/bin/gpgconf" a1="--list-dirs"
type=PATH msg=audit(1772114389.181:1956): item=0 name="/usr/bin/gpgconf" inode=1443237 dev=08:02 mode=0100755 ouid=0 ogid=0 rdev=00:00 nametype=NORMAL cap_fp=0 cap_fi=0 cap_fe=0 cap_fver=0 cap_frootid=0OUID="root" OGID="root"
type=PATH msg=audit(1772114389.181:1956): item=1 name="/lib64/ld-linux-x86-64.so.2" inode=1481429 dev=08:02 mode=0100755 ouid=0 ogid=0 rdev=00:00 nametype=NORMAL cap_fp=0 cap_fi=0 cap_fe=0 cap_fver=0 cap_frootid=0OUID="root" OGID="root"
type=PROCTITLE msg=audit(1772114389.181:1956): proctitle=2F7573722F62696E2F677067636F6E66002D2D6C6973742D64697273
type=SYSCALL msg=audit(1772114389.225:1957): arch=c000003e syscall=59 success=yes exit=0 a0=5e89d88f4780 a1=7ffc441f7000 a2=7ffc441f7e08 a3=0 items=2 ppid=1 pid=1646 auid=4294967295 uid=0 gid=0 euid=0 suid=0 fsuid=0 egid=0 sgid=0 fsgid=0 tty=(none) ses=4294967295 comm="gpgconf" exe="/usr/bin/gpgconf" subj=unconfined key="T1078_Valid_Accounts"ARCH=x86_64 SYSCALL=execve AUID="unset" UID="root" GID="root" EUID="root" SUID="root" FSUID="root" EGID="root" SGID="root" FSGID="root"
type=BPRM_FCAPS msg=audit(1772114389.225:1957): fver=0 fp=0 fi=0 fe=0 old_pp=000001fffffeffff old_pi=0 old_pe=000001fffffeffff old_pa=0 pp=000001fffffeffff pi=0 pe=000001fffffeffff pa=0 frootid=0
type=EXECVE msg=audit(1772114389.225:1957): argc=2 a0="/usr/bin/gpgconf" a1="--list-components"
type=PATH msg=audit(1772114389.225:1957): item=0 name="/usr/bin/gpgconf" inode=1443237 dev=08:02 mode=0100755 ouid=0 ogid=0 rdev=00:00 nametype=NORMAL cap_fp=0 cap_fi=0 cap_fe=0 cap_fver=0 cap_frootid=0OUID="root" OGID="root"
type=PATH msg=audit(1772114389.225:1957): item=1 name="/lib64/ld-linux-x86-64.so.2" inode=1481429 dev=08:02 mode=0100755 ouid=0 ogid=0 rdev=00:00 nametype=NORMAL cap_fp=0 cap_fi=0 cap_fe=0 cap_fver=0 cap_frootid=0OUID="root" OGID="root"
type=PROCTITLE msg=audit(1772114389.225:1957): proctitle=2F7573722F62696E2F677067636F6E66002D2D6C6973742D636F6D706F6E656E7473
type=SYSCALL msg=audit(1772114389.247:1958): arch=c000003e syscall=59 success=yes exit=0 a0=5e89d87465f0 a1=7ffc441f73f0 a2=7ffc441f7e08 a3=0 items=2 ppid=1 pid=1648 auid=4294967295 uid=0 gid=0 euid=0 suid=0 fsuid=0 egid=0 sgid=0 fsgid=0 tty=(none) ses=4294967295 comm="gpg" exe="/usr/bin/gpg" subj=unconfined key="T1078_Valid_Accounts"ARCH=x86_64 SYSCALL=execve AUID="unset" UID="root" GID="root" EUID="root" SUID="root" FSUID="root" EGID="root" SGID="root" FSGID="root"
type=BPRM_FCAPS msg=audit(1772114389.247:1958): fver=0 fp=0 fi=0 fe=0 old_pp=000001fffffeffff old_pi=0 old_pe=000001fffffeffff old_pa=0 pp=000001fffffeffff pi=0 pe=000001fffffeffff pa=0 frootid=0
type=EXECVE msg=audit(1772114389.247:1958): argc=2 a0="/usr/bin/gpg" a1="--version"
type=PATH msg=audit(1772114389.247:1958): item=0 name="/usr/bin/gpg" inode=1442165 dev=08:02 mode=0100755 ouid=0 ogid=0 rdev=00:00 nametype=NORMAL cap_fp=0 cap_fi=0 cap_fe=0 cap_fver=0 cap_frootid=0OUID="root" OGID="root"
type=PATH msg=audit(1772114389.247:1958): item=1 name="/lib64/ld-linux-x86-64.so.2" inode=1481429 dev=08:02 mode=0100755 ouid=0 ogid=0 rdev=00:00 nametype=NORMAL cap_fp=0 cap_fi=0 cap_fe=0 cap_fver=0 cap_frootid=0OUID="root" OGID="root"
type=PROCTITLE msg=audit(1772114389.247:1958): proctitle=2F7573722F62696E2F677067002D2D76657273696F6E
type=SYSCALL msg=audit(1772114389.311:1959): arch=c000003e syscall=59 success=yes exit=0 a0=5e89d876a6f0 a1=7ffc441f73f0 a2=7ffc441f7e08 a3=0 items=2 ppid=1 pid=1651 auid=4294967295 uid=0 gid=0 euid=0 suid=0 fsuid=0 egid=0 sgid=0 fsgid=0 tty=(none) ses=4294967295 comm="gpgsm" exe="/usr/bin/gpgsm" subj=unconfined key="T1078_Valid_Accounts"ARCH=x86_64 SYSCALL=execve AUID="unset" UID="root" GID="root" EUID="root" SUID="root" FSUID="root" EGID="root" SGID="root" FSGID="root"
type=BPRM_FCAPS msg=audit(1772114389.311:1959): fver=0 fp=0 fi=0 fe=0 old_pp=000001fffffeffff old_pi=0 old_pe=000001fffffeffff old_pa=0 pp=000001fffffeffff pi=0 pe=000001fffffeffff pa=0 frootid=0
type=EXECVE msg=audit(1772114389.311:1959): argc=2 a0="/usr/bin/gpgsm" a1="--version"
type=PATH msg=audit(1772114389.311:1959): item=0 name="/usr/bin/gpgsm" inode=1442444 dev=08:02 mode=0100755 ouid=0 ogid=0 rdev=00:00 nametype=NORMAL cap_fp=0 cap_fi=0 cap_fe=0 cap_fver=0 cap_frootid=0OUID="root" OGID="root"
type=PATH msg=audit(1772114389.311:1959): item=1 name="/lib64/ld-linux-x86-64.so.2" inode=1481429 dev=08:02 mode=0100755 ouid=0 ogid=0 rdev=00:00 nametype=NORMAL cap_fp=0 cap_fi=0 cap_fe=0 cap_fver=0 cap_frootid=0OUID="root" OGID="root"
type=PROCTITLE msg=audit(1772114389.311:1959): proctitle=2F7573722F62696E2F677067736D002D2D76657273696F6E
type=SYSCALL msg=audit(1772114389.378:1960): arch=c000003e syscall=59 success=yes exit=0 a0=5e89d88f4780 a1=7ffc441f73f0 a2=7ffc441f7e08 a3=0 items=2 ppid=1 pid=1653 auid=4294967295 uid=0 gid=0 euid=0 suid=0 fsuid=0 egid=0 sgid=0 fsgid=0 tty=(none) ses=4294967295 comm="gpgconf" exe="/usr/bin/gpgconf" subj=unconfined key="T1078_Valid_Accounts"ARCH=x86_64 SYSCALL=execve AUID="unset" UID="root" GID="root" EUID="root" SUID="root" FSUID="root" EGID="root" SGID="root" FSGID="root"
type=BPRM_FCAPS msg=audit(1772114389.378:1960): fver=0 fp=0 fi=0 fe=0 old_pp=000001fffffeffff old_pi=0 old_pe=000001fffffeffff old_pa=0 pp=000001fffffeffff pi=0 pe=000001fffffeffff pa=0 frootid=0
type=EXECVE msg=audit(1772114389.378:1960): argc=2 a0="/usr/bin/gpgconf" a1="--version"
type=PATH msg=audit(1772114389.378:1960): item=0 name="/usr/bin/gpgconf" inode=1443237 dev=08:02 mode=0100755 ouid=0 ogid=0 rdev=00:00 nametype=NORMAL cap_fp=0 cap_fi=0 cap_fe=0 cap_fver=0 cap_frootid=0OUID="root" OGID="root"
type=PATH msg=audit(1772114389.378:1960): item=1 name="/lib64/ld-linux-x86-64.so.2" inode=1481429 dev=08:02 mode=0100755 ouid=0 ogid=0 rdev=00:00 nametype=NORMAL cap_fp=0 cap_fi=0 cap_fe=0 cap_fver=0 cap_frootid=0OUID="root" OGID="root"
type=PROCTITLE msg=audit(1772114389.378:1960): proctitle=2F7573722F62696E2F677067636F6E66002D2D76657273696F6E
type=SYSCALL msg=audit(1772114389.397:1961): arch=c000003e syscall=59 success=yes exit=0 a0=5e89d87bc100 a1=7ffc441f7470 a2=7ffc441f7e08 a3=0 items=2 ppid=1 pid=1655 auid=4294967295 uid=0 gid=0 euid=0 suid=0 fsuid=0 egid=0 sgid=0 fsgid=0 tty=(none) ses=4294967295 comm="gpg" exe="/usr/bin/gpg" subj=unconfined key="T1078_Valid_Accounts"ARCH=x86_64 SYSCALL=execve AUID="unset" UID="root" GID="root" EUID="root" SUID="root" FSUID="root" EGID="root" SGID="root" FSGID="root"
type=BPRM_FCAPS msg=audit(1772114389.397:1961): fver=0 fp=0 fi=0 fe=0 old_pp=000001fffffeffff old_pi=0 old_pe=000001fffffeffff old_pa=0 pp=000001fffffeffff pi=0 pe=000001fffffeffff pa=0 frootid=0
type=EXECVE msg=audit(1772114389.397:1961): argc=2 a0="/usr/bin/gpg" a1="--version"
type=PATH msg=audit(1772114389.397:1961): item=0 name="/usr/bin/gpg" inode=1442165 dev=08:02 mode=0100755 ouid=0 ogid=0 rdev=00:00 nametype=NORMAL cap_fp=0 cap_fi=0 cap_fe=0 cap_fver=0 cap_frootid=0OUID="root" OGID="root"
type=PATH msg=audit(1772114389.397:1961): item=1 name="/lib64/ld-linux-x86-64.so.2" inode=1481429 dev=08:02 mode=0100755 ouid=0 ogid=0 rdev=00:00 nametype=NORMAL cap_fp=0 cap_fi=0 cap_fe=0 cap_fver=0 cap_frootid=0OUID="root" OGID="root"
type=PROCTITLE msg=audit(1772114389.397:1961): proctitle=2F7573722F62696E2F677067002D2D76657273696F6E
type=SYSCALL msg=audit(1772114389.432:1962): arch=c000003e syscall=59 success=yes exit=0 a0=5e89d878dd10 a1=5e89d8853500 a2=7ffc441f7e08 a3=0 items=2 ppid=1 pid=1657 auid=4294967295 uid=0 gid=0 euid=0 suid=0 fsuid=0 egid=0 sgid=0 fsgid=0 tty=(none) ses=4294967295 comm="gpg" exe="/usr/bin/gpg" subj=unconfined key="T1078_Valid_Accounts"ARCH=x86_64 SYSCALL=execve AUID="unset" UID="root" GID="root" EUID="root" SUID="root" FSUID="root" EGID="root" SGID="root" FSGID="root"
type=BPRM_FCAPS msg=audit(1772114389.432:1962): fver=0 fp=0 fi=0 fe=0 old_pp=000001fffffeffff old_pi=0 old_pe=000001fffffeffff old_pa=0 pp=000001fffffeffff pi=0 pe=000001fffffeffff pa=0 frootid=0
type=EXECVE msg=audit(1772114389.432:1962): argc=18 a0="gpg" a1="--enable-special-filenames" a2="--batch" a3="--no-sk-comments" a4="--homedir" a5="/var/lib/fwupd/gnupg" a6="--status-fd" a7="19" a8="--no-tty" a9="--charset" a10="utf8" a11="--enable-progress-filter" a12="--exit-on-status-write-error" a13="--logger-fd" a14="21" a15="--import" a16="--" a17="-&22"
type=PATH msg=audit(1772114389.432:1962): item=0 name="/usr/bin/gpg" inode=1442165 dev=08:02 mode=0100755 ouid=0 ogid=0 rdev=00:00 nametype=NORMAL cap_fp=0 cap_fi=0 cap_fe=0 cap_fver=0 cap_frootid=0OUID="root" OGID="root"
type=PATH msg=audit(1772114389.432:1962): item=1 name="/lib64/ld-linux-x86-64.so.2" inode=1481429 dev=08:02 mode=0100755 ouid=0 ogid=0 rdev=00:00 nametype=NORMAL cap_fp=0 cap_fi=0 cap_fe=0 cap_fver=0 cap_frootid=0OUID="root" OGID="root"
type=PROCTITLE msg=audit(1772114389.432:1962): proctitle=677067002D2D656E61626C652D7370656369616C2D66696C656E616D6573002D2D6261746368002D2D6E6F2D736B2D636F6D6D656E7473002D2D686F6D65646972002F7661722F6C69622F66777570642F676E757067002D2D7374617475732D6664003139002D2D6E6F2D747479002D2D636861727365740075746638002D2D
type=SYSCALL msg=audit(1772114389.500:1963): arch=c000003e syscall=59 success=yes exit=0 a0=5e89d8794110 a1=5e89d8851fe0 a2=7ffc441f7e08 a3=0 items=2 ppid=1 pid=1659 auid=4294967295 uid=0 gid=0 euid=0 suid=0 fsuid=0 egid=0 sgid=0 fsgid=0 tty=(none) ses=4294967295 comm="gpg" exe="/usr/bin/gpg" subj=unconfined key="T1078_Valid_Accounts"ARCH=x86_64 SYSCALL=execve AUID="unset" UID="root" GID="root" EUID="root" SUID="root" FSUID="root" EGID="root" SGID="root" FSGID="root"
type=BPRM_FCAPS msg=audit(1772114389.500:1963): fver=0 fp=0 fi=0 fe=0 old_pp=000001fffffeffff old_pi=0 old_pe=000001fffffeffff old_pa=0 pp=000001fffffeffff pi=0 pe=000001fffffeffff pa=0 frootid=0
type=EXECVE msg=audit(1772114389.500:1963): argc=18 a0="gpg" a1="--enable-special-filenames" a2="--batch" a3="--no-sk-comments" a4="--homedir" a5="/var/lib/fwupd/gnupg" a6="--status-fd" a7="19" a8="--no-tty" a9="--charset" a10="utf8" a11="--enable-progress-filter" a12="--exit-on-status-write-error" a13="--logger-fd" a14="21" a15="--import" a16="--" a17="-&22"
type=PATH msg=audit(1772114389.500:1963): item=0 name="/usr/bin/gpg" inode=1442165 dev=08:02 mode=0100755 ouid=0 ogid=0 rdev=00:00 nametype=NORMAL cap_fp=0 cap_fi=0 cap_fe=0 cap_fver=0 cap_frootid=0OUID="root" OGID="root"
type=PATH msg=audit(1772114389.500:1963): item=1 name="/lib64/ld-linux-x86-64.so.2" inode=1481429 dev=08:02 mode=0100755 ouid=0 ogid=0 rdev=00:00 nametype=NORMAL cap_fp=0 cap_fi=0 cap_fe=0 cap_fver=0 cap_frootid=0OUID="root" OGID="root"
type=PROCTITLE msg=audit(1772114389.500:1963): proctitle=677067002D2D656E61626C652D7370656369616C2D66696C656E616D6573002D2D6261746368002D2D6E6F2D736B2D636F6D6D656E7473002D2D686F6D65646972002F7661722F6C69622F66777570642F676E757067002D2D7374617475732D6664003139002D2D6E6F2D747479002D2D636861727365740075746638002D2D
type=SYSCALL msg=audit(1772114389.528:1964): arch=c000003e syscall=59 success=yes exit=0 a0=5e89d87c93d0 a1=5e89d8853c30 a2=7ffc441f7e08 a3=0 items=2 ppid=1 pid=1661 auid=4294967295 uid=0 gid=0 euid=0 suid=0 fsuid=0 egid=0 sgid=0 fsgid=0 tty=(none) ses=4294967295 comm="gpg" exe="/usr/bin/gpg" subj=unconfined key="T1078_Valid_Accounts"ARCH=x86_64 SYSCALL=execve AUID="unset" UID="root" GID="root" EUID="root" SUID="root" FSUID="root" EGID="root" SGID="root" FSGID="root"
type=BPRM_FCAPS msg=audit(1772114389.528:1964): fver=0 fp=0 fi=0 fe=0 old_pp=000001fffffeffff old_pi=0 old_pe=000001fffffeffff old_pa=0 pp=000001fffffeffff pi=0 pe=000001fffffeffff pa=0 frootid=0
type=EXECVE msg=audit(1772114389.528:1964): argc=18 a0="gpg" a1="--enable-special-filenames" a2="--batch" a3="--no-sk-comments" a4="--homedir" a5="/var/lib/fwupd/gnupg" a6="--status-fd" a7="19" a8="--no-tty" a9="--charset" a10="utf8" a11="--enable-progress-filter" a12="--exit-on-status-write-error" a13="--logger-fd" a14="21" a15="--import" a16="--" a17="-&22"
type=PATH msg=audit(1772114389.528:1964): item=0 name="/usr/bin/gpg" inode=1442165 dev=08:02 mode=0100755 ouid=0 ogid=0 rdev=00:00 nametype=NORMAL cap_fp=0 cap_fi=0 cap_fe=0 cap_fver=0 cap_frootid=0OUID="root" OGID="root"
type=PATH msg=audit(1772114389.528:1964): item=1 name="/lib64/ld-linux-x86-64.so.2" inode=1481429 dev=08:02 mode=0100755 ouid=0 ogid=0 rdev=00:00 nametype=NORMAL cap_fp=0 cap_fi=0 cap_fe=0 cap_fver=0 cap_frootid=0OUID="root" OGID="root"
type=PROCTITLE msg=audit(1772114389.528:1964): proctitle=677067002D2D656E61626C652D7370656369616C2D66696C656E616D6573002D2D6261746368002D2D6E6F2D736B2D636F6D6D656E7473002D2D686F6D65646972002F7661722F6C69622F66777570642F676E757067002D2D7374617475732D6664003139002D2D6E6F2D747479002D2D636861727365740075746638002D2D
type=SYSCALL msg=audit(1772114389.562:1965): arch=c000003e syscall=59 success=yes exit=0 a0=5e89d87c9ad0 a1=5e89d880a3c0 a2=7ffc441f7e08 a3=0 items=2 ppid=1 pid=1663 auid=4294967295 uid=0 gid=0 euid=0 suid=0 fsuid=0 egid=0 sgid=0 fsgid=0 tty=(none) ses=4294967295 comm="gpg" exe="/usr/bin/gpg" subj=unconfined key="T1078_Valid_Accounts"ARCH=x86_64 SYSCALL=execve AUID="unset" UID="root" GID="root" EUID="root" SUID="root" FSUID="root" EGID="root" SGID="root" FSGID="root"
type=BPRM_FCAPS msg=audit(1772114389.562:1965): fver=0 fp=0 fi=0 fe=0 old_pp=000001fffffeffff old_pi=0 old_pe=000001fffffeffff old_pa=0 pp=000001fffffeffff pi=0 pe=000001fffffeffff pa=0 frootid=0
type=EXECVE msg=audit(1772114389.562:1965): argc=18 a0="gpg" a1="--enable-special-filenames" a2="--batch" a3="--no-sk-comments" a4="--homedir" a5="/var/lib/fwupd/gnupg" a6="--status-fd" a7="19" a8="--no-tty" a9="--charset" a10="utf8" a11="--enable-progress-filter" a12="--exit-on-status-write-error" a13="--logger-fd" a14="21" a15="--import" a16="--" a17="-&22"
type=PATH msg=audit(1772114389.562:1965): item=0 name="/usr/bin/gpg" inode=1442165 dev=08:02 mode=0100755 ouid=0 ogid=0 rdev=00:00 nametype=NORMAL cap_fp=0 cap_fi=0 cap_fe=0 cap_fver=0 cap_frootid=0OUID="root" OGID="root"
type=PATH msg=audit(1772114389.562:1965): item=1 name="/lib64/ld-linux-x86-64.so.2" inode=1481429 dev=08:02 mode=0100755 ouid=0 ogid=0 rdev=00:00 nametype=NORMAL cap_fp=0 cap_fi=0 cap_fe=0 cap_fver=0 cap_frootid=0OUID="root" OGID="root"
type=PROCTITLE msg=audit(1772114389.562:1965): proctitle=677067002D2D656E61626C652D7370656369616C2D66696C656E616D6573002D2D6261746368002D2D6E6F2D736B2D636F6D6D656E7473002D2D686F6D65646972002F7661722F6C69622F66777570642F676E757067002D2D7374617475732D6664003139002D2D6E6F2D747479002D2D636861727365740075746638002D2D
type=SYSCALL msg=audit(1772114389.597:1966): arch=c000003e syscall=59 success=yes exit=0 a0=5e89d87d0010 a1=5e89d88f5a30 a2=7ffc441f7e08 a3=0 items=2 ppid=1 pid=1665 auid=4294967295 uid=0 gid=0 euid=0 suid=0 fsuid=0 egid=0 sgid=0 fsgid=0 tty=(none) ses=4294967295 comm="gpg" exe="/usr/bin/gpg" subj=unconfined key="T1078_Valid_Accounts"ARCH=x86_64 SYSCALL=execve AUID="unset" UID="root" GID="root" EUID="root" SUID="root" FSUID="root" EGID="root" SGID="root" FSGID="root"
type=BPRM_FCAPS msg=audit(1772114389.597:1966): fver=0 fp=0 fi=0 fe=0 old_pp=000001fffffeffff old_pi=0 old_pe=000001fffffeffff old_pa=0 pp=000001fffffeffff pi=0 pe=000001fffffeffff pa=0 frootid=0
type=EXECVE msg=audit(1772114389.597:1966): argc=19 a0="gpg" a1="--enable-special-filenames" a2="--batch" a3="--no-sk-comments" a4="--homedir" a5="/var/lib/fwupd/gnupg" a6="--status-fd" a7="19" a8="--no-tty" a9="--charset" a10="utf8" a11="--enable-progress-filter" a12="--exit-on-status-write-error" a13="--logger-fd" a14="21" a15="--verify" a16="--" a17="-&22" a18="-&24"
type=PATH msg=audit(1772114389.597:1966): item=0 name="/usr/bin/gpg" inode=1442165 dev=08:02 mode=0100755 ouid=0 ogid=0 rdev=00:00 nametype=NORMAL cap_fp=0 cap_fi=0 cap_fe=0 cap_fver=0 cap_frootid=0OUID="root" OGID="root"
type=PATH msg=audit(1772114389.597:1966): item=1 name="/lib64/ld-linux-x86-64.so.2" inode=1481429 dev=08:02 mode=0100755 ouid=0 ogid=0 rdev=00:00 nametype=NORMAL cap_fp=0 cap_fi=0 cap_fe=0 cap_fver=0 cap_frootid=0OUID="root" OGID="root"
type=PROCTITLE msg=audit(1772114389.597:1966): proctitle=677067002D2D656E61626C652D7370656369616C2D66696C656E616D6573002D2D6261746368002D2D6E6F2D736B2D636F6D6D656E7473002D2D686F6D65646972002F7661722F6C69622F66777570642F676E757067002D2D7374617475732D6664003139002D2D6E6F2D747479002D2D636861727365740075746638002D2D
type=SYSCALL msg=audit(1772114389.752:1967): arch=c000003e syscall=59 success=yes exit=0 a0=5e89d87ba580 a1=5e89d88a25f0 a2=7ffc441f7e08 a3=0 items=2 ppid=1 pid=1667 auid=4294967295 uid=0 gid=0 euid=0 suid=0 fsuid=0 egid=0 sgid=0 fsgid=0 tty=(none) ses=4294967295 comm="gpg" exe="/usr/bin/gpg" subj=unconfined key="T1078_Valid_Accounts"ARCH=x86_64 SYSCALL=execve AUID="unset" UID="root" GID="root" EUID="root" SUID="root" FSUID="root" EGID="root" SGID="root" FSGID="root"
type=BPRM_FCAPS msg=audit(1772114389.752:1967): fver=0 fp=0 fi=0 fe=0 old_pp=000001fffffeffff old_pi=0 old_pe=000001fffffeffff old_pa=0 pp=000001fffffeffff pi=0 pe=000001fffffeffff pa=0 frootid=0
type=EXECVE msg=audit(1772114389.752:1967): argc=19 a0="gpg" a1="--enable-special-filenames" a2="--batch" a3="--no-sk-comments" a4="--homedir" a5="/var/lib/fwupd/gnupg" a6="--status-fd" a7="19" a8="--no-tty" a9="--charset" a10="utf8" a11="--enable-progress-filter" a12="--exit-on-status-write-error" a13="--logger-fd" a14="21" a15="--verify" a16="--" a17="-&22" a18="-&24"
type=PATH msg=audit(1772114389.752:1967): item=0 name="/usr/bin/gpg" inode=1442165 dev=08:02 mode=0100755 ouid=0 ogid=0 rdev=00:00 nametype=NORMAL cap_fp=0 cap_fi=0 cap_fe=0 cap_fver=0 cap_frootid=0OUID="root" OGID="root"
type=PATH msg=audit(1772114389.752:1967): item=1 name="/lib64/ld-linux-x86-64.so.2" inode=1481429 dev=08:02 mode=0100755 ouid=0 ogid=0 rdev=00:00 nametype=NORMAL cap_fp=0 cap_fi=0 cap_fe=0 cap_fver=0 cap_frootid=0OUID="root" OGID="root"
type=PROCTITLE msg=audit(1772114389.752:1967): proctitle=677067002D2D656E61626C652D7370656369616C2D66696C656E616D6573002D2D6261746368002D2D6E6F2D736B2D636F6D6D656E7473002D2D686F6D65646972002F7661722F6C69622F66777570642F676E757067002D2D7374617475732D6664003139002D2D6E6F2D747479002D2D636861727365740075746638002D2D
type=SERVICE_START msg=audit(1772114399.564:1968): pid=1 uid=0 auid=4294967295 ses=4294967295 subj=unconfined msg='unit=fwupd-refresh comm="systemd" exe="/usr/lib/systemd/systemd" hostname=? addr=? terminal=? res=success'UID="root" AUID="unset"
type=SERVICE_STOP msg=audit(1772114399.564:1969): pid=1 uid=0 auid=4294967295 ses=4294967295 subj=unconfined msg='unit=fwupd-refresh comm="systemd" exe="/usr/lib/systemd/systemd" hostname=? addr=? terminal=? res=success'UID="root" AUID="unset"
type=SYSCALL msg=audit(1772114419.423:1970): arch=c000003e syscall=91 success=yes exit=0 a0=3 a1=180 a2=5709e07cd440 a3=76138240a1e0 items=1 ppid=1183 pid=1610 auid=1000 uid=0 gid=0 euid=0 suid=0 fsuid=0 egid=0 sgid=0 fsgid=0 tty=pts1 ses=1 comm="mariadb" exe="/usr/bin/mariadb" subj=unconfined key="T1166_Seuid_and_Setgid"ARCH=x86_64 SYSCALL=fchmod AUID="vboxuser" UID="root" GID="root" EUID="root" SUID="root" FSUID="root" EGID="root" SGID="root" FSGID="root"
type=PATH msg=audit(1772114419.423:1970): item=0 name=(null) inode=1050534 dev=08:02 mode=0100644 ouid=0 ogid=0 rdev=00:00 nametype=NORMAL cap_fp=0 cap_fi=0 cap_fe=0 cap_fver=0 cap_frootid=0OUID="root" OGID="root"
type=PROCTITLE msg=audit(1772114419.423:1970): proctitle=6D617269616462002D68006C6F63616C686F7374002D7500726F6F74002D7000776F72647072657373
type=SYSCALL msg=audit(1772114419.460:1971): arch=c000003e syscall=82 success=yes exit=0 a0=5709e08c73d8 a1=5709e07e2b88 a2=10 a3=5709e07cd440 items=5 ppid=1183 pid=1610 auid=1000 uid=0 gid=0 euid=0 suid=0 fsuid=0 egid=0 sgid=0 fsgid=0 tty=pts1 ses=1 comm="mariadb" exe="/usr/bin/mariadb" subj=unconfined key="T1107_File_Deletion"ARCH=x86_64 SYSCALL=rename AUID="vboxuser" UID="root" GID="root" EUID="root" SUID="root" FSUID="root" EGID="root" SGID="root" FSGID="root"
type=PATH msg=audit(1772114419.460:1971): item=0 name="/root/" inode=1048578 dev=08:02 mode=040700 ouid=0 ogid=0 rdev=00:00 nametype=PARENT cap_fp=0 cap_fi=0 cap_fe=0 cap_fver=0 cap_frootid=0OUID="root" OGID="root"
type=PATH msg=audit(1772114419.460:1971): item=1 name="/root/" inode=1048578 dev=08:02 mode=040700 ouid=0 ogid=0 rdev=00:00 nametype=PARENT cap_fp=0 cap_fi=0 cap_fe=0 cap_fver=0 cap_frootid=0OUID="root" OGID="root"
type=PATH msg=audit(1772114419.460:1971): item=2 name="/root/.mysql_history.TMP" inode=1050534 dev=08:02 mode=0100600 ouid=0 ogid=0 rdev=00:00 nametype=DELETE cap_fp=0 cap_fi=0 cap_fe=0 cap_fver=0 cap_frootid=0OUID="root" OGID="root"
type=PATH msg=audit(1772114419.460:1971): item=3 name="/root/.mysql_history" inode=1050906 dev=08:02 mode=0100600 ouid=0 ogid=0 rdev=00:00 nametype=DELETE cap_fp=0 cap_fi=0 cap_fe=0 cap_fver=0 cap_frootid=0OUID="root" OGID="root"
type=PATH msg=audit(1772114419.460:1971): item=4 name="/root/.mysql_history" inode=1050534 dev=08:02 mode=0100600 ouid=0 ogid=0 rdev=00:00 nametype=CREATE cap_fp=0 cap_fi=0 cap_fe=0 cap_fver=0 cap_frootid=0OUID="root" OGID="root"
type=PROCTITLE msg=audit(1772114419.460:1971): proctitle=6D617269616462002D68006C6F63616C686F7374002D7500726F6F74002D7000776F72647072657373
type=SYSCALL msg=audit(1772114423.921:1972): arch=c000003e syscall=59 success=yes exit=0 a0=7ffe6f2b4e50 a1=7ffe6f2b4e70 a2=7ffe6f2b5978 a3=8 items=2 ppid=1 pid=1670 auid=4294967295 uid=0 gid=0 euid=0 suid=0 fsuid=0 egid=0 sgid=0 fsgid=0 tty=(none) ses=4294967295 comm="9" exe="/usr/lib/systemd/systemd-executor" subj=unconfined key="T1078_Valid_Accounts"ARCH=x86_64 SYSCALL=execve AUID="unset" UID="root" GID="root" EUID="root" SUID="root" FSUID="root" EGID="root" SGID="root" FSGID="root"
type=EXECVE msg=audit(1772114423.921:1972): argc=7 a0="/usr/lib/systemd/systemd-executor" a1="--deserialize" a2="96" a3="--log-level" a4="info" a5="--log-target" a6="journal-or-kmsg"
type=PATH msg=audit(1772114423.921:1972): item=0 name="/proc/self/fd/9" inode=1463834 dev=08:02 mode=0100755 ouid=0 ogid=0 rdev=00:00 nametype=NORMAL cap_fp=0 cap_fi=0 cap_fe=0 cap_fver=0 cap_frootid=0OUID="root" OGID="root"
type=PATH msg=audit(1772114423.921:1972): item=1 name="/lib64/ld-linux-x86-64.so.2" inode=1481429 dev=08:02 mode=0100755 ouid=0 ogid=0 rdev=00:00 nametype=NORMAL cap_fp=0 cap_fi=0 cap_fe=0 cap_fver=0 cap_frootid=0OUID="root" OGID="root"
type=PROCTITLE msg=audit(1772114423.921:1972): proctitle=2F7573722F6C69622F73797374656D642F73797374656D642D6578656375746F72002D2D646573657269616C697A65003936002D2D6C6F672D6C6576656C00696E666F002D2D6C6F672D746172676574006A6F75726E616C2D6F722D6B6D7367
type=SYSCALL msg=audit(1772114423.937:1973): arch=c000003e syscall=42 success=yes exit=0 a0=4 a1=7ffd1817ae20 a2=1e a3=7ffd1817aed0 items=1 ppid=1 pid=1670 auid=4294967295 uid=0 gid=0 euid=0 suid=0 fsuid=0 egid=0 sgid=0 fsgid=0 tty=(none) ses=4294967295 comm="9" exe="/usr/lib/systemd/systemd-executor" subj=unconfined key="T1043_Commonly_Used_Port"ARCH=x86_64 SYSCALL=connect AUID="unset" UID="root" GID="root" EUID="root" SUID="root" FSUID="root" EGID="root" SGID="root" FSGID="root"
type=SOCKADDR msg=audit(1772114423.937:1973): saddr=01002F72756E2F73797374656D642F6A6F75726E616C2F736F636B657400SADDR={ saddr_fam=local path=/run/systemd/journal/socket }
type=PATH msg=audit(1772114423.937:1973): item=0 name="/run/systemd/journal/socket" inode=455 dev=00:18 mode=0140666 ouid=0 ogid=0 rdev=00:00 nametype=NORMAL cap_fp=0 cap_fi=0 cap_fe=0 cap_fver=0 cap_frootid=0OUID="root" OGID="root"
type=PROCTITLE msg=audit(1772114423.937:1973): proctitle=2F7573722F6C69622F73797374656D642F73797374656D642D6578656375746F72002D2D646573657269616C697A65003936002D2D6C6F672D6C6576656C00696E666F002D2D6C6F672D746172676574006A6F75726E616C2D6F722D6B6D7367
type=SYSCALL msg=audit(1772114423.944:1974): arch=c000003e syscall=42 success=yes exit=0 a0=3 a1=7ffd1817a9a0 a2=1e a3=fffffff7 items=1 ppid=1 pid=1670 auid=4294967295 uid=0 gid=0 euid=0 suid=0 fsuid=0 egid=0 sgid=0 fsgid=0 tty=(none) ses=4294967295 comm="(sa1)" exe="/usr/lib/systemd/systemd-executor" subj=unconfined key="T1043_Commonly_Used_Port"ARCH=x86_64 SYSCALL=connect AUID="unset" UID="root" GID="root" EUID="root" SUID="root" FSUID="root" EGID="root" SGID="root" FSGID="root"
type=SOCKADDR msg=audit(1772114423.944:1974): saddr=01002F72756E2F73797374656D642F6A6F75726E616C2F7374646F757400SADDR={ saddr_fam=local path=/run/systemd/journal/stdout }
type=PATH msg=audit(1772114423.944:1974): item=0 name="/run/systemd/journal/stdout" inode=456 dev=00:18 mode=0140666 ouid=0 ogid=0 rdev=00:00 nametype=NORMAL cap_fp=0 cap_fi=0 cap_fe=0 cap_fver=0 cap_frootid=0OUID="root" OGID="root"
type=PROCTITLE msg=audit(1772114423.944:1974): proctitle=2F7573722F6C69622F73797374656D642F73797374656D642D6578656375746F72002D2D646573657269616C697A65003936002D2D6C6F672D6C6576656C00696E666F002D2D6C6F672D746172676574006A6F75726E616C2D6F722D6B6D7367
type=SYSCALL msg=audit(1772114423.944:1975): arch=c000003e syscall=59 success=yes exit=0 a0=56d8ec46e0c0 a1=56d8ec46e1c0 a2=56d8ec46d4b0 a3=56d8ec46e990 items=3 ppid=1 pid=1670 auid=4294967295 uid=0 gid=0 euid=0 suid=0 fsuid=0 egid=0 sgid=0 fsgid=0 tty=(none) ses=4294967295 comm="sa1" exe="/usr/bin/dash" subj=unconfined key="T1078_Valid_Accounts"ARCH=x86_64 SYSCALL=execve AUID="unset" UID="root" GID="root" EUID="root" SUID="root" FSUID="root" EGID="root" SGID="root" FSGID="root"
type=EXECVE msg=audit(1772114423.944:1975): argc=4 a0="/bin/sh" a1="/usr/lib/sysstat/sa1" a2="1" a3="1"
type=PATH msg=audit(1772114423.944:1975): item=0 name="/usr/lib/sysstat/sa1" inode=1456137 dev=08:02 mode=0100755 ouid=0 ogid=0 rdev=00:00 nametype=NORMAL cap_fp=0 cap_fi=0 cap_fe=0 cap_fver=0 cap_frootid=0OUID="root" OGID="root"
type=PATH msg=audit(1772114423.944:1975): item=1 name="/bin/sh" inode=1442345 dev=08:02 mode=0100755 ouid=0 ogid=0 rdev=00:00 nametype=NORMAL cap_fp=0 cap_fi=0 cap_fe=0 cap_fver=0 cap_frootid=0OUID="root" OGID="root"
type=PATH msg=audit(1772114423.944:1975): item=2 name="/lib64/ld-linux-x86-64.so.2" inode=1481429 dev=08:02 mode=0100755 ouid=0 ogid=0 rdev=00:00 nametype=NORMAL cap_fp=0 cap_fi=0 cap_fe=0 cap_fver=0 cap_frootid=0OUID="root" OGID="root"
type=PROCTITLE msg=audit(1772114423.944:1975): proctitle=2F7573722F6C69622F73797374656D642F73797374656D642D6578656375746F72002D2D646573657269616C697A65003936002D2D6C6F672D6C6576656C00696E666F002D2D6C6F672D746172676574006A6F75726E616C2D6F722D6B6D7367
type=SYSCALL msg=audit(1772114423.953:1976): arch=c000003e syscall=59 success=yes exit=0 a0=5f0e28eb4148 a1=5f0e28eb4228 a2=5f0e28eb4270 a3=0 items=2 ppid=1 pid=1670 auid=4294967295 uid=0 gid=0 euid=0 suid=0 fsuid=0 egid=0 sgid=0 fsgid=0 tty=(none) ses=4294967295 comm="sadc" exe="/usr/lib/sysstat/sadc" subj=unconfined key="T1078_Valid_Accounts"ARCH=x86_64 SYSCALL=execve AUID="unset" UID="root" GID="root" EUID="root" SUID="root" FSUID="root" EGID="root" SGID="root" FSGID="root"
type=EXECVE msg=audit(1772114423.953:1976): argc=8 a0="/usr/lib/sysstat/sadc" a1="-F" a2="-L" a3="-S" a4="DISK" a5="1" a6="1" a7="/var/log/sysstat"
type=PATH msg=audit(1772114423.953:1976): item=0 name="/usr/lib/sysstat/sadc" inode=1456139 dev=08:02 mode=0100755 ouid=0 ogid=0 rdev=00:00 nametype=NORMAL cap_fp=0 cap_fi=0 cap_fe=0 cap_fver=0 cap_frootid=0OUID="root" OGID="root"
type=PATH msg=audit(1772114423.953:1976): item=1 name="/lib64/ld-linux-x86-64.so.2" inode=1481429 dev=08:02 mode=0100755 ouid=0 ogid=0 rdev=00:00 nametype=NORMAL cap_fp=0 cap_fi=0 cap_fe=0 cap_fver=0 cap_frootid=0OUID="root" OGID="root"
type=PROCTITLE msg=audit(1772114423.953:1976): proctitle=2F7573722F6C69622F73797374656D642F73797374656D642D6578656375746F72002D2D646573657269616C697A65003936002D2D6C6F672D6C6576656C00696E666F002D2D6C6F672D746172676574006A6F75726E616C2D6F722D6B6D7367
type=SERVICE_START msg=audit(1772114423.976:1977): pid=1 uid=0 auid=4294967295 ses=4294967295 subj=unconfined msg='unit=sysstat-collect comm="systemd" exe="/usr/lib/systemd/systemd" hostname=? addr=? terminal=? res=success'UID="root" AUID="unset"
type=SERVICE_STOP msg=audit(1772114423.977:1978): pid=1 uid=0 auid=4294967295 ses=4294967295 subj=unconfined msg='unit=sysstat-collect comm="systemd" exe="/usr/lib/systemd/systemd" hostname=? addr=? terminal=? res=success'UID="root" AUID="unset"
type=SYSCALL msg=audit(1772114428.554:1979): arch=c000003e syscall=59 success=yes exit=0 a0=5fd7daafb900 a1=5fd7daaf01e0 a2=5fd7daa86960 a3=5fd7dab09440 items=2 ppid=1183 pid=1672 auid=1000 uid=0 gid=0 euid=0 suid=0 fsuid=0 egid=0 sgid=0 fsgid=0 tty=pts1 ses=1 comm="mariadb" exe="/usr/bin/mariadb" subj=unconfined key="T1078_Valid_Accounts"ARCH=x86_64 SYSCALL=execve AUID="vboxuser" UID="root" GID="root" EUID="root" SUID="root" FSUID="root" EGID="root" SGID="root" FSGID="root"
type=EXECVE msg=audit(1772114428.554:1979): argc=7 a0="mariadb" a1="-h" a2="localhost" a3="-u" a4="wp_admin" a5="-p" a6="wordpress"
type=PATH msg=audit(1772114428.554:1979): item=0 name="/usr/bin/mariadb" inode=1498967 dev=08:02 mode=0100755 ouid=0 ogid=0 rdev=00:00 nametype=NORMAL cap_fp=0 cap_fi=0 cap_fe=0 cap_fver=0 cap_frootid=0OUID="root" OGID="root"
type=PATH msg=audit(1772114428.554:1979): item=1 name="/lib64/ld-linux-x86-64.so.2" inode=1481429 dev=08:02 mode=0100755 ouid=0 ogid=0 rdev=00:00 nametype=NORMAL cap_fp=0 cap_fi=0 cap_fe=0 cap_fver=0 cap_frootid=0OUID="root" OGID="root"
type=PROCTITLE msg=audit(1772114428.554:1979): proctitle=6D617269616462002D68006C6F63616C686F7374002D750077705F61646D696E002D7000776F72647072657373
type=SYSCALL msg=audit(1772114441.114:1980): arch=c000003e syscall=59 success=yes exit=0 a0=5fd7da9a9630 a1=5fd7daaf01e0 a2=5fd7daa86960 a3=5fd7daaf4250 items=2 ppid=1183 pid=1673 auid=1000 uid=0 gid=0 euid=0 suid=0 fsuid=0 egid=0 sgid=0 fsgid=0 tty=pts1 ses=1 comm="mariadb" exe="/usr/bin/mariadb" subj=unconfined key="T1078_Valid_Accounts"ARCH=x86_64 SYSCALL=execve AUID="vboxuser" UID="root" GID="root" EUID="root" SUID="root" FSUID="root" EGID="root" SGID="root" FSGID="root"
type=EXECVE msg=audit(1772114441.114:1980): argc=7 a0="mariadb" a1="-h" a2="localhost" a3="-u" a4="root" a5="-p" a6="wordpress"
type=PATH msg=audit(1772114441.114:1980): item=0 name="/usr/bin/mariadb" inode=1498967 dev=08:02 mode=0100755 ouid=0 ogid=0 rdev=00:00 nametype=NORMAL cap_fp=0 cap_fi=0 cap_fe=0 cap_fver=0 cap_frootid=0OUID="root" OGID="root"
type=PATH msg=audit(1772114441.114:1980): item=1 name="/lib64/ld-linux-x86-64.so.2" inode=1481429 dev=08:02 mode=0100755 ouid=0 ogid=0 rdev=00:00 nametype=NORMAL cap_fp=0 cap_fi=0 cap_fe=0 cap_fver=0 cap_frootid=0OUID="root" OGID="root"
type=PROCTITLE msg=audit(1772114441.114:1980): proctitle=6D617269616462002D68006C6F63616C686F7374002D7500726F6F74002D7000776F72647072657373
type=SYSCALL msg=audit(1772114457.791:1981): arch=c000003e syscall=91 success=yes exit=0 a0=3 a1=180 a2=5d06603a1440 a3=794a90e0a1e0 items=1 ppid=1183 pid=1673 auid=1000 uid=0 gid=0 euid=0 suid=0 fsuid=0 egid=0 sgid=0 fsgid=0 tty=pts1 ses=1 comm="mariadb" exe="/usr/bin/mariadb" subj=unconfined key="T1166_Seuid_and_Setgid"ARCH=x86_64 SYSCALL=fchmod AUID="vboxuser" UID="root" GID="root" EUID="root" SUID="root" FSUID="root" EGID="root" SGID="root" FSGID="root"
type=PATH msg=audit(1772114457.791:1981): item=0 name=(null) inode=1050906 dev=08:02 mode=0100644 ouid=0 ogid=0 rdev=00:00 nametype=NORMAL cap_fp=0 cap_fi=0 cap_fe=0 cap_fver=0 cap_frootid=0OUID="root" OGID="root"
type=PROCTITLE msg=audit(1772114457.791:1981): proctitle=6D617269616462002D68006C6F63616C686F7374002D7500726F6F74002D7000776F72647072657373
type=SYSCALL msg=audit(1772114457.791:1982): arch=c000003e syscall=82 success=yes exit=0 a0=5d066049b3d8 a1=5d06603b6b88 a2=10 a3=5d06603a1440 items=5 ppid=1183 pid=1673 auid=1000 uid=0 gid=0 euid=0 suid=0 fsuid=0 egid=0 sgid=0 fsgid=0 tty=pts1 ses=1 comm="mariadb" exe="/usr/bin/mariadb" subj=unconfined key="T1107_File_Deletion"ARCH=x86_64 SYSCALL=rename AUID="vboxuser" UID="root" GID="root" EUID="root" SUID="root" FSUID="root" EGID="root" SGID="root" FSGID="root"
type=PATH msg=audit(1772114457.791:1982): item=0 name="/root/" inode=1048578 dev=08:02 mode=040700 ouid=0 ogid=0 rdev=00:00 nametype=PARENT cap_fp=0 cap_fi=0 cap_fe=0 cap_fver=0 cap_frootid=0OUID="root" OGID="root"
type=PATH msg=audit(1772114457.791:1982): item=1 name="/root/" inode=1048578 dev=08:02 mode=040700 ouid=0 ogid=0 rdev=00:00 nametype=PARENT cap_fp=0 cap_fi=0 cap_fe=0 cap_fver=0 cap_frootid=0OUID="root" OGID="root"
type=PATH msg=audit(1772114457.791:1982): item=2 name="/root/.mysql_history.TMP" inode=1050906 dev=08:02 mode=0100600 ouid=0 ogid=0 rdev=00:00 nametype=DELETE cap_fp=0 cap_fi=0 cap_fe=0 cap_fver=0 cap_frootid=0OUID="root" OGID="root"
type=PATH msg=audit(1772114457.791:1982): item=3 name="/root/.mysql_history" inode=1050534 dev=08:02 mode=0100600 ouid=0 ogid=0 rdev=00:00 nametype=DELETE cap_fp=0 cap_fi=0 cap_fe=0 cap_fver=0 cap_frootid=0OUID="root" OGID="root"
type=PATH msg=audit(1772114457.791:1982): item=4 name="/root/.mysql_history" inode=1050906 dev=08:02 mode=0100600 ouid=0 ogid=0 rdev=00:00 nametype=CREATE cap_fp=0 cap_fi=0 cap_fe=0 cap_fver=0 cap_frootid=0OUID="root" OGID="root"
type=PROCTITLE msg=audit(1772114457.791:1982): proctitle=6D617269616462002D68006C6F63616C686F7374002D7500726F6F74002D7000776F72647072657373
type=SYSCALL msg=audit(1772114461.937:1983): arch=c000003e syscall=59 success=yes exit=0 a0=5fd7daaf4040 a1=5fd7daaf01e0 a2=5fd7daa86960 a3=5fd7daaf9c70 items=2 ppid=1183 pid=1674 auid=1000 uid=0 gid=0 euid=0 suid=0 fsuid=0 egid=0 sgid=0 fsgid=0 tty=pts1 ses=1 comm="mariadb" exe="/usr/bin/mariadb" subj=unconfined key="T1078_Valid_Accounts"ARCH=x86_64 SYSCALL=execve AUID="vboxuser" UID="root" GID="root" EUID="root" SUID="root" FSUID="root" EGID="root" SGID="root" FSGID="root"
type=EXECVE msg=audit(1772114461.937:1983): argc=7 a0="mariadb" a1="-h" a2="localhost" a3="-u" a4="wp_admin" a5="-p" a6="wordpress"
type=PATH msg=audit(1772114461.937:1983): item=0 name="/usr/bin/mariadb" inode=1498967 dev=08:02 mode=0100755 ouid=0 ogid=0 rdev=00:00 nametype=NORMAL cap_fp=0 cap_fi=0 cap_fe=0 cap_fver=0 cap_frootid=0OUID="root" OGID="root"
type=PATH msg=audit(1772114461.937:1983): item=1 name="/lib64/ld-linux-x86-64.so.2" inode=1481429 dev=08:02 mode=0100755 ouid=0 ogid=0 rdev=00:00 nametype=NORMAL cap_fp=0 cap_fi=0 cap_fe=0 cap_fver=0 cap_frootid=0OUID="root" OGID="root"
type=PROCTITLE msg=audit(1772114461.937:1983): proctitle=6D617269616462002D68006C6F63616C686F7374002D750077705F61646D696E002D7000776F72647072657373
type=SYSCALL msg=audit(1772114470.465:1984): arch=c000003e syscall=59 success=yes exit=0 a0=5fd7daaf01a0 a1=5fd7daaef230 a2=5fd7daa86960 a3=5fd7daaf7db0 items=2 ppid=1183 pid=1675 auid=1000 uid=0 gid=0 euid=0 suid=0 fsuid=0 egid=0 sgid=0 fsgid=0 tty=pts1 ses=1 comm="less" exe="/usr/bin/less" subj=unconfined key="T1078_Valid_Accounts"ARCH=x86_64 SYSCALL=execve AUID="vboxuser" UID="root" GID="root" EUID="root" SUID="root" FSUID="root" EGID="root" SGID="root" FSGID="root"
type=EXECVE msg=audit(1772114470.465:1984): argc=2 a0="less" a1="/var/www/wordpress/wp-config.php"
type=PATH msg=audit(1772114470.465:1984): item=0 name="/usr/bin/less" inode=1442509 dev=08:02 mode=0100755 ouid=0 ogid=0 rdev=00:00 nametype=NORMAL cap_fp=0 cap_fi=0 cap_fe=0 cap_fver=0 cap_frootid=0OUID="root" OGID="root"
type=PATH msg=audit(1772114470.465:1984): item=1 name="/lib64/ld-linux-x86-64.so.2" inode=1481429 dev=08:02 mode=0100755 ouid=0 ogid=0 rdev=00:00 nametype=NORMAL cap_fp=0 cap_fi=0 cap_fe=0 cap_fver=0 cap_frootid=0OUID="root" OGID="root"
type=PROCTITLE msg=audit(1772114470.465:1984): proctitle=6C657373002F7661722F7777772F776F726470726573732F77702D636F6E6669672E706870
type=SYSCALL msg=audit(1772114470.483:1985): arch=c000003e syscall=59 success=yes exit=0 a0=793b363cb42f a1=7ffcd52da360 a2=7ffcd52da8d0 a3=8 items=2 ppid=1675 pid=1676 auid=1000 uid=0 gid=0 euid=0 suid=0 fsuid=0 egid=0 sgid=0 fsgid=0 tty=pts1 ses=1 comm="sh" exe="/usr/bin/dash" subj=unconfined key="T1078_Valid_Accounts"ARCH=x86_64 SYSCALL=execve AUID="vboxuser" UID="root" GID="root" EUID="root" SUID="root" FSUID="root" EGID="root" SGID="root" FSGID="root"
type=EXECVE msg=audit(1772114470.483:1985): argc=4 a0="sh" a1="-c" a2="--" a3=2F62696E2F62617368202D63205C202F7573722F62696E2F6C657373706970655C202F7661722F7777772F776F726470726573732F77702D636F6E6669672E706870
type=PATH msg=audit(1772114470.483:1985): item=0 name="/bin/sh" inode=1442345 dev=08:02 mode=0100755 ouid=0 ogid=0 rdev=00:00 nametype=NORMAL cap_fp=0 cap_fi=0 cap_fe=0 cap_fver=0 cap_frootid=0OUID="root" OGID="root"
type=PATH msg=audit(1772114470.483:1985): item=1 name="/lib64/ld-linux-x86-64.so.2" inode=1481429 dev=08:02 mode=0100755 ouid=0 ogid=0 rdev=00:00 nametype=NORMAL cap_fp=0 cap_fi=0 cap_fe=0 cap_fver=0 cap_frootid=0OUID="root" OGID="root"
type=PROCTITLE msg=audit(1772114470.483:1985): proctitle=7368002D63002D2D002F62696E2F62617368202D63205C202F7573722F62696E2F6C657373706970655C202F7661722F7777772F776F726470726573732F77702D636F6E6669672E706870
type=SYSCALL msg=audit(1772114470.497:1986): arch=c000003e syscall=59 success=yes exit=0 a0=5ccfe743b5c0 a1=5ccfe743b648 a2=5cd01635c7a8 a3=1 items=2 ppid=1676 pid=1677 auid=1000 uid=0 gid=0 euid=0 suid=0 fsuid=0 egid=0 sgid=0 fsgid=0 tty=pts1 ses=1 comm="bash" exe="/usr/bin/bash" subj=unconfined key="T1078_Valid_Accounts"ARCH=x86_64 SYSCALL=execve AUID="vboxuser" UID="root" GID="root" EUID="root" SUID="root" FSUID="root" EGID="root" SGID="root" FSGID="root"
type=EXECVE msg=audit(1772114470.497:1986): argc=3 a0="/bin/bash" a1="-c" a2=202F7573722F62696E2F6C65737370697065202F7661722F7777772F776F726470726573732F77702D636F6E6669672E706870
type=PATH msg=audit(1772114470.497:1986): item=0 name="/bin/bash" inode=1442260 dev=08:02 mode=0100755 ouid=0 ogid=0 rdev=00:00 nametype=NORMAL cap_fp=0 cap_fi=0 cap_fe=0 cap_fver=0 cap_frootid=0OUID="root" OGID="root"
type=PATH msg=audit(1772114470.497:1986): item=1 name="/lib64/ld-linux-x86-64.so.2" inode=1481429 dev=08:02 mode=0100755 ouid=0 ogid=0 rdev=00:00 nametype=NORMAL cap_fp=0 cap_fi=0 cap_fe=0 cap_fver=0 cap_frootid=0OUID="root" OGID="root"
type=PROCTITLE msg=audit(1772114470.497:1986): proctitle=2F62696E2F62617368002D6300202F7573722F62696E2F6C65737370697065202F7661722F7777772F776F726470726573732F77702D636F6E6669672E706870
type=SYSCALL msg=audit(1772114470.506:1987): arch=c000003e syscall=59 success=yes exit=0 a0=642612626570 a1=642612624b40 a2=642612623da0 a3=8 items=3 ppid=1676 pid=1677 auid=1000 uid=0 gid=0 euid=0 suid=0 fsuid=0 egid=0 sgid=0 fsgid=0 tty=pts1 ses=1 comm="lesspipe" exe="/usr/bin/dash" subj=unconfined key="T1078_Valid_Accounts"ARCH=x86_64 SYSCALL=execve AUID="vboxuser" UID="root" GID="root" EUID="root" SUID="root" FSUID="root" EGID="root" SGID="root" FSGID="root"
type=EXECVE msg=audit(1772114470.506:1987): argc=3 a0="/bin/sh" a1="/usr/bin/lesspipe" a2="/var/www/wordpress/wp-config.php"
type=PATH msg=audit(1772114470.506:1987): item=0 name="/usr/bin/lesspipe" inode=1442512 dev=08:02 mode=0100755 ouid=0 ogid=0 rdev=00:00 nametype=NORMAL cap_fp=0 cap_fi=0 cap_fe=0 cap_fver=0 cap_frootid=0OUID="root" OGID="root"
type=PATH msg=audit(1772114470.506:1987): item=1 name="/bin/sh" inode=1442345 dev=08:02 mode=0100755 ouid=0 ogid=0 rdev=00:00 nametype=NORMAL cap_fp=0 cap_fi=0 cap_fe=0 cap_fver=0 cap_frootid=0OUID="root" OGID="root"
type=PATH msg=audit(1772114470.506:1987): item=2 name="/lib64/ld-linux-x86-64.so.2" inode=1481429 dev=08:02 mode=0100755 ouid=0 ogid=0 rdev=00:00 nametype=NORMAL cap_fp=0 cap_fi=0 cap_fe=0 cap_fver=0 cap_frootid=0OUID="root" OGID="root"
type=PROCTITLE msg=audit(1772114470.506:1987): proctitle=2F62696E2F62617368002D6300202F7573722F62696E2F6C65737370697065202F7661722F7777772F776F726470726573732F77702D636F6E6669672E706870
type=SYSCALL msg=audit(1772114470.525:1988): arch=c000003e syscall=59 success=yes exit=0 a0=5d2f25492918 a1=5d2eee334600 a2=5d2f25492878 a3=1 items=2 ppid=1677 pid=1678 auid=1000 uid=0 gid=0 euid=0 suid=0 fsuid=0 egid=0 sgid=0 fsgid=0 tty=pts1 ses=1 comm="basename" exe="/usr/bin/basename" subj=unconfined key="T1078_Valid_Accounts"ARCH=x86_64 SYSCALL=execve AUID="vboxuser" UID="root" GID="root" EUID="root" SUID="root" FSUID="root" EGID="root" SGID="root" FSGID="root"
type=EXECVE msg=audit(1772114470.525:1988): argc=2 a0="basename" a1="/usr/bin/lesspipe"
type=PATH msg=audit(1772114470.525:1988): item=0 name="/usr/bin/basename" inode=1442258 dev=08:02 mode=0100755 ouid=0 ogid=0 rdev=00:00 nametype=NORMAL cap_fp=0 cap_fi=0 cap_fe=0 cap_fver=0 cap_frootid=0OUID="root" OGID="root"
type=PATH msg=audit(1772114470.525:1988): item=1 name="/lib64/ld-linux-x86-64.so.2" inode=1481429 dev=08:02 mode=0100755 ouid=0 ogid=0 rdev=00:00 nametype=NORMAL cap_fp=0 cap_fi=0 cap_fe=0 cap_fver=0 cap_frootid=0OUID="root" OGID="root"
type=PROCTITLE msg=audit(1772114470.525:1988): proctitle=626173656E616D65002F7573722F62696E2F6C65737370697065
type=SYSCALL msg=audit(1772114470.556:1989): arch=c000003e syscall=59 success=yes exit=0 a0=5d2f2549e8b0 a1=5d2f2549e7f0 a2=5d2f2549e810 a3=5d2f2549ea10 items=2 ppid=1680 pid=1682 auid=1000 uid=0 gid=0 euid=0 suid=0 fsuid=0 egid=0 sgid=0 fsgid=0 tty=pts1 ses=1 comm="tr" exe="/usr/bin/tr" subj=unconfined key="T1078_Valid_Accounts"ARCH=x86_64 SYSCALL=execve AUID="vboxuser" UID="root" GID="root" EUID="root" SUID="root" FSUID="root" EGID="root" SGID="root" FSGID="root"
type=EXECVE msg=audit(1772114470.556:1989): argc=3 a0="tr" a1="[:upper:]" a2="[:lower:]"
type=PATH msg=audit(1772114470.556:1989): item=0 name="/usr/bin/tr" inode=1442926 dev=08:02 mode=0100755 ouid=0 ogid=0 rdev=00:00 nametype=NORMAL cap_fp=0 cap_fi=0 cap_fe=0 cap_fver=0 cap_frootid=0OUID="root" OGID="root"
type=PATH msg=audit(1772114470.556:1989): item=1 name="/lib64/ld-linux-x86-64.so.2" inode=1481429 dev=08:02 mode=0100755 ouid=0 ogid=0 rdev=00:00 nametype=NORMAL cap_fp=0 cap_fi=0 cap_fe=0 cap_fver=0 cap_frootid=0OUID="root" OGID="root"
type=PROCTITLE msg=audit(1772114470.556:1989): proctitle=7472005B3A75707065723A5D005B3A6C6F7765723A5D
type=SYSCALL msg=audit(1772114476.908:1990): arch=c000003e syscall=91 success=yes exit=0 a0=4 a1=180 a2=0 a3=1b6 items=1 ppid=1183 pid=1675 auid=1000 uid=0 gid=0 euid=0 suid=0 fsuid=0 egid=0 sgid=0 fsgid=0 tty=pts1 ses=1 comm="less" exe="/usr/bin/less" subj=unconfined key="T1166_Seuid_and_Setgid"ARCH=x86_64 SYSCALL=fchmod AUID="vboxuser" UID="root" GID="root" EUID="root" SUID="root" FSUID="root" EGID="root" SGID="root" FSGID="root"
type=PATH msg=audit(1772114476.908:1990): item=0 name=(null) inode=1050534 dev=08:02 mode=0100644 ouid=0 ogid=0 rdev=00:00 nametype=NORMAL cap_fp=0 cap_fi=0 cap_fe=0 cap_fver=0 cap_frootid=0OUID="root" OGID="root"
type=PROCTITLE msg=audit(1772114476.908:1990): proctitle=6C657373002F7661722F7777772F776F726470726573732F77702D636F6E6669672E706870
type=SYSCALL msg=audit(1772114476.908:1991): arch=c000003e syscall=82 success=yes exit=0 a0=611aefcb2bc0 a1=611aefcb2ba0 a2=611cfe65c0b8 a3=611aefca8320 items=5 ppid=1183 pid=1675 auid=1000 uid=0 gid=0 euid=0 suid=0 fsuid=0 egid=0 sgid=0 fsgid=0 tty=pts1 ses=1 comm="less" exe="/usr/bin/less" subj=unconfined key="T1107_File_Deletion"ARCH=x86_64 SYSCALL=rename AUID="vboxuser" UID="root" GID="root" EUID="root" SUID="root" FSUID="root" EGID="root" SGID="root" FSGID="root"
type=PATH msg=audit(1772114476.908:1991): item=0 name="/root/" inode=1048578 dev=08:02 mode=040700 ouid=0 ogid=0 rdev=00:00 nametype=PARENT cap_fp=0 cap_fi=0 cap_fe=0 cap_fver=0 cap_frootid=0OUID="root" OGID="root"
type=PATH msg=audit(1772114476.908:1991): item=1 name="/root/" inode=1048578 dev=08:02 mode=040700 ouid=0 ogid=0 rdev=00:00 nametype=PARENT cap_fp=0 cap_fi=0 cap_fe=0 cap_fver=0 cap_frootid=0OUID="root" OGID="root"
type=PATH msg=audit(1772114476.908:1991): item=2 name="/root/.lesshsQ" inode=1050534 dev=08:02 mode=0100600 ouid=0 ogid=0 rdev=00:00 nametype=DELETE cap_fp=0 cap_fi=0 cap_fe=0 cap_fver=0 cap_frootid=0OUID="root" OGID="root"
type=PATH msg=audit(1772114476.908:1991): item=3 name="/root/.lesshst" inode=1051137 dev=08:02 mode=0100600 ouid=0 ogid=0 rdev=00:00 nametype=DELETE cap_fp=0 cap_fi=0 cap_fe=0 cap_fver=0 cap_frootid=0OUID="root" OGID="root"
type=PATH msg=audit(1772114476.908:1991): item=4 name="/root/.lesshst" inode=1050534 dev=08:02 mode=0100600 ouid=0 ogid=0 rdev=00:00 nametype=CREATE cap_fp=0 cap_fi=0 cap_fe=0 cap_fver=0 cap_frootid=0OUID="root" OGID="root"
type=PROCTITLE msg=audit(1772114476.908:1991): proctitle=6C657373002F7661722F7777772F776F726470726573732F77702D636F6E6669672E706870
type=SYSCALL msg=audit(1772114478.850:1992): arch=c000003e syscall=59 success=yes exit=0 a0=5fd7daaf5cf0 a1=5fd7daafb5e0 a2=5fd7daa86960 a3=5fd7dab03400 items=2 ppid=1183 pid=1683 auid=1000 uid=0 gid=0 euid=0 suid=0 fsuid=0 egid=0 sgid=0 fsgid=0 tty=pts1 ses=1 comm="mariadb" exe="/usr/bin/mariadb" subj=unconfined key="T1078_Valid_Accounts"ARCH=x86_64 SYSCALL=execve AUID="vboxuser" UID="root" GID="root" EUID="root" SUID="root" FSUID="root" EGID="root" SGID="root" FSGID="root"
type=EXECVE msg=audit(1772114478.850:1992): argc=7 a0="mariadb" a1="-h" a2="localhost" a3="-u" a4="wp_admin" a5="-p" a6="wordpress"
type=PATH msg=audit(1772114478.850:1992): item=0 name="/usr/bin/mariadb" inode=1498967 dev=08:02 mode=0100755 ouid=0 ogid=0 rdev=00:00 nametype=NORMAL cap_fp=0 cap_fi=0 cap_fe=0 cap_fver=0 cap_frootid=0OUID="root" OGID="root"
type=PATH msg=audit(1772114478.850:1992): item=1 name="/lib64/ld-linux-x86-64.so.2" inode=1481429 dev=08:02 mode=0100755 ouid=0 ogid=0 rdev=00:00 nametype=NORMAL cap_fp=0 cap_fi=0 cap_fe=0 cap_fver=0 cap_frootid=0OUID="root" OGID="root"
type=PROCTITLE msg=audit(1772114478.850:1992): proctitle=6D617269616462002D68006C6F63616C686F7374002D750077705F61646D696E002D7000776F72647072657373
type=SYSCALL msg=audit(1772114492.876:1993): arch=c000003e syscall=59 success=yes exit=0 a0=5fd7dab0d140 a1=5fd7dab06f90 a2=5fd7daa86960 a3=5fd7dab036d0 items=2 ppid=1183 pid=1684 auid=1000 uid=0 gid=0 euid=0 suid=0 fsuid=0 egid=0 sgid=0 fsgid=0 tty=pts1 ses=1 comm="systemctl" exe="/usr/bin/systemctl" subj=unconfined key="T1078_Valid_Accounts"ARCH=x86_64 SYSCALL=execve AUID="vboxuser" UID="root" GID="root" EUID="root" SUID="root" FSUID="root" EGID="root" SGID="root" FSGID="root"
type=EXECVE msg=audit(1772114492.876:1993): argc=3 a0="systemctl" a1="restart" a2="mariadb"
type=PATH msg=audit(1772114492.876:1993): item=0 name="/usr/bin/systemctl" inode=1461475 dev=08:02 mode=0100755 ouid=0 ogid=0 rdev=00:00 nametype=NORMAL cap_fp=0 cap_fi=0 cap_fe=0 cap_fver=0 cap_frootid=0OUID="root" OGID="root"
type=PATH msg=audit(1772114492.876:1993): item=1 name="/lib64/ld-linux-x86-64.so.2" inode=1481429 dev=08:02 mode=0100755 ouid=0 ogid=0 rdev=00:00 nametype=NORMAL cap_fp=0 cap_fi=0 cap_fe=0 cap_fver=0 cap_frootid=0OUID="root" OGID="root"
type=PROCTITLE msg=audit(1772114492.876:1993): proctitle=73797374656D63746C0072657374617274006D617269616462
type=SYSCALL msg=audit(1772114492.900:1994): arch=c000003e syscall=42 success=yes exit=0 a0=3 a1=5a5091a98ac8 a2=17 a3=7ffe1ee939e4 items=1 ppid=1183 pid=1684 auid=1000 uid=0 gid=0 euid=0 suid=0 fsuid=0 egid=0 sgid=0 fsgid=0 tty=pts1 ses=1 comm="systemctl" exe="/usr/bin/systemctl" subj=unconfined key="T1043_Commonly_Used_Port"ARCH=x86_64 SYSCALL=connect AUID="vboxuser" UID="root" GID="root" EUID="root" SUID="root" FSUID="root" EGID="root" SGID="root" FSGID="root"
type=SOCKADDR msg=audit(1772114492.900:1994): saddr=01002F72756E2F73797374656D642F7072697661746500SADDR={ saddr_fam=local path=/run/systemd/private }
type=PATH msg=audit(1772114492.900:1994): item=0 name="/run/systemd/private" inode=440 dev=00:18 mode=0140700 ouid=0 ogid=0 rdev=00:00 nametype=NORMAL cap_fp=0 cap_fi=0 cap_fe=0 cap_fver=0 cap_frootid=0OUID="root" OGID="root"
type=PROCTITLE msg=audit(1772114492.900:1994): proctitle=73797374656D63746C0072657374617274006D617269616462
type=SYSCALL msg=audit(1772114492.907:1995): arch=c000003e syscall=59 success=yes exit=0 a0=5a5055337090 a1=7ffe1ee93c60 a2=7ffe1ee944e8 a3=7bc9a79aa8d0 items=2 ppid=1684 pid=1685 auid=1000 uid=0 gid=0 euid=0 suid=0 fsuid=0 egid=0 sgid=0 fsgid=0 tty=pts1 ses=1 comm="systemd-tty-ask" exe="/usr/bin/systemd-tty-ask-password-agent" subj=unconfined key="T1078_Valid_Accounts"ARCH=x86_64 SYSCALL=execve AUID="vboxuser" UID="root" GID="root" EUID="root" SUID="root" FSUID="root" EGID="root" SGID="root" FSGID="root"
type=EXECVE msg=audit(1772114492.907:1995): argc=2 a0="/usr/bin/systemd-tty-ask-password-agent" a1="--watch"
type=PATH msg=audit(1772114492.907:1995): item=0 name="/usr/bin/systemd-tty-ask-password-agent" inode=1461700 dev=08:02 mode=0100755 ouid=0 ogid=0 rdev=00:00 nametype=NORMAL cap_fp=0 cap_fi=0 cap_fe=0 cap_fver=0 cap_frootid=0OUID="root" OGID="root"
type=PATH msg=audit(1772114492.907:1995): item=1 name="/lib64/ld-linux-x86-64.so.2" inode=1481429 dev=08:02 mode=0100755 ouid=0 ogid=0 rdev=00:00 nametype=NORMAL cap_fp=0 cap_fi=0 cap_fe=0 cap_fver=0 cap_frootid=0OUID="root" OGID="root"
type=PROCTITLE msg=audit(1772114492.907:1995): proctitle=2F7573722F62696E2F73797374656D642D7474792D61736B2D70617373776F72642D6167656E74002D2D7761746368
type=SYSCALL msg=audit(1772114498.363:1996): arch=c000003e syscall=42 success=no exit=-2 a0=f a1=7ffcf1fa55c0 a2=1d a3=1 items=1 ppid=854 pid=1352 auid=4294967295 uid=33 gid=33 euid=33 suid=33 fsuid=33 egid=33 sgid=33 fsgid=33 tty=(none) ses=4294967295 comm="apache2" exe="/usr/sbin/apache2" subj=unconfined key="T1043_Commonly_Used_Port"ARCH=x86_64 SYSCALL=connect AUID="unset" UID="www-data" GID="www-data" EUID="www-data" SUID="www-data" FSUID="www-data" EGID="www-data" SGID="www-data" FSGID="www-data"
type=SOCKADDR msg=audit(1772114498.363:1996): saddr=01002F7661722F72756E2F6D7973716C642F6D7973716C642E736F636BSADDR={ saddr_fam=local path=/var/run/mysqld/mysqld.sock }
type=PATH msg=audit(1772114498.363:1996): item=0 name="/var/run/mysqld/mysqld.sock" nametype=UNKNOWN cap_fp=0 cap_fi=0 cap_fe=0 cap_fver=0 cap_frootid=0
type=PROCTITLE msg=audit(1772114498.363:1996): proctitle=2F7573722F7362696E2F61706163686532002D6B007374617274
type=SERVICE_STOP msg=audit(1772114502.675:1997): pid=1 uid=0 auid=4294967295 ses=4294967295 subj=unconfined msg='unit=mariadb comm="systemd" exe="/usr/lib/systemd/systemd" hostname=? addr=? terminal=? res=success'UID="root" AUID="unset"
type=SYSCALL msg=audit(1772114502.683:1998): arch=c000003e syscall=59 success=yes exit=0 a0=7ffe6f2b4e60 a1=7ffe6f2b4e80 a2=7ffe6f2b5978 a3=8 items=2 ppid=1 pid=1699 auid=4294967295 uid=0 gid=0 euid=0 suid=0 fsuid=0 egid=0 sgid=0 fsgid=0 tty=(none) ses=4294967295 comm="9" exe="/usr/lib/systemd/systemd-executor" subj=unconfined key="T1078_Valid_Accounts"ARCH=x86_64 SYSCALL=execve AUID="unset" UID="root" GID="root" EUID="root" SUID="root" FSUID="root" EGID="root" SGID="root" FSGID="root"
type=EXECVE msg=audit(1772114502.683:1998): argc=7 a0="/usr/lib/systemd/systemd-executor" a1="--deserialize" a2="24" a3="--log-level" a4="info" a5="--log-target" a6="journal-or-kmsg"
type=PATH msg=audit(1772114502.683:1998): item=0 name="/proc/self/fd/9" inode=1463834 dev=08:02 mode=0100755 ouid=0 ogid=0 rdev=00:00 nametype=NORMAL cap_fp=0 cap_fi=0 cap_fe=0 cap_fver=0 cap_frootid=0OUID="root" OGID="root"
type=PATH msg=audit(1772114502.683:1998): item=1 name="/lib64/ld-linux-x86-64.so.2" inode=1481429 dev=08:02 mode=0100755 ouid=0 ogid=0 rdev=00:00 nametype=NORMAL cap_fp=0 cap_fi=0 cap_fe=0 cap_fver=0 cap_frootid=0OUID="root" OGID="root"
type=PROCTITLE msg=audit(1772114502.683:1998): proctitle=2F7573722F6C69622F73797374656D642F73797374656D642D6578656375746F72002D2D646573657269616C697A65003234002D2D6C6F672D6C6576656C00696E666F002D2D6C6F672D746172676574006A6F75726E616C2D6F722D6B6D7367
type=SYSCALL msg=audit(1772114502.712:1999): arch=c000003e syscall=42 success=yes exit=0 a0=4 a1=7ffef40802d0 a2=1e a3=7ffef4080380 items=1 ppid=1 pid=1699 auid=4294967295 uid=0 gid=0 euid=0 suid=0 fsuid=0 egid=0 sgid=0 fsgid=0 tty=(none) ses=4294967295 comm="9" exe="/usr/lib/systemd/systemd-executor" subj=unconfined key="T1043_Commonly_Used_Port"ARCH=x86_64 SYSCALL=connect AUID="unset" UID="root" GID="root" EUID="root" SUID="root" FSUID="root" EGID="root" SGID="root" FSGID="root"
type=SOCKADDR msg=audit(1772114502.712:1999): saddr=01002F72756E2F73797374656D642F6A6F75726E616C2F736F636B657400SADDR={ saddr_fam=local path=/run/systemd/journal/socket }
type=PATH msg=audit(1772114502.712:1999): item=0 name="/run/systemd/journal/socket" inode=455 dev=00:18 mode=0140666 ouid=0 ogid=0 rdev=00:00 nametype=NORMAL cap_fp=0 cap_fi=0 cap_fe=0 cap_fver=0 cap_frootid=0OUID="root" OGID="root"
type=PROCTITLE msg=audit(1772114502.712:1999): proctitle=2F7573722F6C69622F73797374656D642F73797374656D642D6578656375746F72002D2D646573657269616C697A65003234002D2D6C6F672D6C6576656C00696E666F002D2D6C6F672D746172676574006A6F75726E616C2D6F722D6B6D7367
type=SYSCALL msg=audit(1772114502.712:2000): arch=c000003e syscall=42 success=yes exit=0 a0=4 a1=7ffef407fcd0 a2=2d a3=630f4e6d0180 items=1 ppid=1 pid=1699 auid=4294967295 uid=0 gid=0 euid=0 suid=0 fsuid=0 egid=0 sgid=0 fsgid=0 tty=(none) ses=4294967295 comm="(install)" exe="/usr/lib/systemd/systemd-executor" subj=unconfined key="T1043_Commonly_Used_Port"ARCH=x86_64 SYSCALL=connect AUID="unset" UID="root" GID="root" EUID="root" SUID="root" FSUID="root" EGID="root" SGID="root" FSGID="root"
type=SOCKADDR msg=audit(1772114502.712:2000): saddr=01002F72756E2F73797374656D642F7573657264622F696F2E73797374656D642E44796E616D69635573657200SADDR={ saddr_fam=local path=/run/systemd/userdb/io.systemd.DynamicUser }
type=PATH msg=audit(1772114502.712:2000): item=0 name="/run/systemd/userdb/io.systemd.DynamicUser" inode=442 dev=00:18 mode=0140666 ouid=0 ogid=0 rdev=00:00 nametype=NORMAL cap_fp=0 cap_fi=0 cap_fe=0 cap_fver=0 cap_frootid=0OUID="root" OGID="root"
type=PROCTITLE msg=audit(1772114502.712:2000): proctitle=2F7573722F6C69622F73797374656D642F73797374656D642D6578656375746F72002D2D646573657269616C697A65003234002D2D6C6F672D6C6576656C00696E666F002D2D6C6F672D746172676574006A6F75726E616C2D6F722D6B6D7367
type=SYSCALL msg=audit(1772114502.725:2001): arch=c000003e syscall=42 success=yes exit=0 a0=3 a1=7ffef407fe50 a2=1e a3=fffffff7 items=1 ppid=1 pid=1699 auid=4294967295 uid=0 gid=0 euid=111 suid=0 fsuid=111 egid=111 sgid=0 fsgid=111 tty=(none) ses=4294967295 comm="(install)" exe="/usr/lib/systemd/systemd-executor" subj=unconfined key="T1043_Commonly_Used_Port"ARCH=x86_64 SYSCALL=connect AUID="unset" UID="root" GID="root" EUID="mysql" SUID="root" FSUID="mysql" EGID="mysql" SGID="root" FSGID="mysql"
type=SOCKADDR msg=audit(1772114502.725:2001): saddr=01002F72756E2F73797374656D642F6A6F75726E616C2F7374646F757400SADDR={ saddr_fam=local path=/run/systemd/journal/stdout }
type=PATH msg=audit(1772114502.725:2001): item=0 name="/run/systemd/journal/stdout" inode=456 dev=00:18 mode=0140666 ouid=0 ogid=0 rdev=00:00 nametype=NORMAL cap_fp=0 cap_fi=0 cap_fe=0 cap_fver=0 cap_frootid=0OUID="root" OGID="root"
type=PROCTITLE msg=audit(1772114502.725:2001): proctitle=2F7573722F6C69622F73797374656D642F73797374656D642D6578656375746F72002D2D646573657269616C697A65003234002D2D6C6F672D6C6576656C00696E666F002D2D6C6F672D746172676574006A6F75726E616C2D6F722D6B6D7367
type=SYSCALL msg=audit(1772114502.726:2002): arch=c000003e syscall=114 success=yes exit=0 a0=6f a1=ffffffff a2=0 a3=7ffef4080000 items=0 ppid=1 pid=1699 auid=4294967295 uid=0 gid=111 euid=0 suid=0 fsuid=0 egid=0 sgid=0 fsgid=0 tty=(none) ses=4294967295 comm="(install)" exe="/usr/lib/systemd/systemd-executor" subj=unconfined key="T1166_Seuid_and_Setgid"ARCH=x86_64 SYSCALL=setregid AUID="unset" UID="root" GID="mysql" EUID="root" SUID="root" FSUID="root" EGID="root" SGID="root" FSGID="root"
type=PROCTITLE msg=audit(1772114502.726:2002): proctitle=2F7573722F6C69622F73797374656D642F73797374656D642D6578656375746F72002D2D646573657269616C697A65003234002D2D6C6F672D6C6576656C00696E666F002D2D6C6F672D746172676574006A6F75726E616C2D6F722D6B6D7367
type=SYSCALL msg=audit(1772114502.726:2003): arch=c000003e syscall=113 success=yes exit=0 a0=6f a1=ffffffff a2=0 a3=7ffef4080000 items=0 ppid=1 pid=1699 auid=4294967295 uid=111 gid=111 euid=0 suid=0 fsuid=0 egid=0 sgid=0 fsgid=0 tty=(none) ses=4294967295 comm="(install)" exe="/usr/lib/systemd/systemd-executor" subj=unconfined key="T1166_Seuid_and_Setgid"ARCH=x86_64 SYSCALL=setreuid AUID="unset" UID="mysql" GID="mysql" EUID="root" SUID="root" FSUID="root" EGID="root" SGID="root" FSGID="root"
type=PROCTITLE msg=audit(1772114502.726:2003): proctitle=2F7573722F6C69622F73797374656D642F73797374656D642D6578656375746F72002D2D646573657269616C697A65003234002D2D6C6F672D6C6576656C00696E666F002D2D6C6F672D746172676574006A6F75726E616C2D6F722D6B6D7367
type=SYSCALL msg=audit(1772114502.726:2004): arch=c000003e syscall=113 success=yes exit=0 a0=0 a1=ffffffff a2=0 a3=0 items=0 ppid=1 pid=1699 auid=4294967295 uid=0 gid=111 euid=0 suid=0 fsuid=0 egid=0 sgid=0 fsgid=0 tty=(none) ses=4294967295 comm="(install)" exe="/usr/lib/systemd/systemd-executor" subj=unconfined key="T1166_Seuid_and_Setgid"ARCH=x86_64 SYSCALL=setreuid AUID="unset" UID="root" GID="mysql" EUID="root" SUID="root" FSUID="root" EGID="root" SGID="root" FSGID="root"
type=PROCTITLE msg=audit(1772114502.726:2004): proctitle=2F7573722F6C69622F73797374656D642F73797374656D642D6578656375746F72002D2D646573657269616C697A65003234002D2D6C6F672D6C6576656C00696E666F002D2D6C6F672D746172676574006A6F75726E616C2D6F722D6B6D7367
type=SYSCALL msg=audit(1772114502.726:2005): arch=c000003e syscall=114 success=yes exit=0 a0=0 a1=ffffffff a2=0 a3=0 items=0 ppid=1 pid=1699 auid=4294967295 uid=0 gid=0 euid=0 suid=0 fsuid=0 egid=0 sgid=0 fsgid=0 tty=(none) ses=4294967295 comm="(install)" exe="/usr/lib/systemd/systemd-executor" subj=unconfined key="T1166_Seuid_and_Setgid"ARCH=x86_64 SYSCALL=setregid AUID="unset" UID="root" GID="root" EUID="root" SUID="root" FSUID="root" EGID="root" SGID="root" FSGID="root"
type=PROCTITLE msg=audit(1772114502.726:2005): proctitle=2F7573722F6C69622F73797374656D642F73797374656D642D6578656375746F72002D2D646573657269616C697A65003234002D2D6C6F672D6C6576656C00696E666F002D2D6C6F672D746172676574006A6F75726E616C2D6F722D6B6D7367
type=SYSCALL msg=audit(1772114502.726:2006): arch=c000003e syscall=59 success=yes exit=0 a0=630f4e6da3a0 a1=630f4e6da160 a2=630f4e6d33b0 a3=630f4e6cecc0 items=2 ppid=1 pid=1699 auid=4294967295 uid=0 gid=0 euid=0 suid=0 fsuid=0 egid=0 sgid=0 fsgid=0 tty=(none) ses=4294967295 comm="install" exe="/usr/bin/install" subj=unconfined key="T1078_Valid_Accounts"ARCH=x86_64 SYSCALL=execve AUID="unset" UID="root" GID="root" EUID="root" SUID="root" FSUID="root" EGID="root" SGID="root" FSGID="root"
type=EXECVE msg=audit(1772114502.726:2006): argc=9 a0="/usr/bin/install" a1="-m" a2="755" a3="-o" a4="mysql" a5="-g" a6="root" a7="-d" a8="/var/run/mysqld"
type=PATH msg=audit(1772114502.726:2006): item=0 name="/usr/bin/install" inode=1442478 dev=08:02 mode=0100755 ouid=0 ogid=0 rdev=00:00 nametype=NORMAL cap_fp=0 cap_fi=0 cap_fe=0 cap_fver=0 cap_frootid=0OUID="root" OGID="root"
type=PATH msg=audit(1772114502.726:2006): item=1 name="/lib64/ld-linux-x86-64.so.2" inode=1481429 dev=08:02 mode=0100755 ouid=0 ogid=0 rdev=00:00 nametype=NORMAL cap_fp=0 cap_fi=0 cap_fe=0 cap_fver=0 cap_frootid=0OUID="root" OGID="root"
type=PROCTITLE msg=audit(1772114502.726:2006): proctitle=2F7573722F6C69622F73797374656D642F73797374656D642D6578656375746F72002D2D646573657269616C697A65003234002D2D6C6F672D6C6576656C00696E666F002D2D6C6F672D746172676574006A6F75726E616C2D6F722D6B6D7367
type=SYSCALL msg=audit(1772114502.751:2007): arch=c000003e syscall=59 success=yes exit=0 a0=7ffe6f2b4e40 a1=7ffe6f2b4e60 a2=7ffe6f2b5978 a3=8 items=2 ppid=1 pid=1701 auid=4294967295 uid=0 gid=0 euid=0 suid=0 fsuid=0 egid=0 sgid=0 fsgid=0 tty=(none) ses=4294967295 comm="9" exe="/usr/lib/systemd/systemd-executor" subj=unconfined key="T1078_Valid_Accounts"ARCH=x86_64 SYSCALL=execve AUID="unset" UID="root" GID="root" EUID="root" SUID="root" FSUID="root" EGID="root" SGID="root" FSGID="root"
type=EXECVE msg=audit(1772114502.751:2007): argc=7 a0="/usr/lib/systemd/systemd-executor" a1="--deserialize" a2="24" a3="--log-level" a4="info" a5="--log-target" a6="journal-or-kmsg"
type=PATH msg=audit(1772114502.751:2007): item=0 name="/proc/self/fd/9" inode=1463834 dev=08:02 mode=0100755 ouid=0 ogid=0 rdev=00:00 nametype=NORMAL cap_fp=0 cap_fi=0 cap_fe=0 cap_fver=0 cap_frootid=0OUID="root" OGID="root"
type=PATH msg=audit(1772114502.751:2007): item=1 name="/lib64/ld-linux-x86-64.so.2" inode=1481429 dev=08:02 mode=0100755 ouid=0 ogid=0 rdev=00:00 nametype=NORMAL cap_fp=0 cap_fi=0 cap_fe=0 cap_fver=0 cap_frootid=0OUID="root" OGID="root"
type=PROCTITLE msg=audit(1772114502.751:2007): proctitle=2F7573722F6C69622F73797374656D642F73797374656D642D6578656375746F72002D2D646573657269616C697A65003234002D2D6C6F672D6C6576656C00696E666F002D2D6C6F672D746172676574006A6F75726E616C2D6F722D6B6D7367
type=SYSCALL msg=audit(1772114502.774:2008): arch=c000003e syscall=42 success=yes exit=0 a0=4 a1=7ffe6e0bb220 a2=1e a3=7ffe6e0bb2d0 items=1 ppid=1 pid=1701 auid=4294967295 uid=0 gid=0 euid=0 suid=0 fsuid=0 egid=0 sgid=0 fsgid=0 tty=(none) ses=4294967295 comm="9" exe="/usr/lib/systemd/systemd-executor" subj=unconfined key="T1043_Commonly_Used_Port"ARCH=x86_64 SYSCALL=connect AUID="unset" UID="root" GID="root" EUID="root" SUID="root" FSUID="root" EGID="root" SGID="root" FSGID="root"
type=SOCKADDR msg=audit(1772114502.774:2008): saddr=01002F72756E2F73797374656D642F6A6F75726E616C2F736F636B657400SADDR={ saddr_fam=local path=/run/systemd/journal/socket }
type=PATH msg=audit(1772114502.774:2008): item=0 name="/run/systemd/journal/socket" inode=455 dev=00:18 mode=0140666 ouid=0 ogid=0 rdev=00:00 nametype=NORMAL cap_fp=0 cap_fi=0 cap_fe=0 cap_fver=0 cap_frootid=0OUID="root" OGID="root"
type=PROCTITLE msg=audit(1772114502.774:2008): proctitle=2F7573722F6C69622F73797374656D642F73797374656D642D6578656375746F72002D2D646573657269616C697A65003234002D2D6C6F672D6C6576656C00696E666F002D2D6C6F672D746172676574006A6F75726E616C2D6F722D6B6D7367
type=SYSCALL msg=audit(1772114502.774:2009): arch=c000003e syscall=42 success=yes exit=0 a0=4 a1=7ffe6e0bac20 a2=2d a3=5e8cf0798120 items=1 ppid=1 pid=1701 auid=4294967295 uid=0 gid=0 euid=0 suid=0 fsuid=0 egid=0 sgid=0 fsgid=0 tty=(none) ses=4294967295 comm="(sh)" exe="/usr/lib/systemd/systemd-executor" subj=unconfined key="T1043_Commonly_Used_Port"ARCH=x86_64 SYSCALL=connect AUID="unset" UID="root" GID="root" EUID="root" SUID="root" FSUID="root" EGID="root" SGID="root" FSGID="root"
type=SOCKADDR msg=audit(1772114502.774:2009): saddr=01002F72756E2F73797374656D642F7573657264622F696F2E73797374656D642E44796E616D69635573657200SADDR={ saddr_fam=local path=/run/systemd/userdb/io.systemd.DynamicUser }
type=PATH msg=audit(1772114502.774:2009): item=0 name="/run/systemd/userdb/io.systemd.DynamicUser" inode=442 dev=00:18 mode=0140666 ouid=0 ogid=0 rdev=00:00 nametype=NORMAL cap_fp=0 cap_fi=0 cap_fe=0 cap_fver=0 cap_frootid=0OUID="root" OGID="root"
type=PROCTITLE msg=audit(1772114502.774:2009): proctitle=2F7573722F6C69622F73797374656D642F73797374656D642D6578656375746F72002D2D646573657269616C697A65003234002D2D6C6F672D6C6576656C00696E666F002D2D6C6F672D746172676574006A6F75726E616C2D6F722D6B6D7367
type=SYSCALL msg=audit(1772114502.792:2010): arch=c000003e syscall=42 success=yes exit=0 a0=3 a1=7ffe6e0bada0 a2=1e a3=fffffff7 items=1 ppid=1 pid=1701 auid=4294967295 uid=0 gid=0 euid=111 suid=0 fsuid=111 egid=111 sgid=0 fsgid=111 tty=(none) ses=4294967295 comm="(sh)" exe="/usr/lib/systemd/systemd-executor" subj=unconfined key="T1043_Commonly_Used_Port"ARCH=x86_64 SYSCALL=connect AUID="unset" UID="root" GID="root" EUID="mysql" SUID="root" FSUID="mysql" EGID="mysql" SGID="root" FSGID="mysql"
type=SOCKADDR msg=audit(1772114502.792:2010): saddr=01002F72756E2F73797374656D642F6A6F75726E616C2F7374646F757400SADDR={ saddr_fam=local path=/run/systemd/journal/stdout }
type=PATH msg=audit(1772114502.792:2010): item=0 name="/run/systemd/journal/stdout" inode=456 dev=00:18 mode=0140666 ouid=0 ogid=0 rdev=00:00 nametype=NORMAL cap_fp=0 cap_fi=0 cap_fe=0 cap_fver=0 cap_frootid=0OUID="root" OGID="root"
type=PROCTITLE msg=audit(1772114502.792:2010): proctitle=2F7573722F6C69622F73797374656D642F73797374656D642D6578656375746F72002D2D646573657269616C697A65003234002D2D6C6F672D6C6576656C00696E666F002D2D6C6F672D746172676574006A6F75726E616C2D6F722D6B6D7367
type=SYSCALL msg=audit(1772114502.792:2011): arch=c000003e syscall=114 success=yes exit=0 a0=6f a1=ffffffff a2=0 a3=7ffe6e0baf50 items=0 ppid=1 pid=1701 auid=4294967295 uid=0 gid=111 euid=0 suid=0 fsuid=0 egid=0 sgid=0 fsgid=0 tty=(none) ses=4294967295 comm="(sh)" exe="/usr/lib/systemd/systemd-executor" subj=unconfined key="T1166_Seuid_and_Setgid"ARCH=x86_64 SYSCALL=setregid AUID="unset" UID="root" GID="mysql" EUID="root" SUID="root" FSUID="root" EGID="root" SGID="root" FSGID="root"
type=PROCTITLE msg=audit(1772114502.792:2011): proctitle=2F7573722F6C69622F73797374656D642F73797374656D642D6578656375746F72002D2D646573657269616C697A65003234002D2D6C6F672D6C6576656C00696E666F002D2D6C6F672D746172676574006A6F75726E616C2D6F722D6B6D7367
type=SYSCALL msg=audit(1772114502.794:2012): arch=c000003e syscall=113 success=yes exit=0 a0=6f a1=ffffffff a2=0 a3=7ffe6e0baf50 items=0 ppid=1 pid=1701 auid=4294967295 uid=111 gid=111 euid=0 suid=0 fsuid=0 egid=0 sgid=0 fsgid=0 tty=(none) ses=4294967295 comm="(sh)" exe="/usr/lib/systemd/systemd-executor" subj=unconfined key="T1166_Seuid_and_Setgid"ARCH=x86_64 SYSCALL=setreuid AUID="unset" UID="mysql" GID="mysql" EUID="root" SUID="root" FSUID="root" EGID="root" SGID="root" FSGID="root"
type=PROCTITLE msg=audit(1772114502.794:2012): proctitle=2F7573722F6C69622F73797374656D642F73797374656D642D6578656375746F72002D2D646573657269616C697A65003234002D2D6C6F672D6C6576656C00696E666F002D2D6C6F672D746172676574006A6F75726E616C2D6F722D6B6D7367
type=SYSCALL msg=audit(1772114502.794:2013): arch=c000003e syscall=113 success=yes exit=0 a0=0 a1=ffffffff a2=0 a3=0 items=0 ppid=1 pid=1701 auid=4294967295 uid=0 gid=111 euid=0 suid=0 fsuid=0 egid=0 sgid=0 fsgid=0 tty=(none) ses=4294967295 comm="(sh)" exe="/usr/lib/systemd/systemd-executor" subj=unconfined key="T1166_Seuid_and_Setgid"ARCH=x86_64 SYSCALL=setreuid AUID="unset" UID="root" GID="mysql" EUID="root" SUID="root" FSUID="root" EGID="root" SGID="root" FSGID="root"
type=PROCTITLE msg=audit(1772114502.794:2013): proctitle=2F7573722F6C69622F73797374656D642F73797374656D642D6578656375746F72002D2D646573657269616C697A65003234002D2D6C6F672D6C6576656C00696E666F002D2D6C6F672D746172676574006A6F75726E616C2D6F722D6B6D7367
type=SYSCALL msg=audit(1772114502.794:2014): arch=c000003e syscall=114 success=yes exit=0 a0=0 a1=ffffffff a2=0 a3=0 items=0 ppid=1 pid=1701 auid=4294967295 uid=0 gid=0 euid=0 suid=0 fsuid=0 egid=0 sgid=0 fsgid=0 tty=(none) ses=4294967295 comm="(sh)" exe="/usr/lib/systemd/systemd-executor" subj=unconfined key="T1166_Seuid_and_Setgid"ARCH=x86_64 SYSCALL=setregid AUID="unset" UID="root" GID="root" EUID="root" SUID="root" FSUID="root" EGID="root" SGID="root" FSGID="root"
type=PROCTITLE msg=audit(1772114502.794:2014): proctitle=2F7573722F6C69622F73797374656D642F73797374656D642D6578656375746F72002D2D646573657269616C697A65003234002D2D6C6F672D6C6576656C00696E666F002D2D6C6F672D746172676574006A6F75726E616C2D6F722D6B6D7367
type=SYSCALL msg=audit(1772114502.799:2015): arch=c000003e syscall=59 success=yes exit=0 a0=5e8cf07a2350 a1=5e8cf079be30 a2=5e8cf079b350 a3=5e8cf0796c40 items=2 ppid=1 pid=1701 auid=4294967295 uid=0 gid=0 euid=0 suid=0 fsuid=0 egid=0 sgid=0 fsgid=0 tty=(none) ses=4294967295 comm="sh" exe="/usr/bin/dash" subj=unconfined key="T1078_Valid_Accounts"ARCH=x86_64 SYSCALL=execve AUID="unset" UID="root" GID="root" EUID="root" SUID="root" FSUID="root" EGID="root" SGID="root" FSGID="root"
type=EXECVE msg=audit(1772114502.799:2015): argc=3 a0="/bin/sh" a1="-c" a2=73797374656D63746C20756E7365742D656E7669726F6E6D656E74205F57535245505F53544152545F504F534954494F4E
type=PATH msg=audit(1772114502.799:2015): item=0 name="/bin/sh" inode=1442345 dev=08:02 mode=0100755 ouid=0 ogid=0 rdev=00:00 nametype=NORMAL cap_fp=0 cap_fi=0 cap_fe=0 cap_fver=0 cap_frootid=0OUID="root" OGID="root"
type=PATH msg=audit(1772114502.799:2015): item=1 name="/lib64/ld-linux-x86-64.so.2" inode=1481429 dev=08:02 mode=0100755 ouid=0 ogid=0 rdev=00:00 nametype=NORMAL cap_fp=0 cap_fi=0 cap_fe=0 cap_fver=0 cap_frootid=0OUID="root" OGID="root"
type=PROCTITLE msg=audit(1772114502.799:2015): proctitle=2F7573722F6C69622F73797374656D642F73797374656D642D6578656375746F72002D2D646573657269616C697A65003234002D2D6C6F672D6C6576656C00696E666F002D2D6C6F672D746172676574006A6F75726E616C2D6F722D6B6D7367
type=SYSCALL msg=audit(1772114502.819:2016): arch=c000003e syscall=59 success=yes exit=0 a0=57a9916c6688 a1=57a98218a618 a2=57a98218a638 a3=1 items=2 ppid=1701 pid=1702 auid=4294967295 uid=0 gid=0 euid=0 suid=0 fsuid=0 egid=0 sgid=0 fsgid=0 tty=(none) ses=4294967295 comm="systemctl" exe="/usr/bin/systemctl" subj=unconfined key="T1078_Valid_Accounts"ARCH=x86_64 SYSCALL=execve AUID="unset" UID="root" GID="root" EUID="root" SUID="root" FSUID="root" EGID="root" SGID="root" FSGID="root"
type=EXECVE msg=audit(1772114502.819:2016): argc=3 a0="systemctl" a1="unset-environment" a2="_WSREP_START_POSITION"
type=PATH msg=audit(1772114502.819:2016): item=0 name="/usr/bin/systemctl" inode=1461475 dev=08:02 mode=0100755 ouid=0 ogid=0 rdev=00:00 nametype=NORMAL cap_fp=0 cap_fi=0 cap_fe=0 cap_fver=0 cap_frootid=0OUID="root" OGID="root"
type=PATH msg=audit(1772114502.819:2016): item=1 name="/lib64/ld-linux-x86-64.so.2" inode=1481429 dev=08:02 mode=0100755 ouid=0 ogid=0 rdev=00:00 nametype=NORMAL cap_fp=0 cap_fi=0 cap_fe=0 cap_fver=0 cap_frootid=0OUID="root" OGID="root"
type=PROCTITLE msg=audit(1772114502.819:2016): proctitle=73797374656D63746C00756E7365742D656E7669726F6E6D656E74005F57535245505F53544152545F504F534954494F4E
type=SYSCALL msg=audit(1772114502.834:2017): arch=c000003e syscall=42 success=yes exit=0 a0=3 a1=7ffe7731a0b0 a2=1e a3=7ffe7731a160 items=1 ppid=1701 pid=1702 auid=4294967295 uid=0 gid=0 euid=0 suid=0 fsuid=0 egid=0 sgid=0 fsgid=0 tty=(none) ses=4294967295 comm="systemctl" exe="/usr/bin/systemctl" subj=unconfined key="T1043_Commonly_Used_Port"ARCH=x86_64 SYSCALL=connect AUID="unset" UID="root" GID="root" EUID="root" SUID="root" FSUID="root" EGID="root" SGID="root" FSGID="root"
type=SOCKADDR msg=audit(1772114502.834:2017): saddr=01002F72756E2F73797374656D642F6A6F75726E616C2F736F636B657400SADDR={ saddr_fam=local path=/run/systemd/journal/socket }
type=PATH msg=audit(1772114502.834:2017): item=0 name="/run/systemd/journal/socket" inode=455 dev=00:18 mode=0140666 ouid=0 ogid=0 rdev=00:00 nametype=NORMAL cap_fp=0 cap_fi=0 cap_fe=0 cap_fver=0 cap_frootid=0OUID="root" OGID="root"
type=PROCTITLE msg=audit(1772114502.834:2017): proctitle=73797374656D63746C00756E7365742D656E7669726F6E6D656E74005F57535245505F53544152545F504F534954494F4E
type=SYSCALL msg=audit(1772114502.834:2018): arch=c000003e syscall=42 success=yes exit=0 a0=4 a1=634f3d72cb18 a2=17 a3=7ffe773199d4 items=1 ppid=1701 pid=1702 auid=4294967295 uid=0 gid=0 euid=0 suid=0 fsuid=0 egid=0 sgid=0 fsgid=0 tty=(none) ses=4294967295 comm="systemctl" exe="/usr/bin/systemctl" subj=unconfined key="T1043_Commonly_Used_Port"ARCH=x86_64 SYSCALL=connect AUID="unset" UID="root" GID="root" EUID="root" SUID="root" FSUID="root" EGID="root" SGID="root" FSGID="root"
type=SOCKADDR msg=audit(1772114502.834:2018): saddr=01002F72756E2F73797374656D642F7072697661746500SADDR={ saddr_fam=local path=/run/systemd/private }
type=PATH msg=audit(1772114502.834:2018): item=0 name="/run/systemd/private" inode=440 dev=00:18 mode=0140700 ouid=0 ogid=0 rdev=00:00 nametype=NORMAL cap_fp=0 cap_fi=0 cap_fe=0 cap_fver=0 cap_frootid=0OUID="root" OGID="root"
type=PROCTITLE msg=audit(1772114502.834:2018): proctitle=73797374656D63746C00756E7365742D656E7669726F6E6D656E74005F57535245505F53544152545F504F534954494F4E
type=SYSCALL msg=audit(1772114502.849:2019): arch=c000003e syscall=59 success=yes exit=0 a0=7ffe6f2b4e40 a1=7ffe6f2b4e60 a2=7ffe6f2b5978 a3=8 items=2 ppid=1 pid=1703 auid=4294967295 uid=0 gid=0 euid=0 suid=0 fsuid=0 egid=0 sgid=0 fsgid=0 tty=(none) ses=4294967295 comm="9" exe="/usr/lib/systemd/systemd-executor" subj=unconfined key="T1078_Valid_Accounts"ARCH=x86_64 SYSCALL=execve AUID="unset" UID="root" GID="root" EUID="root" SUID="root" FSUID="root" EGID="root" SGID="root" FSGID="root"
type=EXECVE msg=audit(1772114502.849:2019): argc=7 a0="/usr/lib/systemd/systemd-executor" a1="--deserialize" a2="24" a3="--log-level" a4="info" a5="--log-target" a6="journal-or-kmsg"
type=PATH msg=audit(1772114502.849:2019): item=0 name="/proc/self/fd/9" inode=1463834 dev=08:02 mode=0100755 ouid=0 ogid=0 rdev=00:00 nametype=NORMAL cap_fp=0 cap_fi=0 cap_fe=0 cap_fver=0 cap_frootid=0OUID="root" OGID="root"
type=PATH msg=audit(1772114502.849:2019): item=1 name="/lib64/ld-linux-x86-64.so.2" inode=1481429 dev=08:02 mode=0100755 ouid=0 ogid=0 rdev=00:00 nametype=NORMAL cap_fp=0 cap_fi=0 cap_fe=0 cap_fver=0 cap_frootid=0OUID="root" OGID="root"
type=PROCTITLE msg=audit(1772114502.849:2019): proctitle=2F7573722F6C69622F73797374656D642F73797374656D642D6578656375746F72002D2D646573657269616C697A65003234002D2D6C6F672D6C6576656C00696E666F002D2D6C6F672D746172676574006A6F75726E616C2D6F722D6B6D7367
type=SYSCALL msg=audit(1772114502.873:2020): arch=c000003e syscall=42 success=yes exit=0 a0=4 a1=7ffe2edc9a20 a2=1e a3=7ffe2edc9ad0 items=1 ppid=1 pid=1703 auid=4294967295 uid=0 gid=0 euid=0 suid=0 fsuid=0 egid=0 sgid=0 fsgid=0 tty=(none) ses=4294967295 comm="9" exe="/usr/lib/systemd/systemd-executor" subj=unconfined key="T1043_Commonly_Used_Port"ARCH=x86_64 SYSCALL=connect AUID="unset" UID="root" GID="root" EUID="root" SUID="root" FSUID="root" EGID="root" SGID="root" FSGID="root"
type=SOCKADDR msg=audit(1772114502.873:2020): saddr=01002F72756E2F73797374656D642F6A6F75726E616C2F736F636B657400SADDR={ saddr_fam=local path=/run/systemd/journal/socket }
type=PATH msg=audit(1772114502.873:2020): item=0 name="/run/systemd/journal/socket" inode=455 dev=00:18 mode=0140666 ouid=0 ogid=0 rdev=00:00 nametype=NORMAL cap_fp=0 cap_fi=0 cap_fe=0 cap_fver=0 cap_frootid=0OUID="root" OGID="root"
type=PROCTITLE msg=audit(1772114502.873:2020): proctitle=2F7573722F6C69622F73797374656D642F73797374656D642D6578656375746F72002D2D646573657269616C697A65003234002D2D6C6F672D6C6576656C00696E666F002D2D6C6F672D746172676574006A6F75726E616C2D6F722D6B6D7367
type=SYSCALL msg=audit(1772114502.873:2021): arch=c000003e syscall=42 success=yes exit=0 a0=4 a1=7ffe2edc9420 a2=2d a3=625a60f88270 items=1 ppid=1 pid=1703 auid=4294967295 uid=0 gid=0 euid=0 suid=0 fsuid=0 egid=0 sgid=0 fsgid=0 tty=(none) ses=4294967295 comm="(sh)" exe="/usr/lib/systemd/systemd-executor" subj=unconfined key="T1043_Commonly_Used_Port"ARCH=x86_64 SYSCALL=connect AUID="unset" UID="root" GID="root" EUID="root" SUID="root" FSUID="root" EGID="root" SGID="root" FSGID="root"
type=SOCKADDR msg=audit(1772114502.873:2021): saddr=01002F72756E2F73797374656D642F7573657264622F696F2E73797374656D642E44796E616D69635573657200SADDR={ saddr_fam=local path=/run/systemd/userdb/io.systemd.DynamicUser }
type=PATH msg=audit(1772114502.873:2021): item=0 name="/run/systemd/userdb/io.systemd.DynamicUser" inode=442 dev=00:18 mode=0140666 ouid=0 ogid=0 rdev=00:00 nametype=NORMAL cap_fp=0 cap_fi=0 cap_fe=0 cap_fver=0 cap_frootid=0OUID="root" OGID="root"
type=PROCTITLE msg=audit(1772114502.873:2021): proctitle=2F7573722F6C69622F73797374656D642F73797374656D642D6578656375746F72002D2D646573657269616C697A65003234002D2D6C6F672D6C6576656C00696E666F002D2D6C6F672D746172676574006A6F75726E616C2D6F722D6B6D7367
type=SYSCALL msg=audit(1772114502.894:2022): arch=c000003e syscall=42 success=yes exit=0 a0=3 a1=7ffe2edc95a0 a2=1e a3=fffffff7 items=1 ppid=1 pid=1703 auid=4294967295 uid=0 gid=0 euid=111 suid=0 fsuid=111 egid=111 sgid=0 fsgid=111 tty=(none) ses=4294967295 comm="(sh)" exe="/usr/lib/systemd/systemd-executor" subj=unconfined key="T1043_Commonly_Used_Port"ARCH=x86_64 SYSCALL=connect AUID="unset" UID="root" GID="root" EUID="mysql" SUID="root" FSUID="mysql" EGID="mysql" SGID="root" FSGID="mysql"
type=SOCKADDR msg=audit(1772114502.894:2022): saddr=01002F72756E2F73797374656D642F6A6F75726E616C2F7374646F757400SADDR={ saddr_fam=local path=/run/systemd/journal/stdout }
type=PATH msg=audit(1772114502.894:2022): item=0 name="/run/systemd/journal/stdout" inode=456 dev=00:18 mode=0140666 ouid=0 ogid=0 rdev=00:00 nametype=NORMAL cap_fp=0 cap_fi=0 cap_fe=0 cap_fver=0 cap_frootid=0OUID="root" OGID="root"
type=PROCTITLE msg=audit(1772114502.894:2022): proctitle=2F7573722F6C69622F73797374656D642F73797374656D642D6578656375746F72002D2D646573657269616C697A65003234002D2D6C6F672D6C6576656C00696E666F002D2D6C6F672D746172676574006A6F75726E616C2D6F722D6B6D7367
type=SYSCALL msg=audit(1772114502.895:2023): arch=c000003e syscall=114 success=yes exit=0 a0=6f a1=ffffffff a2=0 a3=7ffe2edc9750 items=0 ppid=1 pid=1703 auid=4294967295 uid=0 gid=111 euid=0 suid=0 fsuid=0 egid=0 sgid=0 fsgid=0 tty=(none) ses=4294967295 comm="(sh)" exe="/usr/lib/systemd/systemd-executor" subj=unconfined key="T1166_Seuid_and_Setgid"ARCH=x86_64 SYSCALL=setregid AUID="unset" UID="root" GID="mysql" EUID="root" SUID="root" FSUID="root" EGID="root" SGID="root" FSGID="root"
type=PROCTITLE msg=audit(1772114502.895:2023): proctitle=2F7573722F6C69622F73797374656D642F73797374656D642D6578656375746F72002D2D646573657269616C697A65003234002D2D6C6F672D6C6576656C00696E666F002D2D6C6F672D746172676574006A6F75726E616C2D6F722D6B6D7367
type=SYSCALL msg=audit(1772114502.899:2024): arch=c000003e syscall=113 success=yes exit=0 a0=6f a1=ffffffff a2=0 a3=7ffe2edc9750 items=0 ppid=1 pid=1703 auid=4294967295 uid=111 gid=111 euid=0 suid=0 fsuid=0 egid=0 sgid=0 fsgid=0 tty=(none) ses=4294967295 comm="(sh)" exe="/usr/lib/systemd/systemd-executor" subj=unconfined key="T1166_Seuid_and_Setgid"ARCH=x86_64 SYSCALL=setreuid AUID="unset" UID="mysql" GID="mysql" EUID="root" SUID="root" FSUID="root" EGID="root" SGID="root" FSGID="root"
type=PROCTITLE msg=audit(1772114502.899:2024): proctitle=2F7573722F6C69622F73797374656D642F73797374656D642D6578656375746F72002D2D646573657269616C697A65003234002D2D6C6F672D6C6576656C00696E666F002D2D6C6F672D746172676574006A6F75726E616C2D6F722D6B6D7367
type=SYSCALL msg=audit(1772114502.899:2025): arch=c000003e syscall=113 success=yes exit=0 a0=0 a1=ffffffff a2=0 a3=0 items=0 ppid=1 pid=1703 auid=4294967295 uid=0 gid=111 euid=0 suid=0 fsuid=0 egid=0 sgid=0 fsgid=0 tty=(none) ses=4294967295 comm="(sh)" exe="/usr/lib/systemd/systemd-executor" subj=unconfined key="T1166_Seuid_and_Setgid"ARCH=x86_64 SYSCALL=setreuid AUID="unset" UID="root" GID="mysql" EUID="root" SUID="root" FSUID="root" EGID="root" SGID="root" FSGID="root"
type=PROCTITLE msg=audit(1772114502.899:2025): proctitle=2F7573722F6C69622F73797374656D642F73797374656D642D6578656375746F72002D2D646573657269616C697A65003234002D2D6C6F672D6C6576656C00696E666F002D2D6C6F672D746172676574006A6F75726E616C2D6F722D6B6D7367
type=SYSCALL msg=audit(1772114502.900:2026): arch=c000003e syscall=114 success=yes exit=0 a0=0 a1=ffffffff a2=0 a3=0 items=0 ppid=1 pid=1703 auid=4294967295 uid=0 gid=0 euid=0 suid=0 fsuid=0 egid=0 sgid=0 fsgid=0 tty=(none) ses=4294967295 comm="(sh)" exe="/usr/lib/systemd/systemd-executor" subj=unconfined key="T1166_Seuid_and_Setgid"ARCH=x86_64 SYSCALL=setregid AUID="unset" UID="root" GID="root" EUID="root" SUID="root" FSUID="root" EGID="root" SGID="root" FSGID="root"
type=PROCTITLE msg=audit(1772114502.900:2026): proctitle=2F7573722F6C69622F73797374656D642F73797374656D642D6578656375746F72002D2D646573657269616C697A65003234002D2D6C6F672D6C6576656C00696E666F002D2D6C6F672D746172676574006A6F75726E616C2D6F722D6B6D7367
type=SYSCALL msg=audit(1772114502.916:2027): arch=c000003e syscall=59 success=yes exit=0 a0=625a60f92490 a1=625a60f8b3a0 a2=625a60f8b4a0 a3=625a60f86d40 items=2 ppid=1 pid=1703 auid=4294967295 uid=0 gid=0 euid=0 suid=0 fsuid=0 egid=0 sgid=0 fsgid=0 tty=(none) ses=4294967295 comm="sh" exe="/usr/bin/dash" subj=unconfined key="T1078_Valid_Accounts"ARCH=x86_64 SYSCALL=execve AUID="unset" UID="root" GID="root" EUID="root" SUID="root" FSUID="root" EGID="root" SGID="root" FSGID="root"
type=EXECVE msg=audit(1772114502.916:2027): argc=3 a0="/bin/sh" a1="-c" a2=5B2021202D65202F7573722F62696E2F67616C6572615F7265636F76657279205D202626205641523D207C7C2020205641523D602F7573722F62696E2F67616C6572615F7265636F76657279603B205B20243F202D65712030205D20202026262073797374656D63746C207365742D656E7669726F6E6D656E74205F57535245505F53544152545F504F534954494F4E3D24564152207C7C20657869742031
type=PATH msg=audit(1772114502.916:2027): item=0 name="/bin/sh" inode=1442345 dev=08:02 mode=0100755 ouid=0 ogid=0 rdev=00:00 nametype=NORMAL cap_fp=0 cap_fi=0 cap_fe=0 cap_fver=0 cap_frootid=0OUID="root" OGID="root"
type=PATH msg=audit(1772114502.916:2027): item=1 name="/lib64/ld-linux-x86-64.so.2" inode=1481429 dev=08:02 mode=0100755 ouid=0 ogid=0 rdev=00:00 nametype=NORMAL cap_fp=0 cap_fi=0 cap_fe=0 cap_fver=0 cap_frootid=0OUID="root" OGID="root"
type=PROCTITLE msg=audit(1772114502.916:2027): proctitle=2F7573722F6C69622F73797374656D642F73797374656D642D6578656375746F72002D2D646573657269616C697A65003234002D2D6C6F672D6C6576656C00696E666F002D2D6C6F672D746172676574006A6F75726E616C2D6F722D6B6D7367
type=SYSCALL msg=audit(1772114502.932:2028): arch=c000003e syscall=59 success=yes exit=0 a0=5acad180c9b8 a1=5acad180c9f0 a2=5acad180ca68 a3=5acad180c4f0 items=3 ppid=1703 pid=1705 auid=4294967295 uid=0 gid=0 euid=0 suid=0 fsuid=0 egid=0 sgid=0 fsgid=0 tty=(none) ses=4294967295 comm="galera_recovery" exe="/usr/bin/dash" subj=unconfined key="T1078_Valid_Accounts"ARCH=x86_64 SYSCALL=execve AUID="unset" UID="root" GID="root" EUID="root" SUID="root" FSUID="root" EGID="root" SGID="root" FSGID="root"
type=EXECVE msg=audit(1772114502.932:2028): argc=2 a0="/bin/sh" a1="/usr/bin/galera_recovery"
type=PATH msg=audit(1772114502.932:2028): item=0 name="/usr/bin/galera_recovery" inode=1499112 dev=08:02 mode=0100755 ouid=0 ogid=0 rdev=00:00 nametype=NORMAL cap_fp=0 cap_fi=0 cap_fe=0 cap_fver=0 cap_frootid=0OUID="root" OGID="root"
type=PATH msg=audit(1772114502.932:2028): item=1 name="/bin/sh" inode=1442345 dev=08:02 mode=0100755 ouid=0 ogid=0 rdev=00:00 nametype=NORMAL cap_fp=0 cap_fi=0 cap_fe=0 cap_fver=0 cap_frootid=0OUID="root" OGID="root"
type=PATH msg=audit(1772114502.932:2028): item=2 name="/lib64/ld-linux-x86-64.so.2" inode=1481429 dev=08:02 mode=0100755 ouid=0 ogid=0 rdev=00:00 nametype=NORMAL cap_fp=0 cap_fi=0 cap_fe=0 cap_fver=0 cap_frootid=0OUID="root" OGID="root"
type=PROCTITLE msg=audit(1772114502.932:2028): proctitle=2F62696E2F7368002F7573722F62696E2F67616C6572615F7265636F76657279
type=SYSCALL msg=audit(1772114502.942:2029): arch=c000003e syscall=59 success=yes exit=0 a0=61dfc68a5678 a1=61dfc68a5600 a2=61dfc68a5618 a3=1 items=2 ppid=1705 pid=1706 auid=4294967295 uid=0 gid=0 euid=0 suid=0 fsuid=0 egid=0 sgid=0 fsgid=0 tty=(none) ses=4294967295 comm="mktemp" exe="/usr/bin/mktemp" subj=unconfined key="T1078_Valid_Accounts"ARCH=x86_64 SYSCALL=execve AUID="unset" UID="root" GID="root" EUID="root" SUID="root" FSUID="root" EGID="root" SGID="root" FSGID="root"
type=EXECVE msg=audit(1772114502.942:2029): argc=2 a0="mktemp" a1="/tmp/wsrep_recovery.XXXXXX"
type=PATH msg=audit(1772114502.942:2029): item=0 name="/usr/bin/mktemp" inode=1442575 dev=08:02 mode=0100755 ouid=0 ogid=0 rdev=00:00 nametype=NORMAL cap_fp=0 cap_fi=0 cap_fe=0 cap_fver=0 cap_frootid=0OUID="root" OGID="root"
type=PATH msg=audit(1772114502.942:2029): item=1 name="/lib64/ld-linux-x86-64.so.2" inode=1481429 dev=08:02 mode=0100755 ouid=0 ogid=0 rdev=00:00 nametype=NORMAL cap_fp=0 cap_fi=0 cap_fe=0 cap_fver=0 cap_frootid=0OUID="root" OGID="root"
type=PROCTITLE msg=audit(1772114502.942:2029): proctitle=6D6B74656D70002F746D702F77737265705F7265636F766572792E585858585858
type=SYSCALL msg=audit(1772114502.958:2030): arch=c000003e syscall=59 success=yes exit=0 a0=61dfc68a5638 a1=61dfc68a55c0 a2=61dfc68a55d8 a3=1 items=2 ppid=1705 pid=1707 auid=4294967295 uid=0 gid=0 euid=0 suid=0 fsuid=0 egid=0 sgid=0 fsgid=0 tty=(none) ses=4294967295 comm="id" exe="/usr/bin/id" subj=unconfined key="T1078_Valid_Accounts"ARCH=x86_64 SYSCALL=execve AUID="unset" UID="root" GID="root" EUID="root" SUID="root" FSUID="root" EGID="root" SGID="root" FSGID="root"
type=EXECVE msg=audit(1772114502.958:2030): argc=2 a0="id" a1="-u"
type=PATH msg=audit(1772114502.958:2030): item=0 name="/usr/bin/id" inode=1442474 dev=08:02 mode=0100755 ouid=0 ogid=0 rdev=00:00 nametype=NORMAL cap_fp=0 cap_fi=0 cap_fe=0 cap_fver=0 cap_frootid=0OUID="root" OGID="root"
type=PATH msg=audit(1772114502.958:2030): item=1 name="/lib64/ld-linux-x86-64.so.2" inode=1481429 dev=08:02 mode=0100755 ouid=0 ogid=0 rdev=00:00 nametype=NORMAL cap_fp=0 cap_fi=0 cap_fe=0 cap_fver=0 cap_frootid=0OUID="root" OGID="root"
type=PROCTITLE msg=audit(1772114502.958:2030): proctitle=6964002D75
type=SYSCALL msg=audit(1772114502.968:2031): arch=c000003e syscall=59 success=yes exit=0 a0=61dfc79e1050 a1=61dfc79e0fd0 a2=61dfc79e0ff0 a3=8 items=2 ppid=1705 pid=1708 auid=4294967295 uid=0 gid=0 euid=0 suid=0 fsuid=0 egid=0 sgid=0 fsgid=0 tty=(none) ses=4294967295 comm="chmod" exe="/usr/bin/chmod" subj=unconfined key="T1078_Valid_Accounts"ARCH=x86_64 SYSCALL=execve AUID="unset" UID="root" GID="root" EUID="root" SUID="root" FSUID="root" EGID="root" SGID="root" FSGID="root"
type=EXECVE msg=audit(1772114502.968:2031): argc=3 a0="chmod" a1="600" a2="/tmp/wsrep_recovery.ulnfH8"
type=PATH msg=audit(1772114502.968:2031): item=0 name="/usr/bin/chmod" inode=1442310 dev=08:02 mode=0100755 ouid=0 ogid=0 rdev=00:00 nametype=NORMAL cap_fp=0 cap_fi=0 cap_fe=0 cap_fver=0 cap_frootid=0OUID="root" OGID="root"
type=PATH msg=audit(1772114502.968:2031): item=1 name="/lib64/ld-linux-x86-64.so.2" inode=1481429 dev=08:02 mode=0100755 ouid=0 ogid=0 rdev=00:00 nametype=NORMAL cap_fp=0 cap_fi=0 cap_fe=0 cap_fver=0 cap_frootid=0OUID="root" OGID="root"
type=PROCTITLE msg=audit(1772114502.968:2031): proctitle=63686D6F6400363030002F746D702F77737265705F7265636F766572792E756C6E664838
type=SYSCALL msg=audit(1772114502.981:2032): arch=c000003e syscall=59 success=yes exit=0 a0=61dfc79e0eb8 a1=61dfc79e0f38 a2=61dfc79e0f58 a3=0 items=2 ppid=1705 pid=1709 auid=4294967295 uid=0 gid=0 euid=0 suid=0 fsuid=0 egid=0 sgid=0 fsgid=0 tty=(none) ses=4294967295 comm="my_print_defaul" exe="/usr/bin/my_print_defaults" subj=unconfined key="T1078_Valid_Accounts"ARCH=x86_64 SYSCALL=execve AUID="unset" UID="root" GID="root" EUID="root" SUID="root" FSUID="root" EGID="root" SGID="root" FSGID="root"
type=EXECVE msg=audit(1772114502.981:2032): argc=3 a0="/usr/bin/my_print_defaults" a1="--loose-verbose" a2="--mysqld"
type=PATH msg=audit(1772114502.981:2032): item=0 name="/usr/bin/my_print_defaults" inode=1498969 dev=08:02 mode=0100755 ouid=0 ogid=0 rdev=00:00 nametype=NORMAL cap_fp=0 cap_fi=0 cap_fe=0 cap_fver=0 cap_frootid=0OUID="root" OGID="root"
type=PATH msg=audit(1772114502.981:2032): item=1 name="/lib64/ld-linux-x86-64.so.2" inode=1481429 dev=08:02 mode=0100755 ouid=0 ogid=0 rdev=00:00 nametype=NORMAL cap_fp=0 cap_fi=0 cap_fe=0 cap_fver=0 cap_frootid=0OUID="root" OGID="root"
type=PROCTITLE msg=audit(1772114502.981:2032): proctitle=2F7573722F62696E2F6D795F7072696E745F64656661756C7473002D2D6C6F6F73652D766572626F7365002D2D6D7973716C64
type=SYSCALL msg=audit(1772114502.998:2033): arch=c000003e syscall=59 success=yes exit=0 a0=61dfc79e0f40 a1=61dfc79e0ec0 a2=61dfc79e0ee0 a3=718c6eda7ca0 items=2 ppid=1710 pid=1712 auid=4294967295 uid=0 gid=0 euid=0 suid=0 fsuid=0 egid=0 sgid=0 fsgid=0 tty=(none) ses=4294967295 comm="sed" exe="/usr/bin/sed" subj=unconfined key="T1078_Valid_Accounts"ARCH=x86_64 SYSCALL=execve AUID="unset" UID="root" GID="root" EUID="root" SUID="root" FSUID="root" EGID="root" SGID="root" FSGID="root"
type=EXECVE msg=audit(1772114502.998:2033): argc=3 a0="sed" a1="-e" a2="s;--[^=]*=;;"
type=PATH msg=audit(1772114502.998:2033): item=0 name="/usr/bin/sed" inode=1442742 dev=08:02 mode=0100755 ouid=0 ogid=0 rdev=00:00 nametype=NORMAL cap_fp=0 cap_fi=0 cap_fe=0 cap_fver=0 cap_frootid=0OUID="root" OGID="root"
type=PATH msg=audit(1772114502.998:2033): item=1 name="/lib64/ld-linux-x86-64.so.2" inode=1481429 dev=08:02 mode=0100755 ouid=0 ogid=0 rdev=00:00 nametype=NORMAL cap_fp=0 cap_fi=0 cap_fe=0 cap_fver=0 cap_frootid=0OUID="root" OGID="root"
type=PROCTITLE msg=audit(1772114502.998:2033): proctitle=736564002D6500733B2D2D5B5E3D5D2A3D3B3B
type=SYSCALL msg=audit(1772114503.015:2034): arch=c000003e syscall=59 success=yes exit=0 a0=61dfc79e0f40 a1=61dfc79e0ec0 a2=61dfc79e0ee0 a3=61dfc79e0c80 items=2 ppid=1713 pid=1715 auid=4294967295 uid=0 gid=0 euid=0 suid=0 fsuid=0 egid=0 sgid=0 fsgid=0 tty=(none) ses=4294967295 comm="sed" exe="/usr/bin/sed" subj=unconfined key="T1078_Valid_Accounts"ARCH=x86_64 SYSCALL=execve AUID="unset" UID="root" GID="root" EUID="root" SUID="root" FSUID="root" EGID="root" SGID="root" FSGID="root"
type=EXECVE msg=audit(1772114503.015:2034): argc=3 a0="sed" a1="-e" a2="s;--[^=]*=;;"
type=PATH msg=audit(1772114503.015:2034): item=0 name="/usr/bin/sed" inode=1442742 dev=08:02 mode=0100755 ouid=0 ogid=0 rdev=00:00 nametype=NORMAL cap_fp=0 cap_fi=0 cap_fe=0 cap_fver=0 cap_frootid=0OUID="root" OGID="root"
type=PATH msg=audit(1772114503.015:2034): item=1 name="/lib64/ld-linux-x86-64.so.2" inode=1481429 dev=08:02 mode=0100755 ouid=0 ogid=0 rdev=00:00 nametype=NORMAL cap_fp=0 cap_fi=0 cap_fe=0 cap_fver=0 cap_frootid=0OUID="root" OGID="root"
type=PROCTITLE msg=audit(1772114503.015:2034): proctitle=736564002D6500733B2D2D5B5E3D5D2A3D3B3B
type=SYSCALL msg=audit(1772114503.039:2035): arch=c000003e syscall=59 success=yes exit=0 a0=61dfc79e0f40 a1=61dfc79e0ec0 a2=61dfc79e0ee0 a3=61dfc79e0c80 items=2 ppid=1716 pid=1718 auid=4294967295 uid=0 gid=0 euid=0 suid=0 fsuid=0 egid=0 sgid=0 fsgid=0 tty=(none) ses=4294967295 comm="sed" exe="/usr/bin/sed" subj=unconfined key="T1078_Valid_Accounts"ARCH=x86_64 SYSCALL=execve AUID="unset" UID="root" GID="root" EUID="root" SUID="root" FSUID="root" EGID="root" SGID="root" FSGID="root"
type=EXECVE msg=audit(1772114503.039:2035): argc=3 a0="sed" a1="-e" a2="s;--[^=]*=;;"
type=PATH msg=audit(1772114503.039:2035): item=0 name="/usr/bin/sed" inode=1442742 dev=08:02 mode=0100755 ouid=0 ogid=0 rdev=00:00 nametype=NORMAL cap_fp=0 cap_fi=0 cap_fe=0 cap_fver=0 cap_frootid=0OUID="root" OGID="root"
type=PATH msg=audit(1772114503.039:2035): item=1 name="/lib64/ld-linux-x86-64.so.2" inode=1481429 dev=08:02 mode=0100755 ouid=0 ogid=0 rdev=00:00 nametype=NORMAL cap_fp=0 cap_fi=0 cap_fe=0 cap_fver=0 cap_frootid=0OUID="root" OGID="root"
type=PROCTITLE msg=audit(1772114503.039:2035): proctitle=736564002D6500733B2D2D5B5E3D5D2A3D3B3B
type=SYSCALL msg=audit(1772114503.079:2036): arch=c000003e syscall=59 success=yes exit=0 a0=61dfc79e0f40 a1=61dfc79e0ec0 a2=61dfc79e0ee0 a3=61dfc79e0c80 items=2 ppid=1719 pid=1721 auid=4294967295 uid=0 gid=0 euid=0 suid=0 fsuid=0 egid=0 sgid=0 fsgid=0 tty=(none) ses=4294967295 comm="sed" exe="/usr/bin/sed" subj=unconfined key="T1078_Valid_Accounts"ARCH=x86_64 SYSCALL=execve AUID="unset" UID="root" GID="root" EUID="root" SUID="root" FSUID="root" EGID="root" SGID="root" FSGID="root"
type=EXECVE msg=audit(1772114503.079:2036): argc=3 a0="sed" a1="-e" a2="s;--[^=]*=;;"
type=PATH msg=audit(1772114503.079:2036): item=0 name="/usr/bin/sed" inode=1442742 dev=08:02 mode=0100755 ouid=0 ogid=0 rdev=00:00 nametype=NORMAL cap_fp=0 cap_fi=0 cap_fe=0 cap_fver=0 cap_frootid=0OUID="root" OGID="root"
type=PATH msg=audit(1772114503.079:2036): item=1 name="/lib64/ld-linux-x86-64.so.2" inode=1481429 dev=08:02 mode=0100755 ouid=0 ogid=0 rdev=00:00 nametype=NORMAL cap_fp=0 cap_fi=0 cap_fe=0 cap_fver=0 cap_frootid=0OUID="root" OGID="root"
type=PROCTITLE msg=audit(1772114503.079:2036): proctitle=736564002D6500733B2D2D5B5E3D5D2A3D3B3B
type=SYSCALL msg=audit(1772114503.102:2037): arch=c000003e syscall=59 success=yes exit=0 a0=61dfc79e0f40 a1=61dfc79e0ec0 a2=61dfc79e0ee0 a3=61dfc79e0c80 items=2 ppid=1722 pid=1724 auid=4294967295 uid=0 gid=0 euid=0 suid=0 fsuid=0 egid=0 sgid=0 fsgid=0 tty=(none) ses=4294967295 comm="sed" exe="/usr/bin/sed" subj=unconfined key="T1078_Valid_Accounts"ARCH=x86_64 SYSCALL=execve AUID="unset" UID="root" GID="root" EUID="root" SUID="root" FSUID="root" EGID="root" SGID="root" FSGID="root"
type=EXECVE msg=audit(1772114503.102:2037): argc=3 a0="sed" a1="-e" a2="s;--[^=]*=;;"
type=PATH msg=audit(1772114503.102:2037): item=0 name="/usr/bin/sed" inode=1442742 dev=08:02 mode=0100755 ouid=0 ogid=0 rdev=00:00 nametype=NORMAL cap_fp=0 cap_fi=0 cap_fe=0 cap_fver=0 cap_frootid=0OUID="root" OGID="root"
type=PATH msg=audit(1772114503.102:2037): item=1 name="/lib64/ld-linux-x86-64.so.2" inode=1481429 dev=08:02 mode=0100755 ouid=0 ogid=0 rdev=00:00 nametype=NORMAL cap_fp=0 cap_fi=0 cap_fe=0 cap_fver=0 cap_frootid=0OUID="root" OGID="root"
type=PROCTITLE msg=audit(1772114503.102:2037): proctitle=736564002D6500733B2D2D5B5E3D5D2A3D3B3B
type=SYSCALL msg=audit(1772114503.117:2038): arch=c000003e syscall=59 success=yes exit=0 a0=61dfc79e0f40 a1=61dfc79e0ec0 a2=61dfc79e0ee0 a3=61dfc79e0c80 items=2 ppid=1725 pid=1727 auid=4294967295 uid=0 gid=0 euid=0 suid=0 fsuid=0 egid=0 sgid=0 fsgid=0 tty=(none) ses=4294967295 comm="sed" exe="/usr/bin/sed" subj=unconfined key="T1078_Valid_Accounts"ARCH=x86_64 SYSCALL=execve AUID="unset" UID="root" GID="root" EUID="root" SUID="root" FSUID="root" EGID="root" SGID="root" FSGID="root"
type=EXECVE msg=audit(1772114503.117:2038): argc=3 a0="sed" a1="-e" a2="s;--[^=]*=;;"
type=PATH msg=audit(1772114503.117:2038): item=0 name="/usr/bin/sed" inode=1442742 dev=08:02 mode=0100755 ouid=0 ogid=0 rdev=00:00 nametype=NORMAL cap_fp=0 cap_fi=0 cap_fe=0 cap_fver=0 cap_frootid=0OUID="root" OGID="root"
type=PATH msg=audit(1772114503.117:2038): item=1 name="/lib64/ld-linux-x86-64.so.2" inode=1481429 dev=08:02 mode=0100755 ouid=0 ogid=0 rdev=00:00 nametype=NORMAL cap_fp=0 cap_fi=0 cap_fe=0 cap_fver=0 cap_frootid=0OUID="root" OGID="root"
type=PROCTITLE msg=audit(1772114503.117:2038): proctitle=736564002D6500733B2D2D5B5E3D5D2A3D3B3B
type=SYSCALL msg=audit(1772114503.139:2039): arch=c000003e syscall=59 success=yes exit=0 a0=61dfc79e0f40 a1=61dfc79e0ec0 a2=61dfc79e0ee0 a3=718c6eda7ca0 items=2 ppid=1728 pid=1730 auid=4294967295 uid=0 gid=0 euid=0 suid=0 fsuid=0 egid=0 sgid=0 fsgid=0 tty=(none) ses=4294967295 comm="sed" exe="/usr/bin/sed" subj=unconfined key="T1078_Valid_Accounts"ARCH=x86_64 SYSCALL=execve AUID="unset" UID="root" GID="root" EUID="root" SUID="root" FSUID="root" EGID="root" SGID="root" FSGID="root"
type=EXECVE msg=audit(1772114503.139:2039): argc=3 a0="sed" a1="-e" a2="s;--[^=]*=;;"
type=PATH msg=audit(1772114503.139:2039): item=0 name="/usr/bin/sed" inode=1442742 dev=08:02 mode=0100755 ouid=0 ogid=0 rdev=00:00 nametype=NORMAL cap_fp=0 cap_fi=0 cap_fe=0 cap_fver=0 cap_frootid=0OUID="root" OGID="root"
type=PATH msg=audit(1772114503.139:2039): item=1 name="/lib64/ld-linux-x86-64.so.2" inode=1481429 dev=08:02 mode=0100755 ouid=0 ogid=0 rdev=00:00 nametype=NORMAL cap_fp=0 cap_fi=0 cap_fe=0 cap_fver=0 cap_frootid=0OUID="root" OGID="root"
type=PROCTITLE msg=audit(1772114503.139:2039): proctitle=736564002D6500733B2D2D5B5E3D5D2A3D3B3B
type=SYSCALL msg=audit(1772114503.157:2040): arch=c000003e syscall=59 success=yes exit=0 a0=61dfc79e0f40 a1=61dfc79e0ec0 a2=61dfc79e0ee0 a3=61dfc79e0c80 items=2 ppid=1731 pid=1733 auid=4294967295 uid=0 gid=0 euid=0 suid=0 fsuid=0 egid=0 sgid=0 fsgid=0 tty=(none) ses=4294967295 comm="sed" exe="/usr/bin/sed" subj=unconfined key="T1078_Valid_Accounts"ARCH=x86_64 SYSCALL=execve AUID="unset" UID="root" GID="root" EUID="root" SUID="root" FSUID="root" EGID="root" SGID="root" FSGID="root"
type=EXECVE msg=audit(1772114503.157:2040): argc=3 a0="sed" a1="-e" a2="s;--[^=]*=;;"
type=PATH msg=audit(1772114503.157:2040): item=0 name="/usr/bin/sed" inode=1442742 dev=08:02 mode=0100755 ouid=0 ogid=0 rdev=00:00 nametype=NORMAL cap_fp=0 cap_fi=0 cap_fe=0 cap_fver=0 cap_frootid=0OUID="root" OGID="root"
type=PATH msg=audit(1772114503.157:2040): item=1 name="/lib64/ld-linux-x86-64.so.2" inode=1481429 dev=08:02 mode=0100755 ouid=0 ogid=0 rdev=00:00 nametype=NORMAL cap_fp=0 cap_fi=0 cap_fe=0 cap_fver=0 cap_frootid=0OUID="root" OGID="root"
type=PROCTITLE msg=audit(1772114503.157:2040): proctitle=736564002D6500733B2D2D5B5E3D5D2A3D3B3B
type=SYSCALL msg=audit(1772114503.177:2041): arch=c000003e syscall=59 success=yes exit=0 a0=61dfc79e0f40 a1=61dfc79e0ec0 a2=61dfc79e0ee0 a3=718c6eda7ca0 items=2 ppid=1734 pid=1736 auid=4294967295 uid=0 gid=0 euid=0 suid=0 fsuid=0 egid=0 sgid=0 fsgid=0 tty=(none) ses=4294967295 comm="sed" exe="/usr/bin/sed" subj=unconfined key="T1078_Valid_Accounts"ARCH=x86_64 SYSCALL=execve AUID="unset" UID="root" GID="root" EUID="root" SUID="root" FSUID="root" EGID="root" SGID="root" FSGID="root"
type=EXECVE msg=audit(1772114503.177:2041): argc=3 a0="sed" a1="-e" a2="s;--[^=]*=;;"
type=PATH msg=audit(1772114503.177:2041): item=0 name="/usr/bin/sed" inode=1442742 dev=08:02 mode=0100755 ouid=0 ogid=0 rdev=00:00 nametype=NORMAL cap_fp=0 cap_fi=0 cap_fe=0 cap_fver=0 cap_frootid=0OUID="root" OGID="root"
type=PATH msg=audit(1772114503.177:2041): item=1 name="/lib64/ld-linux-x86-64.so.2" inode=1481429 dev=08:02 mode=0100755 ouid=0 ogid=0 rdev=00:00 nametype=NORMAL cap_fp=0 cap_fi=0 cap_fe=0 cap_fver=0 cap_frootid=0OUID="root" OGID="root"
type=PROCTITLE msg=audit(1772114503.177:2041): proctitle=736564002D6500733B2D2D5B5E3D5D2A3D3B3B
type=SYSCALL msg=audit(1772114503.194:2042): arch=c000003e syscall=59 success=yes exit=0 a0=61dfc79e0f40 a1=61dfc79e0ec0 a2=61dfc79e0ee0 a3=61dfc79e0c80 items=2 ppid=1737 pid=1739 auid=4294967295 uid=0 gid=0 euid=0 suid=0 fsuid=0 egid=0 sgid=0 fsgid=0 tty=(none) ses=4294967295 comm="sed" exe="/usr/bin/sed" subj=unconfined key="T1078_Valid_Accounts"ARCH=x86_64 SYSCALL=execve AUID="unset" UID="root" GID="root" EUID="root" SUID="root" FSUID="root" EGID="root" SGID="root" FSGID="root"
type=EXECVE msg=audit(1772114503.194:2042): argc=3 a0="sed" a1="-e" a2="s;--[^=]*=;;"
type=PATH msg=audit(1772114503.194:2042): item=0 name="/usr/bin/sed" inode=1442742 dev=08:02 mode=0100755 ouid=0 ogid=0 rdev=00:00 nametype=NORMAL cap_fp=0 cap_fi=0 cap_fe=0 cap_fver=0 cap_frootid=0OUID="root" OGID="root"
type=PATH msg=audit(1772114503.194:2042): item=1 name="/lib64/ld-linux-x86-64.so.2" inode=1481429 dev=08:02 mode=0100755 ouid=0 ogid=0 rdev=00:00 nametype=NORMAL cap_fp=0 cap_fi=0 cap_fe=0 cap_fver=0 cap_frootid=0OUID="root" OGID="root"
type=PROCTITLE msg=audit(1772114503.194:2042): proctitle=736564002D6500733B2D2D5B5E3D5D2A3D3B3B
type=SYSCALL msg=audit(1772114503.212:2043): arch=c000003e syscall=59 success=yes exit=0 a0=61dfc79e0f40 a1=61dfc79e0ec0 a2=61dfc79e0ee0 a3=61dfc79e0c80 items=2 ppid=1740 pid=1742 auid=4294967295 uid=0 gid=0 euid=0 suid=0 fsuid=0 egid=0 sgid=0 fsgid=0 tty=(none) ses=4294967295 comm="sed" exe="/usr/bin/sed" subj=unconfined key="T1078_Valid_Accounts"ARCH=x86_64 SYSCALL=execve AUID="unset" UID="root" GID="root" EUID="root" SUID="root" FSUID="root" EGID="root" SGID="root" FSGID="root"
type=EXECVE msg=audit(1772114503.212:2043): argc=3 a0="sed" a1="-e" a2="s;--[^=]*=;;"
type=PATH msg=audit(1772114503.212:2043): item=0 name="/usr/bin/sed" inode=1442742 dev=08:02 mode=0100755 ouid=0 ogid=0 rdev=00:00 nametype=NORMAL cap_fp=0 cap_fi=0 cap_fe=0 cap_fver=0 cap_frootid=0OUID="root" OGID="root"
type=PATH msg=audit(1772114503.212:2043): item=1 name="/lib64/ld-linux-x86-64.so.2" inode=1481429 dev=08:02 mode=0100755 ouid=0 ogid=0 rdev=00:00 nametype=NORMAL cap_fp=0 cap_fi=0 cap_fe=0 cap_fver=0 cap_frootid=0OUID="root" OGID="root"
type=PROCTITLE msg=audit(1772114503.212:2043): proctitle=736564002D6500733B2D2D5B5E3D5D2A3D3B3B
type=SYSCALL msg=audit(1772114503.228:2044): arch=c000003e syscall=59 success=yes exit=0 a0=61dfc79e0f40 a1=61dfc79e0ec0 a2=61dfc79e0ee0 a3=61dfc79e0c80 items=2 ppid=1743 pid=1745 auid=4294967295 uid=0 gid=0 euid=0 suid=0 fsuid=0 egid=0 sgid=0 fsgid=0 tty=(none) ses=4294967295 comm="sed" exe="/usr/bin/sed" subj=unconfined key="T1078_Valid_Accounts"ARCH=x86_64 SYSCALL=execve AUID="unset" UID="root" GID="root" EUID="root" SUID="root" FSUID="root" EGID="root" SGID="root" FSGID="root"
type=EXECVE msg=audit(1772114503.228:2044): argc=3 a0="sed" a1="-e" a2="s;--[^=]*=;;"
type=PATH msg=audit(1772114503.228:2044): item=0 name="/usr/bin/sed" inode=1442742 dev=08:02 mode=0100755 ouid=0 ogid=0 rdev=00:00 nametype=NORMAL cap_fp=0 cap_fi=0 cap_fe=0 cap_fver=0 cap_frootid=0OUID="root" OGID="root"
type=PATH msg=audit(1772114503.228:2044): item=1 name="/lib64/ld-linux-x86-64.so.2" inode=1481429 dev=08:02 mode=0100755 ouid=0 ogid=0 rdev=00:00 nametype=NORMAL cap_fp=0 cap_fi=0 cap_fe=0 cap_fver=0 cap_frootid=0OUID="root" OGID="root"
type=PROCTITLE msg=audit(1772114503.228:2044): proctitle=736564002D6500733B2D2D5B5E3D5D2A3D3B3B
type=SYSCALL msg=audit(1772114503.242:2045): arch=c000003e syscall=59 success=yes exit=0 a0=61dfc79e0f40 a1=61dfc79e0ec0 a2=61dfc79e0ee0 a3=61dfc79e0c80 items=2 ppid=1746 pid=1748 auid=4294967295 uid=0 gid=0 euid=0 suid=0 fsuid=0 egid=0 sgid=0 fsgid=0 tty=(none) ses=4294967295 comm="sed" exe="/usr/bin/sed" subj=unconfined key="T1078_Valid_Accounts"ARCH=x86_64 SYSCALL=execve AUID="unset" UID="root" GID="root" EUID="root" SUID="root" FSUID="root" EGID="root" SGID="root" FSGID="root"
type=EXECVE msg=audit(1772114503.242:2045): argc=3 a0="sed" a1="-e" a2="s;--[^=]*=;;"
type=PATH msg=audit(1772114503.242:2045): item=0 name="/usr/bin/sed" inode=1442742 dev=08:02 mode=0100755 ouid=0 ogid=0 rdev=00:00 nametype=NORMAL cap_fp=0 cap_fi=0 cap_fe=0 cap_fver=0 cap_frootid=0OUID="root" OGID="root"
type=PATH msg=audit(1772114503.242:2045): item=1 name="/lib64/ld-linux-x86-64.so.2" inode=1481429 dev=08:02 mode=0100755 ouid=0 ogid=0 rdev=00:00 nametype=NORMAL cap_fp=0 cap_fi=0 cap_fe=0 cap_fver=0 cap_frootid=0OUID="root" OGID="root"
type=PROCTITLE msg=audit(1772114503.242:2045): proctitle=736564002D6500733B2D2D5B5E3D5D2A3D3B3B
type=SYSCALL msg=audit(1772114503.264:2046): arch=c000003e syscall=59 success=yes exit=0 a0=61dfc79e0f40 a1=61dfc79e0ec0 a2=61dfc79e0ee0 a3=61dfc79e0c80 items=2 ppid=1749 pid=1751 auid=4294967295 uid=0 gid=0 euid=0 suid=0 fsuid=0 egid=0 sgid=0 fsgid=0 tty=(none) ses=4294967295 comm="sed" exe="/usr/bin/sed" subj=unconfined key="T1078_Valid_Accounts"ARCH=x86_64 SYSCALL=execve AUID="unset" UID="root" GID="root" EUID="root" SUID="root" FSUID="root" EGID="root" SGID="root" FSGID="root"
type=EXECVE msg=audit(1772114503.264:2046): argc=3 a0="sed" a1="-e" a2="s;--[^=]*=;;"
type=PATH msg=audit(1772114503.264:2046): item=0 name="/usr/bin/sed" inode=1442742 dev=08:02 mode=0100755 ouid=0 ogid=0 rdev=00:00 nametype=NORMAL cap_fp=0 cap_fi=0 cap_fe=0 cap_fver=0 cap_frootid=0OUID="root" OGID="root"
type=PATH msg=audit(1772114503.264:2046): item=1 name="/lib64/ld-linux-x86-64.so.2" inode=1481429 dev=08:02 mode=0100755 ouid=0 ogid=0 rdev=00:00 nametype=NORMAL cap_fp=0 cap_fi=0 cap_fe=0 cap_fver=0 cap_frootid=0OUID="root" OGID="root"
type=PROCTITLE msg=audit(1772114503.264:2046): proctitle=736564002D6500733B2D2D5B5E3D5D2A3D3B3B
type=SYSCALL msg=audit(1772114503.280:2047): arch=c000003e syscall=59 success=yes exit=0 a0=61dfc79e0f40 a1=61dfc79e0ec0 a2=61dfc79e0ee0 a3=61dfc79e0c80 items=2 ppid=1752 pid=1754 auid=4294967295 uid=0 gid=0 euid=0 suid=0 fsuid=0 egid=0 sgid=0 fsgid=0 tty=(none) ses=4294967295 comm="sed" exe="/usr/bin/sed" subj=unconfined key="T1078_Valid_Accounts"ARCH=x86_64 SYSCALL=execve AUID="unset" UID="root" GID="root" EUID="root" SUID="root" FSUID="root" EGID="root" SGID="root" FSGID="root"
type=EXECVE msg=audit(1772114503.280:2047): argc=3 a0="sed" a1="-e" a2="s;--[^=]*=;;"
type=PATH msg=audit(1772114503.280:2047): item=0 name="/usr/bin/sed" inode=1442742 dev=08:02 mode=0100755 ouid=0 ogid=0 rdev=00:00 nametype=NORMAL cap_fp=0 cap_fi=0 cap_fe=0 cap_fver=0 cap_frootid=0OUID="root" OGID="root"
type=PATH msg=audit(1772114503.280:2047): item=1 name="/lib64/ld-linux-x86-64.so.2" inode=1481429 dev=08:02 mode=0100755 ouid=0 ogid=0 rdev=00:00 nametype=NORMAL cap_fp=0 cap_fi=0 cap_fe=0 cap_fver=0 cap_frootid=0OUID="root" OGID="root"
type=PROCTITLE msg=audit(1772114503.280:2047): proctitle=736564002D6500733B2D2D5B5E3D5D2A3D3B3B
type=SYSCALL msg=audit(1772114503.295:2048): arch=c000003e syscall=59 success=yes exit=0 a0=61dfc79e0f40 a1=61dfc79e0ec0 a2=61dfc79e0ee0 a3=61dfc79e0c80 items=2 ppid=1755 pid=1757 auid=4294967295 uid=0 gid=0 euid=0 suid=0 fsuid=0 egid=0 sgid=0 fsgid=0 tty=(none) ses=4294967295 comm="sed" exe="/usr/bin/sed" subj=unconfined key="T1078_Valid_Accounts"ARCH=x86_64 SYSCALL=execve AUID="unset" UID="root" GID="root" EUID="root" SUID="root" FSUID="root" EGID="root" SGID="root" FSGID="root"
type=EXECVE msg=audit(1772114503.295:2048): argc=3 a0="sed" a1="-e" a2="s;--[^=]*=;;"
type=PATH msg=audit(1772114503.295:2048): item=0 name="/usr/bin/sed" inode=1442742 dev=08:02 mode=0100755 ouid=0 ogid=0 rdev=00:00 nametype=NORMAL cap_fp=0 cap_fi=0 cap_fe=0 cap_fver=0 cap_frootid=0OUID="root" OGID="root"
type=PATH msg=audit(1772114503.295:2048): item=1 name="/lib64/ld-linux-x86-64.so.2" inode=1481429 dev=08:02 mode=0100755 ouid=0 ogid=0 rdev=00:00 nametype=NORMAL cap_fp=0 cap_fi=0 cap_fe=0 cap_fver=0 cap_frootid=0OUID="root" OGID="root"
type=PROCTITLE msg=audit(1772114503.295:2048): proctitle=736564002D6500733B2D2D5B5E3D5D2A3D3B3B
type=SYSCALL msg=audit(1772114503.314:2049): arch=c000003e syscall=59 success=yes exit=0 a0=61dfc79e0f40 a1=61dfc79e0ec0 a2=61dfc79e0ee0 a3=718c6eda7ca0 items=2 ppid=1758 pid=1760 auid=4294967295 uid=0 gid=0 euid=0 suid=0 fsuid=0 egid=0 sgid=0 fsgid=0 tty=(none) ses=4294967295 comm="sed" exe="/usr/bin/sed" subj=unconfined key="T1078_Valid_Accounts"ARCH=x86_64 SYSCALL=execve AUID="unset" UID="root" GID="root" EUID="root" SUID="root" FSUID="root" EGID="root" SGID="root" FSGID="root"
type=EXECVE msg=audit(1772114503.314:2049): argc=3 a0="sed" a1="-e" a2="s;--[^=]*=;;"
type=PATH msg=audit(1772114503.314:2049): item=0 name="/usr/bin/sed" inode=1442742 dev=08:02 mode=0100755 ouid=0 ogid=0 rdev=00:00 nametype=NORMAL cap_fp=0 cap_fi=0 cap_fe=0 cap_fver=0 cap_frootid=0OUID="root" OGID="root"
type=PATH msg=audit(1772114503.314:2049): item=1 name="/lib64/ld-linux-x86-64.so.2" inode=1481429 dev=08:02 mode=0100755 ouid=0 ogid=0 rdev=00:00 nametype=NORMAL cap_fp=0 cap_fi=0 cap_fe=0 cap_fver=0 cap_frootid=0OUID="root" OGID="root"
type=PROCTITLE msg=audit(1772114503.314:2049): proctitle=736564002D6500733B2D2D5B5E3D5D2A3D3B3B
type=SYSCALL msg=audit(1772114503.335:2050): arch=c000003e syscall=59 success=yes exit=0 a0=61dfc68a5610 a1=61dfc68a5590 a2=61dfc68a55b0 a3=8 items=2 ppid=1705 pid=1761 auid=4294967295 uid=0 gid=0 euid=0 suid=0 fsuid=0 egid=0 sgid=0 fsgid=0 tty=(none) ses=4294967295 comm="rm" exe="/usr/bin/rm" subj=unconfined key="T1078_Valid_Accounts"ARCH=x86_64 SYSCALL=execve AUID="unset" UID="root" GID="root" EUID="root" SUID="root" FSUID="root" EGID="root" SGID="root" FSGID="root"
type=EXECVE msg=audit(1772114503.335:2050): argc=3 a0="rm" a1="-f" a2="/tmp/wsrep_recovery.ulnfH8"
type=PATH msg=audit(1772114503.335:2050): item=0 name="/usr/bin/rm" inode=1442707 dev=08:02 mode=0100755 ouid=0 ogid=0 rdev=00:00 nametype=NORMAL cap_fp=0 cap_fi=0 cap_fe=0 cap_fver=0 cap_frootid=0OUID="root" OGID="root"
type=PATH msg=audit(1772114503.335:2050): item=1 name="/lib64/ld-linux-x86-64.so.2" inode=1481429 dev=08:02 mode=0100755 ouid=0 ogid=0 rdev=00:00 nametype=NORMAL cap_fp=0 cap_fi=0 cap_fe=0 cap_fver=0 cap_frootid=0OUID="root" OGID="root"
type=PROCTITLE msg=audit(1772114503.335:2050): proctitle=726D002D66002F746D702F77737265705F7265636F766572792E756C6E664838
type=SYSCALL msg=audit(1772114503.345:2051): arch=c000003e syscall=59 success=yes exit=0 a0=5acad180caf0 a1=5acad180ca70 a2=5acad180ca90 a3=8 items=2 ppid=1703 pid=1762 auid=4294967295 uid=0 gid=0 euid=0 suid=0 fsuid=0 egid=0 sgid=0 fsgid=0 tty=(none) ses=4294967295 comm="systemctl" exe="/usr/bin/systemctl" subj=unconfined key="T1078_Valid_Accounts"ARCH=x86_64 SYSCALL=execve AUID="unset" UID="root" GID="root" EUID="root" SUID="root" FSUID="root" EGID="root" SGID="root" FSGID="root"
type=EXECVE msg=audit(1772114503.345:2051): argc=3 a0="systemctl" a1="set-environment" a2="_WSREP_START_POSITION="
type=PATH msg=audit(1772114503.345:2051): item=0 name="/usr/bin/systemctl" inode=1461475 dev=08:02 mode=0100755 ouid=0 ogid=0 rdev=00:00 nametype=NORMAL cap_fp=0 cap_fi=0 cap_fe=0 cap_fver=0 cap_frootid=0OUID="root" OGID="root"
type=PATH msg=audit(1772114503.345:2051): item=1 name="/lib64/ld-linux-x86-64.so.2" inode=1481429 dev=08:02 mode=0100755 ouid=0 ogid=0 rdev=00:00 nametype=NORMAL cap_fp=0 cap_fi=0 cap_fe=0 cap_fver=0 cap_frootid=0OUID="root" OGID="root"
type=PROCTITLE msg=audit(1772114503.345:2051): proctitle=73797374656D63746C007365742D656E7669726F6E6D656E74005F57535245505F53544152545F504F534954494F4E3D
type=SYSCALL msg=audit(1772114503.361:2052): arch=c000003e syscall=42 success=yes exit=0 a0=3 a1=7ffd42f99200 a2=1e a3=7ffd42f992b0 items=1 ppid=1703 pid=1762 auid=4294967295 uid=0 gid=0 euid=0 suid=0 fsuid=0 egid=0 sgid=0 fsgid=0 tty=(none) ses=4294967295 comm="systemctl" exe="/usr/bin/systemctl" subj=unconfined key="T1043_Commonly_Used_Port"ARCH=x86_64 SYSCALL=connect AUID="unset" UID="root" GID="root" EUID="root" SUID="root" FSUID="root" EGID="root" SGID="root" FSGID="root"
type=SOCKADDR msg=audit(1772114503.361:2052): saddr=01002F72756E2F73797374656D642F6A6F75726E616C2F736F636B657400SADDR={ saddr_fam=local path=/run/systemd/journal/socket }
type=PATH msg=audit(1772114503.361:2052): item=0 name="/run/systemd/journal/socket" inode=455 dev=00:18 mode=0140666 ouid=0 ogid=0 rdev=00:00 nametype=NORMAL cap_fp=0 cap_fi=0 cap_fe=0 cap_fver=0 cap_frootid=0OUID="root" OGID="root"
type=PROCTITLE msg=audit(1772114503.361:2052): proctitle=73797374656D63746C007365742D656E7669726F6E6D656E74005F57535245505F53544152545F504F534954494F4E3D
type=SYSCALL msg=audit(1772114503.362:2053): arch=c000003e syscall=42 success=yes exit=0 a0=4 a1=5848ca544b18 a2=17 a3=7ffd42f98b24 items=1 ppid=1703 pid=1762 auid=4294967295 uid=0 gid=0 euid=0 suid=0 fsuid=0 egid=0 sgid=0 fsgid=0 tty=(none) ses=4294967295 comm="systemctl" exe="/usr/bin/systemctl" subj=unconfined key="T1043_Commonly_Used_Port"ARCH=x86_64 SYSCALL=connect AUID="unset" UID="root" GID="root" EUID="root" SUID="root" FSUID="root" EGID="root" SGID="root" FSGID="root"
type=SOCKADDR msg=audit(1772114503.362:2053): saddr=01002F72756E2F73797374656D642F7072697661746500SADDR={ saddr_fam=local path=/run/systemd/private }
type=PATH msg=audit(1772114503.362:2053): item=0 name="/run/systemd/private" inode=440 dev=00:18 mode=0140700 ouid=0 ogid=0 rdev=00:00 nametype=NORMAL cap_fp=0 cap_fi=0 cap_fe=0 cap_fver=0 cap_frootid=0OUID="root" OGID="root"
type=PROCTITLE msg=audit(1772114503.362:2053): proctitle=73797374656D63746C007365742D656E7669726F6E6D656E74005F57535245505F53544152545F504F534954494F4E3D
type=SYSCALL msg=audit(1772114503.375:2054): arch=c000003e syscall=59 success=yes exit=0 a0=7ffe6f2b4e00 a1=7ffe6f2b4e20 a2=7ffe6f2b5978 a3=8 items=2 ppid=1 pid=1763 auid=4294967295 uid=0 gid=0 euid=0 suid=0 fsuid=0 egid=0 sgid=0 fsgid=0 tty=(none) ses=4294967295 comm="9" exe="/usr/lib/systemd/systemd-executor" subj=unconfined key="T1078_Valid_Accounts"ARCH=x86_64 SYSCALL=execve AUID="unset" UID="root" GID="root" EUID="root" SUID="root" FSUID="root" EGID="root" SGID="root" FSGID="root"
type=EXECVE msg=audit(1772114503.375:2054): argc=7 a0="/usr/lib/systemd/systemd-executor" a1="--deserialize" a2="24" a3="--log-level" a4="info" a5="--log-target" a6="journal-or-kmsg"
type=PATH msg=audit(1772114503.375:2054): item=0 name="/proc/self/fd/9" inode=1463834 dev=08:02 mode=0100755 ouid=0 ogid=0 rdev=00:00 nametype=NORMAL cap_fp=0 cap_fi=0 cap_fe=0 cap_fver=0 cap_frootid=0OUID="root" OGID="root"
type=PATH msg=audit(1772114503.375:2054): item=1 name="/lib64/ld-linux-x86-64.so.2" inode=1481429 dev=08:02 mode=0100755 ouid=0 ogid=0 rdev=00:00 nametype=NORMAL cap_fp=0 cap_fi=0 cap_fe=0 cap_fver=0 cap_frootid=0OUID="root" OGID="root"
type=PROCTITLE msg=audit(1772114503.375:2054): proctitle=2F7573722F6C69622F73797374656D642F73797374656D642D6578656375746F72002D2D646573657269616C697A65003234002D2D6C6F672D6C6576656C00696E666F002D2D6C6F672D746172676574006A6F75726E616C2D6F722D6B6D7367
type=SYSCALL msg=audit(1772114503.402:2055): arch=c000003e syscall=42 success=yes exit=0 a0=4 a1=7ffc16cc5aa0 a2=1e a3=7ffc16cc5b50 items=1 ppid=1 pid=1763 auid=4294967295 uid=0 gid=0 euid=0 suid=0 fsuid=0 egid=0 sgid=0 fsgid=0 tty=(none) ses=4294967295 comm="9" exe="/usr/lib/systemd/systemd-executor" subj=unconfined key="T1043_Commonly_Used_Port"ARCH=x86_64 SYSCALL=connect AUID="unset" UID="root" GID="root" EUID="root" SUID="root" FSUID="root" EGID="root" SGID="root" FSGID="root"
type=SOCKADDR msg=audit(1772114503.402:2055): saddr=01002F72756E2F73797374656D642F6A6F75726E616C2F736F636B657400SADDR={ saddr_fam=local path=/run/systemd/journal/socket }
type=PATH msg=audit(1772114503.402:2055): item=0 name="/run/systemd/journal/socket" inode=455 dev=00:18 mode=0140666 ouid=0 ogid=0 rdev=00:00 nametype=NORMAL cap_fp=0 cap_fi=0 cap_fe=0 cap_fver=0 cap_frootid=0OUID="root" OGID="root"
type=PROCTITLE msg=audit(1772114503.402:2055): proctitle=2F7573722F6C69622F73797374656D642F73797374656D642D6578656375746F72002D2D646573657269616C697A65003234002D2D6C6F672D6C6576656C00696E666F002D2D6C6F672D746172676574006A6F75726E616C2D6F722D6B6D7367
type=SYSCALL msg=audit(1772114503.407:2056): arch=c000003e syscall=42 success=yes exit=0 a0=4 a1=7ffc16cc54a0 a2=2d a3=594168207130 items=1 ppid=1 pid=1763 auid=4294967295 uid=0 gid=0 euid=0 suid=0 fsuid=0 egid=0 sgid=0 fsgid=0 tty=(none) ses=4294967295 comm="(mariadbd)" exe="/usr/lib/systemd/systemd-executor" subj=unconfined key="T1043_Commonly_Used_Port"ARCH=x86_64 SYSCALL=connect AUID="unset" UID="root" GID="root" EUID="root" SUID="root" FSUID="root" EGID="root" SGID="root" FSGID="root"
type=SOCKADDR msg=audit(1772114503.407:2056): saddr=01002F72756E2F73797374656D642F7573657264622F696F2E73797374656D642E44796E616D69635573657200SADDR={ saddr_fam=local path=/run/systemd/userdb/io.systemd.DynamicUser }
type=PATH msg=audit(1772114503.407:2056): item=0 name="/run/systemd/userdb/io.systemd.DynamicUser" inode=442 dev=00:18 mode=0140666 ouid=0 ogid=0 rdev=00:00 nametype=NORMAL cap_fp=0 cap_fi=0 cap_fe=0 cap_fver=0 cap_frootid=0OUID="root" OGID="root"
type=PROCTITLE msg=audit(1772114503.407:2056): proctitle=2F7573722F6C69622F73797374656D642F73797374656D642D6578656375746F72002D2D646573657269616C697A65003234002D2D6C6F672D6C6576656C00696E666F002D2D6C6F672D746172676574006A6F75726E616C2D6F722D6B6D7367
type=SYSCALL msg=audit(1772114503.426:2057): arch=c000003e syscall=42 success=yes exit=0 a0=3 a1=7ffc16cc5620 a2=1e a3=fffffff7 items=1 ppid=1 pid=1763 auid=4294967295 uid=0 gid=0 euid=111 suid=0 fsuid=111 egid=111 sgid=0 fsgid=111 tty=(none) ses=4294967295 comm="(mariadbd)" exe="/usr/lib/systemd/systemd-executor" subj=unconfined key="T1043_Commonly_Used_Port"ARCH=x86_64 SYSCALL=connect AUID="unset" UID="root" GID="root" EUID="mysql" SUID="root" FSUID="mysql" EGID="mysql" SGID="root" FSGID="mysql"
type=SOCKADDR msg=audit(1772114503.426:2057): saddr=01002F72756E2F73797374656D642F6A6F75726E616C2F7374646F757400SADDR={ saddr_fam=local path=/run/systemd/journal/stdout }
type=PATH msg=audit(1772114503.426:2057): item=0 name="/run/systemd/journal/stdout" inode=456 dev=00:18 mode=0140666 ouid=0 ogid=0 rdev=00:00 nametype=NORMAL cap_fp=0 cap_fi=0 cap_fe=0 cap_fver=0 cap_frootid=0OUID="root" OGID="root"
type=PROCTITLE msg=audit(1772114503.426:2057): proctitle=2F7573722F6C69622F73797374656D642F73797374656D642D6578656375746F72002D2D646573657269616C697A65003234002D2D6C6F672D6C6576656C00696E666F002D2D6C6F672D746172676574006A6F75726E616C2D6F722D6B6D7367
type=SYSCALL msg=audit(1772114503.428:2058): arch=c000003e syscall=114 success=yes exit=0 a0=6f a1=ffffffff a2=0 a3=7ffc16cc57d0 items=0 ppid=1 pid=1763 auid=4294967295 uid=0 gid=111 euid=0 suid=0 fsuid=0 egid=0 sgid=0 fsgid=0 tty=(none) ses=4294967295 comm="(mariadbd)" exe="/usr/lib/systemd/systemd-executor" subj=unconfined key="T1166_Seuid_and_Setgid"ARCH=x86_64 SYSCALL=setregid AUID="unset" UID="root" GID="mysql" EUID="root" SUID="root" FSUID="root" EGID="root" SGID="root" FSGID="root"
type=PROCTITLE msg=audit(1772114503.428:2058): proctitle=2F7573722F6C69622F73797374656D642F73797374656D642D6578656375746F72002D2D646573657269616C697A65003234002D2D6C6F672D6C6576656C00696E666F002D2D6C6F672D746172676574006A6F75726E616C2D6F722D6B6D7367
type=SYSCALL msg=audit(1772114503.434:2059): arch=c000003e syscall=113 success=yes exit=0 a0=6f a1=ffffffff a2=0 a3=7ffc16cc57d0 items=0 ppid=1 pid=1763 auid=4294967295 uid=111 gid=111 euid=0 suid=0 fsuid=0 egid=0 sgid=0 fsgid=0 tty=(none) ses=4294967295 comm="(mariadbd)" exe="/usr/lib/systemd/systemd-executor" subj=unconfined key="T1166_Seuid_and_Setgid"ARCH=x86_64 SYSCALL=setreuid AUID="unset" UID="mysql" GID="mysql" EUID="root" SUID="root" FSUID="root" EGID="root" SGID="root" FSGID="root"
type=PROCTITLE msg=audit(1772114503.434:2059): proctitle=2F7573722F6C69622F73797374656D642F73797374656D642D6578656375746F72002D2D646573657269616C697A65003234002D2D6C6F672D6C6576656C00696E666F002D2D6C6F672D746172676574006A6F75726E616C2D6F722D6B6D7367
type=SYSCALL msg=audit(1772114503.436:2060): arch=c000003e syscall=113 success=yes exit=0 a0=0 a1=ffffffff a2=0 a3=0 items=0 ppid=1 pid=1763 auid=4294967295 uid=0 gid=111 euid=0 suid=0 fsuid=0 egid=0 sgid=0 fsgid=0 tty=(none) ses=4294967295 comm="(mariadbd)" exe="/usr/lib/systemd/systemd-executor" subj=unconfined key="T1166_Seuid_and_Setgid"ARCH=x86_64 SYSCALL=setreuid AUID="unset" UID="root" GID="mysql" EUID="root" SUID="root" FSUID="root" EGID="root" SGID="root" FSGID="root"
type=PROCTITLE msg=audit(1772114503.436:2060): proctitle=2F7573722F6C69622F73797374656D642F73797374656D642D6578656375746F72002D2D646573657269616C697A65003234002D2D6C6F672D6C6576656C00696E666F002D2D6C6F672D746172676574006A6F75726E616C2D6F722D6B6D7367
type=SYSCALL msg=audit(1772114503.436:2061): arch=c000003e syscall=114 success=yes exit=0 a0=0 a1=ffffffff a2=0 a3=0 items=0 ppid=1 pid=1763 auid=4294967295 uid=0 gid=0 euid=0 suid=0 fsuid=0 egid=0 sgid=0 fsgid=0 tty=(none) ses=4294967295 comm="(mariadbd)" exe="/usr/lib/systemd/systemd-executor" subj=unconfined key="T1166_Seuid_and_Setgid"ARCH=x86_64 SYSCALL=setregid AUID="unset" UID="root" GID="root" EUID="root" SUID="root" FSUID="root" EGID="root" SGID="root" FSGID="root"
type=PROCTITLE msg=audit(1772114503.436:2061): proctitle=2F7573722F6C69622F73797374656D642F73797374656D642D6578656375746F72002D2D646573657269616C697A65003234002D2D6C6F672D6C6576656C00696E666F002D2D6C6F672D746172676574006A6F75726E616C2D6F722D6B6D7367
type=SYSCALL msg=audit(1772114503.475:2062): arch=c000003e syscall=42 success=yes exit=0 a0=4 a1=7ffc16cc4c20 a2=1e a3=7ffc16cc4cd0 items=1 ppid=1 pid=1763 auid=4294967295 uid=111 gid=111 euid=111 suid=111 fsuid=111 egid=111 sgid=111 fsgid=111 tty=(none) ses=4294967295 comm="(mariadbd)" exe="/usr/lib/systemd/systemd-executor" subj=unconfined key="T1043_Commonly_Used_Port"ARCH=x86_64 SYSCALL=connect AUID="unset" UID="mysql" GID="mysql" EUID="mysql" SUID="mysql" FSUID="mysql" EGID="mysql" SGID="mysql" FSGID="mysql"
type=SOCKADDR msg=audit(1772114503.475:2062): saddr=01002F72756E2F73797374656D642F6A6F75726E616C2F736F636B657400SADDR={ saddr_fam=local path=/run/systemd/journal/socket }
type=PATH msg=audit(1772114503.475:2062): item=0 name="/run/systemd/journal/socket" inode=455 dev=00:18 mode=0140666 ouid=0 ogid=0 rdev=00:00 nametype=NORMAL cap_fp=0 cap_fi=0 cap_fe=0 cap_fver=0 cap_frootid=0OUID="root" OGID="root"
type=PROCTITLE msg=audit(1772114503.475:2062): proctitle=2F7573722F6C69622F73797374656D642F73797374656D642D6578656375746F72002D2D646573657269616C697A65003234002D2D6C6F672D6C6576656C00696E666F002D2D6C6F672D746172676574006A6F75726E616C2D6F722D6B6D7367
type=SYSCALL msg=audit(1772114503.475:2063): arch=c000003e syscall=59 success=yes exit=0 a0=594168212d00 a1=594168212e00 a2=59416820a060 a3=5941682070c0 items=2 ppid=1 pid=1763 auid=4294967295 uid=111 gid=111 euid=111 suid=111 fsuid=111 egid=111 sgid=111 fsgid=111 tty=(none) ses=4294967295 comm="mariadbd" exe="/usr/sbin/mariadbd" subj=unconfined key="T1166_Seuid_and_Setgid"ARCH=x86_64 SYSCALL=execve AUID="unset" UID="mysql" GID="mysql" EUID="mysql" SUID="mysql" FSUID="mysql" EGID="mysql" SGID="mysql" FSGID="mysql"
type=EXECVE msg=audit(1772114503.475:2063): argc=1 a0="/usr/sbin/mariadbd"
type=PATH msg=audit(1772114503.475:2063): item=0 name="/usr/sbin/mariadbd" inode=1499080 dev=08:02 mode=0100755 ouid=0 ogid=0 rdev=00:00 nametype=NORMAL cap_fp=0 cap_fi=0 cap_fe=0 cap_fver=0 cap_frootid=0OUID="root" OGID="root"
type=PATH msg=audit(1772114503.475:2063): item=1 name="/lib64/ld-linux-x86-64.so.2" inode=1481429 dev=08:02 mode=0100755 ouid=0 ogid=0 rdev=00:00 nametype=NORMAL cap_fp=0 cap_fi=0 cap_fe=0 cap_fver=0 cap_frootid=0OUID="root" OGID="root"
type=PROCTITLE msg=audit(1772114503.475:2063): proctitle=2F7573722F6C69622F73797374656D642F73797374656D642D6578656375746F72002D2D646573657269616C697A65003234002D2D6C6F672D6C6576656C00696E666F002D2D6C6F672D746172676574006A6F75726E616C2D6F722D6B6D7367
type=SYSCALL msg=audit(1772114504.226:2064): arch=c000003e syscall=59 success=yes exit=0 a0=7ffe6f2b2de0 a1=7ffe6f2b2e00 a2=7ffe6f2b5978 a3=8 items=2 ppid=1 pid=1777 auid=4294967295 uid=0 gid=0 euid=0 suid=0 fsuid=0 egid=0 sgid=0 fsgid=0 tty=(none) ses=4294967295 comm="9" exe="/usr/lib/systemd/systemd-executor" subj=unconfined key="T1078_Valid_Accounts"ARCH=x86_64 SYSCALL=execve AUID="unset" UID="root" GID="root" EUID="root" SUID="root" FSUID="root" EGID="root" SGID="root" FSGID="root"
type=EXECVE msg=audit(1772114504.226:2064): argc=7 a0="/usr/lib/systemd/systemd-executor" a1="--deserialize" a2="97" a3="--log-level" a4="info" a5="--log-target" a6="journal-or-kmsg"
type=PATH msg=audit(1772114504.226:2064): item=0 name="/proc/self/fd/9" inode=1463834 dev=08:02 mode=0100755 ouid=0 ogid=0 rdev=00:00 nametype=NORMAL cap_fp=0 cap_fi=0 cap_fe=0 cap_fver=0 cap_frootid=0OUID="root" OGID="root"
type=PATH msg=audit(1772114504.226:2064): item=1 name="/lib64/ld-linux-x86-64.so.2" inode=1481429 dev=08:02 mode=0100755 ouid=0 ogid=0 rdev=00:00 nametype=NORMAL cap_fp=0 cap_fi=0 cap_fe=0 cap_fver=0 cap_frootid=0OUID="root" OGID="root"
type=PROCTITLE msg=audit(1772114504.226:2064): proctitle=2F7573722F6C69622F73797374656D642F73797374656D642D6578656375746F72002D2D646573657269616C697A65003937002D2D6C6F672D6C6576656C00696E666F002D2D6C6F672D746172676574006A6F75726E616C2D6F722D6B6D7367
type=SYSCALL msg=audit(1772114504.324:2065): arch=c000003e syscall=42 success=yes exit=0 a0=4 a1=7ffe93848d10 a2=1e a3=7ffe93848dc0 items=1 ppid=1 pid=1777 auid=4294967295 uid=0 gid=0 euid=0 suid=0 fsuid=0 egid=0 sgid=0 fsgid=0 tty=(none) ses=4294967295 comm="9" exe="/usr/lib/systemd/systemd-executor" subj=unconfined key="T1043_Commonly_Used_Port"ARCH=x86_64 SYSCALL=connect AUID="unset" UID="root" GID="root" EUID="root" SUID="root" FSUID="root" EGID="root" SGID="root" FSGID="root"
type=SOCKADDR msg=audit(1772114504.324:2065): saddr=01002F72756E2F73797374656D642F6A6F75726E616C2F736F636B657400SADDR={ saddr_fam=local path=/run/systemd/journal/socket }
type=PATH msg=audit(1772114504.324:2065): item=0 name="/run/systemd/journal/socket" inode=455 dev=00:18 mode=0140666 ouid=0 ogid=0 rdev=00:00 nametype=NORMAL cap_fp=0 cap_fi=0 cap_fe=0 cap_fver=0 cap_frootid=0OUID="root" OGID="root"
type=PROCTITLE msg=audit(1772114504.324:2065): proctitle=2F7573722F6C69622F73797374656D642F73797374656D642D6578656375746F72002D2D646573657269616C697A65003937002D2D6C6F672D6C6576656C00696E666F002D2D6C6F672D746172676574006A6F75726E616C2D6F722D6B6D7367
type=SYSCALL msg=audit(1772114504.347:2066): arch=c000003e syscall=42 success=yes exit=0 a0=4 a1=7ffe93848710 a2=2d a3=5e5d2f40a180 items=1 ppid=1 pid=1777 auid=4294967295 uid=0 gid=0 euid=0 suid=0 fsuid=0 egid=0 sgid=0 fsgid=0 tty=(none) ses=4294967295 comm="(sh)" exe="/usr/lib/systemd/systemd-executor" subj=unconfined key="T1043_Commonly_Used_Port"ARCH=x86_64 SYSCALL=connect AUID="unset" UID="root" GID="root" EUID="root" SUID="root" FSUID="root" EGID="root" SGID="root" FSGID="root"
type=SOCKADDR msg=audit(1772114504.347:2066): saddr=01002F72756E2F73797374656D642F7573657264622F696F2E73797374656D642E44796E616D69635573657200SADDR={ saddr_fam=local path=/run/systemd/userdb/io.systemd.DynamicUser }
type=PATH msg=audit(1772114504.347:2066): item=0 name="/run/systemd/userdb/io.systemd.DynamicUser" inode=442 dev=00:18 mode=0140666 ouid=0 ogid=0 rdev=00:00 nametype=NORMAL cap_fp=0 cap_fi=0 cap_fe=0 cap_fver=0 cap_frootid=0OUID="root" OGID="root"
type=PROCTITLE msg=audit(1772114504.347:2066): proctitle=2F7573722F6C69622F73797374656D642F73797374656D642D6578656375746F72002D2D646573657269616C697A65003937002D2D6C6F672D6C6576656C00696E666F002D2D6C6F672D746172676574006A6F75726E616C2D6F722D6B6D7367
type=SYSCALL msg=audit(1772114504.372:2067): arch=c000003e syscall=42 success=yes exit=0 a0=3 a1=7ffe93848890 a2=1e a3=fffffff7 items=1 ppid=1 pid=1777 auid=4294967295 uid=0 gid=0 euid=111 suid=0 fsuid=111 egid=111 sgid=0 fsgid=111 tty=(none) ses=4294967295 comm="(sh)" exe="/usr/lib/systemd/systemd-executor" subj=unconfined key="T1043_Commonly_Used_Port"ARCH=x86_64 SYSCALL=connect AUID="unset" UID="root" GID="root" EUID="mysql" SUID="root" FSUID="mysql" EGID="mysql" SGID="root" FSGID="mysql"
type=SOCKADDR msg=audit(1772114504.372:2067): saddr=01002F72756E2F73797374656D642F6A6F75726E616C2F7374646F757400SADDR={ saddr_fam=local path=/run/systemd/journal/stdout }
type=PATH msg=audit(1772114504.372:2067): item=0 name="/run/systemd/journal/stdout" inode=456 dev=00:18 mode=0140666 ouid=0 ogid=0 rdev=00:00 nametype=NORMAL cap_fp=0 cap_fi=0 cap_fe=0 cap_fver=0 cap_frootid=0OUID="root" OGID="root"
type=PROCTITLE msg=audit(1772114504.372:2067): proctitle=2F7573722F6C69622F73797374656D642F73797374656D642D6578656375746F72002D2D646573657269616C697A65003937002D2D6C6F672D6C6576656C00696E666F002D2D6C6F672D746172676574006A6F75726E616C2D6F722D6B6D7367
type=SYSCALL msg=audit(1772114504.372:2068): arch=c000003e syscall=114 success=yes exit=0 a0=6f a1=ffffffff a2=0 a3=7ffe93848a40 items=0 ppid=1 pid=1777 auid=4294967295 uid=0 gid=111 euid=0 suid=0 fsuid=0 egid=0 sgid=0 fsgid=0 tty=(none) ses=4294967295 comm="(sh)" exe="/usr/lib/systemd/systemd-executor" subj=unconfined key="T1166_Seuid_and_Setgid"ARCH=x86_64 SYSCALL=setregid AUID="unset" UID="root" GID="mysql" EUID="root" SUID="root" FSUID="root" EGID="root" SGID="root" FSGID="root"
type=PROCTITLE msg=audit(1772114504.372:2068): proctitle=2F7573722F6C69622F73797374656D642F73797374656D642D6578656375746F72002D2D646573657269616C697A65003937002D2D6C6F672D6C6576656C00696E666F002D2D6C6F672D746172676574006A6F75726E616C2D6F722D6B6D7367
type=SYSCALL msg=audit(1772114504.372:2069): arch=c000003e syscall=113 success=yes exit=0 a0=6f a1=ffffffff a2=0 a3=7ffe93848a40 items=0 ppid=1 pid=1777 auid=4294967295 uid=111 gid=111 euid=0 suid=0 fsuid=0 egid=0 sgid=0 fsgid=0 tty=(none) ses=4294967295 comm="(sh)" exe="/usr/lib/systemd/systemd-executor" subj=unconfined key="T1166_Seuid_and_Setgid"ARCH=x86_64 SYSCALL=setreuid AUID="unset" UID="mysql" GID="mysql" EUID="root" SUID="root" FSUID="root" EGID="root" SGID="root" FSGID="root"
type=PROCTITLE msg=audit(1772114504.372:2069): proctitle=2F7573722F6C69622F73797374656D642F73797374656D642D6578656375746F72002D2D646573657269616C697A65003937002D2D6C6F672D6C6576656C00696E666F002D2D6C6F672D746172676574006A6F75726E616C2D6F722D6B6D7367
type=SYSCALL msg=audit(1772114504.372:2070): arch=c000003e syscall=113 success=yes exit=0 a0=0 a1=ffffffff a2=0 a3=0 items=0 ppid=1 pid=1777 auid=4294967295 uid=0 gid=111 euid=0 suid=0 fsuid=0 egid=0 sgid=0 fsgid=0 tty=(none) ses=4294967295 comm="(sh)" exe="/usr/lib/systemd/systemd-executor" subj=unconfined key="T1166_Seuid_and_Setgid"ARCH=x86_64 SYSCALL=setreuid AUID="unset" UID="root" GID="mysql" EUID="root" SUID="root" FSUID="root" EGID="root" SGID="root" FSGID="root"
type=PROCTITLE msg=audit(1772114504.372:2070): proctitle=2F7573722F6C69622F73797374656D642F73797374656D642D6578656375746F72002D2D646573657269616C697A65003937002D2D6C6F672D6C6576656C00696E666F002D2D6C6F672D746172676574006A6F75726E616C2D6F722D6B6D7367
type=SYSCALL msg=audit(1772114504.372:2071): arch=c000003e syscall=114 success=yes exit=0 a0=0 a1=ffffffff a2=0 a3=0 items=0 ppid=1 pid=1777 auid=4294967295 uid=0 gid=0 euid=0 suid=0 fsuid=0 egid=0 sgid=0 fsgid=0 tty=(none) ses=4294967295 comm="(sh)" exe="/usr/lib/systemd/systemd-executor" subj=unconfined key="T1166_Seuid_and_Setgid"ARCH=x86_64 SYSCALL=setregid AUID="unset" UID="root" GID="root" EUID="root" SUID="root" FSUID="root" EGID="root" SGID="root" FSGID="root"
type=PROCTITLE msg=audit(1772114504.372:2071): proctitle=2F7573722F6C69622F73797374656D642F73797374656D642D6578656375746F72002D2D646573657269616C697A65003937002D2D6C6F672D6C6576656C00696E666F002D2D6C6F672D746172676574006A6F75726E616C2D6F722D6B6D7367
type=SYSCALL msg=audit(1772114504.396:2072): arch=c000003e syscall=59 success=yes exit=0 a0=5e5d2f414400 a1=5e5d2f408970 a2=5e5d2f40d0b0 a3=5e5d2f408c40 items=2 ppid=1 pid=1777 auid=4294967295 uid=0 gid=0 euid=0 suid=0 fsuid=0 egid=0 sgid=0 fsgid=0 tty=(none) ses=4294967295 comm="sh" exe="/usr/bin/dash" subj=unconfined key="T1078_Valid_Accounts"ARCH=x86_64 SYSCALL=execve AUID="unset" UID="root" GID="root" EUID="root" SUID="root" FSUID="root" EGID="root" SGID="root" FSGID="root"
type=EXECVE msg=audit(1772114504.396:2072): argc=3 a0="/bin/sh" a1="-c" a2=73797374656D63746C20756E7365742D656E7669726F6E6D656E74205F57535245505F53544152545F504F534954494F4E
type=PATH msg=audit(1772114504.396:2072): item=0 name="/bin/sh" inode=1442345 dev=08:02 mode=0100755 ouid=0 ogid=0 rdev=00:00 nametype=NORMAL cap_fp=0 cap_fi=0 cap_fe=0 cap_fver=0 cap_frootid=0OUID="root" OGID="root"
type=PATH msg=audit(1772114504.396:2072): item=1 name="/lib64/ld-linux-x86-64.so.2" inode=1481429 dev=08:02 mode=0100755 ouid=0 ogid=0 rdev=00:00 nametype=NORMAL cap_fp=0 cap_fi=0 cap_fe=0 cap_fver=0 cap_frootid=0OUID="root" OGID="root"
type=PROCTITLE msg=audit(1772114504.396:2072): proctitle=2F7573722F6C69622F73797374656D642F73797374656D642D6578656375746F72002D2D646573657269616C697A65003937002D2D6C6F672D6C6576656C00696E666F002D2D6C6F672D746172676574006A6F75726E616C2D6F722D6B6D7367
type=SYSCALL msg=audit(1772114504.412:2073): arch=c000003e syscall=59 success=yes exit=0 a0=5a620a16e758 a1=5a61f95c4618 a2=5a620a16e6e8 a3=1 items=2 ppid=1777 pid=1778 auid=4294967295 uid=0 gid=0 euid=0 suid=0 fsuid=0 egid=0 sgid=0 fsgid=0 tty=(none) ses=4294967295 comm="systemctl" exe="/usr/bin/systemctl" subj=unconfined key="T1078_Valid_Accounts"ARCH=x86_64 SYSCALL=execve AUID="unset" UID="root" GID="root" EUID="root" SUID="root" FSUID="root" EGID="root" SGID="root" FSGID="root"
type=EXECVE msg=audit(1772114504.412:2073): argc=3 a0="systemctl" a1="unset-environment" a2="_WSREP_START_POSITION"
type=PATH msg=audit(1772114504.412:2073): item=0 name="/usr/bin/systemctl" inode=1461475 dev=08:02 mode=0100755 ouid=0 ogid=0 rdev=00:00 nametype=NORMAL cap_fp=0 cap_fi=0 cap_fe=0 cap_fver=0 cap_frootid=0OUID="root" OGID="root"
type=PATH msg=audit(1772114504.412:2073): item=1 name="/lib64/ld-linux-x86-64.so.2" inode=1481429 dev=08:02 mode=0100755 ouid=0 ogid=0 rdev=00:00 nametype=NORMAL cap_fp=0 cap_fi=0 cap_fe=0 cap_fver=0 cap_frootid=0OUID="root" OGID="root"
type=PROCTITLE msg=audit(1772114504.412:2073): proctitle=73797374656D63746C00756E7365742D656E7669726F6E6D656E74005F57535245505F53544152545F504F534954494F4E
type=SYSCALL msg=audit(1772114504.437:2074): arch=c000003e syscall=42 success=yes exit=0 a0=3 a1=7ffe0afa9250 a2=1e a3=7ffe0afa9300 items=1 ppid=1777 pid=1778 auid=4294967295 uid=0 gid=0 euid=0 suid=0 fsuid=0 egid=0 sgid=0 fsgid=0 tty=(none) ses=4294967295 comm="systemctl" exe="/usr/bin/systemctl" subj=unconfined key="T1043_Commonly_Used_Port"ARCH=x86_64 SYSCALL=connect AUID="unset" UID="root" GID="root" EUID="root" SUID="root" FSUID="root" EGID="root" SGID="root" FSGID="root"
type=SOCKADDR msg=audit(1772114504.437:2074): saddr=01002F72756E2F73797374656D642F6A6F75726E616C2F736F636B657400SADDR={ saddr_fam=local path=/run/systemd/journal/socket }
type=PATH msg=audit(1772114504.437:2074): item=0 name="/run/systemd/journal/socket" inode=455 dev=00:18 mode=0140666 ouid=0 ogid=0 rdev=00:00 nametype=NORMAL cap_fp=0 cap_fi=0 cap_fe=0 cap_fver=0 cap_frootid=0OUID="root" OGID="root"
type=PROCTITLE msg=audit(1772114504.437:2074): proctitle=73797374656D63746C00756E7365742D656E7669726F6E6D656E74005F57535245505F53544152545F504F534954494F4E
type=SYSCALL msg=audit(1772114504.443:2075): arch=c000003e syscall=42 success=yes exit=0 a0=4 a1=55b16cea0b18 a2=17 a3=7ffe0afa8b74 items=1 ppid=1777 pid=1778 auid=4294967295 uid=0 gid=0 euid=0 suid=0 fsuid=0 egid=0 sgid=0 fsgid=0 tty=(none) ses=4294967295 comm="systemctl" exe="/usr/bin/systemctl" subj=unconfined key="T1043_Commonly_Used_Port"ARCH=x86_64 SYSCALL=connect AUID="unset" UID="root" GID="root" EUID="root" SUID="root" FSUID="root" EGID="root" SGID="root" FSGID="root"
type=SOCKADDR msg=audit(1772114504.443:2075): saddr=01002F72756E2F73797374656D642F7072697661746500SADDR={ saddr_fam=local path=/run/systemd/private }
type=PATH msg=audit(1772114504.443:2075): item=0 name="/run/systemd/private" inode=440 dev=00:18 mode=0140700 ouid=0 ogid=0 rdev=00:00 nametype=NORMAL cap_fp=0 cap_fi=0 cap_fe=0 cap_fver=0 cap_frootid=0OUID="root" OGID="root"
type=PROCTITLE msg=audit(1772114504.443:2075): proctitle=73797374656D63746C00756E7365742D656E7669726F6E6D656E74005F57535245505F53544152545F504F534954494F4E
type=SYSCALL msg=audit(1772114504.468:2076): arch=c000003e syscall=59 success=yes exit=0 a0=7ffe6f2b4e40 a1=7ffe6f2b4e60 a2=7ffe6f2b5978 a3=8 items=2 ppid=1 pid=1779 auid=4294967295 uid=0 gid=0 euid=0 suid=0 fsuid=0 egid=0 sgid=0 fsgid=0 tty=(none) ses=4294967295 comm="9" exe="/usr/lib/systemd/systemd-executor" subj=unconfined key="T1078_Valid_Accounts"ARCH=x86_64 SYSCALL=execve AUID="unset" UID="root" GID="root" EUID="root" SUID="root" FSUID="root" EGID="root" SGID="root" FSGID="root"
type=EXECVE msg=audit(1772114504.468:2076): argc=7 a0="/usr/lib/systemd/systemd-executor" a1="--deserialize" a2="97" a3="--log-level" a4="info" a5="--log-target" a6="journal-or-kmsg"
type=PATH msg=audit(1772114504.468:2076): item=0 name="/proc/self/fd/9" inode=1463834 dev=08:02 mode=0100755 ouid=0 ogid=0 rdev=00:00 nametype=NORMAL cap_fp=0 cap_fi=0 cap_fe=0 cap_fver=0 cap_frootid=0OUID="root" OGID="root"
type=PATH msg=audit(1772114504.468:2076): item=1 name="/lib64/ld-linux-x86-64.so.2" inode=1481429 dev=08:02 mode=0100755 ouid=0 ogid=0 rdev=00:00 nametype=NORMAL cap_fp=0 cap_fi=0 cap_fe=0 cap_fver=0 cap_frootid=0OUID="root" OGID="root"
type=PROCTITLE msg=audit(1772114504.468:2076): proctitle=2F7573722F6C69622F73797374656D642F73797374656D642D6578656375746F72002D2D646573657269616C697A65003937002D2D6C6F672D6C6576656C00696E666F002D2D6C6F672D746172676574006A6F75726E616C2D6F722D6B6D7367
type=SYSCALL msg=audit(1772114504.511:2077): arch=c000003e syscall=42 success=yes exit=0 a0=4 a1=7ffc26d33df0 a2=1e a3=7ffc26d33ea0 items=1 ppid=1 pid=1779 auid=4294967295 uid=0 gid=0 euid=0 suid=0 fsuid=0 egid=0 sgid=0 fsgid=0 tty=(none) ses=4294967295 comm="9" exe="/usr/lib/systemd/systemd-executor" subj=unconfined key="T1043_Commonly_Used_Port"ARCH=x86_64 SYSCALL=connect AUID="unset" UID="root" GID="root" EUID="root" SUID="root" FSUID="root" EGID="root" SGID="root" FSGID="root"
type=SOCKADDR msg=audit(1772114504.511:2077): saddr=01002F72756E2F73797374656D642F6A6F75726E616C2F736F636B657400SADDR={ saddr_fam=local path=/run/systemd/journal/socket }
type=PATH msg=audit(1772114504.511:2077): item=0 name="/run/systemd/journal/socket" inode=455 dev=00:18 mode=0140666 ouid=0 ogid=0 rdev=00:00 nametype=NORMAL cap_fp=0 cap_fi=0 cap_fe=0 cap_fver=0 cap_frootid=0OUID="root" OGID="root"
type=PROCTITLE msg=audit(1772114504.511:2077): proctitle=2F7573722F6C69622F73797374656D642F73797374656D642D6578656375746F72002D2D646573657269616C697A65003937002D2D6C6F672D6C6576656C00696E666F002D2D6C6F672D746172676574006A6F75726E616C2D6F722D6B6D7367
type=SYSCALL msg=audit(1772114504.517:2078): arch=c000003e syscall=42 success=yes exit=0 a0=4 a1=7ffc26d337f0 a2=2d a3=55dd8091b030 items=1 ppid=1 pid=1779 auid=4294967295 uid=0 gid=0 euid=0 suid=0 fsuid=0 egid=0 sgid=0 fsgid=0 tty=(none) ses=4294967295 comm="(an-start)" exe="/usr/lib/systemd/systemd-executor" subj=unconfined key="T1043_Commonly_Used_Port"ARCH=x86_64 SYSCALL=connect AUID="unset" UID="root" GID="root" EUID="root" SUID="root" FSUID="root" EGID="root" SGID="root" FSGID="root"
type=SOCKADDR msg=audit(1772114504.517:2078): saddr=01002F72756E2F73797374656D642F7573657264622F696F2E73797374656D642E44796E616D69635573657200SADDR={ saddr_fam=local path=/run/systemd/userdb/io.systemd.DynamicUser }
type=PATH msg=audit(1772114504.517:2078): item=0 name="/run/systemd/userdb/io.systemd.DynamicUser" inode=442 dev=00:18 mode=0140666 ouid=0 ogid=0 rdev=00:00 nametype=NORMAL cap_fp=0 cap_fi=0 cap_fe=0 cap_fver=0 cap_frootid=0OUID="root" OGID="root"
type=PROCTITLE msg=audit(1772114504.517:2078): proctitle=2F7573722F6C69622F73797374656D642F73797374656D642D6578656375746F72002D2D646573657269616C697A65003937002D2D6C6F672D6C6576656C00696E666F002D2D6C6F672D746172676574006A6F75726E616C2D6F722D6B6D7367
type=SYSCALL msg=audit(1772114504.528:2079): arch=c000003e syscall=42 success=yes exit=0 a0=3 a1=7ffc26d33970 a2=1e a3=fffffff7 items=1 ppid=1 pid=1779 auid=4294967295 uid=0 gid=0 euid=111 suid=0 fsuid=111 egid=111 sgid=0 fsgid=111 tty=(none) ses=4294967295 comm="(an-start)" exe="/usr/lib/systemd/systemd-executor" subj=unconfined key="T1043_Commonly_Used_Port"ARCH=x86_64 SYSCALL=connect AUID="unset" UID="root" GID="root" EUID="mysql" SUID="root" FSUID="mysql" EGID="mysql" SGID="root" FSGID="mysql"
type=SOCKADDR msg=audit(1772114504.528:2079): saddr=01002F72756E2F73797374656D642F6A6F75726E616C2F7374646F757400SADDR={ saddr_fam=local path=/run/systemd/journal/stdout }
type=PATH msg=audit(1772114504.528:2079): item=0 name="/run/systemd/journal/stdout" inode=456 dev=00:18 mode=0140666 ouid=0 ogid=0 rdev=00:00 nametype=NORMAL cap_fp=0 cap_fi=0 cap_fe=0 cap_fver=0 cap_frootid=0OUID="root" OGID="root"
type=PROCTITLE msg=audit(1772114504.528:2079): proctitle=2F7573722F6C69622F73797374656D642F73797374656D642D6578656375746F72002D2D646573657269616C697A65003937002D2D6C6F672D6C6576656C00696E666F002D2D6C6F672D746172676574006A6F75726E616C2D6F722D6B6D7367
type=SYSCALL msg=audit(1772114504.528:2080): arch=c000003e syscall=114 success=yes exit=0 a0=6f a1=ffffffff a2=0 a3=7ffc26d33b20 items=0 ppid=1 pid=1779 auid=4294967295 uid=0 gid=111 euid=0 suid=0 fsuid=0 egid=0 sgid=0 fsgid=0 tty=(none) ses=4294967295 comm="(an-start)" exe="/usr/lib/systemd/systemd-executor" subj=unconfined key="T1166_Seuid_and_Setgid"ARCH=x86_64 SYSCALL=setregid AUID="unset" UID="root" GID="mysql" EUID="root" SUID="root" FSUID="root" EGID="root" SGID="root" FSGID="root"
type=PROCTITLE msg=audit(1772114504.528:2080): proctitle=2F7573722F6C69622F73797374656D642F73797374656D642D6578656375746F72002D2D646573657269616C697A65003937002D2D6C6F672D6C6576656C00696E666F002D2D6C6F672D746172676574006A6F75726E616C2D6F722D6B6D7367
type=SYSCALL msg=audit(1772114504.530:2081): arch=c000003e syscall=113 success=yes exit=0 a0=6f a1=ffffffff a2=0 a3=7ffc26d33b20 items=0 ppid=1 pid=1779 auid=4294967295 uid=111 gid=111 euid=0 suid=0 fsuid=0 egid=0 sgid=0 fsgid=0 tty=(none) ses=4294967295 comm="(an-start)" exe="/usr/lib/systemd/systemd-executor" subj=unconfined key="T1166_Seuid_and_Setgid"ARCH=x86_64 SYSCALL=setreuid AUID="unset" UID="mysql" GID="mysql" EUID="root" SUID="root" FSUID="root" EGID="root" SGID="root" FSGID="root"
type=PROCTITLE msg=audit(1772114504.530:2081): proctitle=2F7573722F6C69622F73797374656D642F73797374656D642D6578656375746F72002D2D646573657269616C697A65003937002D2D6C6F672D6C6576656C00696E666F002D2D6C6F672D746172676574006A6F75726E616C2D6F722D6B6D7367
type=SYSCALL msg=audit(1772114504.530:2082): arch=c000003e syscall=113 success=yes exit=0 a0=0 a1=ffffffff a2=0 a3=0 items=0 ppid=1 pid=1779 auid=4294967295 uid=0 gid=111 euid=0 suid=0 fsuid=0 egid=0 sgid=0 fsgid=0 tty=(none) ses=4294967295 comm="(an-start)" exe="/usr/lib/systemd/systemd-executor" subj=unconfined key="T1166_Seuid_and_Setgid"ARCH=x86_64 SYSCALL=setreuid AUID="unset" UID="root" GID="mysql" EUID="root" SUID="root" FSUID="root" EGID="root" SGID="root" FSGID="root"
type=PROCTITLE msg=audit(1772114504.530:2082): proctitle=2F7573722F6C69622F73797374656D642F73797374656D642D6578656375746F72002D2D646573657269616C697A65003937002D2D6C6F672D6C6576656C00696E666F002D2D6C6F672D746172676574006A6F75726E616C2D6F722D6B6D7367
type=SYSCALL msg=audit(1772114504.530:2083): arch=c000003e syscall=114 success=yes exit=0 a0=0 a1=ffffffff a2=0 a3=0 items=0 ppid=1 pid=1779 auid=4294967295 uid=0 gid=0 euid=0 suid=0 fsuid=0 egid=0 sgid=0 fsgid=0 tty=(none) ses=4294967295 comm="(an-start)" exe="/usr/lib/systemd/systemd-executor" subj=unconfined key="T1166_Seuid_and_Setgid"ARCH=x86_64 SYSCALL=setregid AUID="unset" UID="root" GID="root" EUID="root" SUID="root" FSUID="root" EGID="root" SGID="root" FSGID="root"
type=PROCTITLE msg=audit(1772114504.530:2083): proctitle=2F7573722F6C69622F73797374656D642F73797374656D642D6578656375746F72002D2D646573657269616C697A65003937002D2D6C6F672D6C6576656C00696E666F002D2D6C6F672D746172676574006A6F75726E616C2D6F722D6B6D7367
type=SYSCALL msg=audit(1772114504.547:2084): arch=c000003e syscall=59 success=yes exit=0 a0=55dd80925280 a1=55dd8091c5f0 a2=55dd8091df60 a3=55dd80919ac0 items=3 ppid=1 pid=1779 auid=4294967295 uid=0 gid=0 euid=0 suid=0 fsuid=0 egid=0 sgid=0 fsgid=0 tty=(none) ses=4294967295 comm="debian-start" exe="/usr/bin/bash" subj=unconfined key="T1078_Valid_Accounts"ARCH=x86_64 SYSCALL=execve AUID="unset" UID="root" GID="root" EUID="root" SUID="root" FSUID="root" EGID="root" SGID="root" FSGID="root"
type=EXECVE msg=audit(1772114504.547:2084): argc=2 a0="/bin/bash" a1="/etc/mysql/debian-start"
type=PATH msg=audit(1772114504.547:2084): item=0 name="/etc/mysql/debian-start" inode=1050601 dev=08:02 mode=0100755 ouid=0 ogid=0 rdev=00:00 nametype=NORMAL cap_fp=0 cap_fi=0 cap_fe=0 cap_fver=0 cap_frootid=0OUID="root" OGID="root"
type=PATH msg=audit(1772114504.547:2084): item=1 name="/bin/bash" inode=1442260 dev=08:02 mode=0100755 ouid=0 ogid=0 rdev=00:00 nametype=NORMAL cap_fp=0 cap_fi=0 cap_fe=0 cap_fver=0 cap_frootid=0OUID="root" OGID="root"
type=PATH msg=audit(1772114504.547:2084): item=2 name="/lib64/ld-linux-x86-64.so.2" inode=1481429 dev=08:02 mode=0100755 ouid=0 ogid=0 rdev=00:00 nametype=NORMAL cap_fp=0 cap_fi=0 cap_fe=0 cap_fver=0 cap_frootid=0OUID="root" OGID="root"
type=PROCTITLE msg=audit(1772114504.547:2084): proctitle=2F7573722F6C69622F73797374656D642F73797374656D642D6578656375746F72002D2D646573657269616C697A65003937002D2D6C6F672D6C6576656C00696E666F002D2D6C6F672D746172676574006A6F75726E616C2D6F722D6B6D7367
type=SYSCALL msg=audit(1772114504.578:2085): arch=c000003e syscall=59 success=yes exit=0 a0=594e43cbf3e0 a1=594e43cb4a20 a2=594e43cb11e0 a3=594e43cbfc90 items=2 ppid=1781 pid=1782 auid=4294967295 uid=0 gid=0 euid=0 suid=0 fsuid=0 egid=0 sgid=0 fsgid=0 tty=(none) ses=4294967295 comm="logger" exe="/usr/bin/logger" subj=unconfined key="T1078_Valid_Accounts"ARCH=x86_64 SYSCALL=execve AUID="unset" UID="root" GID="root" EUID="root" SUID="root" FSUID="root" EGID="root" SGID="root" FSGID="root"
type=EXECVE msg=audit(1772114504.578:2085): argc=6 a0="logger" a1="-p" a2="daemon.info" a3="-i" a4="-t/etc/mysql/debian-start" a5=557067726164696E67204D617269614442207461626C6573206966206E65636573736172792E
type=PATH msg=audit(1772114504.578:2085): item=0 name="/usr/bin/logger" inode=1448325 dev=08:02 mode=0100755 ouid=0 ogid=0 rdev=00:00 nametype=NORMAL cap_fp=0 cap_fi=0 cap_fe=0 cap_fver=0 cap_frootid=0OUID="root" OGID="root"
type=PATH msg=audit(1772114504.578:2085): item=1 name="/lib64/ld-linux-x86-64.so.2" inode=1481429 dev=08:02 mode=0100755 ouid=0 ogid=0 rdev=00:00 nametype=NORMAL cap_fp=0 cap_fi=0 cap_fe=0 cap_fver=0 cap_frootid=0OUID="root" OGID="root"
type=PROCTITLE msg=audit(1772114504.578:2085): proctitle=6C6F67676572002D70006461656D6F6E2E696E666F002D69002D742F6574632F6D7973716C2F64656269616E2D737461727400557067726164696E67204D617269614442207461626C6573206966206E65636573736172792E
type=SERVICE_START msg=audit(1772114504.583:2086): pid=1 uid=0 auid=4294967295 ses=4294967295 subj=unconfined msg='unit=mariadb comm="systemd" exe="/usr/lib/systemd/systemd" hostname=? addr=? terminal=? res=success'UID="root" AUID="unset"
type=SYSCALL msg=audit(1772114504.631:2087): arch=c000003e syscall=59 success=yes exit=0 a0=594e43cbf3e0 a1=594e43cbfe10 a2=594e43cb11e0 a3=1 items=2 ppid=1781 pid=1784 auid=4294967295 uid=0 gid=0 euid=0 suid=0 fsuid=0 egid=0 sgid=0 fsgid=0 tty=(none) ses=4294967295 comm="grep" exe="/usr/bin/grep" subj=unconfined key="T1078_Valid_Accounts"ARCH=x86_64 SYSCALL=execve AUID="unset" UID="root" GID="root" EUID="root" SUID="root" FSUID="root" EGID="root" SGID="root" FSGID="root"
type=SYSCALL msg=audit(1772114504.631:2088): arch=c000003e syscall=59 success=yes exit=0 a0=594e43cbfe70 a1=594e43cc00f0 a2=594e43cbfea0 a3=1 items=2 ppid=1781 pid=1783 auid=4294967295 uid=0 gid=0 euid=0 suid=0 fsuid=0 egid=0 sgid=0 fsgid=0 tty=(none) ses=4294967295 comm="mariadb-upgrade" exe="/usr/bin/mariadb-upgrade" subj=unconfined key="T1078_Valid_Accounts"ARCH=x86_64 SYSCALL=execve AUID="unset" UID="root" GID="root" EUID="root" SUID="root" FSUID="root" EGID="root" SGID="root" FSGID="root"
type=EXECVE msg=audit(1772114504.631:2088): argc=4 a0="/usr/bin/mariadb-upgrade" a1="--defaults-extra-file=/etc/mysql/debian.cnf" a2="--version-check" a3="--silent"
type=PATH msg=audit(1772114504.631:2088): item=0 name="/usr/bin/mariadb-upgrade" inode=1499078 dev=08:02 mode=0100755 ouid=0 ogid=0 rdev=00:00 nametype=NORMAL cap_fp=0 cap_fi=0 cap_fe=0 cap_fver=0 cap_frootid=0OUID="root" OGID="root"
type=PATH msg=audit(1772114504.631:2088): item=1 name="/lib64/ld-linux-x86-64.so.2" inode=1481429 dev=08:02 mode=0100755 ouid=0 ogid=0 rdev=00:00 nametype=NORMAL cap_fp=0 cap_fi=0 cap_fe=0 cap_fver=0 cap_frootid=0OUID="root" OGID="root"
type=PROCTITLE msg=audit(1772114504.631:2088): proctitle=2F7573722F62696E2F6D6172696164622D75706772616465002D2D64656661756C74732D65787472612D66696C653D2F6574632F6D7973716C2F64656269616E2E636E66002D2D76657273696F6E2D636865636B002D2D73696C656E74
type=EXECVE msg=audit(1772114504.631:2087): argc=4 a0="grep" a1="-E" a2="-v" a3=5E28317C406861647C4552524F522028313035317C313035347C313036307C313036317C313134367C313334377C313334382929
type=PATH msg=audit(1772114504.631:2087): item=0 name="/usr/bin/grep" inode=1442450 dev=08:02 mode=0100755 ouid=0 ogid=0 rdev=00:00 nametype=NORMAL cap_fp=0 cap_fi=0 cap_fe=0 cap_fver=0 cap_frootid=0OUID="root" OGID="root"
type=SYSCALL msg=audit(1772114504.635:2089): arch=c000003e syscall=59 success=yes exit=0 a0=594e43cb4790 a1=594e43cb4a20 a2=594e43cb11e0 a3=8 items=2 ppid=1781 pid=1785 auid=4294967295 uid=0 gid=0 euid=0 suid=0 fsuid=0 egid=0 sgid=0 fsgid=0 tty=(none) ses=4294967295 comm="logger" exe="/usr/bin/logger" subj=unconfined key="T1078_Valid_Accounts"ARCH=x86_64 SYSCALL=execve AUID="unset" UID="root" GID="root" EUID="root" SUID="root" FSUID="root" EGID="root" SGID="root" FSGID="root"
type=EXECVE msg=audit(1772114504.635:2089): argc=5 a0="logger" a1="-p" a2="daemon.warn" a3="-i" a4="-t/etc/mysql/debian-start"
type=PATH msg=audit(1772114504.635:2089): item=0 name="/usr/bin/logger" inode=1448325 dev=08:02 mode=0100755 ouid=0 ogid=0 rdev=00:00 nametype=NORMAL cap_fp=0 cap_fi=0 cap_fe=0 cap_fver=0 cap_frootid=0OUID="root" OGID="root"
type=PATH msg=audit(1772114504.635:2089): item=1 name="/lib64/ld-linux-x86-64.so.2" inode=1481429 dev=08:02 mode=0100755 ouid=0 ogid=0 rdev=00:00 nametype=NORMAL cap_fp=0 cap_fi=0 cap_fe=0 cap_fver=0 cap_frootid=0OUID="root" OGID="root"
type=PROCTITLE msg=audit(1772114504.635:2089): proctitle=6C6F67676572002D70006461656D6F6E2E7761726E002D69002D742F6574632F6D7973716C2F64656269616E2D7374617274
type=PATH msg=audit(1772114504.631:2087): item=1 name="/lib64/ld-linux-x86-64.so.2" inode=1481429 dev=08:02 mode=0100755 ouid=0 ogid=0 rdev=00:00 nametype=NORMAL cap_fp=0 cap_fi=0 cap_fe=0 cap_fver=0 cap_frootid=0OUID="root" OGID="root"
type=PROCTITLE msg=audit(1772114504.631:2087): proctitle=67726570002D45002D76005E28317C406861647C4552524F522028313035317C313035347C313036307C313036317C313134367C313334377C313334382929
type=SYSCALL msg=audit(1772114504.670:2090): arch=c000003e syscall=59 success=yes exit=0 a0=710b14bcb42f a1=7ffd60e6e510 a2=7ffd60e6f090 a3=8 items=2 ppid=1783 pid=1786 auid=4294967295 uid=0 gid=0 euid=0 suid=0 fsuid=0 egid=0 sgid=0 fsgid=0 tty=(none) ses=4294967295 comm="sh" exe="/usr/bin/dash" subj=unconfined key="T1078_Valid_Accounts"ARCH=x86_64 SYSCALL=execve AUID="unset" UID="root" GID="root" EUID="root" SUID="root" FSUID="root" EGID="root" SGID="root" FSGID="root"
type=EXECVE msg=audit(1772114504.670:2090): argc=4 a0="sh" a1="-c" a2="--" a3=272F7573722F62696E2F6D61726961646227202D2D6E6F2D64656661756C7473202D2D68656C7020323E2631203E202F6465762F6E756C6C20
type=PATH msg=audit(1772114504.670:2090): item=0 name="/bin/sh" inode=1442345 dev=08:02 mode=0100755 ouid=0 ogid=0 rdev=00:00 nametype=NORMAL cap_fp=0 cap_fi=0 cap_fe=0 cap_fver=0 cap_frootid=0OUID="root" OGID="root"
type=PATH msg=audit(1772114504.670:2090): item=1 name="/lib64/ld-linux-x86-64.so.2" inode=1481429 dev=08:02 mode=0100755 ouid=0 ogid=0 rdev=00:00 nametype=NORMAL cap_fp=0 cap_fi=0 cap_fe=0 cap_fver=0 cap_frootid=0OUID="root" OGID="root"
type=PROCTITLE msg=audit(1772114504.670:2090): proctitle=7368002D63002D2D00272F7573722F62696E2F6D61726961646227202D2D6E6F2D64656661756C7473202D2D68656C7020323E2631203E202F6465762F6E756C6C20
type=SYSCALL msg=audit(1772114504.686:2091): arch=c000003e syscall=59 success=yes exit=0 a0=61248dc67620 a1=6124b099a670 a2=6124b099a6b0 a3=8 items=2 ppid=1786 pid=1787 auid=4294967295 uid=0 gid=0 euid=0 suid=0 fsuid=0 egid=0 sgid=0 fsgid=0 tty=(none) ses=4294967295 comm="mariadb" exe="/usr/bin/mariadb" subj=unconfined key="T1078_Valid_Accounts"ARCH=x86_64 SYSCALL=execve AUID="unset" UID="root" GID="root" EUID="root" SUID="root" FSUID="root" EGID="root" SGID="root" FSGID="root"
type=EXECVE msg=audit(1772114504.686:2091): argc=3 a0="/usr/bin/mariadb" a1="--no-defaults" a2="--help"
type=PATH msg=audit(1772114504.686:2091): item=0 name="/usr/bin/mariadb" inode=1498967 dev=08:02 mode=0100755 ouid=0 ogid=0 rdev=00:00 nametype=NORMAL cap_fp=0 cap_fi=0 cap_fe=0 cap_fver=0 cap_frootid=0OUID="root" OGID="root"
type=PATH msg=audit(1772114504.686:2091): item=1 name="/lib64/ld-linux-x86-64.so.2" inode=1481429 dev=08:02 mode=0100755 ouid=0 ogid=0 rdev=00:00 nametype=NORMAL cap_fp=0 cap_fi=0 cap_fe=0 cap_fver=0 cap_frootid=0OUID="root" OGID="root"
type=PROCTITLE msg=audit(1772114504.686:2091): proctitle=2F7573722F62696E2F6D617269616462002D2D6E6F2D64656661756C7473002D2D68656C70
type=SYSCALL msg=audit(1772114504.729:2092): arch=c000003e syscall=59 success=yes exit=0 a0=710b14bcb42f a1=7ffd60e6e2d0 a2=7ffd60e6f090 a3=8 items=2 ppid=1783 pid=1788 auid=4294967295 uid=0 gid=0 euid=0 suid=0 fsuid=0 egid=0 sgid=0 fsgid=0 tty=(none) ses=4294967295 comm="sh" exe="/usr/bin/dash" subj=unconfined key="T1078_Valid_Accounts"ARCH=x86_64 SYSCALL=execve AUID="unset" UID="root" GID="root" EUID="root" SUID="root" FSUID="root" EGID="root" SGID="root" FSGID="root"
type=EXECVE msg=audit(1772114504.729:2092): argc=4 a0="sh" a1="-c" a2="--" a3=272F7573722F62696E2F6D61726961646227202D2D64656661756C74732D66696C653D2F746D702F6D7973716C5F757067726164652D4D4B32434433202D2D64617461626173653D6D7973716C202D2D6261746368202D2D736B69702D666F72636520202D2D7072696E742D71756572792D6F6E2D6572726F72202D2D73696C656E74203C202F746D702F73716C57716A59424B20323E263120
type=PATH msg=audit(1772114504.729:2092): item=0 name="/bin/sh" inode=1442345 dev=08:02 mode=0100755 ouid=0 ogid=0 rdev=00:00 nametype=NORMAL cap_fp=0 cap_fi=0 cap_fe=0 cap_fver=0 cap_frootid=0OUID="root" OGID="root"
type=PATH msg=audit(1772114504.729:2092): item=1 name="/lib64/ld-linux-x86-64.so.2" inode=1481429 dev=08:02 mode=0100755 ouid=0 ogid=0 rdev=00:00 nametype=NORMAL cap_fp=0 cap_fi=0 cap_fe=0 cap_fver=0 cap_frootid=0OUID="root" OGID="root"
type=PROCTITLE msg=audit(1772114504.729:2092): proctitle=7368002D63002D2D00272F7573722F62696E2F6D61726961646227202D2D64656661756C74732D66696C653D2F746D702F6D7973716C5F757067726164652D4D4B32434433202D2D64617461626173653D6D7973716C202D2D6261746368202D2D736B69702D666F72636520202D2D7072696E742D71756572792D6F6E2D6572
type=SYSCALL msg=audit(1772114504.740:2093): arch=c000003e syscall=59 success=yes exit=0 a0=580d2f141720 a1=580d2f141880 a2=580d2f1418e0 a3=8 items=2 ppid=1788 pid=1789 auid=4294967295 uid=0 gid=0 euid=0 suid=0 fsuid=0 egid=0 sgid=0 fsgid=0 tty=(none) ses=4294967295 comm="mariadb" exe="/usr/bin/mariadb" subj=unconfined key="T1078_Valid_Accounts"ARCH=x86_64 SYSCALL=execve AUID="unset" UID="root" GID="root" EUID="root" SUID="root" FSUID="root" EGID="root" SGID="root" FSGID="root"
type=EXECVE msg=audit(1772114504.740:2093): argc=7 a0="/usr/bin/mariadb" a1="--defaults-file=/tmp/mysql_upgrade-MK2CD3" a2="--database=mysql" a3="--batch" a4="--skip-force" a5="--print-query-on-error" a6="--silent"
type=PATH msg=audit(1772114504.740:2093): item=0 name="/usr/bin/mariadb" inode=1498967 dev=08:02 mode=0100755 ouid=0 ogid=0 rdev=00:00 nametype=NORMAL cap_fp=0 cap_fi=0 cap_fe=0 cap_fver=0 cap_frootid=0OUID="root" OGID="root"
type=PATH msg=audit(1772114504.740:2093): item=1 name="/lib64/ld-linux-x86-64.so.2" inode=1481429 dev=08:02 mode=0100755 ouid=0 ogid=0 rdev=00:00 nametype=NORMAL cap_fp=0 cap_fi=0 cap_fe=0 cap_fver=0 cap_frootid=0OUID="root" OGID="root"
type=PROCTITLE msg=audit(1772114504.740:2093): proctitle=2F7573722F62696E2F6D617269616462002D2D64656661756C74732D66696C653D2F746D702F6D7973716C5F757067726164652D4D4B32434433002D2D64617461626173653D6D7973716C002D2D6261746368002D2D736B69702D666F726365002D2D7072696E742D71756572792D6F6E2D6572726F72002D2D73696C656E74
type=SYSCALL msg=audit(1772114504.816:2094): arch=c000003e syscall=59 success=yes exit=0 a0=710b14bcb42f a1=7ffd60e6e510 a2=7ffd60e6f090 a3=8 items=2 ppid=1783 pid=1791 auid=4294967295 uid=0 gid=0 euid=0 suid=0 fsuid=0 egid=0 sgid=0 fsgid=0 tty=(none) ses=4294967295 comm="sh" exe="/usr/bin/dash" subj=unconfined key="T1078_Valid_Accounts"ARCH=x86_64 SYSCALL=execve AUID="unset" UID="root" GID="root" EUID="root" SUID="root" FSUID="root" EGID="root" SGID="root" FSGID="root"
type=EXECVE msg=audit(1772114504.816:2094): argc=4 a0="sh" a1="-c" a2="--" a3=272F7573722F62696E2F6D6172696164622D636865636B27202D2D6E6F2D64656661756C7473202D2D68656C7020323E2631203E202F6465762F6E756C6C20
type=PATH msg=audit(1772114504.816:2094): item=0 name="/bin/sh" inode=1442345 dev=08:02 mode=0100755 ouid=0 ogid=0 rdev=00:00 nametype=NORMAL cap_fp=0 cap_fi=0 cap_fe=0 cap_fver=0 cap_frootid=0OUID="root" OGID="root"
type=PATH msg=audit(1772114504.816:2094): item=1 name="/lib64/ld-linux-x86-64.so.2" inode=1481429 dev=08:02 mode=0100755 ouid=0 ogid=0 rdev=00:00 nametype=NORMAL cap_fp=0 cap_fi=0 cap_fe=0 cap_fver=0 cap_frootid=0OUID="root" OGID="root"
type=PROCTITLE msg=audit(1772114504.816:2094): proctitle=7368002D63002D2D00272F7573722F62696E2F6D6172696164622D636865636B27202D2D6E6F2D64656661756C7473202D2D68656C7020323E2631203E202F6465762F6E756C6C20
type=SYSCALL msg=audit(1772114504.831:2095): arch=c000003e syscall=59 success=yes exit=0 a0=634c60b78628 a1=634c91487670 a2=634c914876b0 a3=8 items=2 ppid=1791 pid=1792 auid=4294967295 uid=0 gid=0 euid=0 suid=0 fsuid=0 egid=0 sgid=0 fsgid=0 tty=(none) ses=4294967295 comm="mariadb-check" exe="/usr/bin/mariadb-check" subj=unconfined key="T1078_Valid_Accounts"ARCH=x86_64 SYSCALL=execve AUID="unset" UID="root" GID="root" EUID="root" SUID="root" FSUID="root" EGID="root" SGID="root" FSGID="root"
type=EXECVE msg=audit(1772114504.831:2095): argc=3 a0="/usr/bin/mariadb-check" a1="--no-defaults" a2="--help"
type=PATH msg=audit(1772114504.831:2095): item=0 name="/usr/bin/mariadb-check" inode=1498968 dev=08:02 mode=0100755 ouid=0 ogid=0 rdev=00:00 nametype=NORMAL cap_fp=0 cap_fi=0 cap_fe=0 cap_fver=0 cap_frootid=0OUID="root" OGID="root"
type=PATH msg=audit(1772114504.831:2095): item=1 name="/lib64/ld-linux-x86-64.so.2" inode=1481429 dev=08:02 mode=0100755 ouid=0 ogid=0 rdev=00:00 nametype=NORMAL cap_fp=0 cap_fi=0 cap_fe=0 cap_fver=0 cap_frootid=0OUID="root" OGID="root"
type=PROCTITLE msg=audit(1772114504.831:2095): proctitle=2F7573722F62696E2F6D6172696164622D636865636B002D2D6E6F2D64656661756C7473002D2D68656C70
type=SYSCALL msg=audit(1772114504.868:2096): arch=c000003e syscall=59 success=yes exit=0 a0=594e43cbd6e0 a1=594e43cb4510 a2=594e43cb11e0 a3=594e43cc01a0 items=2 ppid=1781 pid=1793 auid=4294967295 uid=0 gid=0 euid=0 suid=0 fsuid=0 egid=0 sgid=0 fsgid=0 tty=(none) ses=4294967295 comm="logger" exe="/usr/bin/logger" subj=unconfined key="T1078_Valid_Accounts"ARCH=x86_64 SYSCALL=execve AUID="unset" UID="root" GID="root" EUID="root" SUID="root" FSUID="root" EGID="root" SGID="root" FSGID="root"
type=EXECVE msg=audit(1772114504.868:2096): argc=6 a0="logger" a1="-p" a2="daemon.info" a3="-i" a4="-t/etc/mysql/debian-start" a5=436865636B696E6720666F7220696E73656375726520726F6F74206163636F756E74732E
type=PATH msg=audit(1772114504.868:2096): item=0 name="/usr/bin/logger" inode=1448325 dev=08:02 mode=0100755 ouid=0 ogid=0 rdev=00:00 nametype=NORMAL cap_fp=0 cap_fi=0 cap_fe=0 cap_fver=0 cap_frootid=0OUID="root" OGID="root"
type=PATH msg=audit(1772114504.868:2096): item=1 name="/lib64/ld-linux-x86-64.so.2" inode=1481429 dev=08:02 mode=0100755 ouid=0 ogid=0 rdev=00:00 nametype=NORMAL cap_fp=0 cap_fi=0 cap_fe=0 cap_fver=0 cap_frootid=0OUID="root" OGID="root"
type=PROCTITLE msg=audit(1772114504.868:2096): proctitle=6C6F67676572002D70006461656D6F6E2E696E666F002D69002D742F6574632F6D7973716C2F64656269616E2D737461727400436865636B696E6720666F7220696E73656375726520726F6F74206163636F756E74732E
type=SYSCALL msg=audit(1772114504.902:2097): arch=c000003e syscall=59 success=yes exit=0 a0=594e43cb7d20 a1=594e43cc10f0 a2=594e43cb11e0 a3=1 items=2 ppid=1794 pid=1796 auid=4294967295 uid=0 gid=0 euid=0 suid=0 fsuid=0 egid=0 sgid=0 fsgid=0 tty=(none) ses=4294967295 comm="mariadb" exe="/usr/bin/mariadb" subj=unconfined key="T1078_Valid_Accounts"ARCH=x86_64 SYSCALL=execve AUID="unset" UID="root" GID="root" EUID="root" SUID="root" FSUID="root" EGID="root" SGID="root" FSGID="root"
type=EXECVE msg=audit(1772114504.902:2097): argc=3 a0="/usr/bin/mariadb" a1="--defaults-extra-file=/etc/mysql/debian.cnf" a2="--skip-column-names"
type=PATH msg=audit(1772114504.902:2097): item=0 name="/usr/bin/mariadb" inode=1498967 dev=08:02 mode=0100755 ouid=0 ogid=0 rdev=00:00 nametype=NORMAL cap_fp=0 cap_fi=0 cap_fe=0 cap_fver=0 cap_frootid=0OUID="root" OGID="root"
type=PATH msg=audit(1772114504.902:2097): item=1 name="/lib64/ld-linux-x86-64.so.2" inode=1481429 dev=08:02 mode=0100755 ouid=0 ogid=0 rdev=00:00 nametype=NORMAL cap_fp=0 cap_fi=0 cap_fe=0 cap_fver=0 cap_frootid=0OUID="root" OGID="root"
type=PROCTITLE msg=audit(1772114504.902:2097): proctitle=2F7573722F62696E2F6D617269616462002D2D64656661756C74732D65787472612D66696C653D2F6574632F6D7973716C2F64656269616E2E636E66002D2D736B69702D636F6C756D6E2D6E616D6573
type=SYSCALL msg=audit(1772114504.974:2098): arch=c000003e syscall=59 success=yes exit=0 a0=594e43cc2600 a1=594e43cb0f90 a2=594e43cb11e0 a3=594e43cbf340 items=2 ppid=1781 pid=1797 auid=4294967295 uid=0 gid=0 euid=0 suid=0 fsuid=0 egid=0 sgid=0 fsgid=0 tty=(none) ses=4294967295 comm="logger" exe="/usr/bin/logger" subj=unconfined key="T1078_Valid_Accounts"ARCH=x86_64 SYSCALL=execve AUID="unset" UID="root" GID="root" EUID="root" SUID="root" FSUID="root" EGID="root" SGID="root" FSGID="root"
type=EXECVE msg=audit(1772114504.974:2098): argc=6 a0="logger" a1="-p" a2="daemon.info" a3="-i" a4="-t/etc/mysql/debian-start" a5=54726967676572696E67206D796973616D2D7265636F76657220666F7220616C6C204D794953414D207461626C657320616E6420617269612D7265636F76657220666F7220616C6C2041726961207461626C6573
type=PATH msg=audit(1772114504.974:2098): item=0 name="/usr/bin/logger" inode=1448325 dev=08:02 mode=0100755 ouid=0 ogid=0 rdev=00:00 nametype=NORMAL cap_fp=0 cap_fi=0 cap_fe=0 cap_fver=0 cap_frootid=0OUID="root" OGID="root"
type=PATH msg=audit(1772114504.974:2098): item=1 name="/lib64/ld-linux-x86-64.so.2" inode=1481429 dev=08:02 mode=0100755 ouid=0 ogid=0 rdev=00:00 nametype=NORMAL cap_fp=0 cap_fi=0 cap_fe=0 cap_fver=0 cap_frootid=0OUID="root" OGID="root"
type=PROCTITLE msg=audit(1772114504.974:2098): proctitle=6C6F67676572002D70006461656D6F6E2E696E666F002D69002D742F6574632F6D7973716C2F64656269616E2D73746172740054726967676572696E67206D796973616D2D7265636F76657220666F7220616C6C204D794953414D207461626C657320616E6420617269612D7265636F76657220666F7220616C6C2041726961
type=SYSCALL msg=audit(1772114505.002:2099): arch=c000003e syscall=59 success=yes exit=0 a0=594e43cc3180 a1=594e43cb17f0 a2=594e43cc3230 a3=8 items=2 ppid=1781 pid=1798 auid=4294967295 uid=0 gid=0 euid=0 suid=0 fsuid=0 egid=0 sgid=0 fsgid=0 tty=(none) ses=4294967295 comm="mktemp" exe="/usr/bin/mktemp" subj=unconfined key="T1078_Valid_Accounts"ARCH=x86_64 SYSCALL=execve AUID="unset" UID="root" GID="root" EUID="root" SUID="root" FSUID="root" EGID="root" SGID="root" FSGID="root"
type=EXECVE msg=audit(1772114505.002:2099): argc=1 a0="mktemp"
type=PATH msg=audit(1772114505.002:2099): item=0 name="/usr/bin/mktemp" inode=1442575 dev=08:02 mode=0100755 ouid=0 ogid=0 rdev=00:00 nametype=NORMAL cap_fp=0 cap_fi=0 cap_fe=0 cap_fver=0 cap_frootid=0OUID="root" OGID="root"
type=PATH msg=audit(1772114505.002:2099): item=1 name="/lib64/ld-linux-x86-64.so.2" inode=1481429 dev=08:02 mode=0100755 ouid=0 ogid=0 rdev=00:00 nametype=NORMAL cap_fp=0 cap_fi=0 cap_fe=0 cap_fver=0 cap_frootid=0OUID="root" OGID="root"
type=PROCTITLE msg=audit(1772114505.002:2099): proctitle="mktemp"
type=SYSCALL msg=audit(1772114505.016:2100): arch=c000003e syscall=59 success=yes exit=0 a0=594e43cc2640 a1=594e43cc33f0 a2=594e43cb11e0 a3=1 items=2 ppid=1781 pid=1800 auid=4294967295 uid=0 gid=0 euid=0 suid=0 fsuid=0 egid=0 sgid=0 fsgid=0 tty=(none) ses=4294967295 comm="mariadb" exe="/usr/bin/mariadb" subj=unconfined key="T1078_Valid_Accounts"ARCH=x86_64 SYSCALL=execve AUID="unset" UID="root" GID="root" EUID="root" SUID="root" FSUID="root" EGID="root" SGID="root" FSGID="root"
type=EXECVE msg=audit(1772114505.016:2100): argc=4 a0="/usr/bin/mariadb" a1="--defaults-extra-file=/etc/mysql/debian.cnf" a2="--skip-column-names" a3="--batch"
type=PATH msg=audit(1772114505.016:2100): item=0 name="/usr/bin/mariadb" inode=1498967 dev=08:02 mode=0100755 ouid=0 ogid=0 rdev=00:00 nametype=NORMAL cap_fp=0 cap_fi=0 cap_fe=0 cap_fver=0 cap_frootid=0OUID="root" OGID="root"
type=PATH msg=audit(1772114505.016:2100): item=1 name="/lib64/ld-linux-x86-64.so.2" inode=1481429 dev=08:02 mode=0100755 ouid=0 ogid=0 rdev=00:00 nametype=NORMAL cap_fp=0 cap_fi=0 cap_fe=0 cap_fver=0 cap_frootid=0OUID="root" OGID="root"
type=PROCTITLE msg=audit(1772114505.016:2100): proctitle=2F7573722F62696E2F6D617269616462002D2D64656661756C74732D65787472612D66696C653D2F6574632F6D7973716C2F64656269616E2E636E66002D2D736B69702D636F6C756D6E2D6E616D6573002D2D6261746368
type=SYSCALL msg=audit(1772114505.017:2101): arch=c000003e syscall=59 success=yes exit=0 a0=594e43cc2ee0 a1=594e43cb42c0 a2=594e43cb11e0 a3=594e43cc2c00 items=2 ppid=1781 pid=1801 auid=4294967295 uid=0 gid=0 euid=0 suid=0 fsuid=0 egid=0 sgid=0 fsgid=0 tty=(none) ses=4294967295 comm="xargs" exe="/usr/bin/xargs" subj=unconfined key="T1078_Valid_Accounts"ARCH=x86_64 SYSCALL=execve AUID="unset" UID="root" GID="root" EUID="root" SUID="root" FSUID="root" EGID="root" SGID="root" FSGID="root"
type=EXECVE msg=audit(1772114505.017:2101): argc=10 a0="xargs" a1="-i" a2="/usr/bin/mariadb" a3="--defaults-extra-file=/etc/mysql/debian.cnf" a4="--skip-column-names" a5="--silent" a6="--batch" a7="--force" a8="-e" a9="{}"
type=PATH msg=audit(1772114505.017:2101): item=0 name="/usr/bin/xargs" inode=1443008 dev=08:02 mode=0100755 ouid=0 ogid=0 rdev=00:00 nametype=NORMAL cap_fp=0 cap_fi=0 cap_fe=0 cap_fver=0 cap_frootid=0OUID="root" OGID="root"
type=PATH msg=audit(1772114505.017:2101): item=1 name="/lib64/ld-linux-x86-64.so.2" inode=1481429 dev=08:02 mode=0100755 ouid=0 ogid=0 rdev=00:00 nametype=NORMAL cap_fp=0 cap_fi=0 cap_fe=0 cap_fver=0 cap_frootid=0OUID="root" OGID="root"
type=PROCTITLE msg=audit(1772114505.017:2101): proctitle=7861726773002D69002F7573722F62696E2F6D617269616462002D2D64656661756C74732D65787472612D66696C653D2F6574632F6D7973716C2F64656269616E2E636E66002D2D736B69702D636F6C756D6E2D6E616D6573002D2D73696C656E74002D2D6261746368002D2D666F726365002D65007B7D
type=SYSCALL msg=audit(1772114505.176:2102): arch=c000003e syscall=59 success=yes exit=0 a0=7dbe1f0a2010 a1=59000b3758a0 a2=7ffc09f075c0 a3=0 items=2 ppid=1801 pid=1802 auid=4294967295 uid=0 gid=0 euid=0 suid=0 fsuid=0 egid=0 sgid=0 fsgid=0 tty=(none) ses=4294967295 comm="mariadb" exe="/usr/bin/mariadb" subj=unconfined key="T1078_Valid_Accounts"ARCH=x86_64 SYSCALL=execve AUID="unset" UID="root" GID="root" EUID="root" SUID="root" FSUID="root" EGID="root" SGID="root" FSGID="root"
type=EXECVE msg=audit(1772114505.176:2102): argc=8 a0="/usr/bin/mariadb" a1="--defaults-extra-file=/etc/mysql/debian.cnf" a2="--skip-column-names" a3="--silent" a4="--batch" a5="--force" a6="-e" a7=73656C65637420636F756E74282A2920696E746F2040646973636172642066726F6D20606D7973716C602E60726F6C65735F6D617070696E6760
type=PATH msg=audit(1772114505.176:2102): item=0 name="/usr/bin/mariadb" inode=1498967 dev=08:02 mode=0100755 ouid=0 ogid=0 rdev=00:00 nametype=NORMAL cap_fp=0 cap_fi=0 cap_fe=0 cap_fver=0 cap_frootid=0OUID="root" OGID="root"
type=PATH msg=audit(1772114505.176:2102): item=1 name="/lib64/ld-linux-x86-64.so.2" inode=1481429 dev=08:02 mode=0100755 ouid=0 ogid=0 rdev=00:00 nametype=NORMAL cap_fp=0 cap_fi=0 cap_fe=0 cap_fver=0 cap_frootid=0OUID="root" OGID="root"
type=PROCTITLE msg=audit(1772114505.176:2102): proctitle=2F7573722F62696E2F6D617269616462002D2D64656661756C74732D65787472612D66696C653D2F6574632F6D7973716C2F64656269616E2E636E66002D2D736B69702D636F6C756D6E2D6E616D6573002D2D73696C656E74002D2D6261746368002D2D666F726365002D650073656C65637420636F756E74282A2920696E74
type=SYSCALL msg=audit(1772114505.248:2103): arch=c000003e syscall=59 success=yes exit=0 a0=7dbe1f0a2010 a1=59000b3758a0 a2=7ffc09f075c0 a3=0 items=2 ppid=1801 pid=1803 auid=4294967295 uid=0 gid=0 euid=0 suid=0 fsuid=0 egid=0 sgid=0 fsgid=0 tty=(none) ses=4294967295 comm="mariadb" exe="/usr/bin/mariadb" subj=unconfined key="T1078_Valid_Accounts"ARCH=x86_64 SYSCALL=execve AUID="unset" UID="root" GID="root" EUID="root" SUID="root" FSUID="root" EGID="root" SGID="root" FSGID="root"
type=EXECVE msg=audit(1772114505.248:2103): argc=8 a0="/usr/bin/mariadb" a1="--defaults-extra-file=/etc/mysql/debian.cnf" a2="--skip-column-names" a3="--silent" a4="--batch" a5="--force" a6="-e" a7=73656C65637420636F756E74282A2920696E746F2040646973636172642066726F6D20606D7973716C602E60706C7567696E60
type=PATH msg=audit(1772114505.248:2103): item=0 name="/usr/bin/mariadb" inode=1498967 dev=08:02 mode=0100755 ouid=0 ogid=0 rdev=00:00 nametype=NORMAL cap_fp=0 cap_fi=0 cap_fe=0 cap_fver=0 cap_frootid=0OUID="root" OGID="root"
type=PATH msg=audit(1772114505.248:2103): item=1 name="/lib64/ld-linux-x86-64.so.2" inode=1481429 dev=08:02 mode=0100755 ouid=0 ogid=0 rdev=00:00 nametype=NORMAL cap_fp=0 cap_fi=0 cap_fe=0 cap_fver=0 cap_frootid=0OUID="root" OGID="root"
type=PROCTITLE msg=audit(1772114505.248:2103): proctitle=2F7573722F62696E2F6D617269616462002D2D64656661756C74732D65787472612D66696C653D2F6574632F6D7973716C2F64656269616E2E636E66002D2D736B69702D636F6C756D6E2D6E616D6573002D2D73696C656E74002D2D6261746368002D2D666F726365002D650073656C65637420636F756E74282A2920696E74
type=SYSCALL msg=audit(1772114505.322:2104): arch=c000003e syscall=59 success=yes exit=0 a0=7dbe1f0a2010 a1=59000b3758a0 a2=7ffc09f075c0 a3=0 items=2 ppid=1801 pid=1804 auid=4294967295 uid=0 gid=0 euid=0 suid=0 fsuid=0 egid=0 sgid=0 fsgid=0 tty=(none) ses=4294967295 comm="mariadb" exe="/usr/bin/mariadb" subj=unconfined key="T1078_Valid_Accounts"ARCH=x86_64 SYSCALL=execve AUID="unset" UID="root" GID="root" EUID="root" SUID="root" FSUID="root" EGID="root" SGID="root" FSGID="root"
type=EXECVE msg=audit(1772114505.322:2104): argc=8 a0="/usr/bin/mariadb" a1="--defaults-extra-file=/etc/mysql/debian.cnf" a2="--skip-column-names" a3="--silent" a4="--batch" a5="--force" a6="-e" a7=73656C65637420636F756E74282A2920696E746F2040646973636172642066726F6D20606D7973716C602E6066756E6360
type=PATH msg=audit(1772114505.322:2104): item=0 name="/usr/bin/mariadb" inode=1498967 dev=08:02 mode=0100755 ouid=0 ogid=0 rdev=00:00 nametype=NORMAL cap_fp=0 cap_fi=0 cap_fe=0 cap_fver=0 cap_frootid=0OUID="root" OGID="root"
type=PATH msg=audit(1772114505.322:2104): item=1 name="/lib64/ld-linux-x86-64.so.2" inode=1481429 dev=08:02 mode=0100755 ouid=0 ogid=0 rdev=00:00 nametype=NORMAL cap_fp=0 cap_fi=0 cap_fe=0 cap_fver=0 cap_frootid=0OUID="root" OGID="root"
type=PROCTITLE msg=audit(1772114505.322:2104): proctitle=2F7573722F62696E2F6D617269616462002D2D64656661756C74732D65787472612D66696C653D2F6574632F6D7973716C2F64656269616E2E636E66002D2D736B69702D636F6C756D6E2D6E616D6573002D2D73696C656E74002D2D6261746368002D2D666F726365002D650073656C65637420636F756E74282A2920696E74
type=SYSCALL msg=audit(1772114505.574:2105): arch=c000003e syscall=59 success=yes exit=0 a0=7dbe1f0a2010 a1=59000b3758a0 a2=7ffc09f075c0 a3=0 items=2 ppid=1801 pid=1805 auid=4294967295 uid=0 gid=0 euid=0 suid=0 fsuid=0 egid=0 sgid=0 fsgid=0 tty=(none) ses=4294967295 comm="mariadb" exe="/usr/bin/mariadb" subj=unconfined key="T1078_Valid_Accounts"ARCH=x86_64 SYSCALL=execve AUID="unset" UID="root" GID="root" EUID="root" SUID="root" FSUID="root" EGID="root" SGID="root" FSGID="root"
type=EXECVE msg=audit(1772114505.574:2105): argc=8 a0="/usr/bin/mariadb" a1="--defaults-extra-file=/etc/mysql/debian.cnf" a2="--skip-column-names" a3="--silent" a4="--batch" a5="--force" a6="-e" a7=73656C65637420636F756E74282A2920696E746F2040646973636172642066726F6D20606D7973716C602E6074696D655F7A6F6E655F7472616E736974696F6E5F7479706560
type=PATH msg=audit(1772114505.574:2105): item=0 name="/usr/bin/mariadb" inode=1498967 dev=08:02 mode=0100755 ouid=0 ogid=0 rdev=00:00 nametype=NORMAL cap_fp=0 cap_fi=0 cap_fe=0 cap_fver=0 cap_frootid=0OUID="root" OGID="root"
type=PATH msg=audit(1772114505.574:2105): item=1 name="/lib64/ld-linux-x86-64.so.2" inode=1481429 dev=08:02 mode=0100755 ouid=0 ogid=0 rdev=00:00 nametype=NORMAL cap_fp=0 cap_fi=0 cap_fe=0 cap_fver=0 cap_frootid=0OUID="root" OGID="root"
type=PROCTITLE msg=audit(1772114505.574:2105): proctitle=2F7573722F62696E2F6D617269616462002D2D64656661756C74732D65787472612D66696C653D2F6574632F6D7973716C2F64656269616E2E636E66002D2D736B69702D636F6C756D6E2D6E616D6573002D2D73696C656E74002D2D6261746368002D2D666F726365002D650073656C65637420636F756E74282A2920696E74
type=SYSCALL msg=audit(1772114505.712:2106): arch=c000003e syscall=59 success=yes exit=0 a0=7dbe1f0a2010 a1=59000b3758a0 a2=7ffc09f075c0 a3=0 items=2 ppid=1801 pid=1806 auid=4294967295 uid=0 gid=0 euid=0 suid=0 fsuid=0 egid=0 sgid=0 fsgid=0 tty=(none) ses=4294967295 comm="mariadb" exe="/usr/bin/mariadb" subj=unconfined key="T1078_Valid_Accounts"ARCH=x86_64 SYSCALL=execve AUID="unset" UID="root" GID="root" EUID="root" SUID="root" FSUID="root" EGID="root" SGID="root" FSGID="root"
type=EXECVE msg=audit(1772114505.712:2106): argc=8 a0="/usr/bin/mariadb" a1="--defaults-extra-file=/etc/mysql/debian.cnf" a2="--skip-column-names" a3="--silent" a4="--batch" a5="--force" a6="-e" a7=73656C65637420636F756E74282A2920696E746F2040646973636172642066726F6D20606D7973716C602E6074696D655F7A6F6E655F6E616D6560
type=PATH msg=audit(1772114505.712:2106): item=0 name="/usr/bin/mariadb" inode=1498967 dev=08:02 mode=0100755 ouid=0 ogid=0 rdev=00:00 nametype=NORMAL cap_fp=0 cap_fi=0 cap_fe=0 cap_fver=0 cap_frootid=0OUID="root" OGID="root"
type=PATH msg=audit(1772114505.712:2106): item=1 name="/lib64/ld-linux-x86-64.so.2" inode=1481429 dev=08:02 mode=0100755 ouid=0 ogid=0 rdev=00:00 nametype=NORMAL cap_fp=0 cap_fi=0 cap_fe=0 cap_fver=0 cap_frootid=0OUID="root" OGID="root"
type=PROCTITLE msg=audit(1772114505.712:2106): proctitle=2F7573722F62696E2F6D617269616462002D2D64656661756C74732D65787472612D66696C653D2F6574632F6D7973716C2F64656269616E2E636E66002D2D736B69702D636F6C756D6E2D6E616D6573002D2D73696C656E74002D2D6261746368002D2D666F726365002D650073656C65637420636F756E74282A2920696E74
type=SYSCALL msg=audit(1772114505.913:2107): arch=c000003e syscall=59 success=yes exit=0 a0=7dbe1f0a2010 a1=59000b3758a0 a2=7ffc09f075c0 a3=0 items=2 ppid=1801 pid=1807 auid=4294967295 uid=0 gid=0 euid=0 suid=0 fsuid=0 egid=0 sgid=0 fsgid=0 tty=(none) ses=4294967295 comm="mariadb" exe="/usr/bin/mariadb" subj=unconfined key="T1078_Valid_Accounts"ARCH=x86_64 SYSCALL=execve AUID="unset" UID="root" GID="root" EUID="root" SUID="root" FSUID="root" EGID="root" SGID="root" FSGID="root"
type=EXECVE msg=audit(1772114505.913:2107): argc=8 a0="/usr/bin/mariadb" a1="--defaults-extra-file=/etc/mysql/debian.cnf" a2="--skip-column-names" a3="--silent" a4="--batch" a5="--force" a6="-e" a7=73656C65637420636F756E74282A2920696E746F2040646973636172642066726F6D20606D7973716C602E6068656C705F746F70696360
type=PATH msg=audit(1772114505.913:2107): item=0 name="/usr/bin/mariadb" inode=1498967 dev=08:02 mode=0100755 ouid=0 ogid=0 rdev=00:00 nametype=NORMAL cap_fp=0 cap_fi=0 cap_fe=0 cap_fver=0 cap_frootid=0OUID="root" OGID="root"
type=PATH msg=audit(1772114505.913:2107): item=1 name="/lib64/ld-linux-x86-64.so.2" inode=1481429 dev=08:02 mode=0100755 ouid=0 ogid=0 rdev=00:00 nametype=NORMAL cap_fp=0 cap_fi=0 cap_fe=0 cap_fver=0 cap_frootid=0OUID="root" OGID="root"
type=PROCTITLE msg=audit(1772114505.913:2107): proctitle=2F7573722F62696E2F6D617269616462002D2D64656661756C74732D65787472612D66696C653D2F6574632F6D7973716C2F64656269616E2E636E66002D2D736B69702D636F6C756D6E2D6E616D6573002D2D73696C656E74002D2D6261746368002D2D666F726365002D650073656C65637420636F756E74282A2920696E74
type=SYSCALL msg=audit(1772114506.072:2108): arch=c000003e syscall=59 success=yes exit=0 a0=7dbe1f0a2010 a1=59000b3758a0 a2=7ffc09f075c0 a3=0 items=2 ppid=1801 pid=1808 auid=4294967295 uid=0 gid=0 euid=0 suid=0 fsuid=0 egid=0 sgid=0 fsgid=0 tty=(none) ses=4294967295 comm="mariadb" exe="/usr/bin/mariadb" subj=unconfined key="T1078_Valid_Accounts"ARCH=x86_64 SYSCALL=execve AUID="unset" UID="root" GID="root" EUID="root" SUID="root" FSUID="root" EGID="root" SGID="root" FSGID="root"
type=EXECVE msg=audit(1772114506.072:2108): argc=8 a0="/usr/bin/mariadb" a1="--defaults-extra-file=/etc/mysql/debian.cnf" a2="--skip-column-names" a3="--silent" a4="--batch" a5="--force" a6="-e" a7=73656C65637420636F756E74282A2920696E746F2040646973636172642066726F6D20606D7973716C602E6074696D655F7A6F6E655F6C6561705F7365636F6E6460
type=PATH msg=audit(1772114506.072:2108): item=0 name="/usr/bin/mariadb" inode=1498967 dev=08:02 mode=0100755 ouid=0 ogid=0 rdev=00:00 nametype=NORMAL cap_fp=0 cap_fi=0 cap_fe=0 cap_fver=0 cap_frootid=0OUID="root" OGID="root"
type=PATH msg=audit(1772114506.072:2108): item=1 name="/lib64/ld-linux-x86-64.so.2" inode=1481429 dev=08:02 mode=0100755 ouid=0 ogid=0 rdev=00:00 nametype=NORMAL cap_fp=0 cap_fi=0 cap_fe=0 cap_fver=0 cap_frootid=0OUID="root" OGID="root"
type=PROCTITLE msg=audit(1772114506.072:2108): proctitle=2F7573722F62696E2F6D617269616462002D2D64656661756C74732D65787472612D66696C653D2F6574632F6D7973716C2F64656269616E2E636E66002D2D736B69702D636F6C756D6E2D6E616D6573002D2D73696C656E74002D2D6261746368002D2D666F726365002D650073656C65637420636F756E74282A2920696E74
type=SYSCALL msg=audit(1772114506.135:2109): arch=c000003e syscall=59 success=yes exit=0 a0=7dbe1f0a2010 a1=59000b3758a0 a2=7ffc09f075c0 a3=0 items=2 ppid=1801 pid=1809 auid=4294967295 uid=0 gid=0 euid=0 suid=0 fsuid=0 egid=0 sgid=0 fsgid=0 tty=(none) ses=4294967295 comm="mariadb" exe="/usr/bin/mariadb" subj=unconfined key="T1078_Valid_Accounts"ARCH=x86_64 SYSCALL=execve AUID="unset" UID="root" GID="root" EUID="root" SUID="root" FSUID="root" EGID="root" SGID="root" FSGID="root"
type=EXECVE msg=audit(1772114506.135:2109): argc=8 a0="/usr/bin/mariadb" a1="--defaults-extra-file=/etc/mysql/debian.cnf" a2="--skip-column-names" a3="--silent" a4="--batch" a5="--force" a6="-e" a7=73656C65637420636F756E74282A2920696E746F2040646973636172642066726F6D20606D7973716C602E60646260
type=PATH msg=audit(1772114506.135:2109): item=0 name="/usr/bin/mariadb" inode=1498967 dev=08:02 mode=0100755 ouid=0 ogid=0 rdev=00:00 nametype=NORMAL cap_fp=0 cap_fi=0 cap_fe=0 cap_fver=0 cap_frootid=0OUID="root" OGID="root"
type=PATH msg=audit(1772114506.135:2109): item=1 name="/lib64/ld-linux-x86-64.so.2" inode=1481429 dev=08:02 mode=0100755 ouid=0 ogid=0 rdev=00:00 nametype=NORMAL cap_fp=0 cap_fi=0 cap_fe=0 cap_fver=0 cap_frootid=0OUID="root" OGID="root"
type=PROCTITLE msg=audit(1772114506.135:2109): proctitle=2F7573722F62696E2F6D617269616462002D2D64656661756C74732D65787472612D66696C653D2F6574632F6D7973716C2F64656269616E2E636E66002D2D736B69702D636F6C756D6E2D6E616D6573002D2D73696C656E74002D2D6261746368002D2D666F726365002D650073656C65637420636F756E74282A2920696E74
type=SYSCALL msg=audit(1772114506.197:2110): arch=c000003e syscall=59 success=yes exit=0 a0=7dbe1f0a2010 a1=59000b3758a0 a2=7ffc09f075c0 a3=0 items=2 ppid=1801 pid=1810 auid=4294967295 uid=0 gid=0 euid=0 suid=0 fsuid=0 egid=0 sgid=0 fsgid=0 tty=(none) ses=4294967295 comm="mariadb" exe="/usr/bin/mariadb" subj=unconfined key="T1078_Valid_Accounts"ARCH=x86_64 SYSCALL=execve AUID="unset" UID="root" GID="root" EUID="root" SUID="root" FSUID="root" EGID="root" SGID="root" FSGID="root"
type=EXECVE msg=audit(1772114506.197:2110): argc=8 a0="/usr/bin/mariadb" a1="--defaults-extra-file=/etc/mysql/debian.cnf" a2="--skip-column-names" a3="--silent" a4="--batch" a5="--force" a6="-e" a7=73656C65637420636F756E74282A2920696E746F2040646973636172642066726F6D20606D7973716C602E6068656C705F6B6579776F726460
type=PATH msg=audit(1772114506.197:2110): item=0 name="/usr/bin/mariadb" inode=1498967 dev=08:02 mode=0100755 ouid=0 ogid=0 rdev=00:00 nametype=NORMAL cap_fp=0 cap_fi=0 cap_fe=0 cap_fver=0 cap_frootid=0OUID="root" OGID="root"
type=PATH msg=audit(1772114506.197:2110): item=1 name="/lib64/ld-linux-x86-64.so.2" inode=1481429 dev=08:02 mode=0100755 ouid=0 ogid=0 rdev=00:00 nametype=NORMAL cap_fp=0 cap_fi=0 cap_fe=0 cap_fver=0 cap_frootid=0OUID="root" OGID="root"
type=PROCTITLE msg=audit(1772114506.197:2110): proctitle=2F7573722F62696E2F6D617269616462002D2D64656661756C74732D65787472612D66696C653D2F6574632F6D7973716C2F64656269616E2E636E66002D2D736B69702D636F6C756D6E2D6E616D6573002D2D73696C656E74002D2D6261746368002D2D666F726365002D650073656C65637420636F756E74282A2920696E74
type=SYSCALL msg=audit(1772114506.261:2111): arch=c000003e syscall=59 success=yes exit=0 a0=7dbe1f0a2010 a1=59000b3758a0 a2=7ffc09f075c0 a3=0 items=2 ppid=1801 pid=1811 auid=4294967295 uid=0 gid=0 euid=0 suid=0 fsuid=0 egid=0 sgid=0 fsgid=0 tty=(none) ses=4294967295 comm="mariadb" exe="/usr/bin/mariadb" subj=unconfined key="T1078_Valid_Accounts"ARCH=x86_64 SYSCALL=execve AUID="unset" UID="root" GID="root" EUID="root" SUID="root" FSUID="root" EGID="root" SGID="root" FSGID="root"
type=EXECVE msg=audit(1772114506.261:2111): argc=8 a0="/usr/bin/mariadb" a1="--defaults-extra-file=/etc/mysql/debian.cnf" a2="--skip-column-names" a3="--silent" a4="--batch" a5="--force" a6="-e" a7=73656C65637420636F756E74282A2920696E746F2040646973636172642066726F6D20606D7973716C602E60676C6F62616C5F7072697660
type=PATH msg=audit(1772114506.261:2111): item=0 name="/usr/bin/mariadb" inode=1498967 dev=08:02 mode=0100755 ouid=0 ogid=0 rdev=00:00 nametype=NORMAL cap_fp=0 cap_fi=0 cap_fe=0 cap_fver=0 cap_frootid=0OUID="root" OGID="root"
type=PATH msg=audit(1772114506.261:2111): item=1 name="/lib64/ld-linux-x86-64.so.2" inode=1481429 dev=08:02 mode=0100755 ouid=0 ogid=0 rdev=00:00 nametype=NORMAL cap_fp=0 cap_fi=0 cap_fe=0 cap_fver=0 cap_frootid=0OUID="root" OGID="root"
type=PROCTITLE msg=audit(1772114506.261:2111): proctitle=2F7573722F62696E2F6D617269616462002D2D64656661756C74732D65787472612D66696C653D2F6574632F6D7973716C2F64656269616E2E636E66002D2D736B69702D636F6C756D6E2D6E616D6573002D2D73696C656E74002D2D6261746368002D2D666F726365002D650073656C65637420636F756E74282A2920696E74
type=SYSCALL msg=audit(1772114506.332:2112): arch=c000003e syscall=59 success=yes exit=0 a0=7dbe1f0a2010 a1=59000b3758a0 a2=7ffc09f075c0 a3=0 items=2 ppid=1801 pid=1812 auid=4294967295 uid=0 gid=0 euid=0 suid=0 fsuid=0 egid=0 sgid=0 fsgid=0 tty=(none) ses=4294967295 comm="mariadb" exe="/usr/bin/mariadb" subj=unconfined key="T1078_Valid_Accounts"ARCH=x86_64 SYSCALL=execve AUID="unset" UID="root" GID="root" EUID="root" SUID="root" FSUID="root" EGID="root" SGID="root" FSGID="root"
type=EXECVE msg=audit(1772114506.332:2112): argc=8 a0="/usr/bin/mariadb" a1="--defaults-extra-file=/etc/mysql/debian.cnf" a2="--skip-column-names" a3="--silent" a4="--batch" a5="--force" a6="-e" a7=73656C65637420636F756E74282A2920696E746F2040646973636172642066726F6D20606D7973716C602E607365727665727360
type=PATH msg=audit(1772114506.332:2112): item=0 name="/usr/bin/mariadb" inode=1498967 dev=08:02 mode=0100755 ouid=0 ogid=0 rdev=00:00 nametype=NORMAL cap_fp=0 cap_fi=0 cap_fe=0 cap_fver=0 cap_frootid=0OUID="root" OGID="root"
type=PATH msg=audit(1772114506.332:2112): item=1 name="/lib64/ld-linux-x86-64.so.2" inode=1481429 dev=08:02 mode=0100755 ouid=0 ogid=0 rdev=00:00 nametype=NORMAL cap_fp=0 cap_fi=0 cap_fe=0 cap_fver=0 cap_frootid=0OUID="root" OGID="root"
type=PROCTITLE msg=audit(1772114506.332:2112): proctitle=2F7573722F62696E2F6D617269616462002D2D64656661756C74732D65787472612D66696C653D2F6574632F6D7973716C2F64656269616E2E636E66002D2D736B69702D636F6C756D6E2D6E616D6573002D2D73696C656E74002D2D6261746368002D2D666F726365002D650073656C65637420636F756E74282A2920696E74
type=SYSCALL msg=audit(1772114506.401:2113): arch=c000003e syscall=59 success=yes exit=0 a0=7dbe1f0a2010 a1=59000b3758a0 a2=7ffc09f075c0 a3=0 items=2 ppid=1801 pid=1813 auid=4294967295 uid=0 gid=0 euid=0 suid=0 fsuid=0 egid=0 sgid=0 fsgid=0 tty=(none) ses=4294967295 comm="mariadb" exe="/usr/bin/mariadb" subj=unconfined key="T1078_Valid_Accounts"ARCH=x86_64 SYSCALL=execve AUID="unset" UID="root" GID="root" EUID="root" SUID="root" FSUID="root" EGID="root" SGID="root" FSGID="root"
type=EXECVE msg=audit(1772114506.401:2113): argc=8 a0="/usr/bin/mariadb" a1="--defaults-extra-file=/etc/mysql/debian.cnf" a2="--skip-column-names" a3="--silent" a4="--batch" a5="--force" a6="-e" a7=73656C65637420636F756E74282A2920696E746F2040646973636172642066726F6D20606D7973716C602E6068656C705F63617465676F727960
type=PATH msg=audit(1772114506.401:2113): item=0 name="/usr/bin/mariadb" inode=1498967 dev=08:02 mode=0100755 ouid=0 ogid=0 rdev=00:00 nametype=NORMAL cap_fp=0 cap_fi=0 cap_fe=0 cap_fver=0 cap_frootid=0OUID="root" OGID="root"
type=PATH msg=audit(1772114506.401:2113): item=1 name="/lib64/ld-linux-x86-64.so.2" inode=1481429 dev=08:02 mode=0100755 ouid=0 ogid=0 rdev=00:00 nametype=NORMAL cap_fp=0 cap_fi=0 cap_fe=0 cap_fver=0 cap_frootid=0OUID="root" OGID="root"
type=PROCTITLE msg=audit(1772114506.401:2113): proctitle=2F7573722F62696E2F6D617269616462002D2D64656661756C74732D65787472612D66696C653D2F6574632F6D7973716C2F64656269616E2E636E66002D2D736B69702D636F6C756D6E2D6E616D6573002D2D73696C656E74002D2D6261746368002D2D666F726365002D650073656C65637420636F756E74282A2920696E74
type=SYSCALL msg=audit(1772114506.479:2114): arch=c000003e syscall=59 success=yes exit=0 a0=7dbe1f0a2010 a1=59000b3758a0 a2=7ffc09f075c0 a3=0 items=2 ppid=1801 pid=1814 auid=4294967295 uid=0 gid=0 euid=0 suid=0 fsuid=0 egid=0 sgid=0 fsgid=0 tty=(none) ses=4294967295 comm="mariadb" exe="/usr/bin/mariadb" subj=unconfined key="T1078_Valid_Accounts"ARCH=x86_64 SYSCALL=execve AUID="unset" UID="root" GID="root" EUID="root" SUID="root" FSUID="root" EGID="root" SGID="root" FSGID="root"
type=EXECVE msg=audit(1772114506.479:2114): argc=8 a0="/usr/bin/mariadb" a1="--defaults-extra-file=/etc/mysql/debian.cnf" a2="--skip-column-names" a3="--silent" a4="--batch" a5="--force" a6="-e" a7=73656C65637420636F756E74282A2920696E746F2040646973636172642066726F6D20606D7973716C602E6070726F63735F7072697660
type=PATH msg=audit(1772114506.479:2114): item=0 name="/usr/bin/mariadb" inode=1498967 dev=08:02 mode=0100755 ouid=0 ogid=0 rdev=00:00 nametype=NORMAL cap_fp=0 cap_fi=0 cap_fe=0 cap_fver=0 cap_frootid=0OUID="root" OGID="root"
type=PATH msg=audit(1772114506.479:2114): item=1 name="/lib64/ld-linux-x86-64.so.2" inode=1481429 dev=08:02 mode=0100755 ouid=0 ogid=0 rdev=00:00 nametype=NORMAL cap_fp=0 cap_fi=0 cap_fe=0 cap_fver=0 cap_frootid=0OUID="root" OGID="root"
type=PROCTITLE msg=audit(1772114506.479:2114): proctitle=2F7573722F62696E2F6D617269616462002D2D64656661756C74732D65787472612D66696C653D2F6574632F6D7973716C2F64656269616E2E636E66002D2D736B69702D636F6C756D6E2D6E616D6573002D2D73696C656E74002D2D6261746368002D2D666F726365002D650073656C65637420636F756E74282A2920696E74
type=SYSCALL msg=audit(1772114506.552:2115): arch=c000003e syscall=59 success=yes exit=0 a0=7dbe1f0a2010 a1=59000b3758a0 a2=7ffc09f075c0 a3=0 items=2 ppid=1801 pid=1815 auid=4294967295 uid=0 gid=0 euid=0 suid=0 fsuid=0 egid=0 sgid=0 fsgid=0 tty=(none) ses=4294967295 comm="mariadb" exe="/usr/bin/mariadb" subj=unconfined key="T1078_Valid_Accounts"ARCH=x86_64 SYSCALL=execve AUID="unset" UID="root" GID="root" EUID="root" SUID="root" FSUID="root" EGID="root" SGID="root" FSGID="root"
type=EXECVE msg=audit(1772114506.552:2115): argc=8 a0="/usr/bin/mariadb" a1="--defaults-extra-file=/etc/mysql/debian.cnf" a2="--skip-column-names" a3="--silent" a4="--batch" a5="--force" a6="-e" a7=73656C65637420636F756E74282A2920696E746F2040646973636172642066726F6D20606D7973716C602E6074696D655F7A6F6E6560
type=PATH msg=audit(1772114506.552:2115): item=0 name="/usr/bin/mariadb" inode=1498967 dev=08:02 mode=0100755 ouid=0 ogid=0 rdev=00:00 nametype=NORMAL cap_fp=0 cap_fi=0 cap_fe=0 cap_fver=0 cap_frootid=0OUID="root" OGID="root"
type=PATH msg=audit(1772114506.552:2115): item=1 name="/lib64/ld-linux-x86-64.so.2" inode=1481429 dev=08:02 mode=0100755 ouid=0 ogid=0 rdev=00:00 nametype=NORMAL cap_fp=0 cap_fi=0 cap_fe=0 cap_fver=0 cap_frootid=0OUID="root" OGID="root"
type=PROCTITLE msg=audit(1772114506.552:2115): proctitle=2F7573722F62696E2F6D617269616462002D2D64656661756C74732D65787472612D66696C653D2F6574632F6D7973716C2F64656269616E2E636E66002D2D736B69702D636F6C756D6E2D6E616D6573002D2D73696C656E74002D2D6261746368002D2D666F726365002D650073656C65637420636F756E74282A2920696E74
type=SYSCALL msg=audit(1772114506.626:2116): arch=c000003e syscall=59 success=yes exit=0 a0=7dbe1f0a2010 a1=59000b3758a0 a2=7ffc09f075c0 a3=0 items=2 ppid=1801 pid=1816 auid=4294967295 uid=0 gid=0 euid=0 suid=0 fsuid=0 egid=0 sgid=0 fsgid=0 tty=(none) ses=4294967295 comm="mariadb" exe="/usr/bin/mariadb" subj=unconfined key="T1078_Valid_Accounts"ARCH=x86_64 SYSCALL=execve AUID="unset" UID="root" GID="root" EUID="root" SUID="root" FSUID="root" EGID="root" SGID="root" FSGID="root"
type=EXECVE msg=audit(1772114506.626:2116): argc=8 a0="/usr/bin/mariadb" a1="--defaults-extra-file=/etc/mysql/debian.cnf" a2="--skip-column-names" a3="--silent" a4="--batch" a5="--force" a6="-e" a7=73656C65637420636F756E74282A2920696E746F2040646973636172642066726F6D20606D7973716C602E606576656E7460
type=PATH msg=audit(1772114506.626:2116): item=0 name="/usr/bin/mariadb" inode=1498967 dev=08:02 mode=0100755 ouid=0 ogid=0 rdev=00:00 nametype=NORMAL cap_fp=0 cap_fi=0 cap_fe=0 cap_fver=0 cap_frootid=0OUID="root" OGID="root"
type=PATH msg=audit(1772114506.626:2116): item=1 name="/lib64/ld-linux-x86-64.so.2" inode=1481429 dev=08:02 mode=0100755 ouid=0 ogid=0 rdev=00:00 nametype=NORMAL cap_fp=0 cap_fi=0 cap_fe=0 cap_fver=0 cap_frootid=0OUID="root" OGID="root"
type=PROCTITLE msg=audit(1772114506.626:2116): proctitle=2F7573722F62696E2F6D617269616462002D2D64656661756C74732D65787472612D66696C653D2F6574632F6D7973716C2F64656269616E2E636E66002D2D736B69702D636F6C756D6E2D6E616D6573002D2D73696C656E74002D2D6261746368002D2D666F726365002D650073656C65637420636F756E74282A2920696E74
type=SYSCALL msg=audit(1772114506.685:2117): arch=c000003e syscall=59 success=yes exit=0 a0=7dbe1f0a2010 a1=59000b3758a0 a2=7ffc09f075c0 a3=0 items=2 ppid=1801 pid=1817 auid=4294967295 uid=0 gid=0 euid=0 suid=0 fsuid=0 egid=0 sgid=0 fsgid=0 tty=(none) ses=4294967295 comm="mariadb" exe="/usr/bin/mariadb" subj=unconfined key="T1078_Valid_Accounts"ARCH=x86_64 SYSCALL=execve AUID="unset" UID="root" GID="root" EUID="root" SUID="root" FSUID="root" EGID="root" SGID="root" FSGID="root"
type=EXECVE msg=audit(1772114506.685:2117): argc=8 a0="/usr/bin/mariadb" a1="--defaults-extra-file=/etc/mysql/debian.cnf" a2="--skip-column-names" a3="--silent" a4="--batch" a5="--force" a6="-e" a7=73656C65637420636F756E74282A2920696E746F2040646973636172642066726F6D20606D7973716C602E60636F6C756D6E5F737461747360
type=PATH msg=audit(1772114506.685:2117): item=0 name="/usr/bin/mariadb" inode=1498967 dev=08:02 mode=0100755 ouid=0 ogid=0 rdev=00:00 nametype=NORMAL cap_fp=0 cap_fi=0 cap_fe=0 cap_fver=0 cap_frootid=0OUID="root" OGID="root"
type=PATH msg=audit(1772114506.685:2117): item=1 name="/lib64/ld-linux-x86-64.so.2" inode=1481429 dev=08:02 mode=0100755 ouid=0 ogid=0 rdev=00:00 nametype=NORMAL cap_fp=0 cap_fi=0 cap_fe=0 cap_fver=0 cap_frootid=0OUID="root" OGID="root"
type=PROCTITLE msg=audit(1772114506.685:2117): proctitle=2F7573722F62696E2F6D617269616462002D2D64656661756C74732D65787472612D66696C653D2F6574632F6D7973716C2F64656269616E2E636E66002D2D736B69702D636F6C756D6E2D6E616D6573002D2D73696C656E74002D2D6261746368002D2D666F726365002D650073656C65637420636F756E74282A2920696E74
type=SYSCALL msg=audit(1772114506.727:2118): arch=c000003e syscall=59 success=yes exit=0 a0=7dbe1f0a2010 a1=59000b3758a0 a2=7ffc09f075c0 a3=0 items=2 ppid=1801 pid=1818 auid=4294967295 uid=0 gid=0 euid=0 suid=0 fsuid=0 egid=0 sgid=0 fsgid=0 tty=(none) ses=4294967295 comm="mariadb" exe="/usr/bin/mariadb" subj=unconfined key="T1078_Valid_Accounts"ARCH=x86_64 SYSCALL=execve AUID="unset" UID="root" GID="root" EUID="root" SUID="root" FSUID="root" EGID="root" SGID="root" FSGID="root"
type=EXECVE msg=audit(1772114506.727:2118): argc=8 a0="/usr/bin/mariadb" a1="--defaults-extra-file=/etc/mysql/debian.cnf" a2="--skip-column-names" a3="--silent" a4="--batch" a5="--force" a6="-e" a7=73656C65637420636F756E74282A2920696E746F2040646973636172642066726F6D20606D7973716C602E6074696D655F7A6F6E655F7472616E736974696F6E60
type=PATH msg=audit(1772114506.727:2118): item=0 name="/usr/bin/mariadb" inode=1498967 dev=08:02 mode=0100755 ouid=0 ogid=0 rdev=00:00 nametype=NORMAL cap_fp=0 cap_fi=0 cap_fe=0 cap_fver=0 cap_frootid=0OUID="root" OGID="root"
type=PATH msg=audit(1772114506.727:2118): item=1 name="/lib64/ld-linux-x86-64.so.2" inode=1481429 dev=08:02 mode=0100755 ouid=0 ogid=0 rdev=00:00 nametype=NORMAL cap_fp=0 cap_fi=0 cap_fe=0 cap_fver=0 cap_frootid=0OUID="root" OGID="root"
type=PROCTITLE msg=audit(1772114506.727:2118): proctitle=2F7573722F62696E2F6D617269616462002D2D64656661756C74732D65787472612D66696C653D2F6574632F6D7973716C2F64656269616E2E636E66002D2D736B69702D636F6C756D6E2D6E616D6573002D2D73696C656E74002D2D6261746368002D2D666F726365002D650073656C65637420636F756E74282A2920696E74
type=SYSCALL msg=audit(1772114506.756:2119): arch=c000003e syscall=59 success=yes exit=0 a0=7dbe1f0a2010 a1=59000b3758a0 a2=7ffc09f075c0 a3=0 items=2 ppid=1801 pid=1819 auid=4294967295 uid=0 gid=0 euid=0 suid=0 fsuid=0 egid=0 sgid=0 fsgid=0 tty=(none) ses=4294967295 comm="mariadb" exe="/usr/bin/mariadb" subj=unconfined key="T1078_Valid_Accounts"ARCH=x86_64 SYSCALL=execve AUID="unset" UID="root" GID="root" EUID="root" SUID="root" FSUID="root" EGID="root" SGID="root" FSGID="root"
type=EXECVE msg=audit(1772114506.756:2119): argc=8 a0="/usr/bin/mariadb" a1="--defaults-extra-file=/etc/mysql/debian.cnf" a2="--skip-column-names" a3="--silent" a4="--batch" a5="--force" a6="-e" a7=73656C65637420636F756E74282A2920696E746F2040646973636172642066726F6D20606D7973716C602E6070726F6360
type=PATH msg=audit(1772114506.756:2119): item=0 name="/usr/bin/mariadb" inode=1498967 dev=08:02 mode=0100755 ouid=0 ogid=0 rdev=00:00 nametype=NORMAL cap_fp=0 cap_fi=0 cap_fe=0 cap_fver=0 cap_frootid=0OUID="root" OGID="root"
type=PATH msg=audit(1772114506.756:2119): item=1 name="/lib64/ld-linux-x86-64.so.2" inode=1481429 dev=08:02 mode=0100755 ouid=0 ogid=0 rdev=00:00 nametype=NORMAL cap_fp=0 cap_fi=0 cap_fe=0 cap_fver=0 cap_frootid=0OUID="root" OGID="root"
type=PROCTITLE msg=audit(1772114506.756:2119): proctitle=2F7573722F62696E2F6D617269616462002D2D64656661756C74732D65787472612D66696C653D2F6574632F6D7973716C2F64656269616E2E636E66002D2D736B69702D636F6C756D6E2D6E616D6573002D2D73696C656E74002D2D6261746368002D2D666F726365002D650073656C65637420636F756E74282A2920696E74
type=SYSCALL msg=audit(1772114506.784:2120): arch=c000003e syscall=59 success=yes exit=0 a0=7dbe1f0a2010 a1=59000b3758a0 a2=7ffc09f075c0 a3=0 items=2 ppid=1801 pid=1820 auid=4294967295 uid=0 gid=0 euid=0 suid=0 fsuid=0 egid=0 sgid=0 fsgid=0 tty=(none) ses=4294967295 comm="mariadb" exe="/usr/bin/mariadb" subj=unconfined key="T1078_Valid_Accounts"ARCH=x86_64 SYSCALL=execve AUID="unset" UID="root" GID="root" EUID="root" SUID="root" FSUID="root" EGID="root" SGID="root" FSGID="root"
type=EXECVE msg=audit(1772114506.784:2120): argc=8 a0="/usr/bin/mariadb" a1="--defaults-extra-file=/etc/mysql/debian.cnf" a2="--skip-column-names" a3="--silent" a4="--batch" a5="--force" a6="-e" a7=73656C65637420636F756E74282A2920696E746F2040646973636172642066726F6D20606D7973716C602E607461626C655F737461747360
type=PATH msg=audit(1772114506.784:2120): item=0 name="/usr/bin/mariadb" inode=1498967 dev=08:02 mode=0100755 ouid=0 ogid=0 rdev=00:00 nametype=NORMAL cap_fp=0 cap_fi=0 cap_fe=0 cap_fver=0 cap_frootid=0OUID="root" OGID="root"
type=PATH msg=audit(1772114506.784:2120): item=1 name="/lib64/ld-linux-x86-64.so.2" inode=1481429 dev=08:02 mode=0100755 ouid=0 ogid=0 rdev=00:00 nametype=NORMAL cap_fp=0 cap_fi=0 cap_fe=0 cap_fver=0 cap_frootid=0OUID="root" OGID="root"
type=PROCTITLE msg=audit(1772114506.784:2120): proctitle=2F7573722F62696E2F6D617269616462002D2D64656661756C74732D65787472612D66696C653D2F6574632F6D7973716C2F64656269616E2E636E66002D2D736B69702D636F6C756D6E2D6E616D6573002D2D73696C656E74002D2D6261746368002D2D666F726365002D650073656C65637420636F756E74282A2920696E74
type=SYSCALL msg=audit(1772114506.812:2121): arch=c000003e syscall=59 success=yes exit=0 a0=7dbe1f0a2010 a1=59000b3758a0 a2=7ffc09f075c0 a3=0 items=2 ppid=1801 pid=1821 auid=4294967295 uid=0 gid=0 euid=0 suid=0 fsuid=0 egid=0 sgid=0 fsgid=0 tty=(none) ses=4294967295 comm="mariadb" exe="/usr/bin/mariadb" subj=unconfined key="T1078_Valid_Accounts"ARCH=x86_64 SYSCALL=execve AUID="unset" UID="root" GID="root" EUID="root" SUID="root" FSUID="root" EGID="root" SGID="root" FSGID="root"
type=EXECVE msg=audit(1772114506.812:2121): argc=8 a0="/usr/bin/mariadb" a1="--defaults-extra-file=/etc/mysql/debian.cnf" a2="--skip-column-names" a3="--silent" a4="--batch" a5="--force" a6="-e" a7=73656C65637420636F756E74282A2920696E746F2040646973636172642066726F6D20606D7973716C602E60636F6C756D6E735F7072697660
type=PATH msg=audit(1772114506.812:2121): item=0 name="/usr/bin/mariadb" inode=1498967 dev=08:02 mode=0100755 ouid=0 ogid=0 rdev=00:00 nametype=NORMAL cap_fp=0 cap_fi=0 cap_fe=0 cap_fver=0 cap_frootid=0OUID="root" OGID="root"
type=PATH msg=audit(1772114506.812:2121): item=1 name="/lib64/ld-linux-x86-64.so.2" inode=1481429 dev=08:02 mode=0100755 ouid=0 ogid=0 rdev=00:00 nametype=NORMAL cap_fp=0 cap_fi=0 cap_fe=0 cap_fver=0 cap_frootid=0OUID="root" OGID="root"
type=PROCTITLE msg=audit(1772114506.812:2121): proctitle=2F7573722F62696E2F6D617269616462002D2D64656661756C74732D65787472612D66696C653D2F6574632F6D7973716C2F64656269616E2E636E66002D2D736B69702D636F6C756D6E2D6E616D6573002D2D73696C656E74002D2D6261746368002D2D666F726365002D650073656C65637420636F756E74282A2920696E74
type=SYSCALL msg=audit(1772114506.851:2122): arch=c000003e syscall=59 success=yes exit=0 a0=7dbe1f0a2010 a1=59000b3758a0 a2=7ffc09f075c0 a3=0 items=2 ppid=1801 pid=1822 auid=4294967295 uid=0 gid=0 euid=0 suid=0 fsuid=0 egid=0 sgid=0 fsgid=0 tty=(none) ses=4294967295 comm="mariadb" exe="/usr/bin/mariadb" subj=unconfined key="T1078_Valid_Accounts"ARCH=x86_64 SYSCALL=execve AUID="unset" UID="root" GID="root" EUID="root" SUID="root" FSUID="root" EGID="root" SGID="root" FSGID="root"
type=EXECVE msg=audit(1772114506.851:2122): argc=8 a0="/usr/bin/mariadb" a1="--defaults-extra-file=/etc/mysql/debian.cnf" a2="--skip-column-names" a3="--silent" a4="--batch" a5="--force" a6="-e" a7=73656C65637420636F756E74282A2920696E746F2040646973636172642066726F6D20606D7973716C602E6070726F786965735F7072697660
type=PATH msg=audit(1772114506.851:2122): item=0 name="/usr/bin/mariadb" inode=1498967 dev=08:02 mode=0100755 ouid=0 ogid=0 rdev=00:00 nametype=NORMAL cap_fp=0 cap_fi=0 cap_fe=0 cap_fver=0 cap_frootid=0OUID="root" OGID="root"
type=PATH msg=audit(1772114506.851:2122): item=1 name="/lib64/ld-linux-x86-64.so.2" inode=1481429 dev=08:02 mode=0100755 ouid=0 ogid=0 rdev=00:00 nametype=NORMAL cap_fp=0 cap_fi=0 cap_fe=0 cap_fver=0 cap_frootid=0OUID="root" OGID="root"
type=PROCTITLE msg=audit(1772114506.851:2122): proctitle=2F7573722F62696E2F6D617269616462002D2D64656661756C74732D65787472612D66696C653D2F6574632F6D7973716C2F64656269616E2E636E66002D2D736B69702D636F6C756D6E2D6E616D6573002D2D73696C656E74002D2D6261746368002D2D666F726365002D650073656C65637420636F756E74282A2920696E74
type=SYSCALL msg=audit(1772114506.884:2123): arch=c000003e syscall=59 success=yes exit=0 a0=7dbe1f0a2010 a1=59000b3758a0 a2=7ffc09f075c0 a3=0 items=2 ppid=1801 pid=1823 auid=4294967295 uid=0 gid=0 euid=0 suid=0 fsuid=0 egid=0 sgid=0 fsgid=0 tty=(none) ses=4294967295 comm="mariadb" exe="/usr/bin/mariadb" subj=unconfined key="T1078_Valid_Accounts"ARCH=x86_64 SYSCALL=execve AUID="unset" UID="root" GID="root" EUID="root" SUID="root" FSUID="root" EGID="root" SGID="root" FSGID="root"
type=EXECVE msg=audit(1772114506.884:2123): argc=8 a0="/usr/bin/mariadb" a1="--defaults-extra-file=/etc/mysql/debian.cnf" a2="--skip-column-names" a3="--silent" a4="--batch" a5="--force" a6="-e" a7=73656C65637420636F756E74282A2920696E746F2040646973636172642066726F6D20606D7973716C602E60696E6465785F737461747360
type=PATH msg=audit(1772114506.884:2123): item=0 name="/usr/bin/mariadb" inode=1498967 dev=08:02 mode=0100755 ouid=0 ogid=0 rdev=00:00 nametype=NORMAL cap_fp=0 cap_fi=0 cap_fe=0 cap_fver=0 cap_frootid=0OUID="root" OGID="root"
type=PATH msg=audit(1772114506.884:2123): item=1 name="/lib64/ld-linux-x86-64.so.2" inode=1481429 dev=08:02 mode=0100755 ouid=0 ogid=0 rdev=00:00 nametype=NORMAL cap_fp=0 cap_fi=0 cap_fe=0 cap_fver=0 cap_frootid=0OUID="root" OGID="root"
type=PROCTITLE msg=audit(1772114506.884:2123): proctitle=2F7573722F62696E2F6D617269616462002D2D64656661756C74732D65787472612D66696C653D2F6574632F6D7973716C2F64656269616E2E636E66002D2D736B69702D636F6C756D6E2D6E616D6573002D2D73696C656E74002D2D6261746368002D2D666F726365002D650073656C65637420636F756E74282A2920696E74
type=SYSCALL msg=audit(1772114506.924:2124): arch=c000003e syscall=59 success=yes exit=0 a0=7dbe1f0a2010 a1=59000b3758a0 a2=7ffc09f075c0 a3=0 items=2 ppid=1801 pid=1824 auid=4294967295 uid=0 gid=0 euid=0 suid=0 fsuid=0 egid=0 sgid=0 fsgid=0 tty=(none) ses=4294967295 comm="mariadb" exe="/usr/bin/mariadb" subj=unconfined key="T1078_Valid_Accounts"ARCH=x86_64 SYSCALL=execve AUID="unset" UID="root" GID="root" EUID="root" SUID="root" FSUID="root" EGID="root" SGID="root" FSGID="root"
type=EXECVE msg=audit(1772114506.924:2124): argc=8 a0="/usr/bin/mariadb" a1="--defaults-extra-file=/etc/mysql/debian.cnf" a2="--skip-column-names" a3="--silent" a4="--batch" a5="--force" a6="-e" a7=73656C65637420636F756E74282A2920696E746F2040646973636172642066726F6D20606D7973716C602E607461626C65735F7072697660
type=PATH msg=audit(1772114506.924:2124): item=0 name="/usr/bin/mariadb" inode=1498967 dev=08:02 mode=0100755 ouid=0 ogid=0 rdev=00:00 nametype=NORMAL cap_fp=0 cap_fi=0 cap_fe=0 cap_fver=0 cap_frootid=0OUID="root" OGID="root"
type=PATH msg=audit(1772114506.924:2124): item=1 name="/lib64/ld-linux-x86-64.so.2" inode=1481429 dev=08:02 mode=0100755 ouid=0 ogid=0 rdev=00:00 nametype=NORMAL cap_fp=0 cap_fi=0 cap_fe=0 cap_fver=0 cap_frootid=0OUID="root" OGID="root"
type=PROCTITLE msg=audit(1772114506.924:2124): proctitle=2F7573722F62696E2F6D617269616462002D2D64656661756C74732D65787472612D66696C653D2F6574632F6D7973716C2F64656269616E2E636E66002D2D736B69702D636F6C756D6E2D6E616D6573002D2D73696C656E74002D2D6261746368002D2D666F726365002D650073656C65637420636F756E74282A2920696E74
type=SYSCALL msg=audit(1772114506.954:2125): arch=c000003e syscall=59 success=yes exit=0 a0=7dbe1f0a2010 a1=59000b3758a0 a2=7ffc09f075c0 a3=0 items=2 ppid=1801 pid=1825 auid=4294967295 uid=0 gid=0 euid=0 suid=0 fsuid=0 egid=0 sgid=0 fsgid=0 tty=(none) ses=4294967295 comm="mariadb" exe="/usr/bin/mariadb" subj=unconfined key="T1078_Valid_Accounts"ARCH=x86_64 SYSCALL=execve AUID="unset" UID="root" GID="root" EUID="root" SUID="root" FSUID="root" EGID="root" SGID="root" FSGID="root"
type=EXECVE msg=audit(1772114506.954:2125): argc=8 a0="/usr/bin/mariadb" a1="--defaults-extra-file=/etc/mysql/debian.cnf" a2="--skip-column-names" a3="--silent" a4="--batch" a5="--force" a6="-e" a7=73656C65637420636F756E74282A2920696E746F2040646973636172642066726F6D20606D7973716C602E6068656C705F72656C6174696F6E60
type=PATH msg=audit(1772114506.954:2125): item=0 name="/usr/bin/mariadb" inode=1498967 dev=08:02 mode=0100755 ouid=0 ogid=0 rdev=00:00 nametype=NORMAL cap_fp=0 cap_fi=0 cap_fe=0 cap_fver=0 cap_frootid=0OUID="root" OGID="root"
type=PATH msg=audit(1772114506.954:2125): item=1 name="/lib64/ld-linux-x86-64.so.2" inode=1481429 dev=08:02 mode=0100755 ouid=0 ogid=0 rdev=00:00 nametype=NORMAL cap_fp=0 cap_fi=0 cap_fe=0 cap_fver=0 cap_frootid=0OUID="root" OGID="root"
type=PROCTITLE msg=audit(1772114506.954:2125): proctitle=2F7573722F62696E2F6D617269616462002D2D64656661756C74732D65787472612D66696C653D2F6574632F6D7973716C2F64656269616E2E636E66002D2D736B69702D636F6C756D6E2D6E616D6573002D2D73696C656E74002D2D6261746368002D2D666F726365002D650073656C65637420636F756E74282A2920696E74
type=SYSCALL msg=audit(1772114506.994:2126): arch=c000003e syscall=59 success=yes exit=0 a0=7dbe1f0a2010 a1=59000b3758a0 a2=7ffc09f075c0 a3=0 items=2 ppid=1801 pid=1826 auid=4294967295 uid=0 gid=0 euid=0 suid=0 fsuid=0 egid=0 sgid=0 fsgid=0 tty=(none) ses=4294967295 comm="mariadb" exe="/usr/bin/mariadb" subj=unconfined key="T1078_Valid_Accounts"ARCH=x86_64 SYSCALL=execve AUID="unset" UID="root" GID="root" EUID="root" SUID="root" FSUID="root" EGID="root" SGID="root" FSGID="root"
type=EXECVE msg=audit(1772114506.994:2126): argc=8 a0="/usr/bin/mariadb" a1="--defaults-extra-file=/etc/mysql/debian.cnf" a2="--skip-column-names" a3="--silent" a4="--batch" a5="--force" a6="-e" a7=73656C65637420636F756E74282A2920696E746F2040646973636172642066726F6D2060737973602E607379735F636F6E66696760
type=PATH msg=audit(1772114506.994:2126): item=0 name="/usr/bin/mariadb" inode=1498967 dev=08:02 mode=0100755 ouid=0 ogid=0 rdev=00:00 nametype=NORMAL cap_fp=0 cap_fi=0 cap_fe=0 cap_fver=0 cap_frootid=0OUID="root" OGID="root"
type=PATH msg=audit(1772114506.994:2126): item=1 name="/lib64/ld-linux-x86-64.so.2" inode=1481429 dev=08:02 mode=0100755 ouid=0 ogid=0 rdev=00:00 nametype=NORMAL cap_fp=0 cap_fi=0 cap_fe=0 cap_fver=0 cap_frootid=0OUID="root" OGID="root"
type=PROCTITLE msg=audit(1772114506.994:2126): proctitle=2F7573722F62696E2F6D617269616462002D2D64656661756C74732D65787472612D66696C653D2F6574632F6D7973716C2F64656269616E2E636E66002D2D736B69702D636F6C756D6E2D6E616D6573002D2D73696C656E74002D2D6261746368002D2D666F726365002D650073656C65637420636F756E74282A2920696E74
type=SYSCALL msg=audit(1772114507.030:2127): arch=c000003e syscall=59 success=yes exit=0 a0=594e43cc2640 a1=594e43cc2c00 a2=594e43cb11e0 a3=594e43cc2c00 items=2 ppid=1781 pid=1827 auid=4294967295 uid=0 gid=0 euid=0 suid=0 fsuid=0 egid=0 sgid=0 fsgid=0 tty=(none) ses=4294967295 comm="rm" exe="/usr/bin/rm" subj=unconfined key="T1078_Valid_Accounts"ARCH=x86_64 SYSCALL=execve AUID="unset" UID="root" GID="root" EUID="root" SUID="root" FSUID="root" EGID="root" SGID="root" FSGID="root"
type=EXECVE msg=audit(1772114507.030:2127): argc=2 a0="rm" a1="/tmp/tmp.HksmWPsA0l"
type=PATH msg=audit(1772114507.030:2127): item=0 name="/usr/bin/rm" inode=1442707 dev=08:02 mode=0100755 ouid=0 ogid=0 rdev=00:00 nametype=NORMAL cap_fp=0 cap_fi=0 cap_fe=0 cap_fver=0 cap_frootid=0OUID="root" OGID="root"
type=PATH msg=audit(1772114507.030:2127): item=1 name="/lib64/ld-linux-x86-64.so.2" inode=1481429 dev=08:02 mode=0100755 ouid=0 ogid=0 rdev=00:00 nametype=NORMAL cap_fp=0 cap_fi=0 cap_fe=0 cap_fver=0 cap_frootid=0OUID="root" OGID="root"
type=PROCTITLE msg=audit(1772114507.030:2127): proctitle=726D002F746D702F746D702E486B736D57507341306C
type=SYSCALL msg=audit(1772114524.149:2128): arch=c000003e syscall=59 success=yes exit=0 a0=5fd7dab0cb10 a1=5fd7daafb5e0 a2=5fd7daa86960 a3=5fd7daaff860 items=2 ppid=1183 pid=1829 auid=1000 uid=0 gid=0 euid=0 suid=0 fsuid=0 egid=0 sgid=0 fsgid=0 tty=pts1 ses=1 comm="mariadb" exe="/usr/bin/mariadb" subj=unconfined key="T1078_Valid_Accounts"ARCH=x86_64 SYSCALL=execve AUID="vboxuser" UID="root" GID="root" EUID="root" SUID="root" FSUID="root" EGID="root" SGID="root" FSGID="root"
type=EXECVE msg=audit(1772114524.149:2128): argc=7 a0="mariadb" a1="-h" a2="localhost" a3="-u" a4="root" a5="-p" a6="wordpress"
type=PATH msg=audit(1772114524.149:2128): item=0 name="/usr/bin/mariadb" inode=1498967 dev=08:02 mode=0100755 ouid=0 ogid=0 rdev=00:00 nametype=NORMAL cap_fp=0 cap_fi=0 cap_fe=0 cap_fver=0 cap_frootid=0OUID="root" OGID="root"
type=PATH msg=audit(1772114524.149:2128): item=1 name="/lib64/ld-linux-x86-64.so.2" inode=1481429 dev=08:02 mode=0100755 ouid=0 ogid=0 rdev=00:00 nametype=NORMAL cap_fp=0 cap_fi=0 cap_fe=0 cap_fver=0 cap_frootid=0OUID="root" OGID="root"
type=PROCTITLE msg=audit(1772114524.149:2128): proctitle=6D617269616462002D68006C6F63616C686F7374002D7500726F6F74002D7000776F72647072657373
type=SYSCALL msg=audit(1772114532.217:2129): arch=c000003e syscall=91 success=yes exit=0 a0=3 a1=180 a2=56752b8e9440 a3=7709a120a1e0 items=1 ppid=1183 pid=1829 auid=1000 uid=0 gid=0 euid=0 suid=0 fsuid=0 egid=0 sgid=0 fsgid=0 tty=pts1 ses=1 comm="mariadb" exe="/usr/bin/mariadb" subj=unconfined key="T1166_Seuid_and_Setgid"ARCH=x86_64 SYSCALL=fchmod AUID="vboxuser" UID="root" GID="root" EUID="root" SUID="root" FSUID="root" EGID="root" SGID="root" FSGID="root"
type=PATH msg=audit(1772114532.217:2129): item=0 name=(null) inode=1051137 dev=08:02 mode=0100644 ouid=0 ogid=0 rdev=00:00 nametype=NORMAL cap_fp=0 cap_fi=0 cap_fe=0 cap_fver=0 cap_frootid=0OUID="root" OGID="root"
type=PROCTITLE msg=audit(1772114532.217:2129): proctitle=6D617269616462002D68006C6F63616C686F7374002D7500726F6F74002D7000776F72647072657373
type=SYSCALL msg=audit(1772114532.217:2130): arch=c000003e syscall=82 success=yes exit=0 a0=56752b9e33d8 a1=56752b8feb88 a2=10 a3=56752b8e9440 items=5 ppid=1183 pid=1829 auid=1000 uid=0 gid=0 euid=0 suid=0 fsuid=0 egid=0 sgid=0 fsgid=0 tty=pts1 ses=1 comm="mariadb" exe="/usr/bin/mariadb" subj=unconfined key="T1107_File_Deletion"ARCH=x86_64 SYSCALL=rename AUID="vboxuser" UID="root" GID="root" EUID="root" SUID="root" FSUID="root" EGID="root" SGID="root" FSGID="root"
type=PATH msg=audit(1772114532.217:2130): item=0 name="/root/" inode=1048578 dev=08:02 mode=040700 ouid=0 ogid=0 rdev=00:00 nametype=PARENT cap_fp=0 cap_fi=0 cap_fe=0 cap_fver=0 cap_frootid=0OUID="root" OGID="root"
type=PATH msg=audit(1772114532.217:2130): item=1 name="/root/" inode=1048578 dev=08:02 mode=040700 ouid=0 ogid=0 rdev=00:00 nametype=PARENT cap_fp=0 cap_fi=0 cap_fe=0 cap_fver=0 cap_frootid=0OUID="root" OGID="root"
type=PATH msg=audit(1772114532.217:2130): item=2 name="/root/.mysql_history.TMP" inode=1051137 dev=08:02 mode=0100600 ouid=0 ogid=0 rdev=00:00 nametype=DELETE cap_fp=0 cap_fi=0 cap_fe=0 cap_fver=0 cap_frootid=0OUID="root" OGID="root"
type=PATH msg=audit(1772114532.217:2130): item=3 name="/root/.mysql_history" inode=1050906 dev=08:02 mode=0100600 ouid=0 ogid=0 rdev=00:00 nametype=DELETE cap_fp=0 cap_fi=0 cap_fe=0 cap_fver=0 cap_frootid=0OUID="root" OGID="root"
type=PATH msg=audit(1772114532.217:2130): item=4 name="/root/.mysql_history" inode=1051137 dev=08:02 mode=0100600 ouid=0 ogid=0 rdev=00:00 nametype=CREATE cap_fp=0 cap_fi=0 cap_fe=0 cap_fver=0 cap_frootid=0OUID="root" OGID="root"
type=PROCTITLE msg=audit(1772114532.217:2130): proctitle=6D617269616462002D68006C6F63616C686F7374002D7500726F6F74002D7000776F72647072657373
type=SYSCALL msg=audit(1772114536.093:2131): arch=c000003e syscall=59 success=yes exit=0 a0=5fd7da9a9560 a1=5fd7daafb5e0 a2=5fd7daa86960 a3=5fd7dab01ad0 items=2 ppid=1183 pid=1830 auid=1000 uid=0 gid=0 euid=0 suid=0 fsuid=0 egid=0 sgid=0 fsgid=0 tty=pts1 ses=1 comm="mariadb" exe="/usr/bin/mariadb" subj=unconfined key="T1078_Valid_Accounts"ARCH=x86_64 SYSCALL=execve AUID="vboxuser" UID="root" GID="root" EUID="root" SUID="root" FSUID="root" EGID="root" SGID="root" FSGID="root"
type=EXECVE msg=audit(1772114536.093:2131): argc=7 a0="mariadb" a1="-h" a2="localhost" a3="-u" a4="wp_admin" a5="-p" a6="wordpress"
type=PATH msg=audit(1772114536.093:2131): item=0 name="/usr/bin/mariadb" inode=1498967 dev=08:02 mode=0100755 ouid=0 ogid=0 rdev=00:00 nametype=NORMAL cap_fp=0 cap_fi=0 cap_fe=0 cap_fver=0 cap_frootid=0OUID="root" OGID="root"
type=PATH msg=audit(1772114536.093:2131): item=1 name="/lib64/ld-linux-x86-64.so.2" inode=1481429 dev=08:02 mode=0100755 ouid=0 ogid=0 rdev=00:00 nametype=NORMAL cap_fp=0 cap_fi=0 cap_fe=0 cap_fver=0 cap_frootid=0OUID="root" OGID="root"
type=PROCTITLE msg=audit(1772114536.093:2131): proctitle=6D617269616462002D68006C6F63616C686F7374002D750077705F61646D696E002D7000776F72647072657373
type=SYSCALL msg=audit(1772114563.959:2132): arch=c000003e syscall=59 success=yes exit=0 a0=7ffe6f2b4e50 a1=7ffe6f2b4e70 a2=7ffe6f2b5978 a3=8 items=2 ppid=1 pid=1831 auid=4294967295 uid=0 gid=0 euid=0 suid=0 fsuid=0 egid=0 sgid=0 fsgid=0 tty=(none) ses=4294967295 comm="9" exe="/usr/lib/systemd/systemd-executor" subj=unconfined key="T1078_Valid_Accounts"ARCH=x86_64 SYSCALL=execve AUID="unset" UID="root" GID="root" EUID="root" SUID="root" FSUID="root" EGID="root" SGID="root" FSGID="root"
type=EXECVE msg=audit(1772114563.959:2132): argc=7 a0="/usr/lib/systemd/systemd-executor" a1="--deserialize" a2="98" a3="--log-level" a4="info" a5="--log-target" a6="journal-or-kmsg"
type=PATH msg=audit(1772114563.959:2132): item=0 name="/proc/self/fd/9" inode=1463834 dev=08:02 mode=0100755 ouid=0 ogid=0 rdev=00:00 nametype=NORMAL cap_fp=0 cap_fi=0 cap_fe=0 cap_fver=0 cap_frootid=0OUID="root" OGID="root"
type=PATH msg=audit(1772114563.959:2132): item=1 name="/lib64/ld-linux-x86-64.so.2" inode=1481429 dev=08:02 mode=0100755 ouid=0 ogid=0 rdev=00:00 nametype=NORMAL cap_fp=0 cap_fi=0 cap_fe=0 cap_fver=0 cap_frootid=0OUID="root" OGID="root"
type=PROCTITLE msg=audit(1772114563.959:2132): proctitle=2F7573722F6C69622F73797374656D642F73797374656D642D6578656375746F72002D2D646573657269616C697A65003938002D2D6C6F672D6C6576656C00696E666F002D2D6C6F672D746172676574006A6F75726E616C2D6F722D6B6D7367
type=SYSCALL msg=audit(1772114563.973:2133): arch=c000003e syscall=42 success=yes exit=0 a0=4 a1=7fffc9e3da40 a2=1e a3=7fffc9e3daf0 items=1 ppid=1 pid=1831 auid=4294967295 uid=0 gid=0 euid=0 suid=0 fsuid=0 egid=0 sgid=0 fsgid=0 tty=(none) ses=4294967295 comm="9" exe="/usr/lib/systemd/systemd-executor" subj=unconfined key="T1043_Commonly_Used_Port"ARCH=x86_64 SYSCALL=connect AUID="unset" UID="root" GID="root" EUID="root" SUID="root" FSUID="root" EGID="root" SGID="root" FSGID="root"
type=SOCKADDR msg=audit(1772114563.973:2133): saddr=01002F72756E2F73797374656D642F6A6F75726E616C2F736F636B657400SADDR={ saddr_fam=local path=/run/systemd/journal/socket }
type=PATH msg=audit(1772114563.973:2133): item=0 name="/run/systemd/journal/socket" inode=455 dev=00:18 mode=0140666 ouid=0 ogid=0 rdev=00:00 nametype=NORMAL cap_fp=0 cap_fi=0 cap_fe=0 cap_fver=0 cap_frootid=0OUID="root" OGID="root"
type=PROCTITLE msg=audit(1772114563.973:2133): proctitle=2F7573722F6C69622F73797374656D642F73797374656D642D6578656375746F72002D2D646573657269616C697A65003938002D2D6C6F672D6C6576656C00696E666F002D2D6C6F672D746172676574006A6F75726E616C2D6F722D6B6D7367
type=SYSCALL msg=audit(1772114565.405:2134): arch=c000003e syscall=42 success=yes exit=0 a0=3 a1=7fffc9e3d5c0 a2=1e a3=fffffff7 items=1 ppid=1 pid=1831 auid=4294967295 uid=0 gid=0 euid=0 suid=0 fsuid=0 egid=0 sgid=0 fsgid=0 tty=(none) ses=4294967295 comm="(fstrim)" exe="/usr/lib/systemd/systemd-executor" subj=unconfined key="T1043_Commonly_Used_Port"ARCH=x86_64 SYSCALL=connect AUID="unset" UID="root" GID="root" EUID="root" SUID="root" FSUID="root" EGID="root" SGID="root" FSGID="root"
type=SOCKADDR msg=audit(1772114565.405:2134): saddr=01002F72756E2F73797374656D642F6A6F75726E616C2F7374646F757400SADDR={ saddr_fam=local path=/run/systemd/journal/stdout }
type=PATH msg=audit(1772114565.405:2134): item=0 name="/run/systemd/journal/stdout" inode=456 dev=00:18 mode=0140666 ouid=0 ogid=0 rdev=00:00 nametype=NORMAL cap_fp=0 cap_fi=0 cap_fe=0 cap_fver=0 cap_frootid=0OUID="root" OGID="root"
type=PROCTITLE msg=audit(1772114565.405:2134): proctitle=2F7573722F6C69622F73797374656D642F73797374656D642D6578656375746F72002D2D646573657269616C697A65003938002D2D6C6F672D6C6576656C00696E666F002D2D6C6F672D746172676574006A6F75726E616C2D6F722D6B6D7367
type=SYSCALL msg=audit(1772114565.408:2135): arch=c000003e syscall=59 success=yes exit=0 a0=58eff2d543d0 a1=58eff2d81e90 a2=58eff2d44990 a3=58eff2d47c00 items=2 ppid=1 pid=1831 auid=4294967295 uid=0 gid=0 euid=0 suid=0 fsuid=0 egid=0 sgid=0 fsgid=0 tty=(none) ses=4294967295 comm="fstrim" exe="/usr/sbin/fstrim" subj=unconfined key="T1078_Valid_Accounts"ARCH=x86_64 SYSCALL=execve AUID="unset" UID="root" GID="root" EUID="root" SUID="root" FSUID="root" EGID="root" SGID="root" FSGID="root"
type=BPRM_FCAPS msg=audit(1772114565.408:2135): fver=0 fp=0 fi=0 fe=0 old_pp=000001ffffffffff old_pi=0 old_pe=000001ffffffffff old_pa=0 pp=000001fffffeffff pi=0 pe=000001fffffeffff pa=0 frootid=0
type=EXECVE msg=audit(1772114565.408:2135): argc=5 a0="/sbin/fstrim" a1="--listed-in" a2="/etc/fstab:/proc/self/mountinfo" a3="--verbose" a4="--quiet-unsupported"
type=PATH msg=audit(1772114565.408:2135): item=0 name="/sbin/fstrim" inode=1448560 dev=08:02 mode=0100755 ouid=0 ogid=0 rdev=00:00 nametype=NORMAL cap_fp=0 cap_fi=0 cap_fe=0 cap_fver=0 cap_frootid=0OUID="root" OGID="root"
type=PATH msg=audit(1772114565.408:2135): item=1 name="/lib64/ld-linux-x86-64.so.2" inode=1481429 dev=08:02 mode=0100755 ouid=0 ogid=0 rdev=00:00 nametype=NORMAL cap_fp=0 cap_fi=0 cap_fe=0 cap_fver=0 cap_frootid=0OUID="root" OGID="root"
type=PROCTITLE msg=audit(1772114565.408:2135): proctitle=2F7573722F6C69622F73797374656D642F73797374656D642D6578656375746F72002D2D646573657269616C697A65003938002D2D6C6F672D6C6576656C00696E666F002D2D6C6F672D746172676574006A6F75726E616C2D6F722D6B6D7367
type=SERVICE_START msg=audit(1772114565.489:2136): pid=1 uid=0 auid=4294967295 ses=4294967295 subj=unconfined msg='unit=fstrim comm="systemd" exe="/usr/lib/systemd/systemd" hostname=? addr=? terminal=? res=success'UID="root" AUID="unset"
type=SERVICE_STOP msg=audit(1772114565.489:2137): pid=1 uid=0 auid=4294967295 ses=4294967295 subj=unconfined msg='unit=fstrim comm="systemd" exe="/usr/lib/systemd/systemd" hostname=? addr=? terminal=? res=success'UID="root" AUID="unset"
type=SYSCALL msg=audit(1772114576.213:2138): arch=c000003e syscall=59 success=yes exit=0 a0=55f9fe5a6a60 a1=55f9fe55faf0 a2=55f9fe460cc0 a3=55f9fe47ce70 items=2 ppid=1425 pid=1834 auid=1000 uid=0 gid=0 euid=0 suid=0 fsuid=0 egid=0 sgid=0 fsgid=0 tty=pts3 ses=4 comm="tail" exe="/usr/bin/tail" subj=unconfined key="T1078_Valid_Accounts"ARCH=x86_64 SYSCALL=execve AUID="vboxuser" UID="root" GID="root" EUID="root" SUID="root" FSUID="root" EGID="root" SGID="root" FSGID="root"
type=EXECVE msg=audit(1772114576.213:2138): argc=4 a0="tail" a1="-c" a2="+10421148" a3="/var/www/nextcloud/data/nextcloud.log"
type=PATH msg=audit(1772114576.213:2138): item=0 name="/usr/bin/tail" inode=1442904 dev=08:02 mode=0100755 ouid=0 ogid=0 rdev=00:00 nametype=NORMAL cap_fp=0 cap_fi=0 cap_fe=0 cap_fver=0 cap_frootid=0OUID="root" OGID="root"
type=PATH msg=audit(1772114576.213:2138): item=1 name="/lib64/ld-linux-x86-64.so.2" inode=1481429 dev=08:02 mode=0100755 ouid=0 ogid=0 rdev=00:00 nametype=NORMAL cap_fp=0 cap_fi=0 cap_fe=0 cap_fver=0 cap_frootid=0OUID="root" OGID="root"
type=PROCTITLE msg=audit(1772114576.213:2138): proctitle=7461696C002D63002B3130343231313438002F7661722F7777772F6E657874636C6F75642F646174612F6E657874636C6F75642E6C6F67
type=SYSCALL msg=audit(1772114576.345:2139): arch=c000003e syscall=59 success=yes exit=0 a0=55f9fe5a6b20 a1=55f9fe47c7d0 a2=55f9fe460cc0 a3=55f9fe5a65f0 items=2 ppid=1425 pid=1835 auid=1000 uid=0 gid=0 euid=0 suid=0 fsuid=0 egid=0 sgid=0 fsgid=0 tty=pts3 ses=4 comm="tail" exe="/usr/bin/tail" subj=unconfined key="T1078_Valid_Accounts"ARCH=x86_64 SYSCALL=execve AUID="vboxuser" UID="root" GID="root" EUID="root" SUID="root" FSUID="root" EGID="root" SGID="root" FSGID="root"
type=EXECVE msg=audit(1772114576.345:2139): argc=4 a0="tail" a1="-c" a2="+120360" a3="/var/log/syslog"
type=PATH msg=audit(1772114576.345:2139): item=0 name="/usr/bin/tail" inode=1442904 dev=08:02 mode=0100755 ouid=0 ogid=0 rdev=00:00 nametype=NORMAL cap_fp=0 cap_fi=0 cap_fe=0 cap_fver=0 cap_frootid=0OUID="root" OGID="root"
type=PATH msg=audit(1772114576.345:2139): item=1 name="/lib64/ld-linux-x86-64.so.2" inode=1481429 dev=08:02 mode=0100755 ouid=0 ogid=0 rdev=00:00 nametype=NORMAL cap_fp=0 cap_fi=0 cap_fe=0 cap_fver=0 cap_frootid=0OUID="root" OGID="root"
type=PROCTITLE msg=audit(1772114576.345:2139): proctitle=7461696C002D63002B313230333630002F7661722F6C6F672F7379736C6F67
type=SYSCALL msg=audit(1772114576.432:2140): arch=c000003e syscall=59 success=yes exit=0 a0=55f9fe53fe90 a1=55f9fe47c7d0 a2=55f9fe460cc0 a3=55f9fe5a6c20 items=2 ppid=1425 pid=1836 auid=1000 uid=0 gid=0 euid=0 suid=0 fsuid=0 egid=0 sgid=0 fsgid=0 tty=pts3 ses=4 comm="tail" exe="/usr/bin/tail" subj=unconfined key="T1078_Valid_Accounts"ARCH=x86_64 SYSCALL=execve AUID="vboxuser" UID="root" GID="root" EUID="root" SUID="root" FSUID="root" EGID="root" SGID="root" FSGID="root"
type=EXECVE msg=audit(1772114576.432:2140): argc=4 a0="tail" a1="-c" a2="+5138" a3="/var/log/auth.log"
type=PATH msg=audit(1772114576.432:2140): item=0 name="/usr/bin/tail" inode=1442904 dev=08:02 mode=0100755 ouid=0 ogid=0 rdev=00:00 nametype=NORMAL cap_fp=0 cap_fi=0 cap_fe=0 cap_fver=0 cap_frootid=0OUID="root" OGID="root"
type=PATH msg=audit(1772114576.432:2140): item=1 name="/lib64/ld-linux-x86-64.so.2" inode=1481429 dev=08:02 mode=0100755 ouid=0 ogid=0 rdev=00:00 nametype=NORMAL cap_fp=0 cap_fi=0 cap_fe=0 cap_fver=0 cap_frootid=0OUID="root" OGID="root"
type=PROCTITLE msg=audit(1772114576.432:2140): proctitle=7461696C002D63002B35313338002F7661722F6C6F672F617574682E6C6F67
type=SYSCALL msg=audit(1772114576.501:2141): arch=c000003e syscall=59 success=yes exit=0 a0=55f9fe53fe50 a1=55f9fe55faf0 a2=55f9fe460cc0 a3=55f9fe5a6c60 items=2 ppid=1425 pid=1837 auid=1000 uid=0 gid=0 euid=0 suid=0 fsuid=0 egid=0 sgid=0 fsgid=0 tty=pts3 ses=4 comm="tail" exe="/usr/bin/tail" subj=unconfined key="T1078_Valid_Accounts"ARCH=x86_64 SYSCALL=execve AUID="vboxuser" UID="root" GID="root" EUID="root" SUID="root" FSUID="root" EGID="root" SGID="root" FSGID="root"
type=EXECVE msg=audit(1772114576.501:2141): argc=4 a0="tail" a1="-c" a2="+179588808" a3="/var/log/audit/audit.log"
type=PATH msg=audit(1772114576.501:2141): item=0 name="/usr/bin/tail" inode=1442904 dev=08:02 mode=0100755 ouid=0 ogid=0 rdev=00:00 nametype=NORMAL cap_fp=0 cap_fi=0 cap_fe=0 cap_fver=0 cap_frootid=0OUID="root" OGID="root"
type=PATH msg=audit(1772114576.501:2141): item=1 name="/lib64/ld-linux-x86-64.so.2" inode=1481429 dev=08:02 mode=0100755 ouid=0 ogid=0 rdev=00:00 nametype=NORMAL cap_fp=0 cap_fi=0 cap_fe=0 cap_fver=0 cap_frootid=0OUID="root" OGID="root"
type=PROCTITLE msg=audit(1772114576.501:2141): proctitle=7461696C002D63002B313739353838383038002F7661722F6C6F672F61756469742F61756469742E6C6F67
type=SYSCALL msg=audit(1772114576.506:2142): arch=c000003e syscall=257 success=yes exit=3 a0=ffffff9c a1=7ffe5ef0e6c3 a2=0 a3=0 items=1 ppid=1425 pid=1837 auid=1000 uid=0 gid=0 euid=0 suid=0 fsuid=0 egid=0 sgid=0 fsgid=0 tty=pts3 ses=4 comm="tail" exe="/usr/bin/tail" subj=unconfined key="auditlog"ARCH=x86_64 SYSCALL=openat AUID="vboxuser" UID="root" GID="root" EUID="root" SUID="root" FSUID="root" EGID="root" SGID="root" FSGID="root"
type=PATH msg=audit(1772114576.506:2142): item=0 name="/var/log/audit/audit.log" inode=659339 dev=08:02 mode=0100640 ouid=0 ogid=4 rdev=00:00 nametype=NORMAL cap_fp=0 cap_fi=0 cap_fe=0 cap_fver=0 cap_frootid=0OUID="root" OGID="adm"
type=PROCTITLE msg=audit(1772114576.506:2142): proctitle=7461696C002D63002B313739353838383038002F7661722F6C6F672F61756469742F61756469742E6C6F67