type=SYSCALL msg=audit(1768169854.196:1731): arch=c000003e syscall=106 success=yes exit=0 a0=21 a1=792d89ec74a0 a2=0 a3=22 items=0 ppid=1055 pid=1416 auid=4294967295 uid=0 gid=33 euid=0 suid=0 fsuid=0 egid=33 sgid=33 fsgid=33 tty=(none) ses=4294967295 comm="apache2" exe="/usr/sbin/apache2" subj=unconfined key="T1166_Seuid_and_Setgid"ARCH=x86_64 SYSCALL=setgid AUID="unset" UID="root" GID="www-data" EUID="root" SUID="root" FSUID="root" EGID="www-data" SGID="www-data" FSGID="www-data"
type=PROCTITLE msg=audit(1768169854.196:1731): proctitle=2F7573722F7362696E2F61706163686532002D6B007374617274
type=SYSCALL msg=audit(1768169854.198:1732): arch=c000003e syscall=42 success=yes exit=0 a0=c a1=7ffc84f32310 a2=2d a3=5e779c1b0310 items=1 ppid=1055 pid=1416 auid=4294967295 uid=0 gid=33 euid=0 suid=0 fsuid=0 egid=33 sgid=33 fsgid=33 tty=(none) ses=4294967295 comm="apache2" exe="/usr/sbin/apache2" subj=unconfined key="T1043_Commonly_Used_Port"ARCH=x86_64 SYSCALL=connect AUID="unset" UID="root" GID="www-data" EUID="root" SUID="root" FSUID="root" EGID="www-data" SGID="www-data" FSGID="www-data"
type=SOCKADDR msg=audit(1768169854.198:1732): saddr=01002F72756E2F73797374656D642F7573657264622F696F2E73797374656D642E44796E616D69635573657200SADDR={ saddr_fam=local path=/run/systemd/userdb/io.systemd.DynamicUser }
type=PATH msg=audit(1768169854.198:1732): item=0 name="/run/systemd/userdb/io.systemd.DynamicUser" inode=437 dev=00:18 mode=0140666 ouid=0 ogid=0 rdev=00:00 nametype=NORMAL cap_fp=0 cap_fi=0 cap_fe=0 cap_fver=0 cap_frootid=0OUID="root" OGID="root"
type=PROCTITLE msg=audit(1768169854.198:1732): proctitle=2F7573722F7362696E2F61706163686532002D6B007374617274
type=SYSCALL msg=audit(1768169854.202:1733): arch=c000003e syscall=105 success=yes exit=0 a0=21 a1=5e779c027ec0 a2=5e727b62c9f7 a3=5e779c027ed0 items=0 ppid=1055 pid=1416 auid=4294967295 uid=33 gid=33 euid=33 suid=33 fsuid=33 egid=33 sgid=33 fsgid=33 tty=(none) ses=4294967295 comm="apache2" exe="/usr/sbin/apache2" subj=unconfined key="T1166_Seuid_and_Setgid"ARCH=x86_64 SYSCALL=setuid AUID="unset" UID="www-data" GID="www-data" EUID="www-data" SUID="www-data" FSUID="www-data" EGID="www-data" SGID="www-data" FSGID="www-data"
type=PROCTITLE msg=audit(1768169854.202:1733): proctitle=2F7573722F7362696E2F61706163686532002D6B007374617274
type=SERVICE_STOP msg=audit(1768169866.131:1734): pid=1 uid=0 auid=4294967295 ses=4294967295 subj=unconfined msg='unit=systemd-hostnamed comm="systemd" exe="/usr/lib/systemd/systemd" hostname=? addr=? terminal=? res=success'UID="root" AUID="unset"
type=BPF msg=audit(1768169866.167:1735): prog-id=21 op=UNLOAD
type=BPF msg=audit(1768169866.167:1736): prog-id=20 op=UNLOAD
type=BPF msg=audit(1768169866.167:1737): prog-id=19 op=UNLOAD
type=SYSCALL msg=audit(1768169867.351:1738): arch=c000003e syscall=42 success=yes exit=0 a0=d a1=701edf0abd8c a2=10 a3=701edf0a31b4 items=0 ppid=1 pid=463 auid=4294967295 uid=997 gid=997 euid=997 suid=997 fsuid=997 egid=997 sgid=997 fsgid=997 tty=(none) ses=4294967295 comm="sd-resolve" exe="/usr/lib/systemd/systemd-timesyncd" subj=unconfined key="T1043_Commonly_Used_Port"ARCH=x86_64 SYSCALL=connect AUID="unset" UID="systemd-timesync" GID="systemd-timesync" EUID="systemd-timesync" SUID="systemd-timesync" FSUID="systemd-timesync" EGID="systemd-timesync" SGID="systemd-timesync" FSGID="systemd-timesync"
type=SOCKADDR msg=audit(1768169867.351:1738): saddr=020000357F0000350000000000000000SADDR={ saddr_fam=inet laddr=127.0.0.53 lport=53 }
type=PROCTITLE msg=audit(1768169867.351:1738): proctitle="/usr/lib/systemd/systemd-timesyncd"
type=SYSCALL msg=audit(1768169867.392:1739): arch=c000003e syscall=59 success=yes exit=0 a0=5a02a35fb8d0 a1=5a02a34b63c0 a2=5a02a34b5cc0 a3=5a02a34b63c0 items=2 ppid=1401 pid=1420 auid=1000 uid=0 gid=0 euid=0 suid=0 fsuid=0 egid=0 sgid=0 fsgid=0 tty=pts1 ses=3 comm="systemctl" exe="/usr/bin/systemctl" subj=unconfined key="T1078_Valid_Accounts"ARCH=x86_64 SYSCALL=execve AUID="vboxuser" UID="root" GID="root" EUID="root" SUID="root" FSUID="root" EGID="root" SGID="root" FSGID="root"
type=EXECVE msg=audit(1768169867.392:1739): argc=3 a0="systemctl" a1="status" a2="apache2"
type=PATH msg=audit(1768169867.392:1739): item=0 name="/usr/bin/systemctl" inode=1461475 dev=08:02 mode=0100755 ouid=0 ogid=0 rdev=00:00 nametype=NORMAL cap_fp=0 cap_fi=0 cap_fe=0 cap_fver=0 cap_frootid=0OUID="root" OGID="root"
type=PATH msg=audit(1768169867.392:1739): item=1 name="/lib64/ld-linux-x86-64.so.2" inode=1481429 dev=08:02 mode=0100755 ouid=0 ogid=0 rdev=00:00 nametype=NORMAL cap_fp=0 cap_fi=0 cap_fe=0 cap_fver=0 cap_frootid=0OUID="root" OGID="root"
type=PROCTITLE msg=audit(1768169867.392:1739): proctitle=73797374656D63746C007374617475730061706163686532
type=SYSCALL msg=audit(1768169867.397:1740): arch=c000003e syscall=42 success=yes exit=0 a0=3 a1=5d5fcd095ac8 a2=17 a3=7ffd80fbda34 items=1 ppid=1401 pid=1420 auid=1000 uid=0 gid=0 euid=0 suid=0 fsuid=0 egid=0 sgid=0 fsgid=0 tty=pts1 ses=3 comm="systemctl" exe="/usr/bin/systemctl" subj=unconfined key="T1043_Commonly_Used_Port"ARCH=x86_64 SYSCALL=connect AUID="vboxuser" UID="root" GID="root" EUID="root" SUID="root" FSUID="root" EGID="root" SGID="root" FSGID="root"
type=SOCKADDR msg=audit(1768169867.397:1740): saddr=01002F72756E2F73797374656D642F7072697661746500SADDR={ saddr_fam=local path=/run/systemd/private }
type=PATH msg=audit(1768169867.397:1740): item=0 name="/run/systemd/private" inode=435 dev=00:18 mode=0140700 ouid=0 ogid=0 rdev=00:00 nametype=NORMAL cap_fp=0 cap_fi=0 cap_fe=0 cap_fver=0 cap_frootid=0OUID="root" OGID="root"
type=PROCTITLE msg=audit(1768169867.397:1740): proctitle=73797374656D63746C007374617475730061706163686532
type=SYSCALL msg=audit(1768169867.450:1741): arch=c000003e syscall=42 success=yes exit=0 a0=d a1=701ed8000f40 a2=1c a3=0 items=0 ppid=1 pid=463 auid=4294967295 uid=997 gid=997 euid=997 suid=997 fsuid=997 egid=997 sgid=997 fsgid=997 tty=(none) ses=4294967295 comm="sd-resolve" exe="/usr/lib/systemd/systemd-timesyncd" subj=unconfined key="T1043_Commonly_Used_Port"ARCH=x86_64 SYSCALL=connect AUID="unset" UID="systemd-timesync" GID="systemd-timesync" EUID="systemd-timesync" SUID="systemd-timesync" FSUID="systemd-timesync" EGID="systemd-timesync" SGID="systemd-timesync" FSGID="systemd-timesync"
type=SOCKADDR msg=audit(1768169867.450:1741): saddr=0A00007B000000002A0063C1000E0117000000000000000200000000SADDR={ saddr_fam=inet6 laddr=2a00:63c1:e:117::2 lport=123 }
type=PROCTITLE msg=audit(1768169867.450:1741): proctitle="/usr/lib/systemd/systemd-timesyncd"
type=SYSCALL msg=audit(1768169867.450:1742): arch=c000003e syscall=42 success=yes exit=0 a0=d a1=701edf0a50a0 a2=10 a3=0 items=0 ppid=1 pid=463 auid=4294967295 uid=997 gid=997 euid=997 suid=997 fsuid=997 egid=997 sgid=997 fsgid=997 tty=(none) ses=4294967295 comm="sd-resolve" exe="/usr/lib/systemd/systemd-timesyncd" subj=unconfined key="T1043_Commonly_Used_Port"ARCH=x86_64 SYSCALL=connect AUID="unset" UID="systemd-timesync" GID="systemd-timesync" EUID="systemd-timesync" SUID="systemd-timesync" FSUID="systemd-timesync" EGID="systemd-timesync" SGID="systemd-timesync" FSGID="systemd-timesync"
type=SOCKADDR msg=audit(1768169867.450:1742): saddr=00000000000000000000000000000000SADDR=unknown-family(0)
type=PROCTITLE msg=audit(1768169867.450:1742): proctitle="/usr/lib/systemd/systemd-timesyncd"
type=SYSCALL msg=audit(1768169867.450:1743): arch=c000003e syscall=42 success=yes exit=0 a0=d a1=701ed8000fa0 a2=1c a3=0 items=0 ppid=1 pid=463 auid=4294967295 uid=997 gid=997 euid=997 suid=997 fsuid=997 egid=997 sgid=997 fsgid=997 tty=(none) ses=4294967295 comm="sd-resolve" exe="/usr/lib/systemd/systemd-timesyncd" subj=unconfined key="T1043_Commonly_Used_Port"ARCH=x86_64 SYSCALL=connect AUID="unset" UID="systemd-timesync" GID="systemd-timesync" EUID="systemd-timesync" SUID="systemd-timesync" FSUID="systemd-timesync" EGID="systemd-timesync" SGID="systemd-timesync" FSGID="systemd-timesync"
type=SOCKADDR msg=audit(1768169867.450:1743): saddr=0A00007B000000002A0DF30201010357000000000000000100000000SADDR={ saddr_fam=inet6 laddr=2a0d:f302:101:357::1 lport=123 }
type=PROCTITLE msg=audit(1768169867.450:1743): proctitle="/usr/lib/systemd/systemd-timesyncd"
type=SYSCALL msg=audit(1768169867.450:1744): arch=c000003e syscall=42 success=yes exit=0 a0=d a1=701edf0a50a0 a2=10 a3=0 items=0 ppid=1 pid=463 auid=4294967295 uid=997 gid=997 euid=997 suid=997 fsuid=997 egid=997 sgid=997 fsgid=997 tty=(none) ses=4294967295 comm="sd-resolve" exe="/usr/lib/systemd/systemd-timesyncd" subj=unconfined key="T1043_Commonly_Used_Port"ARCH=x86_64 SYSCALL=connect AUID="unset" UID="systemd-timesync" GID="systemd-timesync" EUID="systemd-timesync" SUID="systemd-timesync" FSUID="systemd-timesync" EGID="systemd-timesync" SGID="systemd-timesync" FSGID="systemd-timesync"
type=SOCKADDR msg=audit(1768169867.450:1744): saddr=00000000000000000000000000000000SADDR=unknown-family(0)
type=PROCTITLE msg=audit(1768169867.450:1744): proctitle="/usr/lib/systemd/systemd-timesyncd"
type=SYSCALL msg=audit(1768169867.450:1745): arch=c000003e syscall=42 success=yes exit=0 a0=d a1=701ed8001000 a2=1c a3=0 items=0 ppid=1 pid=463 auid=4294967295 uid=997 gid=997 euid=997 suid=997 fsuid=997 egid=997 sgid=997 fsgid=997 tty=(none) ses=4294967295 comm="sd-resolve" exe="/usr/lib/systemd/systemd-timesyncd" subj=unconfined key="T1043_Commonly_Used_Port"ARCH=x86_64 SYSCALL=connect AUID="unset" UID="systemd-timesync" GID="systemd-timesync" EUID="systemd-timesync" SUID="systemd-timesync" FSUID="systemd-timesync" EGID="systemd-timesync" SGID="systemd-timesync" FSGID="systemd-timesync"
type=SOCKADDR msg=audit(1768169867.450:1745): saddr=0A00007B000000002A02174800001500000300000000200500000000SADDR={ saddr_fam=inet6 laddr=2a02:1748:0:1500:3::2005 lport=123 }
type=PROCTITLE msg=audit(1768169867.450:1745): proctitle="/usr/lib/systemd/systemd-timesyncd"
type=SYSCALL msg=audit(1768169867.450:1746): arch=c000003e syscall=42 success=yes exit=0 a0=d a1=701edf0a50a0 a2=10 a3=0 items=0 ppid=1 pid=463 auid=4294967295 uid=997 gid=997 euid=997 suid=997 fsuid=997 egid=997 sgid=997 fsgid=997 tty=(none) ses=4294967295 comm="sd-resolve" exe="/usr/lib/systemd/systemd-timesyncd" subj=unconfined key="T1043_Commonly_Used_Port"ARCH=x86_64 SYSCALL=connect AUID="unset" UID="systemd-timesync" GID="systemd-timesync" EUID="systemd-timesync" SUID="systemd-timesync" FSUID="systemd-timesync" EGID="systemd-timesync" SGID="systemd-timesync" FSGID="systemd-timesync"
type=SOCKADDR msg=audit(1768169867.450:1746): saddr=00000000000000000000000000000000SADDR=unknown-family(0)
type=PROCTITLE msg=audit(1768169867.450:1746): proctitle="/usr/lib/systemd/systemd-timesyncd"
type=SYSCALL msg=audit(1768169867.450:1747): arch=c000003e syscall=42 success=yes exit=0 a0=d a1=701ed8001060 a2=1c a3=0 items=0 ppid=1 pid=463 auid=4294967295 uid=997 gid=997 euid=997 suid=997 fsuid=997 egid=997 sgid=997 fsgid=997 tty=(none) ses=4294967295 comm="sd-resolve" exe="/usr/lib/systemd/systemd-timesyncd" subj=unconfined key="T1043_Commonly_Used_Port"ARCH=x86_64 SYSCALL=connect AUID="unset" UID="systemd-timesync" GID="systemd-timesync" EUID="systemd-timesync" SUID="systemd-timesync" FSUID="systemd-timesync" EGID="systemd-timesync" SGID="systemd-timesync" FSGID="systemd-timesync"
type=SOCKADDR msg=audit(1768169867.450:1747): saddr=0A00007B000000002A02174800001900000100000000008200000000SADDR={ saddr_fam=inet6 laddr=2a02:1748:0:1900:1::82 lport=123 }
type=PROCTITLE msg=audit(1768169867.450:1747): proctitle="/usr/lib/systemd/systemd-timesyncd"
type=SYSCALL msg=audit(1768169867.450:1748): arch=c000003e syscall=42 success=yes exit=0 a0=d a1=701edf0a50a0 a2=10 a3=0 items=0 ppid=1 pid=463 auid=4294967295 uid=997 gid=997 euid=997 suid=997 fsuid=997 egid=997 sgid=997 fsgid=997 tty=(none) ses=4294967295 comm="sd-resolve" exe="/usr/lib/systemd/systemd-timesyncd" subj=unconfined key="T1043_Commonly_Used_Port"ARCH=x86_64 SYSCALL=connect AUID="unset" UID="systemd-timesync" GID="systemd-timesync" EUID="systemd-timesync" SUID="systemd-timesync" FSUID="systemd-timesync" EGID="systemd-timesync" SGID="systemd-timesync" FSGID="systemd-timesync"
type=SOCKADDR msg=audit(1768169867.450:1748): saddr=00000000000000000000000000000000SADDR=unknown-family(0)
type=PROCTITLE msg=audit(1768169867.450:1748): proctitle="/usr/lib/systemd/systemd-timesyncd"
type=SYSCALL msg=audit(1768169867.450:1749): arch=c000003e syscall=42 success=yes exit=0 a0=d a1=701ed80010c0 a2=10 a3=0 items=0 ppid=1 pid=463 auid=4294967295 uid=997 gid=997 euid=997 suid=997 fsuid=997 egid=997 sgid=997 fsgid=997 tty=(none) ses=4294967295 comm="sd-resolve" exe="/usr/lib/systemd/systemd-timesyncd" subj=unconfined key="T1043_Commonly_Used_Port"ARCH=x86_64 SYSCALL=connect AUID="unset" UID="systemd-timesync" GID="systemd-timesync" EUID="systemd-timesync" SUID="systemd-timesync" FSUID="systemd-timesync" EGID="systemd-timesync" SGID="systemd-timesync" FSGID="systemd-timesync"
type=SOCKADDR msg=audit(1768169867.450:1749): saddr=0200007B2E669D430000000000000000SADDR={ saddr_fam=inet laddr=46.102.157.67 lport=123 }
type=PROCTITLE msg=audit(1768169867.450:1749): proctitle="/usr/lib/systemd/systemd-timesyncd"
type=SYSCALL msg=audit(1768169867.450:1750): arch=c000003e syscall=42 success=yes exit=0 a0=d a1=701edf0a50a0 a2=10 a3=0 items=0 ppid=1 pid=463 auid=4294967295 uid=997 gid=997 euid=997 suid=997 fsuid=997 egid=997 sgid=997 fsgid=997 tty=(none) ses=4294967295 comm="sd-resolve" exe="/usr/lib/systemd/systemd-timesyncd" subj=unconfined key="T1043_Commonly_Used_Port"ARCH=x86_64 SYSCALL=connect AUID="unset" UID="systemd-timesync" GID="systemd-timesync" EUID="systemd-timesync" SUID="systemd-timesync" FSUID="systemd-timesync" EGID="systemd-timesync" SGID="systemd-timesync" FSGID="systemd-timesync"
type=SOCKADDR msg=audit(1768169867.450:1750): saddr=00000000000000000000000000000000SADDR=unknown-family(0)
type=PROCTITLE msg=audit(1768169867.450:1750): proctitle="/usr/lib/systemd/systemd-timesyncd"
type=SYSCALL msg=audit(1768169867.450:1751): arch=c000003e syscall=42 success=yes exit=0 a0=d a1=701ed8001110 a2=10 a3=0 items=0 ppid=1 pid=463 auid=4294967295 uid=997 gid=997 euid=997 suid=997 fsuid=997 egid=997 sgid=997 fsgid=997 tty=(none) ses=4294967295 comm="sd-resolve" exe="/usr/lib/systemd/systemd-timesyncd" subj=unconfined key="T1043_Commonly_Used_Port"ARCH=x86_64 SYSCALL=connect AUID="unset" UID="systemd-timesync" GID="systemd-timesync" EUID="systemd-timesync" SUID="systemd-timesync" FSUID="systemd-timesync" EGID="systemd-timesync" SGID="systemd-timesync" FSGID="systemd-timesync"
type=SOCKADDR msg=audit(1768169867.450:1751): saddr=0200007B563B717C0000000000000000SADDR={ saddr_fam=inet laddr=86.59.113.124 lport=123 }
type=PROCTITLE msg=audit(1768169867.450:1751): proctitle="/usr/lib/systemd/systemd-timesyncd"
type=SYSCALL msg=audit(1768169867.450:1752): arch=c000003e syscall=42 success=yes exit=0 a0=d a1=701edf0a50a0 a2=10 a3=0 items=0 ppid=1 pid=463 auid=4294967295 uid=997 gid=997 euid=997 suid=997 fsuid=997 egid=997 sgid=997 fsgid=997 tty=(none) ses=4294967295 comm="sd-resolve" exe="/usr/lib/systemd/systemd-timesyncd" subj=unconfined key="T1043_Commonly_Used_Port"ARCH=x86_64 SYSCALL=connect AUID="unset" UID="systemd-timesync" GID="systemd-timesync" EUID="systemd-timesync" SUID="systemd-timesync" FSUID="systemd-timesync" EGID="systemd-timesync" SGID="systemd-timesync" FSGID="systemd-timesync"
type=SOCKADDR msg=audit(1768169867.450:1752): saddr=00000000000000000000000000000000SADDR=unknown-family(0)
type=PROCTITLE msg=audit(1768169867.450:1752): proctitle="/usr/lib/systemd/systemd-timesyncd"
type=SYSCALL msg=audit(1768169867.450:1753): arch=c000003e syscall=42 success=yes exit=0 a0=d a1=701ed8001160 a2=10 a3=0 items=0 ppid=1 pid=463 auid=4294967295 uid=997 gid=997 euid=997 suid=997 fsuid=997 egid=997 sgid=997 fsgid=997 tty=(none) ses=4294967295 comm="sd-resolve" exe="/usr/lib/systemd/systemd-timesyncd" subj=unconfined key="T1043_Commonly_Used_Port"ARCH=x86_64 SYSCALL=connect AUID="unset" UID="systemd-timesync" GID="systemd-timesync" EUID="systemd-timesync" SUID="systemd-timesync" FSUID="systemd-timesync" EGID="systemd-timesync" SGID="systemd-timesync" FSGID="systemd-timesync"
type=SOCKADDR msg=audit(1768169867.450:1753): saddr=0200007BB9F2B1060000000000000000SADDR={ saddr_fam=inet laddr=185.242.177.6 lport=123 }
type=PROCTITLE msg=audit(1768169867.450:1753): proctitle="/usr/lib/systemd/systemd-timesyncd"
type=SYSCALL msg=audit(1768169867.450:1754): arch=c000003e syscall=42 success=yes exit=0 a0=d a1=701edf0a50a0 a2=10 a3=0 items=0 ppid=1 pid=463 auid=4294967295 uid=997 gid=997 euid=997 suid=997 fsuid=997 egid=997 sgid=997 fsgid=997 tty=(none) ses=4294967295 comm="sd-resolve" exe="/usr/lib/systemd/systemd-timesyncd" subj=unconfined key="T1043_Commonly_Used_Port"ARCH=x86_64 SYSCALL=connect AUID="unset" UID="systemd-timesync" GID="systemd-timesync" EUID="systemd-timesync" SUID="systemd-timesync" FSUID="systemd-timesync" EGID="systemd-timesync" SGID="systemd-timesync" FSGID="systemd-timesync"
type=SOCKADDR msg=audit(1768169867.450:1754): saddr=00000000000000000000000000000000SADDR=unknown-family(0)
type=PROCTITLE msg=audit(1768169867.450:1754): proctitle="/usr/lib/systemd/systemd-timesyncd"
type=SYSCALL msg=audit(1768169867.450:1755): arch=c000003e syscall=42 success=yes exit=0 a0=d a1=701ed80011b0 a2=10 a3=0 items=0 ppid=1 pid=463 auid=4294967295 uid=997 gid=997 euid=997 suid=997 fsuid=997 egid=997 sgid=997 fsgid=997 tty=(none) ses=4294967295 comm="sd-resolve" exe="/usr/lib/systemd/systemd-timesyncd" subj=unconfined key="T1043_Commonly_Used_Port"ARCH=x86_64 SYSCALL=connect AUID="unset" UID="systemd-timesync" GID="systemd-timesync" EUID="systemd-timesync" SUID="systemd-timesync" FSUID="systemd-timesync" EGID="systemd-timesync" SGID="systemd-timesync" FSGID="systemd-timesync"
type=SOCKADDR msg=audit(1768169867.450:1755): saddr=0200007B5EC7AE590000000000000000SADDR={ saddr_fam=inet laddr=94.199.174.89 lport=123 }
type=PROCTITLE msg=audit(1768169867.450:1755): proctitle="/usr/lib/systemd/systemd-timesyncd"
type=SERVICE_STOP msg=audit(1768169869.515:1756): pid=1 uid=0 auid=4294967295 ses=4294967295 subj=unconfined msg='unit=systemd-timedated comm="systemd" exe="/usr/lib/systemd/systemd" hostname=? addr=? terminal=? res=success'UID="root" AUID="unset"
type=BPF msg=audit(1768169869.527:1757): prog-id=22 op=UNLOAD
type=BPF msg=audit(1768169869.527:1758): prog-id=24 op=UNLOAD
type=BPF msg=audit(1768169869.528:1759): prog-id=23 op=UNLOAD
type=SYSCALL msg=audit(1768169877.958:1760): arch=c000003e syscall=59 success=yes exit=0 a0=5a02a35fbb30 a1=5a02a34b63c0 a2=5a02a34b5cc0 a3=5a02a34b63c0 items=2 ppid=1401 pid=1424 auid=1000 uid=0 gid=0 euid=0 suid=0 fsuid=0 egid=0 sgid=0 fsgid=0 tty=pts1 ses=3 comm="ls" exe="/usr/bin/ls" subj=unconfined key="T1078_Valid_Accounts"ARCH=x86_64 SYSCALL=execve AUID="vboxuser" UID="root" GID="root" EUID="root" SUID="root" FSUID="root" EGID="root" SGID="root" FSGID="root"
type=EXECVE msg=audit(1768169877.958:1760): argc=4 a0="ls" a1="--color=auto" a2="-l" a3="/var/www/"
type=PATH msg=audit(1768169877.958:1760): item=0 name="/usr/bin/ls" inode=1442533 dev=08:02 mode=0100755 ouid=0 ogid=0 rdev=00:00 nametype=NORMAL cap_fp=0 cap_fi=0 cap_fe=0 cap_fver=0 cap_frootid=0OUID="root" OGID="root"
type=PATH msg=audit(1768169877.958:1760): item=1 name="/lib64/ld-linux-x86-64.so.2" inode=1481429 dev=08:02 mode=0100755 ouid=0 ogid=0 rdev=00:00 nametype=NORMAL cap_fp=0 cap_fi=0 cap_fe=0 cap_fver=0 cap_frootid=0OUID="root" OGID="root"
type=PROCTITLE msg=audit(1768169877.958:1760): proctitle=6C73002D2D636F6C6F723D6175746F002D6C002F7661722F7777772F
type=SYSCALL msg=audit(1768169886.970:1761): arch=c000003e syscall=59 success=yes exit=0 a0=5a02a35fbbd0 a1=5a02a34b63c0 a2=5a02a34b5cc0 a3=5a02a34b63c0 items=2 ppid=1401 pid=1425 auid=1000 uid=0 gid=0 euid=0 suid=0 fsuid=0 egid=0 sgid=0 fsgid=0 tty=pts1 ses=3 comm="ls" exe="/usr/bin/ls" subj=unconfined key="T1078_Valid_Accounts"ARCH=x86_64 SYSCALL=execve AUID="vboxuser" UID="root" GID="root" EUID="root" SUID="root" FSUID="root" EGID="root" SGID="root" FSGID="root"
type=EXECVE msg=audit(1768169886.970:1761): argc=4 a0="ls" a1="--color=auto" a2="-l" a3="/var/www/html/"
type=PATH msg=audit(1768169886.970:1761): item=0 name="/usr/bin/ls" inode=1442533 dev=08:02 mode=0100755 ouid=0 ogid=0 rdev=00:00 nametype=NORMAL cap_fp=0 cap_fi=0 cap_fe=0 cap_fver=0 cap_frootid=0OUID="root" OGID="root"
type=PATH msg=audit(1768169886.970:1761): item=1 name="/lib64/ld-linux-x86-64.so.2" inode=1481429 dev=08:02 mode=0100755 ouid=0 ogid=0 rdev=00:00 nametype=NORMAL cap_fp=0 cap_fi=0 cap_fe=0 cap_fver=0 cap_frootid=0OUID="root" OGID="root"
type=PROCTITLE msg=audit(1768169886.970:1761): proctitle=6C73002D2D636F6C6F723D6175746F002D6C002F7661722F7777772F68746D6C2F
type=SYSCALL msg=audit(1768169894.518:1762): arch=c000003e syscall=59 success=yes exit=0 a0=5a02a3594e90 a1=5a02a35fbc10 a2=5a02a34b5cc0 a3=1 items=2 ppid=1401 pid=1426 auid=1000 uid=0 gid=0 euid=0 suid=0 fsuid=0 egid=0 sgid=0 fsgid=0 tty=pts1 ses=3 comm="ls" exe="/usr/bin/ls" subj=unconfined key="T1078_Valid_Accounts"ARCH=x86_64 SYSCALL=execve AUID="vboxuser" UID="root" GID="root" EUID="root" SUID="root" FSUID="root" EGID="root" SGID="root" FSGID="root"
type=EXECVE msg=audit(1768169894.518:1762): argc=4 a0="ls" a1="--color=auto" a2="-l" a3="/etc/apache2/sites-enabled/"
type=PATH msg=audit(1768169894.518:1762): item=0 name="/usr/bin/ls" inode=1442533 dev=08:02 mode=0100755 ouid=0 ogid=0 rdev=00:00 nametype=NORMAL cap_fp=0 cap_fi=0 cap_fe=0 cap_fver=0 cap_frootid=0OUID="root" OGID="root"
type=PATH msg=audit(1768169894.518:1762): item=1 name="/lib64/ld-linux-x86-64.so.2" inode=1481429 dev=08:02 mode=0100755 ouid=0 ogid=0 rdev=00:00 nametype=NORMAL cap_fp=0 cap_fi=0 cap_fe=0 cap_fver=0 cap_frootid=0OUID="root" OGID="root"
type=PROCTITLE msg=audit(1768169894.518:1762): proctitle=6C73002D2D636F6C6F723D6175746F002D6C002F6574632F617061636865322F73697465732D656E61626C65642F
type=SYSCALL msg=audit(1768169905.612:1763): arch=c000003e syscall=59 success=yes exit=0 a0=5a02a35fbbb0 a1=5a02a35fb440 a2=5a02a34b5cc0 a3=5a02a35fb440 items=2 ppid=1401 pid=1427 auid=1000 uid=0 gid=0 euid=0 suid=0 fsuid=0 egid=0 sgid=0 fsgid=0 tty=pts1 ses=3 comm="cat" exe="/usr/bin/cat" subj=unconfined key="T1078_Valid_Accounts"ARCH=x86_64 SYSCALL=execve AUID="vboxuser" UID="root" GID="root" EUID="root" SUID="root" FSUID="root" EGID="root" SGID="root" FSGID="root"
type=EXECVE msg=audit(1768169905.612:1763): argc=2 a0="cat" a1="/etc/apache2/sites-enabled/nextcloud.conf"
type=PATH msg=audit(1768169905.612:1763): item=0 name="/usr/bin/cat" inode=1442301 dev=08:02 mode=0100755 ouid=0 ogid=0 rdev=00:00 nametype=NORMAL cap_fp=0 cap_fi=0 cap_fe=0 cap_fver=0 cap_frootid=0OUID="root" OGID="root"
type=PATH msg=audit(1768169905.612:1763): item=1 name="/lib64/ld-linux-x86-64.so.2" inode=1481429 dev=08:02 mode=0100755 ouid=0 ogid=0 rdev=00:00 nametype=NORMAL cap_fp=0 cap_fi=0 cap_fe=0 cap_fver=0 cap_frootid=0OUID="root" OGID="root"
type=PROCTITLE msg=audit(1768169905.612:1763): proctitle=636174002F6574632F617061636865322F73697465732D656E61626C65642F6E657874636C6F75642E636F6E66
type=SYSCALL msg=audit(1768169914.971:1764): arch=c000003e syscall=59 success=yes exit=0 a0=5a02a35fbd10 a1=5a02a35fbd50 a2=5a02a34b5cc0 a3=5a02a35fbd50 items=2 ppid=1401 pid=1428 auid=1000 uid=0 gid=0 euid=0 suid=0 fsuid=0 egid=0 sgid=0 fsgid=0 tty=pts1 ses=3 comm="ls" exe="/usr/bin/ls" subj=unconfined key="T1078_Valid_Accounts"ARCH=x86_64 SYSCALL=execve AUID="vboxuser" UID="root" GID="root" EUID="root" SUID="root" FSUID="root" EGID="root" SGID="root" FSGID="root"
type=EXECVE msg=audit(1768169914.971:1764): argc=4 a0="ls" a1="--color=auto" a2="-l" a3="/var/www/nextcloud/"
type=PATH msg=audit(1768169914.971:1764): item=0 name="/usr/bin/ls" inode=1442533 dev=08:02 mode=0100755 ouid=0 ogid=0 rdev=00:00 nametype=NORMAL cap_fp=0 cap_fi=0 cap_fe=0 cap_fver=0 cap_frootid=0OUID="root" OGID="root"
type=PATH msg=audit(1768169914.971:1764): item=1 name="/lib64/ld-linux-x86-64.so.2" inode=1481429 dev=08:02 mode=0100755 ouid=0 ogid=0 rdev=00:00 nametype=NORMAL cap_fp=0 cap_fi=0 cap_fe=0 cap_fver=0 cap_frootid=0OUID="root" OGID="root"
type=PROCTITLE msg=audit(1768169914.971:1764): proctitle=6C73002D2D636F6C6F723D6175746F002D6C002F7661722F7777772F6E657874636C6F75642F
type=SYSCALL msg=audit(1768169924.863:1765): arch=c000003e syscall=59 success=yes exit=0 a0=5a02a35fb440 a1=5a02a35fb680 a2=5a02a34b5cc0 a3=5a02a35fa9f0 items=2 ppid=1401 pid=1429 auid=1000 uid=0 gid=0 euid=0 suid=0 fsuid=0 egid=0 sgid=0 fsgid=0 tty=pts1 ses=3 comm="ls" exe="/usr/bin/ls" subj=unconfined key="T1078_Valid_Accounts"ARCH=x86_64 SYSCALL=execve AUID="vboxuser" UID="root" GID="root" EUID="root" SUID="root" FSUID="root" EGID="root" SGID="root" FSGID="root"
type=EXECVE msg=audit(1768169924.863:1765): argc=4 a0="ls" a1="--color=auto" a2="-l" a3="/var/www/html/index.html"
type=PATH msg=audit(1768169924.863:1765): item=0 name="/usr/bin/ls" inode=1442533 dev=08:02 mode=0100755 ouid=0 ogid=0 rdev=00:00 nametype=NORMAL cap_fp=0 cap_fi=0 cap_fe=0 cap_fver=0 cap_frootid=0OUID="root" OGID="root"
type=PATH msg=audit(1768169924.863:1765): item=1 name="/lib64/ld-linux-x86-64.so.2" inode=1481429 dev=08:02 mode=0100755 ouid=0 ogid=0 rdev=00:00 nametype=NORMAL cap_fp=0 cap_fi=0 cap_fe=0 cap_fver=0 cap_frootid=0OUID="root" OGID="root"
type=PROCTITLE msg=audit(1768169924.863:1765): proctitle=6C73002D2D636F6C6F723D6175746F002D6C002F7661722F7777772F68746D6C2F696E6465782E68746D6C
type=SYSCALL msg=audit(1768169935.263:1766): arch=c000003e syscall=59 success=yes exit=0 a0=5a02a35fbcd0 a1=5a02a35fbdb0 a2=5a02a34b5cc0 a3=5a02a35fbdb0 items=2 ppid=1401 pid=1430 auid=1000 uid=0 gid=0 euid=0 suid=0 fsuid=0 egid=0 sgid=0 fsgid=0 tty=pts1 ses=3 comm="cat" exe="/usr/bin/cat" subj=unconfined key="T1078_Valid_Accounts"ARCH=x86_64 SYSCALL=execve AUID="vboxuser" UID="root" GID="root" EUID="root" SUID="root" FSUID="root" EGID="root" SGID="root" FSGID="root"
type=EXECVE msg=audit(1768169935.263:1766): argc=2 a0="cat" a1="/var/www/html/index.html"
type=PATH msg=audit(1768169935.263:1766): item=0 name="/usr/bin/cat" inode=1442301 dev=08:02 mode=0100755 ouid=0 ogid=0 rdev=00:00 nametype=NORMAL cap_fp=0 cap_fi=0 cap_fe=0 cap_fver=0 cap_frootid=0OUID="root" OGID="root"
type=PATH msg=audit(1768169935.263:1766): item=1 name="/lib64/ld-linux-x86-64.so.2" inode=1481429 dev=08:02 mode=0100755 ouid=0 ogid=0 rdev=00:00 nametype=NORMAL cap_fp=0 cap_fi=0 cap_fe=0 cap_fver=0 cap_frootid=0OUID="root" OGID="root"
type=PROCTITLE msg=audit(1768169935.263:1766): proctitle=636174002F7661722F7777772F68746D6C2F696E6465782E68746D6C
type=SYSCALL msg=audit(1768169942.584:1767): arch=c000003e syscall=59 success=yes exit=0 a0=5a02a35fbec0 a1=5a02a35fbcf0 a2=5a02a34b5cc0 a3=5a02a35fbcf0 items=3 ppid=1401 pid=1431 auid=1000 uid=0 gid=0 euid=0 suid=0 fsuid=0 egid=0 sgid=0 fsgid=0 tty=pts1 ses=3 comm="a2enmod" exe="/usr/bin/perl" subj=unconfined key="T1078_Valid_Accounts"ARCH=x86_64 SYSCALL=execve AUID="vboxuser" UID="root" GID="root" EUID="root" SUID="root" FSUID="root" EGID="root" SGID="root" FSGID="root"
type=EXECVE msg=audit(1768169942.584:1767): argc=4 a0="/usr/bin/perl" a1="-w" a2="/usr/sbin/a2enmod" a3="rewrite"
type=PATH msg=audit(1768169942.584:1767): item=0 name="/usr/sbin/a2enmod" inode=1479337 dev=08:02 mode=0100755 ouid=0 ogid=0 rdev=00:00 nametype=NORMAL cap_fp=0 cap_fi=0 cap_fe=0 cap_fver=0 cap_frootid=0OUID="root" OGID="root"
type=PATH msg=audit(1768169942.584:1767): item=1 name="/usr/bin/perl" inode=1442334 dev=08:02 mode=0100755 ouid=0 ogid=0 rdev=00:00 nametype=NORMAL cap_fp=0 cap_fi=0 cap_fe=0 cap_fver=0 cap_frootid=0OUID="root" OGID="root"
type=PATH msg=audit(1768169942.584:1767): item=2 name="/lib64/ld-linux-x86-64.so.2" inode=1481429 dev=08:02 mode=0100755 ouid=0 ogid=0 rdev=00:00 nametype=NORMAL cap_fp=0 cap_fi=0 cap_fe=0 cap_fver=0 cap_frootid=0OUID="root" OGID="root"
type=PROCTITLE msg=audit(1768169942.584:1767): proctitle=2F7573722F62696E2F7065726C002D77002F7573722F7362696E2F6132656E6D6F640072657772697465
type=SYSCALL msg=audit(1768169942.694:1768): arch=c000003e syscall=59 success=yes exit=0 a0=5a9aba01f778 a1=7fff08326970 a2=5a9ad4db4cd0 a3=5a9ab9e9dd62 items=2 ppid=1431 pid=1432 auid=1000 uid=0 gid=0 euid=0 suid=0 fsuid=0 egid=0 sgid=0 fsgid=0 tty=pts1 ses=3 comm="sh" exe="/usr/bin/dash" subj=unconfined key="T1078_Valid_Accounts"ARCH=x86_64 SYSCALL=execve AUID="vboxuser" UID="root" GID="root" EUID="root" SUID="root" FSUID="root" EGID="root" SGID="root" FSGID="root"
type=EXECVE msg=audit(1768169942.694:1768): argc=3 a0="sh" a1="-c" a2=656E76202D207368202D6320272E202F6574632F617061636865322F656E767661727320262620656E7627
type=PATH msg=audit(1768169942.694:1768): item=0 name="/bin/sh" inode=1442345 dev=08:02 mode=0100755 ouid=0 ogid=0 rdev=00:00 nametype=NORMAL cap_fp=0 cap_fi=0 cap_fe=0 cap_fver=0 cap_frootid=0OUID="root" OGID="root"
type=PATH msg=audit(1768169942.694:1768): item=1 name="/lib64/ld-linux-x86-64.so.2" inode=1481429 dev=08:02 mode=0100755 ouid=0 ogid=0 rdev=00:00 nametype=NORMAL cap_fp=0 cap_fi=0 cap_fe=0 cap_fver=0 cap_frootid=0OUID="root" OGID="root"
type=PROCTITLE msg=audit(1768169942.694:1768): proctitle=7368002D6300656E76202D207368202D6320272E202F6574632F617061636865322F656E767661727320262620656E7627
type=SYSCALL msg=audit(1768169942.698:1769): arch=c000003e syscall=59 success=yes exit=0 a0=57c581743878 a1=57c581743790 a2=57c5817437c0 a3=8 items=2 ppid=1432 pid=1433 auid=1000 uid=0 gid=0 euid=0 suid=0 fsuid=0 egid=0 sgid=0 fsgid=0 tty=pts1 ses=3 comm="env" exe="/usr/bin/env" subj=unconfined key="T1078_Valid_Accounts"ARCH=x86_64 SYSCALL=execve AUID="vboxuser" UID="root" GID="root" EUID="root" SUID="root" FSUID="root" EGID="root" SGID="root" FSGID="root"
type=EXECVE msg=audit(1768169942.698:1769): argc=5 a0="env" a1="-" a2="sh" a3="-c" a4=2E202F6574632F617061636865322F656E767661727320262620656E76
type=PATH msg=audit(1768169942.698:1769): item=0 name="/usr/bin/env" inode=1442401 dev=08:02 mode=0100755 ouid=0 ogid=0 rdev=00:00 nametype=NORMAL cap_fp=0 cap_fi=0 cap_fe=0 cap_fver=0 cap_frootid=0OUID="root" OGID="root"
type=PATH msg=audit(1768169942.698:1769): item=1 name="/lib64/ld-linux-x86-64.so.2" inode=1481429 dev=08:02 mode=0100755 ouid=0 ogid=0 rdev=00:00 nametype=NORMAL cap_fp=0 cap_fi=0 cap_fe=0 cap_fver=0 cap_frootid=0OUID="root" OGID="root"
type=PROCTITLE msg=audit(1768169942.698:1769): proctitle=656E76002D007368002D63002E202F6574632F617061636865322F656E767661727320262620656E76
type=SYSCALL msg=audit(1768169942.700:1770): arch=c000003e syscall=59 success=yes exit=0 a0=7ffff38ea200 a1=7ffff38ea558 a2=6068ada983a8 a3=7e69063cdb00 items=2 ppid=1432 pid=1433 auid=1000 uid=0 gid=0 euid=0 suid=0 fsuid=0 egid=0 sgid=0 fsgid=0 tty=pts1 ses=3 comm="sh" exe="/usr/bin/dash" subj=unconfined key="T1078_Valid_Accounts"ARCH=x86_64 SYSCALL=execve AUID="vboxuser" UID="root" GID="root" EUID="root" SUID="root" FSUID="root" EGID="root" SGID="root" FSGID="root"
type=EXECVE msg=audit(1768169942.700:1770): argc=3 a0="sh" a1="-c" a2=2E202F6574632F617061636865322F656E767661727320262620656E76
type=PATH msg=audit(1768169942.700:1770): item=0 name="/bin/sh" inode=1442345 dev=08:02 mode=0100755 ouid=0 ogid=0 rdev=00:00 nametype=NORMAL cap_fp=0 cap_fi=0 cap_fe=0 cap_fver=0 cap_frootid=0OUID="root" OGID="root"
type=PATH msg=audit(1768169942.700:1770): item=1 name="/lib64/ld-linux-x86-64.so.2" inode=1481429 dev=08:02 mode=0100755 ouid=0 ogid=0 rdev=00:00 nametype=NORMAL cap_fp=0 cap_fi=0 cap_fe=0 cap_fver=0 cap_frootid=0OUID="root" OGID="root"
type=PROCTITLE msg=audit(1768169942.700:1770): proctitle=656E76002D007368002D63002E202F6574632F617061636865322F656E767661727320262620656E76
type=SYSCALL msg=audit(1768169942.703:1771): arch=c000003e syscall=59 success=yes exit=0 a0=55acdba3f620 a1=55acdba3f5c8 a2=55acdba3f5d8 a3=8 items=2 ppid=1433 pid=1434 auid=1000 uid=0 gid=0 euid=0 suid=0 fsuid=0 egid=0 sgid=0 fsgid=0 tty=pts1 ses=3 comm="env" exe="/usr/bin/env" subj=unconfined key="T1078_Valid_Accounts"ARCH=x86_64 SYSCALL=execve AUID="vboxuser" UID="root" GID="root" EUID="root" SUID="root" FSUID="root" EGID="root" SGID="root" FSGID="root"
type=EXECVE msg=audit(1768169942.703:1771): argc=1 a0="env"
type=PATH msg=audit(1768169942.703:1771): item=0 name="/usr/bin/env" inode=1442401 dev=08:02 mode=0100755 ouid=0 ogid=0 rdev=00:00 nametype=NORMAL cap_fp=0 cap_fi=0 cap_fe=0 cap_fver=0 cap_frootid=0OUID="root" OGID="root"
type=PATH msg=audit(1768169942.703:1771): item=1 name="/lib64/ld-linux-x86-64.so.2" inode=1481429 dev=08:02 mode=0100755 ouid=0 ogid=0 rdev=00:00 nametype=NORMAL cap_fp=0 cap_fi=0 cap_fe=0 cap_fver=0 cap_frootid=0OUID="root" OGID="root"
type=PROCTITLE msg=audit(1768169942.703:1771): proctitle="env"
type=SYSCALL msg=audit(1768169942.711:1772): arch=c000003e syscall=59 success=yes exit=0 a0=5a9aba01f778 a1=7fff08326970 a2=5a9ad4dcfbc0 a3=5a9ab9e9dd62 items=2 ppid=1431 pid=1435 auid=1000 uid=0 gid=0 euid=0 suid=0 fsuid=0 egid=0 sgid=0 fsgid=0 tty=pts1 ses=3 comm="sh" exe="/usr/bin/dash" subj=unconfined key="T1078_Valid_Accounts"ARCH=x86_64 SYSCALL=execve AUID="vboxuser" UID="root" GID="root" EUID="root" SUID="root" FSUID="root" EGID="root" SGID="root" FSGID="root"
type=EXECVE msg=audit(1768169942.711:1772): argc=3 a0="sh" a1="-c" a2=66696E6420222F7661722F6C69622F617061636865322F6D6F64756C6522202D747970652066202D61202D6E616D6520227265777269746522
type=PATH msg=audit(1768169942.711:1772): item=0 name="/bin/sh" inode=1442345 dev=08:02 mode=0100755 ouid=0 ogid=0 rdev=00:00 nametype=NORMAL cap_fp=0 cap_fi=0 cap_fe=0 cap_fver=0 cap_frootid=0OUID="root" OGID="root"
type=PATH msg=audit(1768169942.711:1772): item=1 name="/lib64/ld-linux-x86-64.so.2" inode=1481429 dev=08:02 mode=0100755 ouid=0 ogid=0 rdev=00:00 nametype=NORMAL cap_fp=0 cap_fi=0 cap_fe=0 cap_fver=0 cap_frootid=0OUID="root" OGID="root"
type=PROCTITLE msg=audit(1768169942.711:1772): proctitle=7368002D630066696E6420222F7661722F6C69622F617061636865322F6D6F64756C6522202D747970652066202D61202D6E616D6520227265777269746522
type=SYSCALL msg=audit(1768169942.715:1773): arch=c000003e syscall=59 success=yes exit=0 a0=5e6dd0617a20 a1=5e6dd06178f8 a2=5e6dd0617938 a3=8 items=2 ppid=1435 pid=1436 auid=1000 uid=0 gid=0 euid=0 suid=0 fsuid=0 egid=0 sgid=0 fsgid=0 tty=pts1 ses=3 comm="find" exe="/usr/bin/find" subj=unconfined key="T1078_Valid_Accounts"ARCH=x86_64 SYSCALL=execve AUID="vboxuser" UID="root" GID="root" EUID="root" SUID="root" FSUID="root" EGID="root" SGID="root" FSGID="root"
type=EXECVE msg=audit(1768169942.715:1773): argc=7 a0="find" a1="/var/lib/apache2/module" a2="-type" a3="f" a4="-a" a5="-name" a6="rewrite"
type=PATH msg=audit(1768169942.715:1773): item=0 name="/usr/bin/find" inode=1442415 dev=08:02 mode=0100755 ouid=0 ogid=0 rdev=00:00 nametype=NORMAL cap_fp=0 cap_fi=0 cap_fe=0 cap_fver=0 cap_frootid=0OUID="root" OGID="root"
type=PATH msg=audit(1768169942.715:1773): item=1 name="/lib64/ld-linux-x86-64.so.2" inode=1481429 dev=08:02 mode=0100755 ouid=0 ogid=0 rdev=00:00 nametype=NORMAL cap_fp=0 cap_fi=0 cap_fe=0 cap_fver=0 cap_frootid=0OUID="root" OGID="root"
type=PROCTITLE msg=audit(1768169942.715:1773): proctitle=66696E64002F7661722F6C69622F617061636865322F6D6F64756C65002D747970650066002D61002D6E616D650072657772697465
type=SYSCALL msg=audit(1768169942.732:1774): arch=c000003e syscall=59 success=yes exit=0 a0=5a9aba01f778 a1=7fff08326970 a2=5a9ad4dcfbc0 a3=5a9ab9e9dd62 items=2 ppid=1431 pid=1437 auid=1000 uid=0 gid=0 euid=0 suid=0 fsuid=0 egid=0 sgid=0 fsgid=0 tty=pts1 ses=3 comm="sh" exe="/usr/bin/dash" subj=unconfined key="T1078_Valid_Accounts"ARCH=x86_64 SYSCALL=execve AUID="vboxuser" UID="root" GID="root" EUID="root" SUID="root" FSUID="root" EGID="root" SGID="root" FSGID="root"
type=EXECVE msg=audit(1768169942.732:1774): argc=3 a0="sh" a1="-c" a2=746F75636820222F7661722F6C69622F617061636865322F6D6F64756C652F656E61626C65645F62795F61646D696E2F7265777269746522
type=PATH msg=audit(1768169942.732:1774): item=0 name="/bin/sh" inode=1442345 dev=08:02 mode=0100755 ouid=0 ogid=0 rdev=00:00 nametype=NORMAL cap_fp=0 cap_fi=0 cap_fe=0 cap_fver=0 cap_frootid=0OUID="root" OGID="root"
type=PATH msg=audit(1768169942.732:1774): item=1 name="/lib64/ld-linux-x86-64.so.2" inode=1481429 dev=08:02 mode=0100755 ouid=0 ogid=0 rdev=00:00 nametype=NORMAL cap_fp=0 cap_fi=0 cap_fe=0 cap_fver=0 cap_frootid=0OUID="root" OGID="root"
type=PROCTITLE msg=audit(1768169942.732:1774): proctitle=7368002D6300746F75636820222F7661722F6C69622F617061636865322F6D6F64756C652F656E61626C65645F62795F61646D696E2F7265777269746522
type=SYSCALL msg=audit(1768169942.735:1775): arch=c000003e syscall=59 success=yes exit=0 a0=5ac4bb5c7a70 a1=5ac4a7b69600 a2=5ac4bb5c7988 a3=1 items=2 ppid=1437 pid=1438 auid=1000 uid=0 gid=0 euid=0 suid=0 fsuid=0 egid=0 sgid=0 fsgid=0 tty=pts1 ses=3 comm="touch" exe="/usr/bin/touch" subj=unconfined key="T1078_Valid_Accounts"ARCH=x86_64 SYSCALL=execve AUID="vboxuser" UID="root" GID="root" EUID="root" SUID="root" FSUID="root" EGID="root" SGID="root" FSGID="root"
type=EXECVE msg=audit(1768169942.735:1775): argc=2 a0="touch" a1="/var/lib/apache2/module/enabled_by_admin/rewrite"
type=PATH msg=audit(1768169942.735:1775): item=0 name="/usr/bin/touch" inode=1442924 dev=08:02 mode=0100755 ouid=0 ogid=0 rdev=00:00 nametype=NORMAL cap_fp=0 cap_fi=0 cap_fe=0 cap_fver=0 cap_frootid=0OUID="root" OGID="root"
type=PATH msg=audit(1768169942.735:1775): item=1 name="/lib64/ld-linux-x86-64.so.2" inode=1481429 dev=08:02 mode=0100755 ouid=0 ogid=0 rdev=00:00 nametype=NORMAL cap_fp=0 cap_fi=0 cap_fe=0 cap_fver=0 cap_frootid=0OUID="root" OGID="root"
type=PROCTITLE msg=audit(1768169942.735:1775): proctitle=746F756368002F7661722F6C69622F617061636865322F6D6F64756C652F656E61626C65645F62795F61646D696E2F72657772697465
type=SYSCALL msg=audit(1768169952.735:1776): arch=c000003e syscall=59 success=yes exit=0 a0=5a02a35fbf40 a1=5a02a35fbf80 a2=5a02a34b5cc0 a3=5a02a35fbf80 items=2 ppid=1401 pid=1440 auid=1000 uid=0 gid=0 euid=0 suid=0 fsuid=0 egid=0 sgid=0 fsgid=0 tty=pts1 ses=3 comm="systemctl" exe="/usr/bin/systemctl" subj=unconfined key="T1078_Valid_Accounts"ARCH=x86_64 SYSCALL=execve AUID="vboxuser" UID="root" GID="root" EUID="root" SUID="root" FSUID="root" EGID="root" SGID="root" FSGID="root"
type=EXECVE msg=audit(1768169952.735:1776): argc=3 a0="systemctl" a1="restart" a2="apache2"
type=PATH msg=audit(1768169952.735:1776): item=0 name="/usr/bin/systemctl" inode=1461475 dev=08:02 mode=0100755 ouid=0 ogid=0 rdev=00:00 nametype=NORMAL cap_fp=0 cap_fi=0 cap_fe=0 cap_fver=0 cap_frootid=0OUID="root" OGID="root"
type=PATH msg=audit(1768169952.735:1776): item=1 name="/lib64/ld-linux-x86-64.so.2" inode=1481429 dev=08:02 mode=0100755 ouid=0 ogid=0 rdev=00:00 nametype=NORMAL cap_fp=0 cap_fi=0 cap_fe=0 cap_fver=0 cap_frootid=0OUID="root" OGID="root"
type=PROCTITLE msg=audit(1768169952.735:1776): proctitle=73797374656D63746C00726573746172740061706163686532
type=SYSCALL msg=audit(1768169952.767:1777): arch=c000003e syscall=42 success=yes exit=0 a0=3 a1=62957bfbcac8 a2=17 a3=7ffe9f90fd24 items=1 ppid=1401 pid=1440 auid=1000 uid=0 gid=0 euid=0 suid=0 fsuid=0 egid=0 sgid=0 fsgid=0 tty=pts1 ses=3 comm="systemctl" exe="/usr/bin/systemctl" subj=unconfined key="T1043_Commonly_Used_Port"ARCH=x86_64 SYSCALL=connect AUID="vboxuser" UID="root" GID="root" EUID="root" SUID="root" FSUID="root" EGID="root" SGID="root" FSGID="root"
type=SOCKADDR msg=audit(1768169952.767:1777): saddr=01002F72756E2F73797374656D642F7072697661746500SADDR={ saddr_fam=local path=/run/systemd/private }
type=PATH msg=audit(1768169952.767:1777): item=0 name="/run/systemd/private" inode=435 dev=00:18 mode=0140700 ouid=0 ogid=0 rdev=00:00 nametype=NORMAL cap_fp=0 cap_fi=0 cap_fe=0 cap_fver=0 cap_frootid=0OUID="root" OGID="root"
type=PROCTITLE msg=audit(1768169952.767:1777): proctitle=73797374656D63746C00726573746172740061706163686532
type=SYSCALL msg=audit(1768169952.771:1778): arch=c000003e syscall=59 success=yes exit=0 a0=629571c53090 a1=7ffe9f90ffa0 a2=7ffe9f910828 a3=7368addaa8d0 items=2 ppid=1440 pid=1441 auid=1000 uid=0 gid=0 euid=0 suid=0 fsuid=0 egid=0 sgid=0 fsgid=0 tty=pts1 ses=3 comm="systemd-tty-ask" exe="/usr/bin/systemd-tty-ask-password-agent" subj=unconfined key="T1078_Valid_Accounts"ARCH=x86_64 SYSCALL=execve AUID="vboxuser" UID="root" GID="root" EUID="root" SUID="root" FSUID="root" EGID="root" SGID="root" FSGID="root"
type=EXECVE msg=audit(1768169952.771:1778): argc=2 a0="/usr/bin/systemd-tty-ask-password-agent" a1="--watch"
type=PATH msg=audit(1768169952.771:1778): item=0 name="/usr/bin/systemd-tty-ask-password-agent" inode=1461700 dev=08:02 mode=0100755 ouid=0 ogid=0 rdev=00:00 nametype=NORMAL cap_fp=0 cap_fi=0 cap_fe=0 cap_fver=0 cap_frootid=0OUID="root" OGID="root"
type=PATH msg=audit(1768169952.771:1778): item=1 name="/lib64/ld-linux-x86-64.so.2" inode=1481429 dev=08:02 mode=0100755 ouid=0 ogid=0 rdev=00:00 nametype=NORMAL cap_fp=0 cap_fi=0 cap_fe=0 cap_fver=0 cap_frootid=0OUID="root" OGID="root"
type=PROCTITLE msg=audit(1768169952.771:1778): proctitle=2F7573722F62696E2F73797374656D642D7474792D61736B2D70617373776F72642D6167656E74002D2D7761746368
type=SYSCALL msg=audit(1768169952.799:1779): arch=c000003e syscall=59 success=yes exit=0 a0=7ffd48c51410 a1=7ffd48c51430 a2=7ffd48c51f18 a3=8 items=2 ppid=1 pid=1442 auid=4294967295 uid=0 gid=0 euid=0 suid=0 fsuid=0 egid=0 sgid=0 fsgid=0 tty=(none) ses=4294967295 comm="9" exe="/usr/lib/systemd/systemd-executor" subj=unconfined key="T1078_Valid_Accounts"ARCH=x86_64 SYSCALL=execve AUID="unset" UID="root" GID="root" EUID="root" SUID="root" FSUID="root" EGID="root" SGID="root" FSGID="root"
type=EXECVE msg=audit(1768169952.799:1779): argc=7 a0="/usr/lib/systemd/systemd-executor" a1="--deserialize" a2="112" a3="--log-level" a4="info" a5="--log-target" a6="journal-or-kmsg"
type=PATH msg=audit(1768169952.799:1779): item=0 name="/proc/self/fd/9" inode=1463834 dev=08:02 mode=0100755 ouid=0 ogid=0 rdev=00:00 nametype=NORMAL cap_fp=0 cap_fi=0 cap_fe=0 cap_fver=0 cap_frootid=0OUID="root" OGID="root"
type=PATH msg=audit(1768169952.799:1779): item=1 name="/lib64/ld-linux-x86-64.so.2" inode=1481429 dev=08:02 mode=0100755 ouid=0 ogid=0 rdev=00:00 nametype=NORMAL cap_fp=0 cap_fi=0 cap_fe=0 cap_fver=0 cap_frootid=0OUID="root" OGID="root"
type=PROCTITLE msg=audit(1768169952.799:1779): proctitle=2F7573722F6C69622F73797374656D642F73797374656D642D6578656375746F72002D2D646573657269616C697A6500313132002D2D6C6F672D6C6576656C00696E666F002D2D6C6F672D746172676574006A6F75726E616C2D6F722D6B6D7367
type=SYSCALL msg=audit(1768169952.817:1780): arch=c000003e syscall=42 success=yes exit=0 a0=4 a1=7fff56fd3e40 a2=1e a3=7fff56fd3ef0 items=1 ppid=1 pid=1442 auid=4294967295 uid=0 gid=0 euid=0 suid=0 fsuid=0 egid=0 sgid=0 fsgid=0 tty=(none) ses=4294967295 comm="9" exe="/usr/lib/systemd/systemd-executor" subj=unconfined key="T1043_Commonly_Used_Port"ARCH=x86_64 SYSCALL=connect AUID="unset" UID="root" GID="root" EUID="root" SUID="root" FSUID="root" EGID="root" SGID="root" FSGID="root"
type=SOCKADDR msg=audit(1768169952.817:1780): saddr=01002F72756E2F73797374656D642F6A6F75726E616C2F736F636B657400SADDR={ saddr_fam=local path=/run/systemd/journal/socket }
type=PATH msg=audit(1768169952.817:1780): item=0 name="/run/systemd/journal/socket" inode=450 dev=00:18 mode=0140666 ouid=0 ogid=0 rdev=00:00 nametype=NORMAL cap_fp=0 cap_fi=0 cap_fe=0 cap_fver=0 cap_frootid=0OUID="root" OGID="root"
type=PROCTITLE msg=audit(1768169952.817:1780): proctitle=2F7573722F6C69622F73797374656D642F73797374656D642D6578656375746F72002D2D646573657269616C697A6500313132002D2D6C6F672D6C6576656C00696E666F002D2D6C6F672D746172676574006A6F75726E616C2D6F722D6B6D7367
type=SYSCALL msg=audit(1768169952.825:1781): arch=c000003e syscall=42 success=yes exit=0 a0=3 a1=7fff56fd39c0 a2=1e a3=fffffff7 items=1 ppid=1 pid=1442 auid=4294967295 uid=0 gid=0 euid=0 suid=0 fsuid=0 egid=0 sgid=0 fsgid=0 tty=(none) ses=4294967295 comm="(pachectl)" exe="/usr/lib/systemd/systemd-executor" subj=unconfined key="T1043_Commonly_Used_Port"ARCH=x86_64 SYSCALL=connect AUID="unset" UID="root" GID="root" EUID="root" SUID="root" FSUID="root" EGID="root" SGID="root" FSGID="root"
type=SOCKADDR msg=audit(1768169952.825:1781): saddr=01002F72756E2F73797374656D642F6A6F75726E616C2F7374646F757400SADDR={ saddr_fam=local path=/run/systemd/journal/stdout }
type=PATH msg=audit(1768169952.825:1781): item=0 name="/run/systemd/journal/stdout" inode=451 dev=00:18 mode=0140666 ouid=0 ogid=0 rdev=00:00 nametype=NORMAL cap_fp=0 cap_fi=0 cap_fe=0 cap_fver=0 cap_frootid=0OUID="root" OGID="root"
type=PROCTITLE msg=audit(1768169952.825:1781): proctitle=2F7573722F6C69622F73797374656D642F73797374656D642D6578656375746F72002D2D646573657269616C697A6500313132002D2D6C6F672D6C6576656C00696E666F002D2D6C6F672D746172676574006A6F75726E616C2D6F722D6B6D7367
type=SYSCALL msg=audit(1768169952.828:1782): arch=c000003e syscall=59 success=yes exit=0 a0=62653958f480 a1=626539598270 a2=62653958e9b0 a3=62653958fb80 items=3 ppid=1 pid=1442 auid=4294967295 uid=0 gid=0 euid=0 suid=0 fsuid=0 egid=0 sgid=0 fsgid=0 tty=(none) ses=4294967295 comm="apachectl" exe="/usr/bin/dash" subj=unconfined key="T1078_Valid_Accounts"ARCH=x86_64 SYSCALL=execve AUID="unset" UID="root" GID="root" EUID="root" SUID="root" FSUID="root" EGID="root" SGID="root" FSGID="root"
type=EXECVE msg=audit(1768169952.828:1782): argc=3 a0="/bin/sh" a1="/usr/sbin/apachectl" a2="graceful-stop"
type=PATH msg=audit(1768169952.828:1782): item=0 name="/usr/sbin/apachectl" inode=1479339 dev=08:02 mode=0100755 ouid=0 ogid=0 rdev=00:00 nametype=NORMAL cap_fp=0 cap_fi=0 cap_fe=0 cap_fver=0 cap_frootid=0OUID="root" OGID="root"
type=PATH msg=audit(1768169952.828:1782): item=1 name="/bin/sh" inode=1442345 dev=08:02 mode=0100755 ouid=0 ogid=0 rdev=00:00 nametype=NORMAL cap_fp=0 cap_fi=0 cap_fe=0 cap_fver=0 cap_frootid=0OUID="root" OGID="root"
type=PATH msg=audit(1768169952.828:1782): item=2 name="/lib64/ld-linux-x86-64.so.2" inode=1481429 dev=08:02 mode=0100755 ouid=0 ogid=0 rdev=00:00 nametype=NORMAL cap_fp=0 cap_fi=0 cap_fe=0 cap_fver=0 cap_frootid=0OUID="root" OGID="root"
type=PROCTITLE msg=audit(1768169952.828:1782): proctitle=2F7573722F6C69622F73797374656D642F73797374656D642D6578656375746F72002D2D646573657269616C697A6500313132002D2D6C6F672D6C6576656C00696E666F002D2D6C6F672D746172676574006A6F75726E616C2D6F722D6B6D7367
type=SYSCALL msg=audit(1768169952.836:1783): arch=c000003e syscall=59 success=yes exit=0 a0=558cb19d9d40 a1=558cb19dbc30 a2=558cb19d9ca8 a3=558cb19dba30 items=2 ppid=1442 pid=1443 auid=4294967295 uid=0 gid=0 euid=0 suid=0 fsuid=0 egid=0 sgid=0 fsgid=0 tty=(none) ses=4294967295 comm="id" exe="/usr/bin/id" subj=unconfined key="T1078_Valid_Accounts"ARCH=x86_64 SYSCALL=execve AUID="unset" UID="root" GID="root" EUID="root" SUID="root" FSUID="root" EGID="root" SGID="root" FSGID="root"
type=EXECVE msg=audit(1768169952.836:1783): argc=2 a0="id" a1="-u"
type=PATH msg=audit(1768169952.836:1783): item=0 name="/usr/bin/id" inode=1442474 dev=08:02 mode=0100755 ouid=0 ogid=0 rdev=00:00 nametype=NORMAL cap_fp=0 cap_fi=0 cap_fe=0 cap_fver=0 cap_frootid=0OUID="root" OGID="root"
type=PATH msg=audit(1768169952.836:1783): item=1 name="/lib64/ld-linux-x86-64.so.2" inode=1481429 dev=08:02 mode=0100755 ouid=0 ogid=0 rdev=00:00 nametype=NORMAL cap_fp=0 cap_fi=0 cap_fe=0 cap_fver=0 cap_frootid=0OUID="root" OGID="root"
type=PROCTITLE msg=audit(1768169952.836:1783): proctitle=6964002D75
type=SYSCALL msg=audit(1768169952.842:1784): arch=c000003e syscall=59 success=yes exit=0 a0=558cb19db9a0 a1=558cb19dd2f8 a2=558cb19dd318 a3=8 items=2 ppid=1442 pid=1444 auid=4294967295 uid=0 gid=0 euid=0 suid=0 fsuid=0 egid=0 sgid=0 fsgid=0 tty=(none) ses=4294967295 comm="apache2" exe="/usr/sbin/apache2" subj=unconfined key="T1078_Valid_Accounts"ARCH=x86_64 SYSCALL=execve AUID="unset" UID="root" GID="root" EUID="root" SUID="root" FSUID="root" EGID="root" SGID="root" FSGID="root"
type=EXECVE msg=audit(1768169952.842:1784): argc=3 a0="/usr/sbin/apache2" a1="-k" a2="graceful-stop"
type=PATH msg=audit(1768169952.842:1784): item=0 name="/usr/sbin/apache2" inode=1457163 dev=08:02 mode=0100755 ouid=0 ogid=0 rdev=00:00 nametype=NORMAL cap_fp=0 cap_fi=0 cap_fe=0 cap_fver=0 cap_frootid=0OUID="root" OGID="root"
type=PATH msg=audit(1768169952.842:1784): item=1 name="/lib64/ld-linux-x86-64.so.2" inode=1481429 dev=08:02 mode=0100755 ouid=0 ogid=0 rdev=00:00 nametype=NORMAL cap_fp=0 cap_fi=0 cap_fe=0 cap_fver=0 cap_frootid=0OUID="root" OGID="root"
type=PROCTITLE msg=audit(1768169952.842:1784): proctitle=2F7573722F7362696E2F61706163686532002D6B00677261636566756C2D73746F70
type=SYSCALL msg=audit(1768169952.852:1785): arch=c000003e syscall=42 success=yes exit=0 a0=3 a1=5d66138d1c30 a2=1c a3=0 items=0 ppid=1442 pid=1444 auid=4294967295 uid=0 gid=0 euid=0 suid=0 fsuid=0 egid=0 sgid=0 fsgid=0 tty=(none) ses=4294967295 comm="apache2" exe="/usr/sbin/apache2" subj=unconfined key="T1043_Commonly_Used_Port"ARCH=x86_64 SYSCALL=connect AUID="unset" UID="root" GID="root" EUID="root" SUID="root" FSUID="root" EGID="root" SGID="root" FSGID="root"
type=SOCKADDR msg=audit(1768169952.852:1785): saddr=0A000000000000000000000000000000000000000000000000000000SADDR={ saddr_fam=inet6 laddr=:: lport=0 }
type=PROCTITLE msg=audit(1768169952.852:1785): proctitle=2F7573722F7362696E2F61706163686532002D6B00677261636566756C2D73746F70
type=SYSCALL msg=audit(1768169952.852:1786): arch=c000003e syscall=42 success=yes exit=0 a0=3 a1=7ffffb1e3ba0 a2=10 a3=0 items=0 ppid=1442 pid=1444 auid=4294967295 uid=0 gid=0 euid=0 suid=0 fsuid=0 egid=0 sgid=0 fsgid=0 tty=(none) ses=4294967295 comm="apache2" exe="/usr/sbin/apache2" subj=unconfined key="T1043_Commonly_Used_Port"ARCH=x86_64 SYSCALL=connect AUID="unset" UID="root" GID="root" EUID="root" SUID="root" FSUID="root" EGID="root" SGID="root" FSGID="root"
type=SOCKADDR msg=audit(1768169952.852:1786): saddr=00000000000000000000000000000000SADDR=unknown-family(0)
type=PROCTITLE msg=audit(1768169952.852:1786): proctitle=2F7573722F7362696E2F61706163686532002D6B00677261636566756C2D73746F70
type=SYSCALL msg=audit(1768169952.852:1787): arch=c000003e syscall=42 success=yes exit=0 a0=3 a1=5d66138d1c90 a2=10 a3=0 items=0 ppid=1442 pid=1444 auid=4294967295 uid=0 gid=0 euid=0 suid=0 fsuid=0 egid=0 sgid=0 fsgid=0 tty=(none) ses=4294967295 comm="apache2" exe="/usr/sbin/apache2" subj=unconfined key="T1043_Commonly_Used_Port"ARCH=x86_64 SYSCALL=connect AUID="unset" UID="root" GID="root" EUID="root" SUID="root" FSUID="root" EGID="root" SGID="root" FSGID="root"
type=SOCKADDR msg=audit(1768169952.852:1787): saddr=02000000000000000000000000000000SADDR={ saddr_fam=inet laddr=0.0.0.0 lport=0 }
type=PROCTITLE msg=audit(1768169952.852:1787): proctitle=2F7573722F7362696E2F61706163686532002D6B00677261636566756C2D73746F70
type=SYSCALL msg=audit(1768169952.866:1788): arch=c000003e syscall=42 success=yes exit=0 a0=3 a1=5d66138f66c0 a2=1c a3=0 items=0 ppid=1442 pid=1444 auid=4294967295 uid=0 gid=0 euid=0 suid=0 fsuid=0 egid=0 sgid=0 fsgid=0 tty=(none) ses=4294967295 comm="apache2" exe="/usr/sbin/apache2" subj=unconfined key="T1043_Commonly_Used_Port"ARCH=x86_64 SYSCALL=connect AUID="unset" UID="root" GID="root" EUID="root" SUID="root" FSUID="root" EGID="root" SGID="root" FSGID="root"
type=SOCKADDR msg=audit(1768169952.866:1788): saddr=0A000050000000000000000000000000000000000000000000000000SADDR={ saddr_fam=inet6 laddr=:: lport=80 }
type=PROCTITLE msg=audit(1768169952.866:1788): proctitle=2F7573722F7362696E2F61706163686532002D6B00677261636566756C2D73746F70
type=SYSCALL msg=audit(1768169952.866:1789): arch=c000003e syscall=42 success=yes exit=0 a0=3 a1=7ffffb1e3830 a2=10 a3=0 items=0 ppid=1442 pid=1444 auid=4294967295 uid=0 gid=0 euid=0 suid=0 fsuid=0 egid=0 sgid=0 fsgid=0 tty=(none) ses=4294967295 comm="apache2" exe="/usr/sbin/apache2" subj=unconfined key="T1043_Commonly_Used_Port"ARCH=x86_64 SYSCALL=connect AUID="unset" UID="root" GID="root" EUID="root" SUID="root" FSUID="root" EGID="root" SGID="root" FSGID="root"
type=SOCKADDR msg=audit(1768169952.866:1789): saddr=00000000000000000000000000000000SADDR=unknown-family(0)
type=PROCTITLE msg=audit(1768169952.866:1789): proctitle=2F7573722F7362696E2F61706163686532002D6B00677261636566756C2D73746F70
type=SYSCALL msg=audit(1768169952.866:1790): arch=c000003e syscall=42 success=yes exit=0 a0=3 a1=5d66138f5e00 a2=10 a3=0 items=0 ppid=1442 pid=1444 auid=4294967295 uid=0 gid=0 euid=0 suid=0 fsuid=0 egid=0 sgid=0 fsgid=0 tty=(none) ses=4294967295 comm="apache2" exe="/usr/sbin/apache2" subj=unconfined key="T1043_Commonly_Used_Port"ARCH=x86_64 SYSCALL=connect AUID="unset" UID="root" GID="root" EUID="root" SUID="root" FSUID="root" EGID="root" SGID="root" FSGID="root"
type=SOCKADDR msg=audit(1768169952.866:1790): saddr=02000050000000000000000000000000SADDR={ saddr_fam=inet laddr=0.0.0.0 lport=80 }
type=PROCTITLE msg=audit(1768169952.866:1790): proctitle=2F7573722F7362696E2F61706163686532002D6B00677261636566756C2D73746F70
type=SYSCALL msg=audit(1768169952.866:1791): arch=c000003e syscall=42 success=yes exit=0 a0=5 a1=5d66138f66c0 a2=1c a3=0 items=0 ppid=1442 pid=1444 auid=4294967295 uid=0 gid=0 euid=0 suid=0 fsuid=0 egid=0 sgid=0 fsgid=0 tty=(none) ses=4294967295 comm="apache2" exe="/usr/sbin/apache2" subj=unconfined key="T1043_Commonly_Used_Port"ARCH=x86_64 SYSCALL=connect AUID="unset" UID="root" GID="root" EUID="root" SUID="root" FSUID="root" EGID="root" SGID="root" FSGID="root"
type=SOCKADDR msg=audit(1768169952.866:1791): saddr=0A000050000000000000000000000000000000000000000000000000SADDR={ saddr_fam=inet6 laddr=:: lport=80 }
type=PROCTITLE msg=audit(1768169952.866:1791): proctitle=2F7573722F7362696E2F61706163686532002D6B00677261636566756C2D73746F70
type=SYSCALL msg=audit(1768169952.866:1792): arch=c000003e syscall=42 success=yes exit=0 a0=5 a1=7ffffb1e37d0 a2=10 a3=0 items=0 ppid=1442 pid=1444 auid=4294967295 uid=0 gid=0 euid=0 suid=0 fsuid=0 egid=0 sgid=0 fsgid=0 tty=(none) ses=4294967295 comm="apache2" exe="/usr/sbin/apache2" subj=unconfined key="T1043_Commonly_Used_Port"ARCH=x86_64 SYSCALL=connect AUID="unset" UID="root" GID="root" EUID="root" SUID="root" FSUID="root" EGID="root" SGID="root" FSGID="root"
type=SOCKADDR msg=audit(1768169952.866:1792): saddr=00000000000000000000000000000000SADDR=unknown-family(0)
type=PROCTITLE msg=audit(1768169952.866:1792): proctitle=2F7573722F7362696E2F61706163686532002D6B00677261636566756C2D73746F70
type=SYSCALL msg=audit(1768169952.866:1793): arch=c000003e syscall=42 success=yes exit=0 a0=5 a1=5d66138f5e00 a2=10 a3=0 items=0 ppid=1442 pid=1444 auid=4294967295 uid=0 gid=0 euid=0 suid=0 fsuid=0 egid=0 sgid=0 fsgid=0 tty=(none) ses=4294967295 comm="apache2" exe="/usr/sbin/apache2" subj=unconfined key="T1043_Commonly_Used_Port"ARCH=x86_64 SYSCALL=connect AUID="unset" UID="root" GID="root" EUID="root" SUID="root" FSUID="root" EGID="root" SGID="root" FSGID="root"
type=SOCKADDR msg=audit(1768169952.866:1793): saddr=02000050000000000000000000000000SADDR={ saddr_fam=inet laddr=0.0.0.0 lport=80 }
type=PROCTITLE msg=audit(1768169952.866:1793): proctitle=2F7573722F7362696E2F61706163686532002D6B00677261636566756C2D73746F70
type=SYSCALL msg=audit(1768169952.867:1794): arch=c000003e syscall=42 success=yes exit=0 a0=5 a1=758011e0b694 a2=10 a3=7ffffb1e1334 items=0 ppid=1442 pid=1444 auid=4294967295 uid=0 gid=0 euid=0 suid=0 fsuid=0 egid=0 sgid=0 fsgid=0 tty=(none) ses=4294967295 comm="apache2" exe="/usr/sbin/apache2" subj=unconfined key="T1043_Commonly_Used_Port"ARCH=x86_64 SYSCALL=connect AUID="unset" UID="root" GID="root" EUID="root" SUID="root" FSUID="root" EGID="root" SGID="root" FSGID="root"
type=SOCKADDR msg=audit(1768169952.867:1794): saddr=020000357F0000350000000000000000SADDR={ saddr_fam=inet laddr=127.0.0.53 lport=53 }
type=PROCTITLE msg=audit(1768169952.867:1794): proctitle=2F7573722F7362696E2F61706163686532002D6B00677261636566756C2D73746F70
type=SYSCALL msg=audit(1768169952.933:1795): arch=c000003e syscall=42 success=yes exit=0 a0=5 a1=758011e0b694 a2=10 a3=7ffffb1e1334 items=0 ppid=1442 pid=1444 auid=4294967295 uid=0 gid=0 euid=0 suid=0 fsuid=0 egid=0 sgid=0 fsgid=0 tty=(none) ses=4294967295 comm="apache2" exe="/usr/sbin/apache2" subj=unconfined key="T1043_Commonly_Used_Port"ARCH=x86_64 SYSCALL=connect AUID="unset" UID="root" GID="root" EUID="root" SUID="root" FSUID="root" EGID="root" SGID="root" FSGID="root"
type=SOCKADDR msg=audit(1768169952.933:1795): saddr=020000357F0000350000000000000000SADDR={ saddr_fam=inet laddr=127.0.0.53 lport=53 }
type=PROCTITLE msg=audit(1768169952.933:1795): proctitle=2F7573722F7362696E2F61706163686532002D6B00677261636566756C2D73746F70
type=SYSCALL msg=audit(1768169952.943:1796): arch=c000003e syscall=42 success=yes exit=0 a0=5 a1=5d66138f5e00 a2=10 a3=0 items=0 ppid=1442 pid=1444 auid=4294967295 uid=0 gid=0 euid=0 suid=0 fsuid=0 egid=0 sgid=0 fsgid=0 tty=(none) ses=4294967295 comm="apache2" exe="/usr/sbin/apache2" subj=unconfined key="T1043_Commonly_Used_Port"ARCH=x86_64 SYSCALL=connect AUID="unset" UID="root" GID="root" EUID="root" SUID="root" FSUID="root" EGID="root" SGID="root" FSGID="root"
type=SOCKADDR msg=audit(1768169952.943:1796): saddr=020000000A00020F0000000000000000SADDR={ saddr_fam=inet laddr=10.0.2.15 lport=0 }
type=PROCTITLE msg=audit(1768169952.943:1796): proctitle=2F7573722F7362696E2F61706163686532002D6B00677261636566756C2D73746F70
type=SYSCALL msg=audit(1768169952.944:1797): arch=c000003e syscall=42 success=yes exit=0 a0=5 a1=7ffffb1e3220 a2=10 a3=0 items=0 ppid=1442 pid=1444 auid=4294967295 uid=0 gid=0 euid=0 suid=0 fsuid=0 egid=0 sgid=0 fsgid=0 tty=(none) ses=4294967295 comm="apache2" exe="/usr/sbin/apache2" subj=unconfined key="T1043_Commonly_Used_Port"ARCH=x86_64 SYSCALL=connect AUID="unset" UID="root" GID="root" EUID="root" SUID="root" FSUID="root" EGID="root" SGID="root" FSGID="root"
type=SOCKADDR msg=audit(1768169952.944:1797): saddr=00000000000000000000000000000000SADDR=unknown-family(0)
type=PROCTITLE msg=audit(1768169952.944:1797): proctitle=2F7573722F7362696E2F61706163686532002D6B00677261636566756C2D73746F70
type=SYSCALL msg=audit(1768169952.944:1798): arch=c000003e syscall=42 success=yes exit=0 a0=5 a1=5d66138d1640 a2=10 a3=0 items=0 ppid=1442 pid=1444 auid=4294967295 uid=0 gid=0 euid=0 suid=0 fsuid=0 egid=0 sgid=0 fsgid=0 tty=(none) ses=4294967295 comm="apache2" exe="/usr/sbin/apache2" subj=unconfined key="T1043_Commonly_Used_Port"ARCH=x86_64 SYSCALL=connect AUID="unset" UID="root" GID="root" EUID="root" SUID="root" FSUID="root" EGID="root" SGID="root" FSGID="root"
type=SOCKADDR msg=audit(1768169952.944:1798): saddr=02000000C0A8386B0000000000000000SADDR={ saddr_fam=inet laddr=192.168.56.107 lport=0 }
type=PROCTITLE msg=audit(1768169952.944:1798): proctitle=2F7573722F7362696E2F61706163686532002D6B00677261636566756C2D73746F70
type=SYSCALL msg=audit(1768169952.945:1799): arch=c000003e syscall=42 success=yes exit=0 a0=5 a1=5d66138f66c0 a2=1c a3=0 items=0 ppid=1442 pid=1444 auid=4294967295 uid=0 gid=0 euid=0 suid=0 fsuid=0 egid=0 sgid=0 fsgid=0 tty=(none) ses=4294967295 comm="apache2" exe="/usr/sbin/apache2" subj=unconfined key="T1043_Commonly_Used_Port"ARCH=x86_64 SYSCALL=connect AUID="unset" UID="root" GID="root" EUID="root" SUID="root" FSUID="root" EGID="root" SGID="root" FSGID="root"
type=SOCKADDR msg=audit(1768169952.945:1799): saddr=0A00000000000000FD17625CF03700020A0027FFFE3F373900000000SADDR={ saddr_fam=inet6 laddr=fd17:625c:f037:2:a00:27ff:fe3f:3739 lport=0 }
type=PROCTITLE msg=audit(1768169952.945:1799): proctitle=2F7573722F7362696E2F61706163686532002D6B00677261636566756C2D73746F70
type=SYSCALL msg=audit(1768169952.947:1800): arch=c000003e syscall=42 success=yes exit=0 a0=5 a1=7ffffb1e3220 a2=10 a3=0 items=0 ppid=1442 pid=1444 auid=4294967295 uid=0 gid=0 euid=0 suid=0 fsuid=0 egid=0 sgid=0 fsgid=0 tty=(none) ses=4294967295 comm="apache2" exe="/usr/sbin/apache2" subj=unconfined key="T1043_Commonly_Used_Port"ARCH=x86_64 SYSCALL=connect AUID="unset" UID="root" GID="root" EUID="root" SUID="root" FSUID="root" EGID="root" SGID="root" FSGID="root"
type=SOCKADDR msg=audit(1768169952.947:1800): saddr=00000000000000000000000000000000SADDR=unknown-family(0)
type=PROCTITLE msg=audit(1768169952.947:1800): proctitle=2F7573722F7362696E2F61706163686532002D6B00677261636566756C2D73746F70
type=SYSCALL msg=audit(1768169952.947:1801): arch=c000003e syscall=42 success=no exit=-22 a0=5 a1=5d66138d1690 a2=1c a3=0 items=0 ppid=1442 pid=1444 auid=4294967295 uid=0 gid=0 euid=0 suid=0 fsuid=0 egid=0 sgid=0 fsgid=0 tty=(none) ses=4294967295 comm="apache2" exe="/usr/sbin/apache2" subj=unconfined key="T1043_Commonly_Used_Port"ARCH=x86_64 SYSCALL=connect AUID="unset" UID="root" GID="root" EUID="root" SUID="root" FSUID="root" EGID="root" SGID="root" FSGID="root"
type=SOCKADDR msg=audit(1768169952.947:1801): saddr=0A00000000000000FE800000000000000A0027FFFE3F373900000000SADDR={ saddr_fam=inet6 laddr=fe80::a00:27ff:fe3f:3739 lport=0 }
type=PROCTITLE msg=audit(1768169952.947:1801): proctitle=2F7573722F7362696E2F61706163686532002D6B00677261636566756C2D73746F70
type=SYSCALL msg=audit(1768169952.947:1802): arch=c000003e syscall=42 success=yes exit=0 a0=5 a1=7ffffb1e3220 a2=10 a3=0 items=0 ppid=1442 pid=1444 auid=4294967295 uid=0 gid=0 euid=0 suid=0 fsuid=0 egid=0 sgid=0 fsgid=0 tty=(none) ses=4294967295 comm="apache2" exe="/usr/sbin/apache2" subj=unconfined key="T1043_Commonly_Used_Port"ARCH=x86_64 SYSCALL=connect AUID="unset" UID="root" GID="root" EUID="root" SUID="root" FSUID="root" EGID="root" SGID="root" FSGID="root"
type=SOCKADDR msg=audit(1768169952.947:1802): saddr=00000000000000000000000000000000SADDR=unknown-family(0)
type=PROCTITLE msg=audit(1768169952.947:1802): proctitle=2F7573722F7362696E2F61706163686532002D6B00677261636566756C2D73746F70
type=SYSCALL msg=audit(1768169952.947:1803): arch=c000003e syscall=42 success=no exit=-22 a0=5 a1=5d66138d16f0 a2=1c a3=0 items=0 ppid=1442 pid=1444 auid=4294967295 uid=0 gid=0 euid=0 suid=0 fsuid=0 egid=0 sgid=0 fsgid=0 tty=(none) ses=4294967295 comm="apache2" exe="/usr/sbin/apache2" subj=unconfined key="T1043_Commonly_Used_Port"ARCH=x86_64 SYSCALL=connect AUID="unset" UID="root" GID="root" EUID="root" SUID="root" FSUID="root" EGID="root" SGID="root" FSGID="root"
type=SOCKADDR msg=audit(1768169952.947:1803): saddr=0A00000000000000FE800000000000000A0027FFFE270D1D00000000SADDR={ saddr_fam=inet6 laddr=fe80::a00:27ff:fe27:d1d lport=0 }
type=PROCTITLE msg=audit(1768169952.947:1803): proctitle=2F7573722F7362696E2F61706163686532002D6B00677261636566756C2D73746F70
type=SYSCALL msg=audit(1768169952.948:1804): arch=c000003e syscall=42 success=yes exit=0 a0=5 a1=758011e0b694 a2=10 a3=7ffffb1e1a44 items=0 ppid=1442 pid=1444 auid=4294967295 uid=0 gid=0 euid=0 suid=0 fsuid=0 egid=0 sgid=0 fsgid=0 tty=(none) ses=4294967295 comm="apache2" exe="/usr/sbin/apache2" subj=unconfined key="T1043_Commonly_Used_Port"ARCH=x86_64 SYSCALL=connect AUID="unset" UID="root" GID="root" EUID="root" SUID="root" FSUID="root" EGID="root" SGID="root" FSGID="root"
type=SOCKADDR msg=audit(1768169952.948:1804): saddr=020000357F0000350000000000000000SADDR={ saddr_fam=inet laddr=127.0.0.53 lport=53 }
type=PROCTITLE msg=audit(1768169952.948:1804): proctitle=2F7573722F7362696E2F61706163686532002D6B00677261636566756C2D73746F70
type=SERVICE_STOP msg=audit(1768169953.049:1805): pid=1 uid=0 auid=4294967295 ses=4294967295 subj=unconfined msg='unit=apache2 comm="systemd" exe="/usr/lib/systemd/systemd" hostname=? addr=? terminal=? res=success'UID="root" AUID="unset"
type=SYSCALL msg=audit(1768169953.064:1806): arch=c000003e syscall=59 success=yes exit=0 a0=7ffd48c513f0 a1=7ffd48c51410 a2=7ffd48c51f18 a3=8 items=2 ppid=1 pid=1448 auid=4294967295 uid=0 gid=0 euid=0 suid=0 fsuid=0 egid=0 sgid=0 fsgid=0 tty=(none) ses=4294967295 comm="9" exe="/usr/lib/systemd/systemd-executor" subj=unconfined key="T1078_Valid_Accounts"ARCH=x86_64 SYSCALL=execve AUID="unset" UID="root" GID="root" EUID="root" SUID="root" FSUID="root" EGID="root" SGID="root" FSGID="root"
type=EXECVE msg=audit(1768169953.064:1806): argc=7 a0="/usr/lib/systemd/systemd-executor" a1="--deserialize" a2="99" a3="--log-level" a4="info" a5="--log-target" a6="journal-or-kmsg"
type=PATH msg=audit(1768169953.064:1806): item=0 name="/proc/self/fd/9" inode=1463834 dev=08:02 mode=0100755 ouid=0 ogid=0 rdev=00:00 nametype=NORMAL cap_fp=0 cap_fi=0 cap_fe=0 cap_fver=0 cap_frootid=0OUID="root" OGID="root"
type=PATH msg=audit(1768169953.064:1806): item=1 name="/lib64/ld-linux-x86-64.so.2" inode=1481429 dev=08:02 mode=0100755 ouid=0 ogid=0 rdev=00:00 nametype=NORMAL cap_fp=0 cap_fi=0 cap_fe=0 cap_fver=0 cap_frootid=0OUID="root" OGID="root"
type=PROCTITLE msg=audit(1768169953.064:1806): proctitle=2F7573722F6C69622F73797374656D642F73797374656D642D6578656375746F72002D2D646573657269616C697A65003939002D2D6C6F672D6C6576656C00696E666F002D2D6C6F672D746172676574006A6F75726E616C2D6F722D6B6D7367
type=SYSCALL msg=audit(1768169953.076:1807): arch=c000003e syscall=42 success=yes exit=0 a0=4 a1=7ffe7ce23e00 a2=1e a3=7ffe7ce23eb0 items=1 ppid=1 pid=1448 auid=4294967295 uid=0 gid=0 euid=0 suid=0 fsuid=0 egid=0 sgid=0 fsgid=0 tty=(none) ses=4294967295 comm="9" exe="/usr/lib/systemd/systemd-executor" subj=unconfined key="T1043_Commonly_Used_Port"ARCH=x86_64 SYSCALL=connect AUID="unset" UID="root" GID="root" EUID="root" SUID="root" FSUID="root" EGID="root" SGID="root" FSGID="root"
type=SOCKADDR msg=audit(1768169953.076:1807): saddr=01002F72756E2F73797374656D642F6A6F75726E616C2F736F636B657400SADDR={ saddr_fam=local path=/run/systemd/journal/socket }
type=PATH msg=audit(1768169953.076:1807): item=0 name="/run/systemd/journal/socket" inode=450 dev=00:18 mode=0140666 ouid=0 ogid=0 rdev=00:00 nametype=NORMAL cap_fp=0 cap_fi=0 cap_fe=0 cap_fver=0 cap_frootid=0OUID="root" OGID="root"
type=PROCTITLE msg=audit(1768169953.076:1807): proctitle=2F7573722F6C69622F73797374656D642F73797374656D642D6578656375746F72002D2D646573657269616C697A65003939002D2D6C6F672D6C6576656C00696E666F002D2D6C6F672D746172676574006A6F75726E616C2D6F722D6B6D7367
type=SYSCALL msg=audit(1768169953.085:1808): arch=c000003e syscall=42 success=yes exit=0 a0=3 a1=7ffe7ce23980 a2=1e a3=fffffff7 items=1 ppid=1 pid=1448 auid=4294967295 uid=0 gid=0 euid=0 suid=0 fsuid=0 egid=0 sgid=0 fsgid=0 tty=(none) ses=4294967295 comm="(pachectl)" exe="/usr/lib/systemd/systemd-executor" subj=unconfined key="T1043_Commonly_Used_Port"ARCH=x86_64 SYSCALL=connect AUID="unset" UID="root" GID="root" EUID="root" SUID="root" FSUID="root" EGID="root" SGID="root" FSGID="root"
type=SOCKADDR msg=audit(1768169953.085:1808): saddr=01002F72756E2F73797374656D642F6A6F75726E616C2F7374646F757400SADDR={ saddr_fam=local path=/run/systemd/journal/stdout }
type=PATH msg=audit(1768169953.085:1808): item=0 name="/run/systemd/journal/stdout" inode=451 dev=00:18 mode=0140666 ouid=0 ogid=0 rdev=00:00 nametype=NORMAL cap_fp=0 cap_fi=0 cap_fe=0 cap_fver=0 cap_frootid=0OUID="root" OGID="root"
type=PROCTITLE msg=audit(1768169953.085:1808): proctitle=2F7573722F6C69622F73797374656D642F73797374656D642D6578656375746F72002D2D646573657269616C697A65003939002D2D6C6F672D6C6576656C00696E666F002D2D6C6F672D746172676574006A6F75726E616C2D6F722D6B6D7367
type=SYSCALL msg=audit(1768169953.086:1809): arch=c000003e syscall=59 success=yes exit=0 a0=5948ab6794a0 a1=5948ab6821b0 a2=5948ab678db0 a3=5948ab679b80 items=3 ppid=1 pid=1448 auid=4294967295 uid=0 gid=0 euid=0 suid=0 fsuid=0 egid=0 sgid=0 fsgid=0 tty=(none) ses=4294967295 comm="apachectl" exe="/usr/bin/dash" subj=unconfined key="T1078_Valid_Accounts"ARCH=x86_64 SYSCALL=execve AUID="unset" UID="root" GID="root" EUID="root" SUID="root" FSUID="root" EGID="root" SGID="root" FSGID="root"
type=EXECVE msg=audit(1768169953.086:1809): argc=3 a0="/bin/sh" a1="/usr/sbin/apachectl" a2="start"
type=PATH msg=audit(1768169953.086:1809): item=0 name="/usr/sbin/apachectl" inode=1479339 dev=08:02 mode=0100755 ouid=0 ogid=0 rdev=00:00 nametype=NORMAL cap_fp=0 cap_fi=0 cap_fe=0 cap_fver=0 cap_frootid=0OUID="root" OGID="root"
type=PATH msg=audit(1768169953.086:1809): item=1 name="/bin/sh" inode=1442345 dev=08:02 mode=0100755 ouid=0 ogid=0 rdev=00:00 nametype=NORMAL cap_fp=0 cap_fi=0 cap_fe=0 cap_fver=0 cap_frootid=0OUID="root" OGID="root"
type=PATH msg=audit(1768169953.086:1809): item=2 name="/lib64/ld-linux-x86-64.so.2" inode=1481429 dev=08:02 mode=0100755 ouid=0 ogid=0 rdev=00:00 nametype=NORMAL cap_fp=0 cap_fi=0 cap_fe=0 cap_fver=0 cap_frootid=0OUID="root" OGID="root"
type=PROCTITLE msg=audit(1768169953.086:1809): proctitle=2F7573722F6C69622F73797374656D642F73797374656D642D6578656375746F72002D2D646573657269616C697A65003939002D2D6C6F672D6C6576656C00696E666F002D2D6C6F672D746172676574006A6F75726E616C2D6F722D6B6D7367
type=SYSCALL msg=audit(1768169953.095:1810): arch=c000003e syscall=59 success=yes exit=0 a0=6390c0192cd0 a1=6390c0194bd0 a2=6390c0192c48 a3=6390c01949d0 items=2 ppid=1448 pid=1449 auid=4294967295 uid=0 gid=0 euid=0 suid=0 fsuid=0 egid=0 sgid=0 fsgid=0 tty=(none) ses=4294967295 comm="id" exe="/usr/bin/id" subj=unconfined key="T1078_Valid_Accounts"ARCH=x86_64 SYSCALL=execve AUID="unset" UID="root" GID="root" EUID="root" SUID="root" FSUID="root" EGID="root" SGID="root" FSGID="root"
type=EXECVE msg=audit(1768169953.095:1810): argc=2 a0="id" a1="-u"
type=PATH msg=audit(1768169953.095:1810): item=0 name="/usr/bin/id" inode=1442474 dev=08:02 mode=0100755 ouid=0 ogid=0 rdev=00:00 nametype=NORMAL cap_fp=0 cap_fi=0 cap_fe=0 cap_fver=0 cap_frootid=0OUID="root" OGID="root"
type=PATH msg=audit(1768169953.095:1810): item=1 name="/lib64/ld-linux-x86-64.so.2" inode=1481429 dev=08:02 mode=0100755 ouid=0 ogid=0 rdev=00:00 nametype=NORMAL cap_fp=0 cap_fi=0 cap_fe=0 cap_fver=0 cap_frootid=0OUID="root" OGID="root"
type=PROCTITLE msg=audit(1768169953.095:1810): proctitle=6964002D75
type=SYSCALL msg=audit(1768169953.101:1811): arch=c000003e syscall=59 success=yes exit=0 a0=6390c0194938 a1=6390c0196280 a2=6390c01962a0 a3=8 items=2 ppid=1448 pid=1450 auid=4294967295 uid=0 gid=0 euid=0 suid=0 fsuid=0 egid=0 sgid=0 fsgid=0 tty=(none) ses=4294967295 comm="apache2" exe="/usr/sbin/apache2" subj=unconfined key="T1078_Valid_Accounts"ARCH=x86_64 SYSCALL=execve AUID="unset" UID="root" GID="root" EUID="root" SUID="root" FSUID="root" EGID="root" SGID="root" FSGID="root"
type=EXECVE msg=audit(1768169953.101:1811): argc=3 a0="/usr/sbin/apache2" a1="-k" a2="start"
type=PATH msg=audit(1768169953.101:1811): item=0 name="/usr/sbin/apache2" inode=1457163 dev=08:02 mode=0100755 ouid=0 ogid=0 rdev=00:00 nametype=NORMAL cap_fp=0 cap_fi=0 cap_fe=0 cap_fver=0 cap_frootid=0OUID="root" OGID="root"
type=PATH msg=audit(1768169953.101:1811): item=1 name="/lib64/ld-linux-x86-64.so.2" inode=1481429 dev=08:02 mode=0100755 ouid=0 ogid=0 rdev=00:00 nametype=NORMAL cap_fp=0 cap_fi=0 cap_fe=0 cap_fver=0 cap_frootid=0OUID="root" OGID="root"
type=PROCTITLE msg=audit(1768169953.101:1811): proctitle=2F7573722F7362696E2F61706163686532002D6B007374617274
type=SYSCALL msg=audit(1768169953.112:1812): arch=c000003e syscall=42 success=yes exit=0 a0=3 a1=55cded97bc30 a2=1c a3=0 items=0 ppid=1448 pid=1450 auid=4294967295 uid=0 gid=0 euid=0 suid=0 fsuid=0 egid=0 sgid=0 fsgid=0 tty=(none) ses=4294967295 comm="apache2" exe="/usr/sbin/apache2" subj=unconfined key="T1043_Commonly_Used_Port"ARCH=x86_64 SYSCALL=connect AUID="unset" UID="root" GID="root" EUID="root" SUID="root" FSUID="root" EGID="root" SGID="root" FSGID="root"
type=SOCKADDR msg=audit(1768169953.112:1812): saddr=0A000000000000000000000000000000000000000000000000000000SADDR={ saddr_fam=inet6 laddr=:: lport=0 }
type=PROCTITLE msg=audit(1768169953.112:1812): proctitle=2F7573722F7362696E2F61706163686532002D6B007374617274
type=SYSCALL msg=audit(1768169953.112:1813): arch=c000003e syscall=42 success=yes exit=0 a0=3 a1=7ffe41338e60 a2=10 a3=0 items=0 ppid=1448 pid=1450 auid=4294967295 uid=0 gid=0 euid=0 suid=0 fsuid=0 egid=0 sgid=0 fsgid=0 tty=(none) ses=4294967295 comm="apache2" exe="/usr/sbin/apache2" subj=unconfined key="T1043_Commonly_Used_Port"ARCH=x86_64 SYSCALL=connect AUID="unset" UID="root" GID="root" EUID="root" SUID="root" FSUID="root" EGID="root" SGID="root" FSGID="root"
type=SOCKADDR msg=audit(1768169953.112:1813): saddr=00000000000000000000000000000000SADDR=unknown-family(0)
type=PROCTITLE msg=audit(1768169953.112:1813): proctitle=2F7573722F7362696E2F61706163686532002D6B007374617274
type=SYSCALL msg=audit(1768169953.113:1814): arch=c000003e syscall=42 success=yes exit=0 a0=3 a1=55cded97bc90 a2=10 a3=0 items=0 ppid=1448 pid=1450 auid=4294967295 uid=0 gid=0 euid=0 suid=0 fsuid=0 egid=0 sgid=0 fsgid=0 tty=(none) ses=4294967295 comm="apache2" exe="/usr/sbin/apache2" subj=unconfined key="T1043_Commonly_Used_Port"ARCH=x86_64 SYSCALL=connect AUID="unset" UID="root" GID="root" EUID="root" SUID="root" FSUID="root" EGID="root" SGID="root" FSGID="root"
type=SOCKADDR msg=audit(1768169953.113:1814): saddr=02000000000000000000000000000000SADDR={ saddr_fam=inet laddr=0.0.0.0 lport=0 }
type=PROCTITLE msg=audit(1768169953.113:1814): proctitle=2F7573722F7362696E2F61706163686532002D6B007374617274
type=SYSCALL msg=audit(1768169953.126:1815): arch=c000003e syscall=42 success=yes exit=0 a0=3 a1=55cded9a06c0 a2=1c a3=0 items=0 ppid=1448 pid=1450 auid=4294967295 uid=0 gid=0 euid=0 suid=0 fsuid=0 egid=0 sgid=0 fsgid=0 tty=(none) ses=4294967295 comm="apache2" exe="/usr/sbin/apache2" subj=unconfined key="T1043_Commonly_Used_Port"ARCH=x86_64 SYSCALL=connect AUID="unset" UID="root" GID="root" EUID="root" SUID="root" FSUID="root" EGID="root" SGID="root" FSGID="root"
type=SOCKADDR msg=audit(1768169953.126:1815): saddr=0A000050000000000000000000000000000000000000000000000000SADDR={ saddr_fam=inet6 laddr=:: lport=80 }
type=PROCTITLE msg=audit(1768169953.126:1815): proctitle=2F7573722F7362696E2F61706163686532002D6B007374617274
type=SYSCALL msg=audit(1768169953.126:1816): arch=c000003e syscall=42 success=yes exit=0 a0=3 a1=7ffe41338af0 a2=10 a3=0 items=0 ppid=1448 pid=1450 auid=4294967295 uid=0 gid=0 euid=0 suid=0 fsuid=0 egid=0 sgid=0 fsgid=0 tty=(none) ses=4294967295 comm="apache2" exe="/usr/sbin/apache2" subj=unconfined key="T1043_Commonly_Used_Port"ARCH=x86_64 SYSCALL=connect AUID="unset" UID="root" GID="root" EUID="root" SUID="root" FSUID="root" EGID="root" SGID="root" FSGID="root"
type=SOCKADDR msg=audit(1768169953.126:1816): saddr=00000000000000000000000000000000SADDR=unknown-family(0)
type=PROCTITLE msg=audit(1768169953.126:1816): proctitle=2F7573722F7362696E2F61706163686532002D6B007374617274
type=SYSCALL msg=audit(1768169953.126:1817): arch=c000003e syscall=42 success=yes exit=0 a0=3 a1=55cded99fe00 a2=10 a3=0 items=0 ppid=1448 pid=1450 auid=4294967295 uid=0 gid=0 euid=0 suid=0 fsuid=0 egid=0 sgid=0 fsgid=0 tty=(none) ses=4294967295 comm="apache2" exe="/usr/sbin/apache2" subj=unconfined key="T1043_Commonly_Used_Port"ARCH=x86_64 SYSCALL=connect AUID="unset" UID="root" GID="root" EUID="root" SUID="root" FSUID="root" EGID="root" SGID="root" FSGID="root"
type=SOCKADDR msg=audit(1768169953.126:1817): saddr=02000050000000000000000000000000SADDR={ saddr_fam=inet laddr=0.0.0.0 lport=80 }
type=PROCTITLE msg=audit(1768169953.126:1817): proctitle=2F7573722F7362696E2F61706163686532002D6B007374617274
type=SYSCALL msg=audit(1768169953.126:1818): arch=c000003e syscall=42 success=yes exit=0 a0=5 a1=55cded9a06c0 a2=1c a3=0 items=0 ppid=1448 pid=1450 auid=4294967295 uid=0 gid=0 euid=0 suid=0 fsuid=0 egid=0 sgid=0 fsgid=0 tty=(none) ses=4294967295 comm="apache2" exe="/usr/sbin/apache2" subj=unconfined key="T1043_Commonly_Used_Port"ARCH=x86_64 SYSCALL=connect AUID="unset" UID="root" GID="root" EUID="root" SUID="root" FSUID="root" EGID="root" SGID="root" FSGID="root"
type=SOCKADDR msg=audit(1768169953.126:1818): saddr=0A000050000000000000000000000000000000000000000000000000SADDR={ saddr_fam=inet6 laddr=:: lport=80 }
type=PROCTITLE msg=audit(1768169953.126:1818): proctitle=2F7573722F7362696E2F61706163686532002D6B007374617274
type=SYSCALL msg=audit(1768169953.126:1819): arch=c000003e syscall=42 success=yes exit=0 a0=5 a1=7ffe41338a90 a2=10 a3=0 items=0 ppid=1448 pid=1450 auid=4294967295 uid=0 gid=0 euid=0 suid=0 fsuid=0 egid=0 sgid=0 fsgid=0 tty=(none) ses=4294967295 comm="apache2" exe="/usr/sbin/apache2" subj=unconfined key="T1043_Commonly_Used_Port"ARCH=x86_64 SYSCALL=connect AUID="unset" UID="root" GID="root" EUID="root" SUID="root" FSUID="root" EGID="root" SGID="root" FSGID="root"
type=SOCKADDR msg=audit(1768169953.126:1819): saddr=00000000000000000000000000000000SADDR=unknown-family(0)
type=PROCTITLE msg=audit(1768169953.126:1819): proctitle=2F7573722F7362696E2F61706163686532002D6B007374617274
type=SYSCALL msg=audit(1768169953.126:1820): arch=c000003e syscall=42 success=yes exit=0 a0=5 a1=55cded99fe00 a2=10 a3=0 items=0 ppid=1448 pid=1450 auid=4294967295 uid=0 gid=0 euid=0 suid=0 fsuid=0 egid=0 sgid=0 fsgid=0 tty=(none) ses=4294967295 comm="apache2" exe="/usr/sbin/apache2" subj=unconfined key="T1043_Commonly_Used_Port"ARCH=x86_64 SYSCALL=connect AUID="unset" UID="root" GID="root" EUID="root" SUID="root" FSUID="root" EGID="root" SGID="root" FSGID="root"
type=SOCKADDR msg=audit(1768169953.126:1820): saddr=02000050000000000000000000000000SADDR={ saddr_fam=inet laddr=0.0.0.0 lport=80 }
type=PROCTITLE msg=audit(1768169953.126:1820): proctitle=2F7573722F7362696E2F61706163686532002D6B007374617274
type=SYSCALL msg=audit(1768169953.126:1821): arch=c000003e syscall=42 success=yes exit=0 a0=5 a1=702df9c0b694 a2=10 a3=7ffe413365f4 items=0 ppid=1448 pid=1450 auid=4294967295 uid=0 gid=0 euid=0 suid=0 fsuid=0 egid=0 sgid=0 fsgid=0 tty=(none) ses=4294967295 comm="apache2" exe="/usr/sbin/apache2" subj=unconfined key="T1043_Commonly_Used_Port"ARCH=x86_64 SYSCALL=connect AUID="unset" UID="root" GID="root" EUID="root" SUID="root" FSUID="root" EGID="root" SGID="root" FSGID="root"
type=SOCKADDR msg=audit(1768169953.126:1821): saddr=020000357F0000350000000000000000SADDR={ saddr_fam=inet laddr=127.0.0.53 lport=53 }
type=PROCTITLE msg=audit(1768169953.126:1821): proctitle=2F7573722F7362696E2F61706163686532002D6B007374617274
type=SYSCALL msg=audit(1768169953.238:1822): arch=c000003e syscall=42 success=yes exit=0 a0=5 a1=702df9c0b694 a2=10 a3=7ffe413365f4 items=0 ppid=1448 pid=1450 auid=4294967295 uid=0 gid=0 euid=0 suid=0 fsuid=0 egid=0 sgid=0 fsgid=0 tty=(none) ses=4294967295 comm="apache2" exe="/usr/sbin/apache2" subj=unconfined key="T1043_Commonly_Used_Port"ARCH=x86_64 SYSCALL=connect AUID="unset" UID="root" GID="root" EUID="root" SUID="root" FSUID="root" EGID="root" SGID="root" FSGID="root"
type=SOCKADDR msg=audit(1768169953.238:1822): saddr=020000357F0000350000000000000000SADDR={ saddr_fam=inet laddr=127.0.0.53 lport=53 }
type=PROCTITLE msg=audit(1768169953.238:1822): proctitle=2F7573722F7362696E2F61706163686532002D6B007374617274
type=SYSCALL msg=audit(1768169953.240:1823): arch=c000003e syscall=42 success=yes exit=0 a0=5 a1=55cded99fe00 a2=10 a3=0 items=0 ppid=1448 pid=1450 auid=4294967295 uid=0 gid=0 euid=0 suid=0 fsuid=0 egid=0 sgid=0 fsgid=0 tty=(none) ses=4294967295 comm="apache2" exe="/usr/sbin/apache2" subj=unconfined key="T1043_Commonly_Used_Port"ARCH=x86_64 SYSCALL=connect AUID="unset" UID="root" GID="root" EUID="root" SUID="root" FSUID="root" EGID="root" SGID="root" FSGID="root"
type=SOCKADDR msg=audit(1768169953.240:1823): saddr=020000000A00020F0000000000000000SADDR={ saddr_fam=inet laddr=10.0.2.15 lport=0 }
type=PROCTITLE msg=audit(1768169953.240:1823): proctitle=2F7573722F7362696E2F61706163686532002D6B007374617274
type=SYSCALL msg=audit(1768169953.240:1824): arch=c000003e syscall=42 success=yes exit=0 a0=5 a1=7ffe413384e0 a2=10 a3=0 items=0 ppid=1448 pid=1450 auid=4294967295 uid=0 gid=0 euid=0 suid=0 fsuid=0 egid=0 sgid=0 fsgid=0 tty=(none) ses=4294967295 comm="apache2" exe="/usr/sbin/apache2" subj=unconfined key="T1043_Commonly_Used_Port"ARCH=x86_64 SYSCALL=connect AUID="unset" UID="root" GID="root" EUID="root" SUID="root" FSUID="root" EGID="root" SGID="root" FSGID="root"
type=SOCKADDR msg=audit(1768169953.240:1824): saddr=00000000000000000000000000000000SADDR=unknown-family(0)
type=PROCTITLE msg=audit(1768169953.240:1824): proctitle=2F7573722F7362696E2F61706163686532002D6B007374617274
type=SYSCALL msg=audit(1768169953.240:1825): arch=c000003e syscall=42 success=yes exit=0 a0=5 a1=55cded97b640 a2=10 a3=0 items=0 ppid=1448 pid=1450 auid=4294967295 uid=0 gid=0 euid=0 suid=0 fsuid=0 egid=0 sgid=0 fsgid=0 tty=(none) ses=4294967295 comm="apache2" exe="/usr/sbin/apache2" subj=unconfined key="T1043_Commonly_Used_Port"ARCH=x86_64 SYSCALL=connect AUID="unset" UID="root" GID="root" EUID="root" SUID="root" FSUID="root" EGID="root" SGID="root" FSGID="root"
type=SOCKADDR msg=audit(1768169953.240:1825): saddr=02000000C0A8386B0000000000000000SADDR={ saddr_fam=inet laddr=192.168.56.107 lport=0 }
type=PROCTITLE msg=audit(1768169953.240:1825): proctitle=2F7573722F7362696E2F61706163686532002D6B007374617274
type=SYSCALL msg=audit(1768169953.240:1826): arch=c000003e syscall=42 success=yes exit=0 a0=5 a1=55cded9a06c0 a2=1c a3=0 items=0 ppid=1448 pid=1450 auid=4294967295 uid=0 gid=0 euid=0 suid=0 fsuid=0 egid=0 sgid=0 fsgid=0 tty=(none) ses=4294967295 comm="apache2" exe="/usr/sbin/apache2" subj=unconfined key="T1043_Commonly_Used_Port"ARCH=x86_64 SYSCALL=connect AUID="unset" UID="root" GID="root" EUID="root" SUID="root" FSUID="root" EGID="root" SGID="root" FSGID="root"
type=SOCKADDR msg=audit(1768169953.240:1826): saddr=0A00000000000000FD17625CF03700020A0027FFFE3F373900000000SADDR={ saddr_fam=inet6 laddr=fd17:625c:f037:2:a00:27ff:fe3f:3739 lport=0 }
type=PROCTITLE msg=audit(1768169953.240:1826): proctitle=2F7573722F7362696E2F61706163686532002D6B007374617274
type=SYSCALL msg=audit(1768169953.240:1827): arch=c000003e syscall=42 success=yes exit=0 a0=5 a1=7ffe413384e0 a2=10 a3=0 items=0 ppid=1448 pid=1450 auid=4294967295 uid=0 gid=0 euid=0 suid=0 fsuid=0 egid=0 sgid=0 fsgid=0 tty=(none) ses=4294967295 comm="apache2" exe="/usr/sbin/apache2" subj=unconfined key="T1043_Commonly_Used_Port"ARCH=x86_64 SYSCALL=connect AUID="unset" UID="root" GID="root" EUID="root" SUID="root" FSUID="root" EGID="root" SGID="root" FSGID="root"
type=SOCKADDR msg=audit(1768169953.240:1827): saddr=00000000000000000000000000000000SADDR=unknown-family(0)
type=PROCTITLE msg=audit(1768169953.240:1827): proctitle=2F7573722F7362696E2F61706163686532002D6B007374617274
type=SYSCALL msg=audit(1768169953.240:1828): arch=c000003e syscall=42 success=no exit=-22 a0=5 a1=55cded97b690 a2=1c a3=0 items=0 ppid=1448 pid=1450 auid=4294967295 uid=0 gid=0 euid=0 suid=0 fsuid=0 egid=0 sgid=0 fsgid=0 tty=(none) ses=4294967295 comm="apache2" exe="/usr/sbin/apache2" subj=unconfined key="T1043_Commonly_Used_Port"ARCH=x86_64 SYSCALL=connect AUID="unset" UID="root" GID="root" EUID="root" SUID="root" FSUID="root" EGID="root" SGID="root" FSGID="root"
type=SOCKADDR msg=audit(1768169953.240:1828): saddr=0A00000000000000FE800000000000000A0027FFFE3F373900000000SADDR={ saddr_fam=inet6 laddr=fe80::a00:27ff:fe3f:3739 lport=0 }
type=PROCTITLE msg=audit(1768169953.240:1828): proctitle=2F7573722F7362696E2F61706163686532002D6B007374617274
type=SYSCALL msg=audit(1768169953.240:1829): arch=c000003e syscall=42 success=yes exit=0 a0=5 a1=7ffe413384e0 a2=10 a3=0 items=0 ppid=1448 pid=1450 auid=4294967295 uid=0 gid=0 euid=0 suid=0 fsuid=0 egid=0 sgid=0 fsgid=0 tty=(none) ses=4294967295 comm="apache2" exe="/usr/sbin/apache2" subj=unconfined key="T1043_Commonly_Used_Port"ARCH=x86_64 SYSCALL=connect AUID="unset" UID="root" GID="root" EUID="root" SUID="root" FSUID="root" EGID="root" SGID="root" FSGID="root"
type=SOCKADDR msg=audit(1768169953.240:1829): saddr=00000000000000000000000000000000SADDR=unknown-family(0)
type=PROCTITLE msg=audit(1768169953.240:1829): proctitle=2F7573722F7362696E2F61706163686532002D6B007374617274
type=SYSCALL msg=audit(1768169953.240:1830): arch=c000003e syscall=42 success=no exit=-22 a0=5 a1=55cded97b6f0 a2=1c a3=0 items=0 ppid=1448 pid=1450 auid=4294967295 uid=0 gid=0 euid=0 suid=0 fsuid=0 egid=0 sgid=0 fsgid=0 tty=(none) ses=4294967295 comm="apache2" exe="/usr/sbin/apache2" subj=unconfined key="T1043_Commonly_Used_Port"ARCH=x86_64 SYSCALL=connect AUID="unset" UID="root" GID="root" EUID="root" SUID="root" FSUID="root" EGID="root" SGID="root" FSGID="root"
type=SOCKADDR msg=audit(1768169953.240:1830): saddr=0A00000000000000FE800000000000000A0027FFFE270D1D00000000SADDR={ saddr_fam=inet6 laddr=fe80::a00:27ff:fe27:d1d lport=0 }
type=PROCTITLE msg=audit(1768169953.240:1830): proctitle=2F7573722F7362696E2F61706163686532002D6B007374617274
type=SYSCALL msg=audit(1768169953.240:1831): arch=c000003e syscall=42 success=yes exit=0 a0=5 a1=702df9c0b694 a2=10 a3=7ffe41336d04 items=0 ppid=1448 pid=1450 auid=4294967295 uid=0 gid=0 euid=0 suid=0 fsuid=0 egid=0 sgid=0 fsgid=0 tty=(none) ses=4294967295 comm="apache2" exe="/usr/sbin/apache2" subj=unconfined key="T1043_Commonly_Used_Port"ARCH=x86_64 SYSCALL=connect AUID="unset" UID="root" GID="root" EUID="root" SUID="root" FSUID="root" EGID="root" SGID="root" FSGID="root"
type=SOCKADDR msg=audit(1768169953.240:1831): saddr=020000357F0000350000000000000000SADDR={ saddr_fam=inet laddr=127.0.0.53 lport=53 }
type=PROCTITLE msg=audit(1768169953.240:1831): proctitle=2F7573722F7362696E2F61706163686532002D6B007374617274
type=SYSCALL msg=audit(1768169953.290:1832): arch=c000003e syscall=42 success=yes exit=0 a0=5 a1=55cded97b6f0 a2=1c a3=0 items=0 ppid=1448 pid=1450 auid=4294967295 uid=0 gid=0 euid=0 suid=0 fsuid=0 egid=0 sgid=0 fsgid=0 tty=(none) ses=4294967295 comm="apache2" exe="/usr/sbin/apache2" subj=unconfined key="T1043_Commonly_Used_Port"ARCH=x86_64 SYSCALL=connect AUID="unset" UID="root" GID="root" EUID="root" SUID="root" FSUID="root" EGID="root" SGID="root" FSGID="root"
type=SOCKADDR msg=audit(1768169953.290:1832): saddr=0A000000000000000000000000000000000000000000000000000000SADDR={ saddr_fam=inet6 laddr=:: lport=0 }
type=PROCTITLE msg=audit(1768169953.290:1832): proctitle=2F7573722F7362696E2F61706163686532002D6B007374617274
type=SYSCALL msg=audit(1768169953.291:1833): arch=c000003e syscall=42 success=yes exit=0 a0=5 a1=7ffe41338e60 a2=10 a3=0 items=0 ppid=1448 pid=1450 auid=4294967295 uid=0 gid=0 euid=0 suid=0 fsuid=0 egid=0 sgid=0 fsgid=0 tty=(none) ses=4294967295 comm="apache2" exe="/usr/sbin/apache2" subj=unconfined key="T1043_Commonly_Used_Port"ARCH=x86_64 SYSCALL=connect AUID="unset" UID="root" GID="root" EUID="root" SUID="root" FSUID="root" EGID="root" SGID="root" FSGID="root"
type=SOCKADDR msg=audit(1768169953.291:1833): saddr=00000000000000000000000000000000SADDR=unknown-family(0)
type=PROCTITLE msg=audit(1768169953.291:1833): proctitle=2F7573722F7362696E2F61706163686532002D6B007374617274
type=SYSCALL msg=audit(1768169953.291:1834): arch=c000003e syscall=42 success=yes exit=0 a0=5 a1=55cded97bc90 a2=10 a3=0 items=0 ppid=1448 pid=1450 auid=4294967295 uid=0 gid=0 euid=0 suid=0 fsuid=0 egid=0 sgid=0 fsgid=0 tty=(none) ses=4294967295 comm="apache2" exe="/usr/sbin/apache2" subj=unconfined key="T1043_Commonly_Used_Port"ARCH=x86_64 SYSCALL=connect AUID="unset" UID="root" GID="root" EUID="root" SUID="root" FSUID="root" EGID="root" SGID="root" FSGID="root"
type=SOCKADDR msg=audit(1768169953.291:1834): saddr=02000000000000000000000000000000SADDR={ saddr_fam=inet laddr=0.0.0.0 lport=0 }
type=PROCTITLE msg=audit(1768169953.291:1834): proctitle=2F7573722F7362696E2F61706163686532002D6B007374617274
type=SYSCALL msg=audit(1768169953.303:1835): arch=c000003e syscall=42 success=yes exit=0 a0=5 a1=55cded97b6f0 a2=1c a3=0 items=0 ppid=1 pid=1451 auid=4294967295 uid=0 gid=0 euid=0 suid=0 fsuid=0 egid=0 sgid=0 fsgid=0 tty=(none) ses=4294967295 comm="apache2" exe="/usr/sbin/apache2" subj=unconfined key="T1043_Commonly_Used_Port"ARCH=x86_64 SYSCALL=connect AUID="unset" UID="root" GID="root" EUID="root" SUID="root" FSUID="root" EGID="root" SGID="root" FSGID="root"
type=SOCKADDR msg=audit(1768169953.303:1835): saddr=0A000050000000000000000000000000000000000000000000000000SADDR={ saddr_fam=inet6 laddr=:: lport=80 }
type=PROCTITLE msg=audit(1768169953.303:1835): proctitle=2F7573722F7362696E2F61706163686532002D6B007374617274
type=SYSCALL msg=audit(1768169953.303:1836): arch=c000003e syscall=42 success=yes exit=0 a0=5 a1=7ffe41338a90 a2=10 a3=0 items=0 ppid=1 pid=1451 auid=4294967295 uid=0 gid=0 euid=0 suid=0 fsuid=0 egid=0 sgid=0 fsgid=0 tty=(none) ses=4294967295 comm="apache2" exe="/usr/sbin/apache2" subj=unconfined key="T1043_Commonly_Used_Port"ARCH=x86_64 SYSCALL=connect AUID="unset" UID="root" GID="root" EUID="root" SUID="root" FSUID="root" EGID="root" SGID="root" FSGID="root"
type=SOCKADDR msg=audit(1768169953.303:1836): saddr=00000000000000000000000000000000SADDR=unknown-family(0)
type=PROCTITLE msg=audit(1768169953.303:1836): proctitle=2F7573722F7362696E2F61706163686532002D6B007374617274
type=SYSCALL msg=audit(1768169953.303:1837): arch=c000003e syscall=42 success=yes exit=0 a0=5 a1=55cded98acc0 a2=10 a3=0 items=0 ppid=1 pid=1451 auid=4294967295 uid=0 gid=0 euid=0 suid=0 fsuid=0 egid=0 sgid=0 fsgid=0 tty=(none) ses=4294967295 comm="apache2" exe="/usr/sbin/apache2" subj=unconfined key="T1043_Commonly_Used_Port"ARCH=x86_64 SYSCALL=connect AUID="unset" UID="root" GID="root" EUID="root" SUID="root" FSUID="root" EGID="root" SGID="root" FSGID="root"
type=SOCKADDR msg=audit(1768169953.303:1837): saddr=02000050000000000000000000000000SADDR={ saddr_fam=inet laddr=0.0.0.0 lport=80 }
type=PROCTITLE msg=audit(1768169953.303:1837): proctitle=2F7573722F7362696E2F61706163686532002D6B007374617274
type=SYSCALL msg=audit(1768169953.303:1838): arch=c000003e syscall=42 success=yes exit=0 a0=5 a1=702df9c0b694 a2=10 a3=7ffe413365f4 items=0 ppid=1 pid=1451 auid=4294967295 uid=0 gid=0 euid=0 suid=0 fsuid=0 egid=0 sgid=0 fsgid=0 tty=(none) ses=4294967295 comm="apache2" exe="/usr/sbin/apache2" subj=unconfined key="T1043_Commonly_Used_Port"ARCH=x86_64 SYSCALL=connect AUID="unset" UID="root" GID="root" EUID="root" SUID="root" FSUID="root" EGID="root" SGID="root" FSGID="root"
type=SOCKADDR msg=audit(1768169953.303:1838): saddr=020000357F0000350000000000000000SADDR={ saddr_fam=inet laddr=127.0.0.53 lport=53 }
type=PROCTITLE msg=audit(1768169953.303:1838): proctitle=2F7573722F7362696E2F61706163686532002D6B007374617274
type=SERVICE_START msg=audit(1768169953.307:1839): pid=1 uid=0 auid=4294967295 ses=4294967295 subj=unconfined msg='unit=apache2 comm="systemd" exe="/usr/lib/systemd/systemd" hostname=? addr=? terminal=? res=success'UID="root" AUID="unset"
type=SYSCALL msg=audit(1768169953.353:1840): arch=c000003e syscall=42 success=yes exit=0 a0=5 a1=702df9c0b694 a2=10 a3=7ffe413365f4 items=0 ppid=1 pid=1451 auid=4294967295 uid=0 gid=0 euid=0 suid=0 fsuid=0 egid=0 sgid=0 fsgid=0 tty=(none) ses=4294967295 comm="apache2" exe="/usr/sbin/apache2" subj=unconfined key="T1043_Commonly_Used_Port"ARCH=x86_64 SYSCALL=connect AUID="unset" UID="root" GID="root" EUID="root" SUID="root" FSUID="root" EGID="root" SGID="root" FSGID="root"
type=SOCKADDR msg=audit(1768169953.353:1840): saddr=020000357F0000350000000000000000SADDR={ saddr_fam=inet laddr=127.0.0.53 lport=53 }
type=PROCTITLE msg=audit(1768169953.353:1840): proctitle=2F7573722F7362696E2F61706163686532002D6B007374617274
type=SYSCALL msg=audit(1768169953.354:1841): arch=c000003e syscall=42 success=yes exit=0 a0=5 a1=55cded98acc0 a2=10 a3=0 items=0 ppid=1 pid=1451 auid=4294967295 uid=0 gid=0 euid=0 suid=0 fsuid=0 egid=0 sgid=0 fsgid=0 tty=(none) ses=4294967295 comm="apache2" exe="/usr/sbin/apache2" subj=unconfined key="T1043_Commonly_Used_Port"ARCH=x86_64 SYSCALL=connect AUID="unset" UID="root" GID="root" EUID="root" SUID="root" FSUID="root" EGID="root" SGID="root" FSGID="root"
type=SOCKADDR msg=audit(1768169953.354:1841): saddr=020000000A00020F0000000000000000SADDR={ saddr_fam=inet laddr=10.0.2.15 lport=0 }
type=PROCTITLE msg=audit(1768169953.354:1841): proctitle=2F7573722F7362696E2F61706163686532002D6B007374617274
type=SYSCALL msg=audit(1768169953.354:1842): arch=c000003e syscall=42 success=yes exit=0 a0=5 a1=7ffe413384e0 a2=10 a3=0 items=0 ppid=1 pid=1451 auid=4294967295 uid=0 gid=0 euid=0 suid=0 fsuid=0 egid=0 sgid=0 fsgid=0 tty=(none) ses=4294967295 comm="apache2" exe="/usr/sbin/apache2" subj=unconfined key="T1043_Commonly_Used_Port"ARCH=x86_64 SYSCALL=connect AUID="unset" UID="root" GID="root" EUID="root" SUID="root" FSUID="root" EGID="root" SGID="root" FSGID="root"
type=SOCKADDR msg=audit(1768169953.354:1842): saddr=00000000000000000000000000000000SADDR=unknown-family(0)
type=PROCTITLE msg=audit(1768169953.354:1842): proctitle=2F7573722F7362696E2F61706163686532002D6B007374617274
type=SYSCALL msg=audit(1768169953.354:1843): arch=c000003e syscall=42 success=yes exit=0 a0=5 a1=55cded97b640 a2=10 a3=0 items=0 ppid=1 pid=1451 auid=4294967295 uid=0 gid=0 euid=0 suid=0 fsuid=0 egid=0 sgid=0 fsgid=0 tty=(none) ses=4294967295 comm="apache2" exe="/usr/sbin/apache2" subj=unconfined key="T1043_Commonly_Used_Port"ARCH=x86_64 SYSCALL=connect AUID="unset" UID="root" GID="root" EUID="root" SUID="root" FSUID="root" EGID="root" SGID="root" FSGID="root"
type=SOCKADDR msg=audit(1768169953.354:1843): saddr=02000000C0A8386B0000000000000000SADDR={ saddr_fam=inet laddr=192.168.56.107 lport=0 }
type=PROCTITLE msg=audit(1768169953.354:1843): proctitle=2F7573722F7362696E2F61706163686532002D6B007374617274
type=SYSCALL msg=audit(1768169953.354:1844): arch=c000003e syscall=42 success=yes exit=0 a0=5 a1=55cded97b6f0 a2=1c a3=0 items=0 ppid=1 pid=1451 auid=4294967295 uid=0 gid=0 euid=0 suid=0 fsuid=0 egid=0 sgid=0 fsgid=0 tty=(none) ses=4294967295 comm="apache2" exe="/usr/sbin/apache2" subj=unconfined key="T1043_Commonly_Used_Port"ARCH=x86_64 SYSCALL=connect AUID="unset" UID="root" GID="root" EUID="root" SUID="root" FSUID="root" EGID="root" SGID="root" FSGID="root"
type=SOCKADDR msg=audit(1768169953.354:1844): saddr=0A00000000000000FD17625CF03700020A0027FFFE3F373900000000SADDR={ saddr_fam=inet6 laddr=fd17:625c:f037:2:a00:27ff:fe3f:3739 lport=0 }
type=PROCTITLE msg=audit(1768169953.354:1844): proctitle=2F7573722F7362696E2F61706163686532002D6B007374617274
type=SYSCALL msg=audit(1768169953.354:1845): arch=c000003e syscall=42 success=yes exit=0 a0=5 a1=7ffe413384e0 a2=10 a3=0 items=0 ppid=1 pid=1451 auid=4294967295 uid=0 gid=0 euid=0 suid=0 fsuid=0 egid=0 sgid=0 fsgid=0 tty=(none) ses=4294967295 comm="apache2" exe="/usr/sbin/apache2" subj=unconfined key="T1043_Commonly_Used_Port"ARCH=x86_64 SYSCALL=connect AUID="unset" UID="root" GID="root" EUID="root" SUID="root" FSUID="root" EGID="root" SGID="root" FSGID="root"
type=SOCKADDR msg=audit(1768169953.354:1845): saddr=00000000000000000000000000000000SADDR=unknown-family(0)
type=PROCTITLE msg=audit(1768169953.354:1845): proctitle=2F7573722F7362696E2F61706163686532002D6B007374617274
type=SYSCALL msg=audit(1768169953.354:1846): arch=c000003e syscall=42 success=no exit=-22 a0=5 a1=55cded97b690 a2=1c a3=0 items=0 ppid=1 pid=1451 auid=4294967295 uid=0 gid=0 euid=0 suid=0 fsuid=0 egid=0 sgid=0 fsgid=0 tty=(none) ses=4294967295 comm="apache2" exe="/usr/sbin/apache2" subj=unconfined key="T1043_Commonly_Used_Port"ARCH=x86_64 SYSCALL=connect AUID="unset" UID="root" GID="root" EUID="root" SUID="root" FSUID="root" EGID="root" SGID="root" FSGID="root"
type=SOCKADDR msg=audit(1768169953.354:1846): saddr=0A00000000000000FE800000000000000A0027FFFE3F373900000000SADDR={ saddr_fam=inet6 laddr=fe80::a00:27ff:fe3f:3739 lport=0 }
type=PROCTITLE msg=audit(1768169953.354:1846): proctitle=2F7573722F7362696E2F61706163686532002D6B007374617274
type=SYSCALL msg=audit(1768169953.354:1847): arch=c000003e syscall=42 success=yes exit=0 a0=5 a1=7ffe413384e0 a2=10 a3=0 items=0 ppid=1 pid=1451 auid=4294967295 uid=0 gid=0 euid=0 suid=0 fsuid=0 egid=0 sgid=0 fsgid=0 tty=(none) ses=4294967295 comm="apache2" exe="/usr/sbin/apache2" subj=unconfined key="T1043_Commonly_Used_Port"ARCH=x86_64 SYSCALL=connect AUID="unset" UID="root" GID="root" EUID="root" SUID="root" FSUID="root" EGID="root" SGID="root" FSGID="root"
type=SOCKADDR msg=audit(1768169953.354:1847): saddr=00000000000000000000000000000000SADDR=unknown-family(0)
type=PROCTITLE msg=audit(1768169953.354:1847): proctitle=2F7573722F7362696E2F61706163686532002D6B007374617274
type=SYSCALL msg=audit(1768169953.354:1848): arch=c000003e syscall=42 success=no exit=-22 a0=5 a1=55cded9a06c0 a2=1c a3=0 items=0 ppid=1 pid=1451 auid=4294967295 uid=0 gid=0 euid=0 suid=0 fsuid=0 egid=0 sgid=0 fsgid=0 tty=(none) ses=4294967295 comm="apache2" exe="/usr/sbin/apache2" subj=unconfined key="T1043_Commonly_Used_Port"ARCH=x86_64 SYSCALL=connect AUID="unset" UID="root" GID="root" EUID="root" SUID="root" FSUID="root" EGID="root" SGID="root" FSGID="root"
type=SOCKADDR msg=audit(1768169953.354:1848): saddr=0A00000000000000FE800000000000000A0027FFFE270D1D00000000SADDR={ saddr_fam=inet6 laddr=fe80::a00:27ff:fe27:d1d lport=0 }
type=PROCTITLE msg=audit(1768169953.354:1848): proctitle=2F7573722F7362696E2F61706163686532002D6B007374617274
type=SYSCALL msg=audit(1768169953.355:1849): arch=c000003e syscall=42 success=yes exit=0 a0=5 a1=702df9c0b694 a2=10 a3=7ffe41336d04 items=0 ppid=1 pid=1451 auid=4294967295 uid=0 gid=0 euid=0 suid=0 fsuid=0 egid=0 sgid=0 fsgid=0 tty=(none) ses=4294967295 comm="apache2" exe="/usr/sbin/apache2" subj=unconfined key="T1043_Commonly_Used_Port"ARCH=x86_64 SYSCALL=connect AUID="unset" UID="root" GID="root" EUID="root" SUID="root" FSUID="root" EGID="root" SGID="root" FSGID="root"
type=SOCKADDR msg=audit(1768169953.355:1849): saddr=020000357F0000350000000000000000SADDR={ saddr_fam=inet laddr=127.0.0.53 lport=53 }
type=PROCTITLE msg=audit(1768169953.355:1849): proctitle=2F7573722F7362696E2F61706163686532002D6B007374617274
type=SYSCALL msg=audit(1768169953.421:1850): arch=c000003e syscall=106 success=yes exit=0 a0=21 a1=702df99d14a0 a2=0 a3=22 items=0 ppid=1451 pid=1453 auid=4294967295 uid=0 gid=33 euid=0 suid=0 fsuid=0 egid=33 sgid=33 fsgid=33 tty=(none) ses=4294967295 comm="apache2" exe="/usr/sbin/apache2" subj=unconfined key="T1166_Seuid_and_Setgid"ARCH=x86_64 SYSCALL=setgid AUID="unset" UID="root" GID="www-data" EUID="root" SUID="root" FSUID="root" EGID="www-data" SGID="www-data" FSGID="www-data"
type=PROCTITLE msg=audit(1768169953.421:1850): proctitle=2F7573722F7362696E2F61706163686532002D6B007374617274
type=SYSCALL msg=audit(1768169953.421:1851): arch=c000003e syscall=42 success=yes exit=0 a0=c a1=7ffe413392b0 a2=2d a3=55cdedd8b1e0 items=1 ppid=1451 pid=1453 auid=4294967295 uid=0 gid=33 euid=0 suid=0 fsuid=0 egid=33 sgid=33 fsgid=33 tty=(none) ses=4294967295 comm="apache2" exe="/usr/sbin/apache2" subj=unconfined key="T1043_Commonly_Used_Port"ARCH=x86_64 SYSCALL=connect AUID="unset" UID="root" GID="www-data" EUID="root" SUID="root" FSUID="root" EGID="www-data" SGID="www-data" FSGID="www-data"
type=SOCKADDR msg=audit(1768169953.421:1851): saddr=01002F72756E2F73797374656D642F7573657264622F696F2E73797374656D642E44796E616D69635573657200SADDR={ saddr_fam=local path=/run/systemd/userdb/io.systemd.DynamicUser }
type=PATH msg=audit(1768169953.421:1851): item=0 name="/run/systemd/userdb/io.systemd.DynamicUser" inode=437 dev=00:18 mode=0140666 ouid=0 ogid=0 rdev=00:00 nametype=NORMAL cap_fp=0 cap_fi=0 cap_fe=0 cap_fver=0 cap_frootid=0OUID="root" OGID="root"
type=PROCTITLE msg=audit(1768169953.421:1851): proctitle=2F7573722F7362696E2F61706163686532002D6B007374617274
type=SYSCALL msg=audit(1768169953.425:1852): arch=c000003e syscall=106 success=yes exit=0 a0=21 a1=702df99d14a0 a2=0 a3=22 items=0 ppid=1451 pid=1455 auid=4294967295 uid=0 gid=33 euid=0 suid=0 fsuid=0 egid=33 sgid=33 fsgid=33 tty=(none) ses=4294967295 comm="apache2" exe="/usr/sbin/apache2" subj=unconfined key="T1166_Seuid_and_Setgid"ARCH=x86_64 SYSCALL=setgid AUID="unset" UID="root" GID="www-data" EUID="root" SUID="root" FSUID="root" EGID="www-data" SGID="www-data" FSGID="www-data"
type=SYSCALL msg=audit(1768169953.425:1853): arch=c000003e syscall=106 success=yes exit=0 a0=21 a1=702df99d14a0 a2=0 a3=22 items=0 ppid=1451 pid=1454 auid=4294967295 uid=0 gid=33 euid=0 suid=0 fsuid=0 egid=33 sgid=33 fsgid=33 tty=(none) ses=4294967295 comm="apache2" exe="/usr/sbin/apache2" subj=unconfined key="T1166_Seuid_and_Setgid"ARCH=x86_64 SYSCALL=setgid AUID="unset" UID="root" GID="www-data" EUID="root" SUID="root" FSUID="root" EGID="www-data" SGID="www-data" FSGID="www-data"
type=SYSCALL msg=audit(1768169953.425:1854): arch=c000003e syscall=105 success=yes exit=0 a0=21 a1=55cdedd4a920 a2=55c8b17305aa a3=55cdedd4a930 items=0 ppid=1451 pid=1453 auid=4294967295 uid=33 gid=33 euid=33 suid=33 fsuid=33 egid=33 sgid=33 fsgid=33 tty=(none) ses=4294967295 comm="apache2" exe="/usr/sbin/apache2" subj=unconfined key="T1166_Seuid_and_Setgid"ARCH=x86_64 SYSCALL=setuid AUID="unset" UID="www-data" GID="www-data" EUID="www-data" SUID="www-data" FSUID="www-data" EGID="www-data" SGID="www-data" FSGID="www-data"
type=PROCTITLE msg=audit(1768169953.425:1854): proctitle=2F7573722F7362696E2F61706163686532002D6B007374617274
type=PROCTITLE msg=audit(1768169953.425:1852): proctitle=2F7573722F7362696E2F61706163686532002D6B007374617274
type=SYSCALL msg=audit(1768169953.428:1855): arch=c000003e syscall=42 success=yes exit=0 a0=c a1=7ffe413392b0 a2=2d a3=55cdedd8b1e0 items=1 ppid=1451 pid=1455 auid=4294967295 uid=0 gid=33 euid=0 suid=0 fsuid=0 egid=33 sgid=33 fsgid=33 tty=(none) ses=4294967295 comm="apache2" exe="/usr/sbin/apache2" subj=unconfined key="T1043_Commonly_Used_Port"ARCH=x86_64 SYSCALL=connect AUID="unset" UID="root" GID="www-data" EUID="root" SUID="root" FSUID="root" EGID="www-data" SGID="www-data" FSGID="www-data"
type=SOCKADDR msg=audit(1768169953.428:1855): saddr=01002F72756E2F73797374656D642F7573657264622F696F2E73797374656D642E44796E616D69635573657200SADDR={ saddr_fam=local path=/run/systemd/userdb/io.systemd.DynamicUser }
type=PATH msg=audit(1768169953.428:1855): item=0 name="/run/systemd/userdb/io.systemd.DynamicUser" inode=437 dev=00:18 mode=0140666 ouid=0 ogid=0 rdev=00:00 nametype=NORMAL cap_fp=0 cap_fi=0 cap_fe=0 cap_fver=0 cap_frootid=0OUID="root" OGID="root"
type=PROCTITLE msg=audit(1768169953.428:1855): proctitle=2F7573722F7362696E2F61706163686532002D6B007374617274
type=PROCTITLE msg=audit(1768169953.425:1853): proctitle=2F7573722F7362696E2F61706163686532002D6B007374617274
type=SYSCALL msg=audit(1768169953.429:1856): arch=c000003e syscall=106 success=yes exit=0 a0=21 a1=702df99d14a0 a2=0 a3=22 items=0 ppid=1451 pid=1456 auid=4294967295 uid=0 gid=33 euid=0 suid=0 fsuid=0 egid=33 sgid=33 fsgid=33 tty=(none) ses=4294967295 comm="apache2" exe="/usr/sbin/apache2" subj=unconfined key="T1166_Seuid_and_Setgid"ARCH=x86_64 SYSCALL=setgid AUID="unset" UID="root" GID="www-data" EUID="root" SUID="root" FSUID="root" EGID="www-data" SGID="www-data" FSGID="www-data"
type=PROCTITLE msg=audit(1768169953.429:1856): proctitle=2F7573722F7362696E2F61706163686532002D6B007374617274
type=SYSCALL msg=audit(1768169953.430:1857): arch=c000003e syscall=105 success=yes exit=0 a0=21 a1=55cdedd4a920 a2=55c8b17305aa a3=55cdedd4a930 items=0 ppid=1451 pid=1455 auid=4294967295 uid=33 gid=33 euid=33 suid=33 fsuid=33 egid=33 sgid=33 fsgid=33 tty=(none) ses=4294967295 comm="apache2" exe="/usr/sbin/apache2" subj=unconfined key="T1166_Seuid_and_Setgid"ARCH=x86_64 SYSCALL=setuid AUID="unset" UID="www-data" GID="www-data" EUID="www-data" SUID="www-data" FSUID="www-data" EGID="www-data" SGID="www-data" FSGID="www-data"
type=PROCTITLE msg=audit(1768169953.430:1857): proctitle=2F7573722F7362696E2F61706163686532002D6B007374617274
type=SYSCALL msg=audit(1768169953.431:1858): arch=c000003e syscall=42 success=yes exit=0 a0=c a1=7ffe413392b0 a2=2d a3=55cdedd8b1e0 items=1 ppid=1451 pid=1456 auid=4294967295 uid=0 gid=33 euid=0 suid=0 fsuid=0 egid=33 sgid=33 fsgid=33 tty=(none) ses=4294967295 comm="apache2" exe="/usr/sbin/apache2" subj=unconfined key="T1043_Commonly_Used_Port"ARCH=x86_64 SYSCALL=connect AUID="unset" UID="root" GID="www-data" EUID="root" SUID="root" FSUID="root" EGID="www-data" SGID="www-data" FSGID="www-data"
type=SOCKADDR msg=audit(1768169953.431:1858): saddr=01002F72756E2F73797374656D642F7573657264622F696F2E73797374656D642E44796E616D69635573657200SADDR={ saddr_fam=local path=/run/systemd/userdb/io.systemd.DynamicUser }
type=PATH msg=audit(1768169953.431:1858): item=0 name="/run/systemd/userdb/io.systemd.DynamicUser" inode=437 dev=00:18 mode=0140666 ouid=0 ogid=0 rdev=00:00 nametype=NORMAL cap_fp=0 cap_fi=0 cap_fe=0 cap_fver=0 cap_frootid=0OUID="root" OGID="root"
type=PROCTITLE msg=audit(1768169953.431:1858): proctitle=2F7573722F7362696E2F61706163686532002D6B007374617274
type=SYSCALL msg=audit(1768169953.431:1859): arch=c000003e syscall=42 success=yes exit=0 a0=c a1=7ffe413392b0 a2=2d a3=55cdedd8b1e0 items=1 ppid=1451 pid=1454 auid=4294967295 uid=0 gid=33 euid=0 suid=0 fsuid=0 egid=33 sgid=33 fsgid=33 tty=(none) ses=4294967295 comm="apache2" exe="/usr/sbin/apache2" subj=unconfined key="T1043_Commonly_Used_Port"ARCH=x86_64 SYSCALL=connect AUID="unset" UID="root" GID="www-data" EUID="root" SUID="root" FSUID="root" EGID="www-data" SGID="www-data" FSGID="www-data"
type=SOCKADDR msg=audit(1768169953.431:1859): saddr=01002F72756E2F73797374656D642F7573657264622F696F2E73797374656D642E44796E616D69635573657200SADDR={ saddr_fam=local path=/run/systemd/userdb/io.systemd.DynamicUser }
type=PATH msg=audit(1768169953.431:1859): item=0 name="/run/systemd/userdb/io.systemd.DynamicUser" inode=437 dev=00:18 mode=0140666 ouid=0 ogid=0 rdev=00:00 nametype=NORMAL cap_fp=0 cap_fi=0 cap_fe=0 cap_fver=0 cap_frootid=0OUID="root" OGID="root"
type=SYSCALL msg=audit(1768169953.434:1860): arch=c000003e syscall=105 success=yes exit=0 a0=21 a1=55cdedd4a920 a2=55c8b17305aa a3=55cdedd4a930 items=0 ppid=1451 pid=1456 auid=4294967295 uid=33 gid=33 euid=33 suid=33 fsuid=33 egid=33 sgid=33 fsgid=33 tty=(none) ses=4294967295 comm="apache2" exe="/usr/sbin/apache2" subj=unconfined key="T1166_Seuid_and_Setgid"ARCH=x86_64 SYSCALL=setuid AUID="unset" UID="www-data" GID="www-data" EUID="www-data" SUID="www-data" FSUID="www-data" EGID="www-data" SGID="www-data" FSGID="www-data"
type=PROCTITLE msg=audit(1768169953.434:1860): proctitle=2F7573722F7362696E2F61706163686532002D6B007374617274
type=PROCTITLE msg=audit(1768169953.431:1859): proctitle=2F7573722F7362696E2F61706163686532002D6B007374617274
type=SYSCALL msg=audit(1768169953.436:1861): arch=c000003e syscall=105 success=yes exit=0 a0=21 a1=55cdedd4a920 a2=55c8b17305aa a3=55cdedd4a930 items=0 ppid=1451 pid=1454 auid=4294967295 uid=33 gid=33 euid=33 suid=33 fsuid=33 egid=33 sgid=33 fsgid=33 tty=(none) ses=4294967295 comm="apache2" exe="/usr/sbin/apache2" subj=unconfined key="T1166_Seuid_and_Setgid"ARCH=x86_64 SYSCALL=setuid AUID="unset" UID="www-data" GID="www-data" EUID="www-data" SUID="www-data" FSUID="www-data" EGID="www-data" SGID="www-data" FSGID="www-data"
type=PROCTITLE msg=audit(1768169953.436:1861): proctitle=2F7573722F7362696E2F61706163686532002D6B007374617274
type=SYSCALL msg=audit(1768169953.436:1862): arch=c000003e syscall=106 success=yes exit=0 a0=21 a1=702df99d14a0 a2=0 a3=22 items=0 ppid=1451 pid=1457 auid=4294967295 uid=0 gid=33 euid=0 suid=0 fsuid=0 egid=33 sgid=33 fsgid=33 tty=(none) ses=4294967295 comm="apache2" exe="/usr/sbin/apache2" subj=unconfined key="T1166_Seuid_and_Setgid"ARCH=x86_64 SYSCALL=setgid AUID="unset" UID="root" GID="www-data" EUID="root" SUID="root" FSUID="root" EGID="www-data" SGID="www-data" FSGID="www-data"
type=PROCTITLE msg=audit(1768169953.436:1862): proctitle=2F7573722F7362696E2F61706163686532002D6B007374617274
type=SYSCALL msg=audit(1768169953.438:1863): arch=c000003e syscall=42 success=yes exit=0 a0=c a1=7ffe413392b0 a2=2d a3=55cdedd8b1e0 items=1 ppid=1451 pid=1457 auid=4294967295 uid=0 gid=33 euid=0 suid=0 fsuid=0 egid=33 sgid=33 fsgid=33 tty=(none) ses=4294967295 comm="apache2" exe="/usr/sbin/apache2" subj=unconfined key="T1043_Commonly_Used_Port"ARCH=x86_64 SYSCALL=connect AUID="unset" UID="root" GID="www-data" EUID="root" SUID="root" FSUID="root" EGID="www-data" SGID="www-data" FSGID="www-data"
type=SOCKADDR msg=audit(1768169953.438:1863): saddr=01002F72756E2F73797374656D642F7573657264622F696F2E73797374656D642E44796E616D69635573657200SADDR={ saddr_fam=local path=/run/systemd/userdb/io.systemd.DynamicUser }
type=PATH msg=audit(1768169953.438:1863): item=0 name="/run/systemd/userdb/io.systemd.DynamicUser" inode=437 dev=00:18 mode=0140666 ouid=0 ogid=0 rdev=00:00 nametype=NORMAL cap_fp=0 cap_fi=0 cap_fe=0 cap_fver=0 cap_frootid=0OUID="root" OGID="root"
type=PROCTITLE msg=audit(1768169953.438:1863): proctitle=2F7573722F7362696E2F61706163686532002D6B007374617274
type=SYSCALL msg=audit(1768169953.440:1864): arch=c000003e syscall=105 success=yes exit=0 a0=21 a1=55cdedd4a920 a2=55c8b17305aa a3=55cdedd4a930 items=0 ppid=1451 pid=1457 auid=4294967295 uid=33 gid=33 euid=33 suid=33 fsuid=33 egid=33 sgid=33 fsgid=33 tty=(none) ses=4294967295 comm="apache2" exe="/usr/sbin/apache2" subj=unconfined key="T1166_Seuid_and_Setgid"ARCH=x86_64 SYSCALL=setuid AUID="unset" UID="www-data" GID="www-data" EUID="www-data" SUID="www-data" FSUID="www-data" EGID="www-data" SGID="www-data" FSGID="www-data"
type=PROCTITLE msg=audit(1768169953.440:1864): proctitle=2F7573722F7362696E2F61706163686532002D6B007374617274
type=SYSCALL msg=audit(1768169959.444:1865): arch=c000003e syscall=106 success=yes exit=0 a0=21 a1=702df99d14a0 a2=0 a3=22 items=0 ppid=1451 pid=1458 auid=4294967295 uid=0 gid=33 euid=0 suid=0 fsuid=0 egid=33 sgid=33 fsgid=33 tty=(none) ses=4294967295 comm="apache2" exe="/usr/sbin/apache2" subj=unconfined key="T1166_Seuid_and_Setgid"ARCH=x86_64 SYSCALL=setgid AUID="unset" UID="root" GID="www-data" EUID="root" SUID="root" FSUID="root" EGID="www-data" SGID="www-data" FSGID="www-data"
type=PROCTITLE msg=audit(1768169959.444:1865): proctitle=2F7573722F7362696E2F61706163686532002D6B007374617274
type=SYSCALL msg=audit(1768169959.445:1866): arch=c000003e syscall=42 success=yes exit=0 a0=c a1=7ffe413392d0 a2=2d a3=55cdedd8b1e0 items=1 ppid=1451 pid=1458 auid=4294967295 uid=0 gid=33 euid=0 suid=0 fsuid=0 egid=33 sgid=33 fsgid=33 tty=(none) ses=4294967295 comm="apache2" exe="/usr/sbin/apache2" subj=unconfined key="T1043_Commonly_Used_Port"ARCH=x86_64 SYSCALL=connect AUID="unset" UID="root" GID="www-data" EUID="root" SUID="root" FSUID="root" EGID="www-data" SGID="www-data" FSGID="www-data"
type=SOCKADDR msg=audit(1768169959.445:1866): saddr=01002F72756E2F73797374656D642F7573657264622F696F2E73797374656D642E44796E616D69635573657200SADDR={ saddr_fam=local path=/run/systemd/userdb/io.systemd.DynamicUser }
type=PATH msg=audit(1768169959.445:1866): item=0 name="/run/systemd/userdb/io.systemd.DynamicUser" inode=437 dev=00:18 mode=0140666 ouid=0 ogid=0 rdev=00:00 nametype=NORMAL cap_fp=0 cap_fi=0 cap_fe=0 cap_fver=0 cap_frootid=0OUID="root" OGID="root"
type=PROCTITLE msg=audit(1768169959.445:1866): proctitle=2F7573722F7362696E2F61706163686532002D6B007374617274
type=SYSCALL msg=audit(1768169959.447:1867): arch=c000003e syscall=105 success=yes exit=0 a0=21 a1=55cdedd4a920 a2=55c8b17305aa a3=55cdedd4a930 items=0 ppid=1451 pid=1458 auid=4294967295 uid=33 gid=33 euid=33 suid=33 fsuid=33 egid=33 sgid=33 fsgid=33 tty=(none) ses=4294967295 comm="apache2" exe="/usr/sbin/apache2" subj=unconfined key="T1166_Seuid_and_Setgid"ARCH=x86_64 SYSCALL=setuid AUID="unset" UID="www-data" GID="www-data" EUID="www-data" SUID="www-data" FSUID="www-data" EGID="www-data" SGID="www-data" FSGID="www-data"
type=PROCTITLE msg=audit(1768169959.447:1867): proctitle=2F7573722F7362696E2F61706163686532002D6B007374617274
type=SYSCALL msg=audit(1768169982.340:1868): arch=c000003e syscall=59 success=yes exit=0 a0=5a02a35fc180 a1=5a02a35fb640 a2=5a02a34b5cc0 a3=5a02a348c9d0 items=2 ppid=1401 pid=1459 auid=1000 uid=0 gid=0 euid=0 suid=0 fsuid=0 egid=0 sgid=0 fsgid=0 tty=pts1 ses=3 comm="grep" exe="/usr/bin/grep" subj=unconfined key="T1078_Valid_Accounts"ARCH=x86_64 SYSCALL=execve AUID="vboxuser" UID="root" GID="root" EUID="root" SUID="root" FSUID="root" EGID="root" SGID="root" FSGID="root"
type=EXECVE msg=audit(1768169982.340:1868): argc=5 a0="grep" a1="--color=auto" a2="-i" a3="DocumentRoot" a4="/etc/apache2/sites-enabled/nextcloud.conf"
type=PATH msg=audit(1768169982.340:1868): item=0 name="/usr/bin/grep" inode=1442450 dev=08:02 mode=0100755 ouid=0 ogid=0 rdev=00:00 nametype=NORMAL cap_fp=0 cap_fi=0 cap_fe=0 cap_fver=0 cap_frootid=0OUID="root" OGID="root"
type=PATH msg=audit(1768169982.340:1868): item=1 name="/lib64/ld-linux-x86-64.so.2" inode=1481429 dev=08:02 mode=0100755 ouid=0 ogid=0 rdev=00:00 nametype=NORMAL cap_fp=0 cap_fi=0 cap_fe=0 cap_fver=0 cap_frootid=0OUID="root" OGID="root"
type=PROCTITLE msg=audit(1768169982.340:1868): proctitle=67726570002D2D636F6C6F723D6175746F002D6900446F63756D656E74526F6F74002F6574632F617061636865322F73697465732D656E61626C65642F6E657874636C6F75642E636F6E66
type=SYSCALL msg=audit(1768169993.273:1869): arch=c000003e syscall=59 success=yes exit=0 a0=5a02a35fbf20 a1=5a02a35fb480 a2=5a02a34b5cc0 a3=5a02a34cbac0 items=2 ppid=1401 pid=1460 auid=1000 uid=0 gid=0 euid=0 suid=0 fsuid=0 egid=0 sgid=0 fsgid=0 tty=pts1 ses=3 comm="grep" exe="/usr/bin/grep" subj=unconfined key="T1078_Valid_Accounts"ARCH=x86_64 SYSCALL=execve AUID="vboxuser" UID="root" GID="root" EUID="root" SUID="root" FSUID="root" EGID="root" SGID="root" FSGID="root"
type=EXECVE msg=audit(1768169993.273:1869): argc=5 a0="grep" a1="--color=auto" a2="-i" a3="DocumentRoot" a4="/etc/apache2/sites-available/000-default.conf"
type=PATH msg=audit(1768169993.273:1869): item=0 name="/usr/bin/grep" inode=1442450 dev=08:02 mode=0100755 ouid=0 ogid=0 rdev=00:00 nametype=NORMAL cap_fp=0 cap_fi=0 cap_fe=0 cap_fver=0 cap_frootid=0OUID="root" OGID="root"
type=PATH msg=audit(1768169993.273:1869): item=1 name="/lib64/ld-linux-x86-64.so.2" inode=1481429 dev=08:02 mode=0100755 ouid=0 ogid=0 rdev=00:00 nametype=NORMAL cap_fp=0 cap_fi=0 cap_fe=0 cap_fver=0 cap_frootid=0OUID="root" OGID="root"
type=PROCTITLE msg=audit(1768169993.273:1869): proctitle=67726570002D2D636F6C6F723D6175746F002D6900446F63756D656E74526F6F74002F6574632F617061636865322F73697465732D617661696C61626C652F3030302D64656661756C742E636F6E66
type=SYSCALL msg=audit(1768170005.058:1870): arch=c000003e syscall=59 success=yes exit=0 a0=5a02a35fc220 a1=5a02a35fb1c0 a2=5a02a34b5cc0 a3=5a02a35fc260 items=2 ppid=1401 pid=1461 auid=1000 uid=0 gid=0 euid=0 suid=0 fsuid=0 egid=0 sgid=0 fsgid=0 tty=pts1 ses=3 comm="grep" exe="/usr/bin/grep" subj=unconfined key="T1078_Valid_Accounts"ARCH=x86_64 SYSCALL=execve AUID="vboxuser" UID="root" GID="root" EUID="root" SUID="root" FSUID="root" EGID="root" SGID="root" FSGID="root"
type=EXECVE msg=audit(1768170005.058:1870): argc=5 a0="grep" a1="--color=auto" a2="-i" a3="DirectoryIndex" a4="/etc/apache2/mods-enabled/dir.conf"
type=PATH msg=audit(1768170005.058:1870): item=0 name="/usr/bin/grep" inode=1442450 dev=08:02 mode=0100755 ouid=0 ogid=0 rdev=00:00 nametype=NORMAL cap_fp=0 cap_fi=0 cap_fe=0 cap_fver=0 cap_frootid=0OUID="root" OGID="root"
type=PATH msg=audit(1768170005.058:1870): item=1 name="/lib64/ld-linux-x86-64.so.2" inode=1481429 dev=08:02 mode=0100755 ouid=0 ogid=0 rdev=00:00 nametype=NORMAL cap_fp=0 cap_fi=0 cap_fe=0 cap_fver=0 cap_frootid=0OUID="root" OGID="root"
type=PROCTITLE msg=audit(1768170005.058:1870): proctitle=67726570002D2D636F6C6F723D6175746F002D69004469726563746F7279496E646578002F6574632F617061636865322F6D6F64732D656E61626C65642F6469722E636F6E66
type=SYSCALL msg=audit(1768170012.483:1871): arch=c000003e syscall=59 success=yes exit=0 a0=7ffd48c513f0 a1=7ffd48c51410 a2=7ffd48c51f18 a3=8 items=2 ppid=1 pid=1462 auid=4294967295 uid=0 gid=0 euid=0 suid=0 fsuid=0 egid=0 sgid=0 fsgid=0 tty=(none) ses=4294967295 comm="9" exe="/usr/lib/systemd/systemd-executor" subj=unconfined key="T1078_Valid_Accounts"ARCH=x86_64 SYSCALL=execve AUID="unset" UID="root" GID="root" EUID="root" SUID="root" FSUID="root" EGID="root" SGID="root" FSGID="root"
type=EXECVE msg=audit(1768170012.483:1871): argc=7 a0="/usr/lib/systemd/systemd-executor" a1="--deserialize" a2="95" a3="--log-level" a4="info" a5="--log-target" a6="journal-or-kmsg"
type=PATH msg=audit(1768170012.483:1871): item=0 name="/proc/self/fd/9" inode=1463834 dev=08:02 mode=0100755 ouid=0 ogid=0 rdev=00:00 nametype=NORMAL cap_fp=0 cap_fi=0 cap_fe=0 cap_fver=0 cap_frootid=0OUID="root" OGID="root"
type=PATH msg=audit(1768170012.483:1871): item=1 name="/lib64/ld-linux-x86-64.so.2" inode=1481429 dev=08:02 mode=0100755 ouid=0 ogid=0 rdev=00:00 nametype=NORMAL cap_fp=0 cap_fi=0 cap_fe=0 cap_fver=0 cap_frootid=0OUID="root" OGID="root"
type=PROCTITLE msg=audit(1768170012.483:1871): proctitle=2F7573722F6C69622F73797374656D642F73797374656D642D6578656375746F72002D2D646573657269616C697A65003935002D2D6C6F672D6C6576656C00696E666F002D2D6C6F672D746172676574006A6F75726E616C2D6F722D6B6D7367
type=SYSCALL msg=audit(1768170012.502:1872): arch=c000003e syscall=42 success=yes exit=0 a0=4 a1=7fff9d918a20 a2=1e a3=7fff9d918ad0 items=1 ppid=1 pid=1462 auid=4294967295 uid=0 gid=0 euid=0 suid=0 fsuid=0 egid=0 sgid=0 fsgid=0 tty=(none) ses=4294967295 comm="9" exe="/usr/lib/systemd/systemd-executor" subj=unconfined key="T1043_Commonly_Used_Port"ARCH=x86_64 SYSCALL=connect AUID="unset" UID="root" GID="root" EUID="root" SUID="root" FSUID="root" EGID="root" SGID="root" FSGID="root"
type=SOCKADDR msg=audit(1768170012.502:1872): saddr=01002F72756E2F73797374656D642F6A6F75726E616C2F736F636B657400SADDR={ saddr_fam=local path=/run/systemd/journal/socket }
type=PATH msg=audit(1768170012.502:1872): item=0 name="/run/systemd/journal/socket" inode=450 dev=00:18 mode=0140666 ouid=0 ogid=0 rdev=00:00 nametype=NORMAL cap_fp=0 cap_fi=0 cap_fe=0 cap_fver=0 cap_frootid=0OUID="root" OGID="root"
type=PROCTITLE msg=audit(1768170012.502:1872): proctitle=2F7573722F6C69622F73797374656D642F73797374656D642D6578656375746F72002D2D646573657269616C697A65003935002D2D6C6F672D6C6576656C00696E666F002D2D6C6F672D746172676574006A6F75726E616C2D6F722D6B6D7367
type=SYSCALL msg=audit(1768170012.509:1873): arch=c000003e syscall=42 success=yes exit=0 a0=3 a1=7fff9d9185a0 a2=1e a3=fffffff7 items=1 ppid=1 pid=1462 auid=4294967295 uid=0 gid=0 euid=0 suid=0 fsuid=0 egid=0 sgid=0 fsgid=0 tty=(none) ses=4294967295 comm="(sa1)" exe="/usr/lib/systemd/systemd-executor" subj=unconfined key="T1043_Commonly_Used_Port"ARCH=x86_64 SYSCALL=connect AUID="unset" UID="root" GID="root" EUID="root" SUID="root" FSUID="root" EGID="root" SGID="root" FSGID="root"
type=SOCKADDR msg=audit(1768170012.509:1873): saddr=01002F72756E2F73797374656D642F6A6F75726E616C2F7374646F757400SADDR={ saddr_fam=local path=/run/systemd/journal/stdout }
type=PATH msg=audit(1768170012.509:1873): item=0 name="/run/systemd/journal/stdout" inode=451 dev=00:18 mode=0140666 ouid=0 ogid=0 rdev=00:00 nametype=NORMAL cap_fp=0 cap_fi=0 cap_fe=0 cap_fver=0 cap_frootid=0OUID="root" OGID="root"
type=PROCTITLE msg=audit(1768170012.509:1873): proctitle=2F7573722F6C69622F73797374656D642F73797374656D642D6578656375746F72002D2D646573657269616C697A65003935002D2D6C6F672D6C6576656C00696E666F002D2D6C6F672D746172676574006A6F75726E616C2D6F722D6B6D7367
type=SYSCALL msg=audit(1768170012.510:1874): arch=c000003e syscall=59 success=yes exit=0 a0=60ac1886d0c0 a1=60ac1886d1c0 a2=60ac1886c4b0 a3=60ac1886d990 items=3 ppid=1 pid=1462 auid=4294967295 uid=0 gid=0 euid=0 suid=0 fsuid=0 egid=0 sgid=0 fsgid=0 tty=(none) ses=4294967295 comm="sa1" exe="/usr/bin/dash" subj=unconfined key="T1078_Valid_Accounts"ARCH=x86_64 SYSCALL=execve AUID="unset" UID="root" GID="root" EUID="root" SUID="root" FSUID="root" EGID="root" SGID="root" FSGID="root"
type=EXECVE msg=audit(1768170012.510:1874): argc=4 a0="/bin/sh" a1="/usr/lib/sysstat/sa1" a2="1" a3="1"
type=PATH msg=audit(1768170012.510:1874): item=0 name="/usr/lib/sysstat/sa1" inode=1456137 dev=08:02 mode=0100755 ouid=0 ogid=0 rdev=00:00 nametype=NORMAL cap_fp=0 cap_fi=0 cap_fe=0 cap_fver=0 cap_frootid=0OUID="root" OGID="root"
type=PATH msg=audit(1768170012.510:1874): item=1 name="/bin/sh" inode=1442345 dev=08:02 mode=0100755 ouid=0 ogid=0 rdev=00:00 nametype=NORMAL cap_fp=0 cap_fi=0 cap_fe=0 cap_fver=0 cap_frootid=0OUID="root" OGID="root"
type=PATH msg=audit(1768170012.510:1874): item=2 name="/lib64/ld-linux-x86-64.so.2" inode=1481429 dev=08:02 mode=0100755 ouid=0 ogid=0 rdev=00:00 nametype=NORMAL cap_fp=0 cap_fi=0 cap_fe=0 cap_fver=0 cap_frootid=0OUID="root" OGID="root"
type=PROCTITLE msg=audit(1768170012.510:1874): proctitle=2F7573722F6C69622F73797374656D642F73797374656D642D6578656375746F72002D2D646573657269616C697A65003935002D2D6C6F672D6C6576656C00696E666F002D2D6C6F672D746172676574006A6F75726E616C2D6F722D6B6D7367
type=SYSCALL msg=audit(1768170012.516:1875): arch=c000003e syscall=59 success=yes exit=0 a0=6421a0514148 a1=6421a0514228 a2=6421a0514270 a3=0 items=2 ppid=1 pid=1462 auid=4294967295 uid=0 gid=0 euid=0 suid=0 fsuid=0 egid=0 sgid=0 fsgid=0 tty=(none) ses=4294967295 comm="sadc" exe="/usr/lib/sysstat/sadc" subj=unconfined key="T1078_Valid_Accounts"ARCH=x86_64 SYSCALL=execve AUID="unset" UID="root" GID="root" EUID="root" SUID="root" FSUID="root" EGID="root" SGID="root" FSGID="root"
type=EXECVE msg=audit(1768170012.516:1875): argc=8 a0="/usr/lib/sysstat/sadc" a1="-F" a2="-L" a3="-S" a4="DISK" a5="1" a6="1" a7="/var/log/sysstat"
type=PATH msg=audit(1768170012.516:1875): item=0 name="/usr/lib/sysstat/sadc" inode=1456139 dev=08:02 mode=0100755 ouid=0 ogid=0 rdev=00:00 nametype=NORMAL cap_fp=0 cap_fi=0 cap_fe=0 cap_fver=0 cap_frootid=0OUID="root" OGID="root"
type=PATH msg=audit(1768170012.516:1875): item=1 name="/lib64/ld-linux-x86-64.so.2" inode=1481429 dev=08:02 mode=0100755 ouid=0 ogid=0 rdev=00:00 nametype=NORMAL cap_fp=0 cap_fi=0 cap_fe=0 cap_fver=0 cap_frootid=0OUID="root" OGID="root"
type=PROCTITLE msg=audit(1768170012.516:1875): proctitle=2F7573722F6C69622F73797374656D642F73797374656D642D6578656375746F72002D2D646573657269616C697A65003935002D2D6C6F672D6C6576656C00696E666F002D2D6C6F672D746172676574006A6F75726E616C2D6F722D6B6D7367
type=SERVICE_START msg=audit(1768170012.527:1876): pid=1 uid=0 auid=4294967295 ses=4294967295 subj=unconfined msg='unit=sysstat-collect comm="systemd" exe="/usr/lib/systemd/systemd" hostname=? addr=? terminal=? res=success'UID="root" AUID="unset"
type=SERVICE_STOP msg=audit(1768170012.529:1877): pid=1 uid=0 auid=4294967295 ses=4294967295 subj=unconfined msg='unit=sysstat-collect comm="systemd" exe="/usr/lib/systemd/systemd" hostname=? addr=? terminal=? res=success'UID="root" AUID="unset"
type=SYSCALL msg=audit(1768170014.575:1878): arch=c000003e syscall=59 success=yes exit=0 a0=5a02a35fb460 a1=5a02a35fc2e0 a2=5a02a34b5cc0 a3=1 items=2 ppid=1401 pid=1464 auid=1000 uid=0 gid=0 euid=0 suid=0 fsuid=0 egid=0 sgid=0 fsgid=0 tty=pts1 ses=3 comm="ls" exe="/usr/bin/ls" subj=unconfined key="T1078_Valid_Accounts"ARCH=x86_64 SYSCALL=execve AUID="vboxuser" UID="root" GID="root" EUID="root" SUID="root" FSUID="root" EGID="root" SGID="root" FSGID="root"
type=EXECVE msg=audit(1768170014.575:1878): argc=4 a0="ls" a1="--color=auto" a2="-l" a3="/var/www/nextcloud/index.php"
type=PATH msg=audit(1768170014.575:1878): item=0 name="/usr/bin/ls" inode=1442533 dev=08:02 mode=0100755 ouid=0 ogid=0 rdev=00:00 nametype=NORMAL cap_fp=0 cap_fi=0 cap_fe=0 cap_fver=0 cap_frootid=0OUID="root" OGID="root"
type=PATH msg=audit(1768170014.575:1878): item=1 name="/lib64/ld-linux-x86-64.so.2" inode=1481429 dev=08:02 mode=0100755 ouid=0 ogid=0 rdev=00:00 nametype=NORMAL cap_fp=0 cap_fi=0 cap_fe=0 cap_fver=0 cap_frootid=0OUID="root" OGID="root"
type=PROCTITLE msg=audit(1768170014.575:1878): proctitle=6C73002D2D636F6C6F723D6175746F002D6C002F7661722F7777772F6E657874636C6F75642F696E6465782E706870
type=SYSCALL msg=audit(1768170023.950:1879): arch=c000003e syscall=59 success=yes exit=0 a0=5a02a35fc380 a1=5a02a35fc2e0 a2=5a02a34b5cc0 a3=5a02a35fb640 items=2 ppid=1401 pid=1465 auid=1000 uid=0 gid=0 euid=0 suid=0 fsuid=0 egid=0 sgid=0 fsgid=0 tty=pts1 ses=3 comm="ls" exe="/usr/bin/ls" subj=unconfined key="T1078_Valid_Accounts"ARCH=x86_64 SYSCALL=execve AUID="vboxuser" UID="root" GID="root" EUID="root" SUID="root" FSUID="root" EGID="root" SGID="root" FSGID="root"
type=EXECVE msg=audit(1768170023.950:1879): argc=4 a0="ls" a1="--color=auto" a2="-l" a3="/var/www/html/index.php"
type=PATH msg=audit(1768170023.950:1879): item=0 name="/usr/bin/ls" inode=1442533 dev=08:02 mode=0100755 ouid=0 ogid=0 rdev=00:00 nametype=NORMAL cap_fp=0 cap_fi=0 cap_fe=0 cap_fver=0 cap_frootid=0OUID="root" OGID="root"
type=PATH msg=audit(1768170023.950:1879): item=1 name="/lib64/ld-linux-x86-64.so.2" inode=1481429 dev=08:02 mode=0100755 ouid=0 ogid=0 rdev=00:00 nametype=NORMAL cap_fp=0 cap_fi=0 cap_fe=0 cap_fver=0 cap_frootid=0OUID="root" OGID="root"
type=PROCTITLE msg=audit(1768170023.950:1879): proctitle=6C73002D2D636F6C6F723D6175746F002D6C002F7661722F7777772F68746D6C2F696E6465782E706870
type=SYSCALL msg=audit(1768170033.776:1880): arch=c000003e syscall=59 success=yes exit=0 a0=5a02a35fc400 a1=5a02a35fc3a0 a2=5a02a34b5cc0 a3=5a02a35fc3a0 items=3 ppid=1401 pid=1466 auid=1000 uid=0 gid=0 euid=0 suid=0 fsuid=0 egid=0 sgid=0 fsgid=0 tty=pts1 ses=3 comm="apache2ctl" exe="/usr/bin/dash" subj=unconfined key="T1078_Valid_Accounts"ARCH=x86_64 SYSCALL=execve AUID="vboxuser" UID="root" GID="root" EUID="root" SUID="root" FSUID="root" EGID="root" SGID="root" FSGID="root"
type=EXECVE msg=audit(1768170033.776:1880): argc=3 a0="/bin/sh" a1="/usr/sbin/apache2ctl" a2="-S"
type=PATH msg=audit(1768170033.776:1880): item=0 name="/usr/sbin/apache2ctl" inode=1479339 dev=08:02 mode=0100755 ouid=0 ogid=0 rdev=00:00 nametype=NORMAL cap_fp=0 cap_fi=0 cap_fe=0 cap_fver=0 cap_frootid=0OUID="root" OGID="root"
type=PATH msg=audit(1768170033.776:1880): item=1 name="/bin/sh" inode=1442345 dev=08:02 mode=0100755 ouid=0 ogid=0 rdev=00:00 nametype=NORMAL cap_fp=0 cap_fi=0 cap_fe=0 cap_fver=0 cap_frootid=0OUID="root" OGID="root"
type=PATH msg=audit(1768170033.776:1880): item=2 name="/lib64/ld-linux-x86-64.so.2" inode=1481429 dev=08:02 mode=0100755 ouid=0 ogid=0 rdev=00:00 nametype=NORMAL cap_fp=0 cap_fi=0 cap_fe=0 cap_fver=0 cap_frootid=0OUID="root" OGID="root"
type=PROCTITLE msg=audit(1768170033.776:1880): proctitle=2F62696E2F7368002F7573722F7362696E2F6170616368653263746C002D53
type=SYSCALL msg=audit(1768170033.807:1881): arch=c000003e syscall=59 success=yes exit=0 a0=6220bd586f38 a1=6220bd588db0 a2=6220bd586e58 a3=6220bd588be0 items=2 ppid=1466 pid=1467 auid=1000 uid=0 gid=0 euid=0 suid=0 fsuid=0 egid=0 sgid=0 fsgid=0 tty=pts1 ses=3 comm="id" exe="/usr/bin/id" subj=unconfined key="T1078_Valid_Accounts"ARCH=x86_64 SYSCALL=execve AUID="vboxuser" UID="root" GID="root" EUID="root" SUID="root" FSUID="root" EGID="root" SGID="root" FSGID="root"
type=EXECVE msg=audit(1768170033.807:1881): argc=2 a0="id" a1="-u"
type=PATH msg=audit(1768170033.807:1881): item=0 name="/usr/bin/id" inode=1442474 dev=08:02 mode=0100755 ouid=0 ogid=0 rdev=00:00 nametype=NORMAL cap_fp=0 cap_fi=0 cap_fe=0 cap_fver=0 cap_frootid=0OUID="root" OGID="root"
type=PATH msg=audit(1768170033.807:1881): item=1 name="/lib64/ld-linux-x86-64.so.2" inode=1481429 dev=08:02 mode=0100755 ouid=0 ogid=0 rdev=00:00 nametype=NORMAL cap_fp=0 cap_fi=0 cap_fe=0 cap_fver=0 cap_frootid=0OUID="root" OGID="root"
type=PROCTITLE msg=audit(1768170033.807:1881): proctitle=6964002D75
type=SYSCALL msg=audit(1768170033.820:1882): arch=c000003e syscall=59 success=yes exit=0 a0=6220bd588b48 a1=6220bd58a450 a2=6220bd58a468 a3=8 items=2 ppid=1466 pid=1468 auid=1000 uid=0 gid=0 euid=0 suid=0 fsuid=0 egid=0 sgid=0 fsgid=0 tty=pts1 ses=3 comm="apache2" exe="/usr/sbin/apache2" subj=unconfined key="T1078_Valid_Accounts"ARCH=x86_64 SYSCALL=execve AUID="vboxuser" UID="root" GID="root" EUID="root" SUID="root" FSUID="root" EGID="root" SGID="root" FSGID="root"
type=EXECVE msg=audit(1768170033.820:1882): argc=2 a0="/usr/sbin/apache2" a1="-S"
type=PATH msg=audit(1768170033.820:1882): item=0 name="/usr/sbin/apache2" inode=1457163 dev=08:02 mode=0100755 ouid=0 ogid=0 rdev=00:00 nametype=NORMAL cap_fp=0 cap_fi=0 cap_fe=0 cap_fver=0 cap_frootid=0OUID="root" OGID="root"
type=PATH msg=audit(1768170033.820:1882): item=1 name="/lib64/ld-linux-x86-64.so.2" inode=1481429 dev=08:02 mode=0100755 ouid=0 ogid=0 rdev=00:00 nametype=NORMAL cap_fp=0 cap_fi=0 cap_fe=0 cap_fver=0 cap_frootid=0OUID="root" OGID="root"
type=PROCTITLE msg=audit(1768170033.820:1882): proctitle=2F7573722F7362696E2F61706163686532002D53
type=SYSCALL msg=audit(1768170033.837:1883): arch=c000003e syscall=42 success=yes exit=0 a0=3 a1=63f49332ac30 a2=1c a3=0 items=0 ppid=1466 pid=1468 auid=1000 uid=0 gid=0 euid=0 suid=0 fsuid=0 egid=0 sgid=0 fsgid=0 tty=pts1 ses=3 comm="apache2" exe="/usr/sbin/apache2" subj=unconfined key="T1043_Commonly_Used_Port"ARCH=x86_64 SYSCALL=connect AUID="vboxuser" UID="root" GID="root" EUID="root" SUID="root" FSUID="root" EGID="root" SGID="root" FSGID="root"
type=SOCKADDR msg=audit(1768170033.837:1883): saddr=0A000000000000000000000000000000000000000000000000000000SADDR={ saddr_fam=inet6 laddr=:: lport=0 }
type=PROCTITLE msg=audit(1768170033.837:1883): proctitle=2F7573722F7362696E2F61706163686532002D53
type=SYSCALL msg=audit(1768170033.839:1884): arch=c000003e syscall=42 success=yes exit=0 a0=3 a1=7fff273c9660 a2=10 a3=0 items=0 ppid=1466 pid=1468 auid=1000 uid=0 gid=0 euid=0 suid=0 fsuid=0 egid=0 sgid=0 fsgid=0 tty=pts1 ses=3 comm="apache2" exe="/usr/sbin/apache2" subj=unconfined key="T1043_Commonly_Used_Port"ARCH=x86_64 SYSCALL=connect AUID="vboxuser" UID="root" GID="root" EUID="root" SUID="root" FSUID="root" EGID="root" SGID="root" FSGID="root"
type=SOCKADDR msg=audit(1768170033.839:1884): saddr=00000000000000000000000000000000SADDR=unknown-family(0)
type=PROCTITLE msg=audit(1768170033.839:1884): proctitle=2F7573722F7362696E2F61706163686532002D53
type=SYSCALL msg=audit(1768170033.839:1885): arch=c000003e syscall=42 success=yes exit=0 a0=3 a1=63f49332ac90 a2=10 a3=0 items=0 ppid=1466 pid=1468 auid=1000 uid=0 gid=0 euid=0 suid=0 fsuid=0 egid=0 sgid=0 fsgid=0 tty=pts1 ses=3 comm="apache2" exe="/usr/sbin/apache2" subj=unconfined key="T1043_Commonly_Used_Port"ARCH=x86_64 SYSCALL=connect AUID="vboxuser" UID="root" GID="root" EUID="root" SUID="root" FSUID="root" EGID="root" SGID="root" FSGID="root"
type=SOCKADDR msg=audit(1768170033.839:1885): saddr=02000000000000000000000000000000SADDR={ saddr_fam=inet laddr=0.0.0.0 lport=0 }
type=PROCTITLE msg=audit(1768170033.839:1885): proctitle=2F7573722F7362696E2F61706163686532002D53
type=SYSCALL msg=audit(1768170033.848:1886): arch=c000003e syscall=42 success=yes exit=0 a0=3 a1=63f49334f6c0 a2=1c a3=0 items=0 ppid=1466 pid=1468 auid=1000 uid=0 gid=0 euid=0 suid=0 fsuid=0 egid=0 sgid=0 fsgid=0 tty=pts1 ses=3 comm="apache2" exe="/usr/sbin/apache2" subj=unconfined key="T1043_Commonly_Used_Port"ARCH=x86_64 SYSCALL=connect AUID="vboxuser" UID="root" GID="root" EUID="root" SUID="root" FSUID="root" EGID="root" SGID="root" FSGID="root"
type=SOCKADDR msg=audit(1768170033.848:1886): saddr=0A000050000000000000000000000000000000000000000000000000SADDR={ saddr_fam=inet6 laddr=:: lport=80 }
type=PROCTITLE msg=audit(1768170033.848:1886): proctitle=2F7573722F7362696E2F61706163686532002D53
type=SYSCALL msg=audit(1768170033.850:1887): arch=c000003e syscall=42 success=yes exit=0 a0=3 a1=7fff273c92f0 a2=10 a3=0 items=0 ppid=1466 pid=1468 auid=1000 uid=0 gid=0 euid=0 suid=0 fsuid=0 egid=0 sgid=0 fsgid=0 tty=pts1 ses=3 comm="apache2" exe="/usr/sbin/apache2" subj=unconfined key="T1043_Commonly_Used_Port"ARCH=x86_64 SYSCALL=connect AUID="vboxuser" UID="root" GID="root" EUID="root" SUID="root" FSUID="root" EGID="root" SGID="root" FSGID="root"
type=SOCKADDR msg=audit(1768170033.850:1887): saddr=00000000000000000000000000000000SADDR=unknown-family(0)
type=PROCTITLE msg=audit(1768170033.850:1887): proctitle=2F7573722F7362696E2F61706163686532002D53
type=SYSCALL msg=audit(1768170033.850:1888): arch=c000003e syscall=42 success=yes exit=0 a0=3 a1=63f49334ee00 a2=10 a3=0 items=0 ppid=1466 pid=1468 auid=1000 uid=0 gid=0 euid=0 suid=0 fsuid=0 egid=0 sgid=0 fsgid=0 tty=pts1 ses=3 comm="apache2" exe="/usr/sbin/apache2" subj=unconfined key="T1043_Commonly_Used_Port"ARCH=x86_64 SYSCALL=connect AUID="vboxuser" UID="root" GID="root" EUID="root" SUID="root" FSUID="root" EGID="root" SGID="root" FSGID="root"
type=SOCKADDR msg=audit(1768170033.850:1888): saddr=02000050000000000000000000000000SADDR={ saddr_fam=inet laddr=0.0.0.0 lport=80 }
type=PROCTITLE msg=audit(1768170033.850:1888): proctitle=2F7573722F7362696E2F61706163686532002D53
type=SYSCALL msg=audit(1768170033.851:1889): arch=c000003e syscall=42 success=yes exit=0 a0=5 a1=63f49334f6c0 a2=1c a3=0 items=0 ppid=1466 pid=1468 auid=1000 uid=0 gid=0 euid=0 suid=0 fsuid=0 egid=0 sgid=0 fsgid=0 tty=pts1 ses=3 comm="apache2" exe="/usr/sbin/apache2" subj=unconfined key="T1043_Commonly_Used_Port"ARCH=x86_64 SYSCALL=connect AUID="vboxuser" UID="root" GID="root" EUID="root" SUID="root" FSUID="root" EGID="root" SGID="root" FSGID="root"
type=SOCKADDR msg=audit(1768170033.851:1889): saddr=0A000050000000000000000000000000000000000000000000000000SADDR={ saddr_fam=inet6 laddr=:: lport=80 }
type=PROCTITLE msg=audit(1768170033.851:1889): proctitle=2F7573722F7362696E2F61706163686532002D53
type=SYSCALL msg=audit(1768170033.851:1890): arch=c000003e syscall=42 success=yes exit=0 a0=5 a1=7fff273c9290 a2=10 a3=0 items=0 ppid=1466 pid=1468 auid=1000 uid=0 gid=0 euid=0 suid=0 fsuid=0 egid=0 sgid=0 fsgid=0 tty=pts1 ses=3 comm="apache2" exe="/usr/sbin/apache2" subj=unconfined key="T1043_Commonly_Used_Port"ARCH=x86_64 SYSCALL=connect AUID="vboxuser" UID="root" GID="root" EUID="root" SUID="root" FSUID="root" EGID="root" SGID="root" FSGID="root"
type=SOCKADDR msg=audit(1768170033.851:1890): saddr=00000000000000000000000000000000SADDR=unknown-family(0)
type=PROCTITLE msg=audit(1768170033.851:1890): proctitle=2F7573722F7362696E2F61706163686532002D53
type=SYSCALL msg=audit(1768170033.851:1891): arch=c000003e syscall=42 success=yes exit=0 a0=5 a1=63f49334ee00 a2=10 a3=0 items=0 ppid=1466 pid=1468 auid=1000 uid=0 gid=0 euid=0 suid=0 fsuid=0 egid=0 sgid=0 fsgid=0 tty=pts1 ses=3 comm="apache2" exe="/usr/sbin/apache2" subj=unconfined key="T1043_Commonly_Used_Port"ARCH=x86_64 SYSCALL=connect AUID="vboxuser" UID="root" GID="root" EUID="root" SUID="root" FSUID="root" EGID="root" SGID="root" FSGID="root"
type=SOCKADDR msg=audit(1768170033.851:1891): saddr=02000050000000000000000000000000SADDR={ saddr_fam=inet laddr=0.0.0.0 lport=80 }
type=PROCTITLE msg=audit(1768170033.851:1891): proctitle=2F7573722F7362696E2F61706163686532002D53
type=SYSCALL msg=audit(1768170033.851:1892): arch=c000003e syscall=42 success=yes exit=0 a0=5 a1=7de80ca0b694 a2=10 a3=7fff273c6df4 items=0 ppid=1466 pid=1468 auid=1000 uid=0 gid=0 euid=0 suid=0 fsuid=0 egid=0 sgid=0 fsgid=0 tty=pts1 ses=3 comm="apache2" exe="/usr/sbin/apache2" subj=unconfined key="T1043_Commonly_Used_Port"ARCH=x86_64 SYSCALL=connect AUID="vboxuser" UID="root" GID="root" EUID="root" SUID="root" FSUID="root" EGID="root" SGID="root" FSGID="root"
type=SOCKADDR msg=audit(1768170033.851:1892): saddr=020000357F0000350000000000000000SADDR={ saddr_fam=inet laddr=127.0.0.53 lport=53 }
type=PROCTITLE msg=audit(1768170033.851:1892): proctitle=2F7573722F7362696E2F61706163686532002D53
type=SYSCALL msg=audit(1768170033.927:1893): arch=c000003e syscall=42 success=yes exit=0 a0=5 a1=7de80ca0b694 a2=10 a3=7fff273c6df4 items=0 ppid=1466 pid=1468 auid=1000 uid=0 gid=0 euid=0 suid=0 fsuid=0 egid=0 sgid=0 fsgid=0 tty=pts1 ses=3 comm="apache2" exe="/usr/sbin/apache2" subj=unconfined key="T1043_Commonly_Used_Port"ARCH=x86_64 SYSCALL=connect AUID="vboxuser" UID="root" GID="root" EUID="root" SUID="root" FSUID="root" EGID="root" SGID="root" FSGID="root"
type=SOCKADDR msg=audit(1768170033.927:1893): saddr=020000357F0000350000000000000000SADDR={ saddr_fam=inet laddr=127.0.0.53 lport=53 }
type=PROCTITLE msg=audit(1768170033.927:1893): proctitle=2F7573722F7362696E2F61706163686532002D53
type=SYSCALL msg=audit(1768170033.934:1894): arch=c000003e syscall=42 success=yes exit=0 a0=5 a1=63f49334ee00 a2=10 a3=0 items=0 ppid=1466 pid=1468 auid=1000 uid=0 gid=0 euid=0 suid=0 fsuid=0 egid=0 sgid=0 fsgid=0 tty=pts1 ses=3 comm="apache2" exe="/usr/sbin/apache2" subj=unconfined key="T1043_Commonly_Used_Port"ARCH=x86_64 SYSCALL=connect AUID="vboxuser" UID="root" GID="root" EUID="root" SUID="root" FSUID="root" EGID="root" SGID="root" FSGID="root"
type=SOCKADDR msg=audit(1768170033.934:1894): saddr=020000000A00020F0000000000000000SADDR={ saddr_fam=inet laddr=10.0.2.15 lport=0 }
type=PROCTITLE msg=audit(1768170033.934:1894): proctitle=2F7573722F7362696E2F61706163686532002D53
type=SYSCALL msg=audit(1768170033.934:1895): arch=c000003e syscall=42 success=yes exit=0 a0=5 a1=7fff273c8ce0 a2=10 a3=0 items=0 ppid=1466 pid=1468 auid=1000 uid=0 gid=0 euid=0 suid=0 fsuid=0 egid=0 sgid=0 fsgid=0 tty=pts1 ses=3 comm="apache2" exe="/usr/sbin/apache2" subj=unconfined key="T1043_Commonly_Used_Port"ARCH=x86_64 SYSCALL=connect AUID="vboxuser" UID="root" GID="root" EUID="root" SUID="root" FSUID="root" EGID="root" SGID="root" FSGID="root"
type=SOCKADDR msg=audit(1768170033.934:1895): saddr=00000000000000000000000000000000SADDR=unknown-family(0)
type=PROCTITLE msg=audit(1768170033.934:1895): proctitle=2F7573722F7362696E2F61706163686532002D53
type=SYSCALL msg=audit(1768170033.937:1896): arch=c000003e syscall=42 success=yes exit=0 a0=5 a1=63f49332a640 a2=10 a3=0 items=0 ppid=1466 pid=1468 auid=1000 uid=0 gid=0 euid=0 suid=0 fsuid=0 egid=0 sgid=0 fsgid=0 tty=pts1 ses=3 comm="apache2" exe="/usr/sbin/apache2" subj=unconfined key="T1043_Commonly_Used_Port"ARCH=x86_64 SYSCALL=connect AUID="vboxuser" UID="root" GID="root" EUID="root" SUID="root" FSUID="root" EGID="root" SGID="root" FSGID="root"
type=SOCKADDR msg=audit(1768170033.937:1896): saddr=02000000C0A8386B0000000000000000SADDR={ saddr_fam=inet laddr=192.168.56.107 lport=0 }
type=PROCTITLE msg=audit(1768170033.937:1896): proctitle=2F7573722F7362696E2F61706163686532002D53
type=SYSCALL msg=audit(1768170033.937:1897): arch=c000003e syscall=42 success=yes exit=0 a0=5 a1=63f49334f6c0 a2=1c a3=0 items=0 ppid=1466 pid=1468 auid=1000 uid=0 gid=0 euid=0 suid=0 fsuid=0 egid=0 sgid=0 fsgid=0 tty=pts1 ses=3 comm="apache2" exe="/usr/sbin/apache2" subj=unconfined key="T1043_Commonly_Used_Port"ARCH=x86_64 SYSCALL=connect AUID="vboxuser" UID="root" GID="root" EUID="root" SUID="root" FSUID="root" EGID="root" SGID="root" FSGID="root"
type=SOCKADDR msg=audit(1768170033.937:1897): saddr=0A00000000000000FD17625CF03700020A0027FFFE3F373900000000SADDR={ saddr_fam=inet6 laddr=fd17:625c:f037:2:a00:27ff:fe3f:3739 lport=0 }
type=PROCTITLE msg=audit(1768170033.937:1897): proctitle=2F7573722F7362696E2F61706163686532002D53
type=SYSCALL msg=audit(1768170033.937:1898): arch=c000003e syscall=42 success=yes exit=0 a0=5 a1=7fff273c8ce0 a2=10 a3=0 items=0 ppid=1466 pid=1468 auid=1000 uid=0 gid=0 euid=0 suid=0 fsuid=0 egid=0 sgid=0 fsgid=0 tty=pts1 ses=3 comm="apache2" exe="/usr/sbin/apache2" subj=unconfined key="T1043_Commonly_Used_Port"ARCH=x86_64 SYSCALL=connect AUID="vboxuser" UID="root" GID="root" EUID="root" SUID="root" FSUID="root" EGID="root" SGID="root" FSGID="root"
type=SOCKADDR msg=audit(1768170033.937:1898): saddr=00000000000000000000000000000000SADDR=unknown-family(0)
type=PROCTITLE msg=audit(1768170033.937:1898): proctitle=2F7573722F7362696E2F61706163686532002D53
type=SYSCALL msg=audit(1768170033.937:1899): arch=c000003e syscall=42 success=no exit=-22 a0=5 a1=63f49332a690 a2=1c a3=0 items=0 ppid=1466 pid=1468 auid=1000 uid=0 gid=0 euid=0 suid=0 fsuid=0 egid=0 sgid=0 fsgid=0 tty=pts1 ses=3 comm="apache2" exe="/usr/sbin/apache2" subj=unconfined key="T1043_Commonly_Used_Port"ARCH=x86_64 SYSCALL=connect AUID="vboxuser" UID="root" GID="root" EUID="root" SUID="root" FSUID="root" EGID="root" SGID="root" FSGID="root"
type=SOCKADDR msg=audit(1768170033.937:1899): saddr=0A00000000000000FE800000000000000A0027FFFE3F373900000000SADDR={ saddr_fam=inet6 laddr=fe80::a00:27ff:fe3f:3739 lport=0 }
type=PROCTITLE msg=audit(1768170033.937:1899): proctitle=2F7573722F7362696E2F61706163686532002D53
type=SYSCALL msg=audit(1768170033.937:1900): arch=c000003e syscall=42 success=yes exit=0 a0=5 a1=7fff273c8ce0 a2=10 a3=0 items=0 ppid=1466 pid=1468 auid=1000 uid=0 gid=0 euid=0 suid=0 fsuid=0 egid=0 sgid=0 fsgid=0 tty=pts1 ses=3 comm="apache2" exe="/usr/sbin/apache2" subj=unconfined key="T1043_Commonly_Used_Port"ARCH=x86_64 SYSCALL=connect AUID="vboxuser" UID="root" GID="root" EUID="root" SUID="root" FSUID="root" EGID="root" SGID="root" FSGID="root"
type=SOCKADDR msg=audit(1768170033.937:1900): saddr=00000000000000000000000000000000SADDR=unknown-family(0)
type=PROCTITLE msg=audit(1768170033.937:1900): proctitle=2F7573722F7362696E2F61706163686532002D53
type=SYSCALL msg=audit(1768170033.937:1901): arch=c000003e syscall=42 success=no exit=-22 a0=5 a1=63f49332a6f0 a2=1c a3=0 items=0 ppid=1466 pid=1468 auid=1000 uid=0 gid=0 euid=0 suid=0 fsuid=0 egid=0 sgid=0 fsgid=0 tty=pts1 ses=3 comm="apache2" exe="/usr/sbin/apache2" subj=unconfined key="T1043_Commonly_Used_Port"ARCH=x86_64 SYSCALL=connect AUID="vboxuser" UID="root" GID="root" EUID="root" SUID="root" FSUID="root" EGID="root" SGID="root" FSGID="root"
type=SOCKADDR msg=audit(1768170033.937:1901): saddr=0A00000000000000FE800000000000000A0027FFFE270D1D00000000SADDR={ saddr_fam=inet6 laddr=fe80::a00:27ff:fe27:d1d lport=0 }
type=PROCTITLE msg=audit(1768170033.937:1901): proctitle=2F7573722F7362696E2F61706163686532002D53
type=SYSCALL msg=audit(1768170033.937:1902): arch=c000003e syscall=42 success=yes exit=0 a0=5 a1=7de80ca0b694 a2=10 a3=7fff273c7504 items=0 ppid=1466 pid=1468 auid=1000 uid=0 gid=0 euid=0 suid=0 fsuid=0 egid=0 sgid=0 fsgid=0 tty=pts1 ses=3 comm="apache2" exe="/usr/sbin/apache2" subj=unconfined key="T1043_Commonly_Used_Port"ARCH=x86_64 SYSCALL=connect AUID="vboxuser" UID="root" GID="root" EUID="root" SUID="root" FSUID="root" EGID="root" SGID="root" FSGID="root"
type=SOCKADDR msg=audit(1768170033.937:1902): saddr=020000357F0000350000000000000000SADDR={ saddr_fam=inet laddr=127.0.0.53 lport=53 }
type=PROCTITLE msg=audit(1768170033.937:1902): proctitle=2F7573722F7362696E2F61706163686532002D53
type=SYSCALL msg=audit(1768170042.927:1903): arch=c000003e syscall=59 success=yes exit=0 a0=5a02a35fc4a0 a1=5a02a35fc460 a2=5a02a34b5cc0 a3=5a02a35fc460 items=2 ppid=1401 pid=1469 auid=1000 uid=0 gid=0 euid=0 suid=0 fsuid=0 egid=0 sgid=0 fsgid=0 tty=pts1 ses=3 comm="cat" exe="/usr/bin/cat" subj=unconfined key="T1078_Valid_Accounts"ARCH=x86_64 SYSCALL=execve AUID="vboxuser" UID="root" GID="root" EUID="root" SUID="root" FSUID="root" EGID="root" SGID="root" FSGID="root"
type=EXECVE msg=audit(1768170042.927:1903): argc=2 a0="cat" a1="/etc/hosts"
type=PATH msg=audit(1768170042.927:1903): item=0 name="/usr/bin/cat" inode=1442301 dev=08:02 mode=0100755 ouid=0 ogid=0 rdev=00:00 nametype=NORMAL cap_fp=0 cap_fi=0 cap_fe=0 cap_fver=0 cap_frootid=0OUID="root" OGID="root"
type=PATH msg=audit(1768170042.927:1903): item=1 name="/lib64/ld-linux-x86-64.so.2" inode=1481429 dev=08:02 mode=0100755 ouid=0 ogid=0 rdev=00:00 nametype=NORMAL cap_fp=0 cap_fi=0 cap_fe=0 cap_fver=0 cap_frootid=0OUID="root" OGID="root"
type=PROCTITLE msg=audit(1768170042.927:1903): proctitle=636174002F6574632F686F737473
type=SYSCALL msg=audit(1768170050.905:1904): arch=c000003e syscall=59 success=yes exit=0 a0=5a02a35fc520 a1=5a02a35fc4c0 a2=5a02a34b5cc0 a3=5a02a35fc4c0 items=2 ppid=1401 pid=1470 auid=1000 uid=0 gid=0 euid=0 suid=0 fsuid=0 egid=0 sgid=0 fsgid=0 tty=pts1 ses=3 comm="hostname" exe="/usr/bin/hostname" subj=unconfined key="T1078_Valid_Accounts"ARCH=x86_64 SYSCALL=execve AUID="vboxuser" UID="root" GID="root" EUID="root" SUID="root" FSUID="root" EGID="root" SGID="root" FSGID="root"
type=EXECVE msg=audit(1768170050.905:1904): argc=2 a0="hostname" a1="-I"
type=PATH msg=audit(1768170050.905:1904): item=0 name="/usr/bin/hostname" inode=1442469 dev=08:02 mode=0100755 ouid=0 ogid=0 rdev=00:00 nametype=NORMAL cap_fp=0 cap_fi=0 cap_fe=0 cap_fver=0 cap_frootid=0OUID="root" OGID="root"
type=PATH msg=audit(1768170050.905:1904): item=1 name="/lib64/ld-linux-x86-64.so.2" inode=1481429 dev=08:02 mode=0100755 ouid=0 ogid=0 rdev=00:00 nametype=NORMAL cap_fp=0 cap_fi=0 cap_fe=0 cap_fver=0 cap_frootid=0OUID="root" OGID="root"
type=PROCTITLE msg=audit(1768170050.905:1904): proctitle=686F73746E616D65002D49
type=SYSCALL msg=audit(1768170062.371:1905): arch=c000003e syscall=59 success=yes exit=0 a0=5a02a35fc5c0 a1=5a02a35fb640 a2=5a02a34b5cc0 a3=5a02a348c9d0 items=2 ppid=1401 pid=1471 auid=1000 uid=0 gid=0 euid=0 suid=0 fsuid=0 egid=0 sgid=0 fsgid=0 tty=pts1 ses=3 comm="grep" exe="/usr/bin/grep" subj=unconfined key="T1078_Valid_Accounts"ARCH=x86_64 SYSCALL=execve AUID="vboxuser" UID="root" GID="root" EUID="root" SUID="root" FSUID="root" EGID="root" SGID="root" FSGID="root"
type=EXECVE msg=audit(1768170062.371:1905): argc=5 a0="grep" a1="--color=auto" a2="-i" a3="servername" a4="/etc/apache2/sites-enabled/nextcloud.conf"
type=PATH msg=audit(1768170062.371:1905): item=0 name="/usr/bin/grep" inode=1442450 dev=08:02 mode=0100755 ouid=0 ogid=0 rdev=00:00 nametype=NORMAL cap_fp=0 cap_fi=0 cap_fe=0 cap_fver=0 cap_frootid=0OUID="root" OGID="root"
type=PATH msg=audit(1768170062.371:1905): item=1 name="/lib64/ld-linux-x86-64.so.2" inode=1481429 dev=08:02 mode=0100755 ouid=0 ogid=0 rdev=00:00 nametype=NORMAL cap_fp=0 cap_fi=0 cap_fe=0 cap_fver=0 cap_frootid=0OUID="root" OGID="root"
type=PROCTITLE msg=audit(1768170062.371:1905): proctitle=67726570002D2D636F6C6F723D6175746F002D69007365727665726E616D65002F6574632F617061636865322F73697465732D656E61626C65642F6E657874636C6F75642E636F6E66
type=SYSCALL msg=audit(1768170070.806:1906): arch=c000003e syscall=59 success=yes exit=0 a0=5a02a35fb460 a1=5a02a35fc6a0 a2=5a02a34b5cc0 a3=5a02a35fc6a0 items=2 ppid=1401 pid=1472 auid=1000 uid=0 gid=0 euid=0 suid=0 fsuid=0 egid=0 sgid=0 fsgid=0 tty=pts1 ses=3 comm="curl" exe="/usr/bin/curl" subj=unconfined key="T1078_Valid_Accounts"ARCH=x86_64 SYSCALL=execve AUID="vboxuser" UID="root" GID="root" EUID="root" SUID="root" FSUID="root" EGID="root" SGID="root" FSGID="root"
type=EXECVE msg=audit(1768170070.806:1906): argc=3 a0="curl" a1="-I" a2="http://localhost"
type=PATH msg=audit(1768170070.806:1906): item=0 name="/usr/bin/curl" inode=1442342 dev=08:02 mode=0100755 ouid=0 ogid=0 rdev=00:00 nametype=NORMAL cap_fp=0 cap_fi=0 cap_fe=0 cap_fver=0 cap_frootid=0OUID="root" OGID="root"
type=PATH msg=audit(1768170070.806:1906): item=1 name="/lib64/ld-linux-x86-64.so.2" inode=1481429 dev=08:02 mode=0100755 ouid=0 ogid=0 rdev=00:00 nametype=NORMAL cap_fp=0 cap_fi=0 cap_fe=0 cap_fver=0 cap_frootid=0OUID="root" OGID="root"
type=PROCTITLE msg=audit(1768170070.806:1906): proctitle=6375726C002D4900687474703A2F2F6C6F63616C686F7374
type=SYSCALL msg=audit(1768170070.846:1907): arch=c000003e syscall=42 success=no exit=-115 a0=5 a1=627581d2d978 a2=1c a3=5 items=0 ppid=1401 pid=1472 auid=1000 uid=0 gid=0 euid=0 suid=0 fsuid=0 egid=0 sgid=0 fsgid=0 tty=pts1 ses=3 comm="curl" exe="/usr/bin/curl" subj=unconfined key="T1043_Commonly_Used_Port"ARCH=x86_64 SYSCALL=connect AUID="vboxuser" UID="root" GID="root" EUID="root" SUID="root" FSUID="root" EGID="root" SGID="root" FSGID="root"
type=SOCKADDR msg=audit(1768170070.846:1907): saddr=0A000050000000000000000000000000000000000000000100000000SADDR={ saddr_fam=inet6 laddr=::1 lport=80 }
type=PROCTITLE msg=audit(1768170070.846:1907): proctitle=6375726C002D4900687474703A2F2F6C6F63616C686F7374
type=SYSCALL msg=audit(1768170080.230:1908): arch=c000003e syscall=59 success=yes exit=0 a0=5a02a35fc720 a1=5a02a35fc600 a2=5a02a34b5cc0 a3=5a02a35fc600 items=2 ppid=1401 pid=1473 auid=1000 uid=0 gid=0 euid=0 suid=0 fsuid=0 egid=0 sgid=0 fsgid=0 tty=pts1 ses=3 comm="curl" exe="/usr/bin/curl" subj=unconfined key="T1078_Valid_Accounts"ARCH=x86_64 SYSCALL=execve AUID="vboxuser" UID="root" GID="root" EUID="root" SUID="root" FSUID="root" EGID="root" SGID="root" FSGID="root"
type=EXECVE msg=audit(1768170080.230:1908): argc=3 a0="curl" a1="-I" a2="http://nextcloud.local"
type=PATH msg=audit(1768170080.230:1908): item=0 name="/usr/bin/curl" inode=1442342 dev=08:02 mode=0100755 ouid=0 ogid=0 rdev=00:00 nametype=NORMAL cap_fp=0 cap_fi=0 cap_fe=0 cap_fver=0 cap_frootid=0OUID="root" OGID="root"
type=PATH msg=audit(1768170080.230:1908): item=1 name="/lib64/ld-linux-x86-64.so.2" inode=1481429 dev=08:02 mode=0100755 ouid=0 ogid=0 rdev=00:00 nametype=NORMAL cap_fp=0 cap_fi=0 cap_fe=0 cap_fver=0 cap_frootid=0OUID="root" OGID="root"
type=PROCTITLE msg=audit(1768170080.230:1908): proctitle=6375726C002D4900687474703A2F2F6E657874636C6F75642E6C6F63616C
type=SYSCALL msg=audit(1768170080.264:1909): arch=c000003e syscall=42 success=yes exit=0 a0=7 a1=724027bffd8c a2=10 a3=724027bfc344 items=0 ppid=1401 pid=1473 auid=1000 uid=0 gid=0 euid=0 suid=0 fsuid=0 egid=0 sgid=0 fsgid=0 tty=pts1 ses=3 comm="curl" exe="/usr/bin/curl" subj=unconfined key="T1043_Commonly_Used_Port"ARCH=x86_64 SYSCALL=connect AUID="vboxuser" UID="root" GID="root" EUID="root" SUID="root" FSUID="root" EGID="root" SGID="root" FSGID="root"
type=SOCKADDR msg=audit(1768170080.264:1909): saddr=020000357F0000350000000000000000SADDR={ saddr_fam=inet laddr=127.0.0.53 lport=53 }
type=PROCTITLE msg=audit(1768170080.264:1909): proctitle=6375726C002D4900687474703A2F2F6E657874636C6F75642E6C6F63616C
type=SYSCALL msg=audit(1768170080.272:1910): arch=c000003e syscall=42 success=yes exit=0 a0=7 a1=724027bffd8c a2=10 a3=724027bfc344 items=0 ppid=1401 pid=1473 auid=1000 uid=0 gid=0 euid=0 suid=0 fsuid=0 egid=0 sgid=0 fsgid=0 tty=pts1 ses=3 comm="curl" exe="/usr/bin/curl" subj=unconfined key="T1043_Commonly_Used_Port"ARCH=x86_64 SYSCALL=connect AUID="vboxuser" UID="root" GID="root" EUID="root" SUID="root" FSUID="root" EGID="root" SGID="root" FSGID="root"
type=SOCKADDR msg=audit(1768170080.272:1910): saddr=020000357F0000350000000000000000SADDR={ saddr_fam=inet laddr=127.0.0.53 lport=53 }
type=PROCTITLE msg=audit(1768170080.272:1910): proctitle=6375726C002D4900687474703A2F2F6E657874636C6F75642E6C6F63616C
type=SYSCALL msg=audit(1768170090.876:1911): arch=c000003e syscall=59 success=yes exit=0 a0=5a02a35fbf60 a1=5a02a35fc740 a2=5a02a34b5cc0 a3=5a02a35fc7d0 items=2 ppid=1401 pid=1475 auid=1000 uid=0 gid=0 euid=0 suid=0 fsuid=0 egid=0 sgid=0 fsgid=0 tty=pts1 ses=3 comm="cat" exe="/usr/bin/cat" subj=unconfined key="T1078_Valid_Accounts"ARCH=x86_64 SYSCALL=execve AUID="vboxuser" UID="root" GID="root" EUID="root" SUID="root" FSUID="root" EGID="root" SGID="root" FSGID="root"
type=EXECVE msg=audit(1768170090.876:1911): argc=2 a0="cat" a1="/etc/apache2/sites-enabled/nextcloud.conf"
type=PATH msg=audit(1768170090.876:1911): item=0 name="/usr/bin/cat" inode=1442301 dev=08:02 mode=0100755 ouid=0 ogid=0 rdev=00:00 nametype=NORMAL cap_fp=0 cap_fi=0 cap_fe=0 cap_fver=0 cap_frootid=0OUID="root" OGID="root"
type=PATH msg=audit(1768170090.876:1911): item=1 name="/lib64/ld-linux-x86-64.so.2" inode=1481429 dev=08:02 mode=0100755 ouid=0 ogid=0 rdev=00:00 nametype=NORMAL cap_fp=0 cap_fi=0 cap_fe=0 cap_fver=0 cap_frootid=0OUID="root" OGID="root"
type=PROCTITLE msg=audit(1768170090.876:1911): proctitle=636174002F6574632F617061636865322F73697465732D656E61626C65642F6E657874636C6F75642E636F6E66
type=SYSCALL msg=audit(1768170102.225:1912): arch=c000003e syscall=59 success=yes exit=0 a0=5a02a35fc870 a1=5a02a35fc6a0 a2=5a02a34b5cc0 a3=5a02a35fb1c0 items=2 ppid=1401 pid=1476 auid=1000 uid=0 gid=0 euid=0 suid=0 fsuid=0 egid=0 sgid=0 fsgid=0 tty=pts1 ses=3 comm="ls" exe="/usr/bin/ls" subj=unconfined key="T1078_Valid_Accounts"ARCH=x86_64 SYSCALL=execve AUID="vboxuser" UID="root" GID="root" EUID="root" SUID="root" FSUID="root" EGID="root" SGID="root" FSGID="root"
type=EXECVE msg=audit(1768170102.225:1912): argc=4 a0="ls" a1="--color=auto" a2="-l" a3="/etc/apache2/sites-enabled/"
type=PATH msg=audit(1768170102.225:1912): item=0 name="/usr/bin/ls" inode=1442533 dev=08:02 mode=0100755 ouid=0 ogid=0 rdev=00:00 nametype=NORMAL cap_fp=0 cap_fi=0 cap_fe=0 cap_fver=0 cap_frootid=0OUID="root" OGID="root"
type=PATH msg=audit(1768170102.225:1912): item=1 name="/lib64/ld-linux-x86-64.so.2" inode=1481429 dev=08:02 mode=0100755 ouid=0 ogid=0 rdev=00:00 nametype=NORMAL cap_fp=0 cap_fi=0 cap_fe=0 cap_fver=0 cap_frootid=0OUID="root" OGID="root"
type=PROCTITLE msg=audit(1768170102.225:1912): proctitle=6C73002D2D636F6C6F723D6175746F002D6C002F6574632F617061636865322F73697465732D656E61626C65642F
type=SYSCALL msg=audit(1768170112.011:1913): arch=c000003e syscall=59 success=yes exit=0 a0=5a02a35fc8e0 a1=5a02a35fc8b0 a2=5a02a34b5cc0 a3=5a02a35fa9a0 items=2 ppid=1401 pid=1477 auid=1000 uid=0 gid=0 euid=0 suid=0 fsuid=0 egid=0 sgid=0 fsgid=0 tty=pts1 ses=3 comm="ls" exe="/usr/bin/ls" subj=unconfined key="T1078_Valid_Accounts"ARCH=x86_64 SYSCALL=execve AUID="vboxuser" UID="root" GID="root" EUID="root" SUID="root" FSUID="root" EGID="root" SGID="root" FSGID="root"
type=EXECVE msg=audit(1768170112.011:1913): argc=4 a0="ls" a1="--color=auto" a2="-l" a3="/etc/apache2/sites-enabled/000-default.conf"
type=PATH msg=audit(1768170112.011:1913): item=0 name="/usr/bin/ls" inode=1442533 dev=08:02 mode=0100755 ouid=0 ogid=0 rdev=00:00 nametype=NORMAL cap_fp=0 cap_fi=0 cap_fe=0 cap_fver=0 cap_frootid=0OUID="root" OGID="root"
type=PATH msg=audit(1768170112.011:1913): item=1 name="/lib64/ld-linux-x86-64.so.2" inode=1481429 dev=08:02 mode=0100755 ouid=0 ogid=0 rdev=00:00 nametype=NORMAL cap_fp=0 cap_fi=0 cap_fe=0 cap_fver=0 cap_frootid=0OUID="root" OGID="root"
type=PROCTITLE msg=audit(1768170112.011:1913): proctitle=6C73002D2D636F6C6F723D6175746F002D6C002F6574632F617061636865322F73697465732D656E61626C65642F3030302D64656661756C742E636F6E66
type=SYSCALL msg=audit(1768170120.239:1914): arch=c000003e syscall=59 success=yes exit=0 a0=5a02a35fc9a0 a1=5a02a35fc760 a2=5a02a34b5cc0 a3=5a02a35fc760 items=2 ppid=1401 pid=1478 auid=1000 uid=0 gid=0 euid=0 suid=0 fsuid=0 egid=0 sgid=0 fsgid=0 tty=pts1 ses=3 comm="ls" exe="/usr/bin/ls" subj=unconfined key="T1078_Valid_Accounts"ARCH=x86_64 SYSCALL=execve AUID="vboxuser" UID="root" GID="root" EUID="root" SUID="root" FSUID="root" EGID="root" SGID="root" FSGID="root"
type=EXECVE msg=audit(1768170120.239:1914): argc=4 a0="ls" a1="--color=auto" a2="-l" a3="/var/www/html/"
type=PATH msg=audit(1768170120.239:1914): item=0 name="/usr/bin/ls" inode=1442533 dev=08:02 mode=0100755 ouid=0 ogid=0 rdev=00:00 nametype=NORMAL cap_fp=0 cap_fi=0 cap_fe=0 cap_fver=0 cap_frootid=0OUID="root" OGID="root"
type=PATH msg=audit(1768170120.239:1914): item=1 name="/lib64/ld-linux-x86-64.so.2" inode=1481429 dev=08:02 mode=0100755 ouid=0 ogid=0 rdev=00:00 nametype=NORMAL cap_fp=0 cap_fi=0 cap_fe=0 cap_fver=0 cap_frootid=0OUID="root" OGID="root"
type=PROCTITLE msg=audit(1768170120.239:1914): proctitle=6C73002D2D636F6C6F723D6175746F002D6C002F7661722F7777772F68746D6C2F
type=SYSCALL msg=audit(1768170128.478:1915): arch=c000003e syscall=59 success=yes exit=0 a0=5a02a35fc9e0 a1=5a02a35fc600 a2=5a02a34b5cc0 a3=5a02a35fc600 items=2 ppid=1401 pid=1479 auid=1000 uid=0 gid=0 euid=0 suid=0 fsuid=0 egid=0 sgid=0 fsgid=0 tty=pts1 ses=3 comm="ls" exe="/usr/bin/ls" subj=unconfined key="T1078_Valid_Accounts"ARCH=x86_64 SYSCALL=execve AUID="vboxuser" UID="root" GID="root" EUID="root" SUID="root" FSUID="root" EGID="root" SGID="root" FSGID="root"
type=EXECVE msg=audit(1768170128.478:1915): argc=4 a0="ls" a1="--color=auto" a2="-l" a3="/var/www/nextcloud/"
type=PATH msg=audit(1768170128.478:1915): item=0 name="/usr/bin/ls" inode=1442533 dev=08:02 mode=0100755 ouid=0 ogid=0 rdev=00:00 nametype=NORMAL cap_fp=0 cap_fi=0 cap_fe=0 cap_fver=0 cap_frootid=0OUID="root" OGID="root"
type=PATH msg=audit(1768170128.478:1915): item=1 name="/lib64/ld-linux-x86-64.so.2" inode=1481429 dev=08:02 mode=0100755 ouid=0 ogid=0 rdev=00:00 nametype=NORMAL cap_fp=0 cap_fi=0 cap_fe=0 cap_fver=0 cap_frootid=0OUID="root" OGID="root"
type=PROCTITLE msg=audit(1768170128.478:1915): proctitle=6C73002D2D636F6C6F723D6175746F002D6C002F7661722F7777772F6E657874636C6F75642F
type=SYSCALL msg=audit(1768170134.118:1916): arch=c000003e syscall=59 success=yes exit=0 a0=7ffd48c513f0 a1=7ffd48c51410 a2=7ffd48c51f18 a3=8 items=2 ppid=1 pid=1482 auid=4294967295 uid=0 gid=0 euid=0 suid=0 fsuid=0 egid=0 sgid=0 fsgid=0 tty=(none) ses=4294967295 comm="9" exe="/usr/lib/systemd/systemd-executor" subj=unconfined key="T1078_Valid_Accounts"ARCH=x86_64 SYSCALL=execve AUID="unset" UID="root" GID="root" EUID="root" SUID="root" FSUID="root" EGID="root" SGID="root" FSGID="root"
type=EXECVE msg=audit(1768170134.118:1916): argc=7 a0="/usr/lib/systemd/systemd-executor" a1="--deserialize" a2="95" a3="--log-level" a4="info" a5="--log-target" a6="journal-or-kmsg"
type=PATH msg=audit(1768170134.118:1916): item=0 name="/proc/self/fd/9" inode=1463834 dev=08:02 mode=0100755 ouid=0 ogid=0 rdev=00:00 nametype=NORMAL cap_fp=0 cap_fi=0 cap_fe=0 cap_fver=0 cap_frootid=0OUID="root" OGID="root"
type=PATH msg=audit(1768170134.118:1916): item=1 name="/lib64/ld-linux-x86-64.so.2" inode=1481429 dev=08:02 mode=0100755 ouid=0 ogid=0 rdev=00:00 nametype=NORMAL cap_fp=0 cap_fi=0 cap_fe=0 cap_fver=0 cap_frootid=0OUID="root" OGID="root"
type=PROCTITLE msg=audit(1768170134.118:1916): proctitle=2F7573722F6C69622F73797374656D642F73797374656D642D6578656375746F72002D2D646573657269616C697A65003935002D2D6C6F672D6C6576656C00696E666F002D2D6C6F672D746172676574006A6F75726E616C2D6F722D6B6D7367
type=SYSCALL msg=audit(1768170134.180:1917): arch=c000003e syscall=42 success=yes exit=0 a0=4 a1=7fffc525b120 a2=1e a3=7fffc525b1d0 items=1 ppid=1 pid=1482 auid=4294967295 uid=0 gid=0 euid=0 suid=0 fsuid=0 egid=0 sgid=0 fsgid=0 tty=(none) ses=4294967295 comm="9" exe="/usr/lib/systemd/systemd-executor" subj=unconfined key="T1043_Commonly_Used_Port"ARCH=x86_64 SYSCALL=connect AUID="unset" UID="root" GID="root" EUID="root" SUID="root" FSUID="root" EGID="root" SGID="root" FSGID="root"
type=SOCKADDR msg=audit(1768170134.180:1917): saddr=01002F72756E2F73797374656D642F6A6F75726E616C2F736F636B657400SADDR={ saddr_fam=local path=/run/systemd/journal/socket }
type=PATH msg=audit(1768170134.180:1917): item=0 name="/run/systemd/journal/socket" inode=450 dev=00:18 mode=0140666 ouid=0 ogid=0 rdev=00:00 nametype=NORMAL cap_fp=0 cap_fi=0 cap_fe=0 cap_fver=0 cap_frootid=0OUID="root" OGID="root"
type=PROCTITLE msg=audit(1768170134.180:1917): proctitle=2F7573722F6C69622F73797374656D642F73797374656D642D6578656375746F72002D2D646573657269616C697A65003935002D2D6C6F672D6C6576656C00696E666F002D2D6C6F672D746172676574006A6F75726E616C2D6F722D6B6D7367
type=SYSCALL msg=audit(1768170134.196:1918): arch=c000003e syscall=42 success=yes exit=0 a0=3 a1=7fffc525aca0 a2=1e a3=fffffff7 items=1 ppid=1 pid=1482 auid=4294967295 uid=0 gid=0 euid=0 suid=0 fsuid=0 egid=0 sgid=0 fsgid=0 tty=(none) ses=4294967295 comm="(wnloader)" exe="/usr/lib/systemd/systemd-executor" subj=unconfined key="T1043_Commonly_Used_Port"ARCH=x86_64 SYSCALL=connect AUID="unset" UID="root" GID="root" EUID="root" SUID="root" FSUID="root" EGID="root" SGID="root" FSGID="root"
type=SOCKADDR msg=audit(1768170134.196:1918): saddr=01002F72756E2F73797374656D642F6A6F75726E616C2F7374646F757400SADDR={ saddr_fam=local path=/run/systemd/journal/stdout }
type=PATH msg=audit(1768170134.196:1918): item=0 name="/run/systemd/journal/stdout" inode=451 dev=00:18 mode=0140666 ouid=0 ogid=0 rdev=00:00 nametype=NORMAL cap_fp=0 cap_fi=0 cap_fe=0 cap_fver=0 cap_frootid=0OUID="root" OGID="root"
type=PROCTITLE msg=audit(1768170134.196:1918): proctitle=2F7573722F6C69622F73797374656D642F73797374656D642D6578656375746F72002D2D646573657269616C697A65003935002D2D6C6F672D6C6576656C00696E666F002D2D6C6F672D746172676574006A6F75726E616C2D6F722D6B6D7367
type=SYSCALL msg=audit(1768170134.196:1919): arch=c000003e syscall=59 success=yes exit=0 a0=5d0a4cb7f090 a1=5d0a4cb7f070 a2=5d0a4cb7ed90 a3=5d0a4cb7f990 items=3 ppid=1 pid=1482 auid=4294967295 uid=0 gid=0 euid=0 suid=0 fsuid=0 egid=0 sgid=0 fsgid=0 tty=(none) ses=4294967295 comm="package-data-do" exe="/usr/bin/python3.12" subj=unconfined key="T1078_Valid_Accounts"ARCH=x86_64 SYSCALL=execve AUID="unset" UID="root" GID="root" EUID="root" SUID="root" FSUID="root" EGID="root" SGID="root" FSGID="root"
type=EXECVE msg=audit(1768170134.196:1919): argc=2 a0="/usr/bin/python3" a1="/usr/lib/update-notifier/package-data-downloader"
type=PATH msg=audit(1768170134.196:1919): item=0 name="/usr/lib/update-notifier/package-data-downloader" inode=1455128 dev=08:02 mode=0100755 ouid=0 ogid=0 rdev=00:00 nametype=NORMAL cap_fp=0 cap_fi=0 cap_fe=0 cap_fver=0 cap_frootid=0OUID="root" OGID="root"
type=PATH msg=audit(1768170134.196:1919): item=1 name="/usr/bin/python3" inode=1441874 dev=08:02 mode=0100755 ouid=0 ogid=0 rdev=00:00 nametype=NORMAL cap_fp=0 cap_fi=0 cap_fe=0 cap_fver=0 cap_frootid=0OUID="root" OGID="root"
type=PATH msg=audit(1768170134.196:1919): item=2 name="/lib64/ld-linux-x86-64.so.2" inode=1481429 dev=08:02 mode=0100755 ouid=0 ogid=0 rdev=00:00 nametype=NORMAL cap_fp=0 cap_fi=0 cap_fe=0 cap_fver=0 cap_frootid=0OUID="root" OGID="root"
type=PROCTITLE msg=audit(1768170134.196:1919): proctitle=2F7573722F6C69622F73797374656D642F73797374656D642D6578656375746F72002D2D646573657269616C697A65003935002D2D6C6F672D6C6576656C00696E666F002D2D6C6F672D746172676574006A6F75726E616C2D6F722D6B6D7367
type=SERVICE_START msg=audit(1768170134.378:1920): pid=1 uid=0 auid=4294967295 ses=4294967295 subj=unconfined msg='unit=update-notifier-download comm="systemd" exe="/usr/lib/systemd/systemd" hostname=? addr=? terminal=? res=success'UID="root" AUID="unset"
type=SERVICE_STOP msg=audit(1768170134.379:1921): pid=1 uid=0 auid=4294967295 ses=4294967295 subj=unconfined msg='unit=update-notifier-download comm="systemd" exe="/usr/lib/systemd/systemd" hostname=? addr=? terminal=? res=success'UID="root" AUID="unset"
type=SYSCALL msg=audit(1768170136.606:1922): arch=c000003e syscall=59 success=yes exit=0 a0=5a02a35fca50 a1=5a02a35fca00 a2=5a02a34b5cc0 a3=5a02a35fca00 items=2 ppid=1401 pid=1484 auid=1000 uid=0 gid=0 euid=0 suid=0 fsuid=0 egid=0 sgid=0 fsgid=0 tty=pts1 ses=3 comm="cat" exe="/usr/bin/cat" subj=unconfined key="T1078_Valid_Accounts"ARCH=x86_64 SYSCALL=execve AUID="vboxuser" UID="root" GID="root" EUID="root" SUID="root" FSUID="root" EGID="root" SGID="root" FSGID="root"
type=EXECVE msg=audit(1768170136.606:1922): argc=2 a0="cat" a1="/etc/hosts"
type=PATH msg=audit(1768170136.606:1922): item=0 name="/usr/bin/cat" inode=1442301 dev=08:02 mode=0100755 ouid=0 ogid=0 rdev=00:00 nametype=NORMAL cap_fp=0 cap_fi=0 cap_fe=0 cap_fver=0 cap_frootid=0OUID="root" OGID="root"
type=PATH msg=audit(1768170136.606:1922): item=1 name="/lib64/ld-linux-x86-64.so.2" inode=1481429 dev=08:02 mode=0100755 ouid=0 ogid=0 rdev=00:00 nametype=NORMAL cap_fp=0 cap_fi=0 cap_fe=0 cap_fver=0 cap_frootid=0OUID="root" OGID="root"
type=PROCTITLE msg=audit(1768170136.606:1922): proctitle=636174002F6574632F686F737473
type=SYSCALL msg=audit(1768170155.869:1923): arch=c000003e syscall=59 success=yes exit=0 a0=5a02a35fcb40 a1=5a02a35fcbb0 a2=5a02a34b5cc0 a3=5a02a35fcbb0 items=2 ppid=1401 pid=1485 auid=1000 uid=0 gid=0 euid=0 suid=0 fsuid=0 egid=0 sgid=0 fsgid=0 tty=pts1 ses=3 comm="curl" exe="/usr/bin/curl" subj=unconfined key="T1078_Valid_Accounts"ARCH=x86_64 SYSCALL=execve AUID="vboxuser" UID="root" GID="root" EUID="root" SUID="root" FSUID="root" EGID="root" SGID="root" FSGID="root"
type=EXECVE msg=audit(1768170155.869:1923): argc=3 a0="curl" a1="-I" a2="http://nextcloud.local"
type=PATH msg=audit(1768170155.869:1923): item=0 name="/usr/bin/curl" inode=1442342 dev=08:02 mode=0100755 ouid=0 ogid=0 rdev=00:00 nametype=NORMAL cap_fp=0 cap_fi=0 cap_fe=0 cap_fver=0 cap_frootid=0OUID="root" OGID="root"
type=PATH msg=audit(1768170155.869:1923): item=1 name="/lib64/ld-linux-x86-64.so.2" inode=1481429 dev=08:02 mode=0100755 ouid=0 ogid=0 rdev=00:00 nametype=NORMAL cap_fp=0 cap_fi=0 cap_fe=0 cap_fver=0 cap_frootid=0OUID="root" OGID="root"
type=PROCTITLE msg=audit(1768170155.869:1923): proctitle=6375726C002D4900687474703A2F2F6E657874636C6F75642E6C6F63616C
type=SYSCALL msg=audit(1768170155.920:1924): arch=c000003e syscall=42 success=no exit=-115 a0=5 a1=5c89dcdda978 a2=10 a3=5 items=0 ppid=1401 pid=1485 auid=1000 uid=0 gid=0 euid=0 suid=0 fsuid=0 egid=0 sgid=0 fsgid=0 tty=pts1 ses=3 comm="curl" exe="/usr/bin/curl" subj=unconfined key="T1043_Commonly_Used_Port"ARCH=x86_64 SYSCALL=connect AUID="vboxuser" UID="root" GID="root" EUID="root" SUID="root" FSUID="root" EGID="root" SGID="root" FSGID="root"
type=SOCKADDR msg=audit(1768170155.920:1924): saddr=020000507F0000010000000000000000SADDR={ saddr_fam=inet laddr=127.0.0.1 lport=80 }
type=PROCTITLE msg=audit(1768170155.920:1924): proctitle=6375726C002D4900687474703A2F2F6E657874636C6F75642E6C6F63616C
type=SYSCALL msg=audit(1768170164.327:1925): arch=c000003e syscall=59 success=yes exit=0 a0=5a02a35fc960 a1=5a02a35fcb90 a2=5a02a34b5cc0 a3=5a02a35fcc10 items=2 ppid=1401 pid=1487 auid=1000 uid=0 gid=0 euid=0 suid=0 fsuid=0 egid=0 sgid=0 fsgid=0 tty=pts1 ses=3 comm="cat" exe="/usr/bin/cat" subj=unconfined key="T1078_Valid_Accounts"ARCH=x86_64 SYSCALL=execve AUID="vboxuser" UID="root" GID="root" EUID="root" SUID="root" FSUID="root" EGID="root" SGID="root" FSGID="root"
type=EXECVE msg=audit(1768170164.327:1925): argc=2 a0="cat" a1="/var/www/html/index.html"
type=PATH msg=audit(1768170164.327:1925): item=0 name="/usr/bin/cat" inode=1442301 dev=08:02 mode=0100755 ouid=0 ogid=0 rdev=00:00 nametype=NORMAL cap_fp=0 cap_fi=0 cap_fe=0 cap_fver=0 cap_frootid=0OUID="root" OGID="root"
type=PATH msg=audit(1768170164.327:1925): item=1 name="/lib64/ld-linux-x86-64.so.2" inode=1481429 dev=08:02 mode=0100755 ouid=0 ogid=0 rdev=00:00 nametype=NORMAL cap_fp=0 cap_fi=0 cap_fe=0 cap_fver=0 cap_frootid=0OUID="root" OGID="root"
type=PROCTITLE msg=audit(1768170164.327:1925): proctitle=636174002F7661722F7777772F68746D6C2F696E6465782E68746D6C
type=SYSCALL msg=audit(1768170171.473:1926): arch=c000003e syscall=59 success=yes exit=0 a0=5a02a35fc980 a1=5a02a35fc890 a2=5a02a34b5cc0 a3=5a02a35fc6a0 items=2 ppid=1401 pid=1488 auid=1000 uid=0 gid=0 euid=0 suid=0 fsuid=0 egid=0 sgid=0 fsgid=0 tty=pts1 ses=3 comm="cat" exe="/usr/bin/cat" subj=unconfined key="T1078_Valid_Accounts"ARCH=x86_64 SYSCALL=execve AUID="vboxuser" UID="root" GID="root" EUID="root" SUID="root" FSUID="root" EGID="root" SGID="root" FSGID="root"
type=EXECVE msg=audit(1768170171.473:1926): argc=2 a0="cat" a1="/etc/apache2/apache2.conf"
type=PATH msg=audit(1768170171.473:1926): item=0 name="/usr/bin/cat" inode=1442301 dev=08:02 mode=0100755 ouid=0 ogid=0 rdev=00:00 nametype=NORMAL cap_fp=0 cap_fi=0 cap_fe=0 cap_fver=0 cap_frootid=0OUID="root" OGID="root"
type=PATH msg=audit(1768170171.473:1926): item=1 name="/lib64/ld-linux-x86-64.so.2" inode=1481429 dev=08:02 mode=0100755 ouid=0 ogid=0 rdev=00:00 nametype=NORMAL cap_fp=0 cap_fi=0 cap_fe=0 cap_fver=0 cap_frootid=0OUID="root" OGID="root"
type=PROCTITLE msg=audit(1768170171.473:1926): proctitle=636174002F6574632F617061636865322F617061636865322E636F6E66
type=SYSCALL msg=audit(1768170181.752:1927): arch=c000003e syscall=59 success=yes exit=0 a0=5a02a35fce40 a1=5a02a35fcbe0 a2=5a02a34b5cc0 a3=8 items=2 ppid=1401 pid=1490 auid=1000 uid=0 gid=0 euid=0 suid=0 fsuid=0 egid=0 sgid=0 fsgid=0 tty=pts1 ses=3 comm="grep" exe="/usr/bin/grep" subj=unconfined key="T1078_Valid_Accounts"ARCH=x86_64 SYSCALL=execve AUID="vboxuser" UID="root" GID="root" EUID="root" SUID="root" FSUID="root" EGID="root" SGID="root" FSGID="root"
type=EXECVE msg=audit(1768170181.752:1927): argc=3 a0="grep" a1="--color=auto" a2="php"
type=SYSCALL msg=audit(1768170181.755:1928): arch=c000003e syscall=59 success=yes exit=0 a0=5a02a35fce20 a1=5a02a35fc5c0 a2=5a02a34b5cc0 a3=8 items=3 ppid=1401 pid=1489 auid=1000 uid=0 gid=0 euid=0 suid=0 fsuid=0 egid=0 sgid=0 fsgid=0 tty=pts1 ses=3 comm="apache2ctl" exe="/usr/bin/dash" subj=unconfined key="T1078_Valid_Accounts"ARCH=x86_64 SYSCALL=execve AUID="vboxuser" UID="root" GID="root" EUID="root" SUID="root" FSUID="root" EGID="root" SGID="root" FSGID="root"
type=PATH msg=audit(1768170181.752:1927): item=0 name="/usr/bin/grep" inode=1442450 dev=08:02 mode=0100755 ouid=0 ogid=0 rdev=00:00 nametype=NORMAL cap_fp=0 cap_fi=0 cap_fe=0 cap_fver=0 cap_frootid=0OUID="root" OGID="root"
type=EXECVE msg=audit(1768170181.755:1928): argc=3 a0="/bin/sh" a1="/usr/sbin/apache2ctl" a2="-M"
type=PATH msg=audit(1768170181.755:1928): item=0 name="/usr/sbin/apache2ctl" inode=1479339 dev=08:02 mode=0100755 ouid=0 ogid=0 rdev=00:00 nametype=NORMAL cap_fp=0 cap_fi=0 cap_fe=0 cap_fver=0 cap_frootid=0OUID="root" OGID="root"
type=PATH msg=audit(1768170181.755:1928): item=1 name="/bin/sh" inode=1442345 dev=08:02 mode=0100755 ouid=0 ogid=0 rdev=00:00 nametype=NORMAL cap_fp=0 cap_fi=0 cap_fe=0 cap_fver=0 cap_frootid=0OUID="root" OGID="root"
type=PATH msg=audit(1768170181.755:1928): item=2 name="/lib64/ld-linux-x86-64.so.2" inode=1481429 dev=08:02 mode=0100755 ouid=0 ogid=0 rdev=00:00 nametype=NORMAL cap_fp=0 cap_fi=0 cap_fe=0 cap_fver=0 cap_frootid=0OUID="root" OGID="root"
type=PROCTITLE msg=audit(1768170181.755:1928): proctitle=2F62696E2F7368002F7573722F7362696E2F6170616368653263746C002D4D
type=PATH msg=audit(1768170181.752:1927): item=1 name="/lib64/ld-linux-x86-64.so.2" inode=1481429 dev=08:02 mode=0100755 ouid=0 ogid=0 rdev=00:00 nametype=NORMAL cap_fp=0 cap_fi=0 cap_fe=0 cap_fver=0 cap_frootid=0OUID="root" OGID="root"
type=PROCTITLE msg=audit(1768170181.752:1927): proctitle=67726570002D2D636F6C6F723D6175746F00706870
type=SYSCALL msg=audit(1768170181.771:1929): arch=c000003e syscall=59 success=yes exit=0 a0=6316dda13f38 a1=6316dda15db0 a2=6316dda13e58 a3=6316dda15be0 items=2 ppid=1489 pid=1491 auid=1000 uid=0 gid=0 euid=0 suid=0 fsuid=0 egid=0 sgid=0 fsgid=0 tty=pts1 ses=3 comm="id" exe="/usr/bin/id" subj=unconfined key="T1078_Valid_Accounts"ARCH=x86_64 SYSCALL=execve AUID="vboxuser" UID="root" GID="root" EUID="root" SUID="root" FSUID="root" EGID="root" SGID="root" FSGID="root"
type=EXECVE msg=audit(1768170181.771:1929): argc=2 a0="id" a1="-u"
type=PATH msg=audit(1768170181.771:1929): item=0 name="/usr/bin/id" inode=1442474 dev=08:02 mode=0100755 ouid=0 ogid=0 rdev=00:00 nametype=NORMAL cap_fp=0 cap_fi=0 cap_fe=0 cap_fver=0 cap_frootid=0OUID="root" OGID="root"
type=PATH msg=audit(1768170181.771:1929): item=1 name="/lib64/ld-linux-x86-64.so.2" inode=1481429 dev=08:02 mode=0100755 ouid=0 ogid=0 rdev=00:00 nametype=NORMAL cap_fp=0 cap_fi=0 cap_fe=0 cap_fver=0 cap_frootid=0OUID="root" OGID="root"
type=PROCTITLE msg=audit(1768170181.771:1929): proctitle=6964002D75
type=SYSCALL msg=audit(1768170181.785:1930): arch=c000003e syscall=59 success=yes exit=0 a0=6316dda15b48 a1=6316dda17450 a2=6316dda17468 a3=8 items=2 ppid=1489 pid=1492 auid=1000 uid=0 gid=0 euid=0 suid=0 fsuid=0 egid=0 sgid=0 fsgid=0 tty=pts1 ses=3 comm="apache2" exe="/usr/sbin/apache2" subj=unconfined key="T1078_Valid_Accounts"ARCH=x86_64 SYSCALL=execve AUID="vboxuser" UID="root" GID="root" EUID="root" SUID="root" FSUID="root" EGID="root" SGID="root" FSGID="root"
type=EXECVE msg=audit(1768170181.785:1930): argc=2 a0="/usr/sbin/apache2" a1="-M"
type=PATH msg=audit(1768170181.785:1930): item=0 name="/usr/sbin/apache2" inode=1457163 dev=08:02 mode=0100755 ouid=0 ogid=0 rdev=00:00 nametype=NORMAL cap_fp=0 cap_fi=0 cap_fe=0 cap_fver=0 cap_frootid=0OUID="root" OGID="root"
type=PATH msg=audit(1768170181.785:1930): item=1 name="/lib64/ld-linux-x86-64.so.2" inode=1481429 dev=08:02 mode=0100755 ouid=0 ogid=0 rdev=00:00 nametype=NORMAL cap_fp=0 cap_fi=0 cap_fe=0 cap_fver=0 cap_frootid=0OUID="root" OGID="root"
type=PROCTITLE msg=audit(1768170181.785:1930): proctitle=2F7573722F7362696E2F61706163686532002D4D
type=SYSCALL msg=audit(1768170181.800:1931): arch=c000003e syscall=42 success=yes exit=0 a0=3 a1=6069e1f47c30 a2=1c a3=0 items=0 ppid=1489 pid=1492 auid=1000 uid=0 gid=0 euid=0 suid=0 fsuid=0 egid=0 sgid=0 fsgid=0 tty=pts1 ses=3 comm="apache2" exe="/usr/sbin/apache2" subj=unconfined key="T1043_Commonly_Used_Port"ARCH=x86_64 SYSCALL=connect AUID="vboxuser" UID="root" GID="root" EUID="root" SUID="root" FSUID="root" EGID="root" SGID="root" FSGID="root"
type=SOCKADDR msg=audit(1768170181.800:1931): saddr=0A000000000000000000000000000000000000000000000000000000SADDR={ saddr_fam=inet6 laddr=:: lport=0 }
type=PROCTITLE msg=audit(1768170181.800:1931): proctitle=2F7573722F7362696E2F61706163686532002D4D
type=SYSCALL msg=audit(1768170181.801:1932): arch=c000003e syscall=42 success=yes exit=0 a0=3 a1=7ffed9a34160 a2=10 a3=0 items=0 ppid=1489 pid=1492 auid=1000 uid=0 gid=0 euid=0 suid=0 fsuid=0 egid=0 sgid=0 fsgid=0 tty=pts1 ses=3 comm="apache2" exe="/usr/sbin/apache2" subj=unconfined key="T1043_Commonly_Used_Port"ARCH=x86_64 SYSCALL=connect AUID="vboxuser" UID="root" GID="root" EUID="root" SUID="root" FSUID="root" EGID="root" SGID="root" FSGID="root"
type=SOCKADDR msg=audit(1768170181.801:1932): saddr=00000000000000000000000000000000SADDR=unknown-family(0)
type=PROCTITLE msg=audit(1768170181.801:1932): proctitle=2F7573722F7362696E2F61706163686532002D4D
type=SYSCALL msg=audit(1768170181.801:1933): arch=c000003e syscall=42 success=yes exit=0 a0=3 a1=6069e1f47c90 a2=10 a3=0 items=0 ppid=1489 pid=1492 auid=1000 uid=0 gid=0 euid=0 suid=0 fsuid=0 egid=0 sgid=0 fsgid=0 tty=pts1 ses=3 comm="apache2" exe="/usr/sbin/apache2" subj=unconfined key="T1043_Commonly_Used_Port"ARCH=x86_64 SYSCALL=connect AUID="vboxuser" UID="root" GID="root" EUID="root" SUID="root" FSUID="root" EGID="root" SGID="root" FSGID="root"
type=SOCKADDR msg=audit(1768170181.801:1933): saddr=02000000000000000000000000000000SADDR={ saddr_fam=inet laddr=0.0.0.0 lport=0 }
type=PROCTITLE msg=audit(1768170181.801:1933): proctitle=2F7573722F7362696E2F61706163686532002D4D
type=SYSCALL msg=audit(1768170181.812:1934): arch=c000003e syscall=42 success=yes exit=0 a0=3 a1=6069e1f6c6c0 a2=1c a3=0 items=0 ppid=1489 pid=1492 auid=1000 uid=0 gid=0 euid=0 suid=0 fsuid=0 egid=0 sgid=0 fsgid=0 tty=pts1 ses=3 comm="apache2" exe="/usr/sbin/apache2" subj=unconfined key="T1043_Commonly_Used_Port"ARCH=x86_64 SYSCALL=connect AUID="vboxuser" UID="root" GID="root" EUID="root" SUID="root" FSUID="root" EGID="root" SGID="root" FSGID="root"
type=SOCKADDR msg=audit(1768170181.812:1934): saddr=0A000050000000000000000000000000000000000000000000000000SADDR={ saddr_fam=inet6 laddr=:: lport=80 }
type=PROCTITLE msg=audit(1768170181.812:1934): proctitle=2F7573722F7362696E2F61706163686532002D4D
type=SYSCALL msg=audit(1768170181.813:1935): arch=c000003e syscall=42 success=yes exit=0 a0=3 a1=7ffed9a33df0 a2=10 a3=0 items=0 ppid=1489 pid=1492 auid=1000 uid=0 gid=0 euid=0 suid=0 fsuid=0 egid=0 sgid=0 fsgid=0 tty=pts1 ses=3 comm="apache2" exe="/usr/sbin/apache2" subj=unconfined key="T1043_Commonly_Used_Port"ARCH=x86_64 SYSCALL=connect AUID="vboxuser" UID="root" GID="root" EUID="root" SUID="root" FSUID="root" EGID="root" SGID="root" FSGID="root"
type=SOCKADDR msg=audit(1768170181.813:1935): saddr=00000000000000000000000000000000SADDR=unknown-family(0)
type=PROCTITLE msg=audit(1768170181.813:1935): proctitle=2F7573722F7362696E2F61706163686532002D4D
type=SYSCALL msg=audit(1768170181.813:1936): arch=c000003e syscall=42 success=yes exit=0 a0=3 a1=6069e1f6be00 a2=10 a3=0 items=0 ppid=1489 pid=1492 auid=1000 uid=0 gid=0 euid=0 suid=0 fsuid=0 egid=0 sgid=0 fsgid=0 tty=pts1 ses=3 comm="apache2" exe="/usr/sbin/apache2" subj=unconfined key="T1043_Commonly_Used_Port"ARCH=x86_64 SYSCALL=connect AUID="vboxuser" UID="root" GID="root" EUID="root" SUID="root" FSUID="root" EGID="root" SGID="root" FSGID="root"
type=SOCKADDR msg=audit(1768170181.813:1936): saddr=02000050000000000000000000000000SADDR={ saddr_fam=inet laddr=0.0.0.0 lport=80 }
type=PROCTITLE msg=audit(1768170181.813:1936): proctitle=2F7573722F7362696E2F61706163686532002D4D
type=SYSCALL msg=audit(1768170181.813:1937): arch=c000003e syscall=42 success=yes exit=0 a0=5 a1=6069e1f6c6c0 a2=1c a3=0 items=0 ppid=1489 pid=1492 auid=1000 uid=0 gid=0 euid=0 suid=0 fsuid=0 egid=0 sgid=0 fsgid=0 tty=pts1 ses=3 comm="apache2" exe="/usr/sbin/apache2" subj=unconfined key="T1043_Commonly_Used_Port"ARCH=x86_64 SYSCALL=connect AUID="vboxuser" UID="root" GID="root" EUID="root" SUID="root" FSUID="root" EGID="root" SGID="root" FSGID="root"
type=SOCKADDR msg=audit(1768170181.813:1937): saddr=0A000050000000000000000000000000000000000000000000000000SADDR={ saddr_fam=inet6 laddr=:: lport=80 }
type=PROCTITLE msg=audit(1768170181.813:1937): proctitle=2F7573722F7362696E2F61706163686532002D4D
type=SYSCALL msg=audit(1768170181.813:1938): arch=c000003e syscall=42 success=yes exit=0 a0=5 a1=7ffed9a33d90 a2=10 a3=0 items=0 ppid=1489 pid=1492 auid=1000 uid=0 gid=0 euid=0 suid=0 fsuid=0 egid=0 sgid=0 fsgid=0 tty=pts1 ses=3 comm="apache2" exe="/usr/sbin/apache2" subj=unconfined key="T1043_Commonly_Used_Port"ARCH=x86_64 SYSCALL=connect AUID="vboxuser" UID="root" GID="root" EUID="root" SUID="root" FSUID="root" EGID="root" SGID="root" FSGID="root"
type=SOCKADDR msg=audit(1768170181.813:1938): saddr=00000000000000000000000000000000SADDR=unknown-family(0)
type=PROCTITLE msg=audit(1768170181.813:1938): proctitle=2F7573722F7362696E2F61706163686532002D4D
type=SYSCALL msg=audit(1768170181.813:1939): arch=c000003e syscall=42 success=yes exit=0 a0=5 a1=6069e1f6be00 a2=10 a3=0 items=0 ppid=1489 pid=1492 auid=1000 uid=0 gid=0 euid=0 suid=0 fsuid=0 egid=0 sgid=0 fsgid=0 tty=pts1 ses=3 comm="apache2" exe="/usr/sbin/apache2" subj=unconfined key="T1043_Commonly_Used_Port"ARCH=x86_64 SYSCALL=connect AUID="vboxuser" UID="root" GID="root" EUID="root" SUID="root" FSUID="root" EGID="root" SGID="root" FSGID="root"
type=SOCKADDR msg=audit(1768170181.813:1939): saddr=02000050000000000000000000000000SADDR={ saddr_fam=inet laddr=0.0.0.0 lport=80 }
type=PROCTITLE msg=audit(1768170181.813:1939): proctitle=2F7573722F7362696E2F61706163686532002D4D
type=SYSCALL msg=audit(1768170181.813:1940): arch=c000003e syscall=42 success=yes exit=0 a0=5 a1=7a592100b694 a2=10 a3=7ffed9a318f4 items=0 ppid=1489 pid=1492 auid=1000 uid=0 gid=0 euid=0 suid=0 fsuid=0 egid=0 sgid=0 fsgid=0 tty=pts1 ses=3 comm="apache2" exe="/usr/sbin/apache2" subj=unconfined key="T1043_Commonly_Used_Port"ARCH=x86_64 SYSCALL=connect AUID="vboxuser" UID="root" GID="root" EUID="root" SUID="root" FSUID="root" EGID="root" SGID="root" FSGID="root"
type=SOCKADDR msg=audit(1768170181.813:1940): saddr=020000357F0000350000000000000000SADDR={ saddr_fam=inet laddr=127.0.0.53 lport=53 }
type=PROCTITLE msg=audit(1768170181.813:1940): proctitle=2F7573722F7362696E2F61706163686532002D4D
type=SYSCALL msg=audit(1768170181.842:1941): arch=c000003e syscall=42 success=yes exit=0 a0=5 a1=7a592100b694 a2=10 a3=7ffed9a318f4 items=0 ppid=1489 pid=1492 auid=1000 uid=0 gid=0 euid=0 suid=0 fsuid=0 egid=0 sgid=0 fsgid=0 tty=pts1 ses=3 comm="apache2" exe="/usr/sbin/apache2" subj=unconfined key="T1043_Commonly_Used_Port"ARCH=x86_64 SYSCALL=connect AUID="vboxuser" UID="root" GID="root" EUID="root" SUID="root" FSUID="root" EGID="root" SGID="root" FSGID="root"
type=SOCKADDR msg=audit(1768170181.842:1941): saddr=020000357F0000350000000000000000SADDR={ saddr_fam=inet laddr=127.0.0.53 lport=53 }
type=PROCTITLE msg=audit(1768170181.842:1941): proctitle=2F7573722F7362696E2F61706163686532002D4D
type=SYSCALL msg=audit(1768170181.842:1942): arch=c000003e syscall=42 success=yes exit=0 a0=5 a1=6069e1f6be00 a2=10 a3=0 items=0 ppid=1489 pid=1492 auid=1000 uid=0 gid=0 euid=0 suid=0 fsuid=0 egid=0 sgid=0 fsgid=0 tty=pts1 ses=3 comm="apache2" exe="/usr/sbin/apache2" subj=unconfined key="T1043_Commonly_Used_Port"ARCH=x86_64 SYSCALL=connect AUID="vboxuser" UID="root" GID="root" EUID="root" SUID="root" FSUID="root" EGID="root" SGID="root" FSGID="root"
type=SOCKADDR msg=audit(1768170181.842:1942): saddr=020000000A00020F0000000000000000SADDR={ saddr_fam=inet laddr=10.0.2.15 lport=0 }
type=PROCTITLE msg=audit(1768170181.842:1942): proctitle=2F7573722F7362696E2F61706163686532002D4D
type=SYSCALL msg=audit(1768170181.842:1943): arch=c000003e syscall=42 success=yes exit=0 a0=5 a1=7ffed9a337e0 a2=10 a3=0 items=0 ppid=1489 pid=1492 auid=1000 uid=0 gid=0 euid=0 suid=0 fsuid=0 egid=0 sgid=0 fsgid=0 tty=pts1 ses=3 comm="apache2" exe="/usr/sbin/apache2" subj=unconfined key="T1043_Commonly_Used_Port"ARCH=x86_64 SYSCALL=connect AUID="vboxuser" UID="root" GID="root" EUID="root" SUID="root" FSUID="root" EGID="root" SGID="root" FSGID="root"
type=SOCKADDR msg=audit(1768170181.842:1943): saddr=00000000000000000000000000000000SADDR=unknown-family(0)
type=PROCTITLE msg=audit(1768170181.842:1943): proctitle=2F7573722F7362696E2F61706163686532002D4D
type=SYSCALL msg=audit(1768170181.842:1944): arch=c000003e syscall=42 success=yes exit=0 a0=5 a1=6069e1f47640 a2=10 a3=0 items=0 ppid=1489 pid=1492 auid=1000 uid=0 gid=0 euid=0 suid=0 fsuid=0 egid=0 sgid=0 fsgid=0 tty=pts1 ses=3 comm="apache2" exe="/usr/sbin/apache2" subj=unconfined key="T1043_Commonly_Used_Port"ARCH=x86_64 SYSCALL=connect AUID="vboxuser" UID="root" GID="root" EUID="root" SUID="root" FSUID="root" EGID="root" SGID="root" FSGID="root"
type=SOCKADDR msg=audit(1768170181.842:1944): saddr=02000000C0A8386B0000000000000000SADDR={ saddr_fam=inet laddr=192.168.56.107 lport=0 }
type=PROCTITLE msg=audit(1768170181.842:1944): proctitle=2F7573722F7362696E2F61706163686532002D4D
type=SYSCALL msg=audit(1768170181.842:1945): arch=c000003e syscall=42 success=yes exit=0 a0=5 a1=6069e1f6c6c0 a2=1c a3=0 items=0 ppid=1489 pid=1492 auid=1000 uid=0 gid=0 euid=0 suid=0 fsuid=0 egid=0 sgid=0 fsgid=0 tty=pts1 ses=3 comm="apache2" exe="/usr/sbin/apache2" subj=unconfined key="T1043_Commonly_Used_Port"ARCH=x86_64 SYSCALL=connect AUID="vboxuser" UID="root" GID="root" EUID="root" SUID="root" FSUID="root" EGID="root" SGID="root" FSGID="root"
type=SOCKADDR msg=audit(1768170181.842:1945): saddr=0A00000000000000FD17625CF03700020A0027FFFE3F373900000000SADDR={ saddr_fam=inet6 laddr=fd17:625c:f037:2:a00:27ff:fe3f:3739 lport=0 }
type=PROCTITLE msg=audit(1768170181.842:1945): proctitle=2F7573722F7362696E2F61706163686532002D4D
type=SYSCALL msg=audit(1768170181.842:1946): arch=c000003e syscall=42 success=yes exit=0 a0=5 a1=7ffed9a337e0 a2=10 a3=0 items=0 ppid=1489 pid=1492 auid=1000 uid=0 gid=0 euid=0 suid=0 fsuid=0 egid=0 sgid=0 fsgid=0 tty=pts1 ses=3 comm="apache2" exe="/usr/sbin/apache2" subj=unconfined key="T1043_Commonly_Used_Port"ARCH=x86_64 SYSCALL=connect AUID="vboxuser" UID="root" GID="root" EUID="root" SUID="root" FSUID="root" EGID="root" SGID="root" FSGID="root"
type=SOCKADDR msg=audit(1768170181.842:1946): saddr=00000000000000000000000000000000SADDR=unknown-family(0)
type=PROCTITLE msg=audit(1768170181.842:1946): proctitle=2F7573722F7362696E2F61706163686532002D4D
type=SYSCALL msg=audit(1768170181.842:1947): arch=c000003e syscall=42 success=no exit=-22 a0=5 a1=6069e1f47690 a2=1c a3=0 items=0 ppid=1489 pid=1492 auid=1000 uid=0 gid=0 euid=0 suid=0 fsuid=0 egid=0 sgid=0 fsgid=0 tty=pts1 ses=3 comm="apache2" exe="/usr/sbin/apache2" subj=unconfined key="T1043_Commonly_Used_Port"ARCH=x86_64 SYSCALL=connect AUID="vboxuser" UID="root" GID="root" EUID="root" SUID="root" FSUID="root" EGID="root" SGID="root" FSGID="root"
type=SOCKADDR msg=audit(1768170181.842:1947): saddr=0A00000000000000FE800000000000000A0027FFFE3F373900000000SADDR={ saddr_fam=inet6 laddr=fe80::a00:27ff:fe3f:3739 lport=0 }
type=PROCTITLE msg=audit(1768170181.842:1947): proctitle=2F7573722F7362696E2F61706163686532002D4D
type=SYSCALL msg=audit(1768170181.842:1948): arch=c000003e syscall=42 success=yes exit=0 a0=5 a1=7ffed9a337e0 a2=10 a3=0 items=0 ppid=1489 pid=1492 auid=1000 uid=0 gid=0 euid=0 suid=0 fsuid=0 egid=0 sgid=0 fsgid=0 tty=pts1 ses=3 comm="apache2" exe="/usr/sbin/apache2" subj=unconfined key="T1043_Commonly_Used_Port"ARCH=x86_64 SYSCALL=connect AUID="vboxuser" UID="root" GID="root" EUID="root" SUID="root" FSUID="root" EGID="root" SGID="root" FSGID="root"
type=SOCKADDR msg=audit(1768170181.842:1948): saddr=00000000000000000000000000000000SADDR=unknown-family(0)
type=PROCTITLE msg=audit(1768170181.842:1948): proctitle=2F7573722F7362696E2F61706163686532002D4D
type=SYSCALL msg=audit(1768170181.842:1949): arch=c000003e syscall=42 success=no exit=-22 a0=5 a1=6069e1f476f0 a2=1c a3=0 items=0 ppid=1489 pid=1492 auid=1000 uid=0 gid=0 euid=0 suid=0 fsuid=0 egid=0 sgid=0 fsgid=0 tty=pts1 ses=3 comm="apache2" exe="/usr/sbin/apache2" subj=unconfined key="T1043_Commonly_Used_Port"ARCH=x86_64 SYSCALL=connect AUID="vboxuser" UID="root" GID="root" EUID="root" SUID="root" FSUID="root" EGID="root" SGID="root" FSGID="root"
type=SOCKADDR msg=audit(1768170181.842:1949): saddr=0A00000000000000FE800000000000000A0027FFFE270D1D00000000SADDR={ saddr_fam=inet6 laddr=fe80::a00:27ff:fe27:d1d lport=0 }
type=PROCTITLE msg=audit(1768170181.842:1949): proctitle=2F7573722F7362696E2F61706163686532002D4D
type=SYSCALL msg=audit(1768170181.842:1950): arch=c000003e syscall=42 success=yes exit=0 a0=5 a1=7a592100b694 a2=10 a3=7ffed9a32004 items=0 ppid=1489 pid=1492 auid=1000 uid=0 gid=0 euid=0 suid=0 fsuid=0 egid=0 sgid=0 fsgid=0 tty=pts1 ses=3 comm="apache2" exe="/usr/sbin/apache2" subj=unconfined key="T1043_Commonly_Used_Port"ARCH=x86_64 SYSCALL=connect AUID="vboxuser" UID="root" GID="root" EUID="root" SUID="root" FSUID="root" EGID="root" SGID="root" FSGID="root"
type=SOCKADDR msg=audit(1768170181.842:1950): saddr=020000357F0000350000000000000000SADDR={ saddr_fam=inet laddr=127.0.0.53 lport=53 }
type=PROCTITLE msg=audit(1768170181.842:1950): proctitle=2F7573722F7362696E2F61706163686532002D4D
type=SYSCALL msg=audit(1768170193.216:1951): arch=c000003e syscall=59 success=yes exit=0 a0=5a02a35fce20 a1=5a02a35fc810 a2=5a02a34b5cc0 a3=5a02a34cbac0 items=2 ppid=1401 pid=1493 auid=1000 uid=0 gid=0 euid=0 suid=0 fsuid=0 egid=0 sgid=0 fsgid=0 tty=pts1 ses=3 comm="grep" exe="/usr/bin/grep" subj=unconfined key="T1078_Valid_Accounts"ARCH=x86_64 SYSCALL=execve AUID="vboxuser" UID="root" GID="root" EUID="root" SUID="root" FSUID="root" EGID="root" SGID="root" FSGID="root"
type=EXECVE msg=audit(1768170193.216:1951): argc=5 a0="grep" a1="--color=auto" a2="-i" a3="DocumentRoot" a4="/etc/apache2/sites-enabled/nextcloud.conf"
type=PATH msg=audit(1768170193.216:1951): item=0 name="/usr/bin/grep" inode=1442450 dev=08:02 mode=0100755 ouid=0 ogid=0 rdev=00:00 nametype=NORMAL cap_fp=0 cap_fi=0 cap_fe=0 cap_fver=0 cap_frootid=0OUID="root" OGID="root"
type=PATH msg=audit(1768170193.216:1951): item=1 name="/lib64/ld-linux-x86-64.so.2" inode=1481429 dev=08:02 mode=0100755 ouid=0 ogid=0 rdev=00:00 nametype=NORMAL cap_fp=0 cap_fi=0 cap_fe=0 cap_fver=0 cap_frootid=0OUID="root" OGID="root"
type=PROCTITLE msg=audit(1768170193.216:1951): proctitle=67726570002D2D636F6C6F723D6175746F002D6900446F63756D656E74526F6F74002F6574632F617061636865322F73697465732D656E61626C65642F6E657874636C6F75642E636F6E66
type=SYSCALL msg=audit(1768170217.036:1952): arch=c000003e syscall=59 success=yes exit=0 a0=5a02a35fcdc0 a1=5a02a35fcca0 a2=5a02a34b5cc0 a3=5a02a35fce60 items=2 ppid=1401 pid=1495 auid=1000 uid=0 gid=0 euid=0 suid=0 fsuid=0 egid=0 sgid=0 fsgid=0 tty=pts1 ses=3 comm="sudo" exe="/usr/bin/sudo" subj=unconfined key="T1078_Valid_Accounts"ARCH=x86_64 SYSCALL=execve AUID="vboxuser" UID="root" GID="root" EUID="root" SUID="root" FSUID="root" EGID="root" SGID="root" FSGID="root"
type=EXECVE msg=audit(1768170217.036:1952): argc=3 a0="sudo" a1="vim" a2="/etc/apache2/sites-enabled/nextcloud.conf"
type=PATH msg=audit(1768170217.036:1952): item=0 name="/usr/bin/sudo" inode=1450157 dev=08:02 mode=0104755 ouid=0 ogid=0 rdev=00:00 nametype=NORMAL cap_fp=0 cap_fi=0 cap_fe=0 cap_fver=0 cap_frootid=0OUID="root" OGID="root"
type=PATH msg=audit(1768170217.036:1952): item=1 name="/lib64/ld-linux-x86-64.so.2" inode=1481429 dev=08:02 mode=0100755 ouid=0 ogid=0 rdev=00:00 nametype=NORMAL cap_fp=0 cap_fi=0 cap_fe=0 cap_fver=0 cap_frootid=0OUID="root" OGID="root"
type=PROCTITLE msg=audit(1768170217.036:1952): proctitle=7375646F0076696D002F6574632F617061636865322F73697465732D656E61626C65642F6E657874636C6F75642E636F6E66
type=SYSCALL msg=audit(1768170217.071:1953): arch=c000003e syscall=257 success=yes exit=5 a0=ffffff9c a1=7ffe23ebf150 a2=800 a3=0 items=1 ppid=1401 pid=1495 auid=1000 uid=0 gid=0 euid=1 suid=0 fsuid=1 egid=0 sgid=0 fsgid=0 tty=pts1 ses=3 comm="sudo" exe="/usr/bin/sudo" subj=unconfined key="T1169_Sudo"ARCH=x86_64 SYSCALL=openat AUID="vboxuser" UID="root" GID="root" EUID="daemon" SUID="root" FSUID="daemon" EGID="root" SGID="root" FSGID="root"
type=PATH msg=audit(1768170217.071:1953): item=0 name="/etc/sudoers" inode=1049318 dev=08:02 mode=0100440 ouid=0 ogid=0 rdev=00:00 nametype=NORMAL cap_fp=0 cap_fi=0 cap_fe=0 cap_fver=0 cap_frootid=0OUID="root" OGID="root"
type=PROCTITLE msg=audit(1768170217.071:1953): proctitle=7375646F0076696D002F6574632F617061636865322F73697465732D656E61626C65642F6E657874636C6F75642E636F6E66
type=SYSCALL msg=audit(1768170217.078:1954): arch=c000003e syscall=42 success=yes exit=0 a0=6 a1=7543fd00b694 a2=10 a3=7ffe23ebd6f4 items=0 ppid=1401 pid=1495 auid=1000 uid=0 gid=0 euid=0 suid=0 fsuid=0 egid=0 sgid=0 fsgid=0 tty=pts1 ses=3 comm="sudo" exe="/usr/bin/sudo" subj=unconfined key="T1043_Commonly_Used_Port"ARCH=x86_64 SYSCALL=connect AUID="vboxuser" UID="root" GID="root" EUID="root" SUID="root" FSUID="root" EGID="root" SGID="root" FSGID="root"
type=SOCKADDR msg=audit(1768170217.078:1954): saddr=020000357F0000350000000000000000SADDR={ saddr_fam=inet laddr=127.0.0.53 lport=53 }
type=PROCTITLE msg=audit(1768170217.078:1954): proctitle=7375646F0076696D002F6574632F617061636865322F73697465732D656E61626C65642F6E657874636C6F75642E636F6E66
type=SYSCALL msg=audit(1768170217.220:1955): arch=c000003e syscall=42 success=yes exit=0 a0=6 a1=7543fd00b694 a2=10 a3=7ffe23ebd6f4 items=0 ppid=1401 pid=1495 auid=1000 uid=0 gid=0 euid=0 suid=0 fsuid=0 egid=0 sgid=0 fsgid=0 tty=pts1 ses=3 comm="sudo" exe="/usr/bin/sudo" subj=unconfined key="T1043_Commonly_Used_Port"ARCH=x86_64 SYSCALL=connect AUID="vboxuser" UID="root" GID="root" EUID="root" SUID="root" FSUID="root" EGID="root" SGID="root" FSGID="root"
type=SOCKADDR msg=audit(1768170217.220:1955): saddr=020000357F0000350000000000000000SADDR={ saddr_fam=inet laddr=127.0.0.53 lport=53 }
type=PROCTITLE msg=audit(1768170217.220:1955): proctitle=7375646F0076696D002F6574632F617061636865322F73697465732D656E61626C65642F6E657874636C6F75642E636F6E66
type=SYSCALL msg=audit(1768170217.227:1956): arch=c000003e syscall=42 success=yes exit=0 a0=6 a1=58504ee81740 a2=10 a3=0 items=0 ppid=1401 pid=1495 auid=1000 uid=0 gid=0 euid=0 suid=0 fsuid=0 egid=0 sgid=0 fsgid=0 tty=pts1 ses=3 comm="sudo" exe="/usr/bin/sudo" subj=unconfined key="T1043_Commonly_Used_Port"ARCH=x86_64 SYSCALL=connect AUID="vboxuser" UID="root" GID="root" EUID="root" SUID="root" FSUID="root" EGID="root" SGID="root" FSGID="root"
type=SOCKADDR msg=audit(1768170217.227:1956): saddr=020000000A00020F0000000000000000SADDR={ saddr_fam=inet laddr=10.0.2.15 lport=0 }
type=PROCTITLE msg=audit(1768170217.227:1956): proctitle=7375646F0076696D002F6574632F617061636865322F73697465732D656E61626C65642F6E657874636C6F75642E636F6E66
type=SYSCALL msg=audit(1768170217.227:1957): arch=c000003e syscall=42 success=yes exit=0 a0=6 a1=7ffe23ebf5e0 a2=10 a3=0 items=0 ppid=1401 pid=1495 auid=1000 uid=0 gid=0 euid=0 suid=0 fsuid=0 egid=0 sgid=0 fsgid=0 tty=pts1 ses=3 comm="sudo" exe="/usr/bin/sudo" subj=unconfined key="T1043_Commonly_Used_Port"ARCH=x86_64 SYSCALL=connect AUID="vboxuser" UID="root" GID="root" EUID="root" SUID="root" FSUID="root" EGID="root" SGID="root" FSGID="root"
type=SOCKADDR msg=audit(1768170217.227:1957): saddr=00000000000000000000000000000000SADDR=unknown-family(0)
type=PROCTITLE msg=audit(1768170217.227:1957): proctitle=7375646F0076696D002F6574632F617061636865322F73697465732D656E61626C65642F6E657874636C6F75642E636F6E66
type=SYSCALL msg=audit(1768170217.227:1958): arch=c000003e syscall=42 success=yes exit=0 a0=6 a1=58504ee80910 a2=10 a3=0 items=0 ppid=1401 pid=1495 auid=1000 uid=0 gid=0 euid=0 suid=0 fsuid=0 egid=0 sgid=0 fsgid=0 tty=pts1 ses=3 comm="sudo" exe="/usr/bin/sudo" subj=unconfined key="T1043_Commonly_Used_Port"ARCH=x86_64 SYSCALL=connect AUID="vboxuser" UID="root" GID="root" EUID="root" SUID="root" FSUID="root" EGID="root" SGID="root" FSGID="root"
type=SOCKADDR msg=audit(1768170217.227:1958): saddr=02000000C0A8386B0000000000000000SADDR={ saddr_fam=inet laddr=192.168.56.107 lport=0 }
type=PROCTITLE msg=audit(1768170217.227:1958): proctitle=7375646F0076696D002F6574632F617061636865322F73697465732D656E61626C65642F6E657874636C6F75642E636F6E66
type=SYSCALL msg=audit(1768170217.227:1959): arch=c000003e syscall=42 success=yes exit=0 a0=6 a1=58504ee80a00 a2=1c a3=0 items=0 ppid=1401 pid=1495 auid=1000 uid=0 gid=0 euid=0 suid=0 fsuid=0 egid=0 sgid=0 fsgid=0 tty=pts1 ses=3 comm="sudo" exe="/usr/bin/sudo" subj=unconfined key="T1043_Commonly_Used_Port"ARCH=x86_64 SYSCALL=connect AUID="vboxuser" UID="root" GID="root" EUID="root" SUID="root" FSUID="root" EGID="root" SGID="root" FSGID="root"
type=SOCKADDR msg=audit(1768170217.227:1959): saddr=0A00000000000000FD17625CF03700020A0027FFFE3F373900000000SADDR={ saddr_fam=inet6 laddr=fd17:625c:f037:2:a00:27ff:fe3f:3739 lport=0 }
type=PROCTITLE msg=audit(1768170217.227:1959): proctitle=7375646F0076696D002F6574632F617061636865322F73697465732D656E61626C65642F6E657874636C6F75642E636F6E66
type=SYSCALL msg=audit(1768170217.228:1960): arch=c000003e syscall=42 success=yes exit=0 a0=6 a1=7ffe23ebf5e0 a2=10 a3=0 items=0 ppid=1401 pid=1495 auid=1000 uid=0 gid=0 euid=0 suid=0 fsuid=0 egid=0 sgid=0 fsgid=0 tty=pts1 ses=3 comm="sudo" exe="/usr/bin/sudo" subj=unconfined key="T1043_Commonly_Used_Port"ARCH=x86_64 SYSCALL=connect AUID="vboxuser" UID="root" GID="root" EUID="root" SUID="root" FSUID="root" EGID="root" SGID="root" FSGID="root"
type=SOCKADDR msg=audit(1768170217.228:1960): saddr=00000000000000000000000000000000SADDR=unknown-family(0)
type=PROCTITLE msg=audit(1768170217.228:1960): proctitle=7375646F0076696D002F6574632F617061636865322F73697465732D656E61626C65642F6E657874636C6F75642E636F6E66
type=SYSCALL msg=audit(1768170217.229:1961): arch=c000003e syscall=42 success=no exit=-22 a0=6 a1=58504ee80b20 a2=1c a3=0 items=0 ppid=1401 pid=1495 auid=1000 uid=0 gid=0 euid=0 suid=0 fsuid=0 egid=0 sgid=0 fsgid=0 tty=pts1 ses=3 comm="sudo" exe="/usr/bin/sudo" subj=unconfined key="T1043_Commonly_Used_Port"ARCH=x86_64 SYSCALL=connect AUID="vboxuser" UID="root" GID="root" EUID="root" SUID="root" FSUID="root" EGID="root" SGID="root" FSGID="root"
type=SOCKADDR msg=audit(1768170217.229:1961): saddr=0A00000000000000FE800000000000000A0027FFFE3F373900000000SADDR={ saddr_fam=inet6 laddr=fe80::a00:27ff:fe3f:3739 lport=0 }
type=PROCTITLE msg=audit(1768170217.229:1961): proctitle=7375646F0076696D002F6574632F617061636865322F73697465732D656E61626C65642F6E657874636C6F75642E636F6E66
type=SYSCALL msg=audit(1768170217.229:1962): arch=c000003e syscall=42 success=yes exit=0 a0=6 a1=7ffe23ebf5e0 a2=10 a3=0 items=0 ppid=1401 pid=1495 auid=1000 uid=0 gid=0 euid=0 suid=0 fsuid=0 egid=0 sgid=0 fsgid=0 tty=pts1 ses=3 comm="sudo" exe="/usr/bin/sudo" subj=unconfined key="T1043_Commonly_Used_Port"ARCH=x86_64 SYSCALL=connect AUID="vboxuser" UID="root" GID="root" EUID="root" SUID="root" FSUID="root" EGID="root" SGID="root" FSGID="root"
type=SOCKADDR msg=audit(1768170217.229:1962): saddr=00000000000000000000000000000000SADDR=unknown-family(0)
type=PROCTITLE msg=audit(1768170217.229:1962): proctitle=7375646F0076696D002F6574632F617061636865322F73697465732D656E61626C65642F6E657874636C6F75642E636F6E66
type=SYSCALL msg=audit(1768170217.229:1963): arch=c000003e syscall=42 success=no exit=-22 a0=6 a1=58504ee80c40 a2=1c a3=0 items=0 ppid=1401 pid=1495 auid=1000 uid=0 gid=0 euid=0 suid=0 fsuid=0 egid=0 sgid=0 fsgid=0 tty=pts1 ses=3 comm="sudo" exe="/usr/bin/sudo" subj=unconfined key="T1043_Commonly_Used_Port"ARCH=x86_64 SYSCALL=connect AUID="vboxuser" UID="root" GID="root" EUID="root" SUID="root" FSUID="root" EGID="root" SGID="root" FSGID="root"
type=SOCKADDR msg=audit(1768170217.229:1963): saddr=0A00000000000000FE800000000000000A0027FFFE270D1D00000000SADDR={ saddr_fam=inet6 laddr=fe80::a00:27ff:fe27:d1d lport=0 }
type=PROCTITLE msg=audit(1768170217.229:1963): proctitle=7375646F0076696D002F6574632F617061636865322F73697465732D656E61626C65642F6E657874636C6F75642E636F6E66
type=SYSCALL msg=audit(1768170217.247:1964): arch=c000003e syscall=257 success=yes exit=6 a0=ffffff9c a1=7543fcfcf347 a2=80000 a3=0 items=1 ppid=1401 pid=1495 auid=1000 uid=0 gid=0 euid=0 suid=0 fsuid=0 egid=0 sgid=0 fsgid=0 tty=pts1 ses=3 comm="sudo" exe="/usr/bin/sudo" subj=unconfined key="T1087_Account_Discovery"ARCH=x86_64 SYSCALL=openat AUID="vboxuser" UID="root" GID="root" EUID="root" SUID="root" FSUID="root" EGID="root" SGID="root" FSGID="root"
type=PATH msg=audit(1768170217.247:1964): item=0 name="/etc/shadow" inode=1050300 dev=08:02 mode=0100640 ouid=0 ogid=42 rdev=00:00 nametype=NORMAL cap_fp=0 cap_fi=0 cap_fe=0 cap_fver=0 cap_frootid=0OUID="root" OGID="shadow"
type=PROCTITLE msg=audit(1768170217.247:1964): proctitle=7375646F0076696D002F6574632F617061636865322F73697465732D656E61626C65642F6E657874636C6F75642E636F6E66
type=USER_ACCT msg=audit(1768170217.252:1965): pid=1495 uid=0 auid=1000 ses=3 subj=unconfined msg='op=PAM:accounting grantors=pam_permit acct="root" exe="/usr/bin/sudo" hostname=? addr=? terminal=/dev/pts/1 res=success'UID="root" AUID="vboxuser"
type=SYSCALL msg=audit(1768170217.257:1966): arch=c000003e syscall=42 success=yes exit=0 a0=7 a1=7ffe23ebfae0 a2=2d a3=58504ee8c0b0 items=1 ppid=1401 pid=1495 auid=1000 uid=0 gid=0 euid=0 suid=0 fsuid=0 egid=0 sgid=0 fsgid=0 tty=pts1 ses=3 comm="sudo" exe="/usr/bin/sudo" subj=unconfined key="T1043_Commonly_Used_Port"ARCH=x86_64 SYSCALL=connect AUID="vboxuser" UID="root" GID="root" EUID="root" SUID="root" FSUID="root" EGID="root" SGID="root" FSGID="root"
type=SOCKADDR msg=audit(1768170217.257:1966): saddr=01002F72756E2F73797374656D642F7573657264622F696F2E73797374656D642E44796E616D69635573657200SADDR={ saddr_fam=local path=/run/systemd/userdb/io.systemd.DynamicUser }
type=PATH msg=audit(1768170217.257:1966): item=0 name="/run/systemd/userdb/io.systemd.DynamicUser" inode=437 dev=00:18 mode=0140666 ouid=0 ogid=0 rdev=00:00 nametype=NORMAL cap_fp=0 cap_fi=0 cap_fe=0 cap_fver=0 cap_frootid=0OUID="root" OGID="root"
type=PROCTITLE msg=audit(1768170217.257:1966): proctitle=7375646F0076696D002F6574632F617061636865322F73697465732D656E61626C65642F6E657874636C6F75642E636F6E66
type=USER_CMD msg=audit(1768170217.273:1967): pid=1495 uid=0 auid=1000 ses=3 subj=unconfined msg='cwd="/root" cmd=76696D202F6574632F617061636865322F73697465732D656E61626C65642F6E657874636C6F75642E636F6E66 exe="/usr/bin/sudo" terminal=pts/1 res=success'UID="root" AUID="vboxuser"
type=SYSCALL msg=audit(1768170217.273:1968): arch=c000003e syscall=92 success=yes exit=0 a0=7ffe23ebee90 a1=0 a2=5 a3=0 items=1 ppid=1401 pid=1495 auid=1000 uid=0 gid=0 euid=0 suid=0 fsuid=0 egid=0 sgid=0 fsgid=0 tty=pts1 ses=3 comm="sudo" exe="/usr/bin/sudo" subj=unconfined key="T1166_Seuid_and_Setgid"ARCH=x86_64 SYSCALL=chown AUID="vboxuser" UID="root" GID="root" EUID="root" SUID="root" FSUID="root" EGID="root" SGID="root" FSGID="root"
type=PATH msg=audit(1768170217.273:1968): item=0 name="/dev/pts/2" inode=5 dev=00:17 mode=020620 ouid=0 ogid=5 rdev=88:02 nametype=NORMAL cap_fp=0 cap_fi=0 cap_fe=0 cap_fver=0 cap_frootid=0OUID="root" OGID="tty"
type=PROCTITLE msg=audit(1768170217.273:1968): proctitle=7375646F0076696D002F6574632F617061636865322F73697465732D656E61626C65642F6E657874636C6F75642E636F6E66
type=SYSCALL msg=audit(1768170217.273:1969): arch=c000003e syscall=257 success=yes exit=12 a0=ffffff9c a1=7543fcfd46b0 a2=80002 a3=0 items=1 ppid=1401 pid=1495 auid=1000 uid=0 gid=0 euid=0 suid=0 fsuid=0 egid=0 sgid=0 fsgid=0 tty=pts1 ses=3 comm="sudo" exe="/usr/bin/sudo" subj=unconfined key="T1108_Redundant_Access"ARCH=x86_64 SYSCALL=openat AUID="vboxuser" UID="root" GID="root" EUID="root" SUID="root" FSUID="root" EGID="root" SGID="root" FSGID="root"
type=PATH msg=audit(1768170217.273:1969): item=0 name="/var/run/utmp" inode=610 dev=00:18 mode=0100664 ouid=0 ogid=43 rdev=00:00 nametype=NORMAL cap_fp=0 cap_fi=0 cap_fe=0 cap_fver=0 cap_frootid=0OUID="root" OGID="utmp"
type=PROCTITLE msg=audit(1768170217.273:1969): proctitle=7375646F0076696D002F6574632F617061636865322F73697465732D656E61626C65642F6E657874636C6F75642E636F6E66
type=SYSCALL msg=audit(1768170217.273:1970): arch=c000003e syscall=106 success=yes exit=0 a0=0 a1=0 a2=1026105 a3=7543fd078f60 items=0 ppid=1401 pid=1495 auid=1000 uid=0 gid=0 euid=0 suid=0 fsuid=0 egid=0 sgid=0 fsgid=0 tty=pts1 ses=3 comm="sudo" exe="/usr/bin/sudo" subj=unconfined key="T1166_Seuid_and_Setgid"ARCH=x86_64 SYSCALL=setgid AUID="vboxuser" UID="root" GID="root" EUID="root" SUID="root" FSUID="root" EGID="root" SGID="root" FSGID="root"
type=PROCTITLE msg=audit(1768170217.273:1970): proctitle=7375646F0076696D002F6574632F617061636865322F73697465732D656E61626C65642F6E657874636C6F75642E636F6E66
type=CRED_REFR msg=audit(1768170217.275:1971): pid=1495 uid=0 auid=1000 ses=3 subj=unconfined msg='op=PAM:setcred grantors=pam_permit,pam_cap acct="root" exe="/usr/bin/sudo" hostname=? addr=? terminal=/dev/pts/1 res=success'UID="root" AUID="vboxuser"
type=USER_START msg=audit(1768170217.279:1972): pid=1495 uid=0 auid=1000 ses=3 subj=unconfined msg='op=PAM:session_open grantors=pam_limits,pam_env,pam_env,pam_permit,pam_umask,pam_unix acct="root" exe="/usr/bin/sudo" hostname=? addr=? terminal=/dev/pts/1 res=success'UID="root" AUID="vboxuser"
type=SYSCALL msg=audit(1768170217.283:1973): arch=c000003e syscall=59 success=yes exit=0 a0=58504ee71ae8 a1=58504ee815e0 a2=58504ef10950 a3=64 items=2 ppid=1496 pid=1497 auid=1000 uid=0 gid=0 euid=0 suid=0 fsuid=0 egid=0 sgid=0 fsgid=0 tty=pts2 ses=3 comm="vim" exe="/usr/bin/vim.basic" subj=unconfined key="T1078_Valid_Accounts"ARCH=x86_64 SYSCALL=execve AUID="vboxuser" UID="root" GID="root" EUID="root" SUID="root" FSUID="root" EGID="root" SGID="root" FSGID="root"
type=EXECVE msg=audit(1768170217.283:1973): argc=2 a0="vim" a1="/etc/apache2/sites-enabled/nextcloud.conf"
type=PATH msg=audit(1768170217.283:1973): item=0 name="/usr/bin/vim" inode=1483710 dev=08:02 mode=0100755 ouid=0 ogid=0 rdev=00:00 nametype=NORMAL cap_fp=0 cap_fi=0 cap_fe=0 cap_fver=0 cap_frootid=0OUID="root" OGID="root"
type=PATH msg=audit(1768170217.283:1973): item=1 name="/lib64/ld-linux-x86-64.so.2" inode=1481429 dev=08:02 mode=0100755 ouid=0 ogid=0 rdev=00:00 nametype=NORMAL cap_fp=0 cap_fi=0 cap_fe=0 cap_fver=0 cap_frootid=0OUID="root" OGID="root"
type=PROCTITLE msg=audit(1768170217.283:1973): proctitle=76696D002F6574632F617061636865322F73697465732D656E61626C65642F6E657874636C6F75642E636F6E66
type=SYSCALL msg=audit(1768170217.428:1974): arch=c000003e syscall=87 success=yes exit=0 a0=609345ba6580 a1=7ffebe25da30 a2=5 a3=180 items=2 ppid=1496 pid=1497 auid=1000 uid=0 gid=0 euid=0 suid=0 fsuid=0 egid=0 sgid=0 fsgid=0 tty=pts2 ses=3 comm="vim" exe="/usr/bin/vim.basic" subj=unconfined key="T1107_File_Deletion"ARCH=x86_64 SYSCALL=unlink AUID="vboxuser" UID="root" GID="root" EUID="root" SUID="root" FSUID="root" EGID="root" SGID="root" FSGID="root"
type=PATH msg=audit(1768170217.428:1974): item=0 name="/etc/apache2/sites-enabled/" inode=1050472 dev=08:02 mode=040755 ouid=0 ogid=0 rdev=00:00 nametype=PARENT cap_fp=0 cap_fi=0 cap_fe=0 cap_fver=0 cap_frootid=0OUID="root" OGID="root"
type=PATH msg=audit(1768170217.428:1974): item=1 name="/etc/apache2/sites-enabled/.nextcloud.conf.swx" inode=1051135 dev=08:02 mode=0100600 ouid=0 ogid=0 rdev=00:00 nametype=DELETE cap_fp=0 cap_fi=0 cap_fe=0 cap_fver=0 cap_frootid=0OUID="root" OGID="root"
type=PROCTITLE msg=audit(1768170217.428:1974): proctitle=76696D002F6574632F617061636865322F73697465732D656E61626C65642F6E657874636C6F75642E636F6E66
type=SYSCALL msg=audit(1768170217.428:1975): arch=c000003e syscall=87 success=yes exit=0 a0=609345ba65c0 a1=7ffebe25da30 a2=5 a3=180 items=2 ppid=1496 pid=1497 auid=1000 uid=0 gid=0 euid=0 suid=0 fsuid=0 egid=0 sgid=0 fsgid=0 tty=pts2 ses=3 comm="vim" exe="/usr/bin/vim.basic" subj=unconfined key="T1107_File_Deletion"ARCH=x86_64 SYSCALL=unlink AUID="vboxuser" UID="root" GID="root" EUID="root" SUID="root" FSUID="root" EGID="root" SGID="root" FSGID="root"
type=PATH msg=audit(1768170217.428:1975): item=0 name="/etc/apache2/sites-enabled/" inode=1050472 dev=08:02 mode=040755 ouid=0 ogid=0 rdev=00:00 nametype=PARENT cap_fp=0 cap_fi=0 cap_fe=0 cap_fver=0 cap_frootid=0OUID="root" OGID="root"
type=PATH msg=audit(1768170217.428:1975): item=1 name="/etc/apache2/sites-enabled/.nextcloud.conf.swp" inode=1051118 dev=08:02 mode=0100600 ouid=0 ogid=0 rdev=00:00 nametype=DELETE cap_fp=0 cap_fi=0 cap_fe=0 cap_fver=0 cap_frootid=0OUID="root" OGID="root"
type=PROCTITLE msg=audit(1768170217.428:1975): proctitle=76696D002F6574632F617061636865322F73697465732D656E61626C65642F6E657874636C6F75642E636F6E66
type=SYSCALL msg=audit(1768170217.428:1976): arch=c000003e syscall=90 success=yes exit=0 a0=609345ba65c0 a1=1a4 a2=0 a3=6093100b1c60 items=1 ppid=1496 pid=1497 auid=1000 uid=0 gid=0 euid=0 suid=0 fsuid=0 egid=0 sgid=0 fsgid=0 tty=pts2 ses=3 comm="vim" exe="/usr/bin/vim.basic" subj=unconfined key="T1166_Seuid_and_Setgid"ARCH=x86_64 SYSCALL=chmod AUID="vboxuser" UID="root" GID="root" EUID="root" SUID="root" FSUID="root" EGID="root" SGID="root" FSGID="root"
type=PATH msg=audit(1768170217.428:1976): item=0 name="/etc/apache2/sites-enabled/.nextcloud.conf.swp" inode=1051118 dev=08:02 mode=0100600 ouid=0 ogid=0 rdev=00:00 nametype=NORMAL cap_fp=0 cap_fi=0 cap_fe=0 cap_fver=0 cap_frootid=0OUID="root" OGID="root"
type=PROCTITLE msg=audit(1768170217.428:1976): proctitle=76696D002F6574632F617061636865322F73697465732D656E61626C65642F6E657874636C6F75642E636F6E66
type=SYSCALL msg=audit(1768170221.868:1977): arch=c000003e syscall=93 success=yes exit=0 a0=3 a1=0 a2=0 a3=81a4 items=1 ppid=1496 pid=1497 auid=1000 uid=0 gid=0 euid=0 suid=0 fsuid=0 egid=0 sgid=0 fsgid=0 tty=pts2 ses=3 comm="vim" exe="/usr/bin/vim.basic" subj=unconfined key="T1166_Seuid_and_Setgid"ARCH=x86_64 SYSCALL=fchown AUID="vboxuser" UID="root" GID="root" EUID="root" SUID="root" FSUID="root" EGID="root" SGID="root" FSGID="root"
type=PATH msg=audit(1768170221.868:1977): item=0 name=(null) inode=1051135 dev=08:02 mode=0100644 ouid=0 ogid=0 rdev=00:00 nametype=NORMAL cap_fp=0 cap_fi=0 cap_fe=0 cap_fver=0 cap_frootid=0OUID="root" OGID="root"
type=PROCTITLE msg=audit(1768170221.868:1977): proctitle=76696D002F6574632F617061636865322F73697465732D656E61626C65642F6E657874636C6F75642E636F6E66
type=SYSCALL msg=audit(1768170221.868:1978): arch=c000003e syscall=87 success=yes exit=0 a0=609345872420 a1=0 a2=0 a3=0 items=2 ppid=1496 pid=1497 auid=1000 uid=0 gid=0 euid=0 suid=0 fsuid=0 egid=0 sgid=0 fsgid=0 tty=pts2 ses=3 comm="vim" exe="/usr/bin/vim.basic" subj=unconfined key="T1107_File_Deletion"ARCH=x86_64 SYSCALL=unlink AUID="vboxuser" UID="root" GID="root" EUID="root" SUID="root" FSUID="root" EGID="root" SGID="root" FSGID="root"
type=PATH msg=audit(1768170221.868:1978): item=0 name="/etc/apache2/sites-enabled/" inode=1050472 dev=08:02 mode=040755 ouid=0 ogid=0 rdev=00:00 nametype=PARENT cap_fp=0 cap_fi=0 cap_fe=0 cap_fver=0 cap_frootid=0OUID="root" OGID="root"
type=PATH msg=audit(1768170221.868:1978): item=1 name="/etc/apache2/sites-enabled/4913" inode=1051135 dev=08:02 mode=0100644 ouid=0 ogid=0 rdev=00:00 nametype=DELETE cap_fp=0 cap_fi=0 cap_fe=0 cap_fver=0 cap_frootid=0OUID="root" OGID="root"
type=PROCTITLE msg=audit(1768170221.868:1978): proctitle=76696D002F6574632F617061636865322F73697465732D656E61626C65642F6E657874636C6F75642E636F6E66
type=SYSCALL msg=audit(1768170221.868:1979): arch=c000003e syscall=87 success=no exit=-2 a0=60934588cc10 a1=60934588cc10 a2=fffffffffffffc58 a3=0 items=1 ppid=1496 pid=1497 auid=1000 uid=0 gid=0 euid=0 suid=0 fsuid=0 egid=0 sgid=0 fsgid=0 tty=pts2 ses=3 comm="vim" exe="/usr/bin/vim.basic" subj=unconfined key="T1107_File_Deletion"ARCH=x86_64 SYSCALL=unlink AUID="vboxuser" UID="root" GID="root" EUID="root" SUID="root" FSUID="root" EGID="root" SGID="root" FSGID="root"
type=PATH msg=audit(1768170221.868:1979): item=0 name="/etc/apache2/sites-enabled/" inode=1050472 dev=08:02 mode=040755 ouid=0 ogid=0 rdev=00:00 nametype=PARENT cap_fp=0 cap_fi=0 cap_fe=0 cap_fver=0 cap_frootid=0OUID="root" OGID="root"
type=PROCTITLE msg=audit(1768170221.868:1979): proctitle=76696D002F6574632F617061636865322F73697465732D656E61626C65642F6E657874636C6F75642E636F6E66
type=SYSCALL msg=audit(1768170221.868:1980): arch=c000003e syscall=82 success=yes exit=0 a0=6093458816d0 a1=60934588cc10 a2=fffffffffffffc58 a3=0 items=4 ppid=1496 pid=1497 auid=1000 uid=0 gid=0 euid=0 suid=0 fsuid=0 egid=0 sgid=0 fsgid=0 tty=pts2 ses=3 comm="vim" exe="/usr/bin/vim.basic" subj=unconfined key="T1107_File_Deletion"ARCH=x86_64 SYSCALL=rename AUID="vboxuser" UID="root" GID="root" EUID="root" SUID="root" FSUID="root" EGID="root" SGID="root" FSGID="root"
type=PATH msg=audit(1768170221.868:1980): item=0 name="/etc/apache2/sites-enabled/" inode=1050472 dev=08:02 mode=040755 ouid=0 ogid=0 rdev=00:00 nametype=PARENT cap_fp=0 cap_fi=0 cap_fe=0 cap_fver=0 cap_frootid=0OUID="root" OGID="root"
type=PATH msg=audit(1768170221.868:1980): item=1 name="/etc/apache2/sites-enabled/" inode=1050472 dev=08:02 mode=040755 ouid=0 ogid=0 rdev=00:00 nametype=PARENT cap_fp=0 cap_fi=0 cap_fe=0 cap_fver=0 cap_frootid=0OUID="root" OGID="root"
type=PATH msg=audit(1768170221.868:1980): item=2 name="/etc/apache2/sites-enabled/nextcloud.conf" inode=1049747 dev=08:02 mode=0100644 ouid=0 ogid=0 rdev=00:00 nametype=DELETE cap_fp=0 cap_fi=0 cap_fe=0 cap_fver=0 cap_frootid=0OUID="root" OGID="root"
type=PATH msg=audit(1768170221.868:1980): item=3 name="/etc/apache2/sites-enabled/nextcloud.conf~" inode=1049747 dev=08:02 mode=0100644 ouid=0 ogid=0 rdev=00:00 nametype=CREATE cap_fp=0 cap_fi=0 cap_fe=0 cap_fver=0 cap_frootid=0OUID="root" OGID="root"
type=PROCTITLE msg=audit(1768170221.868:1980): proctitle=76696D002F6574632F617061636865322F73697465732D656E61626C65642F6E657874636C6F75642E636F6E66
type=SYSCALL msg=audit(1768170221.886:1981): arch=c000003e syscall=91 success=yes exit=0 a0=3 a1=81a4 a2=7ffebe25d4e0 a3=0 items=1 ppid=1496 pid=1497 auid=1000 uid=0 gid=0 euid=0 suid=0 fsuid=0 egid=0 sgid=0 fsgid=0 tty=pts2 ses=3 comm="vim" exe="/usr/bin/vim.basic" subj=unconfined key="T1166_Seuid_and_Setgid"ARCH=x86_64 SYSCALL=fchmod AUID="vboxuser" UID="root" GID="root" EUID="root" SUID="root" FSUID="root" EGID="root" SGID="root" FSGID="root"
type=PATH msg=audit(1768170221.886:1981): item=0 name=(null) inode=1051135 dev=08:02 mode=0100644 ouid=0 ogid=0 rdev=00:00 nametype=NORMAL cap_fp=0 cap_fi=0 cap_fe=0 cap_fver=0 cap_frootid=0OUID="root" OGID="root"
type=PROCTITLE msg=audit(1768170221.886:1981): proctitle=76696D002F6574632F617061636865322F73697465732D656E61626C65642F6E657874636C6F75642E636F6E66
type=SYSCALL msg=audit(1768170221.886:1982): arch=c000003e syscall=188 success=yes exit=0 a0=6093458816d0 a1=792075ec6000 a2=60934589afc0 a3=1c items=1 ppid=1496 pid=1497 auid=1000 uid=0 gid=0 euid=0 suid=0 fsuid=0 egid=0 sgid=0 fsgid=0 tty=pts2 ses=3 comm="vim" exe="/usr/bin/vim.basic" subj=unconfined key="T1166_Seuid_and_Setgid"ARCH=x86_64 SYSCALL=setxattr AUID="vboxuser" UID="root" GID="root" EUID="root" SUID="root" FSUID="root" EGID="root" SGID="root" FSGID="root"
type=PATH msg=audit(1768170221.886:1982): item=0 name="/etc/apache2/sites-enabled/nextcloud.conf" inode=1051135 dev=08:02 mode=0100644 ouid=0 ogid=0 rdev=00:00 nametype=NORMAL cap_fp=0 cap_fi=0 cap_fe=0 cap_fver=0 cap_frootid=0OUID="root" OGID="root"
type=PROCTITLE msg=audit(1768170221.886:1982): proctitle=76696D002F6574632F617061636865322F73697465732D656E61626C65642F6E657874636C6F75642E636F6E66
type=SYSCALL msg=audit(1768170221.886:1983): arch=c000003e syscall=87 success=yes exit=0 a0=60934588cc10 a1=382d6674 a2=609310008b7d a3=0 items=2 ppid=1496 pid=1497 auid=1000 uid=0 gid=0 euid=0 suid=0 fsuid=0 egid=0 sgid=0 fsgid=0 tty=pts2 ses=3 comm="vim" exe="/usr/bin/vim.basic" subj=unconfined key="T1107_File_Deletion"ARCH=x86_64 SYSCALL=unlink AUID="vboxuser" UID="root" GID="root" EUID="root" SUID="root" FSUID="root" EGID="root" SGID="root" FSGID="root"
type=PATH msg=audit(1768170221.886:1983): item=0 name="/etc/apache2/sites-enabled/" inode=1050472 dev=08:02 mode=040755 ouid=0 ogid=0 rdev=00:00 nametype=PARENT cap_fp=0 cap_fi=0 cap_fe=0 cap_fver=0 cap_frootid=0OUID="root" OGID="root"
type=PATH msg=audit(1768170221.886:1983): item=1 name="/etc/apache2/sites-enabled/nextcloud.conf~" inode=1049747 dev=08:02 mode=0100644 ouid=0 ogid=0 rdev=00:00 nametype=DELETE cap_fp=0 cap_fi=0 cap_fe=0 cap_fver=0 cap_frootid=0OUID="root" OGID="root"
type=PROCTITLE msg=audit(1768170221.886:1983): proctitle=76696D002F6574632F617061636865322F73697465732D656E61626C65642F6E657874636C6F75642E636F6E66
type=SYSCALL msg=audit(1768170221.887:1984): arch=c000003e syscall=87 success=yes exit=0 a0=609345b7e960 a1=609345b7e960 a2=7ffebe25c8c0 a3=0 items=2 ppid=1496 pid=1497 auid=1000 uid=0 gid=0 euid=0 suid=0 fsuid=0 egid=0 sgid=0 fsgid=0 tty=pts2 ses=3 comm="vim" exe="/usr/bin/vim.basic" subj=unconfined key="T1107_File_Deletion"ARCH=x86_64 SYSCALL=unlink AUID="vboxuser" UID="root" GID="root" EUID="root" SUID="root" FSUID="root" EGID="root" SGID="root" FSGID="root"
type=PATH msg=audit(1768170221.887:1984): item=0 name="/root/" inode=1048578 dev=08:02 mode=040700 ouid=0 ogid=0 rdev=00:00 nametype=PARENT cap_fp=0 cap_fi=0 cap_fe=0 cap_fver=0 cap_frootid=0OUID="root" OGID="root"
type=PATH msg=audit(1768170221.887:1984): item=1 name="/root/.viminfo" inode=1051134 dev=08:02 mode=0100600 ouid=0 ogid=0 rdev=00:00 nametype=DELETE cap_fp=0 cap_fi=0 cap_fe=0 cap_fver=0 cap_frootid=0OUID="root" OGID="root"
type=PROCTITLE msg=audit(1768170221.887:1984): proctitle=76696D002F6574632F617061636865322F73697465732D656E61626C65642F6E657874636C6F75642E636F6E66
type=SYSCALL msg=audit(1768170221.887:1985): arch=c000003e syscall=82 success=yes exit=0 a0=60934588cd00 a1=609345b7e960 a2=7ffebe25c8c0 a3=0 items=4 ppid=1496 pid=1497 auid=1000 uid=0 gid=0 euid=0 suid=0 fsuid=0 egid=0 sgid=0 fsgid=0 tty=pts2 ses=3 comm="vim" exe="/usr/bin/vim.basic" subj=unconfined key="T1107_File_Deletion"ARCH=x86_64 SYSCALL=rename AUID="vboxuser" UID="root" GID="root" EUID="root" SUID="root" FSUID="root" EGID="root" SGID="root" FSGID="root"
type=PATH msg=audit(1768170221.887:1985): item=0 name="/root/" inode=1048578 dev=08:02 mode=040700 ouid=0 ogid=0 rdev=00:00 nametype=PARENT cap_fp=0 cap_fi=0 cap_fe=0 cap_fver=0 cap_frootid=0OUID="root" OGID="root"
type=PATH msg=audit(1768170221.887:1985): item=1 name="/root/" inode=1048578 dev=08:02 mode=040700 ouid=0 ogid=0 rdev=00:00 nametype=PARENT cap_fp=0 cap_fi=0 cap_fe=0 cap_fver=0 cap_frootid=0OUID="root" OGID="root"
type=PATH msg=audit(1768170221.887:1985): item=2 name="/root/.viminfo.tmp" inode=1049747 dev=08:02 mode=0100600 ouid=0 ogid=0 rdev=00:00 nametype=DELETE cap_fp=0 cap_fi=0 cap_fe=0 cap_fver=0 cap_frootid=0OUID="root" OGID="root"
type=PATH msg=audit(1768170221.887:1985): item=3 name="/root/.viminfo" inode=1049747 dev=08:02 mode=0100600 ouid=0 ogid=0 rdev=00:00 nametype=CREATE cap_fp=0 cap_fi=0 cap_fe=0 cap_fver=0 cap_frootid=0OUID="root" OGID="root"
type=PROCTITLE msg=audit(1768170221.887:1985): proctitle=76696D002F6574632F617061636865322F73697465732D656E61626C65642F6E657874636C6F75642E636F6E66
type=SYSCALL msg=audit(1768170221.891:1986): arch=c000003e syscall=87 success=yes exit=0 a0=609345ba6580 a1=0 a2=0 a3=0 items=2 ppid=1496 pid=1497 auid=1000 uid=0 gid=0 euid=0 suid=0 fsuid=0 egid=0 sgid=0 fsgid=0 tty=pts2 ses=3 comm="vim" exe="/usr/bin/vim.basic" subj=unconfined key="T1107_File_Deletion"ARCH=x86_64 SYSCALL=unlink AUID="vboxuser" UID="root" GID="root" EUID="root" SUID="root" FSUID="root" EGID="root" SGID="root" FSGID="root"
type=PATH msg=audit(1768170221.891:1986): item=0 name="/etc/apache2/sites-enabled/" inode=1050472 dev=08:02 mode=040755 ouid=0 ogid=0 rdev=00:00 nametype=PARENT cap_fp=0 cap_fi=0 cap_fe=0 cap_fver=0 cap_frootid=0OUID="root" OGID="root"
type=PATH msg=audit(1768170221.891:1986): item=1 name="/etc/apache2/sites-enabled/.nextcloud.conf.swp" inode=1051118 dev=08:02 mode=0100644 ouid=0 ogid=0 rdev=00:00 nametype=DELETE cap_fp=0 cap_fi=0 cap_fe=0 cap_fver=0 cap_frootid=0OUID="root" OGID="root"
type=PROCTITLE msg=audit(1768170221.891:1986): proctitle=76696D002F6574632F617061636865322F73697465732D656E61626C65642F6E657874636C6F75642E636F6E66
type=SYSCALL msg=audit(1768170221.894:1987): arch=c000003e syscall=257 success=yes exit=12 a0=ffffff9c a1=7543fcfd46b0 a2=80002 a3=0 items=1 ppid=1401 pid=1495 auid=1000 uid=0 gid=0 euid=0 suid=0 fsuid=0 egid=0 sgid=0 fsgid=0 tty=pts1 ses=3 comm="sudo" exe="/usr/bin/sudo" subj=unconfined key="T1108_Redundant_Access"ARCH=x86_64 SYSCALL=openat AUID="vboxuser" UID="root" GID="root" EUID="root" SUID="root" FSUID="root" EGID="root" SGID="root" FSGID="root"
type=PATH msg=audit(1768170221.894:1987): item=0 name="/var/run/utmp" inode=610 dev=00:18 mode=0100664 ouid=0 ogid=43 rdev=00:00 nametype=NORMAL cap_fp=0 cap_fi=0 cap_fe=0 cap_fver=0 cap_frootid=0OUID="root" OGID="utmp"
type=PROCTITLE msg=audit(1768170221.894:1987): proctitle=7375646F0076696D002F6574632F617061636865322F73697465732D656E61626C65642F6E657874636C6F75642E636F6E66
type=USER_END msg=audit(1768170221.896:1988): pid=1495 uid=0 auid=1000 ses=3 subj=unconfined msg='op=PAM:session_close grantors=pam_limits,pam_env,pam_env,pam_permit,pam_umask,pam_unix acct="root" exe="/usr/bin/sudo" hostname=? addr=? terminal=/dev/pts/1 res=success'UID="root" AUID="vboxuser"
type=CRED_DISP msg=audit(1768170221.896:1989): pid=1495 uid=0 auid=1000 ses=3 subj=unconfined msg='op=PAM:setcred grantors=pam_permit acct="root" exe="/usr/bin/sudo" hostname=? addr=? terminal=/dev/pts/1 res=success'UID="root" AUID="vboxuser"
type=SYSCALL msg=audit(1768170229.514:1990): arch=c000003e syscall=59 success=yes exit=0 a0=5a02a35fcf20 a1=5a02a35fc600 a2=5a02a34b5cc0 a3=5a02a35fc600 items=2 ppid=1401 pid=1499 auid=1000 uid=0 gid=0 euid=0 suid=0 fsuid=0 egid=0 sgid=0 fsgid=0 tty=pts1 ses=3 comm="systemctl" exe="/usr/bin/systemctl" subj=unconfined key="T1078_Valid_Accounts"ARCH=x86_64 SYSCALL=execve AUID="vboxuser" UID="root" GID="root" EUID="root" SUID="root" FSUID="root" EGID="root" SGID="root" FSGID="root"
type=EXECVE msg=audit(1768170229.514:1990): argc=3 a0="systemctl" a1="reload" a2="apache2"
type=PATH msg=audit(1768170229.514:1990): item=0 name="/usr/bin/systemctl" inode=1461475 dev=08:02 mode=0100755 ouid=0 ogid=0 rdev=00:00 nametype=NORMAL cap_fp=0 cap_fi=0 cap_fe=0 cap_fver=0 cap_frootid=0OUID="root" OGID="root"
type=PATH msg=audit(1768170229.514:1990): item=1 name="/lib64/ld-linux-x86-64.so.2" inode=1481429 dev=08:02 mode=0100755 ouid=0 ogid=0 rdev=00:00 nametype=NORMAL cap_fp=0 cap_fi=0 cap_fe=0 cap_fver=0 cap_frootid=0OUID="root" OGID="root"
type=PROCTITLE msg=audit(1768170229.514:1990): proctitle=73797374656D63746C0072656C6F61640061706163686532
type=SYSCALL msg=audit(1768170229.559:1991): arch=c000003e syscall=42 success=yes exit=0 a0=3 a1=5fa7bbe9fac8 a2=17 a3=7ffe4bed7b54 items=1 ppid=1401 pid=1499 auid=1000 uid=0 gid=0 euid=0 suid=0 fsuid=0 egid=0 sgid=0 fsgid=0 tty=pts1 ses=3 comm="systemctl" exe="/usr/bin/systemctl" subj=unconfined key="T1043_Commonly_Used_Port"ARCH=x86_64 SYSCALL=connect AUID="vboxuser" UID="root" GID="root" EUID="root" SUID="root" FSUID="root" EGID="root" SGID="root" FSGID="root"
type=SOCKADDR msg=audit(1768170229.559:1991): saddr=01002F72756E2F73797374656D642F7072697661746500SADDR={ saddr_fam=local path=/run/systemd/private }
type=PATH msg=audit(1768170229.559:1991): item=0 name="/run/systemd/private" inode=435 dev=00:18 mode=0140700 ouid=0 ogid=0 rdev=00:00 nametype=NORMAL cap_fp=0 cap_fi=0 cap_fe=0 cap_fver=0 cap_frootid=0OUID="root" OGID="root"
type=PROCTITLE msg=audit(1768170229.559:1991): proctitle=73797374656D63746C0072656C6F61640061706163686532
type=SYSCALL msg=audit(1768170229.561:1992): arch=c000003e syscall=59 success=yes exit=0 a0=5fa7b6e1e090 a1=7ffe4bed7dd0 a2=7ffe4bed8658 a3=73e84bbaa8d0 items=2 ppid=1499 pid=1500 auid=1000 uid=0 gid=0 euid=0 suid=0 fsuid=0 egid=0 sgid=0 fsgid=0 tty=pts1 ses=3 comm="systemd-tty-ask" exe="/usr/bin/systemd-tty-ask-password-agent" subj=unconfined key="T1078_Valid_Accounts"ARCH=x86_64 SYSCALL=execve AUID="vboxuser" UID="root" GID="root" EUID="root" SUID="root" FSUID="root" EGID="root" SGID="root" FSGID="root"
type=EXECVE msg=audit(1768170229.561:1992): argc=2 a0="/usr/bin/systemd-tty-ask-password-agent" a1="--watch"
type=PATH msg=audit(1768170229.561:1992): item=0 name="/usr/bin/systemd-tty-ask-password-agent" inode=1461700 dev=08:02 mode=0100755 ouid=0 ogid=0 rdev=00:00 nametype=NORMAL cap_fp=0 cap_fi=0 cap_fe=0 cap_fver=0 cap_frootid=0OUID="root" OGID="root"
type=PATH msg=audit(1768170229.561:1992): item=1 name="/lib64/ld-linux-x86-64.so.2" inode=1481429 dev=08:02 mode=0100755 ouid=0 ogid=0 rdev=00:00 nametype=NORMAL cap_fp=0 cap_fi=0 cap_fe=0 cap_fver=0 cap_frootid=0OUID="root" OGID="root"
type=PROCTITLE msg=audit(1768170229.561:1992): proctitle=2F7573722F62696E2F73797374656D642D7474792D61736B2D70617373776F72642D6167656E74002D2D7761746368
type=SYSCALL msg=audit(1768170229.581:1993): arch=c000003e syscall=59 success=yes exit=0 a0=7ffd48c51430 a1=7ffd48c51450 a2=7ffd48c51f18 a3=8 items=2 ppid=1 pid=1501 auid=4294967295 uid=0 gid=0 euid=0 suid=0 fsuid=0 egid=0 sgid=0 fsgid=0 tty=(none) ses=4294967295 comm="9" exe="/usr/lib/systemd/systemd-executor" subj=unconfined key="T1078_Valid_Accounts"ARCH=x86_64 SYSCALL=execve AUID="unset" UID="root" GID="root" EUID="root" SUID="root" FSUID="root" EGID="root" SGID="root" FSGID="root"
type=EXECVE msg=audit(1768170229.581:1993): argc=7 a0="/usr/lib/systemd/systemd-executor" a1="--deserialize" a2="112" a3="--log-level" a4="info" a5="--log-target" a6="journal-or-kmsg"
type=PATH msg=audit(1768170229.581:1993): item=0 name="/proc/self/fd/9" inode=1463834 dev=08:02 mode=0100755 ouid=0 ogid=0 rdev=00:00 nametype=NORMAL cap_fp=0 cap_fi=0 cap_fe=0 cap_fver=0 cap_frootid=0OUID="root" OGID="root"
type=PATH msg=audit(1768170229.581:1993): item=1 name="/lib64/ld-linux-x86-64.so.2" inode=1481429 dev=08:02 mode=0100755 ouid=0 ogid=0 rdev=00:00 nametype=NORMAL cap_fp=0 cap_fi=0 cap_fe=0 cap_fver=0 cap_frootid=0OUID="root" OGID="root"
type=PROCTITLE msg=audit(1768170229.581:1993): proctitle=2F7573722F6C69622F73797374656D642F73797374656D642D6578656375746F72002D2D646573657269616C697A6500313132002D2D6C6F672D6C6576656C00696E666F002D2D6C6F672D746172676574006A6F75726E616C2D6F722D6B6D7367
type=SYSCALL msg=audit(1768170229.600:1994): arch=c000003e syscall=42 success=yes exit=0 a0=4 a1=7ffd757c5e30 a2=1e a3=7ffd757c5ee0 items=1 ppid=1 pid=1501 auid=4294967295 uid=0 gid=0 euid=0 suid=0 fsuid=0 egid=0 sgid=0 fsgid=0 tty=(none) ses=4294967295 comm="9" exe="/usr/lib/systemd/systemd-executor" subj=unconfined key="T1043_Commonly_Used_Port"ARCH=x86_64 SYSCALL=connect AUID="unset" UID="root" GID="root" EUID="root" SUID="root" FSUID="root" EGID="root" SGID="root" FSGID="root"
type=SOCKADDR msg=audit(1768170229.600:1994): saddr=01002F72756E2F73797374656D642F6A6F75726E616C2F736F636B657400SADDR={ saddr_fam=local path=/run/systemd/journal/socket }
type=PATH msg=audit(1768170229.600:1994): item=0 name="/run/systemd/journal/socket" inode=450 dev=00:18 mode=0140666 ouid=0 ogid=0 rdev=00:00 nametype=NORMAL cap_fp=0 cap_fi=0 cap_fe=0 cap_fver=0 cap_frootid=0OUID="root" OGID="root"
type=PROCTITLE msg=audit(1768170229.600:1994): proctitle=2F7573722F6C69622F73797374656D642F73797374656D642D6578656375746F72002D2D646573657269616C697A6500313132002D2D6C6F672D6C6576656C00696E666F002D2D6C6F672D746172676574006A6F75726E616C2D6F722D6B6D7367
type=SYSCALL msg=audit(1768170229.616:1995): arch=c000003e syscall=42 success=yes exit=0 a0=3 a1=7ffd757c59b0 a2=1e a3=fffffff7 items=1 ppid=1 pid=1501 auid=4294967295 uid=0 gid=0 euid=0 suid=0 fsuid=0 egid=0 sgid=0 fsgid=0 tty=(none) ses=4294967295 comm="(pachectl)" exe="/usr/lib/systemd/systemd-executor" subj=unconfined key="T1043_Commonly_Used_Port"ARCH=x86_64 SYSCALL=connect AUID="unset" UID="root" GID="root" EUID="root" SUID="root" FSUID="root" EGID="root" SGID="root" FSGID="root"
type=SOCKADDR msg=audit(1768170229.616:1995): saddr=01002F72756E2F73797374656D642F6A6F75726E616C2F7374646F757400SADDR={ saddr_fam=local path=/run/systemd/journal/stdout }
type=PATH msg=audit(1768170229.616:1995): item=0 name="/run/systemd/journal/stdout" inode=451 dev=00:18 mode=0140666 ouid=0 ogid=0 rdev=00:00 nametype=NORMAL cap_fp=0 cap_fi=0 cap_fe=0 cap_fver=0 cap_frootid=0OUID="root" OGID="root"
type=PROCTITLE msg=audit(1768170229.616:1995): proctitle=2F7573722F6C69622F73797374656D642F73797374656D642D6578656375746F72002D2D646573657269616C697A6500313132002D2D6C6F672D6C6576656C00696E666F002D2D6C6F672D746172676574006A6F75726E616C2D6F722D6B6D7367
type=SYSCALL msg=audit(1768170229.621:1996): arch=c000003e syscall=59 success=yes exit=0 a0=5c62154624c0 a1=5c621546b1f0 a2=5c6215461db0 a3=5c6215462b80 items=3 ppid=1 pid=1501 auid=4294967295 uid=0 gid=0 euid=0 suid=0 fsuid=0 egid=0 sgid=0 fsgid=0 tty=(none) ses=4294967295 comm="apachectl" exe="/usr/bin/dash" subj=unconfined key="T1078_Valid_Accounts"ARCH=x86_64 SYSCALL=execve AUID="unset" UID="root" GID="root" EUID="root" SUID="root" FSUID="root" EGID="root" SGID="root" FSGID="root"
type=EXECVE msg=audit(1768170229.621:1996): argc=3 a0="/bin/sh" a1="/usr/sbin/apachectl" a2="graceful"
type=PATH msg=audit(1768170229.621:1996): item=0 name="/usr/sbin/apachectl" inode=1479339 dev=08:02 mode=0100755 ouid=0 ogid=0 rdev=00:00 nametype=NORMAL cap_fp=0 cap_fi=0 cap_fe=0 cap_fver=0 cap_frootid=0OUID="root" OGID="root"
type=PATH msg=audit(1768170229.621:1996): item=1 name="/bin/sh" inode=1442345 dev=08:02 mode=0100755 ouid=0 ogid=0 rdev=00:00 nametype=NORMAL cap_fp=0 cap_fi=0 cap_fe=0 cap_fver=0 cap_frootid=0OUID="root" OGID="root"
type=PATH msg=audit(1768170229.621:1996): item=2 name="/lib64/ld-linux-x86-64.so.2" inode=1481429 dev=08:02 mode=0100755 ouid=0 ogid=0 rdev=00:00 nametype=NORMAL cap_fp=0 cap_fi=0 cap_fe=0 cap_fver=0 cap_frootid=0OUID="root" OGID="root"
type=PROCTITLE msg=audit(1768170229.621:1996): proctitle=2F7573722F6C69622F73797374656D642F73797374656D642D6578656375746F72002D2D646573657269616C697A6500313132002D2D6C6F672D6C6576656C00696E666F002D2D6C6F672D746172676574006A6F75726E616C2D6F722D6B6D7367
type=SYSCALL msg=audit(1768170229.629:1997): arch=c000003e syscall=59 success=yes exit=0 a0=5f2e8b697d08 a1=5f2e8b699c00 a2=5f2e8b697c78 a3=5f2e8b699a00 items=2 ppid=1501 pid=1502 auid=4294967295 uid=0 gid=0 euid=0 suid=0 fsuid=0 egid=0 sgid=0 fsgid=0 tty=(none) ses=4294967295 comm="id" exe="/usr/bin/id" subj=unconfined key="T1078_Valid_Accounts"ARCH=x86_64 SYSCALL=execve AUID="unset" UID="root" GID="root" EUID="root" SUID="root" FSUID="root" EGID="root" SGID="root" FSGID="root"
type=EXECVE msg=audit(1768170229.629:1997): argc=2 a0="id" a1="-u"
type=PATH msg=audit(1768170229.629:1997): item=0 name="/usr/bin/id" inode=1442474 dev=08:02 mode=0100755 ouid=0 ogid=0 rdev=00:00 nametype=NORMAL cap_fp=0 cap_fi=0 cap_fe=0 cap_fver=0 cap_frootid=0OUID="root" OGID="root"
type=PATH msg=audit(1768170229.629:1997): item=1 name="/lib64/ld-linux-x86-64.so.2" inode=1481429 dev=08:02 mode=0100755 ouid=0 ogid=0 rdev=00:00 nametype=NORMAL cap_fp=0 cap_fi=0 cap_fe=0 cap_fver=0 cap_frootid=0OUID="root" OGID="root"
type=PROCTITLE msg=audit(1768170229.629:1997): proctitle=6964002D75
type=SYSCALL msg=audit(1768170229.635:1998): arch=c000003e syscall=59 success=yes exit=0 a0=5f2e8b699970 a1=5f2e8b69b2a0 a2=5f2e8b69b2d8 a3=8 items=2 ppid=1501 pid=1503 auid=4294967295 uid=0 gid=0 euid=0 suid=0 fsuid=0 egid=0 sgid=0 fsgid=0 tty=(none) ses=4294967295 comm="apache2" exe="/usr/sbin/apache2" subj=unconfined key="T1078_Valid_Accounts"ARCH=x86_64 SYSCALL=execve AUID="unset" UID="root" GID="root" EUID="root" SUID="root" FSUID="root" EGID="root" SGID="root" FSGID="root"
type=EXECVE msg=audit(1768170229.635:1998): argc=2 a0="/usr/sbin/apache2" a1="-t"
type=PATH msg=audit(1768170229.635:1998): item=0 name="/usr/sbin/apache2" inode=1457163 dev=08:02 mode=0100755 ouid=0 ogid=0 rdev=00:00 nametype=NORMAL cap_fp=0 cap_fi=0 cap_fe=0 cap_fver=0 cap_frootid=0OUID="root" OGID="root"
type=PATH msg=audit(1768170229.635:1998): item=1 name="/lib64/ld-linux-x86-64.so.2" inode=1481429 dev=08:02 mode=0100755 ouid=0 ogid=0 rdev=00:00 nametype=NORMAL cap_fp=0 cap_fi=0 cap_fe=0 cap_fver=0 cap_frootid=0OUID="root" OGID="root"
type=PROCTITLE msg=audit(1768170229.635:1998): proctitle=2F7573722F7362696E2F61706163686532002D74
type=SYSCALL msg=audit(1768170229.645:1999): arch=c000003e syscall=42 success=yes exit=0 a0=3 a1=5b12b1a24c30 a2=1c a3=0 items=0 ppid=1501 pid=1503 auid=4294967295 uid=0 gid=0 euid=0 suid=0 fsuid=0 egid=0 sgid=0 fsgid=0 tty=(none) ses=4294967295 comm="apache2" exe="/usr/sbin/apache2" subj=unconfined key="T1043_Commonly_Used_Port"ARCH=x86_64 SYSCALL=connect AUID="unset" UID="root" GID="root" EUID="root" SUID="root" FSUID="root" EGID="root" SGID="root" FSGID="root"
type=SOCKADDR msg=audit(1768170229.645:1999): saddr=0A000000000000000000000000000000000000000000000000000000SADDR={ saddr_fam=inet6 laddr=:: lport=0 }
type=PROCTITLE msg=audit(1768170229.645:1999): proctitle=2F7573722F7362696E2F61706163686532002D74
type=SYSCALL msg=audit(1768170229.645:2000): arch=c000003e syscall=42 success=yes exit=0 a0=3 a1=7fffa237b250 a2=10 a3=0 items=0 ppid=1501 pid=1503 auid=4294967295 uid=0 gid=0 euid=0 suid=0 fsuid=0 egid=0 sgid=0 fsgid=0 tty=(none) ses=4294967295 comm="apache2" exe="/usr/sbin/apache2" subj=unconfined key="T1043_Commonly_Used_Port"ARCH=x86_64 SYSCALL=connect AUID="unset" UID="root" GID="root" EUID="root" SUID="root" FSUID="root" EGID="root" SGID="root" FSGID="root"
type=SOCKADDR msg=audit(1768170229.645:2000): saddr=00000000000000000000000000000000SADDR=unknown-family(0)
type=PROCTITLE msg=audit(1768170229.645:2000): proctitle=2F7573722F7362696E2F61706163686532002D74
type=SYSCALL msg=audit(1768170229.645:2001): arch=c000003e syscall=42 success=yes exit=0 a0=3 a1=5b12b1a24c90 a2=10 a3=0 items=0 ppid=1501 pid=1503 auid=4294967295 uid=0 gid=0 euid=0 suid=0 fsuid=0 egid=0 sgid=0 fsgid=0 tty=(none) ses=4294967295 comm="apache2" exe="/usr/sbin/apache2" subj=unconfined key="T1043_Commonly_Used_Port"ARCH=x86_64 SYSCALL=connect AUID="unset" UID="root" GID="root" EUID="root" SUID="root" FSUID="root" EGID="root" SGID="root" FSGID="root"
type=SOCKADDR msg=audit(1768170229.645:2001): saddr=02000000000000000000000000000000SADDR={ saddr_fam=inet laddr=0.0.0.0 lport=0 }
type=PROCTITLE msg=audit(1768170229.645:2001): proctitle=2F7573722F7362696E2F61706163686532002D74
type=SYSCALL msg=audit(1768170229.661:2002): arch=c000003e syscall=42 success=yes exit=0 a0=3 a1=5b12b1a496c0 a2=1c a3=0 items=0 ppid=1501 pid=1503 auid=4294967295 uid=0 gid=0 euid=0 suid=0 fsuid=0 egid=0 sgid=0 fsgid=0 tty=(none) ses=4294967295 comm="apache2" exe="/usr/sbin/apache2" subj=unconfined key="T1043_Commonly_Used_Port"ARCH=x86_64 SYSCALL=connect AUID="unset" UID="root" GID="root" EUID="root" SUID="root" FSUID="root" EGID="root" SGID="root" FSGID="root"
type=SOCKADDR msg=audit(1768170229.661:2002): saddr=0A000050000000000000000000000000000000000000000000000000SADDR={ saddr_fam=inet6 laddr=:: lport=80 }
type=PROCTITLE msg=audit(1768170229.661:2002): proctitle=2F7573722F7362696E2F61706163686532002D74
type=SYSCALL msg=audit(1768170229.662:2003): arch=c000003e syscall=42 success=yes exit=0 a0=3 a1=7fffa237aee0 a2=10 a3=0 items=0 ppid=1501 pid=1503 auid=4294967295 uid=0 gid=0 euid=0 suid=0 fsuid=0 egid=0 sgid=0 fsgid=0 tty=(none) ses=4294967295 comm="apache2" exe="/usr/sbin/apache2" subj=unconfined key="T1043_Commonly_Used_Port"ARCH=x86_64 SYSCALL=connect AUID="unset" UID="root" GID="root" EUID="root" SUID="root" FSUID="root" EGID="root" SGID="root" FSGID="root"
type=SOCKADDR msg=audit(1768170229.662:2003): saddr=00000000000000000000000000000000SADDR=unknown-family(0)
type=PROCTITLE msg=audit(1768170229.662:2003): proctitle=2F7573722F7362696E2F61706163686532002D74
type=SYSCALL msg=audit(1768170229.662:2004): arch=c000003e syscall=42 success=yes exit=0 a0=3 a1=5b12b1a48e00 a2=10 a3=0 items=0 ppid=1501 pid=1503 auid=4294967295 uid=0 gid=0 euid=0 suid=0 fsuid=0 egid=0 sgid=0 fsgid=0 tty=(none) ses=4294967295 comm="apache2" exe="/usr/sbin/apache2" subj=unconfined key="T1043_Commonly_Used_Port"ARCH=x86_64 SYSCALL=connect AUID="unset" UID="root" GID="root" EUID="root" SUID="root" FSUID="root" EGID="root" SGID="root" FSGID="root"
type=SOCKADDR msg=audit(1768170229.662:2004): saddr=02000050000000000000000000000000SADDR={ saddr_fam=inet laddr=0.0.0.0 lport=80 }
type=PROCTITLE msg=audit(1768170229.662:2004): proctitle=2F7573722F7362696E2F61706163686532002D74
type=SYSCALL msg=audit(1768170229.662:2005): arch=c000003e syscall=42 success=yes exit=0 a0=5 a1=5b12b1a496c0 a2=1c a3=0 items=0 ppid=1501 pid=1503 auid=4294967295 uid=0 gid=0 euid=0 suid=0 fsuid=0 egid=0 sgid=0 fsgid=0 tty=(none) ses=4294967295 comm="apache2" exe="/usr/sbin/apache2" subj=unconfined key="T1043_Commonly_Used_Port"ARCH=x86_64 SYSCALL=connect AUID="unset" UID="root" GID="root" EUID="root" SUID="root" FSUID="root" EGID="root" SGID="root" FSGID="root"
type=SOCKADDR msg=audit(1768170229.662:2005): saddr=0A000050000000000000000000000000000000000000000000000000SADDR={ saddr_fam=inet6 laddr=:: lport=80 }
type=PROCTITLE msg=audit(1768170229.662:2005): proctitle=2F7573722F7362696E2F61706163686532002D74
type=SYSCALL msg=audit(1768170229.662:2006): arch=c000003e syscall=42 success=yes exit=0 a0=5 a1=7fffa237ae80 a2=10 a3=0 items=0 ppid=1501 pid=1503 auid=4294967295 uid=0 gid=0 euid=0 suid=0 fsuid=0 egid=0 sgid=0 fsgid=0 tty=(none) ses=4294967295 comm="apache2" exe="/usr/sbin/apache2" subj=unconfined key="T1043_Commonly_Used_Port"ARCH=x86_64 SYSCALL=connect AUID="unset" UID="root" GID="root" EUID="root" SUID="root" FSUID="root" EGID="root" SGID="root" FSGID="root"
type=SOCKADDR msg=audit(1768170229.662:2006): saddr=00000000000000000000000000000000SADDR=unknown-family(0)
type=PROCTITLE msg=audit(1768170229.662:2006): proctitle=2F7573722F7362696E2F61706163686532002D74
type=SYSCALL msg=audit(1768170229.662:2007): arch=c000003e syscall=42 success=yes exit=0 a0=5 a1=5b12b1a48e00 a2=10 a3=0 items=0 ppid=1501 pid=1503 auid=4294967295 uid=0 gid=0 euid=0 suid=0 fsuid=0 egid=0 sgid=0 fsgid=0 tty=(none) ses=4294967295 comm="apache2" exe="/usr/sbin/apache2" subj=unconfined key="T1043_Commonly_Used_Port"ARCH=x86_64 SYSCALL=connect AUID="unset" UID="root" GID="root" EUID="root" SUID="root" FSUID="root" EGID="root" SGID="root" FSGID="root"
type=SOCKADDR msg=audit(1768170229.662:2007): saddr=02000050000000000000000000000000SADDR={ saddr_fam=inet laddr=0.0.0.0 lport=80 }
type=PROCTITLE msg=audit(1768170229.662:2007): proctitle=2F7573722F7362696E2F61706163686532002D74
type=SYSCALL msg=audit(1768170229.662:2008): arch=c000003e syscall=42 success=yes exit=0 a0=5 a1=7d430440b694 a2=10 a3=7fffa23789e4 items=0 ppid=1501 pid=1503 auid=4294967295 uid=0 gid=0 euid=0 suid=0 fsuid=0 egid=0 sgid=0 fsgid=0 tty=(none) ses=4294967295 comm="apache2" exe="/usr/sbin/apache2" subj=unconfined key="T1043_Commonly_Used_Port"ARCH=x86_64 SYSCALL=connect AUID="unset" UID="root" GID="root" EUID="root" SUID="root" FSUID="root" EGID="root" SGID="root" FSGID="root"
type=SOCKADDR msg=audit(1768170229.662:2008): saddr=020000357F0000350000000000000000SADDR={ saddr_fam=inet laddr=127.0.0.53 lport=53 }
type=PROCTITLE msg=audit(1768170229.662:2008): proctitle=2F7573722F7362696E2F61706163686532002D74
type=SYSCALL msg=audit(1768170229.753:2009): arch=c000003e syscall=42 success=yes exit=0 a0=5 a1=7d430440b694 a2=10 a3=7fffa23789e4 items=0 ppid=1501 pid=1503 auid=4294967295 uid=0 gid=0 euid=0 suid=0 fsuid=0 egid=0 sgid=0 fsgid=0 tty=(none) ses=4294967295 comm="apache2" exe="/usr/sbin/apache2" subj=unconfined key="T1043_Commonly_Used_Port"ARCH=x86_64 SYSCALL=connect AUID="unset" UID="root" GID="root" EUID="root" SUID="root" FSUID="root" EGID="root" SGID="root" FSGID="root"
type=SOCKADDR msg=audit(1768170229.753:2009): saddr=020000357F0000350000000000000000SADDR={ saddr_fam=inet laddr=127.0.0.53 lport=53 }
type=PROCTITLE msg=audit(1768170229.753:2009): proctitle=2F7573722F7362696E2F61706163686532002D74
type=SYSCALL msg=audit(1768170229.756:2010): arch=c000003e syscall=42 success=yes exit=0 a0=5 a1=5b12b1a48e00 a2=10 a3=0 items=0 ppid=1501 pid=1503 auid=4294967295 uid=0 gid=0 euid=0 suid=0 fsuid=0 egid=0 sgid=0 fsgid=0 tty=(none) ses=4294967295 comm="apache2" exe="/usr/sbin/apache2" subj=unconfined key="T1043_Commonly_Used_Port"ARCH=x86_64 SYSCALL=connect AUID="unset" UID="root" GID="root" EUID="root" SUID="root" FSUID="root" EGID="root" SGID="root" FSGID="root"
type=SOCKADDR msg=audit(1768170229.756:2010): saddr=020000000A00020F0000000000000000SADDR={ saddr_fam=inet laddr=10.0.2.15 lport=0 }
type=PROCTITLE msg=audit(1768170229.756:2010): proctitle=2F7573722F7362696E2F61706163686532002D74
type=SYSCALL msg=audit(1768170229.757:2011): arch=c000003e syscall=42 success=yes exit=0 a0=5 a1=7fffa237a8d0 a2=10 a3=0 items=0 ppid=1501 pid=1503 auid=4294967295 uid=0 gid=0 euid=0 suid=0 fsuid=0 egid=0 sgid=0 fsgid=0 tty=(none) ses=4294967295 comm="apache2" exe="/usr/sbin/apache2" subj=unconfined key="T1043_Commonly_Used_Port"ARCH=x86_64 SYSCALL=connect AUID="unset" UID="root" GID="root" EUID="root" SUID="root" FSUID="root" EGID="root" SGID="root" FSGID="root"
type=SOCKADDR msg=audit(1768170229.757:2011): saddr=00000000000000000000000000000000SADDR=unknown-family(0)
type=PROCTITLE msg=audit(1768170229.757:2011): proctitle=2F7573722F7362696E2F61706163686532002D74
type=SYSCALL msg=audit(1768170229.757:2012): arch=c000003e syscall=42 success=yes exit=0 a0=5 a1=5b12b1a24640 a2=10 a3=0 items=0 ppid=1501 pid=1503 auid=4294967295 uid=0 gid=0 euid=0 suid=0 fsuid=0 egid=0 sgid=0 fsgid=0 tty=(none) ses=4294967295 comm="apache2" exe="/usr/sbin/apache2" subj=unconfined key="T1043_Commonly_Used_Port"ARCH=x86_64 SYSCALL=connect AUID="unset" UID="root" GID="root" EUID="root" SUID="root" FSUID="root" EGID="root" SGID="root" FSGID="root"
type=SOCKADDR msg=audit(1768170229.757:2012): saddr=02000000C0A8386B0000000000000000SADDR={ saddr_fam=inet laddr=192.168.56.107 lport=0 }
type=PROCTITLE msg=audit(1768170229.757:2012): proctitle=2F7573722F7362696E2F61706163686532002D74
type=SYSCALL msg=audit(1768170229.757:2013): arch=c000003e syscall=42 success=yes exit=0 a0=5 a1=5b12b1a496c0 a2=1c a3=0 items=0 ppid=1501 pid=1503 auid=4294967295 uid=0 gid=0 euid=0 suid=0 fsuid=0 egid=0 sgid=0 fsgid=0 tty=(none) ses=4294967295 comm="apache2" exe="/usr/sbin/apache2" subj=unconfined key="T1043_Commonly_Used_Port"ARCH=x86_64 SYSCALL=connect AUID="unset" UID="root" GID="root" EUID="root" SUID="root" FSUID="root" EGID="root" SGID="root" FSGID="root"
type=SOCKADDR msg=audit(1768170229.757:2013): saddr=0A00000000000000FD17625CF03700020A0027FFFE3F373900000000SADDR={ saddr_fam=inet6 laddr=fd17:625c:f037:2:a00:27ff:fe3f:3739 lport=0 }
type=PROCTITLE msg=audit(1768170229.757:2013): proctitle=2F7573722F7362696E2F61706163686532002D74
type=SYSCALL msg=audit(1768170229.757:2014): arch=c000003e syscall=42 success=yes exit=0 a0=5 a1=7fffa237a8d0 a2=10 a3=0 items=0 ppid=1501 pid=1503 auid=4294967295 uid=0 gid=0 euid=0 suid=0 fsuid=0 egid=0 sgid=0 fsgid=0 tty=(none) ses=4294967295 comm="apache2" exe="/usr/sbin/apache2" subj=unconfined key="T1043_Commonly_Used_Port"ARCH=x86_64 SYSCALL=connect AUID="unset" UID="root" GID="root" EUID="root" SUID="root" FSUID="root" EGID="root" SGID="root" FSGID="root"
type=SOCKADDR msg=audit(1768170229.757:2014): saddr=00000000000000000000000000000000SADDR=unknown-family(0)
type=PROCTITLE msg=audit(1768170229.757:2014): proctitle=2F7573722F7362696E2F61706163686532002D74
type=SYSCALL msg=audit(1768170229.757:2015): arch=c000003e syscall=42 success=no exit=-22 a0=5 a1=5b12b1a24690 a2=1c a3=0 items=0 ppid=1501 pid=1503 auid=4294967295 uid=0 gid=0 euid=0 suid=0 fsuid=0 egid=0 sgid=0 fsgid=0 tty=(none) ses=4294967295 comm="apache2" exe="/usr/sbin/apache2" subj=unconfined key="T1043_Commonly_Used_Port"ARCH=x86_64 SYSCALL=connect AUID="unset" UID="root" GID="root" EUID="root" SUID="root" FSUID="root" EGID="root" SGID="root" FSGID="root"
type=SOCKADDR msg=audit(1768170229.757:2015): saddr=0A00000000000000FE800000000000000A0027FFFE3F373900000000SADDR={ saddr_fam=inet6 laddr=fe80::a00:27ff:fe3f:3739 lport=0 }
type=PROCTITLE msg=audit(1768170229.757:2015): proctitle=2F7573722F7362696E2F61706163686532002D74
type=SYSCALL msg=audit(1768170229.757:2016): arch=c000003e syscall=42 success=yes exit=0 a0=5 a1=7fffa237a8d0 a2=10 a3=0 items=0 ppid=1501 pid=1503 auid=4294967295 uid=0 gid=0 euid=0 suid=0 fsuid=0 egid=0 sgid=0 fsgid=0 tty=(none) ses=4294967295 comm="apache2" exe="/usr/sbin/apache2" subj=unconfined key="T1043_Commonly_Used_Port"ARCH=x86_64 SYSCALL=connect AUID="unset" UID="root" GID="root" EUID="root" SUID="root" FSUID="root" EGID="root" SGID="root" FSGID="root"
type=SOCKADDR msg=audit(1768170229.757:2016): saddr=00000000000000000000000000000000SADDR=unknown-family(0)
type=PROCTITLE msg=audit(1768170229.757:2016): proctitle=2F7573722F7362696E2F61706163686532002D74
type=SYSCALL msg=audit(1768170229.757:2017): arch=c000003e syscall=42 success=no exit=-22 a0=5 a1=5b12b1a246f0 a2=1c a3=0 items=0 ppid=1501 pid=1503 auid=4294967295 uid=0 gid=0 euid=0 suid=0 fsuid=0 egid=0 sgid=0 fsgid=0 tty=(none) ses=4294967295 comm="apache2" exe="/usr/sbin/apache2" subj=unconfined key="T1043_Commonly_Used_Port"ARCH=x86_64 SYSCALL=connect AUID="unset" UID="root" GID="root" EUID="root" SUID="root" FSUID="root" EGID="root" SGID="root" FSGID="root"
type=SOCKADDR msg=audit(1768170229.757:2017): saddr=0A00000000000000FE800000000000000A0027FFFE270D1D00000000SADDR={ saddr_fam=inet6 laddr=fe80::a00:27ff:fe27:d1d lport=0 }
type=PROCTITLE msg=audit(1768170229.757:2017): proctitle=2F7573722F7362696E2F61706163686532002D74
type=SYSCALL msg=audit(1768170229.757:2018): arch=c000003e syscall=42 success=yes exit=0 a0=5 a1=7d430440b694 a2=10 a3=7fffa23790f4 items=0 ppid=1501 pid=1503 auid=4294967295 uid=0 gid=0 euid=0 suid=0 fsuid=0 egid=0 sgid=0 fsgid=0 tty=(none) ses=4294967295 comm="apache2" exe="/usr/sbin/apache2" subj=unconfined key="T1043_Commonly_Used_Port"ARCH=x86_64 SYSCALL=connect AUID="unset" UID="root" GID="root" EUID="root" SUID="root" FSUID="root" EGID="root" SGID="root" FSGID="root"
type=SOCKADDR msg=audit(1768170229.757:2018): saddr=020000357F0000350000000000000000SADDR={ saddr_fam=inet laddr=127.0.0.53 lport=53 }
type=PROCTITLE msg=audit(1768170229.757:2018): proctitle=2F7573722F7362696E2F61706163686532002D74
type=SYSCALL msg=audit(1768170229.794:2019): arch=c000003e syscall=59 success=yes exit=0 a0=5f2e8b699970 a1=5f2e8b69b2c0 a2=5f2e8b69b2e0 a3=8 items=2 ppid=1501 pid=1504 auid=4294967295 uid=0 gid=0 euid=0 suid=0 fsuid=0 egid=0 sgid=0 fsgid=0 tty=(none) ses=4294967295 comm="apache2" exe="/usr/sbin/apache2" subj=unconfined key="T1078_Valid_Accounts"ARCH=x86_64 SYSCALL=execve AUID="unset" UID="root" GID="root" EUID="root" SUID="root" FSUID="root" EGID="root" SGID="root" FSGID="root"
type=EXECVE msg=audit(1768170229.794:2019): argc=3 a0="/usr/sbin/apache2" a1="-k" a2="graceful"
type=PATH msg=audit(1768170229.794:2019): item=0 name="/usr/sbin/apache2" inode=1457163 dev=08:02 mode=0100755 ouid=0 ogid=0 rdev=00:00 nametype=NORMAL cap_fp=0 cap_fi=0 cap_fe=0 cap_fver=0 cap_frootid=0OUID="root" OGID="root"
type=PATH msg=audit(1768170229.794:2019): item=1 name="/lib64/ld-linux-x86-64.so.2" inode=1481429 dev=08:02 mode=0100755 ouid=0 ogid=0 rdev=00:00 nametype=NORMAL cap_fp=0 cap_fi=0 cap_fe=0 cap_fver=0 cap_frootid=0OUID="root" OGID="root"
type=PROCTITLE msg=audit(1768170229.794:2019): proctitle=2F7573722F7362696E2F61706163686532002D6B00677261636566756C
type=SYSCALL msg=audit(1768170229.861:2020): arch=c000003e syscall=42 success=yes exit=0 a0=3 a1=5b9dc05f1c30 a2=1c a3=0 items=0 ppid=1501 pid=1504 auid=4294967295 uid=0 gid=0 euid=0 suid=0 fsuid=0 egid=0 sgid=0 fsgid=0 tty=(none) ses=4294967295 comm="apache2" exe="/usr/sbin/apache2" subj=unconfined key="T1043_Commonly_Used_Port"ARCH=x86_64 SYSCALL=connect AUID="unset" UID="root" GID="root" EUID="root" SUID="root" FSUID="root" EGID="root" SGID="root" FSGID="root"
type=SOCKADDR msg=audit(1768170229.861:2020): saddr=0A000000000000000000000000000000000000000000000000000000SADDR={ saddr_fam=inet6 laddr=:: lport=0 }
type=PROCTITLE msg=audit(1768170229.861:2020): proctitle=2F7573722F7362696E2F61706163686532002D6B00677261636566756C
type=SYSCALL msg=audit(1768170229.863:2021): arch=c000003e syscall=42 success=yes exit=0 a0=3 a1=7ffd5c0f4b80 a2=10 a3=0 items=0 ppid=1501 pid=1504 auid=4294967295 uid=0 gid=0 euid=0 suid=0 fsuid=0 egid=0 sgid=0 fsgid=0 tty=(none) ses=4294967295 comm="apache2" exe="/usr/sbin/apache2" subj=unconfined key="T1043_Commonly_Used_Port"ARCH=x86_64 SYSCALL=connect AUID="unset" UID="root" GID="root" EUID="root" SUID="root" FSUID="root" EGID="root" SGID="root" FSGID="root"
type=SOCKADDR msg=audit(1768170229.863:2021): saddr=00000000000000000000000000000000SADDR=unknown-family(0)
type=PROCTITLE msg=audit(1768170229.863:2021): proctitle=2F7573722F7362696E2F61706163686532002D6B00677261636566756C
type=SYSCALL msg=audit(1768170229.863:2022): arch=c000003e syscall=42 success=yes exit=0 a0=3 a1=5b9dc05f1c90 a2=10 a3=0 items=0 ppid=1501 pid=1504 auid=4294967295 uid=0 gid=0 euid=0 suid=0 fsuid=0 egid=0 sgid=0 fsgid=0 tty=(none) ses=4294967295 comm="apache2" exe="/usr/sbin/apache2" subj=unconfined key="T1043_Commonly_Used_Port"ARCH=x86_64 SYSCALL=connect AUID="unset" UID="root" GID="root" EUID="root" SUID="root" FSUID="root" EGID="root" SGID="root" FSGID="root"
type=SOCKADDR msg=audit(1768170229.863:2022): saddr=02000000000000000000000000000000SADDR={ saddr_fam=inet laddr=0.0.0.0 lport=0 }
type=PROCTITLE msg=audit(1768170229.863:2022): proctitle=2F7573722F7362696E2F61706163686532002D6B00677261636566756C
type=SYSCALL msg=audit(1768170229.891:2023): arch=c000003e syscall=42 success=yes exit=0 a0=3 a1=5b9dc06166c0 a2=1c a3=0 items=0 ppid=1501 pid=1504 auid=4294967295 uid=0 gid=0 euid=0 suid=0 fsuid=0 egid=0 sgid=0 fsgid=0 tty=(none) ses=4294967295 comm="apache2" exe="/usr/sbin/apache2" subj=unconfined key="T1043_Commonly_Used_Port"ARCH=x86_64 SYSCALL=connect AUID="unset" UID="root" GID="root" EUID="root" SUID="root" FSUID="root" EGID="root" SGID="root" FSGID="root"
type=SOCKADDR msg=audit(1768170229.891:2023): saddr=0A000050000000000000000000000000000000000000000000000000SADDR={ saddr_fam=inet6 laddr=:: lport=80 }
type=PROCTITLE msg=audit(1768170229.891:2023): proctitle=2F7573722F7362696E2F61706163686532002D6B00677261636566756C
type=SYSCALL msg=audit(1768170229.893:2024): arch=c000003e syscall=42 success=yes exit=0 a0=3 a1=7ffd5c0f4810 a2=10 a3=0 items=0 ppid=1501 pid=1504 auid=4294967295 uid=0 gid=0 euid=0 suid=0 fsuid=0 egid=0 sgid=0 fsgid=0 tty=(none) ses=4294967295 comm="apache2" exe="/usr/sbin/apache2" subj=unconfined key="T1043_Commonly_Used_Port"ARCH=x86_64 SYSCALL=connect AUID="unset" UID="root" GID="root" EUID="root" SUID="root" FSUID="root" EGID="root" SGID="root" FSGID="root"
type=SOCKADDR msg=audit(1768170229.893:2024): saddr=00000000000000000000000000000000SADDR=unknown-family(0)
type=PROCTITLE msg=audit(1768170229.893:2024): proctitle=2F7573722F7362696E2F61706163686532002D6B00677261636566756C
type=SYSCALL msg=audit(1768170229.893:2025): arch=c000003e syscall=42 success=yes exit=0 a0=3 a1=5b9dc0615e00 a2=10 a3=0 items=0 ppid=1501 pid=1504 auid=4294967295 uid=0 gid=0 euid=0 suid=0 fsuid=0 egid=0 sgid=0 fsgid=0 tty=(none) ses=4294967295 comm="apache2" exe="/usr/sbin/apache2" subj=unconfined key="T1043_Commonly_Used_Port"ARCH=x86_64 SYSCALL=connect AUID="unset" UID="root" GID="root" EUID="root" SUID="root" FSUID="root" EGID="root" SGID="root" FSGID="root"
type=SOCKADDR msg=audit(1768170229.893:2025): saddr=02000050000000000000000000000000SADDR={ saddr_fam=inet laddr=0.0.0.0 lport=80 }
type=PROCTITLE msg=audit(1768170229.893:2025): proctitle=2F7573722F7362696E2F61706163686532002D6B00677261636566756C
type=SYSCALL msg=audit(1768170229.893:2026): arch=c000003e syscall=42 success=yes exit=0 a0=5 a1=5b9dc06166c0 a2=1c a3=0 items=0 ppid=1501 pid=1504 auid=4294967295 uid=0 gid=0 euid=0 suid=0 fsuid=0 egid=0 sgid=0 fsgid=0 tty=(none) ses=4294967295 comm="apache2" exe="/usr/sbin/apache2" subj=unconfined key="T1043_Commonly_Used_Port"ARCH=x86_64 SYSCALL=connect AUID="unset" UID="root" GID="root" EUID="root" SUID="root" FSUID="root" EGID="root" SGID="root" FSGID="root"
type=SOCKADDR msg=audit(1768170229.893:2026): saddr=0A000050000000000000000000000000000000000000000000000000SADDR={ saddr_fam=inet6 laddr=:: lport=80 }
type=PROCTITLE msg=audit(1768170229.893:2026): proctitle=2F7573722F7362696E2F61706163686532002D6B00677261636566756C
type=SYSCALL msg=audit(1768170229.893:2027): arch=c000003e syscall=42 success=yes exit=0 a0=5 a1=7ffd5c0f47b0 a2=10 a3=0 items=0 ppid=1501 pid=1504 auid=4294967295 uid=0 gid=0 euid=0 suid=0 fsuid=0 egid=0 sgid=0 fsgid=0 tty=(none) ses=4294967295 comm="apache2" exe="/usr/sbin/apache2" subj=unconfined key="T1043_Commonly_Used_Port"ARCH=x86_64 SYSCALL=connect AUID="unset" UID="root" GID="root" EUID="root" SUID="root" FSUID="root" EGID="root" SGID="root" FSGID="root"
type=SOCKADDR msg=audit(1768170229.893:2027): saddr=00000000000000000000000000000000SADDR=unknown-family(0)
type=PROCTITLE msg=audit(1768170229.893:2027): proctitle=2F7573722F7362696E2F61706163686532002D6B00677261636566756C
type=SYSCALL msg=audit(1768170229.893:2028): arch=c000003e syscall=42 success=yes exit=0 a0=5 a1=5b9dc0615e00 a2=10 a3=0 items=0 ppid=1501 pid=1504 auid=4294967295 uid=0 gid=0 euid=0 suid=0 fsuid=0 egid=0 sgid=0 fsgid=0 tty=(none) ses=4294967295 comm="apache2" exe="/usr/sbin/apache2" subj=unconfined key="T1043_Commonly_Used_Port"ARCH=x86_64 SYSCALL=connect AUID="unset" UID="root" GID="root" EUID="root" SUID="root" FSUID="root" EGID="root" SGID="root" FSGID="root"
type=SOCKADDR msg=audit(1768170229.893:2028): saddr=02000050000000000000000000000000SADDR={ saddr_fam=inet laddr=0.0.0.0 lport=80 }
type=PROCTITLE msg=audit(1768170229.893:2028): proctitle=2F7573722F7362696E2F61706163686532002D6B00677261636566756C
type=SYSCALL msg=audit(1768170229.893:2029): arch=c000003e syscall=42 success=yes exit=0 a0=5 a1=70b363a0b694 a2=10 a3=7ffd5c0f2314 items=0 ppid=1501 pid=1504 auid=4294967295 uid=0 gid=0 euid=0 suid=0 fsuid=0 egid=0 sgid=0 fsgid=0 tty=(none) ses=4294967295 comm="apache2" exe="/usr/sbin/apache2" subj=unconfined key="T1043_Commonly_Used_Port"ARCH=x86_64 SYSCALL=connect AUID="unset" UID="root" GID="root" EUID="root" SUID="root" FSUID="root" EGID="root" SGID="root" FSGID="root"
type=SOCKADDR msg=audit(1768170229.893:2029): saddr=020000357F0000350000000000000000SADDR={ saddr_fam=inet laddr=127.0.0.53 lport=53 }
type=PROCTITLE msg=audit(1768170229.893:2029): proctitle=2F7573722F7362696E2F61706163686532002D6B00677261636566756C
type=SYSCALL msg=audit(1768170229.906:2030): arch=c000003e syscall=42 success=yes exit=0 a0=5 a1=70b363a0b694 a2=10 a3=7ffd5c0f2314 items=0 ppid=1501 pid=1504 auid=4294967295 uid=0 gid=0 euid=0 suid=0 fsuid=0 egid=0 sgid=0 fsgid=0 tty=(none) ses=4294967295 comm="apache2" exe="/usr/sbin/apache2" subj=unconfined key="T1043_Commonly_Used_Port"ARCH=x86_64 SYSCALL=connect AUID="unset" UID="root" GID="root" EUID="root" SUID="root" FSUID="root" EGID="root" SGID="root" FSGID="root"
type=SOCKADDR msg=audit(1768170229.906:2030): saddr=020000357F0000350000000000000000SADDR={ saddr_fam=inet laddr=127.0.0.53 lport=53 }
type=PROCTITLE msg=audit(1768170229.906:2030): proctitle=2F7573722F7362696E2F61706163686532002D6B00677261636566756C
type=SYSCALL msg=audit(1768170229.907:2031): arch=c000003e syscall=42 success=yes exit=0 a0=5 a1=5b9dc0615e00 a2=10 a3=0 items=0 ppid=1501 pid=1504 auid=4294967295 uid=0 gid=0 euid=0 suid=0 fsuid=0 egid=0 sgid=0 fsgid=0 tty=(none) ses=4294967295 comm="apache2" exe="/usr/sbin/apache2" subj=unconfined key="T1043_Commonly_Used_Port"ARCH=x86_64 SYSCALL=connect AUID="unset" UID="root" GID="root" EUID="root" SUID="root" FSUID="root" EGID="root" SGID="root" FSGID="root"
type=SOCKADDR msg=audit(1768170229.907:2031): saddr=020000000A00020F0000000000000000SADDR={ saddr_fam=inet laddr=10.0.2.15 lport=0 }
type=PROCTITLE msg=audit(1768170229.907:2031): proctitle=2F7573722F7362696E2F61706163686532002D6B00677261636566756C
type=SYSCALL msg=audit(1768170229.907:2032): arch=c000003e syscall=42 success=yes exit=0 a0=5 a1=7ffd5c0f4200 a2=10 a3=0 items=0 ppid=1501 pid=1504 auid=4294967295 uid=0 gid=0 euid=0 suid=0 fsuid=0 egid=0 sgid=0 fsgid=0 tty=(none) ses=4294967295 comm="apache2" exe="/usr/sbin/apache2" subj=unconfined key="T1043_Commonly_Used_Port"ARCH=x86_64 SYSCALL=connect AUID="unset" UID="root" GID="root" EUID="root" SUID="root" FSUID="root" EGID="root" SGID="root" FSGID="root"
type=SOCKADDR msg=audit(1768170229.907:2032): saddr=00000000000000000000000000000000SADDR=unknown-family(0)
type=PROCTITLE msg=audit(1768170229.907:2032): proctitle=2F7573722F7362696E2F61706163686532002D6B00677261636566756C
type=SYSCALL msg=audit(1768170229.907:2033): arch=c000003e syscall=42 success=yes exit=0 a0=5 a1=5b9dc05f1640 a2=10 a3=0 items=0 ppid=1501 pid=1504 auid=4294967295 uid=0 gid=0 euid=0 suid=0 fsuid=0 egid=0 sgid=0 fsgid=0 tty=(none) ses=4294967295 comm="apache2" exe="/usr/sbin/apache2" subj=unconfined key="T1043_Commonly_Used_Port"ARCH=x86_64 SYSCALL=connect AUID="unset" UID="root" GID="root" EUID="root" SUID="root" FSUID="root" EGID="root" SGID="root" FSGID="root"
type=SOCKADDR msg=audit(1768170229.907:2033): saddr=02000000C0A8386B0000000000000000SADDR={ saddr_fam=inet laddr=192.168.56.107 lport=0 }
type=PROCTITLE msg=audit(1768170229.907:2033): proctitle=2F7573722F7362696E2F61706163686532002D6B00677261636566756C
type=SYSCALL msg=audit(1768170229.907:2034): arch=c000003e syscall=42 success=yes exit=0 a0=5 a1=5b9dc06166c0 a2=1c a3=0 items=0 ppid=1501 pid=1504 auid=4294967295 uid=0 gid=0 euid=0 suid=0 fsuid=0 egid=0 sgid=0 fsgid=0 tty=(none) ses=4294967295 comm="apache2" exe="/usr/sbin/apache2" subj=unconfined key="T1043_Commonly_Used_Port"ARCH=x86_64 SYSCALL=connect AUID="unset" UID="root" GID="root" EUID="root" SUID="root" FSUID="root" EGID="root" SGID="root" FSGID="root"
type=SOCKADDR msg=audit(1768170229.907:2034): saddr=0A00000000000000FD17625CF03700020A0027FFFE3F373900000000SADDR={ saddr_fam=inet6 laddr=fd17:625c:f037:2:a00:27ff:fe3f:3739 lport=0 }
type=PROCTITLE msg=audit(1768170229.907:2034): proctitle=2F7573722F7362696E2F61706163686532002D6B00677261636566756C
type=SYSCALL msg=audit(1768170229.907:2035): arch=c000003e syscall=42 success=yes exit=0 a0=5 a1=7ffd5c0f4200 a2=10 a3=0 items=0 ppid=1501 pid=1504 auid=4294967295 uid=0 gid=0 euid=0 suid=0 fsuid=0 egid=0 sgid=0 fsgid=0 tty=(none) ses=4294967295 comm="apache2" exe="/usr/sbin/apache2" subj=unconfined key="T1043_Commonly_Used_Port"ARCH=x86_64 SYSCALL=connect AUID="unset" UID="root" GID="root" EUID="root" SUID="root" FSUID="root" EGID="root" SGID="root" FSGID="root"
type=SOCKADDR msg=audit(1768170229.907:2035): saddr=00000000000000000000000000000000SADDR=unknown-family(0)
type=PROCTITLE msg=audit(1768170229.907:2035): proctitle=2F7573722F7362696E2F61706163686532002D6B00677261636566756C
type=SYSCALL msg=audit(1768170229.907:2036): arch=c000003e syscall=42 success=no exit=-22 a0=5 a1=5b9dc05f1690 a2=1c a3=0 items=0 ppid=1501 pid=1504 auid=4294967295 uid=0 gid=0 euid=0 suid=0 fsuid=0 egid=0 sgid=0 fsgid=0 tty=(none) ses=4294967295 comm="apache2" exe="/usr/sbin/apache2" subj=unconfined key="T1043_Commonly_Used_Port"ARCH=x86_64 SYSCALL=connect AUID="unset" UID="root" GID="root" EUID="root" SUID="root" FSUID="root" EGID="root" SGID="root" FSGID="root"
type=SOCKADDR msg=audit(1768170229.907:2036): saddr=0A00000000000000FE800000000000000A0027FFFE3F373900000000SADDR={ saddr_fam=inet6 laddr=fe80::a00:27ff:fe3f:3739 lport=0 }
type=PROCTITLE msg=audit(1768170229.907:2036): proctitle=2F7573722F7362696E2F61706163686532002D6B00677261636566756C
type=SYSCALL msg=audit(1768170229.907:2037): arch=c000003e syscall=42 success=yes exit=0 a0=5 a1=7ffd5c0f4200 a2=10 a3=0 items=0 ppid=1501 pid=1504 auid=4294967295 uid=0 gid=0 euid=0 suid=0 fsuid=0 egid=0 sgid=0 fsgid=0 tty=(none) ses=4294967295 comm="apache2" exe="/usr/sbin/apache2" subj=unconfined key="T1043_Commonly_Used_Port"ARCH=x86_64 SYSCALL=connect AUID="unset" UID="root" GID="root" EUID="root" SUID="root" FSUID="root" EGID="root" SGID="root" FSGID="root"
type=SOCKADDR msg=audit(1768170229.907:2037): saddr=00000000000000000000000000000000SADDR=unknown-family(0)
type=PROCTITLE msg=audit(1768170229.907:2037): proctitle=2F7573722F7362696E2F61706163686532002D6B00677261636566756C
type=SYSCALL msg=audit(1768170229.907:2038): arch=c000003e syscall=42 success=no exit=-22 a0=5 a1=5b9dc05f16f0 a2=1c a3=0 items=0 ppid=1501 pid=1504 auid=4294967295 uid=0 gid=0 euid=0 suid=0 fsuid=0 egid=0 sgid=0 fsgid=0 tty=(none) ses=4294967295 comm="apache2" exe="/usr/sbin/apache2" subj=unconfined key="T1043_Commonly_Used_Port"ARCH=x86_64 SYSCALL=connect AUID="unset" UID="root" GID="root" EUID="root" SUID="root" FSUID="root" EGID="root" SGID="root" FSGID="root"
type=SOCKADDR msg=audit(1768170229.907:2038): saddr=0A00000000000000FE800000000000000A0027FFFE270D1D00000000SADDR={ saddr_fam=inet6 laddr=fe80::a00:27ff:fe27:d1d lport=0 }
type=PROCTITLE msg=audit(1768170229.907:2038): proctitle=2F7573722F7362696E2F61706163686532002D6B00677261636566756C
type=SYSCALL msg=audit(1768170229.908:2039): arch=c000003e syscall=42 success=yes exit=0 a0=5 a1=70b363a0b694 a2=10 a3=7ffd5c0f2a24 items=0 ppid=1501 pid=1504 auid=4294967295 uid=0 gid=0 euid=0 suid=0 fsuid=0 egid=0 sgid=0 fsgid=0 tty=(none) ses=4294967295 comm="apache2" exe="/usr/sbin/apache2" subj=unconfined key="T1043_Commonly_Used_Port"ARCH=x86_64 SYSCALL=connect AUID="unset" UID="root" GID="root" EUID="root" SUID="root" FSUID="root" EGID="root" SGID="root" FSGID="root"
type=SOCKADDR msg=audit(1768170229.908:2039): saddr=020000357F0000350000000000000000SADDR={ saddr_fam=inet laddr=127.0.0.53 lport=53 }
type=PROCTITLE msg=audit(1768170229.908:2039): proctitle=2F7573722F7362696E2F61706163686532002D6B00677261636566756C
type=SYSCALL msg=audit(1768170229.984:2040): arch=c000003e syscall=42 success=yes exit=0 a0=5 a1=55cdedbf09f0 a2=1c a3=0 items=0 ppid=1 pid=1451 auid=4294967295 uid=0 gid=0 euid=0 suid=0 fsuid=0 egid=0 sgid=0 fsgid=0 tty=(none) ses=4294967295 comm="apache2" exe="/usr/sbin/apache2" subj=unconfined key="T1043_Commonly_Used_Port"ARCH=x86_64 SYSCALL=connect AUID="unset" UID="root" GID="root" EUID="root" SUID="root" FSUID="root" EGID="root" SGID="root" FSGID="root"
type=SOCKADDR msg=audit(1768170229.984:2040): saddr=0A000000000000000000000000000000000000000000000000000000SADDR={ saddr_fam=inet6 laddr=:: lport=0 }
type=PROCTITLE msg=audit(1768170229.984:2040): proctitle=2F7573722F7362696E2F61706163686532002D6B007374617274
type=SYSCALL msg=audit(1768170229.984:2041): arch=c000003e syscall=42 success=yes exit=0 a0=5 a1=7ffe41338e60 a2=10 a3=0 items=0 ppid=1 pid=1451 auid=4294967295 uid=0 gid=0 euid=0 suid=0 fsuid=0 egid=0 sgid=0 fsgid=0 tty=(none) ses=4294967295 comm="apache2" exe="/usr/sbin/apache2" subj=unconfined key="T1043_Commonly_Used_Port"ARCH=x86_64 SYSCALL=connect AUID="unset" UID="root" GID="root" EUID="root" SUID="root" FSUID="root" EGID="root" SGID="root" FSGID="root"
type=SOCKADDR msg=audit(1768170229.984:2041): saddr=00000000000000000000000000000000SADDR=unknown-family(0)
type=PROCTITLE msg=audit(1768170229.984:2041): proctitle=2F7573722F7362696E2F61706163686532002D6B007374617274
type=SYSCALL msg=audit(1768170229.984:2042): arch=c000003e syscall=42 success=yes exit=0 a0=5 a1=55cdeda55f50 a2=10 a3=0 items=0 ppid=1 pid=1451 auid=4294967295 uid=0 gid=0 euid=0 suid=0 fsuid=0 egid=0 sgid=0 fsgid=0 tty=(none) ses=4294967295 comm="apache2" exe="/usr/sbin/apache2" subj=unconfined key="T1043_Commonly_Used_Port"ARCH=x86_64 SYSCALL=connect AUID="unset" UID="root" GID="root" EUID="root" SUID="root" FSUID="root" EGID="root" SGID="root" FSGID="root"
type=SOCKADDR msg=audit(1768170229.984:2042): saddr=02000000000000000000000000000000SADDR={ saddr_fam=inet laddr=0.0.0.0 lport=0 }
type=PROCTITLE msg=audit(1768170229.984:2042): proctitle=2F7573722F7362696E2F61706163686532002D6B007374617274
type=SYSCALL msg=audit(1768170229.994:2043): arch=c000003e syscall=42 success=yes exit=0 a0=5 a1=55cdedbf09f0 a2=1c a3=0 items=0 ppid=1 pid=1451 auid=4294967295 uid=0 gid=0 euid=0 suid=0 fsuid=0 egid=0 sgid=0 fsgid=0 tty=(none) ses=4294967295 comm="apache2" exe="/usr/sbin/apache2" subj=unconfined key="T1043_Commonly_Used_Port"ARCH=x86_64 SYSCALL=connect AUID="unset" UID="root" GID="root" EUID="root" SUID="root" FSUID="root" EGID="root" SGID="root" FSGID="root"
type=SOCKADDR msg=audit(1768170229.994:2043): saddr=0A000050000000000000000000000000000000000000000000000000SADDR={ saddr_fam=inet6 laddr=:: lport=80 }
type=PROCTITLE msg=audit(1768170229.994:2043): proctitle=2F7573722F7362696E2F61706163686532002D6B007374617274
type=SYSCALL msg=audit(1768170229.994:2044): arch=c000003e syscall=42 success=yes exit=0 a0=5 a1=7ffe41338a90 a2=10 a3=0 items=0 ppid=1 pid=1451 auid=4294967295 uid=0 gid=0 euid=0 suid=0 fsuid=0 egid=0 sgid=0 fsgid=0 tty=(none) ses=4294967295 comm="apache2" exe="/usr/sbin/apache2" subj=unconfined key="T1043_Commonly_Used_Port"ARCH=x86_64 SYSCALL=connect AUID="unset" UID="root" GID="root" EUID="root" SUID="root" FSUID="root" EGID="root" SGID="root" FSGID="root"
type=SOCKADDR msg=audit(1768170229.994:2044): saddr=00000000000000000000000000000000SADDR=unknown-family(0)
type=PROCTITLE msg=audit(1768170229.994:2044): proctitle=2F7573722F7362696E2F61706163686532002D6B007374617274
type=SYSCALL msg=audit(1768170229.994:2045): arch=c000003e syscall=42 success=yes exit=0 a0=5 a1=55cdedd7f8f0 a2=10 a3=0 items=0 ppid=1 pid=1451 auid=4294967295 uid=0 gid=0 euid=0 suid=0 fsuid=0 egid=0 sgid=0 fsgid=0 tty=(none) ses=4294967295 comm="apache2" exe="/usr/sbin/apache2" subj=unconfined key="T1043_Commonly_Used_Port"ARCH=x86_64 SYSCALL=connect AUID="unset" UID="root" GID="root" EUID="root" SUID="root" FSUID="root" EGID="root" SGID="root" FSGID="root"
type=SOCKADDR msg=audit(1768170229.994:2045): saddr=02000050000000000000000000000000SADDR={ saddr_fam=inet laddr=0.0.0.0 lport=80 }
type=PROCTITLE msg=audit(1768170229.994:2045): proctitle=2F7573722F7362696E2F61706163686532002D6B007374617274
type=SYSCALL msg=audit(1768170229.994:2046): arch=c000003e syscall=42 success=yes exit=0 a0=5 a1=702df9c0b694 a2=10 a3=7ffe413365f4 items=0 ppid=1 pid=1451 auid=4294967295 uid=0 gid=0 euid=0 suid=0 fsuid=0 egid=0 sgid=0 fsgid=0 tty=(none) ses=4294967295 comm="apache2" exe="/usr/sbin/apache2" subj=unconfined key="T1043_Commonly_Used_Port"ARCH=x86_64 SYSCALL=connect AUID="unset" UID="root" GID="root" EUID="root" SUID="root" FSUID="root" EGID="root" SGID="root" FSGID="root"
type=SOCKADDR msg=audit(1768170229.994:2046): saddr=020000357F0000350000000000000000SADDR={ saddr_fam=inet laddr=127.0.0.53 lport=53 }
type=PROCTITLE msg=audit(1768170229.994:2046): proctitle=2F7573722F7362696E2F61706163686532002D6B007374617274
type=SYSCALL msg=audit(1768170230.050:2047): arch=c000003e syscall=42 success=yes exit=0 a0=5 a1=702df9c0b694 a2=10 a3=7ffe413365f4 items=0 ppid=1 pid=1451 auid=4294967295 uid=0 gid=0 euid=0 suid=0 fsuid=0 egid=0 sgid=0 fsgid=0 tty=(none) ses=4294967295 comm="apache2" exe="/usr/sbin/apache2" subj=unconfined key="T1043_Commonly_Used_Port"ARCH=x86_64 SYSCALL=connect AUID="unset" UID="root" GID="root" EUID="root" SUID="root" FSUID="root" EGID="root" SGID="root" FSGID="root"
type=SOCKADDR msg=audit(1768170230.050:2047): saddr=020000357F0000350000000000000000SADDR={ saddr_fam=inet laddr=127.0.0.53 lport=53 }
type=PROCTITLE msg=audit(1768170230.050:2047): proctitle=2F7573722F7362696E2F61706163686532002D6B007374617274
type=SYSCALL msg=audit(1768170230.050:2048): arch=c000003e syscall=42 success=yes exit=0 a0=5 a1=55cdedd7f8f0 a2=10 a3=0 items=0 ppid=1 pid=1451 auid=4294967295 uid=0 gid=0 euid=0 suid=0 fsuid=0 egid=0 sgid=0 fsgid=0 tty=(none) ses=4294967295 comm="apache2" exe="/usr/sbin/apache2" subj=unconfined key="T1043_Commonly_Used_Port"ARCH=x86_64 SYSCALL=connect AUID="unset" UID="root" GID="root" EUID="root" SUID="root" FSUID="root" EGID="root" SGID="root" FSGID="root"
type=SOCKADDR msg=audit(1768170230.050:2048): saddr=020000000A00020F0000000000000000SADDR={ saddr_fam=inet laddr=10.0.2.15 lport=0 }
type=PROCTITLE msg=audit(1768170230.050:2048): proctitle=2F7573722F7362696E2F61706163686532002D6B007374617274
type=SYSCALL msg=audit(1768170230.050:2049): arch=c000003e syscall=42 success=yes exit=0 a0=5 a1=7ffe413384e0 a2=10 a3=0 items=0 ppid=1 pid=1451 auid=4294967295 uid=0 gid=0 euid=0 suid=0 fsuid=0 egid=0 sgid=0 fsgid=0 tty=(none) ses=4294967295 comm="apache2" exe="/usr/sbin/apache2" subj=unconfined key="T1043_Commonly_Used_Port"ARCH=x86_64 SYSCALL=connect AUID="unset" UID="root" GID="root" EUID="root" SUID="root" FSUID="root" EGID="root" SGID="root" FSGID="root"
type=SOCKADDR msg=audit(1768170230.050:2049): saddr=00000000000000000000000000000000SADDR=unknown-family(0)
type=PROCTITLE msg=audit(1768170230.050:2049): proctitle=2F7573722F7362696E2F61706163686532002D6B007374617274
type=SYSCALL msg=audit(1768170230.050:2050): arch=c000003e syscall=42 success=yes exit=0 a0=5 a1=55cdedd7faa0 a2=10 a3=0 items=0 ppid=1 pid=1451 auid=4294967295 uid=0 gid=0 euid=0 suid=0 fsuid=0 egid=0 sgid=0 fsgid=0 tty=(none) ses=4294967295 comm="apache2" exe="/usr/sbin/apache2" subj=unconfined key="T1043_Commonly_Used_Port"ARCH=x86_64 SYSCALL=connect AUID="unset" UID="root" GID="root" EUID="root" SUID="root" FSUID="root" EGID="root" SGID="root" FSGID="root"
type=SOCKADDR msg=audit(1768170230.050:2050): saddr=02000000C0A8386B0000000000000000SADDR={ saddr_fam=inet laddr=192.168.56.107 lport=0 }
type=PROCTITLE msg=audit(1768170230.050:2050): proctitle=2F7573722F7362696E2F61706163686532002D6B007374617274
type=SYSCALL msg=audit(1768170230.050:2051): arch=c000003e syscall=42 success=yes exit=0 a0=5 a1=55cdedbf09f0 a2=1c a3=0 items=0 ppid=1 pid=1451 auid=4294967295 uid=0 gid=0 euid=0 suid=0 fsuid=0 egid=0 sgid=0 fsgid=0 tty=(none) ses=4294967295 comm="apache2" exe="/usr/sbin/apache2" subj=unconfined key="T1043_Commonly_Used_Port"ARCH=x86_64 SYSCALL=connect AUID="unset" UID="root" GID="root" EUID="root" SUID="root" FSUID="root" EGID="root" SGID="root" FSGID="root"
type=SOCKADDR msg=audit(1768170230.050:2051): saddr=0A00000000000000FD17625CF03700020A0027FFFE3F373900000000SADDR={ saddr_fam=inet6 laddr=fd17:625c:f037:2:a00:27ff:fe3f:3739 lport=0 }
type=PROCTITLE msg=audit(1768170230.050:2051): proctitle=2F7573722F7362696E2F61706163686532002D6B007374617274
type=SYSCALL msg=audit(1768170230.050:2052): arch=c000003e syscall=42 success=yes exit=0 a0=5 a1=7ffe413384e0 a2=10 a3=0 items=0 ppid=1 pid=1451 auid=4294967295 uid=0 gid=0 euid=0 suid=0 fsuid=0 egid=0 sgid=0 fsgid=0 tty=(none) ses=4294967295 comm="apache2" exe="/usr/sbin/apache2" subj=unconfined key="T1043_Commonly_Used_Port"ARCH=x86_64 SYSCALL=connect AUID="unset" UID="root" GID="root" EUID="root" SUID="root" FSUID="root" EGID="root" SGID="root" FSGID="root"
type=SOCKADDR msg=audit(1768170230.050:2052): saddr=00000000000000000000000000000000SADDR=unknown-family(0)
type=PROCTITLE msg=audit(1768170230.050:2052): proctitle=2F7573722F7362696E2F61706163686532002D6B007374617274
type=SYSCALL msg=audit(1768170230.050:2053): arch=c000003e syscall=42 success=no exit=-22 a0=5 a1=55cdedd60580 a2=1c a3=0 items=0 ppid=1 pid=1451 auid=4294967295 uid=0 gid=0 euid=0 suid=0 fsuid=0 egid=0 sgid=0 fsgid=0 tty=(none) ses=4294967295 comm="apache2" exe="/usr/sbin/apache2" subj=unconfined key="T1043_Commonly_Used_Port"ARCH=x86_64 SYSCALL=connect AUID="unset" UID="root" GID="root" EUID="root" SUID="root" FSUID="root" EGID="root" SGID="root" FSGID="root"
type=SOCKADDR msg=audit(1768170230.050:2053): saddr=0A00000000000000FE800000000000000A0027FFFE3F373900000000SADDR={ saddr_fam=inet6 laddr=fe80::a00:27ff:fe3f:3739 lport=0 }
type=PROCTITLE msg=audit(1768170230.050:2053): proctitle=2F7573722F7362696E2F61706163686532002D6B007374617274
type=SYSCALL msg=audit(1768170230.052:2054): arch=c000003e syscall=42 success=yes exit=0 a0=5 a1=7ffe413384e0 a2=10 a3=0 items=0 ppid=1 pid=1451 auid=4294967295 uid=0 gid=0 euid=0 suid=0 fsuid=0 egid=0 sgid=0 fsgid=0 tty=(none) ses=4294967295 comm="apache2" exe="/usr/sbin/apache2" subj=unconfined key="T1043_Commonly_Used_Port"ARCH=x86_64 SYSCALL=connect AUID="unset" UID="root" GID="root" EUID="root" SUID="root" FSUID="root" EGID="root" SGID="root" FSGID="root"
type=SOCKADDR msg=audit(1768170230.052:2054): saddr=00000000000000000000000000000000SADDR=unknown-family(0)
type=PROCTITLE msg=audit(1768170230.052:2054): proctitle=2F7573722F7362696E2F61706163686532002D6B007374617274
type=SYSCALL msg=audit(1768170230.052:2055): arch=c000003e syscall=42 success=no exit=-22 a0=5 a1=55cdedd60270 a2=1c a3=0 items=0 ppid=1 pid=1451 auid=4294967295 uid=0 gid=0 euid=0 suid=0 fsuid=0 egid=0 sgid=0 fsgid=0 tty=(none) ses=4294967295 comm="apache2" exe="/usr/sbin/apache2" subj=unconfined key="T1043_Commonly_Used_Port"ARCH=x86_64 SYSCALL=connect AUID="unset" UID="root" GID="root" EUID="root" SUID="root" FSUID="root" EGID="root" SGID="root" FSGID="root"
type=SOCKADDR msg=audit(1768170230.052:2055): saddr=0A00000000000000FE800000000000000A0027FFFE270D1D00000000SADDR={ saddr_fam=inet6 laddr=fe80::a00:27ff:fe27:d1d lport=0 }
type=PROCTITLE msg=audit(1768170230.052:2055): proctitle=2F7573722F7362696E2F61706163686532002D6B007374617274
type=SYSCALL msg=audit(1768170230.052:2056): arch=c000003e syscall=42 success=yes exit=0 a0=5 a1=702df9c0b694 a2=10 a3=7ffe41336d04 items=0 ppid=1 pid=1451 auid=4294967295 uid=0 gid=0 euid=0 suid=0 fsuid=0 egid=0 sgid=0 fsgid=0 tty=(none) ses=4294967295 comm="apache2" exe="/usr/sbin/apache2" subj=unconfined key="T1043_Commonly_Used_Port"ARCH=x86_64 SYSCALL=connect AUID="unset" UID="root" GID="root" EUID="root" SUID="root" FSUID="root" EGID="root" SGID="root" FSGID="root"
type=SOCKADDR msg=audit(1768170230.052:2056): saddr=020000357F0000350000000000000000SADDR={ saddr_fam=inet laddr=127.0.0.53 lport=53 }
type=PROCTITLE msg=audit(1768170230.052:2056): proctitle=2F7573722F7362696E2F61706163686532002D6B007374617274
type=SYSCALL msg=audit(1768170230.089:2057): arch=c000003e syscall=106 success=yes exit=0 a0=21 a1=702df99cf4a0 a2=0 a3=22 items=0 ppid=1451 pid=1506 auid=4294967295 uid=0 gid=33 euid=0 suid=0 fsuid=0 egid=33 sgid=33 fsgid=33 tty=(none) ses=4294967295 comm="apache2" exe="/usr/sbin/apache2" subj=unconfined key="T1166_Seuid_and_Setgid"ARCH=x86_64 SYSCALL=setgid AUID="unset" UID="root" GID="www-data" EUID="root" SUID="root" FSUID="root" EGID="www-data" SGID="www-data" FSGID="www-data"
type=PROCTITLE msg=audit(1768170230.089:2057): proctitle=2F7573722F7362696E2F61706163686532002D6B007374617274
type=SYSCALL msg=audit(1768170230.091:2058): arch=c000003e syscall=42 success=yes exit=0 a0=c a1=7ffe413392d0 a2=2d a3=55cdede51970 items=1 ppid=1451 pid=1506 auid=4294967295 uid=0 gid=33 euid=0 suid=0 fsuid=0 egid=33 sgid=33 fsgid=33 tty=(none) ses=4294967295 comm="apache2" exe="/usr/sbin/apache2" subj=unconfined key="T1043_Commonly_Used_Port"ARCH=x86_64 SYSCALL=connect AUID="unset" UID="root" GID="www-data" EUID="root" SUID="root" FSUID="root" EGID="www-data" SGID="www-data" FSGID="www-data"
type=SOCKADDR msg=audit(1768170230.091:2058): saddr=01002F72756E2F73797374656D642F7573657264622F696F2E73797374656D642E44796E616D69635573657200SADDR={ saddr_fam=local path=/run/systemd/userdb/io.systemd.DynamicUser }
type=PATH msg=audit(1768170230.091:2058): item=0 name="/run/systemd/userdb/io.systemd.DynamicUser" inode=437 dev=00:18 mode=0140666 ouid=0 ogid=0 rdev=00:00 nametype=NORMAL cap_fp=0 cap_fi=0 cap_fe=0 cap_fver=0 cap_frootid=0OUID="root" OGID="root"
type=PROCTITLE msg=audit(1768170230.091:2058): proctitle=2F7573722F7362696E2F61706163686532002D6B007374617274
type=SYSCALL msg=audit(1768170230.093:2059): arch=c000003e syscall=105 success=yes exit=0 a0=21 a1=55cdedcc9530 a2=55c8b13bfcf9 a3=55cdedcc9540 items=0 ppid=1451 pid=1506 auid=4294967295 uid=33 gid=33 euid=33 suid=33 fsuid=33 egid=33 sgid=33 fsgid=33 tty=(none) ses=4294967295 comm="apache2" exe="/usr/sbin/apache2" subj=unconfined key="T1166_Seuid_and_Setgid"ARCH=x86_64 SYSCALL=setuid AUID="unset" UID="www-data" GID="www-data" EUID="www-data" SUID="www-data" FSUID="www-data" EGID="www-data" SGID="www-data" FSGID="www-data"
type=PROCTITLE msg=audit(1768170230.093:2059): proctitle=2F7573722F7362696E2F61706163686532002D6B007374617274
type=SYSCALL msg=audit(1768170230.094:2060): arch=c000003e syscall=106 success=yes exit=0 a0=21 a1=702df99cf4a0 a2=0 a3=22 items=0 ppid=1451 pid=1507 auid=4294967295 uid=0 gid=33 euid=0 suid=0 fsuid=0 egid=33 sgid=33 fsgid=33 tty=(none) ses=4294967295 comm="apache2" exe="/usr/sbin/apache2" subj=unconfined key="T1166_Seuid_and_Setgid"ARCH=x86_64 SYSCALL=setgid AUID="unset" UID="root" GID="www-data" EUID="root" SUID="root" FSUID="root" EGID="www-data" SGID="www-data" FSGID="www-data"
type=PROCTITLE msg=audit(1768170230.094:2060): proctitle=2F7573722F7362696E2F61706163686532002D6B007374617274
type=SYSCALL msg=audit(1768170230.096:2061): arch=c000003e syscall=106 success=yes exit=0 a0=21 a1=702df99cf4a0 a2=0 a3=22 items=0 ppid=1451 pid=1508 auid=4294967295 uid=0 gid=33 euid=0 suid=0 fsuid=0 egid=33 sgid=33 fsgid=33 tty=(none) ses=4294967295 comm="apache2" exe="/usr/sbin/apache2" subj=unconfined key="T1166_Seuid_and_Setgid"ARCH=x86_64 SYSCALL=setgid AUID="unset" UID="root" GID="www-data" EUID="root" SUID="root" FSUID="root" EGID="www-data" SGID="www-data" FSGID="www-data"
type=PROCTITLE msg=audit(1768170230.096:2061): proctitle=2F7573722F7362696E2F61706163686532002D6B007374617274
type=SYSCALL msg=audit(1768170230.096:2062): arch=c000003e syscall=106 success=yes exit=0 a0=21 a1=702df99cf4a0 a2=0 a3=22 items=0 ppid=1451 pid=1510 auid=4294967295 uid=0 gid=33 euid=0 suid=0 fsuid=0 egid=33 sgid=33 fsgid=33 tty=(none) ses=4294967295 comm="apache2" exe="/usr/sbin/apache2" subj=unconfined key="T1166_Seuid_and_Setgid"ARCH=x86_64 SYSCALL=setgid AUID="unset" UID="root" GID="www-data" EUID="root" SUID="root" FSUID="root" EGID="www-data" SGID="www-data" FSGID="www-data"
type=PROCTITLE msg=audit(1768170230.096:2062): proctitle=2F7573722F7362696E2F61706163686532002D6B007374617274
type=SYSCALL msg=audit(1768170230.099:2063): arch=c000003e syscall=106 success=yes exit=0 a0=21 a1=702df99cf4a0 a2=0 a3=22 items=0 ppid=1451 pid=1509 auid=4294967295 uid=0 gid=33 euid=0 suid=0 fsuid=0 egid=33 sgid=33 fsgid=33 tty=(none) ses=4294967295 comm="apache2" exe="/usr/sbin/apache2" subj=unconfined key="T1166_Seuid_and_Setgid"ARCH=x86_64 SYSCALL=setgid AUID="unset" UID="root" GID="www-data" EUID="root" SUID="root" FSUID="root" EGID="www-data" SGID="www-data" FSGID="www-data"
type=PROCTITLE msg=audit(1768170230.099:2063): proctitle=2F7573722F7362696E2F61706163686532002D6B007374617274
type=SYSCALL msg=audit(1768170230.099:2064): arch=c000003e syscall=42 success=yes exit=0 a0=c a1=7ffe413392d0 a2=2d a3=55cdede51970 items=1 ppid=1451 pid=1510 auid=4294967295 uid=0 gid=33 euid=0 suid=0 fsuid=0 egid=33 sgid=33 fsgid=33 tty=(none) ses=4294967295 comm="apache2" exe="/usr/sbin/apache2" subj=unconfined key="T1043_Commonly_Used_Port"ARCH=x86_64 SYSCALL=connect AUID="unset" UID="root" GID="www-data" EUID="root" SUID="root" FSUID="root" EGID="www-data" SGID="www-data" FSGID="www-data"
type=SOCKADDR msg=audit(1768170230.099:2064): saddr=01002F72756E2F73797374656D642F7573657264622F696F2E73797374656D642E44796E616D69635573657200SADDR={ saddr_fam=local path=/run/systemd/userdb/io.systemd.DynamicUser }
type=PATH msg=audit(1768170230.099:2064): item=0 name="/run/systemd/userdb/io.systemd.DynamicUser" inode=437 dev=00:18 mode=0140666 ouid=0 ogid=0 rdev=00:00 nametype=NORMAL cap_fp=0 cap_fi=0 cap_fe=0 cap_fver=0 cap_frootid=0OUID="root" OGID="root"
type=PROCTITLE msg=audit(1768170230.099:2064): proctitle=2F7573722F7362696E2F61706163686532002D6B007374617274
type=SYSCALL msg=audit(1768170230.094:2065): arch=c000003e syscall=42 success=yes exit=0 a0=c a1=7ffe413392d0 a2=2d a3=55cdede51970 items=1 ppid=1451 pid=1507 auid=4294967295 uid=0 gid=33 euid=0 suid=0 fsuid=0 egid=33 sgid=33 fsgid=33 tty=(none) ses=4294967295 comm="apache2" exe="/usr/sbin/apache2" subj=unconfined key="T1043_Commonly_Used_Port"ARCH=x86_64 SYSCALL=connect AUID="unset" UID="root" GID="www-data" EUID="root" SUID="root" FSUID="root" EGID="www-data" SGID="www-data" FSGID="www-data"
type=SOCKADDR msg=audit(1768170230.094:2065): saddr=01002F72756E2F73797374656D642F7573657264622F696F2E73797374656D642E44796E616D69635573657200SADDR={ saddr_fam=local path=/run/systemd/userdb/io.systemd.DynamicUser }
type=PATH msg=audit(1768170230.094:2065): item=0 name="/run/systemd/userdb/io.systemd.DynamicUser" inode=437 dev=00:18 mode=0140666 ouid=0 ogid=0 rdev=00:00 nametype=NORMAL cap_fp=0 cap_fi=0 cap_fe=0 cap_fver=0 cap_frootid=0OUID="root" OGID="root"
type=PROCTITLE msg=audit(1768170230.094:2065): proctitle=2F7573722F7362696E2F61706163686532002D6B007374617274
type=SYSCALL msg=audit(1768170230.101:2066): arch=c000003e syscall=105 success=yes exit=0 a0=21 a1=55cdedcc9530 a2=55c8b13bfcf9 a3=55cdedcc9540 items=0 ppid=1451 pid=1510 auid=4294967295 uid=33 gid=33 euid=33 suid=33 fsuid=33 egid=33 sgid=33 fsgid=33 tty=(none) ses=4294967295 comm="apache2" exe="/usr/sbin/apache2" subj=unconfined key="T1166_Seuid_and_Setgid"ARCH=x86_64 SYSCALL=setuid AUID="unset" UID="www-data" GID="www-data" EUID="www-data" SUID="www-data" FSUID="www-data" EGID="www-data" SGID="www-data" FSGID="www-data"
type=PROCTITLE msg=audit(1768170230.101:2066): proctitle=2F7573722F7362696E2F61706163686532002D6B007374617274
type=SYSCALL msg=audit(1768170230.102:2067): arch=c000003e syscall=105 success=yes exit=0 a0=21 a1=55cdedcc9530 a2=55c8b13bfcf9 a3=55cdedcc9540 items=0 ppid=1451 pid=1507 auid=4294967295 uid=33 gid=33 euid=33 suid=33 fsuid=33 egid=33 sgid=33 fsgid=33 tty=(none) ses=4294967295 comm="apache2" exe="/usr/sbin/apache2" subj=unconfined key="T1166_Seuid_and_Setgid"ARCH=x86_64 SYSCALL=setuid AUID="unset" UID="www-data" GID="www-data" EUID="www-data" SUID="www-data" FSUID="www-data" EGID="www-data" SGID="www-data" FSGID="www-data"
type=PROCTITLE msg=audit(1768170230.102:2067): proctitle=2F7573722F7362696E2F61706163686532002D6B007374617274
type=SYSCALL msg=audit(1768170230.103:2068): arch=c000003e syscall=42 success=yes exit=0 a0=c a1=7ffe413392d0 a2=2d a3=55cdede51970 items=1 ppid=1451 pid=1508 auid=4294967295 uid=0 gid=33 euid=0 suid=0 fsuid=0 egid=33 sgid=33 fsgid=33 tty=(none) ses=4294967295 comm="apache2" exe="/usr/sbin/apache2" subj=unconfined key="T1043_Commonly_Used_Port"ARCH=x86_64 SYSCALL=connect AUID="unset" UID="root" GID="www-data" EUID="root" SUID="root" FSUID="root" EGID="www-data" SGID="www-data" FSGID="www-data"
type=SOCKADDR msg=audit(1768170230.103:2068): saddr=01002F72756E2F73797374656D642F7573657264622F696F2E73797374656D642E44796E616D69635573657200SADDR={ saddr_fam=local path=/run/systemd/userdb/io.systemd.DynamicUser }
type=PATH msg=audit(1768170230.103:2068): item=0 name="/run/systemd/userdb/io.systemd.DynamicUser" inode=437 dev=00:18 mode=0140666 ouid=0 ogid=0 rdev=00:00 nametype=NORMAL cap_fp=0 cap_fi=0 cap_fe=0 cap_fver=0 cap_frootid=0OUID="root" OGID="root"
type=PROCTITLE msg=audit(1768170230.103:2068): proctitle=2F7573722F7362696E2F61706163686532002D6B007374617274
type=SYSCALL msg=audit(1768170230.104:2069): arch=c000003e syscall=42 success=yes exit=0 a0=c a1=7ffe413392d0 a2=2d a3=55cdede51970 items=1 ppid=1451 pid=1509 auid=4294967295 uid=0 gid=33 euid=0 suid=0 fsuid=0 egid=33 sgid=33 fsgid=33 tty=(none) ses=4294967295 comm="apache2" exe="/usr/sbin/apache2" subj=unconfined key="T1043_Commonly_Used_Port"ARCH=x86_64 SYSCALL=connect AUID="unset" UID="root" GID="www-data" EUID="root" SUID="root" FSUID="root" EGID="www-data" SGID="www-data" FSGID="www-data"
type=SOCKADDR msg=audit(1768170230.104:2069): saddr=01002F72756E2F73797374656D642F7573657264622F696F2E73797374656D642E44796E616D69635573657200SADDR={ saddr_fam=local path=/run/systemd/userdb/io.systemd.DynamicUser }
type=PATH msg=audit(1768170230.104:2069): item=0 name="/run/systemd/userdb/io.systemd.DynamicUser" inode=437 dev=00:18 mode=0140666 ouid=0 ogid=0 rdev=00:00 nametype=NORMAL cap_fp=0 cap_fi=0 cap_fe=0 cap_fver=0 cap_frootid=0OUID="root" OGID="root"
type=PROCTITLE msg=audit(1768170230.104:2069): proctitle=2F7573722F7362696E2F61706163686532002D6B007374617274
type=SYSCALL msg=audit(1768170230.104:2070): arch=c000003e syscall=105 success=yes exit=0 a0=21 a1=55cdedcc9530 a2=55c8b13bfcf9 a3=55cdedcc9540 items=0 ppid=1451 pid=1508 auid=4294967295 uid=33 gid=33 euid=33 suid=33 fsuid=33 egid=33 sgid=33 fsgid=33 tty=(none) ses=4294967295 comm="apache2" exe="/usr/sbin/apache2" subj=unconfined key="T1166_Seuid_and_Setgid"ARCH=x86_64 SYSCALL=setuid AUID="unset" UID="www-data" GID="www-data" EUID="www-data" SUID="www-data" FSUID="www-data" EGID="www-data" SGID="www-data" FSGID="www-data"
type=PROCTITLE msg=audit(1768170230.104:2070): proctitle=2F7573722F7362696E2F61706163686532002D6B007374617274
type=SYSCALL msg=audit(1768170230.106:2071): arch=c000003e syscall=105 success=yes exit=0 a0=21 a1=55cdedcc9530 a2=55c8b13bfcf9 a3=55cdedcc9540 items=0 ppid=1451 pid=1509 auid=4294967295 uid=33 gid=33 euid=33 suid=33 fsuid=33 egid=33 sgid=33 fsgid=33 tty=(none) ses=4294967295 comm="apache2" exe="/usr/sbin/apache2" subj=unconfined key="T1166_Seuid_and_Setgid"ARCH=x86_64 SYSCALL=setuid AUID="unset" UID="www-data" GID="www-data" EUID="www-data" SUID="www-data" FSUID="www-data" EGID="www-data" SGID="www-data" FSGID="www-data"
type=PROCTITLE msg=audit(1768170230.106:2071): proctitle=2F7573722F7362696E2F61706163686532002D6B007374617274
type=SYSCALL msg=audit(1768170239.691:2072): arch=c000003e syscall=59 success=yes exit=0 a0=5a02a35fcf80 a1=5a02a35fcb10 a2=5a02a34b5cc0 a3=5a02a35fcb10 items=2 ppid=1401 pid=1511 auid=1000 uid=0 gid=0 euid=0 suid=0 fsuid=0 egid=0 sgid=0 fsgid=0 tty=pts1 ses=3 comm="curl" exe="/usr/bin/curl" subj=unconfined key="T1078_Valid_Accounts"ARCH=x86_64 SYSCALL=execve AUID="vboxuser" UID="root" GID="root" EUID="root" SUID="root" FSUID="root" EGID="root" SGID="root" FSGID="root"
type=EXECVE msg=audit(1768170239.691:2072): argc=3 a0="curl" a1="-I" a2="http://nextcloud.local"
type=PATH msg=audit(1768170239.691:2072): item=0 name="/usr/bin/curl" inode=1442342 dev=08:02 mode=0100755 ouid=0 ogid=0 rdev=00:00 nametype=NORMAL cap_fp=0 cap_fi=0 cap_fe=0 cap_fver=0 cap_frootid=0OUID="root" OGID="root"
type=PATH msg=audit(1768170239.691:2072): item=1 name="/lib64/ld-linux-x86-64.so.2" inode=1481429 dev=08:02 mode=0100755 ouid=0 ogid=0 rdev=00:00 nametype=NORMAL cap_fp=0 cap_fi=0 cap_fe=0 cap_fver=0 cap_frootid=0OUID="root" OGID="root"
type=PROCTITLE msg=audit(1768170239.691:2072): proctitle=6375726C002D4900687474703A2F2F6E657874636C6F75642E6C6F63616C
type=SYSCALL msg=audit(1768170239.723:2073): arch=c000003e syscall=42 success=no exit=-115 a0=5 a1=61e1479bd978 a2=10 a3=5 items=0 ppid=1401 pid=1511 auid=1000 uid=0 gid=0 euid=0 suid=0 fsuid=0 egid=0 sgid=0 fsgid=0 tty=pts1 ses=3 comm="curl" exe="/usr/bin/curl" subj=unconfined key="T1043_Commonly_Used_Port"ARCH=x86_64 SYSCALL=connect AUID="vboxuser" UID="root" GID="root" EUID="root" SUID="root" FSUID="root" EGID="root" SGID="root" FSGID="root"
type=SOCKADDR msg=audit(1768170239.723:2073): saddr=020000507F0000010000000000000000SADDR={ saddr_fam=inet laddr=127.0.0.1 lport=80 }
type=PROCTITLE msg=audit(1768170239.723:2073): proctitle=6375726C002D4900687474703A2F2F6E657874636C6F75642E6C6F63616C
type=SYSCALL msg=audit(1768170240.061:2074): arch=c000003e syscall=42 success=yes exit=0 a0=e a1=7ffe41335e00 a2=1d a3=1 items=1 ppid=1451 pid=1506 auid=4294967295 uid=33 gid=33 euid=33 suid=33 fsuid=33 egid=33 sgid=33 fsgid=33 tty=(none) ses=4294967295 comm="apache2" exe="/usr/sbin/apache2" subj=unconfined key="T1043_Commonly_Used_Port"ARCH=x86_64 SYSCALL=connect AUID="unset" UID="www-data" GID="www-data" EUID="www-data" SUID="www-data" FSUID="www-data" EGID="www-data" SGID="www-data" FSGID="www-data"
type=SOCKADDR msg=audit(1768170240.061:2074): saddr=01002F7661722F72756E2F6D7973716C642F6D7973716C642E736F636BSADDR={ saddr_fam=local path=/var/run/mysqld/mysqld.sock }
type=PATH msg=audit(1768170240.061:2074): item=0 name="/var/run/mysqld/mysqld.sock" inode=1345 dev=00:18 mode=0140777 ouid=111 ogid=111 rdev=00:00 nametype=NORMAL cap_fp=0 cap_fi=0 cap_fe=0 cap_fver=0 cap_frootid=0OUID="mysql" OGID="mysql"
type=PROCTITLE msg=audit(1768170240.061:2074): proctitle=2F7573722F7362696E2F61706163686532002D6B007374617274
type=SYSCALL msg=audit(1768170240.126:2075): arch=c000003e syscall=106 success=yes exit=0 a0=21 a1=702df99cf4a0 a2=0 a3=22 items=0 ppid=1451 pid=1514 auid=4294967295 uid=0 gid=33 euid=0 suid=0 fsuid=0 egid=33 sgid=33 fsgid=33 tty=(none) ses=4294967295 comm="apache2" exe="/usr/sbin/apache2" subj=unconfined key="T1166_Seuid_and_Setgid"ARCH=x86_64 SYSCALL=setgid AUID="unset" UID="root" GID="www-data" EUID="root" SUID="root" FSUID="root" EGID="www-data" SGID="www-data" FSGID="www-data"
type=PROCTITLE msg=audit(1768170240.126:2075): proctitle=2F7573722F7362696E2F61706163686532002D6B007374617274
type=SYSCALL msg=audit(1768170240.128:2076): arch=c000003e syscall=42 success=yes exit=0 a0=c a1=7ffe413392d0 a2=2d a3=55cdede51970 items=1 ppid=1451 pid=1514 auid=4294967295 uid=0 gid=33 euid=0 suid=0 fsuid=0 egid=33 sgid=33 fsgid=33 tty=(none) ses=4294967295 comm="apache2" exe="/usr/sbin/apache2" subj=unconfined key="T1043_Commonly_Used_Port"ARCH=x86_64 SYSCALL=connect AUID="unset" UID="root" GID="www-data" EUID="root" SUID="root" FSUID="root" EGID="www-data" SGID="www-data" FSGID="www-data"
type=SOCKADDR msg=audit(1768170240.128:2076): saddr=01002F72756E2F73797374656D642F7573657264622F696F2E73797374656D642E44796E616D69635573657200SADDR={ saddr_fam=local path=/run/systemd/userdb/io.systemd.DynamicUser }
type=PATH msg=audit(1768170240.128:2076): item=0 name="/run/systemd/userdb/io.systemd.DynamicUser" inode=437 dev=00:18 mode=0140666 ouid=0 ogid=0 rdev=00:00 nametype=NORMAL cap_fp=0 cap_fi=0 cap_fe=0 cap_fver=0 cap_frootid=0OUID="root" OGID="root"
type=PROCTITLE msg=audit(1768170240.128:2076): proctitle=2F7573722F7362696E2F61706163686532002D6B007374617274
type=SYSCALL msg=audit(1768170240.129:2077): arch=c000003e syscall=105 success=yes exit=0 a0=21 a1=55cdedcc9530 a2=55c8b13bfcf9 a3=55cdedcc9540 items=0 ppid=1451 pid=1514 auid=4294967295 uid=33 gid=33 euid=33 suid=33 fsuid=33 egid=33 sgid=33 fsgid=33 tty=(none) ses=4294967295 comm="apache2" exe="/usr/sbin/apache2" subj=unconfined key="T1166_Seuid_and_Setgid"ARCH=x86_64 SYSCALL=setuid AUID="unset" UID="www-data" GID="www-data" EUID="www-data" SUID="www-data" FSUID="www-data" EGID="www-data" SGID="www-data" FSGID="www-data"
type=PROCTITLE msg=audit(1768170240.129:2077): proctitle=2F7573722F7362696E2F61706163686532002D6B007374617274
type=SYSCALL msg=audit(1768170247.713:2078): arch=c000003e syscall=42 success=yes exit=0 a0=d a1=7ffe41335e00 a2=1d a3=1 items=1 ppid=1451 pid=1510 auid=4294967295 uid=33 gid=33 euid=33 suid=33 fsuid=33 egid=33 sgid=33 fsgid=33 tty=(none) ses=4294967295 comm="apache2" exe="/usr/sbin/apache2" subj=unconfined key="T1043_Commonly_Used_Port"ARCH=x86_64 SYSCALL=connect AUID="unset" UID="www-data" GID="www-data" EUID="www-data" SUID="www-data" FSUID="www-data" EGID="www-data" SGID="www-data" FSGID="www-data"
type=SOCKADDR msg=audit(1768170247.713:2078): saddr=01002F7661722F72756E2F6D7973716C642F6D7973716C642E736F636BSADDR={ saddr_fam=local path=/var/run/mysqld/mysqld.sock }
type=PATH msg=audit(1768170247.713:2078): item=0 name="/var/run/mysqld/mysqld.sock" inode=1345 dev=00:18 mode=0140777 ouid=111 ogid=111 rdev=00:00 nametype=NORMAL cap_fp=0 cap_fi=0 cap_fe=0 cap_fver=0 cap_frootid=0OUID="mysql" OGID="mysql"
type=PROCTITLE msg=audit(1768170247.713:2078): proctitle=2F7573722F7362696E2F61706163686532002D6B007374617274
type=SYSCALL msg=audit(1768170247.802:2079): arch=c000003e syscall=42 success=yes exit=0 a0=d a1=7ffe41335e00 a2=1d a3=1 items=1 ppid=1451 pid=1510 auid=4294967295 uid=33 gid=33 euid=33 suid=33 fsuid=33 egid=33 sgid=33 fsgid=33 tty=(none) ses=4294967295 comm="apache2" exe="/usr/sbin/apache2" subj=unconfined key="T1043_Commonly_Used_Port"ARCH=x86_64 SYSCALL=connect AUID="unset" UID="www-data" GID="www-data" EUID="www-data" SUID="www-data" FSUID="www-data" EGID="www-data" SGID="www-data" FSGID="www-data"
type=SOCKADDR msg=audit(1768170247.802:2079): saddr=01002F7661722F72756E2F6D7973716C642F6D7973716C642E736F636BSADDR={ saddr_fam=local path=/var/run/mysqld/mysqld.sock }
type=PATH msg=audit(1768170247.802:2079): item=0 name="/var/run/mysqld/mysqld.sock" inode=1345 dev=00:18 mode=0140777 ouid=111 ogid=111 rdev=00:00 nametype=NORMAL cap_fp=0 cap_fi=0 cap_fe=0 cap_fver=0 cap_frootid=0OUID="mysql" OGID="mysql"
type=PROCTITLE msg=audit(1768170247.802:2079): proctitle=2F7573722F7362696E2F61706163686532002D6B007374617274
type=SYSCALL msg=audit(1768170249.099:2080): arch=c000003e syscall=42 success=yes exit=0 a0=d a1=7ffe41335e00 a2=1d a3=1 items=1 ppid=1451 pid=1506 auid=4294967295 uid=33 gid=33 euid=33 suid=33 fsuid=33 egid=33 sgid=33 fsgid=33 tty=(none) ses=4294967295 comm="apache2" exe="/usr/sbin/apache2" subj=unconfined key="T1043_Commonly_Used_Port"ARCH=x86_64 SYSCALL=connect AUID="unset" UID="www-data" GID="www-data" EUID="www-data" SUID="www-data" FSUID="www-data" EGID="www-data" SGID="www-data" FSGID="www-data"
type=SOCKADDR msg=audit(1768170249.099:2080): saddr=01002F7661722F72756E2F6D7973716C642F6D7973716C642E736F636BSADDR={ saddr_fam=local path=/var/run/mysqld/mysqld.sock }
type=PATH msg=audit(1768170249.099:2080): item=0 name="/var/run/mysqld/mysqld.sock" inode=1345 dev=00:18 mode=0140777 ouid=111 ogid=111 rdev=00:00 nametype=NORMAL cap_fp=0 cap_fi=0 cap_fe=0 cap_fver=0 cap_frootid=0OUID="mysql" OGID="mysql"
type=PROCTITLE msg=audit(1768170249.099:2080): proctitle=2F7573722F7362696E2F61706163686532002D6B007374617274
type=SYSCALL msg=audit(1768170249.104:2081): arch=c000003e syscall=42 success=yes exit=0 a0=d a1=7ffe41335e00 a2=1d a3=1 items=1 ppid=1451 pid=1510 auid=4294967295 uid=33 gid=33 euid=33 suid=33 fsuid=33 egid=33 sgid=33 fsgid=33 tty=(none) ses=4294967295 comm="apache2" exe="/usr/sbin/apache2" subj=unconfined key="T1043_Commonly_Used_Port"ARCH=x86_64 SYSCALL=connect AUID="unset" UID="www-data" GID="www-data" EUID="www-data" SUID="www-data" FSUID="www-data" EGID="www-data" SGID="www-data" FSGID="www-data"
type=SOCKADDR msg=audit(1768170249.104:2081): saddr=01002F7661722F72756E2F6D7973716C642F6D7973716C642E736F636BSADDR={ saddr_fam=local path=/var/run/mysqld/mysqld.sock }
type=PATH msg=audit(1768170249.104:2081): item=0 name="/var/run/mysqld/mysqld.sock" inode=1345 dev=00:18 mode=0140777 ouid=111 ogid=111 rdev=00:00 nametype=NORMAL cap_fp=0 cap_fi=0 cap_fe=0 cap_fver=0 cap_frootid=0OUID="mysql" OGID="mysql"
type=PROCTITLE msg=audit(1768170249.104:2081): proctitle=2F7573722F7362696E2F61706163686532002D6B007374617274
type=SYSCALL msg=audit(1768170249.108:2082): arch=c000003e syscall=42 success=yes exit=0 a0=d a1=7ffe41335e00 a2=1d a3=1 items=1 ppid=1451 pid=1514 auid=4294967295 uid=33 gid=33 euid=33 suid=33 fsuid=33 egid=33 sgid=33 fsgid=33 tty=(none) ses=4294967295 comm="apache2" exe="/usr/sbin/apache2" subj=unconfined key="T1043_Commonly_Used_Port"ARCH=x86_64 SYSCALL=connect AUID="unset" UID="www-data" GID="www-data" EUID="www-data" SUID="www-data" FSUID="www-data" EGID="www-data" SGID="www-data" FSGID="www-data"
type=SOCKADDR msg=audit(1768170249.108:2082): saddr=01002F7661722F72756E2F6D7973716C642F6D7973716C642E736F636BSADDR={ saddr_fam=local path=/var/run/mysqld/mysqld.sock }
type=PATH msg=audit(1768170249.108:2082): item=0 name="/var/run/mysqld/mysqld.sock" inode=1345 dev=00:18 mode=0140777 ouid=111 ogid=111 rdev=00:00 nametype=NORMAL cap_fp=0 cap_fi=0 cap_fe=0 cap_fver=0 cap_frootid=0OUID="mysql" OGID="mysql"
type=PROCTITLE msg=audit(1768170249.108:2082): proctitle=2F7573722F7362696E2F61706163686532002D6B007374617274
type=SYSCALL msg=audit(1768170249.116:2083): arch=c000003e syscall=42 success=yes exit=0 a0=d a1=7ffe41335e00 a2=1d a3=1 items=1 ppid=1451 pid=1507 auid=4294967295 uid=33 gid=33 euid=33 suid=33 fsuid=33 egid=33 sgid=33 fsgid=33 tty=(none) ses=4294967295 comm="apache2" exe="/usr/sbin/apache2" subj=unconfined key="T1043_Commonly_Used_Port"ARCH=x86_64 SYSCALL=connect AUID="unset" UID="www-data" GID="www-data" EUID="www-data" SUID="www-data" FSUID="www-data" EGID="www-data" SGID="www-data" FSGID="www-data"
type=SOCKADDR msg=audit(1768170249.116:2083): saddr=01002F7661722F72756E2F6D7973716C642F6D7973716C642E736F636BSADDR={ saddr_fam=local path=/var/run/mysqld/mysqld.sock }
type=PATH msg=audit(1768170249.116:2083): item=0 name="/var/run/mysqld/mysqld.sock" inode=1345 dev=00:18 mode=0140777 ouid=111 ogid=111 rdev=00:00 nametype=NORMAL cap_fp=0 cap_fi=0 cap_fe=0 cap_fver=0 cap_frootid=0OUID="mysql" OGID="mysql"
type=SYSCALL msg=audit(1768170249.120:2084): arch=c000003e syscall=42 success=yes exit=0 a0=d a1=7ffe41335e00 a2=1d a3=1 items=1 ppid=1451 pid=1509 auid=4294967295 uid=33 gid=33 euid=33 suid=33 fsuid=33 egid=33 sgid=33 fsgid=33 tty=(none) ses=4294967295 comm="apache2" exe="/usr/sbin/apache2" subj=unconfined key="T1043_Commonly_Used_Port"ARCH=x86_64 SYSCALL=connect AUID="unset" UID="www-data" GID="www-data" EUID="www-data" SUID="www-data" FSUID="www-data" EGID="www-data" SGID="www-data" FSGID="www-data"
type=SOCKADDR msg=audit(1768170249.120:2084): saddr=01002F7661722F72756E2F6D7973716C642F6D7973716C642E736F636BSADDR={ saddr_fam=local path=/var/run/mysqld/mysqld.sock }
type=PATH msg=audit(1768170249.120:2084): item=0 name="/var/run/mysqld/mysqld.sock" inode=1345 dev=00:18 mode=0140777 ouid=111 ogid=111 rdev=00:00 nametype=NORMAL cap_fp=0 cap_fi=0 cap_fe=0 cap_fver=0 cap_frootid=0OUID="mysql" OGID="mysql"
type=PROCTITLE msg=audit(1768170249.120:2084): proctitle=2F7573722F7362696E2F61706163686532002D6B007374617274
type=PROCTITLE msg=audit(1768170249.116:2083): proctitle=2F7573722F7362696E2F61706163686532002D6B007374617274
type=SYSCALL msg=audit(1768170249.134:2085): arch=c000003e syscall=42 success=yes exit=0 a0=d a1=7ffe41335e00 a2=1d a3=1 items=1 ppid=1451 pid=1508 auid=4294967295 uid=33 gid=33 euid=33 suid=33 fsuid=33 egid=33 sgid=33 fsgid=33 tty=(none) ses=4294967295 comm="apache2" exe="/usr/sbin/apache2" subj=unconfined key="T1043_Commonly_Used_Port"ARCH=x86_64 SYSCALL=connect AUID="unset" UID="www-data" GID="www-data" EUID="www-data" SUID="www-data" FSUID="www-data" EGID="www-data" SGID="www-data" FSGID="www-data"
type=SOCKADDR msg=audit(1768170249.134:2085): saddr=01002F7661722F72756E2F6D7973716C642F6D7973716C642E736F636BSADDR={ saddr_fam=local path=/var/run/mysqld/mysqld.sock }
type=PATH msg=audit(1768170249.134:2085): item=0 name="/var/run/mysqld/mysqld.sock" inode=1345 dev=00:18 mode=0140777 ouid=111 ogid=111 rdev=00:00 nametype=NORMAL cap_fp=0 cap_fi=0 cap_fe=0 cap_fver=0 cap_frootid=0OUID="mysql" OGID="mysql"
type=PROCTITLE msg=audit(1768170249.134:2085): proctitle=2F7573722F7362696E2F61706163686532002D6B007374617274
type=SYSCALL msg=audit(1768170249.200:2086): arch=c000003e syscall=106 success=yes exit=0 a0=21 a1=702df99cf4a0 a2=0 a3=22 items=0 ppid=1451 pid=1520 auid=4294967295 uid=0 gid=33 euid=0 suid=0 fsuid=0 egid=33 sgid=33 fsgid=33 tty=(none) ses=4294967295 comm="apache2" exe="/usr/sbin/apache2" subj=unconfined key="T1166_Seuid_and_Setgid"ARCH=x86_64 SYSCALL=setgid AUID="unset" UID="root" GID="www-data" EUID="root" SUID="root" FSUID="root" EGID="www-data" SGID="www-data" FSGID="www-data"
type=PROCTITLE msg=audit(1768170249.200:2086): proctitle=2F7573722F7362696E2F61706163686532002D6B007374617274
type=SYSCALL msg=audit(1768170249.200:2087): arch=c000003e syscall=42 success=yes exit=0 a0=c a1=7ffe413392d0 a2=2d a3=55cdede51970 items=1 ppid=1451 pid=1520 auid=4294967295 uid=0 gid=33 euid=0 suid=0 fsuid=0 egid=33 sgid=33 fsgid=33 tty=(none) ses=4294967295 comm="apache2" exe="/usr/sbin/apache2" subj=unconfined key="T1043_Commonly_Used_Port"ARCH=x86_64 SYSCALL=connect AUID="unset" UID="root" GID="www-data" EUID="root" SUID="root" FSUID="root" EGID="www-data" SGID="www-data" FSGID="www-data"
type=SOCKADDR msg=audit(1768170249.200:2087): saddr=01002F72756E2F73797374656D642F7573657264622F696F2E73797374656D642E44796E616D69635573657200SADDR={ saddr_fam=local path=/run/systemd/userdb/io.systemd.DynamicUser }
type=PATH msg=audit(1768170249.200:2087): item=0 name="/run/systemd/userdb/io.systemd.DynamicUser" inode=437 dev=00:18 mode=0140666 ouid=0 ogid=0 rdev=00:00 nametype=NORMAL cap_fp=0 cap_fi=0 cap_fe=0 cap_fver=0 cap_frootid=0OUID="root" OGID="root"
type=PROCTITLE msg=audit(1768170249.200:2087): proctitle=2F7573722F7362696E2F61706163686532002D6B007374617274
type=SYSCALL msg=audit(1768170249.238:2088): arch=c000003e syscall=105 success=yes exit=0 a0=21 a1=55cdedcc9530 a2=55c8b13bfcf9 a3=55cdedcc9540 items=0 ppid=1451 pid=1520 auid=4294967295 uid=33 gid=33 euid=33 suid=33 fsuid=33 egid=33 sgid=33 fsgid=33 tty=(none) ses=4294967295 comm="apache2" exe="/usr/sbin/apache2" subj=unconfined key="T1166_Seuid_and_Setgid"ARCH=x86_64 SYSCALL=setuid AUID="unset" UID="www-data" GID="www-data" EUID="www-data" SUID="www-data" FSUID="www-data" EGID="www-data" SGID="www-data" FSGID="www-data"
type=PROCTITLE msg=audit(1768170249.238:2088): proctitle=2F7573722F7362696E2F61706163686532002D6B007374617274
type=SYSCALL msg=audit(1768170249.332:2089): arch=c000003e syscall=42 success=yes exit=0 a0=d a1=7ffe41335e00 a2=1d a3=1 items=1 ppid=1451 pid=1506 auid=4294967295 uid=33 gid=33 euid=33 suid=33 fsuid=33 egid=33 sgid=33 fsgid=33 tty=(none) ses=4294967295 comm="apache2" exe="/usr/sbin/apache2" subj=unconfined key="T1043_Commonly_Used_Port"ARCH=x86_64 SYSCALL=connect AUID="unset" UID="www-data" GID="www-data" EUID="www-data" SUID="www-data" FSUID="www-data" EGID="www-data" SGID="www-data" FSGID="www-data"
type=SOCKADDR msg=audit(1768170249.332:2089): saddr=01002F7661722F72756E2F6D7973716C642F6D7973716C642E736F636BSADDR={ saddr_fam=local path=/var/run/mysqld/mysqld.sock }
type=PATH msg=audit(1768170249.332:2089): item=0 name="/var/run/mysqld/mysqld.sock" inode=1345 dev=00:18 mode=0140777 ouid=111 ogid=111 rdev=00:00 nametype=NORMAL cap_fp=0 cap_fi=0 cap_fe=0 cap_fver=0 cap_frootid=0OUID="mysql" OGID="mysql"
type=PROCTITLE msg=audit(1768170249.332:2089): proctitle=2F7573722F7362696E2F61706163686532002D6B007374617274
type=SYSCALL msg=audit(1768170249.381:2090): arch=c000003e syscall=42 success=yes exit=0 a0=d a1=7ffe41335e00 a2=1d a3=1 items=1 ppid=1451 pid=1508 auid=4294967295 uid=33 gid=33 euid=33 suid=33 fsuid=33 egid=33 sgid=33 fsgid=33 tty=(none) ses=4294967295 comm="apache2" exe="/usr/sbin/apache2" subj=unconfined key="T1043_Commonly_Used_Port"ARCH=x86_64 SYSCALL=connect AUID="unset" UID="www-data" GID="www-data" EUID="www-data" SUID="www-data" FSUID="www-data" EGID="www-data" SGID="www-data" FSGID="www-data"
type=SOCKADDR msg=audit(1768170249.381:2090): saddr=01002F7661722F72756E2F6D7973716C642F6D7973716C642E736F636BSADDR={ saddr_fam=local path=/var/run/mysqld/mysqld.sock }
type=PATH msg=audit(1768170249.381:2090): item=0 name="/var/run/mysqld/mysqld.sock" inode=1345 dev=00:18 mode=0140777 ouid=111 ogid=111 rdev=00:00 nametype=NORMAL cap_fp=0 cap_fi=0 cap_fe=0 cap_fver=0 cap_frootid=0OUID="mysql" OGID="mysql"
type=PROCTITLE msg=audit(1768170249.381:2090): proctitle=2F7573722F7362696E2F61706163686532002D6B007374617274
type=SYSCALL msg=audit(1768170249.378:2091): arch=c000003e syscall=42 success=yes exit=0 a0=d a1=7ffe41335e00 a2=1d a3=1 items=1 ppid=1451 pid=1509 auid=4294967295 uid=33 gid=33 euid=33 suid=33 fsuid=33 egid=33 sgid=33 fsgid=33 tty=(none) ses=4294967295 comm="apache2" exe="/usr/sbin/apache2" subj=unconfined key="T1043_Commonly_Used_Port"ARCH=x86_64 SYSCALL=connect AUID="unset" UID="www-data" GID="www-data" EUID="www-data" SUID="www-data" FSUID="www-data" EGID="www-data" SGID="www-data" FSGID="www-data"
type=SOCKADDR msg=audit(1768170249.378:2091): saddr=01002F7661722F72756E2F6D7973716C642F6D7973716C642E736F636BSADDR={ saddr_fam=local path=/var/run/mysqld/mysqld.sock }
type=PATH msg=audit(1768170249.378:2091): item=0 name="/var/run/mysqld/mysqld.sock" inode=1345 dev=00:18 mode=0140777 ouid=111 ogid=111 rdev=00:00 nametype=NORMAL cap_fp=0 cap_fi=0 cap_fe=0 cap_fver=0 cap_frootid=0OUID="mysql" OGID="mysql"
type=PROCTITLE msg=audit(1768170249.378:2091): proctitle=2F7573722F7362696E2F61706163686532002D6B007374617274
type=SYSCALL msg=audit(1768170249.428:2092): arch=c000003e syscall=42 success=yes exit=0 a0=d a1=7ffe41335e00 a2=1d a3=1 items=1 ppid=1451 pid=1507 auid=4294967295 uid=33 gid=33 euid=33 suid=33 fsuid=33 egid=33 sgid=33 fsgid=33 tty=(none) ses=4294967295 comm="apache2" exe="/usr/sbin/apache2" subj=unconfined key="T1043_Commonly_Used_Port"ARCH=x86_64 SYSCALL=connect AUID="unset" UID="www-data" GID="www-data" EUID="www-data" SUID="www-data" FSUID="www-data" EGID="www-data" SGID="www-data" FSGID="www-data"
type=SOCKADDR msg=audit(1768170249.428:2092): saddr=01002F7661722F72756E2F6D7973716C642F6D7973716C642E736F636BSADDR={ saddr_fam=local path=/var/run/mysqld/mysqld.sock }
type=PATH msg=audit(1768170249.428:2092): item=0 name="/var/run/mysqld/mysqld.sock" inode=1345 dev=00:18 mode=0140777 ouid=111 ogid=111 rdev=00:00 nametype=NORMAL cap_fp=0 cap_fi=0 cap_fe=0 cap_fver=0 cap_frootid=0OUID="mysql" OGID="mysql"
type=PROCTITLE msg=audit(1768170249.428:2092): proctitle=2F7573722F7362696E2F61706163686532002D6B007374617274
type=SYSCALL msg=audit(1768170250.146:2093): arch=c000003e syscall=42 success=yes exit=0 a0=d a1=7ffe41335e00 a2=1d a3=1 items=1 ppid=1451 pid=1510 auid=4294967295 uid=33 gid=33 euid=33 suid=33 fsuid=33 egid=33 sgid=33 fsgid=33 tty=(none) ses=4294967295 comm="apache2" exe="/usr/sbin/apache2" subj=unconfined key="T1043_Commonly_Used_Port"ARCH=x86_64 SYSCALL=connect AUID="unset" UID="www-data" GID="www-data" EUID="www-data" SUID="www-data" FSUID="www-data" EGID="www-data" SGID="www-data" FSGID="www-data"
type=SOCKADDR msg=audit(1768170250.146:2093): saddr=01002F7661722F72756E2F6D7973716C642F6D7973716C642E736F636BSADDR={ saddr_fam=local path=/var/run/mysqld/mysqld.sock }
type=PATH msg=audit(1768170250.146:2093): item=0 name="/var/run/mysqld/mysqld.sock" inode=1345 dev=00:18 mode=0140777 ouid=111 ogid=111 rdev=00:00 nametype=NORMAL cap_fp=0 cap_fi=0 cap_fe=0 cap_fver=0 cap_frootid=0OUID="mysql" OGID="mysql"
type=PROCTITLE msg=audit(1768170250.146:2093): proctitle=2F7573722F7362696E2F61706163686532002D6B007374617274
type=SYSCALL msg=audit(1768170250.204:2094): arch=c000003e syscall=106 success=yes exit=0 a0=21 a1=702df99cf4a0 a2=0 a3=22 items=0 ppid=1451 pid=1521 auid=4294967295 uid=0 gid=33 euid=0 suid=0 fsuid=0 egid=33 sgid=33 fsgid=33 tty=(none) ses=4294967295 comm="apache2" exe="/usr/sbin/apache2" subj=unconfined key="T1166_Seuid_and_Setgid"ARCH=x86_64 SYSCALL=setgid AUID="unset" UID="root" GID="www-data" EUID="root" SUID="root" FSUID="root" EGID="www-data" SGID="www-data" FSGID="www-data"
type=PROCTITLE msg=audit(1768170250.204:2094): proctitle=2F7573722F7362696E2F61706163686532002D6B007374617274
type=SYSCALL msg=audit(1768170250.207:2095): arch=c000003e syscall=42 success=yes exit=0 a0=c a1=7ffe413392d0 a2=2d a3=55cdede51970 items=1 ppid=1451 pid=1521 auid=4294967295 uid=0 gid=33 euid=0 suid=0 fsuid=0 egid=33 sgid=33 fsgid=33 tty=(none) ses=4294967295 comm="apache2" exe="/usr/sbin/apache2" subj=unconfined key="T1043_Commonly_Used_Port"ARCH=x86_64 SYSCALL=connect AUID="unset" UID="root" GID="www-data" EUID="root" SUID="root" FSUID="root" EGID="www-data" SGID="www-data" FSGID="www-data"
type=SOCKADDR msg=audit(1768170250.207:2095): saddr=01002F72756E2F73797374656D642F7573657264622F696F2E73797374656D642E44796E616D69635573657200SADDR={ saddr_fam=local path=/run/systemd/userdb/io.systemd.DynamicUser }
type=PATH msg=audit(1768170250.207:2095): item=0 name="/run/systemd/userdb/io.systemd.DynamicUser" inode=437 dev=00:18 mode=0140666 ouid=0 ogid=0 rdev=00:00 nametype=NORMAL cap_fp=0 cap_fi=0 cap_fe=0 cap_fver=0 cap_frootid=0OUID="root" OGID="root"
type=PROCTITLE msg=audit(1768170250.207:2095): proctitle=2F7573722F7362696E2F61706163686532002D6B007374617274
type=SYSCALL msg=audit(1768170250.210:2096): arch=c000003e syscall=105 success=yes exit=0 a0=21 a1=55cdedcc9530 a2=55c8b13bfcf9 a3=55cdedcc9540 items=0 ppid=1451 pid=1521 auid=4294967295 uid=33 gid=33 euid=33 suid=33 fsuid=33 egid=33 sgid=33 fsgid=33 tty=(none) ses=4294967295 comm="apache2" exe="/usr/sbin/apache2" subj=unconfined key="T1166_Seuid_and_Setgid"ARCH=x86_64 SYSCALL=setuid AUID="unset" UID="www-data" GID="www-data" EUID="www-data" SUID="www-data" FSUID="www-data" EGID="www-data" SGID="www-data" FSGID="www-data"
type=PROCTITLE msg=audit(1768170250.210:2096): proctitle=2F7573722F7362696E2F61706163686532002D6B007374617274
type=SYSCALL msg=audit(1768170251.207:2097): arch=c000003e syscall=106 success=yes exit=0 a0=21 a1=702df99cf4a0 a2=0 a3=22 items=0 ppid=1451 pid=1522 auid=4294967295 uid=0 gid=33 euid=0 suid=0 fsuid=0 egid=33 sgid=33 fsgid=33 tty=(none) ses=4294967295 comm="apache2" exe="/usr/sbin/apache2" subj=unconfined key="T1166_Seuid_and_Setgid"ARCH=x86_64 SYSCALL=setgid AUID="unset" UID="root" GID="www-data" EUID="root" SUID="root" FSUID="root" EGID="www-data" SGID="www-data" FSGID="www-data"
type=PROCTITLE msg=audit(1768170251.207:2097): proctitle=2F7573722F7362696E2F61706163686532002D6B007374617274
type=SYSCALL msg=audit(1768170251.207:2098): arch=c000003e syscall=42 success=yes exit=0 a0=c a1=7ffe413392d0 a2=2d a3=55cdede51970 items=1 ppid=1451 pid=1522 auid=4294967295 uid=0 gid=33 euid=0 suid=0 fsuid=0 egid=33 sgid=33 fsgid=33 tty=(none) ses=4294967295 comm="apache2" exe="/usr/sbin/apache2" subj=unconfined key="T1043_Commonly_Used_Port"ARCH=x86_64 SYSCALL=connect AUID="unset" UID="root" GID="www-data" EUID="root" SUID="root" FSUID="root" EGID="www-data" SGID="www-data" FSGID="www-data"
type=SOCKADDR msg=audit(1768170251.207:2098): saddr=01002F72756E2F73797374656D642F7573657264622F696F2E73797374656D642E44796E616D69635573657200SADDR={ saddr_fam=local path=/run/systemd/userdb/io.systemd.DynamicUser }
type=PATH msg=audit(1768170251.207:2098): item=0 name="/run/systemd/userdb/io.systemd.DynamicUser" inode=437 dev=00:18 mode=0140666 ouid=0 ogid=0 rdev=00:00 nametype=NORMAL cap_fp=0 cap_fi=0 cap_fe=0 cap_fver=0 cap_frootid=0OUID="root" OGID="root"
type=PROCTITLE msg=audit(1768170251.207:2098): proctitle=2F7573722F7362696E2F61706163686532002D6B007374617274
type=SYSCALL msg=audit(1768170251.211:2099): arch=c000003e syscall=105 success=yes exit=0 a0=21 a1=55cdedcc9530 a2=55c8b13bfcf9 a3=55cdedcc9540 items=0 ppid=1451 pid=1522 auid=4294967295 uid=33 gid=33 euid=33 suid=33 fsuid=33 egid=33 sgid=33 fsgid=33 tty=(none) ses=4294967295 comm="apache2" exe="/usr/sbin/apache2" subj=unconfined key="T1166_Seuid_and_Setgid"ARCH=x86_64 SYSCALL=setuid AUID="unset" UID="www-data" GID="www-data" EUID="www-data" SUID="www-data" FSUID="www-data" EGID="www-data" SGID="www-data" FSGID="www-data"
type=PROCTITLE msg=audit(1768170251.211:2099): proctitle=2F7573722F7362696E2F61706163686532002D6B007374617274
type=SYSCALL msg=audit(1768170252.210:2100): arch=c000003e syscall=106 success=yes exit=0 a0=21 a1=702df99cf4a0 a2=0 a3=22 items=0 ppid=1451 pid=1523 auid=4294967295 uid=0 gid=33 euid=0 suid=0 fsuid=0 egid=33 sgid=33 fsgid=33 tty=(none) ses=4294967295 comm="apache2" exe="/usr/sbin/apache2" subj=unconfined key="T1166_Seuid_and_Setgid"ARCH=x86_64 SYSCALL=setgid AUID="unset" UID="root" GID="www-data" EUID="root" SUID="root" FSUID="root" EGID="www-data" SGID="www-data" FSGID="www-data"
type=PROCTITLE msg=audit(1768170252.210:2100): proctitle=2F7573722F7362696E2F61706163686532002D6B007374617274
type=SYSCALL msg=audit(1768170252.210:2101): arch=c000003e syscall=42 success=yes exit=0 a0=c a1=7ffe413392d0 a2=2d a3=55cdede51970 items=1 ppid=1451 pid=1523 auid=4294967295 uid=0 gid=33 euid=0 suid=0 fsuid=0 egid=33 sgid=33 fsgid=33 tty=(none) ses=4294967295 comm="apache2" exe="/usr/sbin/apache2" subj=unconfined key="T1043_Commonly_Used_Port"ARCH=x86_64 SYSCALL=connect AUID="unset" UID="root" GID="www-data" EUID="root" SUID="root" FSUID="root" EGID="www-data" SGID="www-data" FSGID="www-data"
type=SOCKADDR msg=audit(1768170252.210:2101): saddr=01002F72756E2F73797374656D642F7573657264622F696F2E73797374656D642E44796E616D69635573657200SADDR={ saddr_fam=local path=/run/systemd/userdb/io.systemd.DynamicUser }
type=PATH msg=audit(1768170252.210:2101): item=0 name="/run/systemd/userdb/io.systemd.DynamicUser" inode=437 dev=00:18 mode=0140666 ouid=0 ogid=0 rdev=00:00 nametype=NORMAL cap_fp=0 cap_fi=0 cap_fe=0 cap_fver=0 cap_frootid=0OUID="root" OGID="root"
type=PROCTITLE msg=audit(1768170252.210:2101): proctitle=2F7573722F7362696E2F61706163686532002D6B007374617274
type=SYSCALL msg=audit(1768170252.216:2102): arch=c000003e syscall=105 success=yes exit=0 a0=21 a1=55cdedcc9530 a2=55c8b13bfcf9 a3=55cdedcc9540 items=0 ppid=1451 pid=1523 auid=4294967295 uid=33 gid=33 euid=33 suid=33 fsuid=33 egid=33 sgid=33 fsgid=33 tty=(none) ses=4294967295 comm="apache2" exe="/usr/sbin/apache2" subj=unconfined key="T1166_Seuid_and_Setgid"ARCH=x86_64 SYSCALL=setuid AUID="unset" UID="www-data" GID="www-data" EUID="www-data" SUID="www-data" FSUID="www-data" EGID="www-data" SGID="www-data" FSGID="www-data"
type=PROCTITLE msg=audit(1768170252.216:2102): proctitle=2F7573722F7362696E2F61706163686532002D6B007374617274
type=SYSCALL msg=audit(1768170252.616:2103): arch=c000003e syscall=42 success=yes exit=0 a0=d a1=7ffe41335e00 a2=1d a3=1 items=1 ppid=1451 pid=1510 auid=4294967295 uid=33 gid=33 euid=33 suid=33 fsuid=33 egid=33 sgid=33 fsgid=33 tty=(none) ses=4294967295 comm="apache2" exe="/usr/sbin/apache2" subj=unconfined key="T1043_Commonly_Used_Port"ARCH=x86_64 SYSCALL=connect AUID="unset" UID="www-data" GID="www-data" EUID="www-data" SUID="www-data" FSUID="www-data" EGID="www-data" SGID="www-data" FSGID="www-data"
type=SOCKADDR msg=audit(1768170252.616:2103): saddr=01002F7661722F72756E2F6D7973716C642F6D7973716C642E736F636BSADDR={ saddr_fam=local path=/var/run/mysqld/mysqld.sock }
type=PATH msg=audit(1768170252.616:2103): item=0 name="/var/run/mysqld/mysqld.sock" inode=1345 dev=00:18 mode=0140777 ouid=111 ogid=111 rdev=00:00 nametype=NORMAL cap_fp=0 cap_fi=0 cap_fe=0 cap_fver=0 cap_frootid=0OUID="mysql" OGID="mysql"
type=PROCTITLE msg=audit(1768170252.616:2103): proctitle=2F7573722F7362696E2F61706163686532002D6B007374617274
type=SYSCALL msg=audit(1768170253.216:2104): arch=c000003e syscall=106 success=yes exit=0 a0=21 a1=702df99cf4a0 a2=0 a3=22 items=0 ppid=1451 pid=1524 auid=4294967295 uid=0 gid=33 euid=0 suid=0 fsuid=0 egid=33 sgid=33 fsgid=33 tty=(none) ses=4294967295 comm="apache2" exe="/usr/sbin/apache2" subj=unconfined key="T1166_Seuid_and_Setgid"ARCH=x86_64 SYSCALL=setgid AUID="unset" UID="root" GID="www-data" EUID="root" SUID="root" FSUID="root" EGID="www-data" SGID="www-data" FSGID="www-data"
type=PROCTITLE msg=audit(1768170253.216:2104): proctitle=2F7573722F7362696E2F61706163686532002D6B007374617274
type=SYSCALL msg=audit(1768170253.219:2105): arch=c000003e syscall=42 success=yes exit=0 a0=c a1=7ffe413392d0 a2=2d a3=55cdede51970 items=1 ppid=1451 pid=1524 auid=4294967295 uid=0 gid=33 euid=0 suid=0 fsuid=0 egid=33 sgid=33 fsgid=33 tty=(none) ses=4294967295 comm="apache2" exe="/usr/sbin/apache2" subj=unconfined key="T1043_Commonly_Used_Port"ARCH=x86_64 SYSCALL=connect AUID="unset" UID="root" GID="www-data" EUID="root" SUID="root" FSUID="root" EGID="www-data" SGID="www-data" FSGID="www-data"
type=SOCKADDR msg=audit(1768170253.219:2105): saddr=01002F72756E2F73797374656D642F7573657264622F696F2E73797374656D642E44796E616D69635573657200SADDR={ saddr_fam=local path=/run/systemd/userdb/io.systemd.DynamicUser }
type=PATH msg=audit(1768170253.219:2105): item=0 name="/run/systemd/userdb/io.systemd.DynamicUser" inode=437 dev=00:18 mode=0140666 ouid=0 ogid=0 rdev=00:00 nametype=NORMAL cap_fp=0 cap_fi=0 cap_fe=0 cap_fver=0 cap_frootid=0OUID="root" OGID="root"
type=PROCTITLE msg=audit(1768170253.219:2105): proctitle=2F7573722F7362696E2F61706163686532002D6B007374617274
type=SYSCALL msg=audit(1768170253.221:2106): arch=c000003e syscall=105 success=yes exit=0 a0=21 a1=55cdedcc9530 a2=55c8b13bfcf9 a3=55cdedcc9540 items=0 ppid=1451 pid=1524 auid=4294967295 uid=33 gid=33 euid=33 suid=33 fsuid=33 egid=33 sgid=33 fsgid=33 tty=(none) ses=4294967295 comm="apache2" exe="/usr/sbin/apache2" subj=unconfined key="T1166_Seuid_and_Setgid"ARCH=x86_64 SYSCALL=setuid AUID="unset" UID="www-data" GID="www-data" EUID="www-data" SUID="www-data" FSUID="www-data" EGID="www-data" SGID="www-data" FSGID="www-data"
type=PROCTITLE msg=audit(1768170253.221:2106): proctitle=2F7573722F7362696E2F61706163686532002D6B007374617274
type=SYSCALL msg=audit(1768170254.958:2107): arch=c000003e syscall=42 success=yes exit=0 a0=d a1=7ffe41335e00 a2=1d a3=1 items=1 ppid=1451 pid=1510 auid=4294967295 uid=33 gid=33 euid=33 suid=33 fsuid=33 egid=33 sgid=33 fsgid=33 tty=(none) ses=4294967295 comm="apache2" exe="/usr/sbin/apache2" subj=unconfined key="T1043_Commonly_Used_Port"ARCH=x86_64 SYSCALL=connect AUID="unset" UID="www-data" GID="www-data" EUID="www-data" SUID="www-data" FSUID="www-data" EGID="www-data" SGID="www-data" FSGID="www-data"
type=SOCKADDR msg=audit(1768170254.958:2107): saddr=01002F7661722F72756E2F6D7973716C642F6D7973716C642E736F636BSADDR={ saddr_fam=local path=/var/run/mysqld/mysqld.sock }
type=PATH msg=audit(1768170254.958:2107): item=0 name="/var/run/mysqld/mysqld.sock" inode=1345 dev=00:18 mode=0140777 ouid=111 ogid=111 rdev=00:00 nametype=NORMAL cap_fp=0 cap_fi=0 cap_fe=0 cap_fver=0 cap_frootid=0OUID="mysql" OGID="mysql"
type=PROCTITLE msg=audit(1768170254.958:2107): proctitle=2F7573722F7362696E2F61706163686532002D6B007374617274
type=SYSCALL msg=audit(1768170255.363:2108): arch=c000003e syscall=42 success=yes exit=0 a0=d a1=7ffe41335e00 a2=1d a3=1 items=1 ppid=1451 pid=1510 auid=4294967295 uid=33 gid=33 euid=33 suid=33 fsuid=33 egid=33 sgid=33 fsgid=33 tty=(none) ses=4294967295 comm="apache2" exe="/usr/sbin/apache2" subj=unconfined key="T1043_Commonly_Used_Port"ARCH=x86_64 SYSCALL=connect AUID="unset" UID="www-data" GID="www-data" EUID="www-data" SUID="www-data" FSUID="www-data" EGID="www-data" SGID="www-data" FSGID="www-data"
type=SOCKADDR msg=audit(1768170255.363:2108): saddr=01002F7661722F72756E2F6D7973716C642F6D7973716C642E736F636BSADDR={ saddr_fam=local path=/var/run/mysqld/mysqld.sock }
type=PATH msg=audit(1768170255.363:2108): item=0 name="/var/run/mysqld/mysqld.sock" inode=1345 dev=00:18 mode=0140777 ouid=111 ogid=111 rdev=00:00 nametype=NORMAL cap_fp=0 cap_fi=0 cap_fe=0 cap_fver=0 cap_frootid=0OUID="mysql" OGID="mysql"
type=PROCTITLE msg=audit(1768170255.363:2108): proctitle=2F7573722F7362696E2F61706163686532002D6B007374617274
type=SYSCALL msg=audit(1768170255.378:2109): arch=c000003e syscall=42 success=yes exit=0 a0=d a1=7ffe41335e00 a2=1d a3=1 items=1 ppid=1451 pid=1520 auid=4294967295 uid=33 gid=33 euid=33 suid=33 fsuid=33 egid=33 sgid=33 fsgid=33 tty=(none) ses=4294967295 comm="apache2" exe="/usr/sbin/apache2" subj=unconfined key="T1043_Commonly_Used_Port"ARCH=x86_64 SYSCALL=connect AUID="unset" UID="www-data" GID="www-data" EUID="www-data" SUID="www-data" FSUID="www-data" EGID="www-data" SGID="www-data" FSGID="www-data"
type=SYSCALL msg=audit(1768170255.388:2110): arch=c000003e syscall=42 success=yes exit=0 a0=d a1=7ffe41335e00 a2=1d a3=1 items=1 ppid=1451 pid=1521 auid=4294967295 uid=33 gid=33 euid=33 suid=33 fsuid=33 egid=33 sgid=33 fsgid=33 tty=(none) ses=4294967295 comm="apache2" exe="/usr/sbin/apache2" subj=unconfined key="T1043_Commonly_Used_Port"ARCH=x86_64 SYSCALL=connect AUID="unset" UID="www-data" GID="www-data" EUID="www-data" SUID="www-data" FSUID="www-data" EGID="www-data" SGID="www-data" FSGID="www-data"
type=SYSCALL msg=audit(1768170255.368:2111): arch=c000003e syscall=42 success=yes exit=0 a0=d a1=7ffe41335e00 a2=1d a3=1 items=1 ppid=1451 pid=1522 auid=4294967295 uid=33 gid=33 euid=33 suid=33 fsuid=33 egid=33 sgid=33 fsgid=33 tty=(none) ses=4294967295 comm="apache2" exe="/usr/sbin/apache2" subj=unconfined key="T1043_Commonly_Used_Port"ARCH=x86_64 SYSCALL=connect AUID="unset" UID="www-data" GID="www-data" EUID="www-data" SUID="www-data" FSUID="www-data" EGID="www-data" SGID="www-data" FSGID="www-data"
type=SOCKADDR msg=audit(1768170255.368:2111): saddr=01002F7661722F72756E2F6D7973716C642F6D7973716C642E736F636BSADDR={ saddr_fam=local path=/var/run/mysqld/mysqld.sock }
type=PATH msg=audit(1768170255.368:2111): item=0 name="/var/run/mysqld/mysqld.sock" inode=1345 dev=00:18 mode=0140777 ouid=111 ogid=111 rdev=00:00 nametype=NORMAL cap_fp=0 cap_fi=0 cap_fe=0 cap_fver=0 cap_frootid=0OUID="mysql" OGID="mysql"
type=PROCTITLE msg=audit(1768170255.368:2111): proctitle=2F7573722F7362696E2F61706163686532002D6B007374617274
type=SOCKADDR msg=audit(1768170255.388:2110): saddr=01002F7661722F72756E2F6D7973716C642F6D7973716C642E736F636BSADDR={ saddr_fam=local path=/var/run/mysqld/mysqld.sock }
type=PATH msg=audit(1768170255.388:2110): item=0 name="/var/run/mysqld/mysqld.sock" inode=1345 dev=00:18 mode=0140777 ouid=111 ogid=111 rdev=00:00 nametype=NORMAL cap_fp=0 cap_fi=0 cap_fe=0 cap_fver=0 cap_frootid=0OUID="mysql" OGID="mysql"
type=PROCTITLE msg=audit(1768170255.388:2110): proctitle=2F7573722F7362696E2F61706163686532002D6B007374617274
type=SYSCALL msg=audit(1768170255.388:2112): arch=c000003e syscall=42 success=yes exit=0 a0=d a1=7ffe41335e00 a2=1d a3=1 items=1 ppid=1451 pid=1523 auid=4294967295 uid=33 gid=33 euid=33 suid=33 fsuid=33 egid=33 sgid=33 fsgid=33 tty=(none) ses=4294967295 comm="apache2" exe="/usr/sbin/apache2" subj=unconfined key="T1043_Commonly_Used_Port"ARCH=x86_64 SYSCALL=connect AUID="unset" UID="www-data" GID="www-data" EUID="www-data" SUID="www-data" FSUID="www-data" EGID="www-data" SGID="www-data" FSGID="www-data"
type=SOCKADDR msg=audit(1768170255.388:2112): saddr=01002F7661722F72756E2F6D7973716C642F6D7973716C642E736F636BSADDR={ saddr_fam=local path=/var/run/mysqld/mysqld.sock }
type=PATH msg=audit(1768170255.388:2112): item=0 name="/var/run/mysqld/mysqld.sock" inode=1345 dev=00:18 mode=0140777 ouid=111 ogid=111 rdev=00:00 nametype=NORMAL cap_fp=0 cap_fi=0 cap_fe=0 cap_fver=0 cap_frootid=0OUID="mysql" OGID="mysql"
type=SYSCALL msg=audit(1768170255.396:2113): arch=c000003e syscall=42 success=yes exit=0 a0=d a1=7ffe41335e00 a2=1d a3=1 items=1 ppid=1451 pid=1524 auid=4294967295 uid=33 gid=33 euid=33 suid=33 fsuid=33 egid=33 sgid=33 fsgid=33 tty=(none) ses=4294967295 comm="apache2" exe="/usr/sbin/apache2" subj=unconfined key="T1043_Commonly_Used_Port"ARCH=x86_64 SYSCALL=connect AUID="unset" UID="www-data" GID="www-data" EUID="www-data" SUID="www-data" FSUID="www-data" EGID="www-data" SGID="www-data" FSGID="www-data"
type=SOCKADDR msg=audit(1768170255.396:2113): saddr=01002F7661722F72756E2F6D7973716C642F6D7973716C642E736F636BSADDR={ saddr_fam=local path=/var/run/mysqld/mysqld.sock }
type=PATH msg=audit(1768170255.396:2113): item=0 name="/var/run/mysqld/mysqld.sock" inode=1345 dev=00:18 mode=0140777 ouid=111 ogid=111 rdev=00:00 nametype=NORMAL cap_fp=0 cap_fi=0 cap_fe=0 cap_fver=0 cap_frootid=0OUID="mysql" OGID="mysql"
type=PROCTITLE msg=audit(1768170255.396:2113): proctitle=2F7573722F7362696E2F61706163686532002D6B007374617274
type=PROCTITLE msg=audit(1768170255.388:2112): proctitle=2F7573722F7362696E2F61706163686532002D6B007374617274
type=SOCKADDR msg=audit(1768170255.378:2109): saddr=01002F7661722F72756E2F6D7973716C642F6D7973716C642E736F636BSADDR={ saddr_fam=local path=/var/run/mysqld/mysqld.sock }
type=PATH msg=audit(1768170255.378:2109): item=0 name="/var/run/mysqld/mysqld.sock" inode=1345 dev=00:18 mode=0140777 ouid=111 ogid=111 rdev=00:00 nametype=NORMAL cap_fp=0 cap_fi=0 cap_fe=0 cap_fver=0 cap_frootid=0OUID="mysql" OGID="mysql"
type=PROCTITLE msg=audit(1768170255.378:2109): proctitle=2F7573722F7362696E2F61706163686532002D6B007374617274
type=SYSCALL msg=audit(1768170255.565:2114): arch=c000003e syscall=42 success=yes exit=0 a0=d a1=7ffe41335e00 a2=1d a3=1 items=1 ppid=1451 pid=1524 auid=4294967295 uid=33 gid=33 euid=33 suid=33 fsuid=33 egid=33 sgid=33 fsgid=33 tty=(none) ses=4294967295 comm="apache2" exe="/usr/sbin/apache2" subj=unconfined key="T1043_Commonly_Used_Port"ARCH=x86_64 SYSCALL=connect AUID="unset" UID="www-data" GID="www-data" EUID="www-data" SUID="www-data" FSUID="www-data" EGID="www-data" SGID="www-data" FSGID="www-data"
type=SOCKADDR msg=audit(1768170255.565:2114): saddr=01002F7661722F72756E2F6D7973716C642F6D7973716C642E736F636BSADDR={ saddr_fam=local path=/var/run/mysqld/mysqld.sock }
type=PATH msg=audit(1768170255.565:2114): item=0 name="/var/run/mysqld/mysqld.sock" inode=1345 dev=00:18 mode=0140777 ouid=111 ogid=111 rdev=00:00 nametype=NORMAL cap_fp=0 cap_fi=0 cap_fe=0 cap_fver=0 cap_frootid=0OUID="mysql" OGID="mysql"
type=PROCTITLE msg=audit(1768170255.565:2114): proctitle=2F7573722F7362696E2F61706163686532002D6B007374617274
type=SYSCALL msg=audit(1768170255.686:2115): arch=c000003e syscall=42 success=yes exit=0 a0=d a1=7ffe41335e00 a2=1d a3=1 items=1 ppid=1451 pid=1523 auid=4294967295 uid=33 gid=33 euid=33 suid=33 fsuid=33 egid=33 sgid=33 fsgid=33 tty=(none) ses=4294967295 comm="apache2" exe="/usr/sbin/apache2" subj=unconfined key="T1043_Commonly_Used_Port"ARCH=x86_64 SYSCALL=connect AUID="unset" UID="www-data" GID="www-data" EUID="www-data" SUID="www-data" FSUID="www-data" EGID="www-data" SGID="www-data" FSGID="www-data"
type=SOCKADDR msg=audit(1768170255.686:2115): saddr=01002F7661722F72756E2F6D7973716C642F6D7973716C642E736F636BSADDR={ saddr_fam=local path=/var/run/mysqld/mysqld.sock }
type=PATH msg=audit(1768170255.686:2115): item=0 name="/var/run/mysqld/mysqld.sock" inode=1345 dev=00:18 mode=0140777 ouid=111 ogid=111 rdev=00:00 nametype=NORMAL cap_fp=0 cap_fi=0 cap_fe=0 cap_fver=0 cap_frootid=0OUID="mysql" OGID="mysql"
type=PROCTITLE msg=audit(1768170255.686:2115): proctitle=2F7573722F7362696E2F61706163686532002D6B007374617274
type=SYSCALL msg=audit(1768170256.020:2116): arch=c000003e syscall=42 success=yes exit=0 a0=d a1=7ffe41335e00 a2=1d a3=1 items=1 ppid=1451 pid=1521 auid=4294967295 uid=33 gid=33 euid=33 suid=33 fsuid=33 egid=33 sgid=33 fsgid=33 tty=(none) ses=4294967295 comm="apache2" exe="/usr/sbin/apache2" subj=unconfined key="T1043_Commonly_Used_Port"ARCH=x86_64 SYSCALL=connect AUID="unset" UID="www-data" GID="www-data" EUID="www-data" SUID="www-data" FSUID="www-data" EGID="www-data" SGID="www-data" FSGID="www-data"
type=SOCKADDR msg=audit(1768170256.020:2116): saddr=01002F7661722F72756E2F6D7973716C642F6D7973716C642E736F636BSADDR={ saddr_fam=local path=/var/run/mysqld/mysqld.sock }
type=PATH msg=audit(1768170256.020:2116): item=0 name="/var/run/mysqld/mysqld.sock" inode=1345 dev=00:18 mode=0140777 ouid=111 ogid=111 rdev=00:00 nametype=NORMAL cap_fp=0 cap_fi=0 cap_fe=0 cap_fver=0 cap_frootid=0OUID="mysql" OGID="mysql"
type=PROCTITLE msg=audit(1768170256.020:2116): proctitle=2F7573722F7362696E2F61706163686532002D6B007374617274
type=SYSCALL msg=audit(1768170256.017:2117): arch=c000003e syscall=42 success=yes exit=0 a0=d a1=7ffe41335e00 a2=1d a3=1 items=1 ppid=1451 pid=1524 auid=4294967295 uid=33 gid=33 euid=33 suid=33 fsuid=33 egid=33 sgid=33 fsgid=33 tty=(none) ses=4294967295 comm="apache2" exe="/usr/sbin/apache2" subj=unconfined key="T1043_Commonly_Used_Port"ARCH=x86_64 SYSCALL=connect AUID="unset" UID="www-data" GID="www-data" EUID="www-data" SUID="www-data" FSUID="www-data" EGID="www-data" SGID="www-data" FSGID="www-data"
type=SOCKADDR msg=audit(1768170256.017:2117): saddr=01002F7661722F72756E2F6D7973716C642F6D7973716C642E736F636BSADDR={ saddr_fam=local path=/var/run/mysqld/mysqld.sock }
type=PATH msg=audit(1768170256.017:2117): item=0 name="/var/run/mysqld/mysqld.sock" inode=1345 dev=00:18 mode=0140777 ouid=111 ogid=111 rdev=00:00 nametype=NORMAL cap_fp=0 cap_fi=0 cap_fe=0 cap_fver=0 cap_frootid=0OUID="mysql" OGID="mysql"
type=PROCTITLE msg=audit(1768170256.017:2117): proctitle=2F7573722F7362696E2F61706163686532002D6B007374617274
type=SYSCALL msg=audit(1768170256.054:2118): arch=c000003e syscall=42 success=yes exit=0 a0=d a1=7ffe41335e00 a2=1d a3=1 items=1 ppid=1451 pid=1520 auid=4294967295 uid=33 gid=33 euid=33 suid=33 fsuid=33 egid=33 sgid=33 fsgid=33 tty=(none) ses=4294967295 comm="apache2" exe="/usr/sbin/apache2" subj=unconfined key="T1043_Commonly_Used_Port"ARCH=x86_64 SYSCALL=connect AUID="unset" UID="www-data" GID="www-data" EUID="www-data" SUID="www-data" FSUID="www-data" EGID="www-data" SGID="www-data" FSGID="www-data"
type=SOCKADDR msg=audit(1768170256.054:2118): saddr=01002F7661722F72756E2F6D7973716C642F6D7973716C642E736F636BSADDR={ saddr_fam=local path=/var/run/mysqld/mysqld.sock }
type=PATH msg=audit(1768170256.054:2118): item=0 name="/var/run/mysqld/mysqld.sock" inode=1345 dev=00:18 mode=0140777 ouid=111 ogid=111 rdev=00:00 nametype=NORMAL cap_fp=0 cap_fi=0 cap_fe=0 cap_fver=0 cap_frootid=0OUID="mysql" OGID="mysql"
type=PROCTITLE msg=audit(1768170256.054:2118): proctitle=2F7573722F7362696E2F61706163686532002D6B007374617274
type=SYSCALL msg=audit(1768170257.371:2119): arch=c000003e syscall=42 success=yes exit=0 a0=e a1=7ffe41335e00 a2=1d a3=1 items=1 ppid=1451 pid=1523 auid=4294967295 uid=33 gid=33 euid=33 suid=33 fsuid=33 egid=33 sgid=33 fsgid=33 tty=(none) ses=4294967295 comm="apache2" exe="/usr/sbin/apache2" subj=unconfined key="T1043_Commonly_Used_Port"ARCH=x86_64 SYSCALL=connect AUID="unset" UID="www-data" GID="www-data" EUID="www-data" SUID="www-data" FSUID="www-data" EGID="www-data" SGID="www-data" FSGID="www-data"
type=SOCKADDR msg=audit(1768170257.371:2119): saddr=01002F7661722F72756E2F6D7973716C642F6D7973716C642E736F636BSADDR={ saddr_fam=local path=/var/run/mysqld/mysqld.sock }
type=PATH msg=audit(1768170257.371:2119): item=0 name="/var/run/mysqld/mysqld.sock" inode=1345 dev=00:18 mode=0140777 ouid=111 ogid=111 rdev=00:00 nametype=NORMAL cap_fp=0 cap_fi=0 cap_fe=0 cap_fver=0 cap_frootid=0OUID="mysql" OGID="mysql"
type=PROCTITLE msg=audit(1768170257.371:2119): proctitle=2F7573722F7362696E2F61706163686532002D6B007374617274
type=SYSCALL msg=audit(1768170257.677:2120): arch=c000003e syscall=42 success=yes exit=0 a0=e a1=7ffe41335e00 a2=1d a3=1 items=1 ppid=1451 pid=1523 auid=4294967295 uid=33 gid=33 euid=33 suid=33 fsuid=33 egid=33 sgid=33 fsgid=33 tty=(none) ses=4294967295 comm="apache2" exe="/usr/sbin/apache2" subj=unconfined key="T1043_Commonly_Used_Port"ARCH=x86_64 SYSCALL=connect AUID="unset" UID="www-data" GID="www-data" EUID="www-data" SUID="www-data" FSUID="www-data" EGID="www-data" SGID="www-data" FSGID="www-data"
type=SOCKADDR msg=audit(1768170257.677:2120): saddr=01002F7661722F72756E2F6D7973716C642F6D7973716C642E736F636BSADDR={ saddr_fam=local path=/var/run/mysqld/mysqld.sock }
type=PATH msg=audit(1768170257.677:2120): item=0 name="/var/run/mysqld/mysqld.sock" inode=1345 dev=00:18 mode=0140777 ouid=111 ogid=111 rdev=00:00 nametype=NORMAL cap_fp=0 cap_fi=0 cap_fe=0 cap_fver=0 cap_frootid=0OUID="mysql" OGID="mysql"
type=PROCTITLE msg=audit(1768170257.677:2120): proctitle=2F7573722F7362696E2F61706163686532002D6B007374617274
type=SYSCALL msg=audit(1768170257.908:2121): arch=c000003e syscall=42 success=yes exit=0 a0=d a1=7ffe41335e00 a2=1d a3=1 items=1 ppid=1451 pid=1524 auid=4294967295 uid=33 gid=33 euid=33 suid=33 fsuid=33 egid=33 sgid=33 fsgid=33 tty=(none) ses=4294967295 comm="apache2" exe="/usr/sbin/apache2" subj=unconfined key="T1043_Commonly_Used_Port"ARCH=x86_64 SYSCALL=connect AUID="unset" UID="www-data" GID="www-data" EUID="www-data" SUID="www-data" FSUID="www-data" EGID="www-data" SGID="www-data" FSGID="www-data"
type=SOCKADDR msg=audit(1768170257.908:2121): saddr=01002F7661722F72756E2F6D7973716C642F6D7973716C642E736F636BSADDR={ saddr_fam=local path=/var/run/mysqld/mysqld.sock }
type=PATH msg=audit(1768170257.908:2121): item=0 name="/var/run/mysqld/mysqld.sock" inode=1345 dev=00:18 mode=0140777 ouid=111 ogid=111 rdev=00:00 nametype=NORMAL cap_fp=0 cap_fi=0 cap_fe=0 cap_fver=0 cap_frootid=0OUID="mysql" OGID="mysql"
type=PROCTITLE msg=audit(1768170257.908:2121): proctitle=2F7573722F7362696E2F61706163686532002D6B007374617274
type=SYSCALL msg=audit(1768170258.150:2122): arch=c000003e syscall=59 success=yes exit=0 a0=702df9bcb42f a1=7ffe41336b20 a2=7ffe41339bb8 a3=8 items=2 ppid=1523 pid=1528 auid=4294967295 uid=33 gid=33 euid=33 suid=33 fsuid=33 egid=33 sgid=33 fsgid=33 tty=(none) ses=4294967295 comm="sh" exe="/usr/bin/dash" subj=unconfined key="T1166_Seuid_and_Setgid"ARCH=x86_64 SYSCALL=execve AUID="unset" UID="www-data" GID="www-data" EUID="www-data" SUID="www-data" FSUID="www-data" EGID="www-data" SGID="www-data" FSGID="www-data"
type=EXECVE msg=audit(1768170258.150:2122): argc=4 a0="sh" a1="-c" a2="--" a3=636F6D6D616E64202D76202D2D20276C696272656F666669636527
type=PATH msg=audit(1768170258.150:2122): item=0 name="/bin/sh" inode=1442345 dev=08:02 mode=0100755 ouid=0 ogid=0 rdev=00:00 nametype=NORMAL cap_fp=0 cap_fi=0 cap_fe=0 cap_fver=0 cap_frootid=0OUID="root" OGID="root"
type=PATH msg=audit(1768170258.150:2122): item=1 name="/lib64/ld-linux-x86-64.so.2" inode=1481429 dev=08:02 mode=0100755 ouid=0 ogid=0 rdev=00:00 nametype=NORMAL cap_fp=0 cap_fi=0 cap_fe=0 cap_fver=0 cap_frootid=0OUID="root" OGID="root"
type=PROCTITLE msg=audit(1768170258.150:2122): proctitle=7368002D63002D2D00636F6D6D616E64202D76202D2D20276C696272656F666669636527
type=SYSCALL msg=audit(1768170258.153:2123): arch=c000003e syscall=59 success=yes exit=0 a0=702df9bcb42f a1=7ffe41336b20 a2=7ffe41339bb8 a3=8 items=2 ppid=1523 pid=1529 auid=4294967295 uid=33 gid=33 euid=33 suid=33 fsuid=33 egid=33 sgid=33 fsgid=33 tty=(none) ses=4294967295 comm="sh" exe="/usr/bin/dash" subj=unconfined key="T1166_Seuid_and_Setgid"ARCH=x86_64 SYSCALL=execve AUID="unset" UID="www-data" GID="www-data" EUID="www-data" SUID="www-data" FSUID="www-data" EGID="www-data" SGID="www-data" FSGID="www-data"
type=EXECVE msg=audit(1768170258.153:2123): argc=4 a0="sh" a1="-c" a2="--" a3=636F6D6D616E64202D76202D2D20276F70656E6F666669636527
type=PATH msg=audit(1768170258.153:2123): item=0 name="/bin/sh" inode=1442345 dev=08:02 mode=0100755 ouid=0 ogid=0 rdev=00:00 nametype=NORMAL cap_fp=0 cap_fi=0 cap_fe=0 cap_fver=0 cap_frootid=0OUID="root" OGID="root"
type=PATH msg=audit(1768170258.153:2123): item=1 name="/lib64/ld-linux-x86-64.so.2" inode=1481429 dev=08:02 mode=0100755 ouid=0 ogid=0 rdev=00:00 nametype=NORMAL cap_fp=0 cap_fi=0 cap_fe=0 cap_fver=0 cap_frootid=0OUID="root" OGID="root"
type=PROCTITLE msg=audit(1768170258.153:2123): proctitle=7368002D63002D2D00636F6D6D616E64202D76202D2D20276F70656E6F666669636527
type=SYSCALL msg=audit(1768170258.161:2124): arch=c000003e syscall=42 success=yes exit=0 a0=d a1=7ffe41335e00 a2=1d a3=1 items=1 ppid=1451 pid=1524 auid=4294967295 uid=33 gid=33 euid=33 suid=33 fsuid=33 egid=33 sgid=33 fsgid=33 tty=(none) ses=4294967295 comm="apache2" exe="/usr/sbin/apache2" subj=unconfined key="T1043_Commonly_Used_Port"ARCH=x86_64 SYSCALL=connect AUID="unset" UID="www-data" GID="www-data" EUID="www-data" SUID="www-data" FSUID="www-data" EGID="www-data" SGID="www-data" FSGID="www-data"
type=SOCKADDR msg=audit(1768170258.161:2124): saddr=01002F7661722F72756E2F6D7973716C642F6D7973716C642E736F636BSADDR={ saddr_fam=local path=/var/run/mysqld/mysqld.sock }
type=PATH msg=audit(1768170258.161:2124): item=0 name="/var/run/mysqld/mysqld.sock" inode=1345 dev=00:18 mode=0140777 ouid=111 ogid=111 rdev=00:00 nametype=NORMAL cap_fp=0 cap_fi=0 cap_fe=0 cap_fver=0 cap_frootid=0OUID="mysql" OGID="mysql"
type=PROCTITLE msg=audit(1768170258.161:2124): proctitle=2F7573722F7362696E2F61706163686532002D6B007374617274
type=SYSCALL msg=audit(1768170258.233:2125): arch=c000003e syscall=42 success=yes exit=0 a0=d a1=7ffe41335e00 a2=1d a3=1 items=1 ppid=1451 pid=1523 auid=4294967295 uid=33 gid=33 euid=33 suid=33 fsuid=33 egid=33 sgid=33 fsgid=33 tty=(none) ses=4294967295 comm="apache2" exe="/usr/sbin/apache2" subj=unconfined key="T1043_Commonly_Used_Port"ARCH=x86_64 SYSCALL=connect AUID="unset" UID="www-data" GID="www-data" EUID="www-data" SUID="www-data" FSUID="www-data" EGID="www-data" SGID="www-data" FSGID="www-data"
type=SOCKADDR msg=audit(1768170258.233:2125): saddr=01002F7661722F72756E2F6D7973716C642F6D7973716C642E736F636BSADDR={ saddr_fam=local path=/var/run/mysqld/mysqld.sock }
type=PATH msg=audit(1768170258.233:2125): item=0 name="/var/run/mysqld/mysqld.sock" inode=1345 dev=00:18 mode=0140777 ouid=111 ogid=111 rdev=00:00 nametype=NORMAL cap_fp=0 cap_fi=0 cap_fe=0 cap_fver=0 cap_frootid=0OUID="mysql" OGID="mysql"
type=PROCTITLE msg=audit(1768170258.233:2125): proctitle=2F7573722F7362696E2F61706163686532002D6B007374617274
type=SYSCALL msg=audit(1768170258.272:2126): arch=c000003e syscall=42 success=yes exit=0 a0=e a1=7ffe41335e00 a2=1d a3=1 items=1 ppid=1451 pid=1520 auid=4294967295 uid=33 gid=33 euid=33 suid=33 fsuid=33 egid=33 sgid=33 fsgid=33 tty=(none) ses=4294967295 comm="apache2" exe="/usr/sbin/apache2" subj=unconfined key="T1043_Commonly_Used_Port"ARCH=x86_64 SYSCALL=connect AUID="unset" UID="www-data" GID="www-data" EUID="www-data" SUID="www-data" FSUID="www-data" EGID="www-data" SGID="www-data" FSGID="www-data"
type=SOCKADDR msg=audit(1768170258.272:2126): saddr=01002F7661722F72756E2F6D7973716C642F6D7973716C642E736F636BSADDR={ saddr_fam=local path=/var/run/mysqld/mysqld.sock }
type=PATH msg=audit(1768170258.272:2126): item=0 name="/var/run/mysqld/mysqld.sock" inode=1345 dev=00:18 mode=0140777 ouid=111 ogid=111 rdev=00:00 nametype=NORMAL cap_fp=0 cap_fi=0 cap_fe=0 cap_fver=0 cap_frootid=0OUID="mysql" OGID="mysql"
type=PROCTITLE msg=audit(1768170258.272:2126): proctitle=2F7573722F7362696E2F61706163686532002D6B007374617274
type=SYSCALL msg=audit(1768170258.329:2127): arch=c000003e syscall=42 success=yes exit=0 a0=d a1=7ffe41335e00 a2=1d a3=1 items=1 ppid=1451 pid=1510 auid=4294967295 uid=33 gid=33 euid=33 suid=33 fsuid=33 egid=33 sgid=33 fsgid=33 tty=(none) ses=4294967295 comm="apache2" exe="/usr/sbin/apache2" subj=unconfined key="T1043_Commonly_Used_Port"ARCH=x86_64 SYSCALL=connect AUID="unset" UID="www-data" GID="www-data" EUID="www-data" SUID="www-data" FSUID="www-data" EGID="www-data" SGID="www-data" FSGID="www-data"
type=SOCKADDR msg=audit(1768170258.329:2127): saddr=01002F7661722F72756E2F6D7973716C642F6D7973716C642E736F636BSADDR={ saddr_fam=local path=/var/run/mysqld/mysqld.sock }
type=PATH msg=audit(1768170258.329:2127): item=0 name="/var/run/mysqld/mysqld.sock" inode=1345 dev=00:18 mode=0140777 ouid=111 ogid=111 rdev=00:00 nametype=NORMAL cap_fp=0 cap_fi=0 cap_fe=0 cap_fver=0 cap_frootid=0OUID="mysql" OGID="mysql"
type=PROCTITLE msg=audit(1768170258.329:2127): proctitle=2F7573722F7362696E2F61706163686532002D6B007374617274
type=SYSCALL msg=audit(1768170258.644:2128): arch=c000003e syscall=42 success=yes exit=0 a0=d a1=7ffe41335e00 a2=1d a3=1 items=1 ppid=1451 pid=1510 auid=4294967295 uid=33 gid=33 euid=33 suid=33 fsuid=33 egid=33 sgid=33 fsgid=33 tty=(none) ses=4294967295 comm="apache2" exe="/usr/sbin/apache2" subj=unconfined key="T1043_Commonly_Used_Port"ARCH=x86_64 SYSCALL=connect AUID="unset" UID="www-data" GID="www-data" EUID="www-data" SUID="www-data" FSUID="www-data" EGID="www-data" SGID="www-data" FSGID="www-data"
type=SOCKADDR msg=audit(1768170258.644:2128): saddr=01002F7661722F72756E2F6D7973716C642F6D7973716C642E736F636BSADDR={ saddr_fam=local path=/var/run/mysqld/mysqld.sock }
type=PATH msg=audit(1768170258.644:2128): item=0 name="/var/run/mysqld/mysqld.sock" inode=1345 dev=00:18 mode=0140777 ouid=111 ogid=111 rdev=00:00 nametype=NORMAL cap_fp=0 cap_fi=0 cap_fe=0 cap_fver=0 cap_frootid=0OUID="mysql" OGID="mysql"
type=PROCTITLE msg=audit(1768170258.644:2128): proctitle=2F7573722F7362696E2F61706163686532002D6B007374617274
type=SYSCALL msg=audit(1768170258.658:2129): arch=c000003e syscall=42 success=yes exit=0 a0=d a1=7ffe41335e00 a2=1d a3=1 items=1 ppid=1451 pid=1522 auid=4294967295 uid=33 gid=33 euid=33 suid=33 fsuid=33 egid=33 sgid=33 fsgid=33 tty=(none) ses=4294967295 comm="apache2" exe="/usr/sbin/apache2" subj=unconfined key="T1043_Commonly_Used_Port"ARCH=x86_64 SYSCALL=connect AUID="unset" UID="www-data" GID="www-data" EUID="www-data" SUID="www-data" FSUID="www-data" EGID="www-data" SGID="www-data" FSGID="www-data"
type=SOCKADDR msg=audit(1768170258.658:2129): saddr=01002F7661722F72756E2F6D7973716C642F6D7973716C642E736F636BSADDR={ saddr_fam=local path=/var/run/mysqld/mysqld.sock }
type=PATH msg=audit(1768170258.658:2129): item=0 name="/var/run/mysqld/mysqld.sock" inode=1345 dev=00:18 mode=0140777 ouid=111 ogid=111 rdev=00:00 nametype=NORMAL cap_fp=0 cap_fi=0 cap_fe=0 cap_fver=0 cap_frootid=0OUID="mysql" OGID="mysql"
type=PROCTITLE msg=audit(1768170258.658:2129): proctitle=2F7573722F7362696E2F61706163686532002D6B007374617274
type=SYSCALL msg=audit(1768170258.660:2130): arch=c000003e syscall=42 success=yes exit=0 a0=d a1=7ffe41335e00 a2=1d a3=1 items=1 ppid=1451 pid=1520 auid=4294967295 uid=33 gid=33 euid=33 suid=33 fsuid=33 egid=33 sgid=33 fsgid=33 tty=(none) ses=4294967295 comm="apache2" exe="/usr/sbin/apache2" subj=unconfined key="T1043_Commonly_Used_Port"ARCH=x86_64 SYSCALL=connect AUID="unset" UID="www-data" GID="www-data" EUID="www-data" SUID="www-data" FSUID="www-data" EGID="www-data" SGID="www-data" FSGID="www-data"
type=SOCKADDR msg=audit(1768170258.660:2130): saddr=01002F7661722F72756E2F6D7973716C642F6D7973716C642E736F636BSADDR={ saddr_fam=local path=/var/run/mysqld/mysqld.sock }
type=PATH msg=audit(1768170258.660:2130): item=0 name="/var/run/mysqld/mysqld.sock" inode=1345 dev=00:18 mode=0140777 ouid=111 ogid=111 rdev=00:00 nametype=NORMAL cap_fp=0 cap_fi=0 cap_fe=0 cap_fver=0 cap_frootid=0OUID="mysql" OGID="mysql"
type=PROCTITLE msg=audit(1768170258.660:2130): proctitle=2F7573722F7362696E2F61706163686532002D6B007374617274
type=SYSCALL msg=audit(1768170259.133:2131): arch=c000003e syscall=42 success=yes exit=0 a0=d a1=7ffe41335e00 a2=1d a3=1 items=1 ppid=1451 pid=1522 auid=4294967295 uid=33 gid=33 euid=33 suid=33 fsuid=33 egid=33 sgid=33 fsgid=33 tty=(none) ses=4294967295 comm="apache2" exe="/usr/sbin/apache2" subj=unconfined key="T1043_Commonly_Used_Port"ARCH=x86_64 SYSCALL=connect AUID="unset" UID="www-data" GID="www-data" EUID="www-data" SUID="www-data" FSUID="www-data" EGID="www-data" SGID="www-data" FSGID="www-data"
type=SOCKADDR msg=audit(1768170259.133:2131): saddr=01002F7661722F72756E2F6D7973716C642F6D7973716C642E736F636BSADDR={ saddr_fam=local path=/var/run/mysqld/mysqld.sock }
type=PATH msg=audit(1768170259.133:2131): item=0 name="/var/run/mysqld/mysqld.sock" inode=1345 dev=00:18 mode=0140777 ouid=111 ogid=111 rdev=00:00 nametype=NORMAL cap_fp=0 cap_fi=0 cap_fe=0 cap_fver=0 cap_frootid=0OUID="mysql" OGID="mysql"
type=PROCTITLE msg=audit(1768170259.133:2131): proctitle=2F7573722F7362696E2F61706163686532002D6B007374617274
type=SYSCALL msg=audit(1768170259.136:2132): arch=c000003e syscall=42 success=yes exit=0 a0=d a1=7ffe41335e00 a2=1d a3=1 items=1 ppid=1451 pid=1520 auid=4294967295 uid=33 gid=33 euid=33 suid=33 fsuid=33 egid=33 sgid=33 fsgid=33 tty=(none) ses=4294967295 comm="apache2" exe="/usr/sbin/apache2" subj=unconfined key="T1043_Commonly_Used_Port"ARCH=x86_64 SYSCALL=connect AUID="unset" UID="www-data" GID="www-data" EUID="www-data" SUID="www-data" FSUID="www-data" EGID="www-data" SGID="www-data" FSGID="www-data"
type=SOCKADDR msg=audit(1768170259.136:2132): saddr=01002F7661722F72756E2F6D7973716C642F6D7973716C642E736F636BSADDR={ saddr_fam=local path=/var/run/mysqld/mysqld.sock }
type=PATH msg=audit(1768170259.136:2132): item=0 name="/var/run/mysqld/mysqld.sock" inode=1345 dev=00:18 mode=0140777 ouid=111 ogid=111 rdev=00:00 nametype=NORMAL cap_fp=0 cap_fi=0 cap_fe=0 cap_fver=0 cap_frootid=0OUID="mysql" OGID="mysql"
type=PROCTITLE msg=audit(1768170259.136:2132): proctitle=2F7573722F7362696E2F61706163686532002D6B007374617274
type=SYSCALL msg=audit(1768170259.139:2133): arch=c000003e syscall=42 success=yes exit=0 a0=d a1=7ffe41335e00 a2=1d a3=1 items=1 ppid=1451 pid=1510 auid=4294967295 uid=33 gid=33 euid=33 suid=33 fsuid=33 egid=33 sgid=33 fsgid=33 tty=(none) ses=4294967295 comm="apache2" exe="/usr/sbin/apache2" subj=unconfined key="T1043_Commonly_Used_Port"ARCH=x86_64 SYSCALL=connect AUID="unset" UID="www-data" GID="www-data" EUID="www-data" SUID="www-data" FSUID="www-data" EGID="www-data" SGID="www-data" FSGID="www-data"
type=SOCKADDR msg=audit(1768170259.139:2133): saddr=01002F7661722F72756E2F6D7973716C642F6D7973716C642E736F636BSADDR={ saddr_fam=local path=/var/run/mysqld/mysqld.sock }
type=PATH msg=audit(1768170259.139:2133): item=0 name="/var/run/mysqld/mysqld.sock" inode=1345 dev=00:18 mode=0140777 ouid=111 ogid=111 rdev=00:00 nametype=NORMAL cap_fp=0 cap_fi=0 cap_fe=0 cap_fver=0 cap_frootid=0OUID="mysql" OGID="mysql"
type=PROCTITLE msg=audit(1768170259.139:2133): proctitle=2F7573722F7362696E2F61706163686532002D6B007374617274
type=SYSCALL msg=audit(1768170259.301:2134): arch=c000003e syscall=42 success=yes exit=0 a0=d a1=7ffe41335e00 a2=1d a3=1 items=1 ppid=1451 pid=1522 auid=4294967295 uid=33 gid=33 euid=33 suid=33 fsuid=33 egid=33 sgid=33 fsgid=33 tty=(none) ses=4294967295 comm="apache2" exe="/usr/sbin/apache2" subj=unconfined key="T1043_Commonly_Used_Port"ARCH=x86_64 SYSCALL=connect AUID="unset" UID="www-data" GID="www-data" EUID="www-data" SUID="www-data" FSUID="www-data" EGID="www-data" SGID="www-data" FSGID="www-data"
type=SOCKADDR msg=audit(1768170259.301:2134): saddr=01002F7661722F72756E2F6D7973716C642F6D7973716C642E736F636BSADDR={ saddr_fam=local path=/var/run/mysqld/mysqld.sock }
type=PATH msg=audit(1768170259.301:2134): item=0 name="/var/run/mysqld/mysqld.sock" inode=1345 dev=00:18 mode=0140777 ouid=111 ogid=111 rdev=00:00 nametype=NORMAL cap_fp=0 cap_fi=0 cap_fe=0 cap_fver=0 cap_frootid=0OUID="mysql" OGID="mysql"
type=PROCTITLE msg=audit(1768170259.301:2134): proctitle=2F7573722F7362696E2F61706163686532002D6B007374617274
type=SYSCALL msg=audit(1768170259.339:2135): arch=c000003e syscall=42 success=yes exit=0 a0=d a1=7ffe41335e00 a2=1d a3=1 items=1 ppid=1451 pid=1520 auid=4294967295 uid=33 gid=33 euid=33 suid=33 fsuid=33 egid=33 sgid=33 fsgid=33 tty=(none) ses=4294967295 comm="apache2" exe="/usr/sbin/apache2" subj=unconfined key="T1043_Commonly_Used_Port"ARCH=x86_64 SYSCALL=connect AUID="unset" UID="www-data" GID="www-data" EUID="www-data" SUID="www-data" FSUID="www-data" EGID="www-data" SGID="www-data" FSGID="www-data"
type=SOCKADDR msg=audit(1768170259.339:2135): saddr=01002F7661722F72756E2F6D7973716C642F6D7973716C642E736F636BSADDR={ saddr_fam=local path=/var/run/mysqld/mysqld.sock }
type=PATH msg=audit(1768170259.339:2135): item=0 name="/var/run/mysqld/mysqld.sock" inode=1345 dev=00:18 mode=0140777 ouid=111 ogid=111 rdev=00:00 nametype=NORMAL cap_fp=0 cap_fi=0 cap_fe=0 cap_fver=0 cap_frootid=0OUID="mysql" OGID="mysql"
type=PROCTITLE msg=audit(1768170259.339:2135): proctitle=2F7573722F7362696E2F61706163686532002D6B007374617274
type=SYSCALL msg=audit(1768170262.232:2136): arch=c000003e syscall=42 success=no exit=-115 a0=b a1=702df99d2e20 a2=1c a3=702df9a18eb0 items=0 ppid=1 pid=1451 auid=4294967295 uid=0 gid=0 euid=0 suid=0 fsuid=0 egid=0 sgid=0 fsgid=0 tty=(none) ses=4294967295 comm="apache2" exe="/usr/sbin/apache2" subj=unconfined key="T1043_Commonly_Used_Port"ARCH=x86_64 SYSCALL=connect AUID="unset" UID="root" GID="root" EUID="root" SUID="root" FSUID="root" EGID="root" SGID="root" FSGID="root"
type=SOCKADDR msg=audit(1768170262.232:2136): saddr=0A000050000000000000000000000000000000000000000000000000SADDR={ saddr_fam=inet6 laddr=:: lport=80 }
type=PROCTITLE msg=audit(1768170262.232:2136): proctitle=2F7573722F7362696E2F61706163686532002D6B007374617274
type=SYSCALL msg=audit(1768170269.004:2137): arch=c000003e syscall=59 success=yes exit=0 a0=5a02a35fd010 a1=5a02a35fcb10 a2=5a02a34b5cc0 a3=5a02a35fd100 items=2 ppid=1401 pid=1533 auid=1000 uid=0 gid=0 euid=0 suid=0 fsuid=0 egid=0 sgid=0 fsgid=0 tty=pts1 ses=3 comm="tail" exe="/usr/bin/tail" subj=unconfined key="T1078_Valid_Accounts"ARCH=x86_64 SYSCALL=execve AUID="vboxuser" UID="root" GID="root" EUID="root" SUID="root" FSUID="root" EGID="root" SGID="root" FSGID="root"
type=EXECVE msg=audit(1768170269.004:2137): argc=4 a0="tail" a1="-c" a2="+10413343" a3="/var/www/nextcloud/data/nextcloud.log"
type=PATH msg=audit(1768170269.004:2137): item=0 name="/usr/bin/tail" inode=1442904 dev=08:02 mode=0100755 ouid=0 ogid=0 rdev=00:00 nametype=NORMAL cap_fp=0 cap_fi=0 cap_fe=0 cap_fver=0 cap_frootid=0OUID="root" OGID="root"
type=PATH msg=audit(1768170269.004:2137): item=1 name="/lib64/ld-linux-x86-64.so.2" inode=1481429 dev=08:02 mode=0100755 ouid=0 ogid=0 rdev=00:00 nametype=NORMAL cap_fp=0 cap_fi=0 cap_fe=0 cap_fver=0 cap_frootid=0OUID="root" OGID="root"
type=PROCTITLE msg=audit(1768170269.004:2137): proctitle=7461696C002D63002B3130343133333433002F7661722F7777772F6E657874636C6F75642F646174612F6E657874636C6F75642E6C6F67
type=SYSCALL msg=audit(1768170269.176:2138): arch=c000003e syscall=59 success=yes exit=0 a0=5a02a35fd170 a1=5a02a35fcbb0 a2=5a02a34b5cc0 a3=5a02a35fce60 items=2 ppid=1401 pid=1534 auid=1000 uid=0 gid=0 euid=0 suid=0 fsuid=0 egid=0 sgid=0 fsgid=0 tty=pts1 ses=3 comm="tail" exe="/usr/bin/tail" subj=unconfined key="T1078_Valid_Accounts"ARCH=x86_64 SYSCALL=execve AUID="vboxuser" UID="root" GID="root" EUID="root" SUID="root" FSUID="root" EGID="root" SGID="root" FSGID="root"
type=EXECVE msg=audit(1768170269.176:2138): argc=4 a0="tail" a1="-c" a2="+126053" a3="/var/log/syslog"
type=PATH msg=audit(1768170269.176:2138): item=0 name="/usr/bin/tail" inode=1442904 dev=08:02 mode=0100755 ouid=0 ogid=0 rdev=00:00 nametype=NORMAL cap_fp=0 cap_fi=0 cap_fe=0 cap_fver=0 cap_frootid=0OUID="root" OGID="root"
type=PATH msg=audit(1768170269.176:2138): item=1 name="/lib64/ld-linux-x86-64.so.2" inode=1481429 dev=08:02 mode=0100755 ouid=0 ogid=0 rdev=00:00 nametype=NORMAL cap_fp=0 cap_fi=0 cap_fe=0 cap_fver=0 cap_frootid=0OUID="root" OGID="root"
type=PROCTITLE msg=audit(1768170269.176:2138): proctitle=7461696C002D63002B313236303533002F7661722F6C6F672F7379736C6F67
type=SYSCALL msg=audit(1768170269.250:2139): arch=c000003e syscall=59 success=yes exit=0 a0=5a02a35fcf20 a1=5a02a35fcbb0 a2=5a02a34b5cc0 a3=5a02a35fca90 items=2 ppid=1401 pid=1535 auid=1000 uid=0 gid=0 euid=0 suid=0 fsuid=0 egid=0 sgid=0 fsgid=0 tty=pts1 ses=3 comm="tail" exe="/usr/bin/tail" subj=unconfined key="T1078_Valid_Accounts"ARCH=x86_64 SYSCALL=execve AUID="vboxuser" UID="root" GID="root" EUID="root" SUID="root" FSUID="root" EGID="root" SGID="root" FSGID="root"
type=EXECVE msg=audit(1768170269.250:2139): argc=4 a0="tail" a1="-c" a2="+4274" a3="/var/log/auth.log"
type=PATH msg=audit(1768170269.250:2139): item=0 name="/usr/bin/tail" inode=1442904 dev=08:02 mode=0100755 ouid=0 ogid=0 rdev=00:00 nametype=NORMAL cap_fp=0 cap_fi=0 cap_fe=0 cap_fver=0 cap_frootid=0OUID="root" OGID="root"
type=PATH msg=audit(1768170269.250:2139): item=1 name="/lib64/ld-linux-x86-64.so.2" inode=1481429 dev=08:02 mode=0100755 ouid=0 ogid=0 rdev=00:00 nametype=NORMAL cap_fp=0 cap_fi=0 cap_fe=0 cap_fver=0 cap_frootid=0OUID="root" OGID="root"
type=PROCTITLE msg=audit(1768170269.250:2139): proctitle=7461696C002D63002B34323734002F7661722F6C6F672F617574682E6C6F67
type=SYSCALL msg=audit(1768170269.342:2140): arch=c000003e syscall=59 success=yes exit=0 a0=5a02a3594e70 a1=5a02a35fcb10 a2=5a02a34b5cc0 a3=5a02a35fc810 items=2 ppid=1401 pid=1536 auid=1000 uid=0 gid=0 euid=0 suid=0 fsuid=0 egid=0 sgid=0 fsgid=0 tty=pts1 ses=3 comm="tail" exe="/usr/bin/tail" subj=unconfined key="T1078_Valid_Accounts"ARCH=x86_64 SYSCALL=execve AUID="vboxuser" UID="root" GID="root" EUID="root" SUID="root" FSUID="root" EGID="root" SGID="root" FSGID="root"
type=EXECVE msg=audit(1768170269.342:2140): argc=4 a0="tail" a1="-c" a2="+149930435" a3="/var/log/audit/audit.log"
type=PATH msg=audit(1768170269.342:2140): item=0 name="/usr/bin/tail" inode=1442904 dev=08:02 mode=0100755 ouid=0 ogid=0 rdev=00:00 nametype=NORMAL cap_fp=0 cap_fi=0 cap_fe=0 cap_fver=0 cap_frootid=0OUID="root" OGID="root"
type=PATH msg=audit(1768170269.342:2140): item=1 name="/lib64/ld-linux-x86-64.so.2" inode=1481429 dev=08:02 mode=0100755 ouid=0 ogid=0 rdev=00:00 nametype=NORMAL cap_fp=0 cap_fi=0 cap_fe=0 cap_fver=0 cap_frootid=0OUID="root" OGID="root"
type=PROCTITLE msg=audit(1768170269.342:2140): proctitle=7461696C002D63002B313439393330343335002F7661722F6C6F672F61756469742F61756469742E6C6F67
type=SYSCALL msg=audit(1768170269.348:2141): arch=c000003e syscall=257 success=yes exit=3 a0=ffffff9c a1=7ffd44f956c3 a2=0 a3=0 items=1 ppid=1401 pid=1536 auid=1000 uid=0 gid=0 euid=0 suid=0 fsuid=0 egid=0 sgid=0 fsgid=0 tty=pts1 ses=3 comm="tail" exe="/usr/bin/tail" subj=unconfined key="auditlog"ARCH=x86_64 SYSCALL=openat AUID="vboxuser" UID="root" GID="root" EUID="root" SUID="root" FSUID="root" EGID="root" SGID="root" FSGID="root"
type=PATH msg=audit(1768170269.348:2141): item=0 name="/var/log/audit/audit.log" inode=659339 dev=08:02 mode=0100640 ouid=0 ogid=4 rdev=00:00 nametype=NORMAL cap_fp=0 cap_fi=0 cap_fe=0 cap_fver=0 cap_frootid=0OUID="root" OGID="adm"
type=PROCTITLE msg=audit(1768170269.348:2141): proctitle=7461696C002D63002B313439393330343335002F7661722F6C6F672F61756469742F61756469742E6C6F67type=SYSCALL msg=audit(1768183219.915:1868): arch=c000003e syscall=106 success=yes exit=0 a0=21 a1=7cc03a5bf4a0 a2=0 a3=22 items=0 ppid=966 pid=1441 auid=4294967295 uid=0 gid=33 euid=0 suid=0 fsuid=0 egid=33 sgid=33 fsgid=33 tty=(none) ses=4294967295 comm="apache2" exe="/usr/sbin/apache2" subj=unconfined key="T1166_Seuid_and_Setgid"ARCH=x86_64 SYSCALL=setgid AUID="unset" UID="root" GID="www-data" EUID="root" SUID="root" FSUID="root" EGID="www-data" SGID="www-data" FSGID="www-data"
type=PROCTITLE msg=audit(1768183219.915:1868): proctitle=2F7573722F7362696E2F61706163686532002D6B007374617274
type=SYSCALL msg=audit(1768183219.915:1869): arch=c000003e syscall=42 success=yes exit=0 a0=c a1=7fff04d79e10 a2=2d a3=5e8356428230 items=1 ppid=966 pid=1441 auid=4294967295 uid=0 gid=33 euid=0 suid=0 fsuid=0 egid=33 sgid=33 fsgid=33 tty=(none) ses=4294967295 comm="apache2" exe="/usr/sbin/apache2" subj=unconfined key="T1043_Commonly_Used_Port"ARCH=x86_64 SYSCALL=connect AUID="unset" UID="root" GID="www-data" EUID="root" SUID="root" FSUID="root" EGID="www-data" SGID="www-data" FSGID="www-data"
type=SOCKADDR msg=audit(1768183219.915:1869): saddr=01002F72756E2F73797374656D642F7573657264622F696F2E73797374656D642E44796E616D69635573657200SADDR={ saddr_fam=local path=/run/systemd/userdb/io.systemd.DynamicUser }
type=PATH msg=audit(1768183219.915:1869): item=0 name="/run/systemd/userdb/io.systemd.DynamicUser" inode=443 dev=00:18 mode=0140666 ouid=0 ogid=0 rdev=00:00 nametype=NORMAL cap_fp=0 cap_fi=0 cap_fe=0 cap_fver=0 cap_frootid=0OUID="root" OGID="root"
type=PROCTITLE msg=audit(1768183219.915:1869): proctitle=2F7573722F7362696E2F61706163686532002D6B007374617274
type=SYSCALL msg=audit(1768183219.917:1870): arch=c000003e syscall=105 success=yes exit=0 a0=21 a1=5e835629fda0 a2=5e86be77ea6f a3=5e835629fdb0 items=0 ppid=966 pid=1441 auid=4294967295 uid=33 gid=33 euid=33 suid=33 fsuid=33 egid=33 sgid=33 fsgid=33 tty=(none) ses=4294967295 comm="apache2" exe="/usr/sbin/apache2" subj=unconfined key="T1166_Seuid_and_Setgid"ARCH=x86_64 SYSCALL=setuid AUID="unset" UID="www-data" GID="www-data" EUID="www-data" SUID="www-data" FSUID="www-data" EGID="www-data" SGID="www-data" FSGID="www-data"
type=PROCTITLE msg=audit(1768183219.917:1870): proctitle=2F7573722F7362696E2F61706163686532002D6B007374617274
type=SYSCALL msg=audit(1768183235.290:1871): arch=c000003e syscall=59 success=yes exit=0 a0=5c666e18b8d0 a1=5c666e0463c0 a2=5c666e045cc0 a3=5c666e0463c0 items=2 ppid=1426 pid=1443 auid=1000 uid=0 gid=0 euid=0 suid=0 fsuid=0 egid=0 sgid=0 fsgid=0 tty=pts1 ses=3 comm="systemctl" exe="/usr/bin/systemctl" subj=unconfined key="T1078_Valid_Accounts"ARCH=x86_64 SYSCALL=execve AUID="vboxuser" UID="root" GID="root" EUID="root" SUID="root" FSUID="root" EGID="root" SGID="root" FSGID="root"
type=EXECVE msg=audit(1768183235.290:1871): argc=3 a0="systemctl" a1="status" a2="apache2"
type=PATH msg=audit(1768183235.290:1871): item=0 name="/usr/bin/systemctl" inode=1461475 dev=08:02 mode=0100755 ouid=0 ogid=0 rdev=00:00 nametype=NORMAL cap_fp=0 cap_fi=0 cap_fe=0 cap_fver=0 cap_frootid=0OUID="root" OGID="root"
type=PATH msg=audit(1768183235.290:1871): item=1 name="/lib64/ld-linux-x86-64.so.2" inode=1481429 dev=08:02 mode=0100755 ouid=0 ogid=0 rdev=00:00 nametype=NORMAL cap_fp=0 cap_fi=0 cap_fe=0 cap_fver=0 cap_frootid=0OUID="root" OGID="root"
type=PROCTITLE msg=audit(1768183235.290:1871): proctitle=73797374656D63746C007374617475730061706163686532
type=SYSCALL msg=audit(1768183235.302:1872): arch=c000003e syscall=42 success=yes exit=0 a0=3 a1=613b89c3aac8 a2=17 a3=7fffa5828dc4 items=1 ppid=1426 pid=1443 auid=1000 uid=0 gid=0 euid=0 suid=0 fsuid=0 egid=0 sgid=0 fsgid=0 tty=pts1 ses=3 comm="systemctl" exe="/usr/bin/systemctl" subj=unconfined key="T1043_Commonly_Used_Port"ARCH=x86_64 SYSCALL=connect AUID="vboxuser" UID="root" GID="root" EUID="root" SUID="root" FSUID="root" EGID="root" SGID="root" FSGID="root"
type=SOCKADDR msg=audit(1768183235.302:1872): saddr=01002F72756E2F73797374656D642F7072697661746500SADDR={ saddr_fam=local path=/run/systemd/private }
type=PATH msg=audit(1768183235.302:1872): item=0 name="/run/systemd/private" inode=441 dev=00:18 mode=0140700 ouid=0 ogid=0 rdev=00:00 nametype=NORMAL cap_fp=0 cap_fi=0 cap_fe=0 cap_fver=0 cap_frootid=0OUID="root" OGID="root"
type=PROCTITLE msg=audit(1768183235.302:1872): proctitle=73797374656D63746C007374617475730061706163686532
type=SYSCALL msg=audit(1768183243.890:1873): arch=c000003e syscall=59 success=yes exit=0 a0=5c666e18bb30 a1=5c666e0463c0 a2=5c666e045cc0 a3=5c666e0463c0 items=2 ppid=1426 pid=1444 auid=1000 uid=0 gid=0 euid=0 suid=0 fsuid=0 egid=0 sgid=0 fsgid=0 tty=pts1 ses=3 comm="ls" exe="/usr/bin/ls" subj=unconfined key="T1078_Valid_Accounts"ARCH=x86_64 SYSCALL=execve AUID="vboxuser" UID="root" GID="root" EUID="root" SUID="root" FSUID="root" EGID="root" SGID="root" FSGID="root"
type=EXECVE msg=audit(1768183243.890:1873): argc=4 a0="ls" a1="--color=auto" a2="-l" a3="/var/www/"
type=PATH msg=audit(1768183243.890:1873): item=0 name="/usr/bin/ls" inode=1442533 dev=08:02 mode=0100755 ouid=0 ogid=0 rdev=00:00 nametype=NORMAL cap_fp=0 cap_fi=0 cap_fe=0 cap_fver=0 cap_frootid=0OUID="root" OGID="root"
type=PATH msg=audit(1768183243.890:1873): item=1 name="/lib64/ld-linux-x86-64.so.2" inode=1481429 dev=08:02 mode=0100755 ouid=0 ogid=0 rdev=00:00 nametype=NORMAL cap_fp=0 cap_fi=0 cap_fe=0 cap_fver=0 cap_frootid=0OUID="root" OGID="root"
type=PROCTITLE msg=audit(1768183243.890:1873): proctitle=6C73002D2D636F6C6F723D6175746F002D6C002F7661722F7777772F
type=SYSCALL msg=audit(1768183251.550:1874): arch=c000003e syscall=59 success=yes exit=0 a0=5c666e0618b0 a1=5c666e18bbd0 a2=5c666e045cc0 a3=5c666e18bbd0 items=2 ppid=1426 pid=1445 auid=1000 uid=0 gid=0 euid=0 suid=0 fsuid=0 egid=0 sgid=0 fsgid=0 tty=pts1 ses=3 comm="ls" exe="/usr/bin/ls" subj=unconfined key="T1078_Valid_Accounts"ARCH=x86_64 SYSCALL=execve AUID="vboxuser" UID="root" GID="root" EUID="root" SUID="root" FSUID="root" EGID="root" SGID="root" FSGID="root"
type=EXECVE msg=audit(1768183251.550:1874): argc=4 a0="ls" a1="--color=auto" a2="-l" a3="/var/www/nextcloud"
type=PATH msg=audit(1768183251.550:1874): item=0 name="/usr/bin/ls" inode=1442533 dev=08:02 mode=0100755 ouid=0 ogid=0 rdev=00:00 nametype=NORMAL cap_fp=0 cap_fi=0 cap_fe=0 cap_fver=0 cap_frootid=0OUID="root" OGID="root"
type=PATH msg=audit(1768183251.550:1874): item=1 name="/lib64/ld-linux-x86-64.so.2" inode=1481429 dev=08:02 mode=0100755 ouid=0 ogid=0 rdev=00:00 nametype=NORMAL cap_fp=0 cap_fi=0 cap_fe=0 cap_fver=0 cap_frootid=0OUID="root" OGID="root"
type=PROCTITLE msg=audit(1768183251.550:1874): proctitle=6C73002D2D636F6C6F723D6175746F002D6C002F7661722F7777772F6E657874636C6F7564
type=SYSCALL msg=audit(1768183258.921:1875): arch=c000003e syscall=59 success=yes exit=0 a0=5c666e124e50 a1=5c666e059820 a2=5c666e045cc0 a3=5c666e046380 items=2 ppid=1426 pid=1446 auid=1000 uid=0 gid=0 euid=0 suid=0 fsuid=0 egid=0 sgid=0 fsgid=0 tty=pts1 ses=3 comm="ls" exe="/usr/bin/ls" subj=unconfined key="T1078_Valid_Accounts"ARCH=x86_64 SYSCALL=execve AUID="vboxuser" UID="root" GID="root" EUID="root" SUID="root" FSUID="root" EGID="root" SGID="root" FSGID="root"
type=EXECVE msg=audit(1768183258.921:1875): argc=4 a0="ls" a1="--color=auto" a2="-l" a3="/etc/apache2/sites-enabled/"
type=PATH msg=audit(1768183258.921:1875): item=0 name="/usr/bin/ls" inode=1442533 dev=08:02 mode=0100755 ouid=0 ogid=0 rdev=00:00 nametype=NORMAL cap_fp=0 cap_fi=0 cap_fe=0 cap_fver=0 cap_frootid=0OUID="root" OGID="root"
type=PATH msg=audit(1768183258.921:1875): item=1 name="/lib64/ld-linux-x86-64.so.2" inode=1481429 dev=08:02 mode=0100755 ouid=0 ogid=0 rdev=00:00 nametype=NORMAL cap_fp=0 cap_fi=0 cap_fe=0 cap_fver=0 cap_frootid=0OUID="root" OGID="root"
type=PROCTITLE msg=audit(1768183258.921:1875): proctitle=6C73002D2D636F6C6F723D6175746F002D6C002F6574632F617061636865322F73697465732D656E61626C65642F
type=SYSCALL msg=audit(1768183269.028:1876): arch=c000003e syscall=59 success=yes exit=0 a0=5c666e18bb30 a1=5c666e18b930 a2=5c666e045cc0 a3=5c666e18b930 items=2 ppid=1426 pid=1447 auid=1000 uid=0 gid=0 euid=0 suid=0 fsuid=0 egid=0 sgid=0 fsgid=0 tty=pts1 ses=3 comm="cat" exe="/usr/bin/cat" subj=unconfined key="T1078_Valid_Accounts"ARCH=x86_64 SYSCALL=execve AUID="vboxuser" UID="root" GID="root" EUID="root" SUID="root" FSUID="root" EGID="root" SGID="root" FSGID="root"
type=EXECVE msg=audit(1768183269.028:1876): argc=2 a0="cat" a1="/etc/apache2/sites-enabled/nextcloud.conf"
type=PATH msg=audit(1768183269.028:1876): item=0 name="/usr/bin/cat" inode=1442301 dev=08:02 mode=0100755 ouid=0 ogid=0 rdev=00:00 nametype=NORMAL cap_fp=0 cap_fi=0 cap_fe=0 cap_fver=0 cap_frootid=0OUID="root" OGID="root"
type=PATH msg=audit(1768183269.028:1876): item=1 name="/lib64/ld-linux-x86-64.so.2" inode=1481429 dev=08:02 mode=0100755 ouid=0 ogid=0 rdev=00:00 nametype=NORMAL cap_fp=0 cap_fi=0 cap_fe=0 cap_fver=0 cap_frootid=0OUID="root" OGID="root"
type=PROCTITLE msg=audit(1768183269.028:1876): proctitle=636174002F6574632F617061636865322F73697465732D656E61626C65642F6E657874636C6F75642E636F6E66
type=SYSCALL msg=audit(1768183278.135:1877): arch=c000003e syscall=59 success=yes exit=0 a0=5c666e18bd60 a1=5c666e059820 a2=5c666e045cc0 a3=5c666e059820 items=2 ppid=1426 pid=1448 auid=1000 uid=0 gid=0 euid=0 suid=0 fsuid=0 egid=0 sgid=0 fsgid=0 tty=pts1 ses=3 comm="ls" exe="/usr/bin/ls" subj=unconfined key="T1078_Valid_Accounts"ARCH=x86_64 SYSCALL=execve AUID="vboxuser" UID="root" GID="root" EUID="root" SUID="root" FSUID="root" EGID="root" SGID="root" FSGID="root"
type=EXECVE msg=audit(1768183278.135:1877): argc=4 a0="ls" a1="--color=auto" a2="-l" a3="/var/www/html"
type=PATH msg=audit(1768183278.135:1877): item=0 name="/usr/bin/ls" inode=1442533 dev=08:02 mode=0100755 ouid=0 ogid=0 rdev=00:00 nametype=NORMAL cap_fp=0 cap_fi=0 cap_fe=0 cap_fver=0 cap_frootid=0OUID="root" OGID="root"
type=PATH msg=audit(1768183278.135:1877): item=1 name="/lib64/ld-linux-x86-64.so.2" inode=1481429 dev=08:02 mode=0100755 ouid=0 ogid=0 rdev=00:00 nametype=NORMAL cap_fp=0 cap_fi=0 cap_fe=0 cap_fver=0 cap_frootid=0OUID="root" OGID="root"
type=PROCTITLE msg=audit(1768183278.135:1877): proctitle=6C73002D2D636F6C6F723D6175746F002D6C002F7661722F7777772F68746D6C
type=SYSCALL msg=audit(1768183286.170:1878): arch=c000003e syscall=59 success=yes exit=0 a0=5c666e18bdc0 a1=5c666e18bd80 a2=5c666e045cc0 a3=5c666e18bd80 items=3 ppid=1426 pid=1449 auid=1000 uid=0 gid=0 euid=0 suid=0 fsuid=0 egid=0 sgid=0 fsgid=0 tty=pts1 ses=3 comm="a2enmod" exe="/usr/bin/perl" subj=unconfined key="T1078_Valid_Accounts"ARCH=x86_64 SYSCALL=execve AUID="vboxuser" UID="root" GID="root" EUID="root" SUID="root" FSUID="root" EGID="root" SGID="root" FSGID="root"
type=EXECVE msg=audit(1768183286.170:1878): argc=4 a0="/usr/bin/perl" a1="-w" a2="/usr/sbin/a2enmod" a3="rewrite"
type=PATH msg=audit(1768183286.170:1878): item=0 name="/usr/sbin/a2enmod" inode=1479337 dev=08:02 mode=0100755 ouid=0 ogid=0 rdev=00:00 nametype=NORMAL cap_fp=0 cap_fi=0 cap_fe=0 cap_fver=0 cap_frootid=0OUID="root" OGID="root"
type=PATH msg=audit(1768183286.170:1878): item=1 name="/usr/bin/perl" inode=1442334 dev=08:02 mode=0100755 ouid=0 ogid=0 rdev=00:00 nametype=NORMAL cap_fp=0 cap_fi=0 cap_fe=0 cap_fver=0 cap_frootid=0OUID="root" OGID="root"
type=PATH msg=audit(1768183286.170:1878): item=2 name="/lib64/ld-linux-x86-64.so.2" inode=1481429 dev=08:02 mode=0100755 ouid=0 ogid=0 rdev=00:00 nametype=NORMAL cap_fp=0 cap_fi=0 cap_fe=0 cap_fver=0 cap_frootid=0OUID="root" OGID="root"
type=PROCTITLE msg=audit(1768183286.170:1878): proctitle=2F7573722F62696E2F7065726C002D77002F7573722F7362696E2F6132656E6D6F640072657772697465
type=SYSCALL msg=audit(1768183286.288:1879): arch=c000003e syscall=59 success=yes exit=0 a0=58c1714a4778 a1=7fff46bdacc0 a2=58c190baccd0 a3=58c171322d62 items=2 ppid=1449 pid=1450 auid=1000 uid=0 gid=0 euid=0 suid=0 fsuid=0 egid=0 sgid=0 fsgid=0 tty=pts1 ses=3 comm="sh" exe="/usr/bin/dash" subj=unconfined key="T1078_Valid_Accounts"ARCH=x86_64 SYSCALL=execve AUID="vboxuser" UID="root" GID="root" EUID="root" SUID="root" FSUID="root" EGID="root" SGID="root" FSGID="root"
type=EXECVE msg=audit(1768183286.288:1879): argc=3 a0="sh" a1="-c" a2=656E76202D207368202D6320272E202F6574632F617061636865322F656E767661727320262620656E7627
type=PATH msg=audit(1768183286.288:1879): item=0 name="/bin/sh" inode=1442345 dev=08:02 mode=0100755 ouid=0 ogid=0 rdev=00:00 nametype=NORMAL cap_fp=0 cap_fi=0 cap_fe=0 cap_fver=0 cap_frootid=0OUID="root" OGID="root"
type=PATH msg=audit(1768183286.288:1879): item=1 name="/lib64/ld-linux-x86-64.so.2" inode=1481429 dev=08:02 mode=0100755 ouid=0 ogid=0 rdev=00:00 nametype=NORMAL cap_fp=0 cap_fi=0 cap_fe=0 cap_fver=0 cap_frootid=0OUID="root" OGID="root"
type=PROCTITLE msg=audit(1768183286.288:1879): proctitle=7368002D6300656E76202D207368202D6320272E202F6574632F617061636865322F656E767661727320262620656E7627
type=SYSCALL msg=audit(1768183286.292:1880): arch=c000003e syscall=59 success=yes exit=0 a0=55dc122bc878 a1=55dc122bc790 a2=55dc122bc7c0 a3=8 items=2 ppid=1450 pid=1451 auid=1000 uid=0 gid=0 euid=0 suid=0 fsuid=0 egid=0 sgid=0 fsgid=0 tty=pts1 ses=3 comm="env" exe="/usr/bin/env" subj=unconfined key="T1078_Valid_Accounts"ARCH=x86_64 SYSCALL=execve AUID="vboxuser" UID="root" GID="root" EUID="root" SUID="root" FSUID="root" EGID="root" SGID="root" FSGID="root"
type=EXECVE msg=audit(1768183286.292:1880): argc=5 a0="env" a1="-" a2="sh" a3="-c" a4=2E202F6574632F617061636865322F656E767661727320262620656E76
type=PATH msg=audit(1768183286.292:1880): item=0 name="/usr/bin/env" inode=1442401 dev=08:02 mode=0100755 ouid=0 ogid=0 rdev=00:00 nametype=NORMAL cap_fp=0 cap_fi=0 cap_fe=0 cap_fver=0 cap_frootid=0OUID="root" OGID="root"
type=PATH msg=audit(1768183286.292:1880): item=1 name="/lib64/ld-linux-x86-64.so.2" inode=1481429 dev=08:02 mode=0100755 ouid=0 ogid=0 rdev=00:00 nametype=NORMAL cap_fp=0 cap_fi=0 cap_fe=0 cap_fver=0 cap_frootid=0OUID="root" OGID="root"
type=PROCTITLE msg=audit(1768183286.292:1880): proctitle=656E76002D007368002D63002E202F6574632F617061636865322F656E767661727320262620656E76
type=SYSCALL msg=audit(1768183286.294:1881): arch=c000003e syscall=59 success=yes exit=0 a0=7ffe3e1a80c0 a1=7ffe3e1a8418 a2=592244e843a8 a3=7a2953fcdb00 items=2 ppid=1450 pid=1451 auid=1000 uid=0 gid=0 euid=0 suid=0 fsuid=0 egid=0 sgid=0 fsgid=0 tty=pts1 ses=3 comm="sh" exe="/usr/bin/dash" subj=unconfined key="T1078_Valid_Accounts"ARCH=x86_64 SYSCALL=execve AUID="vboxuser" UID="root" GID="root" EUID="root" SUID="root" FSUID="root" EGID="root" SGID="root" FSGID="root"
type=EXECVE msg=audit(1768183286.294:1881): argc=3 a0="sh" a1="-c" a2=2E202F6574632F617061636865322F656E767661727320262620656E76
type=PATH msg=audit(1768183286.294:1881): item=0 name="/bin/sh" inode=1442345 dev=08:02 mode=0100755 ouid=0 ogid=0 rdev=00:00 nametype=NORMAL cap_fp=0 cap_fi=0 cap_fe=0 cap_fver=0 cap_frootid=0OUID="root" OGID="root"
type=PATH msg=audit(1768183286.294:1881): item=1 name="/lib64/ld-linux-x86-64.so.2" inode=1481429 dev=08:02 mode=0100755 ouid=0 ogid=0 rdev=00:00 nametype=NORMAL cap_fp=0 cap_fi=0 cap_fe=0 cap_fver=0 cap_frootid=0OUID="root" OGID="root"
type=PROCTITLE msg=audit(1768183286.294:1881): proctitle=656E76002D007368002D63002E202F6574632F617061636865322F656E767661727320262620656E76
type=SYSCALL msg=audit(1768183286.298:1882): arch=c000003e syscall=59 success=yes exit=0 a0=64fd6c6a8620 a1=64fd6c6a85c8 a2=64fd6c6a85d8 a3=8 items=2 ppid=1451 pid=1452 auid=1000 uid=0 gid=0 euid=0 suid=0 fsuid=0 egid=0 sgid=0 fsgid=0 tty=pts1 ses=3 comm="env" exe="/usr/bin/env" subj=unconfined key="T1078_Valid_Accounts"ARCH=x86_64 SYSCALL=execve AUID="vboxuser" UID="root" GID="root" EUID="root" SUID="root" FSUID="root" EGID="root" SGID="root" FSGID="root"
type=EXECVE msg=audit(1768183286.298:1882): argc=1 a0="env"
type=PATH msg=audit(1768183286.298:1882): item=0 name="/usr/bin/env" inode=1442401 dev=08:02 mode=0100755 ouid=0 ogid=0 rdev=00:00 nametype=NORMAL cap_fp=0 cap_fi=0 cap_fe=0 cap_fver=0 cap_frootid=0OUID="root" OGID="root"
type=PATH msg=audit(1768183286.298:1882): item=1 name="/lib64/ld-linux-x86-64.so.2" inode=1481429 dev=08:02 mode=0100755 ouid=0 ogid=0 rdev=00:00 nametype=NORMAL cap_fp=0 cap_fi=0 cap_fe=0 cap_fver=0 cap_frootid=0OUID="root" OGID="root"
type=PROCTITLE msg=audit(1768183286.298:1882): proctitle="env"
type=SYSCALL msg=audit(1768183286.310:1883): arch=c000003e syscall=59 success=yes exit=0 a0=58c1714a4778 a1=7fff46bdacc0 a2=58c190bc9130 a3=58c171322d62 items=2 ppid=1449 pid=1453 auid=1000 uid=0 gid=0 euid=0 suid=0 fsuid=0 egid=0 sgid=0 fsgid=0 tty=pts1 ses=3 comm="sh" exe="/usr/bin/dash" subj=unconfined key="T1078_Valid_Accounts"ARCH=x86_64 SYSCALL=execve AUID="vboxuser" UID="root" GID="root" EUID="root" SUID="root" FSUID="root" EGID="root" SGID="root" FSGID="root"
type=EXECVE msg=audit(1768183286.310:1883): argc=3 a0="sh" a1="-c" a2=66696E6420222F7661722F6C69622F617061636865322F6D6F64756C6522202D747970652066202D61202D6E616D6520227265777269746522
type=PATH msg=audit(1768183286.310:1883): item=0 name="/bin/sh" inode=1442345 dev=08:02 mode=0100755 ouid=0 ogid=0 rdev=00:00 nametype=NORMAL cap_fp=0 cap_fi=0 cap_fe=0 cap_fver=0 cap_frootid=0OUID="root" OGID="root"
type=PATH msg=audit(1768183286.310:1883): item=1 name="/lib64/ld-linux-x86-64.so.2" inode=1481429 dev=08:02 mode=0100755 ouid=0 ogid=0 rdev=00:00 nametype=NORMAL cap_fp=0 cap_fi=0 cap_fe=0 cap_fver=0 cap_frootid=0OUID="root" OGID="root"
type=PROCTITLE msg=audit(1768183286.310:1883): proctitle=7368002D630066696E6420222F7661722F6C69622F617061636865322F6D6F64756C6522202D747970652066202D61202D6E616D6520227265777269746522
type=SYSCALL msg=audit(1768183286.315:1884): arch=c000003e syscall=59 success=yes exit=0 a0=63f4efadba20 a1=63f4efadb8f8 a2=63f4efadb938 a3=8 items=2 ppid=1453 pid=1454 auid=1000 uid=0 gid=0 euid=0 suid=0 fsuid=0 egid=0 sgid=0 fsgid=0 tty=pts1 ses=3 comm="find" exe="/usr/bin/find" subj=unconfined key="T1078_Valid_Accounts"ARCH=x86_64 SYSCALL=execve AUID="vboxuser" UID="root" GID="root" EUID="root" SUID="root" FSUID="root" EGID="root" SGID="root" FSGID="root"
type=EXECVE msg=audit(1768183286.315:1884): argc=7 a0="find" a1="/var/lib/apache2/module" a2="-type" a3="f" a4="-a" a5="-name" a6="rewrite"
type=PATH msg=audit(1768183286.315:1884): item=0 name="/usr/bin/find" inode=1442415 dev=08:02 mode=0100755 ouid=0 ogid=0 rdev=00:00 nametype=NORMAL cap_fp=0 cap_fi=0 cap_fe=0 cap_fver=0 cap_frootid=0OUID="root" OGID="root"
type=PATH msg=audit(1768183286.315:1884): item=1 name="/lib64/ld-linux-x86-64.so.2" inode=1481429 dev=08:02 mode=0100755 ouid=0 ogid=0 rdev=00:00 nametype=NORMAL cap_fp=0 cap_fi=0 cap_fe=0 cap_fver=0 cap_frootid=0OUID="root" OGID="root"
type=PROCTITLE msg=audit(1768183286.315:1884): proctitle=66696E64002F7661722F6C69622F617061636865322F6D6F64756C65002D747970650066002D61002D6E616D650072657772697465
type=SYSCALL msg=audit(1768183286.324:1885): arch=c000003e syscall=59 success=yes exit=0 a0=58c1714a4778 a1=7fff46bdacc0 a2=58c190bc9130 a3=58c171322d62 items=2 ppid=1449 pid=1455 auid=1000 uid=0 gid=0 euid=0 suid=0 fsuid=0 egid=0 sgid=0 fsgid=0 tty=pts1 ses=3 comm="sh" exe="/usr/bin/dash" subj=unconfined key="T1078_Valid_Accounts"ARCH=x86_64 SYSCALL=execve AUID="vboxuser" UID="root" GID="root" EUID="root" SUID="root" FSUID="root" EGID="root" SGID="root" FSGID="root"
type=EXECVE msg=audit(1768183286.324:1885): argc=3 a0="sh" a1="-c" a2=746F75636820222F7661722F6C69622F617061636865322F6D6F64756C652F656E61626C65645F62795F61646D696E2F7265777269746522
type=PATH msg=audit(1768183286.324:1885): item=0 name="/bin/sh" inode=1442345 dev=08:02 mode=0100755 ouid=0 ogid=0 rdev=00:00 nametype=NORMAL cap_fp=0 cap_fi=0 cap_fe=0 cap_fver=0 cap_frootid=0OUID="root" OGID="root"
type=PATH msg=audit(1768183286.324:1885): item=1 name="/lib64/ld-linux-x86-64.so.2" inode=1481429 dev=08:02 mode=0100755 ouid=0 ogid=0 rdev=00:00 nametype=NORMAL cap_fp=0 cap_fi=0 cap_fe=0 cap_fver=0 cap_frootid=0OUID="root" OGID="root"
type=PROCTITLE msg=audit(1768183286.324:1885): proctitle=7368002D6300746F75636820222F7661722F6C69622F617061636865322F6D6F64756C652F656E61626C65645F62795F61646D696E2F7265777269746522
type=SYSCALL msg=audit(1768183286.328:1886): arch=c000003e syscall=59 success=yes exit=0 a0=60259a161a70 a1=6025912e4600 a2=60259a161988 a3=1 items=2 ppid=1455 pid=1456 auid=1000 uid=0 gid=0 euid=0 suid=0 fsuid=0 egid=0 sgid=0 fsgid=0 tty=pts1 ses=3 comm="touch" exe="/usr/bin/touch" subj=unconfined key="T1078_Valid_Accounts"ARCH=x86_64 SYSCALL=execve AUID="vboxuser" UID="root" GID="root" EUID="root" SUID="root" FSUID="root" EGID="root" SGID="root" FSGID="root"
type=EXECVE msg=audit(1768183286.328:1886): argc=2 a0="touch" a1="/var/lib/apache2/module/enabled_by_admin/rewrite"
type=PATH msg=audit(1768183286.328:1886): item=0 name="/usr/bin/touch" inode=1442924 dev=08:02 mode=0100755 ouid=0 ogid=0 rdev=00:00 nametype=NORMAL cap_fp=0 cap_fi=0 cap_fe=0 cap_fver=0 cap_frootid=0OUID="root" OGID="root"
type=PATH msg=audit(1768183286.328:1886): item=1 name="/lib64/ld-linux-x86-64.so.2" inode=1481429 dev=08:02 mode=0100755 ouid=0 ogid=0 rdev=00:00 nametype=NORMAL cap_fp=0 cap_fi=0 cap_fe=0 cap_fver=0 cap_frootid=0OUID="root" OGID="root"
type=PROCTITLE msg=audit(1768183286.328:1886): proctitle=746F756368002F7661722F6C69622F617061636865322F6D6F64756C652F656E61626C65645F62795F61646D696E2F72657772697465
type=SYSCALL msg=audit(1768183296.650:1887): arch=c000003e syscall=59 success=yes exit=0 a0=5c666e0618b0 a1=5c666e18be90 a2=5c666e045cc0 a3=5c666e18be90 items=2 ppid=1426 pid=1457 auid=1000 uid=0 gid=0 euid=0 suid=0 fsuid=0 egid=0 sgid=0 fsgid=0 tty=pts1 ses=3 comm="systemctl" exe="/usr/bin/systemctl" subj=unconfined key="T1078_Valid_Accounts"ARCH=x86_64 SYSCALL=execve AUID="vboxuser" UID="root" GID="root" EUID="root" SUID="root" FSUID="root" EGID="root" SGID="root" FSGID="root"
type=EXECVE msg=audit(1768183296.650:1887): argc=3 a0="systemctl" a1="restart" a2="apache2"
type=PATH msg=audit(1768183296.650:1887): item=0 name="/usr/bin/systemctl" inode=1461475 dev=08:02 mode=0100755 ouid=0 ogid=0 rdev=00:00 nametype=NORMAL cap_fp=0 cap_fi=0 cap_fe=0 cap_fver=0 cap_frootid=0OUID="root" OGID="root"
type=PATH msg=audit(1768183296.650:1887): item=1 name="/lib64/ld-linux-x86-64.so.2" inode=1481429 dev=08:02 mode=0100755 ouid=0 ogid=0 rdev=00:00 nametype=NORMAL cap_fp=0 cap_fi=0 cap_fe=0 cap_fver=0 cap_frootid=0OUID="root" OGID="root"
type=PROCTITLE msg=audit(1768183296.650:1887): proctitle=73797374656D63746C00726573746172740061706163686532
type=SYSCALL msg=audit(1768183296.682:1888): arch=c000003e syscall=42 success=yes exit=0 a0=3 a1=55e9156d0ac8 a2=17 a3=7fff04eeb0b4 items=1 ppid=1426 pid=1457 auid=1000 uid=0 gid=0 euid=0 suid=0 fsuid=0 egid=0 sgid=0 fsgid=0 tty=pts1 ses=3 comm="systemctl" exe="/usr/bin/systemctl" subj=unconfined key="T1043_Commonly_Used_Port"ARCH=x86_64 SYSCALL=connect AUID="vboxuser" UID="root" GID="root" EUID="root" SUID="root" FSUID="root" EGID="root" SGID="root" FSGID="root"
type=SOCKADDR msg=audit(1768183296.682:1888): saddr=01002F72756E2F73797374656D642F7072697661746500SADDR={ saddr_fam=local path=/run/systemd/private }
type=PATH msg=audit(1768183296.682:1888): item=0 name="/run/systemd/private" inode=441 dev=00:18 mode=0140700 ouid=0 ogid=0 rdev=00:00 nametype=NORMAL cap_fp=0 cap_fi=0 cap_fe=0 cap_fver=0 cap_frootid=0OUID="root" OGID="root"
type=PROCTITLE msg=audit(1768183296.682:1888): proctitle=73797374656D63746C00726573746172740061706163686532
type=SYSCALL msg=audit(1768183296.689:1889): arch=c000003e syscall=59 success=yes exit=0 a0=55e8fae11090 a1=7fff04eeb330 a2=7fff04eebbb8 a3=74a6e9daa8d0 items=2 ppid=1457 pid=1458 auid=1000 uid=0 gid=0 euid=0 suid=0 fsuid=0 egid=0 sgid=0 fsgid=0 tty=pts1 ses=3 comm="systemd-tty-ask" exe="/usr/bin/systemd-tty-ask-password-agent" subj=unconfined key="T1078_Valid_Accounts"ARCH=x86_64 SYSCALL=execve AUID="vboxuser" UID="root" GID="root" EUID="root" SUID="root" FSUID="root" EGID="root" SGID="root" FSGID="root"
type=EXECVE msg=audit(1768183296.689:1889): argc=2 a0="/usr/bin/systemd-tty-ask-password-agent" a1="--watch"
type=PATH msg=audit(1768183296.689:1889): item=0 name="/usr/bin/systemd-tty-ask-password-agent" inode=1461700 dev=08:02 mode=0100755 ouid=0 ogid=0 rdev=00:00 nametype=NORMAL cap_fp=0 cap_fi=0 cap_fe=0 cap_fver=0 cap_frootid=0OUID="root" OGID="root"
type=PATH msg=audit(1768183296.689:1889): item=1 name="/lib64/ld-linux-x86-64.so.2" inode=1481429 dev=08:02 mode=0100755 ouid=0 ogid=0 rdev=00:00 nametype=NORMAL cap_fp=0 cap_fi=0 cap_fe=0 cap_fver=0 cap_frootid=0OUID="root" OGID="root"
type=PROCTITLE msg=audit(1768183296.689:1889): proctitle=2F7573722F62696E2F73797374656D642D7474792D61736B2D70617373776F72642D6167656E74002D2D7761746368
type=SYSCALL msg=audit(1768183296.730:1890): arch=c000003e syscall=59 success=yes exit=0 a0=7ffd77ea2620 a1=7ffd77ea2640 a2=7ffd77ea3128 a3=8 items=2 ppid=1 pid=1459 auid=4294967295 uid=0 gid=0 euid=0 suid=0 fsuid=0 egid=0 sgid=0 fsgid=0 tty=(none) ses=4294967295 comm="9" exe="/usr/lib/systemd/systemd-executor" subj=unconfined key="T1078_Valid_Accounts"ARCH=x86_64 SYSCALL=execve AUID="unset" UID="root" GID="root" EUID="root" SUID="root" FSUID="root" EGID="root" SGID="root" FSGID="root"
type=EXECVE msg=audit(1768183296.730:1890): argc=7 a0="/usr/lib/systemd/systemd-executor" a1="--deserialize" a2="104" a3="--log-level" a4="info" a5="--log-target" a6="journal-or-kmsg"
type=PATH msg=audit(1768183296.730:1890): item=0 name="/proc/self/fd/9" inode=1463834 dev=08:02 mode=0100755 ouid=0 ogid=0 rdev=00:00 nametype=NORMAL cap_fp=0 cap_fi=0 cap_fe=0 cap_fver=0 cap_frootid=0OUID="root" OGID="root"
type=PATH msg=audit(1768183296.730:1890): item=1 name="/lib64/ld-linux-x86-64.so.2" inode=1481429 dev=08:02 mode=0100755 ouid=0 ogid=0 rdev=00:00 nametype=NORMAL cap_fp=0 cap_fi=0 cap_fe=0 cap_fver=0 cap_frootid=0OUID="root" OGID="root"
type=PROCTITLE msg=audit(1768183296.730:1890): proctitle=2F7573722F6C69622F73797374656D642F73797374656D642D6578656375746F72002D2D646573657269616C697A6500313034002D2D6C6F672D6C6576656C00696E666F002D2D6C6F672D746172676574006A6F75726E616C2D6F722D6B6D7367
type=SYSCALL msg=audit(1768183296.742:1891): arch=c000003e syscall=42 success=yes exit=0 a0=4 a1=7fff04359450 a2=1e a3=7fff04359500 items=1 ppid=1 pid=1459 auid=4294967295 uid=0 gid=0 euid=0 suid=0 fsuid=0 egid=0 sgid=0 fsgid=0 tty=(none) ses=4294967295 comm="9" exe="/usr/lib/systemd/systemd-executor" subj=unconfined key="T1043_Commonly_Used_Port"ARCH=x86_64 SYSCALL=connect AUID="unset" UID="root" GID="root" EUID="root" SUID="root" FSUID="root" EGID="root" SGID="root" FSGID="root"
type=SOCKADDR msg=audit(1768183296.742:1891): saddr=01002F72756E2F73797374656D642F6A6F75726E616C2F736F636B657400SADDR={ saddr_fam=local path=/run/systemd/journal/socket }
type=PATH msg=audit(1768183296.742:1891): item=0 name="/run/systemd/journal/socket" inode=456 dev=00:18 mode=0140666 ouid=0 ogid=0 rdev=00:00 nametype=NORMAL cap_fp=0 cap_fi=0 cap_fe=0 cap_fver=0 cap_frootid=0OUID="root" OGID="root"
type=PROCTITLE msg=audit(1768183296.742:1891): proctitle=2F7573722F6C69622F73797374656D642F73797374656D642D6578656375746F72002D2D646573657269616C697A6500313034002D2D6C6F672D6C6576656C00696E666F002D2D6C6F672D746172676574006A6F75726E616C2D6F722D6B6D7367
type=SYSCALL msg=audit(1768183296.742:1892): arch=c000003e syscall=42 success=yes exit=0 a0=3 a1=7fff04358fd0 a2=1e a3=fffffff7 items=1 ppid=1 pid=1459 auid=4294967295 uid=0 gid=0 euid=0 suid=0 fsuid=0 egid=0 sgid=0 fsgid=0 tty=(none) ses=4294967295 comm="(pachectl)" exe="/usr/lib/systemd/systemd-executor" subj=unconfined key="T1043_Commonly_Used_Port"ARCH=x86_64 SYSCALL=connect AUID="unset" UID="root" GID="root" EUID="root" SUID="root" FSUID="root" EGID="root" SGID="root" FSGID="root"
type=SOCKADDR msg=audit(1768183296.742:1892): saddr=01002F72756E2F73797374656D642F6A6F75726E616C2F7374646F757400SADDR={ saddr_fam=local path=/run/systemd/journal/stdout }
type=PATH msg=audit(1768183296.742:1892): item=0 name="/run/systemd/journal/stdout" inode=457 dev=00:18 mode=0140666 ouid=0 ogid=0 rdev=00:00 nametype=NORMAL cap_fp=0 cap_fi=0 cap_fe=0 cap_fver=0 cap_frootid=0OUID="root" OGID="root"
type=PROCTITLE msg=audit(1768183296.742:1892): proctitle=2F7573722F6C69622F73797374656D642F73797374656D642D6578656375746F72002D2D646573657269616C697A6500313034002D2D6C6F672D6C6576656C00696E666F002D2D6C6F672D746172676574006A6F75726E616C2D6F722D6B6D7367
type=SYSCALL msg=audit(1768183296.748:1893): arch=c000003e syscall=59 success=yes exit=0 a0=5a8fe00d5480 a1=5a8fe00ddb80 a2=5a8fe00d49b0 a3=5a8fe00d5b80 items=3 ppid=1 pid=1459 auid=4294967295 uid=0 gid=0 euid=0 suid=0 fsuid=0 egid=0 sgid=0 fsgid=0 tty=(none) ses=4294967295 comm="apachectl" exe="/usr/bin/dash" subj=unconfined key="T1078_Valid_Accounts"ARCH=x86_64 SYSCALL=execve AUID="unset" UID="root" GID="root" EUID="root" SUID="root" FSUID="root" EGID="root" SGID="root" FSGID="root"
type=EXECVE msg=audit(1768183296.748:1893): argc=3 a0="/bin/sh" a1="/usr/sbin/apachectl" a2="graceful-stop"
type=PATH msg=audit(1768183296.748:1893): item=0 name="/usr/sbin/apachectl" inode=1479339 dev=08:02 mode=0100755 ouid=0 ogid=0 rdev=00:00 nametype=NORMAL cap_fp=0 cap_fi=0 cap_fe=0 cap_fver=0 cap_frootid=0OUID="root" OGID="root"
type=PATH msg=audit(1768183296.748:1893): item=1 name="/bin/sh" inode=1442345 dev=08:02 mode=0100755 ouid=0 ogid=0 rdev=00:00 nametype=NORMAL cap_fp=0 cap_fi=0 cap_fe=0 cap_fver=0 cap_frootid=0OUID="root" OGID="root"
type=PATH msg=audit(1768183296.748:1893): item=2 name="/lib64/ld-linux-x86-64.so.2" inode=1481429 dev=08:02 mode=0100755 ouid=0 ogid=0 rdev=00:00 nametype=NORMAL cap_fp=0 cap_fi=0 cap_fe=0 cap_fver=0 cap_frootid=0OUID="root" OGID="root"
type=PROCTITLE msg=audit(1768183296.748:1893): proctitle=2F7573722F6C69622F73797374656D642F73797374656D642D6578656375746F72002D2D646573657269616C697A6500313034002D2D6C6F672D6C6576656C00696E666F002D2D6C6F672D746172676574006A6F75726E616C2D6F722D6B6D7367
type=SYSCALL msg=audit(1768183296.753:1894): arch=c000003e syscall=59 success=yes exit=0 a0=5bb1a869fd40 a1=5bb1a86a1c30 a2=5bb1a869fca8 a3=5bb1a86a1a30 items=2 ppid=1459 pid=1460 auid=4294967295 uid=0 gid=0 euid=0 suid=0 fsuid=0 egid=0 sgid=0 fsgid=0 tty=(none) ses=4294967295 comm="id" exe="/usr/bin/id" subj=unconfined key="T1078_Valid_Accounts"ARCH=x86_64 SYSCALL=execve AUID="unset" UID="root" GID="root" EUID="root" SUID="root" FSUID="root" EGID="root" SGID="root" FSGID="root"
type=EXECVE msg=audit(1768183296.753:1894): argc=2 a0="id" a1="-u"
type=PATH msg=audit(1768183296.753:1894): item=0 name="/usr/bin/id" inode=1442474 dev=08:02 mode=0100755 ouid=0 ogid=0 rdev=00:00 nametype=NORMAL cap_fp=0 cap_fi=0 cap_fe=0 cap_fver=0 cap_frootid=0OUID="root" OGID="root"
type=PATH msg=audit(1768183296.753:1894): item=1 name="/lib64/ld-linux-x86-64.so.2" inode=1481429 dev=08:02 mode=0100755 ouid=0 ogid=0 rdev=00:00 nametype=NORMAL cap_fp=0 cap_fi=0 cap_fe=0 cap_fver=0 cap_frootid=0OUID="root" OGID="root"
type=PROCTITLE msg=audit(1768183296.753:1894): proctitle=6964002D75
type=SYSCALL msg=audit(1768183296.757:1895): arch=c000003e syscall=59 success=yes exit=0 a0=5bb1a86a19a0 a1=5bb1a86a32f8 a2=5bb1a86a3318 a3=8 items=2 ppid=1459 pid=1461 auid=4294967295 uid=0 gid=0 euid=0 suid=0 fsuid=0 egid=0 sgid=0 fsgid=0 tty=(none) ses=4294967295 comm="apache2" exe="/usr/sbin/apache2" subj=unconfined key="T1078_Valid_Accounts"ARCH=x86_64 SYSCALL=execve AUID="unset" UID="root" GID="root" EUID="root" SUID="root" FSUID="root" EGID="root" SGID="root" FSGID="root"
type=EXECVE msg=audit(1768183296.757:1895): argc=3 a0="/usr/sbin/apache2" a1="-k" a2="graceful-stop"
type=PATH msg=audit(1768183296.757:1895): item=0 name="/usr/sbin/apache2" inode=1457163 dev=08:02 mode=0100755 ouid=0 ogid=0 rdev=00:00 nametype=NORMAL cap_fp=0 cap_fi=0 cap_fe=0 cap_fver=0 cap_frootid=0OUID="root" OGID="root"
type=PATH msg=audit(1768183296.757:1895): item=1 name="/lib64/ld-linux-x86-64.so.2" inode=1481429 dev=08:02 mode=0100755 ouid=0 ogid=0 rdev=00:00 nametype=NORMAL cap_fp=0 cap_fi=0 cap_fe=0 cap_fver=0 cap_frootid=0OUID="root" OGID="root"
type=PROCTITLE msg=audit(1768183296.757:1895): proctitle=2F7573722F7362696E2F61706163686532002D6B00677261636566756C2D73746F70
type=SYSCALL msg=audit(1768183296.767:1896): arch=c000003e syscall=42 success=yes exit=0 a0=3 a1=5cc5c5700c30 a2=1c a3=0 items=0 ppid=1459 pid=1461 auid=4294967295 uid=0 gid=0 euid=0 suid=0 fsuid=0 egid=0 sgid=0 fsgid=0 tty=(none) ses=4294967295 comm="apache2" exe="/usr/sbin/apache2" subj=unconfined key="T1043_Commonly_Used_Port"ARCH=x86_64 SYSCALL=connect AUID="unset" UID="root" GID="root" EUID="root" SUID="root" FSUID="root" EGID="root" SGID="root" FSGID="root"
type=SOCKADDR msg=audit(1768183296.767:1896): saddr=0A000000000000000000000000000000000000000000000000000000SADDR={ saddr_fam=inet6 laddr=:: lport=0 }
type=PROCTITLE msg=audit(1768183296.767:1896): proctitle=2F7573722F7362696E2F61706163686532002D6B00677261636566756C2D73746F70
type=SYSCALL msg=audit(1768183296.769:1897): arch=c000003e syscall=42 success=yes exit=0 a0=3 a1=7fff17efa0a0 a2=10 a3=0 items=0 ppid=1459 pid=1461 auid=4294967295 uid=0 gid=0 euid=0 suid=0 fsuid=0 egid=0 sgid=0 fsgid=0 tty=(none) ses=4294967295 comm="apache2" exe="/usr/sbin/apache2" subj=unconfined key="T1043_Commonly_Used_Port"ARCH=x86_64 SYSCALL=connect AUID="unset" UID="root" GID="root" EUID="root" SUID="root" FSUID="root" EGID="root" SGID="root" FSGID="root"
type=SOCKADDR msg=audit(1768183296.769:1897): saddr=00000000000000000000000000000000SADDR=unknown-family(0)
type=PROCTITLE msg=audit(1768183296.769:1897): proctitle=2F7573722F7362696E2F61706163686532002D6B00677261636566756C2D73746F70
type=SYSCALL msg=audit(1768183296.769:1898): arch=c000003e syscall=42 success=yes exit=0 a0=3 a1=5cc5c5700c90 a2=10 a3=0 items=0 ppid=1459 pid=1461 auid=4294967295 uid=0 gid=0 euid=0 suid=0 fsuid=0 egid=0 sgid=0 fsgid=0 tty=(none) ses=4294967295 comm="apache2" exe="/usr/sbin/apache2" subj=unconfined key="T1043_Commonly_Used_Port"ARCH=x86_64 SYSCALL=connect AUID="unset" UID="root" GID="root" EUID="root" SUID="root" FSUID="root" EGID="root" SGID="root" FSGID="root"
type=SOCKADDR msg=audit(1768183296.769:1898): saddr=02000000000000000000000000000000SADDR={ saddr_fam=inet laddr=0.0.0.0 lport=0 }
type=PROCTITLE msg=audit(1768183296.769:1898): proctitle=2F7573722F7362696E2F61706163686532002D6B00677261636566756C2D73746F70
type=SYSCALL msg=audit(1768183296.786:1899): arch=c000003e syscall=42 success=yes exit=0 a0=3 a1=5cc5c57256c0 a2=1c a3=0 items=0 ppid=1459 pid=1461 auid=4294967295 uid=0 gid=0 euid=0 suid=0 fsuid=0 egid=0 sgid=0 fsgid=0 tty=(none) ses=4294967295 comm="apache2" exe="/usr/sbin/apache2" subj=unconfined key="T1043_Commonly_Used_Port"ARCH=x86_64 SYSCALL=connect AUID="unset" UID="root" GID="root" EUID="root" SUID="root" FSUID="root" EGID="root" SGID="root" FSGID="root"
type=SOCKADDR msg=audit(1768183296.786:1899): saddr=0A000050000000000000000000000000000000000000000000000000SADDR={ saddr_fam=inet6 laddr=:: lport=80 }
type=PROCTITLE msg=audit(1768183296.786:1899): proctitle=2F7573722F7362696E2F61706163686532002D6B00677261636566756C2D73746F70
type=SYSCALL msg=audit(1768183296.788:1900): arch=c000003e syscall=42 success=yes exit=0 a0=3 a1=7fff17ef9d30 a2=10 a3=0 items=0 ppid=1459 pid=1461 auid=4294967295 uid=0 gid=0 euid=0 suid=0 fsuid=0 egid=0 sgid=0 fsgid=0 tty=(none) ses=4294967295 comm="apache2" exe="/usr/sbin/apache2" subj=unconfined key="T1043_Commonly_Used_Port"ARCH=x86_64 SYSCALL=connect AUID="unset" UID="root" GID="root" EUID="root" SUID="root" FSUID="root" EGID="root" SGID="root" FSGID="root"
type=SOCKADDR msg=audit(1768183296.788:1900): saddr=00000000000000000000000000000000SADDR=unknown-family(0)
type=PROCTITLE msg=audit(1768183296.788:1900): proctitle=2F7573722F7362696E2F61706163686532002D6B00677261636566756C2D73746F70
type=SYSCALL msg=audit(1768183296.788:1901): arch=c000003e syscall=42 success=yes exit=0 a0=3 a1=5cc5c5724e00 a2=10 a3=0 items=0 ppid=1459 pid=1461 auid=4294967295 uid=0 gid=0 euid=0 suid=0 fsuid=0 egid=0 sgid=0 fsgid=0 tty=(none) ses=4294967295 comm="apache2" exe="/usr/sbin/apache2" subj=unconfined key="T1043_Commonly_Used_Port"ARCH=x86_64 SYSCALL=connect AUID="unset" UID="root" GID="root" EUID="root" SUID="root" FSUID="root" EGID="root" SGID="root" FSGID="root"
type=SOCKADDR msg=audit(1768183296.788:1901): saddr=02000050000000000000000000000000SADDR={ saddr_fam=inet laddr=0.0.0.0 lport=80 }
type=PROCTITLE msg=audit(1768183296.788:1901): proctitle=2F7573722F7362696E2F61706163686532002D6B00677261636566756C2D73746F70
type=SYSCALL msg=audit(1768183296.788:1902): arch=c000003e syscall=42 success=yes exit=0 a0=5 a1=5cc5c57256c0 a2=1c a3=0 items=0 ppid=1459 pid=1461 auid=4294967295 uid=0 gid=0 euid=0 suid=0 fsuid=0 egid=0 sgid=0 fsgid=0 tty=(none) ses=4294967295 comm="apache2" exe="/usr/sbin/apache2" subj=unconfined key="T1043_Commonly_Used_Port"ARCH=x86_64 SYSCALL=connect AUID="unset" UID="root" GID="root" EUID="root" SUID="root" FSUID="root" EGID="root" SGID="root" FSGID="root"
type=SOCKADDR msg=audit(1768183296.788:1902): saddr=0A000050000000000000000000000000000000000000000000000000SADDR={ saddr_fam=inet6 laddr=:: lport=80 }
type=PROCTITLE msg=audit(1768183296.788:1902): proctitle=2F7573722F7362696E2F61706163686532002D6B00677261636566756C2D73746F70
type=SYSCALL msg=audit(1768183296.789:1903): arch=c000003e syscall=42 success=yes exit=0 a0=5 a1=7fff17ef9cd0 a2=10 a3=0 items=0 ppid=1459 pid=1461 auid=4294967295 uid=0 gid=0 euid=0 suid=0 fsuid=0 egid=0 sgid=0 fsgid=0 tty=(none) ses=4294967295 comm="apache2" exe="/usr/sbin/apache2" subj=unconfined key="T1043_Commonly_Used_Port"ARCH=x86_64 SYSCALL=connect AUID="unset" UID="root" GID="root" EUID="root" SUID="root" FSUID="root" EGID="root" SGID="root" FSGID="root"
type=SOCKADDR msg=audit(1768183296.789:1903): saddr=00000000000000000000000000000000SADDR=unknown-family(0)
type=PROCTITLE msg=audit(1768183296.789:1903): proctitle=2F7573722F7362696E2F61706163686532002D6B00677261636566756C2D73746F70
type=SYSCALL msg=audit(1768183296.789:1904): arch=c000003e syscall=42 success=yes exit=0 a0=5 a1=5cc5c5724e00 a2=10 a3=0 items=0 ppid=1459 pid=1461 auid=4294967295 uid=0 gid=0 euid=0 suid=0 fsuid=0 egid=0 sgid=0 fsgid=0 tty=(none) ses=4294967295 comm="apache2" exe="/usr/sbin/apache2" subj=unconfined key="T1043_Commonly_Used_Port"ARCH=x86_64 SYSCALL=connect AUID="unset" UID="root" GID="root" EUID="root" SUID="root" FSUID="root" EGID="root" SGID="root" FSGID="root"
type=SOCKADDR msg=audit(1768183296.789:1904): saddr=02000050000000000000000000000000SADDR={ saddr_fam=inet laddr=0.0.0.0 lport=80 }
type=PROCTITLE msg=audit(1768183296.789:1904): proctitle=2F7573722F7362696E2F61706163686532002D6B00677261636566756C2D73746F70
type=SYSCALL msg=audit(1768183296.789:1905): arch=c000003e syscall=42 success=yes exit=0 a0=5 a1=76110920b694 a2=10 a3=7fff17ef7834 items=0 ppid=1459 pid=1461 auid=4294967295 uid=0 gid=0 euid=0 suid=0 fsuid=0 egid=0 sgid=0 fsgid=0 tty=(none) ses=4294967295 comm="apache2" exe="/usr/sbin/apache2" subj=unconfined key="T1043_Commonly_Used_Port"ARCH=x86_64 SYSCALL=connect AUID="unset" UID="root" GID="root" EUID="root" SUID="root" FSUID="root" EGID="root" SGID="root" FSGID="root"
type=SOCKADDR msg=audit(1768183296.789:1905): saddr=020000357F0000350000000000000000SADDR={ saddr_fam=inet laddr=127.0.0.53 lport=53 }
type=PROCTITLE msg=audit(1768183296.789:1905): proctitle=2F7573722F7362696E2F61706163686532002D6B00677261636566756C2D73746F70
type=SYSCALL msg=audit(1768183296.803:1906): arch=c000003e syscall=42 success=yes exit=0 a0=5 a1=76110920b694 a2=10 a3=7fff17ef7834 items=0 ppid=1459 pid=1461 auid=4294967295 uid=0 gid=0 euid=0 suid=0 fsuid=0 egid=0 sgid=0 fsgid=0 tty=(none) ses=4294967295 comm="apache2" exe="/usr/sbin/apache2" subj=unconfined key="T1043_Commonly_Used_Port"ARCH=x86_64 SYSCALL=connect AUID="unset" UID="root" GID="root" EUID="root" SUID="root" FSUID="root" EGID="root" SGID="root" FSGID="root"
type=SOCKADDR msg=audit(1768183296.803:1906): saddr=020000357F0000350000000000000000SADDR={ saddr_fam=inet laddr=127.0.0.53 lport=53 }
type=PROCTITLE msg=audit(1768183296.803:1906): proctitle=2F7573722F7362696E2F61706163686532002D6B00677261636566756C2D73746F70
type=SYSCALL msg=audit(1768183296.804:1907): arch=c000003e syscall=42 success=yes exit=0 a0=5 a1=5cc5c5724e00 a2=10 a3=0 items=0 ppid=1459 pid=1461 auid=4294967295 uid=0 gid=0 euid=0 suid=0 fsuid=0 egid=0 sgid=0 fsgid=0 tty=(none) ses=4294967295 comm="apache2" exe="/usr/sbin/apache2" subj=unconfined key="T1043_Commonly_Used_Port"ARCH=x86_64 SYSCALL=connect AUID="unset" UID="root" GID="root" EUID="root" SUID="root" FSUID="root" EGID="root" SGID="root" FSGID="root"
type=SOCKADDR msg=audit(1768183296.804:1907): saddr=020000000A00020F0000000000000000SADDR={ saddr_fam=inet laddr=10.0.2.15 lport=0 }
type=PROCTITLE msg=audit(1768183296.804:1907): proctitle=2F7573722F7362696E2F61706163686532002D6B00677261636566756C2D73746F70
type=SYSCALL msg=audit(1768183296.804:1908): arch=c000003e syscall=42 success=yes exit=0 a0=5 a1=7fff17ef9720 a2=10 a3=0 items=0 ppid=1459 pid=1461 auid=4294967295 uid=0 gid=0 euid=0 suid=0 fsuid=0 egid=0 sgid=0 fsgid=0 tty=(none) ses=4294967295 comm="apache2" exe="/usr/sbin/apache2" subj=unconfined key="T1043_Commonly_Used_Port"ARCH=x86_64 SYSCALL=connect AUID="unset" UID="root" GID="root" EUID="root" SUID="root" FSUID="root" EGID="root" SGID="root" FSGID="root"
type=SOCKADDR msg=audit(1768183296.804:1908): saddr=00000000000000000000000000000000SADDR=unknown-family(0)
type=PROCTITLE msg=audit(1768183296.804:1908): proctitle=2F7573722F7362696E2F61706163686532002D6B00677261636566756C2D73746F70
type=SYSCALL msg=audit(1768183296.804:1909): arch=c000003e syscall=42 success=yes exit=0 a0=5 a1=5cc5c5700640 a2=10 a3=0 items=0 ppid=1459 pid=1461 auid=4294967295 uid=0 gid=0 euid=0 suid=0 fsuid=0 egid=0 sgid=0 fsgid=0 tty=(none) ses=4294967295 comm="apache2" exe="/usr/sbin/apache2" subj=unconfined key="T1043_Commonly_Used_Port"ARCH=x86_64 SYSCALL=connect AUID="unset" UID="root" GID="root" EUID="root" SUID="root" FSUID="root" EGID="root" SGID="root" FSGID="root"
type=SOCKADDR msg=audit(1768183296.804:1909): saddr=02000000C0A8386B0000000000000000SADDR={ saddr_fam=inet laddr=192.168.56.107 lport=0 }
type=PROCTITLE msg=audit(1768183296.804:1909): proctitle=2F7573722F7362696E2F61706163686532002D6B00677261636566756C2D73746F70
type=SYSCALL msg=audit(1768183296.804:1910): arch=c000003e syscall=42 success=yes exit=0 a0=5 a1=5cc5c57256c0 a2=1c a3=0 items=0 ppid=1459 pid=1461 auid=4294967295 uid=0 gid=0 euid=0 suid=0 fsuid=0 egid=0 sgid=0 fsgid=0 tty=(none) ses=4294967295 comm="apache2" exe="/usr/sbin/apache2" subj=unconfined key="T1043_Commonly_Used_Port"ARCH=x86_64 SYSCALL=connect AUID="unset" UID="root" GID="root" EUID="root" SUID="root" FSUID="root" EGID="root" SGID="root" FSGID="root"
type=SOCKADDR msg=audit(1768183296.804:1910): saddr=0A00000000000000FD17625CF03700020A0027FFFE3F373900000000SADDR={ saddr_fam=inet6 laddr=fd17:625c:f037:2:a00:27ff:fe3f:3739 lport=0 }
type=PROCTITLE msg=audit(1768183296.804:1910): proctitle=2F7573722F7362696E2F61706163686532002D6B00677261636566756C2D73746F70
type=SYSCALL msg=audit(1768183296.804:1911): arch=c000003e syscall=42 success=yes exit=0 a0=5 a1=7fff17ef9720 a2=10 a3=0 items=0 ppid=1459 pid=1461 auid=4294967295 uid=0 gid=0 euid=0 suid=0 fsuid=0 egid=0 sgid=0 fsgid=0 tty=(none) ses=4294967295 comm="apache2" exe="/usr/sbin/apache2" subj=unconfined key="T1043_Commonly_Used_Port"ARCH=x86_64 SYSCALL=connect AUID="unset" UID="root" GID="root" EUID="root" SUID="root" FSUID="root" EGID="root" SGID="root" FSGID="root"
type=SOCKADDR msg=audit(1768183296.804:1911): saddr=00000000000000000000000000000000SADDR=unknown-family(0)
type=PROCTITLE msg=audit(1768183296.804:1911): proctitle=2F7573722F7362696E2F61706163686532002D6B00677261636566756C2D73746F70
type=SYSCALL msg=audit(1768183296.804:1912): arch=c000003e syscall=42 success=no exit=-22 a0=5 a1=5cc5c5700690 a2=1c a3=0 items=0 ppid=1459 pid=1461 auid=4294967295 uid=0 gid=0 euid=0 suid=0 fsuid=0 egid=0 sgid=0 fsgid=0 tty=(none) ses=4294967295 comm="apache2" exe="/usr/sbin/apache2" subj=unconfined key="T1043_Commonly_Used_Port"ARCH=x86_64 SYSCALL=connect AUID="unset" UID="root" GID="root" EUID="root" SUID="root" FSUID="root" EGID="root" SGID="root" FSGID="root"
type=SOCKADDR msg=audit(1768183296.804:1912): saddr=0A00000000000000FE800000000000000A0027FFFE3F373900000000SADDR={ saddr_fam=inet6 laddr=fe80::a00:27ff:fe3f:3739 lport=0 }
type=PROCTITLE msg=audit(1768183296.804:1912): proctitle=2F7573722F7362696E2F61706163686532002D6B00677261636566756C2D73746F70
type=SYSCALL msg=audit(1768183296.804:1913): arch=c000003e syscall=42 success=yes exit=0 a0=5 a1=7fff17ef9720 a2=10 a3=0 items=0 ppid=1459 pid=1461 auid=4294967295 uid=0 gid=0 euid=0 suid=0 fsuid=0 egid=0 sgid=0 fsgid=0 tty=(none) ses=4294967295 comm="apache2" exe="/usr/sbin/apache2" subj=unconfined key="T1043_Commonly_Used_Port"ARCH=x86_64 SYSCALL=connect AUID="unset" UID="root" GID="root" EUID="root" SUID="root" FSUID="root" EGID="root" SGID="root" FSGID="root"
type=SOCKADDR msg=audit(1768183296.804:1913): saddr=00000000000000000000000000000000SADDR=unknown-family(0)
type=PROCTITLE msg=audit(1768183296.804:1913): proctitle=2F7573722F7362696E2F61706163686532002D6B00677261636566756C2D73746F70
type=SYSCALL msg=audit(1768183296.804:1914): arch=c000003e syscall=42 success=no exit=-22 a0=5 a1=5cc5c57006f0 a2=1c a3=0 items=0 ppid=1459 pid=1461 auid=4294967295 uid=0 gid=0 euid=0 suid=0 fsuid=0 egid=0 sgid=0 fsgid=0 tty=(none) ses=4294967295 comm="apache2" exe="/usr/sbin/apache2" subj=unconfined key="T1043_Commonly_Used_Port"ARCH=x86_64 SYSCALL=connect AUID="unset" UID="root" GID="root" EUID="root" SUID="root" FSUID="root" EGID="root" SGID="root" FSGID="root"
type=SOCKADDR msg=audit(1768183296.804:1914): saddr=0A00000000000000FE800000000000000A0027FFFE270D1D00000000SADDR={ saddr_fam=inet6 laddr=fe80::a00:27ff:fe27:d1d lport=0 }
type=PROCTITLE msg=audit(1768183296.804:1914): proctitle=2F7573722F7362696E2F61706163686532002D6B00677261636566756C2D73746F70
type=SYSCALL msg=audit(1768183296.804:1915): arch=c000003e syscall=42 success=yes exit=0 a0=5 a1=76110920b694 a2=10 a3=7fff17ef7f44 items=0 ppid=1459 pid=1461 auid=4294967295 uid=0 gid=0 euid=0 suid=0 fsuid=0 egid=0 sgid=0 fsgid=0 tty=(none) ses=4294967295 comm="apache2" exe="/usr/sbin/apache2" subj=unconfined key="T1043_Commonly_Used_Port"ARCH=x86_64 SYSCALL=connect AUID="unset" UID="root" GID="root" EUID="root" SUID="root" FSUID="root" EGID="root" SGID="root" FSGID="root"
type=SOCKADDR msg=audit(1768183296.804:1915): saddr=020000357F0000350000000000000000SADDR={ saddr_fam=inet laddr=127.0.0.53 lport=53 }
type=PROCTITLE msg=audit(1768183296.804:1915): proctitle=2F7573722F7362696E2F61706163686532002D6B00677261636566756C2D73746F70
type=SERVICE_STOP msg=audit(1768183296.878:1916): pid=1 uid=0 auid=4294967295 ses=4294967295 subj=unconfined msg='unit=apache2 comm="systemd" exe="/usr/lib/systemd/systemd" hostname=? addr=? terminal=? res=success'UID="root" AUID="unset"
type=SYSCALL msg=audit(1768183296.883:1917): arch=c000003e syscall=59 success=yes exit=0 a0=7ffd77ea2600 a1=7ffd77ea2620 a2=7ffd77ea3128 a3=8 items=2 ppid=1 pid=1465 auid=4294967295 uid=0 gid=0 euid=0 suid=0 fsuid=0 egid=0 sgid=0 fsgid=0 tty=(none) ses=4294967295 comm="9" exe="/usr/lib/systemd/systemd-executor" subj=unconfined key="T1078_Valid_Accounts"ARCH=x86_64 SYSCALL=execve AUID="unset" UID="root" GID="root" EUID="root" SUID="root" FSUID="root" EGID="root" SGID="root" FSGID="root"
type=EXECVE msg=audit(1768183296.883:1917): argc=7 a0="/usr/lib/systemd/systemd-executor" a1="--deserialize" a2="65" a3="--log-level" a4="info" a5="--log-target" a6="journal-or-kmsg"
type=PATH msg=audit(1768183296.883:1917): item=0 name="/proc/self/fd/9" inode=1463834 dev=08:02 mode=0100755 ouid=0 ogid=0 rdev=00:00 nametype=NORMAL cap_fp=0 cap_fi=0 cap_fe=0 cap_fver=0 cap_frootid=0OUID="root" OGID="root"
type=PATH msg=audit(1768183296.883:1917): item=1 name="/lib64/ld-linux-x86-64.so.2" inode=1481429 dev=08:02 mode=0100755 ouid=0 ogid=0 rdev=00:00 nametype=NORMAL cap_fp=0 cap_fi=0 cap_fe=0 cap_fver=0 cap_frootid=0OUID="root" OGID="root"
type=PROCTITLE msg=audit(1768183296.883:1917): proctitle=2F7573722F6C69622F73797374656D642F73797374656D642D6578656375746F72002D2D646573657269616C697A65003635002D2D6C6F672D6C6576656C00696E666F002D2D6C6F672D746172676574006A6F75726E616C2D6F722D6B6D7367
type=SYSCALL msg=audit(1768183296.897:1918): arch=c000003e syscall=42 success=yes exit=0 a0=4 a1=7ffc6403be10 a2=1e a3=7ffc6403bec0 items=1 ppid=1 pid=1465 auid=4294967295 uid=0 gid=0 euid=0 suid=0 fsuid=0 egid=0 sgid=0 fsgid=0 tty=(none) ses=4294967295 comm="9" exe="/usr/lib/systemd/systemd-executor" subj=unconfined key="T1043_Commonly_Used_Port"ARCH=x86_64 SYSCALL=connect AUID="unset" UID="root" GID="root" EUID="root" SUID="root" FSUID="root" EGID="root" SGID="root" FSGID="root"
type=SOCKADDR msg=audit(1768183296.897:1918): saddr=01002F72756E2F73797374656D642F6A6F75726E616C2F736F636B657400SADDR={ saddr_fam=local path=/run/systemd/journal/socket }
type=PATH msg=audit(1768183296.897:1918): item=0 name="/run/systemd/journal/socket" inode=456 dev=00:18 mode=0140666 ouid=0 ogid=0 rdev=00:00 nametype=NORMAL cap_fp=0 cap_fi=0 cap_fe=0 cap_fver=0 cap_frootid=0OUID="root" OGID="root"
type=PROCTITLE msg=audit(1768183296.897:1918): proctitle=2F7573722F6C69622F73797374656D642F73797374656D642D6578656375746F72002D2D646573657269616C697A65003635002D2D6C6F672D6C6576656C00696E666F002D2D6C6F672D746172676574006A6F75726E616C2D6F722D6B6D7367
type=SYSCALL msg=audit(1768183296.897:1919): arch=c000003e syscall=42 success=yes exit=0 a0=3 a1=7ffc6403b990 a2=1e a3=fffffff7 items=1 ppid=1 pid=1465 auid=4294967295 uid=0 gid=0 euid=0 suid=0 fsuid=0 egid=0 sgid=0 fsgid=0 tty=(none) ses=4294967295 comm="(pachectl)" exe="/usr/lib/systemd/systemd-executor" subj=unconfined key="T1043_Commonly_Used_Port"ARCH=x86_64 SYSCALL=connect AUID="unset" UID="root" GID="root" EUID="root" SUID="root" FSUID="root" EGID="root" SGID="root" FSGID="root"
type=SOCKADDR msg=audit(1768183296.897:1919): saddr=01002F72756E2F73797374656D642F6A6F75726E616C2F7374646F757400SADDR={ saddr_fam=local path=/run/systemd/journal/stdout }
type=PATH msg=audit(1768183296.897:1919): item=0 name="/run/systemd/journal/stdout" inode=457 dev=00:18 mode=0140666 ouid=0 ogid=0 rdev=00:00 nametype=NORMAL cap_fp=0 cap_fi=0 cap_fe=0 cap_fver=0 cap_frootid=0OUID="root" OGID="root"
type=PROCTITLE msg=audit(1768183296.897:1919): proctitle=2F7573722F6C69622F73797374656D642F73797374656D642D6578656375746F72002D2D646573657269616C697A65003635002D2D6C6F672D6C6576656C00696E666F002D2D6C6F672D746172676574006A6F75726E616C2D6F722D6B6D7367
type=SYSCALL msg=audit(1768183296.899:1920): arch=c000003e syscall=59 success=yes exit=0 a0=591638cc74a0 a1=591638cd01b0 a2=591638cc6db0 a3=591638cc7b80 items=3 ppid=1 pid=1465 auid=4294967295 uid=0 gid=0 euid=0 suid=0 fsuid=0 egid=0 sgid=0 fsgid=0 tty=(none) ses=4294967295 comm="apachectl" exe="/usr/bin/dash" subj=unconfined key="T1078_Valid_Accounts"ARCH=x86_64 SYSCALL=execve AUID="unset" UID="root" GID="root" EUID="root" SUID="root" FSUID="root" EGID="root" SGID="root" FSGID="root"
type=EXECVE msg=audit(1768183296.899:1920): argc=3 a0="/bin/sh" a1="/usr/sbin/apachectl" a2="start"
type=PATH msg=audit(1768183296.899:1920): item=0 name="/usr/sbin/apachectl" inode=1479339 dev=08:02 mode=0100755 ouid=0 ogid=0 rdev=00:00 nametype=NORMAL cap_fp=0 cap_fi=0 cap_fe=0 cap_fver=0 cap_frootid=0OUID="root" OGID="root"
type=PATH msg=audit(1768183296.899:1920): item=1 name="/bin/sh" inode=1442345 dev=08:02 mode=0100755 ouid=0 ogid=0 rdev=00:00 nametype=NORMAL cap_fp=0 cap_fi=0 cap_fe=0 cap_fver=0 cap_frootid=0OUID="root" OGID="root"
type=PATH msg=audit(1768183296.899:1920): item=2 name="/lib64/ld-linux-x86-64.so.2" inode=1481429 dev=08:02 mode=0100755 ouid=0 ogid=0 rdev=00:00 nametype=NORMAL cap_fp=0 cap_fi=0 cap_fe=0 cap_fver=0 cap_frootid=0OUID="root" OGID="root"
type=PROCTITLE msg=audit(1768183296.899:1920): proctitle=2F7573722F6C69622F73797374656D642F73797374656D642D6578656375746F72002D2D646573657269616C697A65003635002D2D6C6F672D6C6576656C00696E666F002D2D6C6F672D746172676574006A6F75726E616C2D6F722D6B6D7367
type=SYSCALL msg=audit(1768183296.906:1921): arch=c000003e syscall=59 success=yes exit=0 a0=5da21dc56cd0 a1=5da21dc58bd0 a2=5da21dc56c48 a3=5da21dc589d0 items=2 ppid=1465 pid=1466 auid=4294967295 uid=0 gid=0 euid=0 suid=0 fsuid=0 egid=0 sgid=0 fsgid=0 tty=(none) ses=4294967295 comm="id" exe="/usr/bin/id" subj=unconfined key="T1078_Valid_Accounts"ARCH=x86_64 SYSCALL=execve AUID="unset" UID="root" GID="root" EUID="root" SUID="root" FSUID="root" EGID="root" SGID="root" FSGID="root"
type=EXECVE msg=audit(1768183296.906:1921): argc=2 a0="id" a1="-u"
type=PATH msg=audit(1768183296.906:1921): item=0 name="/usr/bin/id" inode=1442474 dev=08:02 mode=0100755 ouid=0 ogid=0 rdev=00:00 nametype=NORMAL cap_fp=0 cap_fi=0 cap_fe=0 cap_fver=0 cap_frootid=0OUID="root" OGID="root"
type=PATH msg=audit(1768183296.906:1921): item=1 name="/lib64/ld-linux-x86-64.so.2" inode=1481429 dev=08:02 mode=0100755 ouid=0 ogid=0 rdev=00:00 nametype=NORMAL cap_fp=0 cap_fi=0 cap_fe=0 cap_fver=0 cap_frootid=0OUID="root" OGID="root"
type=PROCTITLE msg=audit(1768183296.906:1921): proctitle=6964002D75
type=SYSCALL msg=audit(1768183296.912:1922): arch=c000003e syscall=59 success=yes exit=0 a0=5da21dc58938 a1=5da21dc5a280 a2=5da21dc5a2a0 a3=8 items=2 ppid=1465 pid=1467 auid=4294967295 uid=0 gid=0 euid=0 suid=0 fsuid=0 egid=0 sgid=0 fsgid=0 tty=(none) ses=4294967295 comm="apache2" exe="/usr/sbin/apache2" subj=unconfined key="T1078_Valid_Accounts"ARCH=x86_64 SYSCALL=execve AUID="unset" UID="root" GID="root" EUID="root" SUID="root" FSUID="root" EGID="root" SGID="root" FSGID="root"
type=EXECVE msg=audit(1768183296.912:1922): argc=3 a0="/usr/sbin/apache2" a1="-k" a2="start"
type=PATH msg=audit(1768183296.912:1922): item=0 name="/usr/sbin/apache2" inode=1457163 dev=08:02 mode=0100755 ouid=0 ogid=0 rdev=00:00 nametype=NORMAL cap_fp=0 cap_fi=0 cap_fe=0 cap_fver=0 cap_frootid=0OUID="root" OGID="root"
type=PATH msg=audit(1768183296.912:1922): item=1 name="/lib64/ld-linux-x86-64.so.2" inode=1481429 dev=08:02 mode=0100755 ouid=0 ogid=0 rdev=00:00 nametype=NORMAL cap_fp=0 cap_fi=0 cap_fe=0 cap_fver=0 cap_frootid=0OUID="root" OGID="root"
type=PROCTITLE msg=audit(1768183296.912:1922): proctitle=2F7573722F7362696E2F61706163686532002D6B007374617274
type=SYSCALL msg=audit(1768183296.917:1923): arch=c000003e syscall=42 success=yes exit=0 a0=3 a1=55c409667c30 a2=1c a3=0 items=0 ppid=1465 pid=1467 auid=4294967295 uid=0 gid=0 euid=0 suid=0 fsuid=0 egid=0 sgid=0 fsgid=0 tty=(none) ses=4294967295 comm="apache2" exe="/usr/sbin/apache2" subj=unconfined key="T1043_Commonly_Used_Port"ARCH=x86_64 SYSCALL=connect AUID="unset" UID="root" GID="root" EUID="root" SUID="root" FSUID="root" EGID="root" SGID="root" FSGID="root"
type=SOCKADDR msg=audit(1768183296.917:1923): saddr=0A000000000000000000000000000000000000000000000000000000SADDR={ saddr_fam=inet6 laddr=:: lport=0 }
type=PROCTITLE msg=audit(1768183296.917:1923): proctitle=2F7573722F7362696E2F61706163686532002D6B007374617274
type=SYSCALL msg=audit(1768183296.922:1924): arch=c000003e syscall=42 success=yes exit=0 a0=3 a1=7fff7fbcdf70 a2=10 a3=0 items=0 ppid=1465 pid=1467 auid=4294967295 uid=0 gid=0 euid=0 suid=0 fsuid=0 egid=0 sgid=0 fsgid=0 tty=(none) ses=4294967295 comm="apache2" exe="/usr/sbin/apache2" subj=unconfined key="T1043_Commonly_Used_Port"ARCH=x86_64 SYSCALL=connect AUID="unset" UID="root" GID="root" EUID="root" SUID="root" FSUID="root" EGID="root" SGID="root" FSGID="root"
type=SOCKADDR msg=audit(1768183296.922:1924): saddr=00000000000000000000000000000000SADDR=unknown-family(0)
type=PROCTITLE msg=audit(1768183296.922:1924): proctitle=2F7573722F7362696E2F61706163686532002D6B007374617274
type=SYSCALL msg=audit(1768183296.922:1925): arch=c000003e syscall=42 success=yes exit=0 a0=3 a1=55c409667c90 a2=10 a3=0 items=0 ppid=1465 pid=1467 auid=4294967295 uid=0 gid=0 euid=0 suid=0 fsuid=0 egid=0 sgid=0 fsgid=0 tty=(none) ses=4294967295 comm="apache2" exe="/usr/sbin/apache2" subj=unconfined key="T1043_Commonly_Used_Port"ARCH=x86_64 SYSCALL=connect AUID="unset" UID="root" GID="root" EUID="root" SUID="root" FSUID="root" EGID="root" SGID="root" FSGID="root"
type=SOCKADDR msg=audit(1768183296.922:1925): saddr=02000000000000000000000000000000SADDR={ saddr_fam=inet laddr=0.0.0.0 lport=0 }
type=PROCTITLE msg=audit(1768183296.922:1925): proctitle=2F7573722F7362696E2F61706163686532002D6B007374617274
type=SYSCALL msg=audit(1768183296.930:1926): arch=c000003e syscall=42 success=yes exit=0 a0=3 a1=55c40968c6c0 a2=1c a3=0 items=0 ppid=1465 pid=1467 auid=4294967295 uid=0 gid=0 euid=0 suid=0 fsuid=0 egid=0 sgid=0 fsgid=0 tty=(none) ses=4294967295 comm="apache2" exe="/usr/sbin/apache2" subj=unconfined key="T1043_Commonly_Used_Port"ARCH=x86_64 SYSCALL=connect AUID="unset" UID="root" GID="root" EUID="root" SUID="root" FSUID="root" EGID="root" SGID="root" FSGID="root"
type=SOCKADDR msg=audit(1768183296.930:1926): saddr=0A000050000000000000000000000000000000000000000000000000SADDR={ saddr_fam=inet6 laddr=:: lport=80 }
type=PROCTITLE msg=audit(1768183296.930:1926): proctitle=2F7573722F7362696E2F61706163686532002D6B007374617274
type=SYSCALL msg=audit(1768183296.932:1927): arch=c000003e syscall=42 success=yes exit=0 a0=3 a1=7fff7fbcdc00 a2=10 a3=0 items=0 ppid=1465 pid=1467 auid=4294967295 uid=0 gid=0 euid=0 suid=0 fsuid=0 egid=0 sgid=0 fsgid=0 tty=(none) ses=4294967295 comm="apache2" exe="/usr/sbin/apache2" subj=unconfined key="T1043_Commonly_Used_Port"ARCH=x86_64 SYSCALL=connect AUID="unset" UID="root" GID="root" EUID="root" SUID="root" FSUID="root" EGID="root" SGID="root" FSGID="root"
type=SOCKADDR msg=audit(1768183296.932:1927): saddr=00000000000000000000000000000000SADDR=unknown-family(0)
type=PROCTITLE msg=audit(1768183296.932:1927): proctitle=2F7573722F7362696E2F61706163686532002D6B007374617274
type=SYSCALL msg=audit(1768183296.932:1928): arch=c000003e syscall=42 success=yes exit=0 a0=3 a1=55c40968be00 a2=10 a3=0 items=0 ppid=1465 pid=1467 auid=4294967295 uid=0 gid=0 euid=0 suid=0 fsuid=0 egid=0 sgid=0 fsgid=0 tty=(none) ses=4294967295 comm="apache2" exe="/usr/sbin/apache2" subj=unconfined key="T1043_Commonly_Used_Port"ARCH=x86_64 SYSCALL=connect AUID="unset" UID="root" GID="root" EUID="root" SUID="root" FSUID="root" EGID="root" SGID="root" FSGID="root"
type=SOCKADDR msg=audit(1768183296.932:1928): saddr=02000050000000000000000000000000SADDR={ saddr_fam=inet laddr=0.0.0.0 lport=80 }
type=PROCTITLE msg=audit(1768183296.932:1928): proctitle=2F7573722F7362696E2F61706163686532002D6B007374617274
type=SYSCALL msg=audit(1768183296.932:1929): arch=c000003e syscall=42 success=yes exit=0 a0=5 a1=55c40968c6c0 a2=1c a3=0 items=0 ppid=1465 pid=1467 auid=4294967295 uid=0 gid=0 euid=0 suid=0 fsuid=0 egid=0 sgid=0 fsgid=0 tty=(none) ses=4294967295 comm="apache2" exe="/usr/sbin/apache2" subj=unconfined key="T1043_Commonly_Used_Port"ARCH=x86_64 SYSCALL=connect AUID="unset" UID="root" GID="root" EUID="root" SUID="root" FSUID="root" EGID="root" SGID="root" FSGID="root"
type=SOCKADDR msg=audit(1768183296.932:1929): saddr=0A000050000000000000000000000000000000000000000000000000SADDR={ saddr_fam=inet6 laddr=:: lport=80 }
type=PROCTITLE msg=audit(1768183296.932:1929): proctitle=2F7573722F7362696E2F61706163686532002D6B007374617274
type=SYSCALL msg=audit(1768183296.933:1930): arch=c000003e syscall=42 success=yes exit=0 a0=5 a1=7fff7fbcdba0 a2=10 a3=0 items=0 ppid=1465 pid=1467 auid=4294967295 uid=0 gid=0 euid=0 suid=0 fsuid=0 egid=0 sgid=0 fsgid=0 tty=(none) ses=4294967295 comm="apache2" exe="/usr/sbin/apache2" subj=unconfined key="T1043_Commonly_Used_Port"ARCH=x86_64 SYSCALL=connect AUID="unset" UID="root" GID="root" EUID="root" SUID="root" FSUID="root" EGID="root" SGID="root" FSGID="root"
type=SOCKADDR msg=audit(1768183296.933:1930): saddr=00000000000000000000000000000000SADDR=unknown-family(0)
type=PROCTITLE msg=audit(1768183296.933:1930): proctitle=2F7573722F7362696E2F61706163686532002D6B007374617274
type=SYSCALL msg=audit(1768183296.933:1931): arch=c000003e syscall=42 success=yes exit=0 a0=5 a1=55c40968be00 a2=10 a3=0 items=0 ppid=1465 pid=1467 auid=4294967295 uid=0 gid=0 euid=0 suid=0 fsuid=0 egid=0 sgid=0 fsgid=0 tty=(none) ses=4294967295 comm="apache2" exe="/usr/sbin/apache2" subj=unconfined key="T1043_Commonly_Used_Port"ARCH=x86_64 SYSCALL=connect AUID="unset" UID="root" GID="root" EUID="root" SUID="root" FSUID="root" EGID="root" SGID="root" FSGID="root"
type=SOCKADDR msg=audit(1768183296.933:1931): saddr=02000050000000000000000000000000SADDR={ saddr_fam=inet laddr=0.0.0.0 lport=80 }
type=PROCTITLE msg=audit(1768183296.933:1931): proctitle=2F7573722F7362696E2F61706163686532002D6B007374617274
type=SYSCALL msg=audit(1768183296.933:1932): arch=c000003e syscall=42 success=yes exit=0 a0=5 a1=77a23760b694 a2=10 a3=7fff7fbcb704 items=0 ppid=1465 pid=1467 auid=4294967295 uid=0 gid=0 euid=0 suid=0 fsuid=0 egid=0 sgid=0 fsgid=0 tty=(none) ses=4294967295 comm="apache2" exe="/usr/sbin/apache2" subj=unconfined key="T1043_Commonly_Used_Port"ARCH=x86_64 SYSCALL=connect AUID="unset" UID="root" GID="root" EUID="root" SUID="root" FSUID="root" EGID="root" SGID="root" FSGID="root"
type=SOCKADDR msg=audit(1768183296.933:1932): saddr=020000357F0000350000000000000000SADDR={ saddr_fam=inet laddr=127.0.0.53 lport=53 }
type=PROCTITLE msg=audit(1768183296.933:1932): proctitle=2F7573722F7362696E2F61706163686532002D6B007374617274
type=SYSCALL msg=audit(1768183296.943:1933): arch=c000003e syscall=42 success=yes exit=0 a0=5 a1=77a23760b694 a2=10 a3=7fff7fbcb704 items=0 ppid=1465 pid=1467 auid=4294967295 uid=0 gid=0 euid=0 suid=0 fsuid=0 egid=0 sgid=0 fsgid=0 tty=(none) ses=4294967295 comm="apache2" exe="/usr/sbin/apache2" subj=unconfined key="T1043_Commonly_Used_Port"ARCH=x86_64 SYSCALL=connect AUID="unset" UID="root" GID="root" EUID="root" SUID="root" FSUID="root" EGID="root" SGID="root" FSGID="root"
type=SOCKADDR msg=audit(1768183296.943:1933): saddr=020000357F0000350000000000000000SADDR={ saddr_fam=inet laddr=127.0.0.53 lport=53 }
type=PROCTITLE msg=audit(1768183296.943:1933): proctitle=2F7573722F7362696E2F61706163686532002D6B007374617274
type=SYSCALL msg=audit(1768183296.943:1934): arch=c000003e syscall=42 success=yes exit=0 a0=5 a1=55c40968be00 a2=10 a3=0 items=0 ppid=1465 pid=1467 auid=4294967295 uid=0 gid=0 euid=0 suid=0 fsuid=0 egid=0 sgid=0 fsgid=0 tty=(none) ses=4294967295 comm="apache2" exe="/usr/sbin/apache2" subj=unconfined key="T1043_Commonly_Used_Port"ARCH=x86_64 SYSCALL=connect AUID="unset" UID="root" GID="root" EUID="root" SUID="root" FSUID="root" EGID="root" SGID="root" FSGID="root"
type=SOCKADDR msg=audit(1768183296.943:1934): saddr=020000000A00020F0000000000000000SADDR={ saddr_fam=inet laddr=10.0.2.15 lport=0 }
type=PROCTITLE msg=audit(1768183296.943:1934): proctitle=2F7573722F7362696E2F61706163686532002D6B007374617274
type=SYSCALL msg=audit(1768183296.943:1935): arch=c000003e syscall=42 success=yes exit=0 a0=5 a1=7fff7fbcd5f0 a2=10 a3=0 items=0 ppid=1465 pid=1467 auid=4294967295 uid=0 gid=0 euid=0 suid=0 fsuid=0 egid=0 sgid=0 fsgid=0 tty=(none) ses=4294967295 comm="apache2" exe="/usr/sbin/apache2" subj=unconfined key="T1043_Commonly_Used_Port"ARCH=x86_64 SYSCALL=connect AUID="unset" UID="root" GID="root" EUID="root" SUID="root" FSUID="root" EGID="root" SGID="root" FSGID="root"
type=SOCKADDR msg=audit(1768183296.943:1935): saddr=00000000000000000000000000000000SADDR=unknown-family(0)
type=PROCTITLE msg=audit(1768183296.943:1935): proctitle=2F7573722F7362696E2F61706163686532002D6B007374617274
type=SYSCALL msg=audit(1768183296.943:1936): arch=c000003e syscall=42 success=yes exit=0 a0=5 a1=55c409667640 a2=10 a3=0 items=0 ppid=1465 pid=1467 auid=4294967295 uid=0 gid=0 euid=0 suid=0 fsuid=0 egid=0 sgid=0 fsgid=0 tty=(none) ses=4294967295 comm="apache2" exe="/usr/sbin/apache2" subj=unconfined key="T1043_Commonly_Used_Port"ARCH=x86_64 SYSCALL=connect AUID="unset" UID="root" GID="root" EUID="root" SUID="root" FSUID="root" EGID="root" SGID="root" FSGID="root"
type=SOCKADDR msg=audit(1768183296.943:1936): saddr=02000000C0A8386B0000000000000000SADDR={ saddr_fam=inet laddr=192.168.56.107 lport=0 }
type=PROCTITLE msg=audit(1768183296.943:1936): proctitle=2F7573722F7362696E2F61706163686532002D6B007374617274
type=SYSCALL msg=audit(1768183296.943:1937): arch=c000003e syscall=42 success=yes exit=0 a0=5 a1=55c40968c6c0 a2=1c a3=0 items=0 ppid=1465 pid=1467 auid=4294967295 uid=0 gid=0 euid=0 suid=0 fsuid=0 egid=0 sgid=0 fsgid=0 tty=(none) ses=4294967295 comm="apache2" exe="/usr/sbin/apache2" subj=unconfined key="T1043_Commonly_Used_Port"ARCH=x86_64 SYSCALL=connect AUID="unset" UID="root" GID="root" EUID="root" SUID="root" FSUID="root" EGID="root" SGID="root" FSGID="root"
type=SOCKADDR msg=audit(1768183296.943:1937): saddr=0A00000000000000FD17625CF03700020A0027FFFE3F373900000000SADDR={ saddr_fam=inet6 laddr=fd17:625c:f037:2:a00:27ff:fe3f:3739 lport=0 }
type=PROCTITLE msg=audit(1768183296.943:1937): proctitle=2F7573722F7362696E2F61706163686532002D6B007374617274
type=SYSCALL msg=audit(1768183296.943:1938): arch=c000003e syscall=42 success=yes exit=0 a0=5 a1=7fff7fbcd5f0 a2=10 a3=0 items=0 ppid=1465 pid=1467 auid=4294967295 uid=0 gid=0 euid=0 suid=0 fsuid=0 egid=0 sgid=0 fsgid=0 tty=(none) ses=4294967295 comm="apache2" exe="/usr/sbin/apache2" subj=unconfined key="T1043_Commonly_Used_Port"ARCH=x86_64 SYSCALL=connect AUID="unset" UID="root" GID="root" EUID="root" SUID="root" FSUID="root" EGID="root" SGID="root" FSGID="root"
type=SOCKADDR msg=audit(1768183296.943:1938): saddr=00000000000000000000000000000000SADDR=unknown-family(0)
type=PROCTITLE msg=audit(1768183296.943:1938): proctitle=2F7573722F7362696E2F61706163686532002D6B007374617274
type=SYSCALL msg=audit(1768183296.943:1939): arch=c000003e syscall=42 success=no exit=-22 a0=5 a1=55c409667690 a2=1c a3=0 items=0 ppid=1465 pid=1467 auid=4294967295 uid=0 gid=0 euid=0 suid=0 fsuid=0 egid=0 sgid=0 fsgid=0 tty=(none) ses=4294967295 comm="apache2" exe="/usr/sbin/apache2" subj=unconfined key="T1043_Commonly_Used_Port"ARCH=x86_64 SYSCALL=connect AUID="unset" UID="root" GID="root" EUID="root" SUID="root" FSUID="root" EGID="root" SGID="root" FSGID="root"
type=SOCKADDR msg=audit(1768183296.943:1939): saddr=0A00000000000000FE800000000000000A0027FFFE3F373900000000SADDR={ saddr_fam=inet6 laddr=fe80::a00:27ff:fe3f:3739 lport=0 }
type=PROCTITLE msg=audit(1768183296.943:1939): proctitle=2F7573722F7362696E2F61706163686532002D6B007374617274
type=SYSCALL msg=audit(1768183296.943:1940): arch=c000003e syscall=42 success=yes exit=0 a0=5 a1=7fff7fbcd5f0 a2=10 a3=0 items=0 ppid=1465 pid=1467 auid=4294967295 uid=0 gid=0 euid=0 suid=0 fsuid=0 egid=0 sgid=0 fsgid=0 tty=(none) ses=4294967295 comm="apache2" exe="/usr/sbin/apache2" subj=unconfined key="T1043_Commonly_Used_Port"ARCH=x86_64 SYSCALL=connect AUID="unset" UID="root" GID="root" EUID="root" SUID="root" FSUID="root" EGID="root" SGID="root" FSGID="root"
type=SOCKADDR msg=audit(1768183296.943:1940): saddr=00000000000000000000000000000000SADDR=unknown-family(0)
type=PROCTITLE msg=audit(1768183296.943:1940): proctitle=2F7573722F7362696E2F61706163686532002D6B007374617274
type=SYSCALL msg=audit(1768183296.943:1941): arch=c000003e syscall=42 success=no exit=-22 a0=5 a1=55c4096676f0 a2=1c a3=0 items=0 ppid=1465 pid=1467 auid=4294967295 uid=0 gid=0 euid=0 suid=0 fsuid=0 egid=0 sgid=0 fsgid=0 tty=(none) ses=4294967295 comm="apache2" exe="/usr/sbin/apache2" subj=unconfined key="T1043_Commonly_Used_Port"ARCH=x86_64 SYSCALL=connect AUID="unset" UID="root" GID="root" EUID="root" SUID="root" FSUID="root" EGID="root" SGID="root" FSGID="root"
type=SOCKADDR msg=audit(1768183296.943:1941): saddr=0A00000000000000FE800000000000000A0027FFFE270D1D00000000SADDR={ saddr_fam=inet6 laddr=fe80::a00:27ff:fe27:d1d lport=0 }
type=PROCTITLE msg=audit(1768183296.943:1941): proctitle=2F7573722F7362696E2F61706163686532002D6B007374617274
type=SYSCALL msg=audit(1768183296.945:1942): arch=c000003e syscall=42 success=yes exit=0 a0=5 a1=77a23760b694 a2=10 a3=7fff7fbcbe14 items=0 ppid=1465 pid=1467 auid=4294967295 uid=0 gid=0 euid=0 suid=0 fsuid=0 egid=0 sgid=0 fsgid=0 tty=(none) ses=4294967295 comm="apache2" exe="/usr/sbin/apache2" subj=unconfined key="T1043_Commonly_Used_Port"ARCH=x86_64 SYSCALL=connect AUID="unset" UID="root" GID="root" EUID="root" SUID="root" FSUID="root" EGID="root" SGID="root" FSGID="root"
type=SOCKADDR msg=audit(1768183296.945:1942): saddr=020000357F0000350000000000000000SADDR={ saddr_fam=inet laddr=127.0.0.53 lport=53 }
type=PROCTITLE msg=audit(1768183296.945:1942): proctitle=2F7573722F7362696E2F61706163686532002D6B007374617274
type=SYSCALL msg=audit(1768183296.953:1943): arch=c000003e syscall=42 success=yes exit=0 a0=5 a1=55c4096676f0 a2=1c a3=0 items=0 ppid=1465 pid=1467 auid=4294967295 uid=0 gid=0 euid=0 suid=0 fsuid=0 egid=0 sgid=0 fsgid=0 tty=(none) ses=4294967295 comm="apache2" exe="/usr/sbin/apache2" subj=unconfined key="T1043_Commonly_Used_Port"ARCH=x86_64 SYSCALL=connect AUID="unset" UID="root" GID="root" EUID="root" SUID="root" FSUID="root" EGID="root" SGID="root" FSGID="root"
type=SOCKADDR msg=audit(1768183296.953:1943): saddr=0A000000000000000000000000000000000000000000000000000000SADDR={ saddr_fam=inet6 laddr=:: lport=0 }
type=PROCTITLE msg=audit(1768183296.953:1943): proctitle=2F7573722F7362696E2F61706163686532002D6B007374617274
type=SYSCALL msg=audit(1768183296.953:1944): arch=c000003e syscall=42 success=yes exit=0 a0=5 a1=7fff7fbcdf70 a2=10 a3=0 items=0 ppid=1465 pid=1467 auid=4294967295 uid=0 gid=0 euid=0 suid=0 fsuid=0 egid=0 sgid=0 fsgid=0 tty=(none) ses=4294967295 comm="apache2" exe="/usr/sbin/apache2" subj=unconfined key="T1043_Commonly_Used_Port"ARCH=x86_64 SYSCALL=connect AUID="unset" UID="root" GID="root" EUID="root" SUID="root" FSUID="root" EGID="root" SGID="root" FSGID="root"
type=SOCKADDR msg=audit(1768183296.953:1944): saddr=00000000000000000000000000000000SADDR=unknown-family(0)
type=PROCTITLE msg=audit(1768183296.953:1944): proctitle=2F7573722F7362696E2F61706163686532002D6B007374617274
type=SYSCALL msg=audit(1768183296.953:1945): arch=c000003e syscall=42 success=yes exit=0 a0=5 a1=55c409667c90 a2=10 a3=0 items=0 ppid=1465 pid=1467 auid=4294967295 uid=0 gid=0 euid=0 suid=0 fsuid=0 egid=0 sgid=0 fsgid=0 tty=(none) ses=4294967295 comm="apache2" exe="/usr/sbin/apache2" subj=unconfined key="T1043_Commonly_Used_Port"ARCH=x86_64 SYSCALL=connect AUID="unset" UID="root" GID="root" EUID="root" SUID="root" FSUID="root" EGID="root" SGID="root" FSGID="root"
type=SOCKADDR msg=audit(1768183296.953:1945): saddr=02000000000000000000000000000000SADDR={ saddr_fam=inet laddr=0.0.0.0 lport=0 }
type=PROCTITLE msg=audit(1768183296.953:1945): proctitle=2F7573722F7362696E2F61706163686532002D6B007374617274
type=SYSCALL msg=audit(1768183296.961:1946): arch=c000003e syscall=42 success=yes exit=0 a0=5 a1=55c4096676f0 a2=1c a3=0 items=0 ppid=1 pid=1468 auid=4294967295 uid=0 gid=0 euid=0 suid=0 fsuid=0 egid=0 sgid=0 fsgid=0 tty=(none) ses=4294967295 comm="apache2" exe="/usr/sbin/apache2" subj=unconfined key="T1043_Commonly_Used_Port"ARCH=x86_64 SYSCALL=connect AUID="unset" UID="root" GID="root" EUID="root" SUID="root" FSUID="root" EGID="root" SGID="root" FSGID="root"
type=SOCKADDR msg=audit(1768183296.961:1946): saddr=0A000050000000000000000000000000000000000000000000000000SADDR={ saddr_fam=inet6 laddr=:: lport=80 }
type=PROCTITLE msg=audit(1768183296.961:1946): proctitle=2F7573722F7362696E2F61706163686532002D6B007374617274
type=SYSCALL msg=audit(1768183296.963:1947): arch=c000003e syscall=42 success=yes exit=0 a0=5 a1=7fff7fbcdba0 a2=10 a3=0 items=0 ppid=1 pid=1468 auid=4294967295 uid=0 gid=0 euid=0 suid=0 fsuid=0 egid=0 sgid=0 fsgid=0 tty=(none) ses=4294967295 comm="apache2" exe="/usr/sbin/apache2" subj=unconfined key="T1043_Commonly_Used_Port"ARCH=x86_64 SYSCALL=connect AUID="unset" UID="root" GID="root" EUID="root" SUID="root" FSUID="root" EGID="root" SGID="root" FSGID="root"
type=SOCKADDR msg=audit(1768183296.963:1947): saddr=00000000000000000000000000000000SADDR=unknown-family(0)
type=PROCTITLE msg=audit(1768183296.963:1947): proctitle=2F7573722F7362696E2F61706163686532002D6B007374617274
type=SYSCALL msg=audit(1768183296.963:1948): arch=c000003e syscall=42 success=yes exit=0 a0=5 a1=55c409676cc0 a2=10 a3=0 items=0 ppid=1 pid=1468 auid=4294967295 uid=0 gid=0 euid=0 suid=0 fsuid=0 egid=0 sgid=0 fsgid=0 tty=(none) ses=4294967295 comm="apache2" exe="/usr/sbin/apache2" subj=unconfined key="T1043_Commonly_Used_Port"ARCH=x86_64 SYSCALL=connect AUID="unset" UID="root" GID="root" EUID="root" SUID="root" FSUID="root" EGID="root" SGID="root" FSGID="root"
type=SOCKADDR msg=audit(1768183296.963:1948): saddr=02000050000000000000000000000000SADDR={ saddr_fam=inet laddr=0.0.0.0 lport=80 }
type=PROCTITLE msg=audit(1768183296.963:1948): proctitle=2F7573722F7362696E2F61706163686532002D6B007374617274
type=SYSCALL msg=audit(1768183296.963:1949): arch=c000003e syscall=42 success=yes exit=0 a0=5 a1=77a23760b694 a2=10 a3=7fff7fbcb704 items=0 ppid=1 pid=1468 auid=4294967295 uid=0 gid=0 euid=0 suid=0 fsuid=0 egid=0 sgid=0 fsgid=0 tty=(none) ses=4294967295 comm="apache2" exe="/usr/sbin/apache2" subj=unconfined key="T1043_Commonly_Used_Port"ARCH=x86_64 SYSCALL=connect AUID="unset" UID="root" GID="root" EUID="root" SUID="root" FSUID="root" EGID="root" SGID="root" FSGID="root"
type=SOCKADDR msg=audit(1768183296.963:1949): saddr=020000357F0000350000000000000000SADDR={ saddr_fam=inet laddr=127.0.0.53 lport=53 }
type=PROCTITLE msg=audit(1768183296.963:1949): proctitle=2F7573722F7362696E2F61706163686532002D6B007374617274
type=SERVICE_START msg=audit(1768183296.966:1950): pid=1 uid=0 auid=4294967295 ses=4294967295 subj=unconfined msg='unit=apache2 comm="systemd" exe="/usr/lib/systemd/systemd" hostname=? addr=? terminal=? res=success'UID="root" AUID="unset"
type=SYSCALL msg=audit(1768183296.973:1951): arch=c000003e syscall=42 success=yes exit=0 a0=5 a1=77a23760b694 a2=10 a3=7fff7fbcb704 items=0 ppid=1 pid=1468 auid=4294967295 uid=0 gid=0 euid=0 suid=0 fsuid=0 egid=0 sgid=0 fsgid=0 tty=(none) ses=4294967295 comm="apache2" exe="/usr/sbin/apache2" subj=unconfined key="T1043_Commonly_Used_Port"ARCH=x86_64 SYSCALL=connect AUID="unset" UID="root" GID="root" EUID="root" SUID="root" FSUID="root" EGID="root" SGID="root" FSGID="root"
type=SOCKADDR msg=audit(1768183296.973:1951): saddr=020000357F0000350000000000000000SADDR={ saddr_fam=inet laddr=127.0.0.53 lport=53 }
type=PROCTITLE msg=audit(1768183296.973:1951): proctitle=2F7573722F7362696E2F61706163686532002D6B007374617274
type=SYSCALL msg=audit(1768183296.973:1952): arch=c000003e syscall=42 success=yes exit=0 a0=5 a1=55c409676cc0 a2=10 a3=0 items=0 ppid=1 pid=1468 auid=4294967295 uid=0 gid=0 euid=0 suid=0 fsuid=0 egid=0 sgid=0 fsgid=0 tty=(none) ses=4294967295 comm="apache2" exe="/usr/sbin/apache2" subj=unconfined key="T1043_Commonly_Used_Port"ARCH=x86_64 SYSCALL=connect AUID="unset" UID="root" GID="root" EUID="root" SUID="root" FSUID="root" EGID="root" SGID="root" FSGID="root"
type=SOCKADDR msg=audit(1768183296.973:1952): saddr=020000000A00020F0000000000000000SADDR={ saddr_fam=inet laddr=10.0.2.15 lport=0 }
type=PROCTITLE msg=audit(1768183296.973:1952): proctitle=2F7573722F7362696E2F61706163686532002D6B007374617274
type=SYSCALL msg=audit(1768183296.975:1953): arch=c000003e syscall=42 success=yes exit=0 a0=5 a1=7fff7fbcd5f0 a2=10 a3=0 items=0 ppid=1 pid=1468 auid=4294967295 uid=0 gid=0 euid=0 suid=0 fsuid=0 egid=0 sgid=0 fsgid=0 tty=(none) ses=4294967295 comm="apache2" exe="/usr/sbin/apache2" subj=unconfined key="T1043_Commonly_Used_Port"ARCH=x86_64 SYSCALL=connect AUID="unset" UID="root" GID="root" EUID="root" SUID="root" FSUID="root" EGID="root" SGID="root" FSGID="root"
type=SOCKADDR msg=audit(1768183296.975:1953): saddr=00000000000000000000000000000000SADDR=unknown-family(0)
type=PROCTITLE msg=audit(1768183296.975:1953): proctitle=2F7573722F7362696E2F61706163686532002D6B007374617274
type=SYSCALL msg=audit(1768183296.975:1954): arch=c000003e syscall=42 success=yes exit=0 a0=5 a1=55c409667640 a2=10 a3=0 items=0 ppid=1 pid=1468 auid=4294967295 uid=0 gid=0 euid=0 suid=0 fsuid=0 egid=0 sgid=0 fsgid=0 tty=(none) ses=4294967295 comm="apache2" exe="/usr/sbin/apache2" subj=unconfined key="T1043_Commonly_Used_Port"ARCH=x86_64 SYSCALL=connect AUID="unset" UID="root" GID="root" EUID="root" SUID="root" FSUID="root" EGID="root" SGID="root" FSGID="root"
type=SOCKADDR msg=audit(1768183296.975:1954): saddr=02000000C0A8386B0000000000000000SADDR={ saddr_fam=inet laddr=192.168.56.107 lport=0 }
type=PROCTITLE msg=audit(1768183296.975:1954): proctitle=2F7573722F7362696E2F61706163686532002D6B007374617274
type=SYSCALL msg=audit(1768183296.975:1955): arch=c000003e syscall=42 success=yes exit=0 a0=5 a1=55c4096676f0 a2=1c a3=0 items=0 ppid=1 pid=1468 auid=4294967295 uid=0 gid=0 euid=0 suid=0 fsuid=0 egid=0 sgid=0 fsgid=0 tty=(none) ses=4294967295 comm="apache2" exe="/usr/sbin/apache2" subj=unconfined key="T1043_Commonly_Used_Port"ARCH=x86_64 SYSCALL=connect AUID="unset" UID="root" GID="root" EUID="root" SUID="root" FSUID="root" EGID="root" SGID="root" FSGID="root"
type=SOCKADDR msg=audit(1768183296.975:1955): saddr=0A00000000000000FD17625CF03700020A0027FFFE3F373900000000SADDR={ saddr_fam=inet6 laddr=fd17:625c:f037:2:a00:27ff:fe3f:3739 lport=0 }
type=PROCTITLE msg=audit(1768183296.975:1955): proctitle=2F7573722F7362696E2F61706163686532002D6B007374617274
type=SYSCALL msg=audit(1768183296.975:1956): arch=c000003e syscall=42 success=yes exit=0 a0=5 a1=7fff7fbcd5f0 a2=10 a3=0 items=0 ppid=1 pid=1468 auid=4294967295 uid=0 gid=0 euid=0 suid=0 fsuid=0 egid=0 sgid=0 fsgid=0 tty=(none) ses=4294967295 comm="apache2" exe="/usr/sbin/apache2" subj=unconfined key="T1043_Commonly_Used_Port"ARCH=x86_64 SYSCALL=connect AUID="unset" UID="root" GID="root" EUID="root" SUID="root" FSUID="root" EGID="root" SGID="root" FSGID="root"
type=SOCKADDR msg=audit(1768183296.975:1956): saddr=00000000000000000000000000000000SADDR=unknown-family(0)
type=PROCTITLE msg=audit(1768183296.975:1956): proctitle=2F7573722F7362696E2F61706163686532002D6B007374617274
type=SYSCALL msg=audit(1768183296.975:1957): arch=c000003e syscall=42 success=no exit=-22 a0=5 a1=55c409667690 a2=1c a3=0 items=0 ppid=1 pid=1468 auid=4294967295 uid=0 gid=0 euid=0 suid=0 fsuid=0 egid=0 sgid=0 fsgid=0 tty=(none) ses=4294967295 comm="apache2" exe="/usr/sbin/apache2" subj=unconfined key="T1043_Commonly_Used_Port"ARCH=x86_64 SYSCALL=connect AUID="unset" UID="root" GID="root" EUID="root" SUID="root" FSUID="root" EGID="root" SGID="root" FSGID="root"
type=SOCKADDR msg=audit(1768183296.975:1957): saddr=0A00000000000000FE800000000000000A0027FFFE3F373900000000SADDR={ saddr_fam=inet6 laddr=fe80::a00:27ff:fe3f:3739 lport=0 }
type=PROCTITLE msg=audit(1768183296.975:1957): proctitle=2F7573722F7362696E2F61706163686532002D6B007374617274
type=SYSCALL msg=audit(1768183296.975:1958): arch=c000003e syscall=42 success=yes exit=0 a0=5 a1=7fff7fbcd5f0 a2=10 a3=0 items=0 ppid=1 pid=1468 auid=4294967295 uid=0 gid=0 euid=0 suid=0 fsuid=0 egid=0 sgid=0 fsgid=0 tty=(none) ses=4294967295 comm="apache2" exe="/usr/sbin/apache2" subj=unconfined key="T1043_Commonly_Used_Port"ARCH=x86_64 SYSCALL=connect AUID="unset" UID="root" GID="root" EUID="root" SUID="root" FSUID="root" EGID="root" SGID="root" FSGID="root"
type=SOCKADDR msg=audit(1768183296.975:1958): saddr=00000000000000000000000000000000SADDR=unknown-family(0)
type=PROCTITLE msg=audit(1768183296.975:1958): proctitle=2F7573722F7362696E2F61706163686532002D6B007374617274
type=SYSCALL msg=audit(1768183296.975:1959): arch=c000003e syscall=42 success=no exit=-22 a0=5 a1=55c40968c6c0 a2=1c a3=0 items=0 ppid=1 pid=1468 auid=4294967295 uid=0 gid=0 euid=0 suid=0 fsuid=0 egid=0 sgid=0 fsgid=0 tty=(none) ses=4294967295 comm="apache2" exe="/usr/sbin/apache2" subj=unconfined key="T1043_Commonly_Used_Port"ARCH=x86_64 SYSCALL=connect AUID="unset" UID="root" GID="root" EUID="root" SUID="root" FSUID="root" EGID="root" SGID="root" FSGID="root"
type=SOCKADDR msg=audit(1768183296.975:1959): saddr=0A00000000000000FE800000000000000A0027FFFE270D1D00000000SADDR={ saddr_fam=inet6 laddr=fe80::a00:27ff:fe27:d1d lport=0 }
type=PROCTITLE msg=audit(1768183296.975:1959): proctitle=2F7573722F7362696E2F61706163686532002D6B007374617274
type=SYSCALL msg=audit(1768183296.975:1960): arch=c000003e syscall=42 success=yes exit=0 a0=5 a1=77a23760b694 a2=10 a3=7fff7fbcbe14 items=0 ppid=1 pid=1468 auid=4294967295 uid=0 gid=0 euid=0 suid=0 fsuid=0 egid=0 sgid=0 fsgid=0 tty=(none) ses=4294967295 comm="apache2" exe="/usr/sbin/apache2" subj=unconfined key="T1043_Commonly_Used_Port"ARCH=x86_64 SYSCALL=connect AUID="unset" UID="root" GID="root" EUID="root" SUID="root" FSUID="root" EGID="root" SGID="root" FSGID="root"
type=SOCKADDR msg=audit(1768183296.975:1960): saddr=020000357F0000350000000000000000SADDR={ saddr_fam=inet laddr=127.0.0.53 lport=53 }
type=PROCTITLE msg=audit(1768183296.975:1960): proctitle=2F7573722F7362696E2F61706163686532002D6B007374617274
type=SYSCALL msg=audit(1768183297.022:1961): arch=c000003e syscall=106 success=yes exit=0 a0=21 a1=77a2376304a0 a2=0 a3=22 items=0 ppid=1468 pid=1470 auid=4294967295 uid=0 gid=33 euid=0 suid=0 fsuid=0 egid=33 sgid=33 fsgid=33 tty=(none) ses=4294967295 comm="apache2" exe="/usr/sbin/apache2" subj=unconfined key="T1166_Seuid_and_Setgid"ARCH=x86_64 SYSCALL=setgid AUID="unset" UID="root" GID="www-data" EUID="root" SUID="root" FSUID="root" EGID="www-data" SGID="www-data" FSGID="www-data"
type=PROCTITLE msg=audit(1768183297.022:1961): proctitle=2F7573722F7362696E2F61706163686532002D6B007374617274
type=SYSCALL msg=audit(1768183297.022:1962): arch=c000003e syscall=106 success=yes exit=0 a0=21 a1=77a2376304a0 a2=0 a3=22 items=0 ppid=1468 pid=1471 auid=4294967295 uid=0 gid=33 euid=0 suid=0 fsuid=0 egid=33 sgid=33 fsgid=33 tty=(none) ses=4294967295 comm="apache2" exe="/usr/sbin/apache2" subj=unconfined key="T1166_Seuid_and_Setgid"ARCH=x86_64 SYSCALL=setgid AUID="unset" UID="root" GID="www-data" EUID="root" SUID="root" FSUID="root" EGID="www-data" SGID="www-data" FSGID="www-data"
type=PROCTITLE msg=audit(1768183297.022:1962): proctitle=2F7573722F7362696E2F61706163686532002D6B007374617274
type=SYSCALL msg=audit(1768183297.022:1963): arch=c000003e syscall=42 success=yes exit=0 a0=c a1=7fff7fbce3c0 a2=2d a3=55c409a771e0 items=1 ppid=1468 pid=1470 auid=4294967295 uid=0 gid=33 euid=0 suid=0 fsuid=0 egid=33 sgid=33 fsgid=33 tty=(none) ses=4294967295 comm="apache2" exe="/usr/sbin/apache2" subj=unconfined key="T1043_Commonly_Used_Port"ARCH=x86_64 SYSCALL=connect AUID="unset" UID="root" GID="www-data" EUID="root" SUID="root" FSUID="root" EGID="www-data" SGID="www-data" FSGID="www-data"
type=SOCKADDR msg=audit(1768183297.022:1963): saddr=01002F72756E2F73797374656D642F7573657264622F696F2E73797374656D642E44796E616D69635573657200SADDR={ saddr_fam=local path=/run/systemd/userdb/io.systemd.DynamicUser }
type=PATH msg=audit(1768183297.022:1963): item=0 name="/run/systemd/userdb/io.systemd.DynamicUser" inode=443 dev=00:18 mode=0140666 ouid=0 ogid=0 rdev=00:00 nametype=NORMAL cap_fp=0 cap_fi=0 cap_fe=0 cap_fver=0 cap_frootid=0OUID="root" OGID="root"
type=PROCTITLE msg=audit(1768183297.022:1963): proctitle=2F7573722F7362696E2F61706163686532002D6B007374617274
type=SYSCALL msg=audit(1768183297.024:1964): arch=c000003e syscall=42 success=yes exit=0 a0=c a1=7fff7fbce3c0 a2=2d a3=55c409a771e0 items=1 ppid=1468 pid=1471 auid=4294967295 uid=0 gid=33 euid=0 suid=0 fsuid=0 egid=33 sgid=33 fsgid=33 tty=(none) ses=4294967295 comm="apache2" exe="/usr/sbin/apache2" subj=unconfined key="T1043_Commonly_Used_Port"ARCH=x86_64 SYSCALL=connect AUID="unset" UID="root" GID="www-data" EUID="root" SUID="root" FSUID="root" EGID="www-data" SGID="www-data" FSGID="www-data"
type=SOCKADDR msg=audit(1768183297.024:1964): saddr=01002F72756E2F73797374656D642F7573657264622F696F2E73797374656D642E44796E616D69635573657200SADDR={ saddr_fam=local path=/run/systemd/userdb/io.systemd.DynamicUser }
type=PATH msg=audit(1768183297.024:1964): item=0 name="/run/systemd/userdb/io.systemd.DynamicUser" inode=443 dev=00:18 mode=0140666 ouid=0 ogid=0 rdev=00:00 nametype=NORMAL cap_fp=0 cap_fi=0 cap_fe=0 cap_fver=0 cap_frootid=0OUID="root" OGID="root"
type=PROCTITLE msg=audit(1768183297.024:1964): proctitle=2F7573722F7362696E2F61706163686532002D6B007374617274
type=SYSCALL msg=audit(1768183297.027:1965): arch=c000003e syscall=105 success=yes exit=0 a0=21 a1=55c409a36920 a2=55c1553c02d6 a3=55c409a36930 items=0 ppid=1468 pid=1471 auid=4294967295 uid=33 gid=33 euid=33 suid=33 fsuid=33 egid=33 sgid=33 fsgid=33 tty=(none) ses=4294967295 comm="apache2" exe="/usr/sbin/apache2" subj=unconfined key="T1166_Seuid_and_Setgid"ARCH=x86_64 SYSCALL=setuid AUID="unset" UID="www-data" GID="www-data" EUID="www-data" SUID="www-data" FSUID="www-data" EGID="www-data" SGID="www-data" FSGID="www-data"
type=PROCTITLE msg=audit(1768183297.027:1965): proctitle=2F7573722F7362696E2F61706163686532002D6B007374617274
type=SYSCALL msg=audit(1768183297.028:1966): arch=c000003e syscall=105 success=yes exit=0 a0=21 a1=55c409a36920 a2=55c1553c02d6 a3=55c409a36930 items=0 ppid=1468 pid=1470 auid=4294967295 uid=33 gid=33 euid=33 suid=33 fsuid=33 egid=33 sgid=33 fsgid=33 tty=(none) ses=4294967295 comm="apache2" exe="/usr/sbin/apache2" subj=unconfined key="T1166_Seuid_and_Setgid"ARCH=x86_64 SYSCALL=setuid AUID="unset" UID="www-data" GID="www-data" EUID="www-data" SUID="www-data" FSUID="www-data" EGID="www-data" SGID="www-data" FSGID="www-data"
type=PROCTITLE msg=audit(1768183297.028:1966): proctitle=2F7573722F7362696E2F61706163686532002D6B007374617274
type=SYSCALL msg=audit(1768183297.029:1967): arch=c000003e syscall=106 success=yes exit=0 a0=21 a1=77a2376304a0 a2=0 a3=22 items=0 ppid=1468 pid=1472 auid=4294967295 uid=0 gid=33 euid=0 suid=0 fsuid=0 egid=33 sgid=33 fsgid=33 tty=(none) ses=4294967295 comm="apache2" exe="/usr/sbin/apache2" subj=unconfined key="T1166_Seuid_and_Setgid"ARCH=x86_64 SYSCALL=setgid AUID="unset" UID="root" GID="www-data" EUID="root" SUID="root" FSUID="root" EGID="www-data" SGID="www-data" FSGID="www-data"
type=PROCTITLE msg=audit(1768183297.029:1967): proctitle=2F7573722F7362696E2F61706163686532002D6B007374617274
type=SYSCALL msg=audit(1768183297.029:1968): arch=c000003e syscall=106 success=yes exit=0 a0=21 a1=77a2376304a0 a2=0 a3=22 items=0 ppid=1468 pid=1473 auid=4294967295 uid=0 gid=33 euid=0 suid=0 fsuid=0 egid=33 sgid=33 fsgid=33 tty=(none) ses=4294967295 comm="apache2" exe="/usr/sbin/apache2" subj=unconfined key="T1166_Seuid_and_Setgid"ARCH=x86_64 SYSCALL=setgid AUID="unset" UID="root" GID="www-data" EUID="root" SUID="root" FSUID="root" EGID="www-data" SGID="www-data" FSGID="www-data"
type=PROCTITLE msg=audit(1768183297.029:1968): proctitle=2F7573722F7362696E2F61706163686532002D6B007374617274
type=SYSCALL msg=audit(1768183297.029:1969): arch=c000003e syscall=106 success=yes exit=0 a0=21 a1=77a2376304a0 a2=0 a3=22 items=0 ppid=1468 pid=1474 auid=4294967295 uid=0 gid=33 euid=0 suid=0 fsuid=0 egid=33 sgid=33 fsgid=33 tty=(none) ses=4294967295 comm="apache2" exe="/usr/sbin/apache2" subj=unconfined key="T1166_Seuid_and_Setgid"ARCH=x86_64 SYSCALL=setgid AUID="unset" UID="root" GID="www-data" EUID="root" SUID="root" FSUID="root" EGID="www-data" SGID="www-data" FSGID="www-data"
type=PROCTITLE msg=audit(1768183297.029:1969): proctitle=2F7573722F7362696E2F61706163686532002D6B007374617274
type=SYSCALL msg=audit(1768183297.029:1970): arch=c000003e syscall=42 success=yes exit=0 a0=c a1=7fff7fbce3c0 a2=2d a3=55c409a771e0 items=1 ppid=1468 pid=1472 auid=4294967295 uid=0 gid=33 euid=0 suid=0 fsuid=0 egid=33 sgid=33 fsgid=33 tty=(none) ses=4294967295 comm="apache2" exe="/usr/sbin/apache2" subj=unconfined key="T1043_Commonly_Used_Port"ARCH=x86_64 SYSCALL=connect AUID="unset" UID="root" GID="www-data" EUID="root" SUID="root" FSUID="root" EGID="www-data" SGID="www-data" FSGID="www-data"
type=SOCKADDR msg=audit(1768183297.029:1970): saddr=01002F72756E2F73797374656D642F7573657264622F696F2E73797374656D642E44796E616D69635573657200SADDR={ saddr_fam=local path=/run/systemd/userdb/io.systemd.DynamicUser }
type=PATH msg=audit(1768183297.029:1970): item=0 name="/run/systemd/userdb/io.systemd.DynamicUser" inode=443 dev=00:18 mode=0140666 ouid=0 ogid=0 rdev=00:00 nametype=NORMAL cap_fp=0 cap_fi=0 cap_fe=0 cap_fver=0 cap_frootid=0OUID="root" OGID="root"
type=PROCTITLE msg=audit(1768183297.029:1970): proctitle=2F7573722F7362696E2F61706163686532002D6B007374617274
type=SYSCALL msg=audit(1768183297.035:1971): arch=c000003e syscall=105 success=yes exit=0 a0=21 a1=55c409a36920 a2=55c1553c02d6 a3=55c409a36930 items=0 ppid=1468 pid=1472 auid=4294967295 uid=33 gid=33 euid=33 suid=33 fsuid=33 egid=33 sgid=33 fsgid=33 tty=(none) ses=4294967295 comm="apache2" exe="/usr/sbin/apache2" subj=unconfined key="T1166_Seuid_and_Setgid"ARCH=x86_64 SYSCALL=setuid AUID="unset" UID="www-data" GID="www-data" EUID="www-data" SUID="www-data" FSUID="www-data" EGID="www-data" SGID="www-data" FSGID="www-data"
type=PROCTITLE msg=audit(1768183297.035:1971): proctitle=2F7573722F7362696E2F61706163686532002D6B007374617274
type=SYSCALL msg=audit(1768183297.035:1972): arch=c000003e syscall=42 success=yes exit=0 a0=c a1=7fff7fbce3c0 a2=2d a3=55c409a771e0 items=1 ppid=1468 pid=1474 auid=4294967295 uid=0 gid=33 euid=0 suid=0 fsuid=0 egid=33 sgid=33 fsgid=33 tty=(none) ses=4294967295 comm="apache2" exe="/usr/sbin/apache2" subj=unconfined key="T1043_Commonly_Used_Port"ARCH=x86_64 SYSCALL=connect AUID="unset" UID="root" GID="www-data" EUID="root" SUID="root" FSUID="root" EGID="www-data" SGID="www-data" FSGID="www-data"
type=SOCKADDR msg=audit(1768183297.035:1972): saddr=01002F72756E2F73797374656D642F7573657264622F696F2E73797374656D642E44796E616D69635573657200SADDR={ saddr_fam=local path=/run/systemd/userdb/io.systemd.DynamicUser }
type=PATH msg=audit(1768183297.035:1972): item=0 name="/run/systemd/userdb/io.systemd.DynamicUser" inode=443 dev=00:18 mode=0140666 ouid=0 ogid=0 rdev=00:00 nametype=NORMAL cap_fp=0 cap_fi=0 cap_fe=0 cap_fver=0 cap_frootid=0OUID="root" OGID="root"
type=PROCTITLE msg=audit(1768183297.035:1972): proctitle=2F7573722F7362696E2F61706163686532002D6B007374617274
type=SYSCALL msg=audit(1768183297.036:1973): arch=c000003e syscall=42 success=yes exit=0 a0=c a1=7fff7fbce3c0 a2=2d a3=55c409a771e0 items=1 ppid=1468 pid=1473 auid=4294967295 uid=0 gid=33 euid=0 suid=0 fsuid=0 egid=33 sgid=33 fsgid=33 tty=(none) ses=4294967295 comm="apache2" exe="/usr/sbin/apache2" subj=unconfined key="T1043_Commonly_Used_Port"ARCH=x86_64 SYSCALL=connect AUID="unset" UID="root" GID="www-data" EUID="root" SUID="root" FSUID="root" EGID="www-data" SGID="www-data" FSGID="www-data"
type=SOCKADDR msg=audit(1768183297.036:1973): saddr=01002F72756E2F73797374656D642F7573657264622F696F2E73797374656D642E44796E616D69635573657200SADDR={ saddr_fam=local path=/run/systemd/userdb/io.systemd.DynamicUser }
type=PATH msg=audit(1768183297.036:1973): item=0 name="/run/systemd/userdb/io.systemd.DynamicUser" inode=443 dev=00:18 mode=0140666 ouid=0 ogid=0 rdev=00:00 nametype=NORMAL cap_fp=0 cap_fi=0 cap_fe=0 cap_fver=0 cap_frootid=0OUID="root" OGID="root"
type=PROCTITLE msg=audit(1768183297.036:1973): proctitle=2F7573722F7362696E2F61706163686532002D6B007374617274
type=SYSCALL msg=audit(1768183297.037:1974): arch=c000003e syscall=105 success=yes exit=0 a0=21 a1=55c409a36920 a2=55c1553c02d6 a3=55c409a36930 items=0 ppid=1468 pid=1473 auid=4294967295 uid=33 gid=33 euid=33 suid=33 fsuid=33 egid=33 sgid=33 fsgid=33 tty=(none) ses=4294967295 comm="apache2" exe="/usr/sbin/apache2" subj=unconfined key="T1166_Seuid_and_Setgid"ARCH=x86_64 SYSCALL=setuid AUID="unset" UID="www-data" GID="www-data" EUID="www-data" SUID="www-data" FSUID="www-data" EGID="www-data" SGID="www-data" FSGID="www-data"
type=PROCTITLE msg=audit(1768183297.037:1974): proctitle=2F7573722F7362696E2F61706163686532002D6B007374617274
type=SYSCALL msg=audit(1768183297.037:1975): arch=c000003e syscall=105 success=yes exit=0 a0=21 a1=55c409a36920 a2=55c1553c02d6 a3=55c409a36930 items=0 ppid=1468 pid=1474 auid=4294967295 uid=33 gid=33 euid=33 suid=33 fsuid=33 egid=33 sgid=33 fsgid=33 tty=(none) ses=4294967295 comm="apache2" exe="/usr/sbin/apache2" subj=unconfined key="T1166_Seuid_and_Setgid"ARCH=x86_64 SYSCALL=setuid AUID="unset" UID="www-data" GID="www-data" EUID="www-data" SUID="www-data" FSUID="www-data" EGID="www-data" SGID="www-data" FSGID="www-data"
type=PROCTITLE msg=audit(1768183297.037:1975): proctitle=2F7573722F7362696E2F61706163686532002D6B007374617274
type=SYSCALL msg=audit(1768183302.421:1976): arch=c000003e syscall=106 success=yes exit=0 a0=21 a1=77a2376304a0 a2=0 a3=22 items=0 ppid=1468 pid=1475 auid=4294967295 uid=0 gid=33 euid=0 suid=0 fsuid=0 egid=33 sgid=33 fsgid=33 tty=(none) ses=4294967295 comm="apache2" exe="/usr/sbin/apache2" subj=unconfined key="T1166_Seuid_and_Setgid"ARCH=x86_64 SYSCALL=setgid AUID="unset" UID="root" GID="www-data" EUID="root" SUID="root" FSUID="root" EGID="www-data" SGID="www-data" FSGID="www-data"
type=PROCTITLE msg=audit(1768183302.421:1976): proctitle=2F7573722F7362696E2F61706163686532002D6B007374617274
type=SYSCALL msg=audit(1768183302.421:1977): arch=c000003e syscall=42 success=yes exit=0 a0=c a1=7fff7fbce3e0 a2=2d a3=55c409a771e0 items=1 ppid=1468 pid=1475 auid=4294967295 uid=0 gid=33 euid=0 suid=0 fsuid=0 egid=33 sgid=33 fsgid=33 tty=(none) ses=4294967295 comm="apache2" exe="/usr/sbin/apache2" subj=unconfined key="T1043_Commonly_Used_Port"ARCH=x86_64 SYSCALL=connect AUID="unset" UID="root" GID="www-data" EUID="root" SUID="root" FSUID="root" EGID="www-data" SGID="www-data" FSGID="www-data"
type=SOCKADDR msg=audit(1768183302.421:1977): saddr=01002F72756E2F73797374656D642F7573657264622F696F2E73797374656D642E44796E616D69635573657200SADDR={ saddr_fam=local path=/run/systemd/userdb/io.systemd.DynamicUser }
type=PATH msg=audit(1768183302.421:1977): item=0 name="/run/systemd/userdb/io.systemd.DynamicUser" inode=443 dev=00:18 mode=0140666 ouid=0 ogid=0 rdev=00:00 nametype=NORMAL cap_fp=0 cap_fi=0 cap_fe=0 cap_fver=0 cap_frootid=0OUID="root" OGID="root"
type=PROCTITLE msg=audit(1768183302.421:1977): proctitle=2F7573722F7362696E2F61706163686532002D6B007374617274
type=SYSCALL msg=audit(1768183302.423:1978): arch=c000003e syscall=105 success=yes exit=0 a0=21 a1=55c409a36920 a2=55c1553c02d6 a3=55c409a36930 items=0 ppid=1468 pid=1475 auid=4294967295 uid=33 gid=33 euid=33 suid=33 fsuid=33 egid=33 sgid=33 fsgid=33 tty=(none) ses=4294967295 comm="apache2" exe="/usr/sbin/apache2" subj=unconfined key="T1166_Seuid_and_Setgid"ARCH=x86_64 SYSCALL=setuid AUID="unset" UID="www-data" GID="www-data" EUID="www-data" SUID="www-data" FSUID="www-data" EGID="www-data" SGID="www-data" FSGID="www-data"
type=PROCTITLE msg=audit(1768183302.423:1978): proctitle=2F7573722F7362696E2F61706163686532002D6B007374617274
type=SYSCALL msg=audit(1768183311.057:1979): arch=c000003e syscall=59 success=yes exit=0 a0=5c666e18bd60 a1=5c666e18be70 a2=5c666e045cc0 a3=5c666e18bf20 items=2 ppid=1426 pid=1476 auid=1000 uid=0 gid=0 euid=0 suid=0 fsuid=0 egid=0 sgid=0 fsgid=0 tty=pts1 ses=3 comm="cat" exe="/usr/bin/cat" subj=unconfined key="T1078_Valid_Accounts"ARCH=x86_64 SYSCALL=execve AUID="vboxuser" UID="root" GID="root" EUID="root" SUID="root" FSUID="root" EGID="root" SGID="root" FSGID="root"
type=EXECVE msg=audit(1768183311.057:1979): argc=2 a0="cat" a1="/var/www/html/index.html"
type=PATH msg=audit(1768183311.057:1979): item=0 name="/usr/bin/cat" inode=1442301 dev=08:02 mode=0100755 ouid=0 ogid=0 rdev=00:00 nametype=NORMAL cap_fp=0 cap_fi=0 cap_fe=0 cap_fver=0 cap_frootid=0OUID="root" OGID="root"
type=PATH msg=audit(1768183311.057:1979): item=1 name="/lib64/ld-linux-x86-64.so.2" inode=1481429 dev=08:02 mode=0100755 ouid=0 ogid=0 rdev=00:00 nametype=NORMAL cap_fp=0 cap_fi=0 cap_fe=0 cap_fver=0 cap_frootid=0OUID="root" OGID="root"
type=PROCTITLE msg=audit(1768183311.057:1979): proctitle=636174002F7661722F7777772F68746D6C2F696E6465782E68746D6C
type=SYSCALL msg=audit(1768183321.667:1980): arch=c000003e syscall=59 success=yes exit=0 a0=5c666e18bfd0 a1=5c666e18bb30 a2=5c666e045cc0 a3=8 items=2 ppid=1426 pid=1478 auid=1000 uid=0 gid=0 euid=0 suid=0 fsuid=0 egid=0 sgid=0 fsgid=0 tty=pts1 ses=3 comm="cat" exe="/usr/bin/cat" subj=unconfined key="T1078_Valid_Accounts"ARCH=x86_64 SYSCALL=execve AUID="vboxuser" UID="root" GID="root" EUID="root" SUID="root" FSUID="root" EGID="root" SGID="root" FSGID="root"
type=EXECVE msg=audit(1768183321.667:1980): argc=2 a0="cat" a1="/var/log/apache2/nextcloud.local-error.log"
type=PATH msg=audit(1768183321.667:1980): item=0 name="/usr/bin/cat" inode=1442301 dev=08:02 mode=0100755 ouid=0 ogid=0 rdev=00:00 nametype=NORMAL cap_fp=0 cap_fi=0 cap_fe=0 cap_fver=0 cap_frootid=0OUID="root" OGID="root"
type=PATH msg=audit(1768183321.667:1980): item=1 name="/lib64/ld-linux-x86-64.so.2" inode=1481429 dev=08:02 mode=0100755 ouid=0 ogid=0 rdev=00:00 nametype=NORMAL cap_fp=0 cap_fi=0 cap_fe=0 cap_fver=0 cap_frootid=0OUID="root" OGID="root"
type=PROCTITLE msg=audit(1768183321.667:1980): proctitle=636174002F7661722F6C6F672F617061636865322F6E657874636C6F75642E6C6F63616C2D6572726F722E6C6F67
type=SYSCALL msg=audit(1768183321.663:1981): arch=c000003e syscall=59 success=yes exit=0 a0=5c666e18c030 a1=5c666e18bb30 a2=5c666e045cc0 a3=8 items=2 ppid=1426 pid=1479 auid=1000 uid=0 gid=0 euid=0 suid=0 fsuid=0 egid=0 sgid=0 fsgid=0 tty=pts1 ses=3 comm="tail" exe="/usr/bin/tail" subj=unconfined key="T1078_Valid_Accounts"ARCH=x86_64 SYSCALL=execve AUID="vboxuser" UID="root" GID="root" EUID="root" SUID="root" FSUID="root" EGID="root" SGID="root" FSGID="root"
type=EXECVE msg=audit(1768183321.663:1981): argc=2 a0="tail" a1="-20"
type=PATH msg=audit(1768183321.663:1981): item=0 name="/usr/bin/tail" inode=1442904 dev=08:02 mode=0100755 ouid=0 ogid=0 rdev=00:00 nametype=NORMAL cap_fp=0 cap_fi=0 cap_fe=0 cap_fver=0 cap_frootid=0OUID="root" OGID="root"
type=PATH msg=audit(1768183321.663:1981): item=1 name="/lib64/ld-linux-x86-64.so.2" inode=1481429 dev=08:02 mode=0100755 ouid=0 ogid=0 rdev=00:00 nametype=NORMAL cap_fp=0 cap_fi=0 cap_fe=0 cap_fver=0 cap_frootid=0OUID="root" OGID="root"
type=PROCTITLE msg=audit(1768183321.663:1981): proctitle=7461696C002D3230
type=SYSCALL msg=audit(1768183333.746:1982): arch=c000003e syscall=59 success=yes exit=0 a0=5c666e18c090 a1=5c666e18bb30 a2=5c666e045cc0 a3=8 items=2 ppid=1426 pid=1481 auid=1000 uid=0 gid=0 euid=0 suid=0 fsuid=0 egid=0 sgid=0 fsgid=0 tty=pts1 ses=3 comm="tail" exe="/usr/bin/tail" subj=unconfined key="T1078_Valid_Accounts"ARCH=x86_64 SYSCALL=execve AUID="vboxuser" UID="root" GID="root" EUID="root" SUID="root" FSUID="root" EGID="root" SGID="root" FSGID="root"
type=EXECVE msg=audit(1768183333.746:1982): argc=2 a0="tail" a1="-20"
type=PATH msg=audit(1768183333.746:1982): item=0 name="/usr/bin/tail" inode=1442904 dev=08:02 mode=0100755 ouid=0 ogid=0 rdev=00:00 nametype=NORMAL cap_fp=0 cap_fi=0 cap_fe=0 cap_fver=0 cap_frootid=0OUID="root" OGID="root"
type=PATH msg=audit(1768183333.746:1982): item=1 name="/lib64/ld-linux-x86-64.so.2" inode=1481429 dev=08:02 mode=0100755 ouid=0 ogid=0 rdev=00:00 nametype=NORMAL cap_fp=0 cap_fi=0 cap_fe=0 cap_fver=0 cap_frootid=0OUID="root" OGID="root"
type=PROCTITLE msg=audit(1768183333.746:1982): proctitle=7461696C002D3230
type=SYSCALL msg=audit(1768183333.746:1983): arch=c000003e syscall=59 success=yes exit=0 a0=5c666e18c030 a1=5c666e18bb30 a2=5c666e045cc0 a3=8 items=2 ppid=1426 pid=1480 auid=1000 uid=0 gid=0 euid=0 suid=0 fsuid=0 egid=0 sgid=0 fsgid=0 tty=pts1 ses=3 comm="cat" exe="/usr/bin/cat" subj=unconfined key="T1078_Valid_Accounts"ARCH=x86_64 SYSCALL=execve AUID="vboxuser" UID="root" GID="root" EUID="root" SUID="root" FSUID="root" EGID="root" SGID="root" FSGID="root"
type=EXECVE msg=audit(1768183333.746:1983): argc=2 a0="cat" a1="/var/log/apache2/nextcloud.local-access.log"
type=PATH msg=audit(1768183333.746:1983): item=0 name="/usr/bin/cat" inode=1442301 dev=08:02 mode=0100755 ouid=0 ogid=0 rdev=00:00 nametype=NORMAL cap_fp=0 cap_fi=0 cap_fe=0 cap_fver=0 cap_frootid=0OUID="root" OGID="root"
type=PATH msg=audit(1768183333.746:1983): item=1 name="/lib64/ld-linux-x86-64.so.2" inode=1481429 dev=08:02 mode=0100755 ouid=0 ogid=0 rdev=00:00 nametype=NORMAL cap_fp=0 cap_fi=0 cap_fe=0 cap_fver=0 cap_frootid=0OUID="root" OGID="root"
type=PROCTITLE msg=audit(1768183333.746:1983): proctitle=636174002F7661722F6C6F672F617061636865322F6E657874636C6F75642E6C6F63616C2D6163636573732E6C6F67
type=SYSCALL msg=audit(1768183343.433:1984): arch=c000003e syscall=59 success=yes exit=0 a0=5c666e18c1f0 a1=5c666e18c2a0 a2=5c666e045cc0 a3=1 items=2 ppid=1426 pid=1483 auid=1000 uid=0 gid=0 euid=0 suid=0 fsuid=0 egid=0 sgid=0 fsgid=0 tty=pts1 ses=3 comm="grep" exe="/usr/bin/grep" subj=unconfined key="T1078_Valid_Accounts"ARCH=x86_64 SYSCALL=execve AUID="vboxuser" UID="root" GID="root" EUID="root" SUID="root" FSUID="root" EGID="root" SGID="root" FSGID="root"
type=EXECVE msg=audit(1768183343.433:1984): argc=4 a0="grep" a1="--color=auto" a2="-i" a3="DocumentRoot"
type=PATH msg=audit(1768183343.433:1984): item=0 name="/usr/bin/grep" inode=1442450 dev=08:02 mode=0100755 ouid=0 ogid=0 rdev=00:00 nametype=NORMAL cap_fp=0 cap_fi=0 cap_fe=0 cap_fver=0 cap_frootid=0OUID="root" OGID="root"
type=PATH msg=audit(1768183343.433:1984): item=1 name="/lib64/ld-linux-x86-64.so.2" inode=1481429 dev=08:02 mode=0100755 ouid=0 ogid=0 rdev=00:00 nametype=NORMAL cap_fp=0 cap_fi=0 cap_fe=0 cap_fver=0 cap_frootid=0OUID="root" OGID="root"
type=PROCTITLE msg=audit(1768183343.433:1984): proctitle=67726570002D2D636F6C6F723D6175746F002D6900446F63756D656E74526F6F74
type=SYSCALL msg=audit(1768183343.452:1985): arch=c000003e syscall=59 success=yes exit=0 a0=5c666e18c0e0 a1=5c666e18bb30 a2=5c666e045cc0 a3=8 items=2 ppid=1426 pid=1482 auid=1000 uid=0 gid=0 euid=0 suid=0 fsuid=0 egid=0 sgid=0 fsgid=0 tty=pts1 ses=3 comm="cat" exe="/usr/bin/cat" subj=unconfined key="T1078_Valid_Accounts"ARCH=x86_64 SYSCALL=execve AUID="vboxuser" UID="root" GID="root" EUID="root" SUID="root" FSUID="root" EGID="root" SGID="root" FSGID="root"
type=EXECVE msg=audit(1768183343.452:1985): argc=2 a0="cat" a1="/etc/apache2/apache2.conf"
type=PATH msg=audit(1768183343.452:1985): item=0 name="/usr/bin/cat" inode=1442301 dev=08:02 mode=0100755 ouid=0 ogid=0 rdev=00:00 nametype=NORMAL cap_fp=0 cap_fi=0 cap_fe=0 cap_fver=0 cap_frootid=0OUID="root" OGID="root"
type=PATH msg=audit(1768183343.452:1985): item=1 name="/lib64/ld-linux-x86-64.so.2" inode=1481429 dev=08:02 mode=0100755 ouid=0 ogid=0 rdev=00:00 nametype=NORMAL cap_fp=0 cap_fi=0 cap_fe=0 cap_fver=0 cap_frootid=0OUID="root" OGID="root"
type=PROCTITLE msg=audit(1768183343.452:1985): proctitle=636174002F6574632F617061636865322F617061636865322E636F6E66
type=SYSCALL msg=audit(1768183351.944:1986): arch=c000003e syscall=59 success=yes exit=0 a0=5c666e18c030 a1=5c666e18bb30 a2=5c666e045cc0 a3=5c666e18bb30 items=2 ppid=1426 pid=1484 auid=1000 uid=0 gid=0 euid=0 suid=0 fsuid=0 egid=0 sgid=0 fsgid=0 tty=pts1 ses=3 comm="cat" exe="/usr/bin/cat" subj=unconfined key="T1078_Valid_Accounts"ARCH=x86_64 SYSCALL=execve AUID="vboxuser" UID="root" GID="root" EUID="root" SUID="root" FSUID="root" EGID="root" SGID="root" FSGID="root"
type=EXECVE msg=audit(1768183351.944:1986): argc=2 a0="cat" a1="/etc/apache2/sites-enabled/nextcloud.conf"
type=PATH msg=audit(1768183351.944:1986): item=0 name="/usr/bin/cat" inode=1442301 dev=08:02 mode=0100755 ouid=0 ogid=0 rdev=00:00 nametype=NORMAL cap_fp=0 cap_fi=0 cap_fe=0 cap_fver=0 cap_frootid=0OUID="root" OGID="root"
type=PATH msg=audit(1768183351.944:1986): item=1 name="/lib64/ld-linux-x86-64.so.2" inode=1481429 dev=08:02 mode=0100755 ouid=0 ogid=0 rdev=00:00 nametype=NORMAL cap_fp=0 cap_fi=0 cap_fe=0 cap_fver=0 cap_frootid=0OUID="root" OGID="root"
type=PROCTITLE msg=audit(1768183351.944:1986): proctitle=636174002F6574632F617061636865322F73697465732D656E61626C65642F6E657874636C6F75642E636F6E66
type=SYSCALL msg=audit(1768183363.384:1987): arch=c000003e syscall=59 success=yes exit=0 a0=5c666e18c350 a1=5c666e18b640 a2=5c666e045cc0 a3=5c666e01c9d0 items=2 ppid=1426 pid=1485 auid=1000 uid=0 gid=0 euid=0 suid=0 fsuid=0 egid=0 sgid=0 fsgid=0 tty=pts1 ses=3 comm="grep" exe="/usr/bin/grep" subj=unconfined key="T1078_Valid_Accounts"ARCH=x86_64 SYSCALL=execve AUID="vboxuser" UID="root" GID="root" EUID="root" SUID="root" FSUID="root" EGID="root" SGID="root" FSGID="root"
type=EXECVE msg=audit(1768183363.384:1987): argc=5 a0="grep" a1="--color=auto" a2="-i" a3="DocumentRoot" a4="/etc/apache2/sites-enabled/nextcloud.conf"
type=PATH msg=audit(1768183363.384:1987): item=0 name="/usr/bin/grep" inode=1442450 dev=08:02 mode=0100755 ouid=0 ogid=0 rdev=00:00 nametype=NORMAL cap_fp=0 cap_fi=0 cap_fe=0 cap_fver=0 cap_frootid=0OUID="root" OGID="root"
type=PATH msg=audit(1768183363.384:1987): item=1 name="/lib64/ld-linux-x86-64.so.2" inode=1481429 dev=08:02 mode=0100755 ouid=0 ogid=0 rdev=00:00 nametype=NORMAL cap_fp=0 cap_fi=0 cap_fe=0 cap_fver=0 cap_frootid=0OUID="root" OGID="root"
type=PROCTITLE msg=audit(1768183363.384:1987): proctitle=67726570002D2D636F6C6F723D6175746F002D6900446F63756D656E74526F6F74002F6574632F617061636865322F73697465732D656E61626C65642F6E657874636C6F75642E636F6E66
type=SYSCALL msg=audit(1768183378.779:1988): arch=c000003e syscall=59 success=yes exit=0 a0=5c666e124e70 a1=5c666e18bc30 a2=5c666e045cc0 a3=5c666e18c4b0 items=2 ppid=1426 pid=1486 auid=1000 uid=0 gid=0 euid=0 suid=0 fsuid=0 egid=0 sgid=0 fsgid=0 tty=pts1 ses=3 comm="sudo" exe="/usr/bin/sudo" subj=unconfined key="T1078_Valid_Accounts"ARCH=x86_64 SYSCALL=execve AUID="vboxuser" UID="root" GID="root" EUID="root" SUID="root" FSUID="root" EGID="root" SGID="root" FSGID="root"
type=EXECVE msg=audit(1768183378.779:1988): argc=3 a0="sudo" a1="vim" a2="/etc/apache2/sites-enabled/nextcloud.conf"
type=PATH msg=audit(1768183378.779:1988): item=0 name="/usr/bin/sudo" inode=1450157 dev=08:02 mode=0104755 ouid=0 ogid=0 rdev=00:00 nametype=NORMAL cap_fp=0 cap_fi=0 cap_fe=0 cap_fver=0 cap_frootid=0OUID="root" OGID="root"
type=PATH msg=audit(1768183378.779:1988): item=1 name="/lib64/ld-linux-x86-64.so.2" inode=1481429 dev=08:02 mode=0100755 ouid=0 ogid=0 rdev=00:00 nametype=NORMAL cap_fp=0 cap_fi=0 cap_fe=0 cap_fver=0 cap_frootid=0OUID="root" OGID="root"
type=PROCTITLE msg=audit(1768183378.779:1988): proctitle=7375646F0076696D002F6574632F617061636865322F73697465732D656E61626C65642F6E657874636C6F75642E636F6E66
type=SYSCALL msg=audit(1768183378.804:1989): arch=c000003e syscall=257 success=yes exit=5 a0=ffffff9c a1=7ffdb163a800 a2=800 a3=0 items=1 ppid=1426 pid=1486 auid=1000 uid=0 gid=0 euid=1 suid=0 fsuid=1 egid=0 sgid=0 fsgid=0 tty=pts1 ses=3 comm="sudo" exe="/usr/bin/sudo" subj=unconfined key="T1169_Sudo"ARCH=x86_64 SYSCALL=openat AUID="vboxuser" UID="root" GID="root" EUID="daemon" SUID="root" FSUID="daemon" EGID="root" SGID="root" FSGID="root"
type=PATH msg=audit(1768183378.804:1989): item=0 name="/etc/sudoers" inode=1049318 dev=08:02 mode=0100440 ouid=0 ogid=0 rdev=00:00 nametype=NORMAL cap_fp=0 cap_fi=0 cap_fe=0 cap_fver=0 cap_frootid=0OUID="root" OGID="root"
type=PROCTITLE msg=audit(1768183378.804:1989): proctitle=7375646F0076696D002F6574632F617061636865322F73697465732D656E61626C65642F6E657874636C6F75642E636F6E66
type=SYSCALL msg=audit(1768183378.804:1990): arch=c000003e syscall=42 success=yes exit=0 a0=6 a1=792f3ba0b694 a2=10 a3=7ffdb1638da4 items=0 ppid=1426 pid=1486 auid=1000 uid=0 gid=0 euid=0 suid=0 fsuid=0 egid=0 sgid=0 fsgid=0 tty=pts1 ses=3 comm="sudo" exe="/usr/bin/sudo" subj=unconfined key="T1043_Commonly_Used_Port"ARCH=x86_64 SYSCALL=connect AUID="vboxuser" UID="root" GID="root" EUID="root" SUID="root" FSUID="root" EGID="root" SGID="root" FSGID="root"
type=SOCKADDR msg=audit(1768183378.804:1990): saddr=020000357F0000350000000000000000SADDR={ saddr_fam=inet laddr=127.0.0.53 lport=53 }
type=PROCTITLE msg=audit(1768183378.804:1990): proctitle=7375646F0076696D002F6574632F617061636865322F73697465732D656E61626C65642F6E657874636C6F75642E636F6E66
type=SYSCALL msg=audit(1768183378.865:1991): arch=c000003e syscall=42 success=yes exit=0 a0=6 a1=792f3ba0b694 a2=10 a3=7ffdb1638da4 items=0 ppid=1426 pid=1486 auid=1000 uid=0 gid=0 euid=0 suid=0 fsuid=0 egid=0 sgid=0 fsgid=0 tty=pts1 ses=3 comm="sudo" exe="/usr/bin/sudo" subj=unconfined key="T1043_Commonly_Used_Port"ARCH=x86_64 SYSCALL=connect AUID="vboxuser" UID="root" GID="root" EUID="root" SUID="root" FSUID="root" EGID="root" SGID="root" FSGID="root"
type=SOCKADDR msg=audit(1768183378.865:1991): saddr=020000357F0000350000000000000000SADDR={ saddr_fam=inet laddr=127.0.0.53 lport=53 }
type=PROCTITLE msg=audit(1768183378.865:1991): proctitle=7375646F0076696D002F6574632F617061636865322F73697465732D656E61626C65642F6E657874636C6F75642E636F6E66
type=SYSCALL msg=audit(1768183378.865:1992): arch=c000003e syscall=42 success=yes exit=0 a0=6 a1=60c84c503740 a2=10 a3=0 items=0 ppid=1426 pid=1486 auid=1000 uid=0 gid=0 euid=0 suid=0 fsuid=0 egid=0 sgid=0 fsgid=0 tty=pts1 ses=3 comm="sudo" exe="/usr/bin/sudo" subj=unconfined key="T1043_Commonly_Used_Port"ARCH=x86_64 SYSCALL=connect AUID="vboxuser" UID="root" GID="root" EUID="root" SUID="root" FSUID="root" EGID="root" SGID="root" FSGID="root"
type=SOCKADDR msg=audit(1768183378.865:1992): saddr=020000000A00020F0000000000000000SADDR={ saddr_fam=inet laddr=10.0.2.15 lport=0 }
type=PROCTITLE msg=audit(1768183378.865:1992): proctitle=7375646F0076696D002F6574632F617061636865322F73697465732D656E61626C65642F6E657874636C6F75642E636F6E66
type=SYSCALL msg=audit(1768183378.865:1993): arch=c000003e syscall=42 success=yes exit=0 a0=6 a1=7ffdb163ac90 a2=10 a3=0 items=0 ppid=1426 pid=1486 auid=1000 uid=0 gid=0 euid=0 suid=0 fsuid=0 egid=0 sgid=0 fsgid=0 tty=pts1 ses=3 comm="sudo" exe="/usr/bin/sudo" subj=unconfined key="T1043_Commonly_Used_Port"ARCH=x86_64 SYSCALL=connect AUID="vboxuser" UID="root" GID="root" EUID="root" SUID="root" FSUID="root" EGID="root" SGID="root" FSGID="root"
type=SOCKADDR msg=audit(1768183378.865:1993): saddr=00000000000000000000000000000000SADDR=unknown-family(0)
type=PROCTITLE msg=audit(1768183378.865:1993): proctitle=7375646F0076696D002F6574632F617061636865322F73697465732D656E61626C65642F6E657874636C6F75642E636F6E66
type=SYSCALL msg=audit(1768183378.867:1994): arch=c000003e syscall=42 success=yes exit=0 a0=6 a1=60c84c502910 a2=10 a3=0 items=0 ppid=1426 pid=1486 auid=1000 uid=0 gid=0 euid=0 suid=0 fsuid=0 egid=0 sgid=0 fsgid=0 tty=pts1 ses=3 comm="sudo" exe="/usr/bin/sudo" subj=unconfined key="T1043_Commonly_Used_Port"ARCH=x86_64 SYSCALL=connect AUID="vboxuser" UID="root" GID="root" EUID="root" SUID="root" FSUID="root" EGID="root" SGID="root" FSGID="root"
type=SOCKADDR msg=audit(1768183378.867:1994): saddr=02000000C0A8386B0000000000000000SADDR={ saddr_fam=inet laddr=192.168.56.107 lport=0 }
type=PROCTITLE msg=audit(1768183378.867:1994): proctitle=7375646F0076696D002F6574632F617061636865322F73697465732D656E61626C65642F6E657874636C6F75642E636F6E66
type=SYSCALL msg=audit(1768183378.867:1995): arch=c000003e syscall=42 success=yes exit=0 a0=6 a1=60c84c502a00 a2=1c a3=0 items=0 ppid=1426 pid=1486 auid=1000 uid=0 gid=0 euid=0 suid=0 fsuid=0 egid=0 sgid=0 fsgid=0 tty=pts1 ses=3 comm="sudo" exe="/usr/bin/sudo" subj=unconfined key="T1043_Commonly_Used_Port"ARCH=x86_64 SYSCALL=connect AUID="vboxuser" UID="root" GID="root" EUID="root" SUID="root" FSUID="root" EGID="root" SGID="root" FSGID="root"
type=SOCKADDR msg=audit(1768183378.867:1995): saddr=0A00000000000000FD17625CF03700020A0027FFFE3F373900000000SADDR={ saddr_fam=inet6 laddr=fd17:625c:f037:2:a00:27ff:fe3f:3739 lport=0 }
type=PROCTITLE msg=audit(1768183378.867:1995): proctitle=7375646F0076696D002F6574632F617061636865322F73697465732D656E61626C65642F6E657874636C6F75642E636F6E66
type=SYSCALL msg=audit(1768183378.867:1996): arch=c000003e syscall=42 success=yes exit=0 a0=6 a1=7ffdb163ac90 a2=10 a3=0 items=0 ppid=1426 pid=1486 auid=1000 uid=0 gid=0 euid=0 suid=0 fsuid=0 egid=0 sgid=0 fsgid=0 tty=pts1 ses=3 comm="sudo" exe="/usr/bin/sudo" subj=unconfined key="T1043_Commonly_Used_Port"ARCH=x86_64 SYSCALL=connect AUID="vboxuser" UID="root" GID="root" EUID="root" SUID="root" FSUID="root" EGID="root" SGID="root" FSGID="root"
type=SOCKADDR msg=audit(1768183378.867:1996): saddr=00000000000000000000000000000000SADDR=unknown-family(0)
type=PROCTITLE msg=audit(1768183378.867:1996): proctitle=7375646F0076696D002F6574632F617061636865322F73697465732D656E61626C65642F6E657874636C6F75642E636F6E66
type=SYSCALL msg=audit(1768183378.867:1997): arch=c000003e syscall=42 success=no exit=-22 a0=6 a1=60c84c502b20 a2=1c a3=0 items=0 ppid=1426 pid=1486 auid=1000 uid=0 gid=0 euid=0 suid=0 fsuid=0 egid=0 sgid=0 fsgid=0 tty=pts1 ses=3 comm="sudo" exe="/usr/bin/sudo" subj=unconfined key="T1043_Commonly_Used_Port"ARCH=x86_64 SYSCALL=connect AUID="vboxuser" UID="root" GID="root" EUID="root" SUID="root" FSUID="root" EGID="root" SGID="root" FSGID="root"
type=SOCKADDR msg=audit(1768183378.867:1997): saddr=0A00000000000000FE800000000000000A0027FFFE3F373900000000SADDR={ saddr_fam=inet6 laddr=fe80::a00:27ff:fe3f:3739 lport=0 }
type=PROCTITLE msg=audit(1768183378.867:1997): proctitle=7375646F0076696D002F6574632F617061636865322F73697465732D656E61626C65642F6E657874636C6F75642E636F6E66
type=SYSCALL msg=audit(1768183378.867:1998): arch=c000003e syscall=42 success=yes exit=0 a0=6 a1=7ffdb163ac90 a2=10 a3=0 items=0 ppid=1426 pid=1486 auid=1000 uid=0 gid=0 euid=0 suid=0 fsuid=0 egid=0 sgid=0 fsgid=0 tty=pts1 ses=3 comm="sudo" exe="/usr/bin/sudo" subj=unconfined key="T1043_Commonly_Used_Port"ARCH=x86_64 SYSCALL=connect AUID="vboxuser" UID="root" GID="root" EUID="root" SUID="root" FSUID="root" EGID="root" SGID="root" FSGID="root"
type=SOCKADDR msg=audit(1768183378.867:1998): saddr=00000000000000000000000000000000SADDR=unknown-family(0)
type=PROCTITLE msg=audit(1768183378.867:1998): proctitle=7375646F0076696D002F6574632F617061636865322F73697465732D656E61626C65642F6E657874636C6F75642E636F6E66
type=SYSCALL msg=audit(1768183378.867:1999): arch=c000003e syscall=42 success=no exit=-22 a0=6 a1=60c84c502c40 a2=1c a3=0 items=0 ppid=1426 pid=1486 auid=1000 uid=0 gid=0 euid=0 suid=0 fsuid=0 egid=0 sgid=0 fsgid=0 tty=pts1 ses=3 comm="sudo" exe="/usr/bin/sudo" subj=unconfined key="T1043_Commonly_Used_Port"ARCH=x86_64 SYSCALL=connect AUID="vboxuser" UID="root" GID="root" EUID="root" SUID="root" FSUID="root" EGID="root" SGID="root" FSGID="root"
type=SOCKADDR msg=audit(1768183378.867:1999): saddr=0A00000000000000FE800000000000000A0027FFFE270D1D00000000SADDR={ saddr_fam=inet6 laddr=fe80::a00:27ff:fe27:d1d lport=0 }
type=PROCTITLE msg=audit(1768183378.867:1999): proctitle=7375646F0076696D002F6574632F617061636865322F73697465732D656E61626C65642F6E657874636C6F75642E636F6E66
type=SYSCALL msg=audit(1768183378.875:2000): arch=c000003e syscall=257 success=yes exit=6 a0=ffffff9c a1=792f3b9cf347 a2=80000 a3=0 items=1 ppid=1426 pid=1486 auid=1000 uid=0 gid=0 euid=0 suid=0 fsuid=0 egid=0 sgid=0 fsgid=0 tty=pts1 ses=3 comm="sudo" exe="/usr/bin/sudo" subj=unconfined key="T1087_Account_Discovery"ARCH=x86_64 SYSCALL=openat AUID="vboxuser" UID="root" GID="root" EUID="root" SUID="root" FSUID="root" EGID="root" SGID="root" FSGID="root"
type=PATH msg=audit(1768183378.875:2000): item=0 name="/etc/shadow" inode=1050300 dev=08:02 mode=0100640 ouid=0 ogid=42 rdev=00:00 nametype=NORMAL cap_fp=0 cap_fi=0 cap_fe=0 cap_fver=0 cap_frootid=0OUID="root" OGID="shadow"
type=PROCTITLE msg=audit(1768183378.875:2000): proctitle=7375646F0076696D002F6574632F617061636865322F73697465732D656E61626C65642F6E657874636C6F75642E636F6E66
type=USER_ACCT msg=audit(1768183378.876:2001): pid=1486 uid=0 auid=1000 ses=3 subj=unconfined msg='op=PAM:accounting grantors=pam_permit acct="root" exe="/usr/bin/sudo" hostname=? addr=? terminal=/dev/pts/1 res=success'UID="root" AUID="vboxuser"
type=SYSCALL msg=audit(1768183378.877:2002): arch=c000003e syscall=42 success=yes exit=0 a0=7 a1=7ffdb163b190 a2=2d a3=60c84c50e0b0 items=1 ppid=1426 pid=1486 auid=1000 uid=0 gid=0 euid=0 suid=0 fsuid=0 egid=0 sgid=0 fsgid=0 tty=pts1 ses=3 comm="sudo" exe="/usr/bin/sudo" subj=unconfined key="T1043_Commonly_Used_Port"ARCH=x86_64 SYSCALL=connect AUID="vboxuser" UID="root" GID="root" EUID="root" SUID="root" FSUID="root" EGID="root" SGID="root" FSGID="root"
type=SOCKADDR msg=audit(1768183378.877:2002): saddr=01002F72756E2F73797374656D642F7573657264622F696F2E73797374656D642E44796E616D69635573657200SADDR={ saddr_fam=local path=/run/systemd/userdb/io.systemd.DynamicUser }
type=PATH msg=audit(1768183378.877:2002): item=0 name="/run/systemd/userdb/io.systemd.DynamicUser" inode=443 dev=00:18 mode=0140666 ouid=0 ogid=0 rdev=00:00 nametype=NORMAL cap_fp=0 cap_fi=0 cap_fe=0 cap_fver=0 cap_frootid=0OUID="root" OGID="root"
type=PROCTITLE msg=audit(1768183378.877:2002): proctitle=7375646F0076696D002F6574632F617061636865322F73697465732D656E61626C65642F6E657874636C6F75642E636F6E66
type=USER_CMD msg=audit(1768183378.881:2003): pid=1486 uid=0 auid=1000 ses=3 subj=unconfined msg='cwd="/root" cmd=76696D202F6574632F617061636865322F73697465732D656E61626C65642F6E657874636C6F75642E636F6E66 exe="/usr/bin/sudo" terminal=pts/1 res=success'UID="root" AUID="vboxuser"
type=SYSCALL msg=audit(1768183378.883:2004): arch=c000003e syscall=92 success=yes exit=0 a0=7ffdb163a540 a1=0 a2=5 a3=0 items=1 ppid=1426 pid=1486 auid=1000 uid=0 gid=0 euid=0 suid=0 fsuid=0 egid=0 sgid=0 fsgid=0 tty=pts1 ses=3 comm="sudo" exe="/usr/bin/sudo" subj=unconfined key="T1166_Seuid_and_Setgid"ARCH=x86_64 SYSCALL=chown AUID="vboxuser" UID="root" GID="root" EUID="root" SUID="root" FSUID="root" EGID="root" SGID="root" FSGID="root"
type=PATH msg=audit(1768183378.883:2004): item=0 name="/dev/pts/2" inode=5 dev=00:17 mode=020620 ouid=0 ogid=5 rdev=88:02 nametype=NORMAL cap_fp=0 cap_fi=0 cap_fe=0 cap_fver=0 cap_frootid=0OUID="root" OGID="tty"
type=PROCTITLE msg=audit(1768183378.883:2004): proctitle=7375646F0076696D002F6574632F617061636865322F73697465732D656E61626C65642F6E657874636C6F75642E636F6E66
type=SYSCALL msg=audit(1768183378.883:2005): arch=c000003e syscall=257 success=yes exit=12 a0=ffffff9c a1=792f3b9d46b0 a2=80002 a3=0 items=1 ppid=1426 pid=1486 auid=1000 uid=0 gid=0 euid=0 suid=0 fsuid=0 egid=0 sgid=0 fsgid=0 tty=pts1 ses=3 comm="sudo" exe="/usr/bin/sudo" subj=unconfined key="T1108_Redundant_Access"ARCH=x86_64 SYSCALL=openat AUID="vboxuser" UID="root" GID="root" EUID="root" SUID="root" FSUID="root" EGID="root" SGID="root" FSGID="root"
type=PATH msg=audit(1768183378.883:2005): item=0 name="/var/run/utmp" inode=622 dev=00:18 mode=0100664 ouid=0 ogid=43 rdev=00:00 nametype=NORMAL cap_fp=0 cap_fi=0 cap_fe=0 cap_fver=0 cap_frootid=0OUID="root" OGID="utmp"
type=PROCTITLE msg=audit(1768183378.883:2005): proctitle=7375646F0076696D002F6574632F617061636865322F73697465732D656E61626C65642F6E657874636C6F75642E636F6E66
type=SYSCALL msg=audit(1768183378.883:2006): arch=c000003e syscall=106 success=yes exit=0 a0=0 a1=0 a2=1026105 a3=792f3ba3ef60 items=0 ppid=1426 pid=1486 auid=1000 uid=0 gid=0 euid=0 suid=0 fsuid=0 egid=0 sgid=0 fsgid=0 tty=pts1 ses=3 comm="sudo" exe="/usr/bin/sudo" subj=unconfined key="T1166_Seuid_and_Setgid"ARCH=x86_64 SYSCALL=setgid AUID="vboxuser" UID="root" GID="root" EUID="root" SUID="root" FSUID="root" EGID="root" SGID="root" FSGID="root"
type=PROCTITLE msg=audit(1768183378.883:2006): proctitle=7375646F0076696D002F6574632F617061636865322F73697465732D656E61626C65642F6E657874636C6F75642E636F6E66
type=CRED_REFR msg=audit(1768183378.885:2007): pid=1486 uid=0 auid=1000 ses=3 subj=unconfined msg='op=PAM:setcred grantors=pam_permit,pam_cap acct="root" exe="/usr/bin/sudo" hostname=? addr=? terminal=/dev/pts/1 res=success'UID="root" AUID="vboxuser"
type=USER_START msg=audit(1768183378.885:2008): pid=1486 uid=0 auid=1000 ses=3 subj=unconfined msg='op=PAM:session_open grantors=pam_limits,pam_env,pam_env,pam_permit,pam_umask,pam_unix acct="root" exe="/usr/bin/sudo" hostname=? addr=? terminal=/dev/pts/1 res=success'UID="root" AUID="vboxuser"
type=SYSCALL msg=audit(1768183378.891:2009): arch=c000003e syscall=59 success=yes exit=0 a0=60c84c4f3ae8 a1=60c84c5035e0 a2=60c84c592950 a3=64 items=2 ppid=1487 pid=1488 auid=1000 uid=0 gid=0 euid=0 suid=0 fsuid=0 egid=0 sgid=0 fsgid=0 tty=pts2 ses=3 comm="vim" exe="/usr/bin/vim.basic" subj=unconfined key="T1078_Valid_Accounts"ARCH=x86_64 SYSCALL=execve AUID="vboxuser" UID="root" GID="root" EUID="root" SUID="root" FSUID="root" EGID="root" SGID="root" FSGID="root"
type=EXECVE msg=audit(1768183378.891:2009): argc=2 a0="vim" a1="/etc/apache2/sites-enabled/nextcloud.conf"
type=PATH msg=audit(1768183378.891:2009): item=0 name="/usr/bin/vim" inode=1483710 dev=08:02 mode=0100755 ouid=0 ogid=0 rdev=00:00 nametype=NORMAL cap_fp=0 cap_fi=0 cap_fe=0 cap_fver=0 cap_frootid=0OUID="root" OGID="root"
type=PATH msg=audit(1768183378.891:2009): item=1 name="/lib64/ld-linux-x86-64.so.2" inode=1481429 dev=08:02 mode=0100755 ouid=0 ogid=0 rdev=00:00 nametype=NORMAL cap_fp=0 cap_fi=0 cap_fe=0 cap_fver=0 cap_frootid=0OUID="root" OGID="root"
type=PROCTITLE msg=audit(1768183378.891:2009): proctitle=76696D002F6574632F617061636865322F73697465732D656E61626C65642F6E657874636C6F75642E636F6E66
type=SYSCALL msg=audit(1768183379.031:2010): arch=c000003e syscall=87 success=yes exit=0 a0=5a7bd4e2e580 a1=7ffc998e53a0 a2=5 a3=180 items=2 ppid=1487 pid=1488 auid=1000 uid=0 gid=0 euid=0 suid=0 fsuid=0 egid=0 sgid=0 fsgid=0 tty=pts2 ses=3 comm="vim" exe="/usr/bin/vim.basic" subj=unconfined key="T1107_File_Deletion"ARCH=x86_64 SYSCALL=unlink AUID="vboxuser" UID="root" GID="root" EUID="root" SUID="root" FSUID="root" EGID="root" SGID="root" FSGID="root"
type=PATH msg=audit(1768183379.031:2010): item=0 name="/etc/apache2/sites-enabled/" inode=1050472 dev=08:02 mode=040755 ouid=0 ogid=0 rdev=00:00 nametype=PARENT cap_fp=0 cap_fi=0 cap_fe=0 cap_fver=0 cap_frootid=0OUID="root" OGID="root"
type=PATH msg=audit(1768183379.031:2010): item=1 name="/etc/apache2/sites-enabled/.nextcloud.conf.swx" inode=1051135 dev=08:02 mode=0100600 ouid=0 ogid=0 rdev=00:00 nametype=DELETE cap_fp=0 cap_fi=0 cap_fe=0 cap_fver=0 cap_frootid=0OUID="root" OGID="root"
type=PROCTITLE msg=audit(1768183379.031:2010): proctitle=76696D002F6574632F617061636865322F73697465732D656E61626C65642F6E657874636C6F75642E636F6E66
type=SYSCALL msg=audit(1768183379.031:2011): arch=c000003e syscall=87 success=yes exit=0 a0=5a7bd4e2e5c0 a1=7ffc998e53a0 a2=5 a3=180 items=2 ppid=1487 pid=1488 auid=1000 uid=0 gid=0 euid=0 suid=0 fsuid=0 egid=0 sgid=0 fsgid=0 tty=pts2 ses=3 comm="vim" exe="/usr/bin/vim.basic" subj=unconfined key="T1107_File_Deletion"ARCH=x86_64 SYSCALL=unlink AUID="vboxuser" UID="root" GID="root" EUID="root" SUID="root" FSUID="root" EGID="root" SGID="root" FSGID="root"
type=PATH msg=audit(1768183379.031:2011): item=0 name="/etc/apache2/sites-enabled/" inode=1050472 dev=08:02 mode=040755 ouid=0 ogid=0 rdev=00:00 nametype=PARENT cap_fp=0 cap_fi=0 cap_fe=0 cap_fver=0 cap_frootid=0OUID="root" OGID="root"
type=PATH msg=audit(1768183379.031:2011): item=1 name="/etc/apache2/sites-enabled/.nextcloud.conf.swp" inode=1051118 dev=08:02 mode=0100600 ouid=0 ogid=0 rdev=00:00 nametype=DELETE cap_fp=0 cap_fi=0 cap_fe=0 cap_fver=0 cap_frootid=0OUID="root" OGID="root"
type=PROCTITLE msg=audit(1768183379.031:2011): proctitle=76696D002F6574632F617061636865322F73697465732D656E61626C65642F6E657874636C6F75642E636F6E66
type=SYSCALL msg=audit(1768183379.031:2012): arch=c000003e syscall=90 success=yes exit=0 a0=5a7bd4e2e5c0 a1=1a4 a2=0 a3=5a7bcd216c60 items=1 ppid=1487 pid=1488 auid=1000 uid=0 gid=0 euid=0 suid=0 fsuid=0 egid=0 sgid=0 fsgid=0 tty=pts2 ses=3 comm="vim" exe="/usr/bin/vim.basic" subj=unconfined key="T1166_Seuid_and_Setgid"ARCH=x86_64 SYSCALL=chmod AUID="vboxuser" UID="root" GID="root" EUID="root" SUID="root" FSUID="root" EGID="root" SGID="root" FSGID="root"
type=PATH msg=audit(1768183379.031:2012): item=0 name="/etc/apache2/sites-enabled/.nextcloud.conf.swp" inode=1051118 dev=08:02 mode=0100600 ouid=0 ogid=0 rdev=00:00 nametype=NORMAL cap_fp=0 cap_fi=0 cap_fe=0 cap_fver=0 cap_frootid=0OUID="root" OGID="root"
type=PROCTITLE msg=audit(1768183379.031:2012): proctitle=76696D002F6574632F617061636865322F73697465732D656E61626C65642F6E657874636C6F75642E636F6E66
type=SYSCALL msg=audit(1768183383.569:2013): arch=c000003e syscall=93 success=yes exit=0 a0=3 a1=0 a2=0 a3=81a4 items=1 ppid=1487 pid=1488 auid=1000 uid=0 gid=0 euid=0 suid=0 fsuid=0 egid=0 sgid=0 fsgid=0 tty=pts2 ses=3 comm="vim" exe="/usr/bin/vim.basic" subj=unconfined key="T1166_Seuid_and_Setgid"ARCH=x86_64 SYSCALL=fchown AUID="vboxuser" UID="root" GID="root" EUID="root" SUID="root" FSUID="root" EGID="root" SGID="root" FSGID="root"
type=PATH msg=audit(1768183383.569:2013): item=0 name=(null) inode=1051135 dev=08:02 mode=0100644 ouid=0 ogid=0 rdev=00:00 nametype=NORMAL cap_fp=0 cap_fi=0 cap_fe=0 cap_fver=0 cap_frootid=0OUID="root" OGID="root"
type=PROCTITLE msg=audit(1768183383.569:2013): proctitle=76696D002F6574632F617061636865322F73697465732D656E61626C65642F6E657874636C6F75642E636F6E66
type=SYSCALL msg=audit(1768183383.569:2014): arch=c000003e syscall=87 success=yes exit=0 a0=5a7bd4afa420 a1=0 a2=0 a3=0 items=2 ppid=1487 pid=1488 auid=1000 uid=0 gid=0 euid=0 suid=0 fsuid=0 egid=0 sgid=0 fsgid=0 tty=pts2 ses=3 comm="vim" exe="/usr/bin/vim.basic" subj=unconfined key="T1107_File_Deletion"ARCH=x86_64 SYSCALL=unlink AUID="vboxuser" UID="root" GID="root" EUID="root" SUID="root" FSUID="root" EGID="root" SGID="root" FSGID="root"
type=PATH msg=audit(1768183383.569:2014): item=0 name="/etc/apache2/sites-enabled/" inode=1050472 dev=08:02 mode=040755 ouid=0 ogid=0 rdev=00:00 nametype=PARENT cap_fp=0 cap_fi=0 cap_fe=0 cap_fver=0 cap_frootid=0OUID="root" OGID="root"
type=PATH msg=audit(1768183383.569:2014): item=1 name="/etc/apache2/sites-enabled/4913" inode=1051135 dev=08:02 mode=0100644 ouid=0 ogid=0 rdev=00:00 nametype=DELETE cap_fp=0 cap_fi=0 cap_fe=0 cap_fver=0 cap_frootid=0OUID="root" OGID="root"
type=PROCTITLE msg=audit(1768183383.569:2014): proctitle=76696D002F6574632F617061636865322F73697465732D656E61626C65642F6E657874636C6F75642E636F6E66
type=SYSCALL msg=audit(1768183383.569:2015): arch=c000003e syscall=87 success=no exit=-2 a0=5a7bd4e3d1c0 a1=5a7bd4e3d1c0 a2=fffffffffffffc58 a3=0 items=1 ppid=1487 pid=1488 auid=1000 uid=0 gid=0 euid=0 suid=0 fsuid=0 egid=0 sgid=0 fsgid=0 tty=pts2 ses=3 comm="vim" exe="/usr/bin/vim.basic" subj=unconfined key="T1107_File_Deletion"ARCH=x86_64 SYSCALL=unlink AUID="vboxuser" UID="root" GID="root" EUID="root" SUID="root" FSUID="root" EGID="root" SGID="root" FSGID="root"
type=PATH msg=audit(1768183383.569:2015): item=0 name="/etc/apache2/sites-enabled/" inode=1050472 dev=08:02 mode=040755 ouid=0 ogid=0 rdev=00:00 nametype=PARENT cap_fp=0 cap_fi=0 cap_fe=0 cap_fver=0 cap_frootid=0OUID="root" OGID="root"
type=PROCTITLE msg=audit(1768183383.569:2015): proctitle=76696D002F6574632F617061636865322F73697465732D656E61626C65642F6E657874636C6F75642E636F6E66
type=SYSCALL msg=audit(1768183383.569:2016): arch=c000003e syscall=82 success=yes exit=0 a0=5a7bd4b096d0 a1=5a7bd4e3d1c0 a2=fffffffffffffc58 a3=0 items=4 ppid=1487 pid=1488 auid=1000 uid=0 gid=0 euid=0 suid=0 fsuid=0 egid=0 sgid=0 fsgid=0 tty=pts2 ses=3 comm="vim" exe="/usr/bin/vim.basic" subj=unconfined key="T1107_File_Deletion"ARCH=x86_64 SYSCALL=rename AUID="vboxuser" UID="root" GID="root" EUID="root" SUID="root" FSUID="root" EGID="root" SGID="root" FSGID="root"
type=PATH msg=audit(1768183383.569:2016): item=0 name="/etc/apache2/sites-enabled/" inode=1050472 dev=08:02 mode=040755 ouid=0 ogid=0 rdev=00:00 nametype=PARENT cap_fp=0 cap_fi=0 cap_fe=0 cap_fver=0 cap_frootid=0OUID="root" OGID="root"
type=PATH msg=audit(1768183383.569:2016): item=1 name="/etc/apache2/sites-enabled/" inode=1050472 dev=08:02 mode=040755 ouid=0 ogid=0 rdev=00:00 nametype=PARENT cap_fp=0 cap_fi=0 cap_fe=0 cap_fver=0 cap_frootid=0OUID="root" OGID="root"
type=PATH msg=audit(1768183383.569:2016): item=2 name="/etc/apache2/sites-enabled/nextcloud.conf" inode=1049747 dev=08:02 mode=0100644 ouid=0 ogid=0 rdev=00:00 nametype=DELETE cap_fp=0 cap_fi=0 cap_fe=0 cap_fver=0 cap_frootid=0OUID="root" OGID="root"
type=PATH msg=audit(1768183383.569:2016): item=3 name="/etc/apache2/sites-enabled/nextcloud.conf~" inode=1049747 dev=08:02 mode=0100644 ouid=0 ogid=0 rdev=00:00 nametype=CREATE cap_fp=0 cap_fi=0 cap_fe=0 cap_fver=0 cap_frootid=0OUID="root" OGID="root"
type=PROCTITLE msg=audit(1768183383.569:2016): proctitle=76696D002F6574632F617061636865322F73697465732D656E61626C65642F6E657874636C6F75642E636F6E66
type=SYSCALL msg=audit(1768183383.578:2017): arch=c000003e syscall=91 success=yes exit=0 a0=3 a1=81a4 a2=7ffc998e4e50 a3=0 items=1 ppid=1487 pid=1488 auid=1000 uid=0 gid=0 euid=0 suid=0 fsuid=0 egid=0 sgid=0 fsgid=0 tty=pts2 ses=3 comm="vim" exe="/usr/bin/vim.basic" subj=unconfined key="T1166_Seuid_and_Setgid"ARCH=x86_64 SYSCALL=fchmod AUID="vboxuser" UID="root" GID="root" EUID="root" SUID="root" FSUID="root" EGID="root" SGID="root" FSGID="root"
type=PATH msg=audit(1768183383.578:2017): item=0 name=(null) inode=1051135 dev=08:02 mode=0100644 ouid=0 ogid=0 rdev=00:00 nametype=NORMAL cap_fp=0 cap_fi=0 cap_fe=0 cap_fver=0 cap_frootid=0OUID="root" OGID="root"
type=PROCTITLE msg=audit(1768183383.578:2017): proctitle=76696D002F6574632F617061636865322F73697465732D656E61626C65642F6E657874636C6F75642E636F6E66
type=SYSCALL msg=audit(1768183383.578:2018): arch=c000003e syscall=188 success=yes exit=0 a0=5a7bd4b096d0 a1=74344fe9b000 a2=5a7bd4b22630 a3=1c items=1 ppid=1487 pid=1488 auid=1000 uid=0 gid=0 euid=0 suid=0 fsuid=0 egid=0 sgid=0 fsgid=0 tty=pts2 ses=3 comm="vim" exe="/usr/bin/vim.basic" subj=unconfined key="T1166_Seuid_and_Setgid"ARCH=x86_64 SYSCALL=setxattr AUID="vboxuser" UID="root" GID="root" EUID="root" SUID="root" FSUID="root" EGID="root" SGID="root" FSGID="root"
type=PATH msg=audit(1768183383.578:2018): item=0 name="/etc/apache2/sites-enabled/nextcloud.conf" inode=1051135 dev=08:02 mode=0100644 ouid=0 ogid=0 rdev=00:00 nametype=NORMAL cap_fp=0 cap_fi=0 cap_fe=0 cap_fver=0 cap_frootid=0OUID="root" OGID="root"
type=PROCTITLE msg=audit(1768183383.578:2018): proctitle=76696D002F6574632F617061636865322F73697465732D656E61626C65642F6E657874636C6F75642E636F6E66
type=SYSCALL msg=audit(1768183383.578:2019): arch=c000003e syscall=87 success=yes exit=0 a0=5a7bd4e3d1c0 a1=382d6674 a2=5a7bcd16db7d a3=0 items=2 ppid=1487 pid=1488 auid=1000 uid=0 gid=0 euid=0 suid=0 fsuid=0 egid=0 sgid=0 fsgid=0 tty=pts2 ses=3 comm="vim" exe="/usr/bin/vim.basic" subj=unconfined key="T1107_File_Deletion"ARCH=x86_64 SYSCALL=unlink AUID="vboxuser" UID="root" GID="root" EUID="root" SUID="root" FSUID="root" EGID="root" SGID="root" FSGID="root"
type=PATH msg=audit(1768183383.578:2019): item=0 name="/etc/apache2/sites-enabled/" inode=1050472 dev=08:02 mode=040755 ouid=0 ogid=0 rdev=00:00 nametype=PARENT cap_fp=0 cap_fi=0 cap_fe=0 cap_fver=0 cap_frootid=0OUID="root" OGID="root"
type=PATH msg=audit(1768183383.578:2019): item=1 name="/etc/apache2/sites-enabled/nextcloud.conf~" inode=1049747 dev=08:02 mode=0100644 ouid=0 ogid=0 rdev=00:00 nametype=DELETE cap_fp=0 cap_fi=0 cap_fe=0 cap_fver=0 cap_frootid=0OUID="root" OGID="root"
type=PROCTITLE msg=audit(1768183383.578:2019): proctitle=76696D002F6574632F617061636865322F73697465732D656E61626C65642F6E657874636C6F75642E636F6E66
type=SYSCALL msg=audit(1768183383.578:2020): arch=c000003e syscall=87 success=yes exit=0 a0=5a7bd4b28100 a1=5a7bd4b28100 a2=7ffc998e4230 a3=0 items=2 ppid=1487 pid=1488 auid=1000 uid=0 gid=0 euid=0 suid=0 fsuid=0 egid=0 sgid=0 fsgid=0 tty=pts2 ses=3 comm="vim" exe="/usr/bin/vim.basic" subj=unconfined key="T1107_File_Deletion"ARCH=x86_64 SYSCALL=unlink AUID="vboxuser" UID="root" GID="root" EUID="root" SUID="root" FSUID="root" EGID="root" SGID="root" FSGID="root"
type=PATH msg=audit(1768183383.578:2020): item=0 name="/root/" inode=1048578 dev=08:02 mode=040700 ouid=0 ogid=0 rdev=00:00 nametype=PARENT cap_fp=0 cap_fi=0 cap_fe=0 cap_fver=0 cap_frootid=0OUID="root" OGID="root"
type=PATH msg=audit(1768183383.578:2020): item=1 name="/root/.viminfo" inode=1051134 dev=08:02 mode=0100600 ouid=0 ogid=0 rdev=00:00 nametype=DELETE cap_fp=0 cap_fi=0 cap_fe=0 cap_fver=0 cap_frootid=0OUID="root" OGID="root"
type=PROCTITLE msg=audit(1768183383.578:2020): proctitle=76696D002F6574632F617061636865322F73697465732D656E61626C65642F6E657874636C6F75642E636F6E66
type=SYSCALL msg=audit(1768183383.579:2021): arch=c000003e syscall=82 success=yes exit=0 a0=5a7bd4e068f0 a1=5a7bd4b28100 a2=7ffc998e4230 a3=0 items=4 ppid=1487 pid=1488 auid=1000 uid=0 gid=0 euid=0 suid=0 fsuid=0 egid=0 sgid=0 fsgid=0 tty=pts2 ses=3 comm="vim" exe="/usr/bin/vim.basic" subj=unconfined key="T1107_File_Deletion"ARCH=x86_64 SYSCALL=rename AUID="vboxuser" UID="root" GID="root" EUID="root" SUID="root" FSUID="root" EGID="root" SGID="root" FSGID="root"
type=PATH msg=audit(1768183383.579:2021): item=0 name="/root/" inode=1048578 dev=08:02 mode=040700 ouid=0 ogid=0 rdev=00:00 nametype=PARENT cap_fp=0 cap_fi=0 cap_fe=0 cap_fver=0 cap_frootid=0OUID="root" OGID="root"
type=PATH msg=audit(1768183383.579:2021): item=1 name="/root/" inode=1048578 dev=08:02 mode=040700 ouid=0 ogid=0 rdev=00:00 nametype=PARENT cap_fp=0 cap_fi=0 cap_fe=0 cap_fver=0 cap_frootid=0OUID="root" OGID="root"
type=PATH msg=audit(1768183383.579:2021): item=2 name="/root/.viminfo.tmp" inode=1049747 dev=08:02 mode=0100600 ouid=0 ogid=0 rdev=00:00 nametype=DELETE cap_fp=0 cap_fi=0 cap_fe=0 cap_fver=0 cap_frootid=0OUID="root" OGID="root"
type=PATH msg=audit(1768183383.579:2021): item=3 name="/root/.viminfo" inode=1049747 dev=08:02 mode=0100600 ouid=0 ogid=0 rdev=00:00 nametype=CREATE cap_fp=0 cap_fi=0 cap_fe=0 cap_fver=0 cap_frootid=0OUID="root" OGID="root"
type=PROCTITLE msg=audit(1768183383.579:2021): proctitle=76696D002F6574632F617061636865322F73697465732D656E61626C65642F6E657874636C6F75642E636F6E66
type=SYSCALL msg=audit(1768183383.581:2022): arch=c000003e syscall=87 success=yes exit=0 a0=5a7bd4e2e580 a1=0 a2=0 a3=0 items=2 ppid=1487 pid=1488 auid=1000 uid=0 gid=0 euid=0 suid=0 fsuid=0 egid=0 sgid=0 fsgid=0 tty=pts2 ses=3 comm="vim" exe="/usr/bin/vim.basic" subj=unconfined key="T1107_File_Deletion"ARCH=x86_64 SYSCALL=unlink AUID="vboxuser" UID="root" GID="root" EUID="root" SUID="root" FSUID="root" EGID="root" SGID="root" FSGID="root"
type=PATH msg=audit(1768183383.581:2022): item=0 name="/etc/apache2/sites-enabled/" inode=1050472 dev=08:02 mode=040755 ouid=0 ogid=0 rdev=00:00 nametype=PARENT cap_fp=0 cap_fi=0 cap_fe=0 cap_fver=0 cap_frootid=0OUID="root" OGID="root"
type=PATH msg=audit(1768183383.581:2022): item=1 name="/etc/apache2/sites-enabled/.nextcloud.conf.swp" inode=1051118 dev=08:02 mode=0100644 ouid=0 ogid=0 rdev=00:00 nametype=DELETE cap_fp=0 cap_fi=0 cap_fe=0 cap_fver=0 cap_frootid=0OUID="root" OGID="root"
type=PROCTITLE msg=audit(1768183383.581:2022): proctitle=76696D002F6574632F617061636865322F73697465732D656E61626C65642F6E657874636C6F75642E636F6E66
type=SYSCALL msg=audit(1768183383.584:2023): arch=c000003e syscall=257 success=yes exit=10 a0=ffffff9c a1=792f3b9d46b0 a2=80002 a3=0 items=1 ppid=1426 pid=1486 auid=1000 uid=0 gid=0 euid=0 suid=0 fsuid=0 egid=0 sgid=0 fsgid=0 tty=pts1 ses=3 comm="sudo" exe="/usr/bin/sudo" subj=unconfined key="T1108_Redundant_Access"ARCH=x86_64 SYSCALL=openat AUID="vboxuser" UID="root" GID="root" EUID="root" SUID="root" FSUID="root" EGID="root" SGID="root" FSGID="root"
type=PATH msg=audit(1768183383.584:2023): item=0 name="/var/run/utmp" inode=622 dev=00:18 mode=0100664 ouid=0 ogid=43 rdev=00:00 nametype=NORMAL cap_fp=0 cap_fi=0 cap_fe=0 cap_fver=0 cap_frootid=0OUID="root" OGID="utmp"
type=PROCTITLE msg=audit(1768183383.584:2023): proctitle=7375646F0076696D002F6574632F617061636865322F73697465732D656E61626C65642F6E657874636C6F75642E636F6E66
type=USER_END msg=audit(1768183383.586:2024): pid=1486 uid=0 auid=1000 ses=3 subj=unconfined msg='op=PAM:session_close grantors=pam_limits,pam_env,pam_env,pam_permit,pam_umask,pam_unix acct="root" exe="/usr/bin/sudo" hostname=? addr=? terminal=/dev/pts/1 res=success'UID="root" AUID="vboxuser"
type=CRED_DISP msg=audit(1768183383.586:2025): pid=1486 uid=0 auid=1000 ses=3 subj=unconfined msg='op=PAM:setcred grantors=pam_permit acct="root" exe="/usr/bin/sudo" hostname=? addr=? terminal=/dev/pts/1 res=success'UID="root" AUID="vboxuser"
type=SYSCALL msg=audit(1768183393.640:2026): arch=c000003e syscall=59 success=yes exit=0 a0=5c666e18c570 a1=5c666e18be90 a2=5c666e045cc0 a3=5c666e18be90 items=2 ppid=1426 pid=1490 auid=1000 uid=0 gid=0 euid=0 suid=0 fsuid=0 egid=0 sgid=0 fsgid=0 tty=pts1 ses=3 comm="systemctl" exe="/usr/bin/systemctl" subj=unconfined key="T1078_Valid_Accounts"ARCH=x86_64 SYSCALL=execve AUID="vboxuser" UID="root" GID="root" EUID="root" SUID="root" FSUID="root" EGID="root" SGID="root" FSGID="root"
type=EXECVE msg=audit(1768183393.640:2026): argc=3 a0="systemctl" a1="reload" a2="apache2"
type=PATH msg=audit(1768183393.640:2026): item=0 name="/usr/bin/systemctl" inode=1461475 dev=08:02 mode=0100755 ouid=0 ogid=0 rdev=00:00 nametype=NORMAL cap_fp=0 cap_fi=0 cap_fe=0 cap_fver=0 cap_frootid=0OUID="root" OGID="root"
type=PATH msg=audit(1768183393.640:2026): item=1 name="/lib64/ld-linux-x86-64.so.2" inode=1481429 dev=08:02 mode=0100755 ouid=0 ogid=0 rdev=00:00 nametype=NORMAL cap_fp=0 cap_fi=0 cap_fe=0 cap_fver=0 cap_frootid=0OUID="root" OGID="root"
type=PROCTITLE msg=audit(1768183393.640:2026): proctitle=73797374656D63746C0072656C6F61640061706163686532
type=SYSCALL msg=audit(1768183393.649:2027): arch=c000003e syscall=42 success=yes exit=0 a0=3 a1=5de02b213ac8 a2=17 a3=7fff98d32954 items=1 ppid=1426 pid=1490 auid=1000 uid=0 gid=0 euid=0 suid=0 fsuid=0 egid=0 sgid=0 fsgid=0 tty=pts1 ses=3 comm="systemctl" exe="/usr/bin/systemctl" subj=unconfined key="T1043_Commonly_Used_Port"ARCH=x86_64 SYSCALL=connect AUID="vboxuser" UID="root" GID="root" EUID="root" SUID="root" FSUID="root" EGID="root" SGID="root" FSGID="root"
type=SOCKADDR msg=audit(1768183393.649:2027): saddr=01002F72756E2F73797374656D642F7072697661746500SADDR={ saddr_fam=local path=/run/systemd/private }
type=PATH msg=audit(1768183393.649:2027): item=0 name="/run/systemd/private" inode=441 dev=00:18 mode=0140700 ouid=0 ogid=0 rdev=00:00 nametype=NORMAL cap_fp=0 cap_fi=0 cap_fe=0 cap_fver=0 cap_frootid=0OUID="root" OGID="root"
type=PROCTITLE msg=audit(1768183393.649:2027): proctitle=73797374656D63746C0072656C6F61640061706163686532
type=SYSCALL msg=audit(1768183393.649:2028): arch=c000003e syscall=59 success=yes exit=0 a0=5de01c3f5090 a1=7fff98d32bd0 a2=7fff98d33458 a3=72414ddaa8d0 items=2 ppid=1490 pid=1491 auid=1000 uid=0 gid=0 euid=0 suid=0 fsuid=0 egid=0 sgid=0 fsgid=0 tty=pts1 ses=3 comm="systemd-tty-ask" exe="/usr/bin/systemd-tty-ask-password-agent" subj=unconfined key="T1078_Valid_Accounts"ARCH=x86_64 SYSCALL=execve AUID="vboxuser" UID="root" GID="root" EUID="root" SUID="root" FSUID="root" EGID="root" SGID="root" FSGID="root"
type=EXECVE msg=audit(1768183393.649:2028): argc=2 a0="/usr/bin/systemd-tty-ask-password-agent" a1="--watch"
type=PATH msg=audit(1768183393.649:2028): item=0 name="/usr/bin/systemd-tty-ask-password-agent" inode=1461700 dev=08:02 mode=0100755 ouid=0 ogid=0 rdev=00:00 nametype=NORMAL cap_fp=0 cap_fi=0 cap_fe=0 cap_fver=0 cap_frootid=0OUID="root" OGID="root"
type=PATH msg=audit(1768183393.649:2028): item=1 name="/lib64/ld-linux-x86-64.so.2" inode=1481429 dev=08:02 mode=0100755 ouid=0 ogid=0 rdev=00:00 nametype=NORMAL cap_fp=0 cap_fi=0 cap_fe=0 cap_fver=0 cap_frootid=0OUID="root" OGID="root"
type=PROCTITLE msg=audit(1768183393.649:2028): proctitle=2F7573722F62696E2F73797374656D642D7474792D61736B2D70617373776F72642D6167656E74002D2D7761746368
type=SYSCALL msg=audit(1768183393.651:2029): arch=c000003e syscall=59 success=yes exit=0 a0=7ffd77ea2640 a1=7ffd77ea2660 a2=7ffd77ea3128 a3=8 items=2 ppid=1 pid=1492 auid=4294967295 uid=0 gid=0 euid=0 suid=0 fsuid=0 egid=0 sgid=0 fsgid=0 tty=(none) ses=4294967295 comm="9" exe="/usr/lib/systemd/systemd-executor" subj=unconfined key="T1078_Valid_Accounts"ARCH=x86_64 SYSCALL=execve AUID="unset" UID="root" GID="root" EUID="root" SUID="root" FSUID="root" EGID="root" SGID="root" FSGID="root"
type=EXECVE msg=audit(1768183393.651:2029): argc=7 a0="/usr/lib/systemd/systemd-executor" a1="--deserialize" a2="104" a3="--log-level" a4="info" a5="--log-target" a6="journal-or-kmsg"
type=PATH msg=audit(1768183393.651:2029): item=0 name="/proc/self/fd/9" inode=1463834 dev=08:02 mode=0100755 ouid=0 ogid=0 rdev=00:00 nametype=NORMAL cap_fp=0 cap_fi=0 cap_fe=0 cap_fver=0 cap_frootid=0OUID="root" OGID="root"
type=PATH msg=audit(1768183393.651:2029): item=1 name="/lib64/ld-linux-x86-64.so.2" inode=1481429 dev=08:02 mode=0100755 ouid=0 ogid=0 rdev=00:00 nametype=NORMAL cap_fp=0 cap_fi=0 cap_fe=0 cap_fver=0 cap_frootid=0OUID="root" OGID="root"
type=PROCTITLE msg=audit(1768183393.651:2029): proctitle=2F7573722F6C69622F73797374656D642F73797374656D642D6578656375746F72002D2D646573657269616C697A6500313034002D2D6C6F672D6C6576656C00696E666F002D2D6C6F672D746172676574006A6F75726E616C2D6F722D6B6D7367
type=SYSCALL msg=audit(1768183393.664:2030): arch=c000003e syscall=42 success=yes exit=0 a0=4 a1=7ffcd4e502b0 a2=1e a3=7ffcd4e50360 items=1 ppid=1 pid=1492 auid=4294967295 uid=0 gid=0 euid=0 suid=0 fsuid=0 egid=0 sgid=0 fsgid=0 tty=(none) ses=4294967295 comm="9" exe="/usr/lib/systemd/systemd-executor" subj=unconfined key="T1043_Commonly_Used_Port"ARCH=x86_64 SYSCALL=connect AUID="unset" UID="root" GID="root" EUID="root" SUID="root" FSUID="root" EGID="root" SGID="root" FSGID="root"
type=SOCKADDR msg=audit(1768183393.664:2030): saddr=01002F72756E2F73797374656D642F6A6F75726E616C2F736F636B657400SADDR={ saddr_fam=local path=/run/systemd/journal/socket }
type=PATH msg=audit(1768183393.664:2030): item=0 name="/run/systemd/journal/socket" inode=456 dev=00:18 mode=0140666 ouid=0 ogid=0 rdev=00:00 nametype=NORMAL cap_fp=0 cap_fi=0 cap_fe=0 cap_fver=0 cap_frootid=0OUID="root" OGID="root"
type=PROCTITLE msg=audit(1768183393.664:2030): proctitle=2F7573722F6C69622F73797374656D642F73797374656D642D6578656375746F72002D2D646573657269616C697A6500313034002D2D6C6F672D6C6576656C00696E666F002D2D6C6F672D746172676574006A6F75726E616C2D6F722D6B6D7367
type=SYSCALL msg=audit(1768183393.670:2031): arch=c000003e syscall=42 success=yes exit=0 a0=3 a1=7ffcd4e4fe30 a2=1e a3=fffffff7 items=1 ppid=1 pid=1492 auid=4294967295 uid=0 gid=0 euid=0 suid=0 fsuid=0 egid=0 sgid=0 fsgid=0 tty=(none) ses=4294967295 comm="(pachectl)" exe="/usr/lib/systemd/systemd-executor" subj=unconfined key="T1043_Commonly_Used_Port"ARCH=x86_64 SYSCALL=connect AUID="unset" UID="root" GID="root" EUID="root" SUID="root" FSUID="root" EGID="root" SGID="root" FSGID="root"
type=SOCKADDR msg=audit(1768183393.670:2031): saddr=01002F72756E2F73797374656D642F6A6F75726E616C2F7374646F757400SADDR={ saddr_fam=local path=/run/systemd/journal/stdout }
type=PATH msg=audit(1768183393.670:2031): item=0 name="/run/systemd/journal/stdout" inode=457 dev=00:18 mode=0140666 ouid=0 ogid=0 rdev=00:00 nametype=NORMAL cap_fp=0 cap_fi=0 cap_fe=0 cap_fver=0 cap_frootid=0OUID="root" OGID="root"
type=PROCTITLE msg=audit(1768183393.670:2031): proctitle=2F7573722F6C69622F73797374656D642F73797374656D642D6578656375746F72002D2D646573657269616C697A6500313034002D2D6C6F672D6C6576656C00696E666F002D2D6C6F672D746172676574006A6F75726E616C2D6F722D6B6D7367
type=SYSCALL msg=audit(1768183393.673:2032): arch=c000003e syscall=59 success=yes exit=0 a0=5a61fea234c0 a1=5a61fea2c1f0 a2=5a61fea22db0 a3=5a61fea23b80 items=3 ppid=1 pid=1492 auid=4294967295 uid=0 gid=0 euid=0 suid=0 fsuid=0 egid=0 sgid=0 fsgid=0 tty=(none) ses=4294967295 comm="apachectl" exe="/usr/bin/dash" subj=unconfined key="T1078_Valid_Accounts"ARCH=x86_64 SYSCALL=execve AUID="unset" UID="root" GID="root" EUID="root" SUID="root" FSUID="root" EGID="root" SGID="root" FSGID="root"
type=EXECVE msg=audit(1768183393.673:2032): argc=3 a0="/bin/sh" a1="/usr/sbin/apachectl" a2="graceful"
type=PATH msg=audit(1768183393.673:2032): item=0 name="/usr/sbin/apachectl" inode=1479339 dev=08:02 mode=0100755 ouid=0 ogid=0 rdev=00:00 nametype=NORMAL cap_fp=0 cap_fi=0 cap_fe=0 cap_fver=0 cap_frootid=0OUID="root" OGID="root"
type=PATH msg=audit(1768183393.673:2032): item=1 name="/bin/sh" inode=1442345 dev=08:02 mode=0100755 ouid=0 ogid=0 rdev=00:00 nametype=NORMAL cap_fp=0 cap_fi=0 cap_fe=0 cap_fver=0 cap_frootid=0OUID="root" OGID="root"
type=PATH msg=audit(1768183393.673:2032): item=2 name="/lib64/ld-linux-x86-64.so.2" inode=1481429 dev=08:02 mode=0100755 ouid=0 ogid=0 rdev=00:00 nametype=NORMAL cap_fp=0 cap_fi=0 cap_fe=0 cap_fver=0 cap_frootid=0OUID="root" OGID="root"
type=PROCTITLE msg=audit(1768183393.673:2032): proctitle=2F7573722F6C69622F73797374656D642F73797374656D642D6578656375746F72002D2D646573657269616C697A6500313034002D2D6C6F672D6C6576656C00696E666F002D2D6C6F672D746172676574006A6F75726E616C2D6F722D6B6D7367
type=SYSCALL msg=audit(1768183393.679:2033): arch=c000003e syscall=59 success=yes exit=0 a0=5a0ecca54d08 a1=5a0ecca56c00 a2=5a0ecca54c78 a3=5a0ecca56a00 items=2 ppid=1492 pid=1493 auid=4294967295 uid=0 gid=0 euid=0 suid=0 fsuid=0 egid=0 sgid=0 fsgid=0 tty=(none) ses=4294967295 comm="id" exe="/usr/bin/id" subj=unconfined key="T1078_Valid_Accounts"ARCH=x86_64 SYSCALL=execve AUID="unset" UID="root" GID="root" EUID="root" SUID="root" FSUID="root" EGID="root" SGID="root" FSGID="root"
type=EXECVE msg=audit(1768183393.679:2033): argc=2 a0="id" a1="-u"
type=PATH msg=audit(1768183393.679:2033): item=0 name="/usr/bin/id" inode=1442474 dev=08:02 mode=0100755 ouid=0 ogid=0 rdev=00:00 nametype=NORMAL cap_fp=0 cap_fi=0 cap_fe=0 cap_fver=0 cap_frootid=0OUID="root" OGID="root"
type=PATH msg=audit(1768183393.679:2033): item=1 name="/lib64/ld-linux-x86-64.so.2" inode=1481429 dev=08:02 mode=0100755 ouid=0 ogid=0 rdev=00:00 nametype=NORMAL cap_fp=0 cap_fi=0 cap_fe=0 cap_fver=0 cap_frootid=0OUID="root" OGID="root"
type=PROCTITLE msg=audit(1768183393.679:2033): proctitle=6964002D75
type=SYSCALL msg=audit(1768183393.686:2034): arch=c000003e syscall=59 success=yes exit=0 a0=5a0ecca56970 a1=5a0ecca582a0 a2=5a0ecca582d8 a3=8 items=2 ppid=1492 pid=1494 auid=4294967295 uid=0 gid=0 euid=0 suid=0 fsuid=0 egid=0 sgid=0 fsgid=0 tty=(none) ses=4294967295 comm="apache2" exe="/usr/sbin/apache2" subj=unconfined key="T1078_Valid_Accounts"ARCH=x86_64 SYSCALL=execve AUID="unset" UID="root" GID="root" EUID="root" SUID="root" FSUID="root" EGID="root" SGID="root" FSGID="root"
type=EXECVE msg=audit(1768183393.686:2034): argc=2 a0="/usr/sbin/apache2" a1="-t"
type=PATH msg=audit(1768183393.686:2034): item=0 name="/usr/sbin/apache2" inode=1457163 dev=08:02 mode=0100755 ouid=0 ogid=0 rdev=00:00 nametype=NORMAL cap_fp=0 cap_fi=0 cap_fe=0 cap_fver=0 cap_frootid=0OUID="root" OGID="root"
type=PATH msg=audit(1768183393.686:2034): item=1 name="/lib64/ld-linux-x86-64.so.2" inode=1481429 dev=08:02 mode=0100755 ouid=0 ogid=0 rdev=00:00 nametype=NORMAL cap_fp=0 cap_fi=0 cap_fe=0 cap_fver=0 cap_frootid=0OUID="root" OGID="root"
type=PROCTITLE msg=audit(1768183393.686:2034): proctitle=2F7573722F7362696E2F61706163686532002D74
type=SYSCALL msg=audit(1768183393.699:2035): arch=c000003e syscall=42 success=yes exit=0 a0=3 a1=5e9832892c30 a2=1c a3=0 items=0 ppid=1492 pid=1494 auid=4294967295 uid=0 gid=0 euid=0 suid=0 fsuid=0 egid=0 sgid=0 fsgid=0 tty=(none) ses=4294967295 comm="apache2" exe="/usr/sbin/apache2" subj=unconfined key="T1043_Commonly_Used_Port"ARCH=x86_64 SYSCALL=connect AUID="unset" UID="root" GID="root" EUID="root" SUID="root" FSUID="root" EGID="root" SGID="root" FSGID="root"
type=SOCKADDR msg=audit(1768183393.699:2035): saddr=0A000000000000000000000000000000000000000000000000000000SADDR={ saddr_fam=inet6 laddr=:: lport=0 }
type=PROCTITLE msg=audit(1768183393.699:2035): proctitle=2F7573722F7362696E2F61706163686532002D74
type=SYSCALL msg=audit(1768183393.699:2036): arch=c000003e syscall=42 success=yes exit=0 a0=3 a1=7fff012bbd60 a2=10 a3=0 items=0 ppid=1492 pid=1494 auid=4294967295 uid=0 gid=0 euid=0 suid=0 fsuid=0 egid=0 sgid=0 fsgid=0 tty=(none) ses=4294967295 comm="apache2" exe="/usr/sbin/apache2" subj=unconfined key="T1043_Commonly_Used_Port"ARCH=x86_64 SYSCALL=connect AUID="unset" UID="root" GID="root" EUID="root" SUID="root" FSUID="root" EGID="root" SGID="root" FSGID="root"
type=SOCKADDR msg=audit(1768183393.699:2036): saddr=00000000000000000000000000000000SADDR=unknown-family(0)
type=PROCTITLE msg=audit(1768183393.699:2036): proctitle=2F7573722F7362696E2F61706163686532002D74
type=SYSCALL msg=audit(1768183393.699:2037): arch=c000003e syscall=42 success=yes exit=0 a0=3 a1=5e9832892c90 a2=10 a3=0 items=0 ppid=1492 pid=1494 auid=4294967295 uid=0 gid=0 euid=0 suid=0 fsuid=0 egid=0 sgid=0 fsgid=0 tty=(none) ses=4294967295 comm="apache2" exe="/usr/sbin/apache2" subj=unconfined key="T1043_Commonly_Used_Port"ARCH=x86_64 SYSCALL=connect AUID="unset" UID="root" GID="root" EUID="root" SUID="root" FSUID="root" EGID="root" SGID="root" FSGID="root"
type=SOCKADDR msg=audit(1768183393.699:2037): saddr=02000000000000000000000000000000SADDR={ saddr_fam=inet laddr=0.0.0.0 lport=0 }
type=PROCTITLE msg=audit(1768183393.699:2037): proctitle=2F7573722F7362696E2F61706163686532002D74
type=SYSCALL msg=audit(1768183393.715:2038): arch=c000003e syscall=42 success=yes exit=0 a0=3 a1=5e98328b76c0 a2=1c a3=0 items=0 ppid=1492 pid=1494 auid=4294967295 uid=0 gid=0 euid=0 suid=0 fsuid=0 egid=0 sgid=0 fsgid=0 tty=(none) ses=4294967295 comm="apache2" exe="/usr/sbin/apache2" subj=unconfined key="T1043_Commonly_Used_Port"ARCH=x86_64 SYSCALL=connect AUID="unset" UID="root" GID="root" EUID="root" SUID="root" FSUID="root" EGID="root" SGID="root" FSGID="root"
type=SOCKADDR msg=audit(1768183393.715:2038): saddr=0A000050000000000000000000000000000000000000000000000000SADDR={ saddr_fam=inet6 laddr=:: lport=80 }
type=PROCTITLE msg=audit(1768183393.715:2038): proctitle=2F7573722F7362696E2F61706163686532002D74
type=SYSCALL msg=audit(1768183393.716:2039): arch=c000003e syscall=42 success=yes exit=0 a0=3 a1=7fff012bb9f0 a2=10 a3=0 items=0 ppid=1492 pid=1494 auid=4294967295 uid=0 gid=0 euid=0 suid=0 fsuid=0 egid=0 sgid=0 fsgid=0 tty=(none) ses=4294967295 comm="apache2" exe="/usr/sbin/apache2" subj=unconfined key="T1043_Commonly_Used_Port"ARCH=x86_64 SYSCALL=connect AUID="unset" UID="root" GID="root" EUID="root" SUID="root" FSUID="root" EGID="root" SGID="root" FSGID="root"
type=SOCKADDR msg=audit(1768183393.716:2039): saddr=00000000000000000000000000000000SADDR=unknown-family(0)
type=PROCTITLE msg=audit(1768183393.716:2039): proctitle=2F7573722F7362696E2F61706163686532002D74
type=SYSCALL msg=audit(1768183393.716:2040): arch=c000003e syscall=42 success=yes exit=0 a0=3 a1=5e98328b6e00 a2=10 a3=0 items=0 ppid=1492 pid=1494 auid=4294967295 uid=0 gid=0 euid=0 suid=0 fsuid=0 egid=0 sgid=0 fsgid=0 tty=(none) ses=4294967295 comm="apache2" exe="/usr/sbin/apache2" subj=unconfined key="T1043_Commonly_Used_Port"ARCH=x86_64 SYSCALL=connect AUID="unset" UID="root" GID="root" EUID="root" SUID="root" FSUID="root" EGID="root" SGID="root" FSGID="root"
type=SOCKADDR msg=audit(1768183393.716:2040): saddr=02000050000000000000000000000000SADDR={ saddr_fam=inet laddr=0.0.0.0 lport=80 }
type=PROCTITLE msg=audit(1768183393.716:2040): proctitle=2F7573722F7362696E2F61706163686532002D74
type=SYSCALL msg=audit(1768183393.716:2041): arch=c000003e syscall=42 success=yes exit=0 a0=5 a1=5e98328b76c0 a2=1c a3=0 items=0 ppid=1492 pid=1494 auid=4294967295 uid=0 gid=0 euid=0 suid=0 fsuid=0 egid=0 sgid=0 fsgid=0 tty=(none) ses=4294967295 comm="apache2" exe="/usr/sbin/apache2" subj=unconfined key="T1043_Commonly_Used_Port"ARCH=x86_64 SYSCALL=connect AUID="unset" UID="root" GID="root" EUID="root" SUID="root" FSUID="root" EGID="root" SGID="root" FSGID="root"
type=SOCKADDR msg=audit(1768183393.716:2041): saddr=0A000050000000000000000000000000000000000000000000000000SADDR={ saddr_fam=inet6 laddr=:: lport=80 }
type=PROCTITLE msg=audit(1768183393.716:2041): proctitle=2F7573722F7362696E2F61706163686532002D74
type=SYSCALL msg=audit(1768183393.717:2042): arch=c000003e syscall=42 success=yes exit=0 a0=5 a1=7fff012bb990 a2=10 a3=0 items=0 ppid=1492 pid=1494 auid=4294967295 uid=0 gid=0 euid=0 suid=0 fsuid=0 egid=0 sgid=0 fsgid=0 tty=(none) ses=4294967295 comm="apache2" exe="/usr/sbin/apache2" subj=unconfined key="T1043_Commonly_Used_Port"ARCH=x86_64 SYSCALL=connect AUID="unset" UID="root" GID="root" EUID="root" SUID="root" FSUID="root" EGID="root" SGID="root" FSGID="root"
type=SOCKADDR msg=audit(1768183393.717:2042): saddr=00000000000000000000000000000000SADDR=unknown-family(0)
type=PROCTITLE msg=audit(1768183393.717:2042): proctitle=2F7573722F7362696E2F61706163686532002D74
type=SYSCALL msg=audit(1768183393.717:2043): arch=c000003e syscall=42 success=yes exit=0 a0=5 a1=5e98328b6e00 a2=10 a3=0 items=0 ppid=1492 pid=1494 auid=4294967295 uid=0 gid=0 euid=0 suid=0 fsuid=0 egid=0 sgid=0 fsgid=0 tty=(none) ses=4294967295 comm="apache2" exe="/usr/sbin/apache2" subj=unconfined key="T1043_Commonly_Used_Port"ARCH=x86_64 SYSCALL=connect AUID="unset" UID="root" GID="root" EUID="root" SUID="root" FSUID="root" EGID="root" SGID="root" FSGID="root"
type=SOCKADDR msg=audit(1768183393.717:2043): saddr=02000050000000000000000000000000SADDR={ saddr_fam=inet laddr=0.0.0.0 lport=80 }
type=PROCTITLE msg=audit(1768183393.717:2043): proctitle=2F7573722F7362696E2F61706163686532002D74
type=SYSCALL msg=audit(1768183393.717:2044): arch=c000003e syscall=42 success=yes exit=0 a0=5 a1=7f909320b694 a2=10 a3=7fff012b94f4 items=0 ppid=1492 pid=1494 auid=4294967295 uid=0 gid=0 euid=0 suid=0 fsuid=0 egid=0 sgid=0 fsgid=0 tty=(none) ses=4294967295 comm="apache2" exe="/usr/sbin/apache2" subj=unconfined key="T1043_Commonly_Used_Port"ARCH=x86_64 SYSCALL=connect AUID="unset" UID="root" GID="root" EUID="root" SUID="root" FSUID="root" EGID="root" SGID="root" FSGID="root"
type=SOCKADDR msg=audit(1768183393.717:2044): saddr=020000357F0000350000000000000000SADDR={ saddr_fam=inet laddr=127.0.0.53 lport=53 }
type=PROCTITLE msg=audit(1768183393.717:2044): proctitle=2F7573722F7362696E2F61706163686532002D74
type=SYSCALL msg=audit(1768183393.731:2045): arch=c000003e syscall=42 success=yes exit=0 a0=5 a1=7f909320b694 a2=10 a3=7fff012b94f4 items=0 ppid=1492 pid=1494 auid=4294967295 uid=0 gid=0 euid=0 suid=0 fsuid=0 egid=0 sgid=0 fsgid=0 tty=(none) ses=4294967295 comm="apache2" exe="/usr/sbin/apache2" subj=unconfined key="T1043_Commonly_Used_Port"ARCH=x86_64 SYSCALL=connect AUID="unset" UID="root" GID="root" EUID="root" SUID="root" FSUID="root" EGID="root" SGID="root" FSGID="root"
type=SOCKADDR msg=audit(1768183393.731:2045): saddr=020000357F0000350000000000000000SADDR={ saddr_fam=inet laddr=127.0.0.53 lport=53 }
type=PROCTITLE msg=audit(1768183393.731:2045): proctitle=2F7573722F7362696E2F61706163686532002D74
type=SYSCALL msg=audit(1768183393.732:2046): arch=c000003e syscall=42 success=yes exit=0 a0=5 a1=5e98328b6e00 a2=10 a3=0 items=0 ppid=1492 pid=1494 auid=4294967295 uid=0 gid=0 euid=0 suid=0 fsuid=0 egid=0 sgid=0 fsgid=0 tty=(none) ses=4294967295 comm="apache2" exe="/usr/sbin/apache2" subj=unconfined key="T1043_Commonly_Used_Port"ARCH=x86_64 SYSCALL=connect AUID="unset" UID="root" GID="root" EUID="root" SUID="root" FSUID="root" EGID="root" SGID="root" FSGID="root"
type=SOCKADDR msg=audit(1768183393.732:2046): saddr=020000000A00020F0000000000000000SADDR={ saddr_fam=inet laddr=10.0.2.15 lport=0 }
type=PROCTITLE msg=audit(1768183393.732:2046): proctitle=2F7573722F7362696E2F61706163686532002D74
type=SYSCALL msg=audit(1768183393.733:2047): arch=c000003e syscall=42 success=yes exit=0 a0=5 a1=7fff012bb3e0 a2=10 a3=0 items=0 ppid=1492 pid=1494 auid=4294967295 uid=0 gid=0 euid=0 suid=0 fsuid=0 egid=0 sgid=0 fsgid=0 tty=(none) ses=4294967295 comm="apache2" exe="/usr/sbin/apache2" subj=unconfined key="T1043_Commonly_Used_Port"ARCH=x86_64 SYSCALL=connect AUID="unset" UID="root" GID="root" EUID="root" SUID="root" FSUID="root" EGID="root" SGID="root" FSGID="root"
type=SOCKADDR msg=audit(1768183393.733:2047): saddr=00000000000000000000000000000000SADDR=unknown-family(0)
type=PROCTITLE msg=audit(1768183393.733:2047): proctitle=2F7573722F7362696E2F61706163686532002D74
type=SYSCALL msg=audit(1768183393.733:2048): arch=c000003e syscall=42 success=yes exit=0 a0=5 a1=5e9832892640 a2=10 a3=0 items=0 ppid=1492 pid=1494 auid=4294967295 uid=0 gid=0 euid=0 suid=0 fsuid=0 egid=0 sgid=0 fsgid=0 tty=(none) ses=4294967295 comm="apache2" exe="/usr/sbin/apache2" subj=unconfined key="T1043_Commonly_Used_Port"ARCH=x86_64 SYSCALL=connect AUID="unset" UID="root" GID="root" EUID="root" SUID="root" FSUID="root" EGID="root" SGID="root" FSGID="root"
type=SOCKADDR msg=audit(1768183393.733:2048): saddr=02000000C0A8386B0000000000000000SADDR={ saddr_fam=inet laddr=192.168.56.107 lport=0 }
type=PROCTITLE msg=audit(1768183393.733:2048): proctitle=2F7573722F7362696E2F61706163686532002D74
type=SYSCALL msg=audit(1768183393.733:2049): arch=c000003e syscall=42 success=yes exit=0 a0=5 a1=5e98328b76c0 a2=1c a3=0 items=0 ppid=1492 pid=1494 auid=4294967295 uid=0 gid=0 euid=0 suid=0 fsuid=0 egid=0 sgid=0 fsgid=0 tty=(none) ses=4294967295 comm="apache2" exe="/usr/sbin/apache2" subj=unconfined key="T1043_Commonly_Used_Port"ARCH=x86_64 SYSCALL=connect AUID="unset" UID="root" GID="root" EUID="root" SUID="root" FSUID="root" EGID="root" SGID="root" FSGID="root"
type=SOCKADDR msg=audit(1768183393.733:2049): saddr=0A00000000000000FD17625CF03700020A0027FFFE3F373900000000SADDR={ saddr_fam=inet6 laddr=fd17:625c:f037:2:a00:27ff:fe3f:3739 lport=0 }
type=PROCTITLE msg=audit(1768183393.733:2049): proctitle=2F7573722F7362696E2F61706163686532002D74
type=SYSCALL msg=audit(1768183393.733:2050): arch=c000003e syscall=42 success=yes exit=0 a0=5 a1=7fff012bb3e0 a2=10 a3=0 items=0 ppid=1492 pid=1494 auid=4294967295 uid=0 gid=0 euid=0 suid=0 fsuid=0 egid=0 sgid=0 fsgid=0 tty=(none) ses=4294967295 comm="apache2" exe="/usr/sbin/apache2" subj=unconfined key="T1043_Commonly_Used_Port"ARCH=x86_64 SYSCALL=connect AUID="unset" UID="root" GID="root" EUID="root" SUID="root" FSUID="root" EGID="root" SGID="root" FSGID="root"
type=SOCKADDR msg=audit(1768183393.733:2050): saddr=00000000000000000000000000000000SADDR=unknown-family(0)
type=PROCTITLE msg=audit(1768183393.733:2050): proctitle=2F7573722F7362696E2F61706163686532002D74
type=SYSCALL msg=audit(1768183393.733:2051): arch=c000003e syscall=42 success=no exit=-22 a0=5 a1=5e9832892690 a2=1c a3=0 items=0 ppid=1492 pid=1494 auid=4294967295 uid=0 gid=0 euid=0 suid=0 fsuid=0 egid=0 sgid=0 fsgid=0 tty=(none) ses=4294967295 comm="apache2" exe="/usr/sbin/apache2" subj=unconfined key="T1043_Commonly_Used_Port"ARCH=x86_64 SYSCALL=connect AUID="unset" UID="root" GID="root" EUID="root" SUID="root" FSUID="root" EGID="root" SGID="root" FSGID="root"
type=SOCKADDR msg=audit(1768183393.733:2051): saddr=0A00000000000000FE800000000000000A0027FFFE3F373900000000SADDR={ saddr_fam=inet6 laddr=fe80::a00:27ff:fe3f:3739 lport=0 }
type=PROCTITLE msg=audit(1768183393.733:2051): proctitle=2F7573722F7362696E2F61706163686532002D74
type=SYSCALL msg=audit(1768183393.733:2052): arch=c000003e syscall=42 success=yes exit=0 a0=5 a1=7fff012bb3e0 a2=10 a3=0 items=0 ppid=1492 pid=1494 auid=4294967295 uid=0 gid=0 euid=0 suid=0 fsuid=0 egid=0 sgid=0 fsgid=0 tty=(none) ses=4294967295 comm="apache2" exe="/usr/sbin/apache2" subj=unconfined key="T1043_Commonly_Used_Port"ARCH=x86_64 SYSCALL=connect AUID="unset" UID="root" GID="root" EUID="root" SUID="root" FSUID="root" EGID="root" SGID="root" FSGID="root"
type=SOCKADDR msg=audit(1768183393.733:2052): saddr=00000000000000000000000000000000SADDR=unknown-family(0)
type=PROCTITLE msg=audit(1768183393.733:2052): proctitle=2F7573722F7362696E2F61706163686532002D74
type=SYSCALL msg=audit(1768183393.733:2053): arch=c000003e syscall=42 success=no exit=-22 a0=5 a1=5e98328926f0 a2=1c a3=0 items=0 ppid=1492 pid=1494 auid=4294967295 uid=0 gid=0 euid=0 suid=0 fsuid=0 egid=0 sgid=0 fsgid=0 tty=(none) ses=4294967295 comm="apache2" exe="/usr/sbin/apache2" subj=unconfined key="T1043_Commonly_Used_Port"ARCH=x86_64 SYSCALL=connect AUID="unset" UID="root" GID="root" EUID="root" SUID="root" FSUID="root" EGID="root" SGID="root" FSGID="root"
type=SOCKADDR msg=audit(1768183393.733:2053): saddr=0A00000000000000FE800000000000000A0027FFFE270D1D00000000SADDR={ saddr_fam=inet6 laddr=fe80::a00:27ff:fe27:d1d lport=0 }
type=PROCTITLE msg=audit(1768183393.733:2053): proctitle=2F7573722F7362696E2F61706163686532002D74
type=SYSCALL msg=audit(1768183393.733:2054): arch=c000003e syscall=42 success=yes exit=0 a0=5 a1=7f909320b694 a2=10 a3=7fff012b9c04 items=0 ppid=1492 pid=1494 auid=4294967295 uid=0 gid=0 euid=0 suid=0 fsuid=0 egid=0 sgid=0 fsgid=0 tty=(none) ses=4294967295 comm="apache2" exe="/usr/sbin/apache2" subj=unconfined key="T1043_Commonly_Used_Port"ARCH=x86_64 SYSCALL=connect AUID="unset" UID="root" GID="root" EUID="root" SUID="root" FSUID="root" EGID="root" SGID="root" FSGID="root"
type=SOCKADDR msg=audit(1768183393.733:2054): saddr=020000357F0000350000000000000000SADDR={ saddr_fam=inet laddr=127.0.0.53 lport=53 }
type=PROCTITLE msg=audit(1768183393.733:2054): proctitle=2F7573722F7362696E2F61706163686532002D74
type=SYSCALL msg=audit(1768183393.760:2055): arch=c000003e syscall=59 success=yes exit=0 a0=5a0ecca56970 a1=5a0ecca582c0 a2=5a0ecca582e0 a3=8 items=2 ppid=1492 pid=1495 auid=4294967295 uid=0 gid=0 euid=0 suid=0 fsuid=0 egid=0 sgid=0 fsgid=0 tty=(none) ses=4294967295 comm="apache2" exe="/usr/sbin/apache2" subj=unconfined key="T1078_Valid_Accounts"ARCH=x86_64 SYSCALL=execve AUID="unset" UID="root" GID="root" EUID="root" SUID="root" FSUID="root" EGID="root" SGID="root" FSGID="root"
type=EXECVE msg=audit(1768183393.760:2055): argc=3 a0="/usr/sbin/apache2" a1="-k" a2="graceful"
type=PATH msg=audit(1768183393.760:2055): item=0 name="/usr/sbin/apache2" inode=1457163 dev=08:02 mode=0100755 ouid=0 ogid=0 rdev=00:00 nametype=NORMAL cap_fp=0 cap_fi=0 cap_fe=0 cap_fver=0 cap_frootid=0OUID="root" OGID="root"
type=PATH msg=audit(1768183393.760:2055): item=1 name="/lib64/ld-linux-x86-64.so.2" inode=1481429 dev=08:02 mode=0100755 ouid=0 ogid=0 rdev=00:00 nametype=NORMAL cap_fp=0 cap_fi=0 cap_fe=0 cap_fver=0 cap_frootid=0OUID="root" OGID="root"
type=PROCTITLE msg=audit(1768183393.760:2055): proctitle=2F7573722F7362696E2F61706163686532002D6B00677261636566756C
type=SYSCALL msg=audit(1768183393.770:2056): arch=c000003e syscall=42 success=yes exit=0 a0=3 a1=5ced2be7fc30 a2=1c a3=0 items=0 ppid=1492 pid=1495 auid=4294967295 uid=0 gid=0 euid=0 suid=0 fsuid=0 egid=0 sgid=0 fsgid=0 tty=(none) ses=4294967295 comm="apache2" exe="/usr/sbin/apache2" subj=unconfined key="T1043_Commonly_Used_Port"ARCH=x86_64 SYSCALL=connect AUID="unset" UID="root" GID="root" EUID="root" SUID="root" FSUID="root" EGID="root" SGID="root" FSGID="root"
type=SOCKADDR msg=audit(1768183393.770:2056): saddr=0A000000000000000000000000000000000000000000000000000000SADDR={ saddr_fam=inet6 laddr=:: lport=0 }
type=PROCTITLE msg=audit(1768183393.770:2056): proctitle=2F7573722F7362696E2F61706163686532002D6B00677261636566756C
type=SYSCALL msg=audit(1768183393.771:2057): arch=c000003e syscall=42 success=yes exit=0 a0=3 a1=7ffe4ef30c70 a2=10 a3=0 items=0 ppid=1492 pid=1495 auid=4294967295 uid=0 gid=0 euid=0 suid=0 fsuid=0 egid=0 sgid=0 fsgid=0 tty=(none) ses=4294967295 comm="apache2" exe="/usr/sbin/apache2" subj=unconfined key="T1043_Commonly_Used_Port"ARCH=x86_64 SYSCALL=connect AUID="unset" UID="root" GID="root" EUID="root" SUID="root" FSUID="root" EGID="root" SGID="root" FSGID="root"
type=SOCKADDR msg=audit(1768183393.771:2057): saddr=00000000000000000000000000000000SADDR=unknown-family(0)
type=PROCTITLE msg=audit(1768183393.771:2057): proctitle=2F7573722F7362696E2F61706163686532002D6B00677261636566756C
type=SYSCALL msg=audit(1768183393.771:2058): arch=c000003e syscall=42 success=yes exit=0 a0=3 a1=5ced2be7fc90 a2=10 a3=0 items=0 ppid=1492 pid=1495 auid=4294967295 uid=0 gid=0 euid=0 suid=0 fsuid=0 egid=0 sgid=0 fsgid=0 tty=(none) ses=4294967295 comm="apache2" exe="/usr/sbin/apache2" subj=unconfined key="T1043_Commonly_Used_Port"ARCH=x86_64 SYSCALL=connect AUID="unset" UID="root" GID="root" EUID="root" SUID="root" FSUID="root" EGID="root" SGID="root" FSGID="root"
type=SOCKADDR msg=audit(1768183393.771:2058): saddr=02000000000000000000000000000000SADDR={ saddr_fam=inet laddr=0.0.0.0 lport=0 }
type=PROCTITLE msg=audit(1768183393.771:2058): proctitle=2F7573722F7362696E2F61706163686532002D6B00677261636566756C
type=SYSCALL msg=audit(1768183393.783:2059): arch=c000003e syscall=42 success=yes exit=0 a0=3 a1=5ced2bea46c0 a2=1c a3=0 items=0 ppid=1492 pid=1495 auid=4294967295 uid=0 gid=0 euid=0 suid=0 fsuid=0 egid=0 sgid=0 fsgid=0 tty=(none) ses=4294967295 comm="apache2" exe="/usr/sbin/apache2" subj=unconfined key="T1043_Commonly_Used_Port"ARCH=x86_64 SYSCALL=connect AUID="unset" UID="root" GID="root" EUID="root" SUID="root" FSUID="root" EGID="root" SGID="root" FSGID="root"
type=SOCKADDR msg=audit(1768183393.783:2059): saddr=0A000050000000000000000000000000000000000000000000000000SADDR={ saddr_fam=inet6 laddr=:: lport=80 }
type=PROCTITLE msg=audit(1768183393.783:2059): proctitle=2F7573722F7362696E2F61706163686532002D6B00677261636566756C
type=SYSCALL msg=audit(1768183393.783:2060): arch=c000003e syscall=42 success=yes exit=0 a0=3 a1=7ffe4ef30900 a2=10 a3=0 items=0 ppid=1492 pid=1495 auid=4294967295 uid=0 gid=0 euid=0 suid=0 fsuid=0 egid=0 sgid=0 fsgid=0 tty=(none) ses=4294967295 comm="apache2" exe="/usr/sbin/apache2" subj=unconfined key="T1043_Commonly_Used_Port"ARCH=x86_64 SYSCALL=connect AUID="unset" UID="root" GID="root" EUID="root" SUID="root" FSUID="root" EGID="root" SGID="root" FSGID="root"
type=SOCKADDR msg=audit(1768183393.783:2060): saddr=00000000000000000000000000000000SADDR=unknown-family(0)
type=PROCTITLE msg=audit(1768183393.783:2060): proctitle=2F7573722F7362696E2F61706163686532002D6B00677261636566756C
type=SYSCALL msg=audit(1768183393.783:2061): arch=c000003e syscall=42 success=yes exit=0 a0=3 a1=5ced2bea3e00 a2=10 a3=0 items=0 ppid=1492 pid=1495 auid=4294967295 uid=0 gid=0 euid=0 suid=0 fsuid=0 egid=0 sgid=0 fsgid=0 tty=(none) ses=4294967295 comm="apache2" exe="/usr/sbin/apache2" subj=unconfined key="T1043_Commonly_Used_Port"ARCH=x86_64 SYSCALL=connect AUID="unset" UID="root" GID="root" EUID="root" SUID="root" FSUID="root" EGID="root" SGID="root" FSGID="root"
type=SOCKADDR msg=audit(1768183393.783:2061): saddr=02000050000000000000000000000000SADDR={ saddr_fam=inet laddr=0.0.0.0 lport=80 }
type=PROCTITLE msg=audit(1768183393.783:2061): proctitle=2F7573722F7362696E2F61706163686532002D6B00677261636566756C
type=SYSCALL msg=audit(1768183393.784:2062): arch=c000003e syscall=42 success=yes exit=0 a0=5 a1=5ced2bea46c0 a2=1c a3=0 items=0 ppid=1492 pid=1495 auid=4294967295 uid=0 gid=0 euid=0 suid=0 fsuid=0 egid=0 sgid=0 fsgid=0 tty=(none) ses=4294967295 comm="apache2" exe="/usr/sbin/apache2" subj=unconfined key="T1043_Commonly_Used_Port"ARCH=x86_64 SYSCALL=connect AUID="unset" UID="root" GID="root" EUID="root" SUID="root" FSUID="root" EGID="root" SGID="root" FSGID="root"
type=SOCKADDR msg=audit(1768183393.784:2062): saddr=0A000050000000000000000000000000000000000000000000000000SADDR={ saddr_fam=inet6 laddr=:: lport=80 }
type=PROCTITLE msg=audit(1768183393.784:2062): proctitle=2F7573722F7362696E2F61706163686532002D6B00677261636566756C
type=SYSCALL msg=audit(1768183393.784:2063): arch=c000003e syscall=42 success=yes exit=0 a0=5 a1=7ffe4ef308a0 a2=10 a3=0 items=0 ppid=1492 pid=1495 auid=4294967295 uid=0 gid=0 euid=0 suid=0 fsuid=0 egid=0 sgid=0 fsgid=0 tty=(none) ses=4294967295 comm="apache2" exe="/usr/sbin/apache2" subj=unconfined key="T1043_Commonly_Used_Port"ARCH=x86_64 SYSCALL=connect AUID="unset" UID="root" GID="root" EUID="root" SUID="root" FSUID="root" EGID="root" SGID="root" FSGID="root"
type=SOCKADDR msg=audit(1768183393.784:2063): saddr=00000000000000000000000000000000SADDR=unknown-family(0)
type=PROCTITLE msg=audit(1768183393.784:2063): proctitle=2F7573722F7362696E2F61706163686532002D6B00677261636566756C
type=SYSCALL msg=audit(1768183393.784:2064): arch=c000003e syscall=42 success=yes exit=0 a0=5 a1=5ced2bea3e00 a2=10 a3=0 items=0 ppid=1492 pid=1495 auid=4294967295 uid=0 gid=0 euid=0 suid=0 fsuid=0 egid=0 sgid=0 fsgid=0 tty=(none) ses=4294967295 comm="apache2" exe="/usr/sbin/apache2" subj=unconfined key="T1043_Commonly_Used_Port"ARCH=x86_64 SYSCALL=connect AUID="unset" UID="root" GID="root" EUID="root" SUID="root" FSUID="root" EGID="root" SGID="root" FSGID="root"
type=SOCKADDR msg=audit(1768183393.784:2064): saddr=02000050000000000000000000000000SADDR={ saddr_fam=inet laddr=0.0.0.0 lport=80 }
type=PROCTITLE msg=audit(1768183393.784:2064): proctitle=2F7573722F7362696E2F61706163686532002D6B00677261636566756C
type=SYSCALL msg=audit(1768183393.784:2065): arch=c000003e syscall=42 success=yes exit=0 a0=5 a1=75204d20b694 a2=10 a3=7ffe4ef2e404 items=0 ppid=1492 pid=1495 auid=4294967295 uid=0 gid=0 euid=0 suid=0 fsuid=0 egid=0 sgid=0 fsgid=0 tty=(none) ses=4294967295 comm="apache2" exe="/usr/sbin/apache2" subj=unconfined key="T1043_Commonly_Used_Port"ARCH=x86_64 SYSCALL=connect AUID="unset" UID="root" GID="root" EUID="root" SUID="root" FSUID="root" EGID="root" SGID="root" FSGID="root"
type=SOCKADDR msg=audit(1768183393.784:2065): saddr=020000357F0000350000000000000000SADDR={ saddr_fam=inet laddr=127.0.0.53 lport=53 }
type=PROCTITLE msg=audit(1768183393.784:2065): proctitle=2F7573722F7362696E2F61706163686532002D6B00677261636566756C
type=SYSCALL msg=audit(1768183393.790:2066): arch=c000003e syscall=42 success=yes exit=0 a0=5 a1=75204d20b694 a2=10 a3=7ffe4ef2e404 items=0 ppid=1492 pid=1495 auid=4294967295 uid=0 gid=0 euid=0 suid=0 fsuid=0 egid=0 sgid=0 fsgid=0 tty=(none) ses=4294967295 comm="apache2" exe="/usr/sbin/apache2" subj=unconfined key="T1043_Commonly_Used_Port"ARCH=x86_64 SYSCALL=connect AUID="unset" UID="root" GID="root" EUID="root" SUID="root" FSUID="root" EGID="root" SGID="root" FSGID="root"
type=SOCKADDR msg=audit(1768183393.790:2066): saddr=020000357F0000350000000000000000SADDR={ saddr_fam=inet laddr=127.0.0.53 lport=53 }
type=PROCTITLE msg=audit(1768183393.790:2066): proctitle=2F7573722F7362696E2F61706163686532002D6B00677261636566756C
type=SYSCALL msg=audit(1768183393.791:2067): arch=c000003e syscall=42 success=yes exit=0 a0=5 a1=5ced2bea3e00 a2=10 a3=0 items=0 ppid=1492 pid=1495 auid=4294967295 uid=0 gid=0 euid=0 suid=0 fsuid=0 egid=0 sgid=0 fsgid=0 tty=(none) ses=4294967295 comm="apache2" exe="/usr/sbin/apache2" subj=unconfined key="T1043_Commonly_Used_Port"ARCH=x86_64 SYSCALL=connect AUID="unset" UID="root" GID="root" EUID="root" SUID="root" FSUID="root" EGID="root" SGID="root" FSGID="root"
type=SOCKADDR msg=audit(1768183393.791:2067): saddr=020000000A00020F0000000000000000SADDR={ saddr_fam=inet laddr=10.0.2.15 lport=0 }
type=PROCTITLE msg=audit(1768183393.791:2067): proctitle=2F7573722F7362696E2F61706163686532002D6B00677261636566756C
type=SYSCALL msg=audit(1768183393.791:2068): arch=c000003e syscall=42 success=yes exit=0 a0=5 a1=7ffe4ef302f0 a2=10 a3=0 items=0 ppid=1492 pid=1495 auid=4294967295 uid=0 gid=0 euid=0 suid=0 fsuid=0 egid=0 sgid=0 fsgid=0 tty=(none) ses=4294967295 comm="apache2" exe="/usr/sbin/apache2" subj=unconfined key="T1043_Commonly_Used_Port"ARCH=x86_64 SYSCALL=connect AUID="unset" UID="root" GID="root" EUID="root" SUID="root" FSUID="root" EGID="root" SGID="root" FSGID="root"
type=SOCKADDR msg=audit(1768183393.791:2068): saddr=00000000000000000000000000000000SADDR=unknown-family(0)
type=PROCTITLE msg=audit(1768183393.791:2068): proctitle=2F7573722F7362696E2F61706163686532002D6B00677261636566756C
type=SYSCALL msg=audit(1768183393.791:2069): arch=c000003e syscall=42 success=yes exit=0 a0=5 a1=5ced2be7f640 a2=10 a3=0 items=0 ppid=1492 pid=1495 auid=4294967295 uid=0 gid=0 euid=0 suid=0 fsuid=0 egid=0 sgid=0 fsgid=0 tty=(none) ses=4294967295 comm="apache2" exe="/usr/sbin/apache2" subj=unconfined key="T1043_Commonly_Used_Port"ARCH=x86_64 SYSCALL=connect AUID="unset" UID="root" GID="root" EUID="root" SUID="root" FSUID="root" EGID="root" SGID="root" FSGID="root"
type=SOCKADDR msg=audit(1768183393.791:2069): saddr=02000000C0A8386B0000000000000000SADDR={ saddr_fam=inet laddr=192.168.56.107 lport=0 }
type=PROCTITLE msg=audit(1768183393.791:2069): proctitle=2F7573722F7362696E2F61706163686532002D6B00677261636566756C
type=SYSCALL msg=audit(1768183393.791:2070): arch=c000003e syscall=42 success=yes exit=0 a0=5 a1=5ced2bea46c0 a2=1c a3=0 items=0 ppid=1492 pid=1495 auid=4294967295 uid=0 gid=0 euid=0 suid=0 fsuid=0 egid=0 sgid=0 fsgid=0 tty=(none) ses=4294967295 comm="apache2" exe="/usr/sbin/apache2" subj=unconfined key="T1043_Commonly_Used_Port"ARCH=x86_64 SYSCALL=connect AUID="unset" UID="root" GID="root" EUID="root" SUID="root" FSUID="root" EGID="root" SGID="root" FSGID="root"
type=SOCKADDR msg=audit(1768183393.791:2070): saddr=0A00000000000000FD17625CF03700020A0027FFFE3F373900000000SADDR={ saddr_fam=inet6 laddr=fd17:625c:f037:2:a00:27ff:fe3f:3739 lport=0 }
type=PROCTITLE msg=audit(1768183393.791:2070): proctitle=2F7573722F7362696E2F61706163686532002D6B00677261636566756C
type=SYSCALL msg=audit(1768183393.791:2071): arch=c000003e syscall=42 success=yes exit=0 a0=5 a1=7ffe4ef302f0 a2=10 a3=0 items=0 ppid=1492 pid=1495 auid=4294967295 uid=0 gid=0 euid=0 suid=0 fsuid=0 egid=0 sgid=0 fsgid=0 tty=(none) ses=4294967295 comm="apache2" exe="/usr/sbin/apache2" subj=unconfined key="T1043_Commonly_Used_Port"ARCH=x86_64 SYSCALL=connect AUID="unset" UID="root" GID="root" EUID="root" SUID="root" FSUID="root" EGID="root" SGID="root" FSGID="root"
type=SOCKADDR msg=audit(1768183393.791:2071): saddr=00000000000000000000000000000000SADDR=unknown-family(0)
type=PROCTITLE msg=audit(1768183393.791:2071): proctitle=2F7573722F7362696E2F61706163686532002D6B00677261636566756C
type=SYSCALL msg=audit(1768183393.791:2072): arch=c000003e syscall=42 success=no exit=-22 a0=5 a1=5ced2be7f690 a2=1c a3=0 items=0 ppid=1492 pid=1495 auid=4294967295 uid=0 gid=0 euid=0 suid=0 fsuid=0 egid=0 sgid=0 fsgid=0 tty=(none) ses=4294967295 comm="apache2" exe="/usr/sbin/apache2" subj=unconfined key="T1043_Commonly_Used_Port"ARCH=x86_64 SYSCALL=connect AUID="unset" UID="root" GID="root" EUID="root" SUID="root" FSUID="root" EGID="root" SGID="root" FSGID="root"
type=SOCKADDR msg=audit(1768183393.791:2072): saddr=0A00000000000000FE800000000000000A0027FFFE3F373900000000SADDR={ saddr_fam=inet6 laddr=fe80::a00:27ff:fe3f:3739 lport=0 }
type=PROCTITLE msg=audit(1768183393.791:2072): proctitle=2F7573722F7362696E2F61706163686532002D6B00677261636566756C
type=SYSCALL msg=audit(1768183393.791:2073): arch=c000003e syscall=42 success=yes exit=0 a0=5 a1=7ffe4ef302f0 a2=10 a3=0 items=0 ppid=1492 pid=1495 auid=4294967295 uid=0 gid=0 euid=0 suid=0 fsuid=0 egid=0 sgid=0 fsgid=0 tty=(none) ses=4294967295 comm="apache2" exe="/usr/sbin/apache2" subj=unconfined key="T1043_Commonly_Used_Port"ARCH=x86_64 SYSCALL=connect AUID="unset" UID="root" GID="root" EUID="root" SUID="root" FSUID="root" EGID="root" SGID="root" FSGID="root"
type=SOCKADDR msg=audit(1768183393.791:2073): saddr=00000000000000000000000000000000SADDR=unknown-family(0)
type=PROCTITLE msg=audit(1768183393.791:2073): proctitle=2F7573722F7362696E2F61706163686532002D6B00677261636566756C
type=SYSCALL msg=audit(1768183393.791:2074): arch=c000003e syscall=42 success=no exit=-22 a0=5 a1=5ced2be7f6f0 a2=1c a3=0 items=0 ppid=1492 pid=1495 auid=4294967295 uid=0 gid=0 euid=0 suid=0 fsuid=0 egid=0 sgid=0 fsgid=0 tty=(none) ses=4294967295 comm="apache2" exe="/usr/sbin/apache2" subj=unconfined key="T1043_Commonly_Used_Port"ARCH=x86_64 SYSCALL=connect AUID="unset" UID="root" GID="root" EUID="root" SUID="root" FSUID="root" EGID="root" SGID="root" FSGID="root"
type=SOCKADDR msg=audit(1768183393.791:2074): saddr=0A00000000000000FE800000000000000A0027FFFE270D1D00000000SADDR={ saddr_fam=inet6 laddr=fe80::a00:27ff:fe27:d1d lport=0 }
type=PROCTITLE msg=audit(1768183393.791:2074): proctitle=2F7573722F7362696E2F61706163686532002D6B00677261636566756C
type=SYSCALL msg=audit(1768183393.791:2075): arch=c000003e syscall=42 success=yes exit=0 a0=5 a1=75204d20b694 a2=10 a3=7ffe4ef2eb14 items=0 ppid=1492 pid=1495 auid=4294967295 uid=0 gid=0 euid=0 suid=0 fsuid=0 egid=0 sgid=0 fsgid=0 tty=(none) ses=4294967295 comm="apache2" exe="/usr/sbin/apache2" subj=unconfined key="T1043_Commonly_Used_Port"ARCH=x86_64 SYSCALL=connect AUID="unset" UID="root" GID="root" EUID="root" SUID="root" FSUID="root" EGID="root" SGID="root" FSGID="root"
type=SOCKADDR msg=audit(1768183393.791:2075): saddr=020000357F0000350000000000000000SADDR={ saddr_fam=inet laddr=127.0.0.53 lport=53 }
type=PROCTITLE msg=audit(1768183393.791:2075): proctitle=2F7573722F7362696E2F61706163686532002D6B00677261636566756C
type=SYSCALL msg=audit(1768183393.821:2076): arch=c000003e syscall=42 success=yes exit=0 a0=5 a1=55c4098dc9f0 a2=1c a3=0 items=0 ppid=1 pid=1468 auid=4294967295 uid=0 gid=0 euid=0 suid=0 fsuid=0 egid=0 sgid=0 fsgid=0 tty=(none) ses=4294967295 comm="apache2" exe="/usr/sbin/apache2" subj=unconfined key="T1043_Commonly_Used_Port"ARCH=x86_64 SYSCALL=connect AUID="unset" UID="root" GID="root" EUID="root" SUID="root" FSUID="root" EGID="root" SGID="root" FSGID="root"
type=SOCKADDR msg=audit(1768183393.821:2076): saddr=0A000000000000000000000000000000000000000000000000000000SADDR={ saddr_fam=inet6 laddr=:: lport=0 }
type=PROCTITLE msg=audit(1768183393.821:2076): proctitle=2F7573722F7362696E2F61706163686532002D6B007374617274
type=SYSCALL msg=audit(1768183393.832:2077): arch=c000003e syscall=42 success=yes exit=0 a0=5 a1=7fff7fbcdf70 a2=10 a3=0 items=0 ppid=1 pid=1468 auid=4294967295 uid=0 gid=0 euid=0 suid=0 fsuid=0 egid=0 sgid=0 fsgid=0 tty=(none) ses=4294967295 comm="apache2" exe="/usr/sbin/apache2" subj=unconfined key="T1043_Commonly_Used_Port"ARCH=x86_64 SYSCALL=connect AUID="unset" UID="root" GID="root" EUID="root" SUID="root" FSUID="root" EGID="root" SGID="root" FSGID="root"
type=SOCKADDR msg=audit(1768183393.832:2077): saddr=00000000000000000000000000000000SADDR=unknown-family(0)
type=PROCTITLE msg=audit(1768183393.832:2077): proctitle=2F7573722F7362696E2F61706163686532002D6B007374617274
type=SYSCALL msg=audit(1768183393.832:2078): arch=c000003e syscall=42 success=yes exit=0 a0=5 a1=55c409741f50 a2=10 a3=0 items=0 ppid=1 pid=1468 auid=4294967295 uid=0 gid=0 euid=0 suid=0 fsuid=0 egid=0 sgid=0 fsgid=0 tty=(none) ses=4294967295 comm="apache2" exe="/usr/sbin/apache2" subj=unconfined key="T1043_Commonly_Used_Port"ARCH=x86_64 SYSCALL=connect AUID="unset" UID="root" GID="root" EUID="root" SUID="root" FSUID="root" EGID="root" SGID="root" FSGID="root"
type=SOCKADDR msg=audit(1768183393.832:2078): saddr=02000000000000000000000000000000SADDR={ saddr_fam=inet laddr=0.0.0.0 lport=0 }
type=PROCTITLE msg=audit(1768183393.832:2078): proctitle=2F7573722F7362696E2F61706163686532002D6B007374617274
type=SYSCALL msg=audit(1768183393.832:2079): arch=c000003e syscall=42 success=yes exit=0 a0=5 a1=55c4098dc9f0 a2=1c a3=0 items=0 ppid=1 pid=1468 auid=4294967295 uid=0 gid=0 euid=0 suid=0 fsuid=0 egid=0 sgid=0 fsgid=0 tty=(none) ses=4294967295 comm="apache2" exe="/usr/sbin/apache2" subj=unconfined key="T1043_Commonly_Used_Port"ARCH=x86_64 SYSCALL=connect AUID="unset" UID="root" GID="root" EUID="root" SUID="root" FSUID="root" EGID="root" SGID="root" FSGID="root"
type=SOCKADDR msg=audit(1768183393.832:2079): saddr=0A000050000000000000000000000000000000000000000000000000SADDR={ saddr_fam=inet6 laddr=:: lport=80 }
type=PROCTITLE msg=audit(1768183393.832:2079): proctitle=2F7573722F7362696E2F61706163686532002D6B007374617274
type=SYSCALL msg=audit(1768183393.832:2080): arch=c000003e syscall=42 success=yes exit=0 a0=5 a1=7fff7fbcdba0 a2=10 a3=0 items=0 ppid=1 pid=1468 auid=4294967295 uid=0 gid=0 euid=0 suid=0 fsuid=0 egid=0 sgid=0 fsgid=0 tty=(none) ses=4294967295 comm="apache2" exe="/usr/sbin/apache2" subj=unconfined key="T1043_Commonly_Used_Port"ARCH=x86_64 SYSCALL=connect AUID="unset" UID="root" GID="root" EUID="root" SUID="root" FSUID="root" EGID="root" SGID="root" FSGID="root"
type=SOCKADDR msg=audit(1768183393.832:2080): saddr=00000000000000000000000000000000SADDR=unknown-family(0)
type=PROCTITLE msg=audit(1768183393.832:2080): proctitle=2F7573722F7362696E2F61706163686532002D6B007374617274
type=SYSCALL msg=audit(1768183393.832:2081): arch=c000003e syscall=42 success=yes exit=0 a0=5 a1=55c409a6b8f0 a2=10 a3=0 items=0 ppid=1 pid=1468 auid=4294967295 uid=0 gid=0 euid=0 suid=0 fsuid=0 egid=0 sgid=0 fsgid=0 tty=(none) ses=4294967295 comm="apache2" exe="/usr/sbin/apache2" subj=unconfined key="T1043_Commonly_Used_Port"ARCH=x86_64 SYSCALL=connect AUID="unset" UID="root" GID="root" EUID="root" SUID="root" FSUID="root" EGID="root" SGID="root" FSGID="root"
type=SOCKADDR msg=audit(1768183393.832:2081): saddr=02000050000000000000000000000000SADDR={ saddr_fam=inet laddr=0.0.0.0 lport=80 }
type=PROCTITLE msg=audit(1768183393.832:2081): proctitle=2F7573722F7362696E2F61706163686532002D6B007374617274
type=SYSCALL msg=audit(1768183393.832:2082): arch=c000003e syscall=42 success=yes exit=0 a0=5 a1=77a23760b694 a2=10 a3=7fff7fbcb704 items=0 ppid=1 pid=1468 auid=4294967295 uid=0 gid=0 euid=0 suid=0 fsuid=0 egid=0 sgid=0 fsgid=0 tty=(none) ses=4294967295 comm="apache2" exe="/usr/sbin/apache2" subj=unconfined key="T1043_Commonly_Used_Port"ARCH=x86_64 SYSCALL=connect AUID="unset" UID="root" GID="root" EUID="root" SUID="root" FSUID="root" EGID="root" SGID="root" FSGID="root"
type=SOCKADDR msg=audit(1768183393.832:2082): saddr=020000357F0000350000000000000000SADDR={ saddr_fam=inet laddr=127.0.0.53 lport=53 }
type=PROCTITLE msg=audit(1768183393.832:2082): proctitle=2F7573722F7362696E2F61706163686532002D6B007374617274
type=SYSCALL msg=audit(1768183393.858:2083): arch=c000003e syscall=42 success=yes exit=0 a0=5 a1=77a23760b694 a2=10 a3=7fff7fbcb704 items=0 ppid=1 pid=1468 auid=4294967295 uid=0 gid=0 euid=0 suid=0 fsuid=0 egid=0 sgid=0 fsgid=0 tty=(none) ses=4294967295 comm="apache2" exe="/usr/sbin/apache2" subj=unconfined key="T1043_Commonly_Used_Port"ARCH=x86_64 SYSCALL=connect AUID="unset" UID="root" GID="root" EUID="root" SUID="root" FSUID="root" EGID="root" SGID="root" FSGID="root"
type=SOCKADDR msg=audit(1768183393.858:2083): saddr=020000357F0000350000000000000000SADDR={ saddr_fam=inet laddr=127.0.0.53 lport=53 }
type=PROCTITLE msg=audit(1768183393.858:2083): proctitle=2F7573722F7362696E2F61706163686532002D6B007374617274
type=SYSCALL msg=audit(1768183393.858:2084): arch=c000003e syscall=42 success=yes exit=0 a0=5 a1=55c409a6b8f0 a2=10 a3=0 items=0 ppid=1 pid=1468 auid=4294967295 uid=0 gid=0 euid=0 suid=0 fsuid=0 egid=0 sgid=0 fsgid=0 tty=(none) ses=4294967295 comm="apache2" exe="/usr/sbin/apache2" subj=unconfined key="T1043_Commonly_Used_Port"ARCH=x86_64 SYSCALL=connect AUID="unset" UID="root" GID="root" EUID="root" SUID="root" FSUID="root" EGID="root" SGID="root" FSGID="root"
type=SOCKADDR msg=audit(1768183393.858:2084): saddr=020000000A00020F0000000000000000SADDR={ saddr_fam=inet laddr=10.0.2.15 lport=0 }
type=PROCTITLE msg=audit(1768183393.858:2084): proctitle=2F7573722F7362696E2F61706163686532002D6B007374617274
type=SYSCALL msg=audit(1768183393.858:2085): arch=c000003e syscall=42 success=yes exit=0 a0=5 a1=7fff7fbcd5f0 a2=10 a3=0 items=0 ppid=1 pid=1468 auid=4294967295 uid=0 gid=0 euid=0 suid=0 fsuid=0 egid=0 sgid=0 fsgid=0 tty=(none) ses=4294967295 comm="apache2" exe="/usr/sbin/apache2" subj=unconfined key="T1043_Commonly_Used_Port"ARCH=x86_64 SYSCALL=connect AUID="unset" UID="root" GID="root" EUID="root" SUID="root" FSUID="root" EGID="root" SGID="root" FSGID="root"
type=SOCKADDR msg=audit(1768183393.858:2085): saddr=00000000000000000000000000000000SADDR=unknown-family(0)
type=PROCTITLE msg=audit(1768183393.858:2085): proctitle=2F7573722F7362696E2F61706163686532002D6B007374617274
type=SYSCALL msg=audit(1768183393.858:2086): arch=c000003e syscall=42 success=yes exit=0 a0=5 a1=55c409a6baa0 a2=10 a3=0 items=0 ppid=1 pid=1468 auid=4294967295 uid=0 gid=0 euid=0 suid=0 fsuid=0 egid=0 sgid=0 fsgid=0 tty=(none) ses=4294967295 comm="apache2" exe="/usr/sbin/apache2" subj=unconfined key="T1043_Commonly_Used_Port"ARCH=x86_64 SYSCALL=connect AUID="unset" UID="root" GID="root" EUID="root" SUID="root" FSUID="root" EGID="root" SGID="root" FSGID="root"
type=SOCKADDR msg=audit(1768183393.858:2086): saddr=02000000C0A8386B0000000000000000SADDR={ saddr_fam=inet laddr=192.168.56.107 lport=0 }
type=PROCTITLE msg=audit(1768183393.858:2086): proctitle=2F7573722F7362696E2F61706163686532002D6B007374617274
type=SYSCALL msg=audit(1768183393.858:2087): arch=c000003e syscall=42 success=yes exit=0 a0=5 a1=55c4098dc9f0 a2=1c a3=0 items=0 ppid=1 pid=1468 auid=4294967295 uid=0 gid=0 euid=0 suid=0 fsuid=0 egid=0 sgid=0 fsgid=0 tty=(none) ses=4294967295 comm="apache2" exe="/usr/sbin/apache2" subj=unconfined key="T1043_Commonly_Used_Port"ARCH=x86_64 SYSCALL=connect AUID="unset" UID="root" GID="root" EUID="root" SUID="root" FSUID="root" EGID="root" SGID="root" FSGID="root"
type=SOCKADDR msg=audit(1768183393.858:2087): saddr=0A00000000000000FD17625CF03700020A0027FFFE3F373900000000SADDR={ saddr_fam=inet6 laddr=fd17:625c:f037:2:a00:27ff:fe3f:3739 lport=0 }
type=PROCTITLE msg=audit(1768183393.858:2087): proctitle=2F7573722F7362696E2F61706163686532002D6B007374617274
type=SYSCALL msg=audit(1768183393.861:2088): arch=c000003e syscall=42 success=yes exit=0 a0=5 a1=7fff7fbcd5f0 a2=10 a3=0 items=0 ppid=1 pid=1468 auid=4294967295 uid=0 gid=0 euid=0 suid=0 fsuid=0 egid=0 sgid=0 fsgid=0 tty=(none) ses=4294967295 comm="apache2" exe="/usr/sbin/apache2" subj=unconfined key="T1043_Commonly_Used_Port"ARCH=x86_64 SYSCALL=connect AUID="unset" UID="root" GID="root" EUID="root" SUID="root" FSUID="root" EGID="root" SGID="root" FSGID="root"
type=SOCKADDR msg=audit(1768183393.861:2088): saddr=00000000000000000000000000000000SADDR=unknown-family(0)
type=PROCTITLE msg=audit(1768183393.861:2088): proctitle=2F7573722F7362696E2F61706163686532002D6B007374617274
type=SYSCALL msg=audit(1768183393.861:2089): arch=c000003e syscall=42 success=no exit=-22 a0=5 a1=55c409a4c580 a2=1c a3=0 items=0 ppid=1 pid=1468 auid=4294967295 uid=0 gid=0 euid=0 suid=0 fsuid=0 egid=0 sgid=0 fsgid=0 tty=(none) ses=4294967295 comm="apache2" exe="/usr/sbin/apache2" subj=unconfined key="T1043_Commonly_Used_Port"ARCH=x86_64 SYSCALL=connect AUID="unset" UID="root" GID="root" EUID="root" SUID="root" FSUID="root" EGID="root" SGID="root" FSGID="root"
type=SOCKADDR msg=audit(1768183393.861:2089): saddr=0A00000000000000FE800000000000000A0027FFFE3F373900000000SADDR={ saddr_fam=inet6 laddr=fe80::a00:27ff:fe3f:3739 lport=0 }
type=PROCTITLE msg=audit(1768183393.861:2089): proctitle=2F7573722F7362696E2F61706163686532002D6B007374617274
type=SYSCALL msg=audit(1768183393.861:2090): arch=c000003e syscall=42 success=yes exit=0 a0=5 a1=7fff7fbcd5f0 a2=10 a3=0 items=0 ppid=1 pid=1468 auid=4294967295 uid=0 gid=0 euid=0 suid=0 fsuid=0 egid=0 sgid=0 fsgid=0 tty=(none) ses=4294967295 comm="apache2" exe="/usr/sbin/apache2" subj=unconfined key="T1043_Commonly_Used_Port"ARCH=x86_64 SYSCALL=connect AUID="unset" UID="root" GID="root" EUID="root" SUID="root" FSUID="root" EGID="root" SGID="root" FSGID="root"
type=SOCKADDR msg=audit(1768183393.861:2090): saddr=00000000000000000000000000000000SADDR=unknown-family(0)
type=PROCTITLE msg=audit(1768183393.861:2090): proctitle=2F7573722F7362696E2F61706163686532002D6B007374617274
type=SYSCALL msg=audit(1768183393.861:2091): arch=c000003e syscall=42 success=no exit=-22 a0=5 a1=55c409a4c270 a2=1c a3=0 items=0 ppid=1 pid=1468 auid=4294967295 uid=0 gid=0 euid=0 suid=0 fsuid=0 egid=0 sgid=0 fsgid=0 tty=(none) ses=4294967295 comm="apache2" exe="/usr/sbin/apache2" subj=unconfined key="T1043_Commonly_Used_Port"ARCH=x86_64 SYSCALL=connect AUID="unset" UID="root" GID="root" EUID="root" SUID="root" FSUID="root" EGID="root" SGID="root" FSGID="root"
type=SOCKADDR msg=audit(1768183393.861:2091): saddr=0A00000000000000FE800000000000000A0027FFFE270D1D00000000SADDR={ saddr_fam=inet6 laddr=fe80::a00:27ff:fe27:d1d lport=0 }
type=PROCTITLE msg=audit(1768183393.861:2091): proctitle=2F7573722F7362696E2F61706163686532002D6B007374617274
type=SYSCALL msg=audit(1768183393.862:2092): arch=c000003e syscall=42 success=yes exit=0 a0=5 a1=77a23760b694 a2=10 a3=7fff7fbcbe14 items=0 ppid=1 pid=1468 auid=4294967295 uid=0 gid=0 euid=0 suid=0 fsuid=0 egid=0 sgid=0 fsgid=0 tty=(none) ses=4294967295 comm="apache2" exe="/usr/sbin/apache2" subj=unconfined key="T1043_Commonly_Used_Port"ARCH=x86_64 SYSCALL=connect AUID="unset" UID="root" GID="root" EUID="root" SUID="root" FSUID="root" EGID="root" SGID="root" FSGID="root"
type=SOCKADDR msg=audit(1768183393.862:2092): saddr=020000357F0000350000000000000000SADDR={ saddr_fam=inet laddr=127.0.0.53 lport=53 }
type=PROCTITLE msg=audit(1768183393.862:2092): proctitle=2F7573722F7362696E2F61706163686532002D6B007374617274
type=SYSCALL msg=audit(1768183393.895:2093): arch=c000003e syscall=106 success=yes exit=0 a0=21 a1=77a23762e4a0 a2=0 a3=22 items=0 ppid=1468 pid=1497 auid=4294967295 uid=0 gid=33 euid=0 suid=0 fsuid=0 egid=33 sgid=33 fsgid=33 tty=(none) ses=4294967295 comm="apache2" exe="/usr/sbin/apache2" subj=unconfined key="T1166_Seuid_and_Setgid"ARCH=x86_64 SYSCALL=setgid AUID="unset" UID="root" GID="www-data" EUID="root" SUID="root" FSUID="root" EGID="www-data" SGID="www-data" FSGID="www-data"
type=PROCTITLE msg=audit(1768183393.895:2093): proctitle=2F7573722F7362696E2F61706163686532002D6B007374617274
type=SYSCALL msg=audit(1768183393.895:2094): arch=c000003e syscall=42 success=yes exit=0 a0=c a1=7fff7fbce3e0 a2=2d a3=55c409b3d970 items=1 ppid=1468 pid=1497 auid=4294967295 uid=0 gid=33 euid=0 suid=0 fsuid=0 egid=33 sgid=33 fsgid=33 tty=(none) ses=4294967295 comm="apache2" exe="/usr/sbin/apache2" subj=unconfined key="T1043_Commonly_Used_Port"ARCH=x86_64 SYSCALL=connect AUID="unset" UID="root" GID="www-data" EUID="root" SUID="root" FSUID="root" EGID="www-data" SGID="www-data" FSGID="www-data"
type=SOCKADDR msg=audit(1768183393.895:2094): saddr=01002F72756E2F73797374656D642F7573657264622F696F2E73797374656D642E44796E616D69635573657200SADDR={ saddr_fam=local path=/run/systemd/userdb/io.systemd.DynamicUser }
type=PATH msg=audit(1768183393.895:2094): item=0 name="/run/systemd/userdb/io.systemd.DynamicUser" inode=443 dev=00:18 mode=0140666 ouid=0 ogid=0 rdev=00:00 nametype=NORMAL cap_fp=0 cap_fi=0 cap_fe=0 cap_fver=0 cap_frootid=0OUID="root" OGID="root"
type=PROCTITLE msg=audit(1768183393.895:2094): proctitle=2F7573722F7362696E2F61706163686532002D6B007374617274
type=SYSCALL msg=audit(1768183393.895:2095): arch=c000003e syscall=105 success=yes exit=0 a0=21 a1=55c4099b5530 a2=55c155f37985 a3=55c4099b5540 items=0 ppid=1468 pid=1497 auid=4294967295 uid=33 gid=33 euid=33 suid=33 fsuid=33 egid=33 sgid=33 fsgid=33 tty=(none) ses=4294967295 comm="apache2" exe="/usr/sbin/apache2" subj=unconfined key="T1166_Seuid_and_Setgid"ARCH=x86_64 SYSCALL=setuid AUID="unset" UID="www-data" GID="www-data" EUID="www-data" SUID="www-data" FSUID="www-data" EGID="www-data" SGID="www-data" FSGID="www-data"
type=PROCTITLE msg=audit(1768183393.895:2095): proctitle=2F7573722F7362696E2F61706163686532002D6B007374617274
type=SYSCALL msg=audit(1768183393.899:2096): arch=c000003e syscall=106 success=yes exit=0 a0=21 a1=77a23762e4a0 a2=0 a3=22 items=0 ppid=1468 pid=1498 auid=4294967295 uid=0 gid=33 euid=0 suid=0 fsuid=0 egid=33 sgid=33 fsgid=33 tty=(none) ses=4294967295 comm="apache2" exe="/usr/sbin/apache2" subj=unconfined key="T1166_Seuid_and_Setgid"ARCH=x86_64 SYSCALL=setgid AUID="unset" UID="root" GID="www-data" EUID="root" SUID="root" FSUID="root" EGID="www-data" SGID="www-data" FSGID="www-data"
type=SYSCALL msg=audit(1768183393.899:2097): arch=c000003e syscall=106 success=yes exit=0 a0=21 a1=77a23762e4a0 a2=0 a3=22 items=0 ppid=1468 pid=1499 auid=4294967295 uid=0 gid=33 euid=0 suid=0 fsuid=0 egid=33 sgid=33 fsgid=33 tty=(none) ses=4294967295 comm="apache2" exe="/usr/sbin/apache2" subj=unconfined key="T1166_Seuid_and_Setgid"ARCH=x86_64 SYSCALL=setgid AUID="unset" UID="root" GID="www-data" EUID="root" SUID="root" FSUID="root" EGID="www-data" SGID="www-data" FSGID="www-data"
type=PROCTITLE msg=audit(1768183393.899:2097): proctitle=2F7573722F7362696E2F61706163686532002D6B007374617274
type=PROCTITLE msg=audit(1768183393.899:2096): proctitle=2F7573722F7362696E2F61706163686532002D6B007374617274
type=SYSCALL msg=audit(1768183393.900:2098): arch=c000003e syscall=42 success=yes exit=0 a0=c a1=7fff7fbce3e0 a2=2d a3=55c409b3d970 items=1 ppid=1468 pid=1499 auid=4294967295 uid=0 gid=33 euid=0 suid=0 fsuid=0 egid=33 sgid=33 fsgid=33 tty=(none) ses=4294967295 comm="apache2" exe="/usr/sbin/apache2" subj=unconfined key="T1043_Commonly_Used_Port"ARCH=x86_64 SYSCALL=connect AUID="unset" UID="root" GID="www-data" EUID="root" SUID="root" FSUID="root" EGID="www-data" SGID="www-data" FSGID="www-data"
type=SOCKADDR msg=audit(1768183393.900:2098): saddr=01002F72756E2F73797374656D642F7573657264622F696F2E73797374656D642E44796E616D69635573657200SADDR={ saddr_fam=local path=/run/systemd/userdb/io.systemd.DynamicUser }
type=PATH msg=audit(1768183393.900:2098): item=0 name="/run/systemd/userdb/io.systemd.DynamicUser" inode=443 dev=00:18 mode=0140666 ouid=0 ogid=0 rdev=00:00 nametype=NORMAL cap_fp=0 cap_fi=0 cap_fe=0 cap_fver=0 cap_frootid=0OUID="root" OGID="root"
type=PROCTITLE msg=audit(1768183393.900:2098): proctitle=2F7573722F7362696E2F61706163686532002D6B007374617274
type=SYSCALL msg=audit(1768183393.900:2099): arch=c000003e syscall=42 success=yes exit=0 a0=c a1=7fff7fbce3e0 a2=2d a3=55c409b3d970 items=1 ppid=1468 pid=1498 auid=4294967295 uid=0 gid=33 euid=0 suid=0 fsuid=0 egid=33 sgid=33 fsgid=33 tty=(none) ses=4294967295 comm="apache2" exe="/usr/sbin/apache2" subj=unconfined key="T1043_Commonly_Used_Port"ARCH=x86_64 SYSCALL=connect AUID="unset" UID="root" GID="www-data" EUID="root" SUID="root" FSUID="root" EGID="www-data" SGID="www-data" FSGID="www-data"
type=SOCKADDR msg=audit(1768183393.900:2099): saddr=01002F72756E2F73797374656D642F7573657264622F696F2E73797374656D642E44796E616D69635573657200SADDR={ saddr_fam=local path=/run/systemd/userdb/io.systemd.DynamicUser }
type=PATH msg=audit(1768183393.900:2099): item=0 name="/run/systemd/userdb/io.systemd.DynamicUser" inode=443 dev=00:18 mode=0140666 ouid=0 ogid=0 rdev=00:00 nametype=NORMAL cap_fp=0 cap_fi=0 cap_fe=0 cap_fver=0 cap_frootid=0OUID="root" OGID="root"
type=PROCTITLE msg=audit(1768183393.900:2099): proctitle=2F7573722F7362696E2F61706163686532002D6B007374617274
type=SYSCALL msg=audit(1768183393.902:2100): arch=c000003e syscall=105 success=yes exit=0 a0=21 a1=55c4099b5530 a2=55c155f37985 a3=55c4099b5540 items=0 ppid=1468 pid=1498 auid=4294967295 uid=33 gid=33 euid=33 suid=33 fsuid=33 egid=33 sgid=33 fsgid=33 tty=(none) ses=4294967295 comm="apache2" exe="/usr/sbin/apache2" subj=unconfined key="T1166_Seuid_and_Setgid"ARCH=x86_64 SYSCALL=setuid AUID="unset" UID="www-data" GID="www-data" EUID="www-data" SUID="www-data" FSUID="www-data" EGID="www-data" SGID="www-data" FSGID="www-data"
type=PROCTITLE msg=audit(1768183393.902:2100): proctitle=2F7573722F7362696E2F61706163686532002D6B007374617274
type=SYSCALL msg=audit(1768183393.904:2101): arch=c000003e syscall=106 success=yes exit=0 a0=21 a1=77a23762e4a0 a2=0 a3=22 items=0 ppid=1468 pid=1500 auid=4294967295 uid=0 gid=33 euid=0 suid=0 fsuid=0 egid=33 sgid=33 fsgid=33 tty=(none) ses=4294967295 comm="apache2" exe="/usr/sbin/apache2" subj=unconfined key="T1166_Seuid_and_Setgid"ARCH=x86_64 SYSCALL=setgid AUID="unset" UID="root" GID="www-data" EUID="root" SUID="root" FSUID="root" EGID="www-data" SGID="www-data" FSGID="www-data"
type=PROCTITLE msg=audit(1768183393.904:2101): proctitle=2F7573722F7362696E2F61706163686532002D6B007374617274
type=SYSCALL msg=audit(1768183393.904:2102): arch=c000003e syscall=106 success=yes exit=0 a0=21 a1=77a23762e4a0 a2=0 a3=22 items=0 ppid=1468 pid=1501 auid=4294967295 uid=0 gid=33 euid=0 suid=0 fsuid=0 egid=33 sgid=33 fsgid=33 tty=(none) ses=4294967295 comm="apache2" exe="/usr/sbin/apache2" subj=unconfined key="T1166_Seuid_and_Setgid"ARCH=x86_64 SYSCALL=setgid AUID="unset" UID="root" GID="www-data" EUID="root" SUID="root" FSUID="root" EGID="www-data" SGID="www-data" FSGID="www-data"
type=PROCTITLE msg=audit(1768183393.904:2102): proctitle=2F7573722F7362696E2F61706163686532002D6B007374617274
type=SYSCALL msg=audit(1768183393.906:2103): arch=c000003e syscall=105 success=yes exit=0 a0=21 a1=55c4099b5530 a2=55c155f37985 a3=55c4099b5540 items=0 ppid=1468 pid=1499 auid=4294967295 uid=33 gid=33 euid=33 suid=33 fsuid=33 egid=33 sgid=33 fsgid=33 tty=(none) ses=4294967295 comm="apache2" exe="/usr/sbin/apache2" subj=unconfined key="T1166_Seuid_and_Setgid"ARCH=x86_64 SYSCALL=setuid AUID="unset" UID="www-data" GID="www-data" EUID="www-data" SUID="www-data" FSUID="www-data" EGID="www-data" SGID="www-data" FSGID="www-data"
type=PROCTITLE msg=audit(1768183393.906:2103): proctitle=2F7573722F7362696E2F61706163686532002D6B007374617274
type=SYSCALL msg=audit(1768183393.904:2104): arch=c000003e syscall=42 success=yes exit=0 a0=c a1=7fff7fbce3e0 a2=2d a3=55c409b3d970 items=1 ppid=1468 pid=1500 auid=4294967295 uid=0 gid=33 euid=0 suid=0 fsuid=0 egid=33 sgid=33 fsgid=33 tty=(none) ses=4294967295 comm="apache2" exe="/usr/sbin/apache2" subj=unconfined key="T1043_Commonly_Used_Port"ARCH=x86_64 SYSCALL=connect AUID="unset" UID="root" GID="www-data" EUID="root" SUID="root" FSUID="root" EGID="www-data" SGID="www-data" FSGID="www-data"
type=SOCKADDR msg=audit(1768183393.904:2104): saddr=01002F72756E2F73797374656D642F7573657264622F696F2E73797374656D642E44796E616D69635573657200SADDR={ saddr_fam=local path=/run/systemd/userdb/io.systemd.DynamicUser }
type=PATH msg=audit(1768183393.904:2104): item=0 name="/run/systemd/userdb/io.systemd.DynamicUser" inode=443 dev=00:18 mode=0140666 ouid=0 ogid=0 rdev=00:00 nametype=NORMAL cap_fp=0 cap_fi=0 cap_fe=0 cap_fver=0 cap_frootid=0OUID="root" OGID="root"
type=PROCTITLE msg=audit(1768183393.904:2104): proctitle=2F7573722F7362696E2F61706163686532002D6B007374617274
type=SYSCALL msg=audit(1768183393.909:2106): arch=c000003e syscall=105 success=yes exit=0 a0=21 a1=55c4099b5530 a2=55c155f37985 a3=55c4099b5540 items=0 ppid=1468 pid=1500 auid=4294967295 uid=33 gid=33 euid=33 suid=33 fsuid=33 egid=33 sgid=33 fsgid=33 tty=(none) ses=4294967295 comm="apache2" exe="/usr/sbin/apache2" subj=unconfined key="T1166_Seuid_and_Setgid"ARCH=x86_64 SYSCALL=setuid AUID="unset" UID="www-data" GID="www-data" EUID="www-data" SUID="www-data" FSUID="www-data" EGID="www-data" SGID="www-data" FSGID="www-data"
type=SYSCALL msg=audit(1768183393.904:2105): arch=c000003e syscall=42 success=yes exit=0 a0=c a1=7fff7fbce3e0 a2=2d a3=55c409b3d970 items=1 ppid=1468 pid=1501 auid=4294967295 uid=0 gid=33 euid=0 suid=0 fsuid=0 egid=33 sgid=33 fsgid=33 tty=(none) ses=4294967295 comm="apache2" exe="/usr/sbin/apache2" subj=unconfined key="T1043_Commonly_Used_Port"ARCH=x86_64 SYSCALL=connect AUID="unset" UID="root" GID="www-data" EUID="root" SUID="root" FSUID="root" EGID="www-data" SGID="www-data" FSGID="www-data"
type=SOCKADDR msg=audit(1768183393.904:2105): saddr=01002F72756E2F73797374656D642F7573657264622F696F2E73797374656D642E44796E616D69635573657200SADDR={ saddr_fam=local path=/run/systemd/userdb/io.systemd.DynamicUser }
type=PATH msg=audit(1768183393.904:2105): item=0 name="/run/systemd/userdb/io.systemd.DynamicUser" inode=443 dev=00:18 mode=0140666 ouid=0 ogid=0 rdev=00:00 nametype=NORMAL cap_fp=0 cap_fi=0 cap_fe=0 cap_fver=0 cap_frootid=0OUID="root" OGID="root"
type=PROCTITLE msg=audit(1768183393.904:2105): proctitle=2F7573722F7362696E2F61706163686532002D6B007374617274
type=PROCTITLE msg=audit(1768183393.909:2106): proctitle=2F7573722F7362696E2F61706163686532002D6B007374617274
type=SYSCALL msg=audit(1768183393.911:2107): arch=c000003e syscall=105 success=yes exit=0 a0=21 a1=55c4099b5530 a2=55c155f37985 a3=55c4099b5540 items=0 ppid=1468 pid=1501 auid=4294967295 uid=33 gid=33 euid=33 suid=33 fsuid=33 egid=33 sgid=33 fsgid=33 tty=(none) ses=4294967295 comm="apache2" exe="/usr/sbin/apache2" subj=unconfined key="T1166_Seuid_and_Setgid"ARCH=x86_64 SYSCALL=setuid AUID="unset" UID="www-data" GID="www-data" EUID="www-data" SUID="www-data" FSUID="www-data" EGID="www-data" SGID="www-data" FSGID="www-data"
type=PROCTITLE msg=audit(1768183393.911:2107): proctitle=2F7573722F7362696E2F61706163686532002D6B007374617274
type=SYSCALL msg=audit(1768183403.058:2108): arch=c000003e syscall=42 success=yes exit=0 a0=e a1=7fff7fbcaf10 a2=1d a3=1 items=1 ppid=1468 pid=1497 auid=4294967295 uid=33 gid=33 euid=33 suid=33 fsuid=33 egid=33 sgid=33 fsgid=33 tty=(none) ses=4294967295 comm="apache2" exe="/usr/sbin/apache2" subj=unconfined key="T1043_Commonly_Used_Port"ARCH=x86_64 SYSCALL=connect AUID="unset" UID="www-data" GID="www-data" EUID="www-data" SUID="www-data" FSUID="www-data" EGID="www-data" SGID="www-data" FSGID="www-data"
type=SOCKADDR msg=audit(1768183403.058:2108): saddr=01002F7661722F72756E2F6D7973716C642F6D7973716C642E736F636BSADDR={ saddr_fam=local path=/var/run/mysqld/mysqld.sock }
type=PATH msg=audit(1768183403.058:2108): item=0 name="/var/run/mysqld/mysqld.sock" inode=1357 dev=00:18 mode=0140777 ouid=111 ogid=111 rdev=00:00 nametype=NORMAL cap_fp=0 cap_fi=0 cap_fe=0 cap_fver=0 cap_frootid=0OUID="mysql" OGID="mysql"
type=PROCTITLE msg=audit(1768183403.058:2108): proctitle=2F7573722F7362696E2F61706163686532002D6B007374617274
type=SYSCALL msg=audit(1768183403.396:2109): arch=c000003e syscall=106 success=yes exit=0 a0=21 a1=77a23762e4a0 a2=0 a3=22 items=0 ppid=1468 pid=1503 auid=4294967295 uid=0 gid=33 euid=0 suid=0 fsuid=0 egid=33 sgid=33 fsgid=33 tty=(none) ses=4294967295 comm="apache2" exe="/usr/sbin/apache2" subj=unconfined key="T1166_Seuid_and_Setgid"ARCH=x86_64 SYSCALL=setgid AUID="unset" UID="root" GID="www-data" EUID="root" SUID="root" FSUID="root" EGID="www-data" SGID="www-data" FSGID="www-data"
type=PROCTITLE msg=audit(1768183403.396:2109): proctitle=2F7573722F7362696E2F61706163686532002D6B007374617274
type=SYSCALL msg=audit(1768183403.396:2110): arch=c000003e syscall=42 success=yes exit=0 a0=c a1=7fff7fbce3e0 a2=2d a3=55c409b3d970 items=1 ppid=1468 pid=1503 auid=4294967295 uid=0 gid=33 euid=0 suid=0 fsuid=0 egid=33 sgid=33 fsgid=33 tty=(none) ses=4294967295 comm="apache2" exe="/usr/sbin/apache2" subj=unconfined key="T1043_Commonly_Used_Port"ARCH=x86_64 SYSCALL=connect AUID="unset" UID="root" GID="www-data" EUID="root" SUID="root" FSUID="root" EGID="www-data" SGID="www-data" FSGID="www-data"
type=SOCKADDR msg=audit(1768183403.396:2110): saddr=01002F72756E2F73797374656D642F7573657264622F696F2E73797374656D642E44796E616D69635573657200SADDR={ saddr_fam=local path=/run/systemd/userdb/io.systemd.DynamicUser }
type=PATH msg=audit(1768183403.396:2110): item=0 name="/run/systemd/userdb/io.systemd.DynamicUser" inode=443 dev=00:18 mode=0140666 ouid=0 ogid=0 rdev=00:00 nametype=NORMAL cap_fp=0 cap_fi=0 cap_fe=0 cap_fver=0 cap_frootid=0OUID="root" OGID="root"
type=PROCTITLE msg=audit(1768183403.396:2110): proctitle=2F7573722F7362696E2F61706163686532002D6B007374617274
type=SYSCALL msg=audit(1768183403.398:2111): arch=c000003e syscall=105 success=yes exit=0 a0=21 a1=55c4099b5530 a2=55c155f37985 a3=55c4099b5540 items=0 ppid=1468 pid=1503 auid=4294967295 uid=33 gid=33 euid=33 suid=33 fsuid=33 egid=33 sgid=33 fsgid=33 tty=(none) ses=4294967295 comm="apache2" exe="/usr/sbin/apache2" subj=unconfined key="T1166_Seuid_and_Setgid"ARCH=x86_64 SYSCALL=setuid AUID="unset" UID="www-data" GID="www-data" EUID="www-data" SUID="www-data" FSUID="www-data" EGID="www-data" SGID="www-data" FSGID="www-data"
type=PROCTITLE msg=audit(1768183403.398:2111): proctitle=2F7573722F7362696E2F61706163686532002D6B007374617274
type=SYSCALL msg=audit(1768183404.768:2112): arch=c000003e syscall=42 success=yes exit=0 a0=d a1=7fff7fbcaf10 a2=1d a3=1 items=1 ppid=1468 pid=1497 auid=4294967295 uid=33 gid=33 euid=33 suid=33 fsuid=33 egid=33 sgid=33 fsgid=33 tty=(none) ses=4294967295 comm="apache2" exe="/usr/sbin/apache2" subj=unconfined key="T1043_Commonly_Used_Port"ARCH=x86_64 SYSCALL=connect AUID="unset" UID="www-data" GID="www-data" EUID="www-data" SUID="www-data" FSUID="www-data" EGID="www-data" SGID="www-data" FSGID="www-data"
type=SOCKADDR msg=audit(1768183404.768:2112): saddr=01002F7661722F72756E2F6D7973716C642F6D7973716C642E736F636BSADDR={ saddr_fam=local path=/var/run/mysqld/mysqld.sock }
type=PATH msg=audit(1768183404.768:2112): item=0 name="/var/run/mysqld/mysqld.sock" inode=1357 dev=00:18 mode=0140777 ouid=111 ogid=111 rdev=00:00 nametype=NORMAL cap_fp=0 cap_fi=0 cap_fe=0 cap_fver=0 cap_frootid=0OUID="mysql" OGID="mysql"
type=PROCTITLE msg=audit(1768183404.768:2112): proctitle=2F7573722F7362696E2F61706163686532002D6B007374617274
type=SYSCALL msg=audit(1768183405.905:2113): arch=c000003e syscall=42 success=yes exit=0 a0=d a1=7fff7fbcaf10 a2=1d a3=1 items=1 ppid=1468 pid=1500 auid=4294967295 uid=33 gid=33 euid=33 suid=33 fsuid=33 egid=33 sgid=33 fsgid=33 tty=(none) ses=4294967295 comm="apache2" exe="/usr/sbin/apache2" subj=unconfined key="T1043_Commonly_Used_Port"ARCH=x86_64 SYSCALL=connect AUID="unset" UID="www-data" GID="www-data" EUID="www-data" SUID="www-data" FSUID="www-data" EGID="www-data" SGID="www-data" FSGID="www-data"
type=SOCKADDR msg=audit(1768183405.905:2113): saddr=01002F7661722F72756E2F6D7973716C642F6D7973716C642E736F636BSADDR={ saddr_fam=local path=/var/run/mysqld/mysqld.sock }
type=PATH msg=audit(1768183405.905:2113): item=0 name="/var/run/mysqld/mysqld.sock" inode=1357 dev=00:18 mode=0140777 ouid=111 ogid=111 rdev=00:00 nametype=NORMAL cap_fp=0 cap_fi=0 cap_fe=0 cap_fver=0 cap_frootid=0OUID="mysql" OGID="mysql"
type=PROCTITLE msg=audit(1768183405.905:2113): proctitle=2F7573722F7362696E2F61706163686532002D6B007374617274
type=SYSCALL msg=audit(1768183405.917:2114): arch=c000003e syscall=42 success=yes exit=0 a0=d a1=7fff7fbcaf10 a2=1d a3=1 items=1 ppid=1468 pid=1503 auid=4294967295 uid=33 gid=33 euid=33 suid=33 fsuid=33 egid=33 sgid=33 fsgid=33 tty=(none) ses=4294967295 comm="apache2" exe="/usr/sbin/apache2" subj=unconfined key="T1043_Commonly_Used_Port"ARCH=x86_64 SYSCALL=connect AUID="unset" UID="www-data" GID="www-data" EUID="www-data" SUID="www-data" FSUID="www-data" EGID="www-data" SGID="www-data" FSGID="www-data"
type=SOCKADDR msg=audit(1768183405.917:2114): saddr=01002F7661722F72756E2F6D7973716C642F6D7973716C642E736F636BSADDR={ saddr_fam=local path=/var/run/mysqld/mysqld.sock }
type=PATH msg=audit(1768183405.917:2114): item=0 name="/var/run/mysqld/mysqld.sock" inode=1357 dev=00:18 mode=0140777 ouid=111 ogid=111 rdev=00:00 nametype=NORMAL cap_fp=0 cap_fi=0 cap_fe=0 cap_fver=0 cap_frootid=0OUID="mysql" OGID="mysql"
type=PROCTITLE msg=audit(1768183405.917:2114): proctitle=2F7573722F7362696E2F61706163686532002D6B007374617274
type=SYSCALL msg=audit(1768183405.923:2115): arch=c000003e syscall=42 success=yes exit=0 a0=d a1=7fff7fbcaf10 a2=1d a3=1 items=1 ppid=1468 pid=1497 auid=4294967295 uid=33 gid=33 euid=33 suid=33 fsuid=33 egid=33 sgid=33 fsgid=33 tty=(none) ses=4294967295 comm="apache2" exe="/usr/sbin/apache2" subj=unconfined key="T1043_Commonly_Used_Port"ARCH=x86_64 SYSCALL=connect AUID="unset" UID="www-data" GID="www-data" EUID="www-data" SUID="www-data" FSUID="www-data" EGID="www-data" SGID="www-data" FSGID="www-data"
type=SOCKADDR msg=audit(1768183405.923:2115): saddr=01002F7661722F72756E2F6D7973716C642F6D7973716C642E736F636BSADDR={ saddr_fam=local path=/var/run/mysqld/mysqld.sock }
type=PATH msg=audit(1768183405.923:2115): item=0 name="/var/run/mysqld/mysqld.sock" inode=1357 dev=00:18 mode=0140777 ouid=111 ogid=111 rdev=00:00 nametype=NORMAL cap_fp=0 cap_fi=0 cap_fe=0 cap_fver=0 cap_frootid=0OUID="mysql" OGID="mysql"
type=PROCTITLE msg=audit(1768183405.923:2115): proctitle=2F7573722F7362696E2F61706163686532002D6B007374617274
type=SYSCALL msg=audit(1768183405.926:2116): arch=c000003e syscall=42 success=yes exit=0 a0=d a1=7fff7fbcaf10 a2=1d a3=1 items=1 ppid=1468 pid=1499 auid=4294967295 uid=33 gid=33 euid=33 suid=33 fsuid=33 egid=33 sgid=33 fsgid=33 tty=(none) ses=4294967295 comm="apache2" exe="/usr/sbin/apache2" subj=unconfined key="T1043_Commonly_Used_Port"ARCH=x86_64 SYSCALL=connect AUID="unset" UID="www-data" GID="www-data" EUID="www-data" SUID="www-data" FSUID="www-data" EGID="www-data" SGID="www-data" FSGID="www-data"
type=SOCKADDR msg=audit(1768183405.926:2116): saddr=01002F7661722F72756E2F6D7973716C642F6D7973716C642E736F636BSADDR={ saddr_fam=local path=/var/run/mysqld/mysqld.sock }
type=PATH msg=audit(1768183405.926:2116): item=0 name="/var/run/mysqld/mysqld.sock" inode=1357 dev=00:18 mode=0140777 ouid=111 ogid=111 rdev=00:00 nametype=NORMAL cap_fp=0 cap_fi=0 cap_fe=0 cap_fver=0 cap_frootid=0OUID="mysql" OGID="mysql"
type=PROCTITLE msg=audit(1768183405.926:2116): proctitle=2F7573722F7362696E2F61706163686532002D6B007374617274
type=SYSCALL msg=audit(1768183405.933:2117): arch=c000003e syscall=42 success=yes exit=0 a0=d a1=7fff7fbcaf10 a2=1d a3=1 items=1 ppid=1468 pid=1501 auid=4294967295 uid=33 gid=33 euid=33 suid=33 fsuid=33 egid=33 sgid=33 fsgid=33 tty=(none) ses=4294967295 comm="apache2" exe="/usr/sbin/apache2" subj=unconfined key="T1043_Commonly_Used_Port"ARCH=x86_64 SYSCALL=connect AUID="unset" UID="www-data" GID="www-data" EUID="www-data" SUID="www-data" FSUID="www-data" EGID="www-data" SGID="www-data" FSGID="www-data"
type=SOCKADDR msg=audit(1768183405.933:2117): saddr=01002F7661722F72756E2F6D7973716C642F6D7973716C642E736F636BSADDR={ saddr_fam=local path=/var/run/mysqld/mysqld.sock }
type=PATH msg=audit(1768183405.933:2117): item=0 name="/var/run/mysqld/mysqld.sock" inode=1357 dev=00:18 mode=0140777 ouid=111 ogid=111 rdev=00:00 nametype=NORMAL cap_fp=0 cap_fi=0 cap_fe=0 cap_fver=0 cap_frootid=0OUID="mysql" OGID="mysql"
type=PROCTITLE msg=audit(1768183405.933:2117): proctitle=2F7573722F7362696E2F61706163686532002D6B007374617274
type=SYSCALL msg=audit(1768183405.907:2118): arch=c000003e syscall=42 success=yes exit=0 a0=d a1=7fff7fbcaf10 a2=1d a3=1 items=1 ppid=1468 pid=1498 auid=4294967295 uid=33 gid=33 euid=33 suid=33 fsuid=33 egid=33 sgid=33 fsgid=33 tty=(none) ses=4294967295 comm="apache2" exe="/usr/sbin/apache2" subj=unconfined key="T1043_Commonly_Used_Port"ARCH=x86_64 SYSCALL=connect AUID="unset" UID="www-data" GID="www-data" EUID="www-data" SUID="www-data" FSUID="www-data" EGID="www-data" SGID="www-data" FSGID="www-data"
type=SOCKADDR msg=audit(1768183405.907:2118): saddr=01002F7661722F72756E2F6D7973716C642F6D7973716C642E736F636BSADDR={ saddr_fam=local path=/var/run/mysqld/mysqld.sock }
type=PATH msg=audit(1768183405.907:2118): item=0 name="/var/run/mysqld/mysqld.sock" inode=1357 dev=00:18 mode=0140777 ouid=111 ogid=111 rdev=00:00 nametype=NORMAL cap_fp=0 cap_fi=0 cap_fe=0 cap_fver=0 cap_frootid=0OUID="mysql" OGID="mysql"
type=PROCTITLE msg=audit(1768183405.907:2118): proctitle=2F7573722F7362696E2F61706163686532002D6B007374617274
type=SYSCALL msg=audit(1768183406.076:2119): arch=c000003e syscall=42 success=yes exit=0 a0=d a1=7fff7fbcaf10 a2=1d a3=1 items=1 ppid=1468 pid=1500 auid=4294967295 uid=33 gid=33 euid=33 suid=33 fsuid=33 egid=33 sgid=33 fsgid=33 tty=(none) ses=4294967295 comm="apache2" exe="/usr/sbin/apache2" subj=unconfined key="T1043_Commonly_Used_Port"ARCH=x86_64 SYSCALL=connect AUID="unset" UID="www-data" GID="www-data" EUID="www-data" SUID="www-data" FSUID="www-data" EGID="www-data" SGID="www-data" FSGID="www-data"
type=SOCKADDR msg=audit(1768183406.076:2119): saddr=01002F7661722F72756E2F6D7973716C642F6D7973716C642E736F636BSADDR={ saddr_fam=local path=/var/run/mysqld/mysqld.sock }
type=PATH msg=audit(1768183406.076:2119): item=0 name="/var/run/mysqld/mysqld.sock" inode=1357 dev=00:18 mode=0140777 ouid=111 ogid=111 rdev=00:00 nametype=NORMAL cap_fp=0 cap_fi=0 cap_fe=0 cap_fver=0 cap_frootid=0OUID="mysql" OGID="mysql"
type=PROCTITLE msg=audit(1768183406.076:2119): proctitle=2F7573722F7362696E2F61706163686532002D6B007374617274
type=SYSCALL msg=audit(1768183406.137:2120): arch=c000003e syscall=42 success=yes exit=0 a0=d a1=7fff7fbcaf10 a2=1d a3=1 items=1 ppid=1468 pid=1503 auid=4294967295 uid=33 gid=33 euid=33 suid=33 fsuid=33 egid=33 sgid=33 fsgid=33 tty=(none) ses=4294967295 comm="apache2" exe="/usr/sbin/apache2" subj=unconfined key="T1043_Commonly_Used_Port"ARCH=x86_64 SYSCALL=connect AUID="unset" UID="www-data" GID="www-data" EUID="www-data" SUID="www-data" FSUID="www-data" EGID="www-data" SGID="www-data" FSGID="www-data"
type=SOCKADDR msg=audit(1768183406.137:2120): saddr=01002F7661722F72756E2F6D7973716C642F6D7973716C642E736F636BSADDR={ saddr_fam=local path=/var/run/mysqld/mysqld.sock }
type=PATH msg=audit(1768183406.137:2120): item=0 name="/var/run/mysqld/mysqld.sock" inode=1357 dev=00:18 mode=0140777 ouid=111 ogid=111 rdev=00:00 nametype=NORMAL cap_fp=0 cap_fi=0 cap_fe=0 cap_fver=0 cap_frootid=0OUID="mysql" OGID="mysql"
type=PROCTITLE msg=audit(1768183406.137:2120): proctitle=2F7573722F7362696E2F61706163686532002D6B007374617274
type=SYSCALL msg=audit(1768183406.180:2121): arch=c000003e syscall=42 success=yes exit=0 a0=d a1=7fff7fbcaf10 a2=1d a3=1 items=1 ppid=1468 pid=1503 auid=4294967295 uid=33 gid=33 euid=33 suid=33 fsuid=33 egid=33 sgid=33 fsgid=33 tty=(none) ses=4294967295 comm="apache2" exe="/usr/sbin/apache2" subj=unconfined key="T1043_Commonly_Used_Port"ARCH=x86_64 SYSCALL=connect AUID="unset" UID="www-data" GID="www-data" EUID="www-data" SUID="www-data" FSUID="www-data" EGID="www-data" SGID="www-data" FSGID="www-data"
type=SOCKADDR msg=audit(1768183406.180:2121): saddr=01002F7661722F72756E2F6D7973716C642F6D7973716C642E736F636BSADDR={ saddr_fam=local path=/var/run/mysqld/mysqld.sock }
type=PATH msg=audit(1768183406.180:2121): item=0 name="/var/run/mysqld/mysqld.sock" inode=1357 dev=00:18 mode=0140777 ouid=111 ogid=111 rdev=00:00 nametype=NORMAL cap_fp=0 cap_fi=0 cap_fe=0 cap_fver=0 cap_frootid=0OUID="mysql" OGID="mysql"
type=PROCTITLE msg=audit(1768183406.180:2121): proctitle=2F7573722F7362696E2F61706163686532002D6B007374617274
type=SYSCALL msg=audit(1768183406.214:2122): arch=c000003e syscall=42 success=yes exit=0 a0=d a1=7fff7fbcaf10 a2=1d a3=1 items=1 ppid=1468 pid=1503 auid=4294967295 uid=33 gid=33 euid=33 suid=33 fsuid=33 egid=33 sgid=33 fsgid=33 tty=(none) ses=4294967295 comm="apache2" exe="/usr/sbin/apache2" subj=unconfined key="T1043_Commonly_Used_Port"ARCH=x86_64 SYSCALL=connect AUID="unset" UID="www-data" GID="www-data" EUID="www-data" SUID="www-data" FSUID="www-data" EGID="www-data" SGID="www-data" FSGID="www-data"
type=SOCKADDR msg=audit(1768183406.214:2122): saddr=01002F7661722F72756E2F6D7973716C642F6D7973716C642E736F636BSADDR={ saddr_fam=local path=/var/run/mysqld/mysqld.sock }
type=PATH msg=audit(1768183406.214:2122): item=0 name="/var/run/mysqld/mysqld.sock" inode=1357 dev=00:18 mode=0140777 ouid=111 ogid=111 rdev=00:00 nametype=NORMAL cap_fp=0 cap_fi=0 cap_fe=0 cap_fver=0 cap_frootid=0OUID="mysql" OGID="mysql"
type=PROCTITLE msg=audit(1768183406.214:2122): proctitle=2F7573722F7362696E2F61706163686532002D6B007374617274
type=SYSCALL msg=audit(1768183406.426:2123): arch=c000003e syscall=106 success=yes exit=0 a0=21 a1=77a23762e4a0 a2=0 a3=22 items=0 ppid=1468 pid=1509 auid=4294967295 uid=0 gid=33 euid=0 suid=0 fsuid=0 egid=33 sgid=33 fsgid=33 tty=(none) ses=4294967295 comm="apache2" exe="/usr/sbin/apache2" subj=unconfined key="T1166_Seuid_and_Setgid"ARCH=x86_64 SYSCALL=setgid AUID="unset" UID="root" GID="www-data" EUID="root" SUID="root" FSUID="root" EGID="www-data" SGID="www-data" FSGID="www-data"
type=PROCTITLE msg=audit(1768183406.426:2123): proctitle=2F7573722F7362696E2F61706163686532002D6B007374617274
type=SYSCALL msg=audit(1768183406.427:2124): arch=c000003e syscall=42 success=yes exit=0 a0=c a1=7fff7fbce3e0 a2=2d a3=55c409b3d970 items=1 ppid=1468 pid=1509 auid=4294967295 uid=0 gid=33 euid=0 suid=0 fsuid=0 egid=33 sgid=33 fsgid=33 tty=(none) ses=4294967295 comm="apache2" exe="/usr/sbin/apache2" subj=unconfined key="T1043_Commonly_Used_Port"ARCH=x86_64 SYSCALL=connect AUID="unset" UID="root" GID="www-data" EUID="root" SUID="root" FSUID="root" EGID="www-data" SGID="www-data" FSGID="www-data"
type=SOCKADDR msg=audit(1768183406.427:2124): saddr=01002F72756E2F73797374656D642F7573657264622F696F2E73797374656D642E44796E616D69635573657200SADDR={ saddr_fam=local path=/run/systemd/userdb/io.systemd.DynamicUser }
type=PATH msg=audit(1768183406.427:2124): item=0 name="/run/systemd/userdb/io.systemd.DynamicUser" inode=443 dev=00:18 mode=0140666 ouid=0 ogid=0 rdev=00:00 nametype=NORMAL cap_fp=0 cap_fi=0 cap_fe=0 cap_fver=0 cap_frootid=0OUID="root" OGID="root"
type=PROCTITLE msg=audit(1768183406.427:2124): proctitle=2F7573722F7362696E2F61706163686532002D6B007374617274
type=SYSCALL msg=audit(1768183406.428:2125): arch=c000003e syscall=105 success=yes exit=0 a0=21 a1=55c4099b5530 a2=55c155f37985 a3=55c4099b5540 items=0 ppid=1468 pid=1509 auid=4294967295 uid=33 gid=33 euid=33 suid=33 fsuid=33 egid=33 sgid=33 fsgid=33 tty=(none) ses=4294967295 comm="apache2" exe="/usr/sbin/apache2" subj=unconfined key="T1166_Seuid_and_Setgid"ARCH=x86_64 SYSCALL=setuid AUID="unset" UID="www-data" GID="www-data" EUID="www-data" SUID="www-data" FSUID="www-data" EGID="www-data" SGID="www-data" FSGID="www-data"
type=PROCTITLE msg=audit(1768183406.428:2125): proctitle=2F7573722F7362696E2F61706163686532002D6B007374617274
type=SYSCALL msg=audit(1768183406.978:2126): arch=c000003e syscall=42 success=yes exit=0 a0=d a1=7fff7fbcaf10 a2=1d a3=1 items=1 ppid=1468 pid=1498 auid=4294967295 uid=33 gid=33 euid=33 suid=33 fsuid=33 egid=33 sgid=33 fsgid=33 tty=(none) ses=4294967295 comm="apache2" exe="/usr/sbin/apache2" subj=unconfined key="T1043_Commonly_Used_Port"ARCH=x86_64 SYSCALL=connect AUID="unset" UID="www-data" GID="www-data" EUID="www-data" SUID="www-data" FSUID="www-data" EGID="www-data" SGID="www-data" FSGID="www-data"
type=SOCKADDR msg=audit(1768183406.978:2126): saddr=01002F7661722F72756E2F6D7973716C642F6D7973716C642E736F636BSADDR={ saddr_fam=local path=/var/run/mysqld/mysqld.sock }
type=PATH msg=audit(1768183406.978:2126): item=0 name="/var/run/mysqld/mysqld.sock" inode=1357 dev=00:18 mode=0140777 ouid=111 ogid=111 rdev=00:00 nametype=NORMAL cap_fp=0 cap_fi=0 cap_fe=0 cap_fver=0 cap_frootid=0OUID="mysql" OGID="mysql"
type=PROCTITLE msg=audit(1768183406.978:2126): proctitle=2F7573722F7362696E2F61706163686532002D6B007374617274
type=SYSCALL msg=audit(1768183407.457:2127): arch=c000003e syscall=106 success=yes exit=0 a0=21 a1=77a23762e4a0 a2=0 a3=22 items=0 ppid=1468 pid=1510 auid=4294967295 uid=0 gid=33 euid=0 suid=0 fsuid=0 egid=33 sgid=33 fsgid=33 tty=(none) ses=4294967295 comm="apache2" exe="/usr/sbin/apache2" subj=unconfined key="T1166_Seuid_and_Setgid"ARCH=x86_64 SYSCALL=setgid AUID="unset" UID="root" GID="www-data" EUID="root" SUID="root" FSUID="root" EGID="www-data" SGID="www-data" FSGID="www-data"
type=PROCTITLE msg=audit(1768183407.457:2127): proctitle=2F7573722F7362696E2F61706163686532002D6B007374617274
type=SYSCALL msg=audit(1768183407.465:2128): arch=c000003e syscall=42 success=yes exit=0 a0=c a1=7fff7fbce3e0 a2=2d a3=55c409b3d970 items=1 ppid=1468 pid=1510 auid=4294967295 uid=0 gid=33 euid=0 suid=0 fsuid=0 egid=33 sgid=33 fsgid=33 tty=(none) ses=4294967295 comm="apache2" exe="/usr/sbin/apache2" subj=unconfined key="T1043_Commonly_Used_Port"ARCH=x86_64 SYSCALL=connect AUID="unset" UID="root" GID="www-data" EUID="root" SUID="root" FSUID="root" EGID="www-data" SGID="www-data" FSGID="www-data"
type=SOCKADDR msg=audit(1768183407.465:2128): saddr=01002F72756E2F73797374656D642F7573657264622F696F2E73797374656D642E44796E616D69635573657200SADDR={ saddr_fam=local path=/run/systemd/userdb/io.systemd.DynamicUser }
type=PATH msg=audit(1768183407.465:2128): item=0 name="/run/systemd/userdb/io.systemd.DynamicUser" inode=443 dev=00:18 mode=0140666 ouid=0 ogid=0 rdev=00:00 nametype=NORMAL cap_fp=0 cap_fi=0 cap_fe=0 cap_fver=0 cap_frootid=0OUID="root" OGID="root"
type=PROCTITLE msg=audit(1768183407.465:2128): proctitle=2F7573722F7362696E2F61706163686532002D6B007374617274
type=SYSCALL msg=audit(1768183407.469:2129): arch=c000003e syscall=105 success=yes exit=0 a0=21 a1=55c4099b5530 a2=55c155f37985 a3=55c4099b5540 items=0 ppid=1468 pid=1510 auid=4294967295 uid=33 gid=33 euid=33 suid=33 fsuid=33 egid=33 sgid=33 fsgid=33 tty=(none) ses=4294967295 comm="apache2" exe="/usr/sbin/apache2" subj=unconfined key="T1166_Seuid_and_Setgid"ARCH=x86_64 SYSCALL=setuid AUID="unset" UID="www-data" GID="www-data" EUID="www-data" SUID="www-data" FSUID="www-data" EGID="www-data" SGID="www-data" FSGID="www-data"
type=PROCTITLE msg=audit(1768183407.469:2129): proctitle=2F7573722F7362696E2F61706163686532002D6B007374617274
type=SYSCALL msg=audit(1768183408.511:2130): arch=c000003e syscall=106 success=yes exit=0 a0=21 a1=77a23762e4a0 a2=0 a3=22 items=0 ppid=1468 pid=1511 auid=4294967295 uid=0 gid=33 euid=0 suid=0 fsuid=0 egid=33 sgid=33 fsgid=33 tty=(none) ses=4294967295 comm="apache2" exe="/usr/sbin/apache2" subj=unconfined key="T1166_Seuid_and_Setgid"ARCH=x86_64 SYSCALL=setgid AUID="unset" UID="root" GID="www-data" EUID="root" SUID="root" FSUID="root" EGID="www-data" SGID="www-data" FSGID="www-data"
type=PROCTITLE msg=audit(1768183408.511:2130): proctitle=2F7573722F7362696E2F61706163686532002D6B007374617274
type=SYSCALL msg=audit(1768183408.527:2131): arch=c000003e syscall=42 success=yes exit=0 a0=c a1=7fff7fbce3e0 a2=2d a3=55c409b3d970 items=1 ppid=1468 pid=1511 auid=4294967295 uid=0 gid=33 euid=0 suid=0 fsuid=0 egid=33 sgid=33 fsgid=33 tty=(none) ses=4294967295 comm="apache2" exe="/usr/sbin/apache2" subj=unconfined key="T1043_Commonly_Used_Port"ARCH=x86_64 SYSCALL=connect AUID="unset" UID="root" GID="www-data" EUID="root" SUID="root" FSUID="root" EGID="www-data" SGID="www-data" FSGID="www-data"
type=SOCKADDR msg=audit(1768183408.527:2131): saddr=01002F72756E2F73797374656D642F7573657264622F696F2E73797374656D642E44796E616D69635573657200SADDR={ saddr_fam=local path=/run/systemd/userdb/io.systemd.DynamicUser }
type=PATH msg=audit(1768183408.527:2131): item=0 name="/run/systemd/userdb/io.systemd.DynamicUser" inode=443 dev=00:18 mode=0140666 ouid=0 ogid=0 rdev=00:00 nametype=NORMAL cap_fp=0 cap_fi=0 cap_fe=0 cap_fver=0 cap_frootid=0OUID="root" OGID="root"
type=PROCTITLE msg=audit(1768183408.527:2131): proctitle=2F7573722F7362696E2F61706163686532002D6B007374617274
type=SYSCALL msg=audit(1768183408.535:2132): arch=c000003e syscall=105 success=yes exit=0 a0=21 a1=55c4099b5530 a2=55c155f37985 a3=55c4099b5540 items=0 ppid=1468 pid=1511 auid=4294967295 uid=33 gid=33 euid=33 suid=33 fsuid=33 egid=33 sgid=33 fsgid=33 tty=(none) ses=4294967295 comm="apache2" exe="/usr/sbin/apache2" subj=unconfined key="T1166_Seuid_and_Setgid"ARCH=x86_64 SYSCALL=setuid AUID="unset" UID="www-data" GID="www-data" EUID="www-data" SUID="www-data" FSUID="www-data" EGID="www-data" SGID="www-data" FSGID="www-data"
type=PROCTITLE msg=audit(1768183408.535:2132): proctitle=2F7573722F7362696E2F61706163686532002D6B007374617274
type=SYSCALL msg=audit(1768183409.520:2133): arch=c000003e syscall=106 success=yes exit=0 a0=21 a1=77a23762e4a0 a2=0 a3=22 items=0 ppid=1468 pid=1512 auid=4294967295 uid=0 gid=33 euid=0 suid=0 fsuid=0 egid=33 sgid=33 fsgid=33 tty=(none) ses=4294967295 comm="apache2" exe="/usr/sbin/apache2" subj=unconfined key="T1166_Seuid_and_Setgid"ARCH=x86_64 SYSCALL=setgid AUID="unset" UID="root" GID="www-data" EUID="root" SUID="root" FSUID="root" EGID="www-data" SGID="www-data" FSGID="www-data"
type=PROCTITLE msg=audit(1768183409.520:2133): proctitle=2F7573722F7362696E2F61706163686532002D6B007374617274
type=SYSCALL msg=audit(1768183409.526:2134): arch=c000003e syscall=42 success=yes exit=0 a0=c a1=7fff7fbce3e0 a2=2d a3=55c409b3d970 items=1 ppid=1468 pid=1512 auid=4294967295 uid=0 gid=33 euid=0 suid=0 fsuid=0 egid=33 sgid=33 fsgid=33 tty=(none) ses=4294967295 comm="apache2" exe="/usr/sbin/apache2" subj=unconfined key="T1043_Commonly_Used_Port"ARCH=x86_64 SYSCALL=connect AUID="unset" UID="root" GID="www-data" EUID="root" SUID="root" FSUID="root" EGID="www-data" SGID="www-data" FSGID="www-data"
type=SOCKADDR msg=audit(1768183409.526:2134): saddr=01002F72756E2F73797374656D642F7573657264622F696F2E73797374656D642E44796E616D69635573657200SADDR={ saddr_fam=local path=/run/systemd/userdb/io.systemd.DynamicUser }
type=PATH msg=audit(1768183409.526:2134): item=0 name="/run/systemd/userdb/io.systemd.DynamicUser" inode=443 dev=00:18 mode=0140666 ouid=0 ogid=0 rdev=00:00 nametype=NORMAL cap_fp=0 cap_fi=0 cap_fe=0 cap_fver=0 cap_frootid=0OUID="root" OGID="root"
type=PROCTITLE msg=audit(1768183409.526:2134): proctitle=2F7573722F7362696E2F61706163686532002D6B007374617274
type=SYSCALL msg=audit(1768183409.527:2135): arch=c000003e syscall=105 success=yes exit=0 a0=21 a1=55c4099b5530 a2=55c155f37985 a3=55c4099b5540 items=0 ppid=1468 pid=1512 auid=4294967295 uid=33 gid=33 euid=33 suid=33 fsuid=33 egid=33 sgid=33 fsgid=33 tty=(none) ses=4294967295 comm="apache2" exe="/usr/sbin/apache2" subj=unconfined key="T1166_Seuid_and_Setgid"ARCH=x86_64 SYSCALL=setuid AUID="unset" UID="www-data" GID="www-data" EUID="www-data" SUID="www-data" FSUID="www-data" EGID="www-data" SGID="www-data" FSGID="www-data"
type=PROCTITLE msg=audit(1768183409.527:2135): proctitle=2F7573722F7362696E2F61706163686532002D6B007374617274
type=SYSCALL msg=audit(1768183409.973:2136): arch=c000003e syscall=42 success=yes exit=0 a0=d a1=7fff7fbcaf10 a2=1d a3=1 items=1 ppid=1468 pid=1498 auid=4294967295 uid=33 gid=33 euid=33 suid=33 fsuid=33 egid=33 sgid=33 fsgid=33 tty=(none) ses=4294967295 comm="apache2" exe="/usr/sbin/apache2" subj=unconfined key="T1043_Commonly_Used_Port"ARCH=x86_64 SYSCALL=connect AUID="unset" UID="www-data" GID="www-data" EUID="www-data" SUID="www-data" FSUID="www-data" EGID="www-data" SGID="www-data" FSGID="www-data"
type=SOCKADDR msg=audit(1768183409.973:2136): saddr=01002F7661722F72756E2F6D7973716C642F6D7973716C642E736F636BSADDR={ saddr_fam=local path=/var/run/mysqld/mysqld.sock }
type=PATH msg=audit(1768183409.973:2136): item=0 name="/var/run/mysqld/mysqld.sock" inode=1357 dev=00:18 mode=0140777 ouid=111 ogid=111 rdev=00:00 nametype=NORMAL cap_fp=0 cap_fi=0 cap_fe=0 cap_fver=0 cap_frootid=0OUID="mysql" OGID="mysql"
type=PROCTITLE msg=audit(1768183409.973:2136): proctitle=2F7573722F7362696E2F61706163686532002D6B007374617274
type=SYSCALL msg=audit(1768183410.569:2137): arch=c000003e syscall=106 success=yes exit=0 a0=21 a1=77a23762e4a0 a2=0 a3=22 items=0 ppid=1468 pid=1513 auid=4294967295 uid=0 gid=33 euid=0 suid=0 fsuid=0 egid=33 sgid=33 fsgid=33 tty=(none) ses=4294967295 comm="apache2" exe="/usr/sbin/apache2" subj=unconfined key="T1166_Seuid_and_Setgid"ARCH=x86_64 SYSCALL=setgid AUID="unset" UID="root" GID="www-data" EUID="root" SUID="root" FSUID="root" EGID="www-data" SGID="www-data" FSGID="www-data"
type=PROCTITLE msg=audit(1768183410.569:2137): proctitle=2F7573722F7362696E2F61706163686532002D6B007374617274
type=SYSCALL msg=audit(1768183410.571:2138): arch=c000003e syscall=42 success=yes exit=0 a0=c a1=7fff7fbce3e0 a2=2d a3=55c409b3d970 items=1 ppid=1468 pid=1513 auid=4294967295 uid=0 gid=33 euid=0 suid=0 fsuid=0 egid=33 sgid=33 fsgid=33 tty=(none) ses=4294967295 comm="apache2" exe="/usr/sbin/apache2" subj=unconfined key="T1043_Commonly_Used_Port"ARCH=x86_64 SYSCALL=connect AUID="unset" UID="root" GID="www-data" EUID="root" SUID="root" FSUID="root" EGID="www-data" SGID="www-data" FSGID="www-data"
type=SOCKADDR msg=audit(1768183410.571:2138): saddr=01002F72756E2F73797374656D642F7573657264622F696F2E73797374656D642E44796E616D69635573657200SADDR={ saddr_fam=local path=/run/systemd/userdb/io.systemd.DynamicUser }
type=PATH msg=audit(1768183410.571:2138): item=0 name="/run/systemd/userdb/io.systemd.DynamicUser" inode=443 dev=00:18 mode=0140666 ouid=0 ogid=0 rdev=00:00 nametype=NORMAL cap_fp=0 cap_fi=0 cap_fe=0 cap_fver=0 cap_frootid=0OUID="root" OGID="root"
type=PROCTITLE msg=audit(1768183410.571:2138): proctitle=2F7573722F7362696E2F61706163686532002D6B007374617274
type=SYSCALL msg=audit(1768183410.573:2139): arch=c000003e syscall=105 success=yes exit=0 a0=21 a1=55c4099b5530 a2=55c155f37985 a3=55c4099b5540 items=0 ppid=1468 pid=1513 auid=4294967295 uid=33 gid=33 euid=33 suid=33 fsuid=33 egid=33 sgid=33 fsgid=33 tty=(none) ses=4294967295 comm="apache2" exe="/usr/sbin/apache2" subj=unconfined key="T1166_Seuid_and_Setgid"ARCH=x86_64 SYSCALL=setuid AUID="unset" UID="www-data" GID="www-data" EUID="www-data" SUID="www-data" FSUID="www-data" EGID="www-data" SGID="www-data" FSGID="www-data"
type=PROCTITLE msg=audit(1768183410.573:2139): proctitle=2F7573722F7362696E2F61706163686532002D6B007374617274
type=SYSCALL msg=audit(1768183412.388:2140): arch=c000003e syscall=42 success=yes exit=0 a0=d a1=7fff7fbcaf10 a2=1d a3=1 items=1 ppid=1468 pid=1498 auid=4294967295 uid=33 gid=33 euid=33 suid=33 fsuid=33 egid=33 sgid=33 fsgid=33 tty=(none) ses=4294967295 comm="apache2" exe="/usr/sbin/apache2" subj=unconfined key="T1043_Commonly_Used_Port"ARCH=x86_64 SYSCALL=connect AUID="unset" UID="www-data" GID="www-data" EUID="www-data" SUID="www-data" FSUID="www-data" EGID="www-data" SGID="www-data" FSGID="www-data"
type=SOCKADDR msg=audit(1768183412.388:2140): saddr=01002F7661722F72756E2F6D7973716C642F6D7973716C642E736F636BSADDR={ saddr_fam=local path=/var/run/mysqld/mysqld.sock }
type=PATH msg=audit(1768183412.388:2140): item=0 name="/var/run/mysqld/mysqld.sock" inode=1357 dev=00:18 mode=0140777 ouid=111 ogid=111 rdev=00:00 nametype=NORMAL cap_fp=0 cap_fi=0 cap_fe=0 cap_fver=0 cap_frootid=0OUID="mysql" OGID="mysql"
type=PROCTITLE msg=audit(1768183412.388:2140): proctitle=2F7573722F7362696E2F61706163686532002D6B007374617274
type=SYSCALL msg=audit(1768183412.805:2141): arch=c000003e syscall=42 success=yes exit=0 a0=d a1=7fff7fbcaf10 a2=1d a3=1 items=1 ppid=1468 pid=1498 auid=4294967295 uid=33 gid=33 euid=33 suid=33 fsuid=33 egid=33 sgid=33 fsgid=33 tty=(none) ses=4294967295 comm="apache2" exe="/usr/sbin/apache2" subj=unconfined key="T1043_Commonly_Used_Port"ARCH=x86_64 SYSCALL=connect AUID="unset" UID="www-data" GID="www-data" EUID="www-data" SUID="www-data" FSUID="www-data" EGID="www-data" SGID="www-data" FSGID="www-data"
type=SOCKADDR msg=audit(1768183412.805:2141): saddr=01002F7661722F72756E2F6D7973716C642F6D7973716C642E736F636BSADDR={ saddr_fam=local path=/var/run/mysqld/mysqld.sock }
type=PATH msg=audit(1768183412.805:2141): item=0 name="/var/run/mysqld/mysqld.sock" inode=1357 dev=00:18 mode=0140777 ouid=111 ogid=111 rdev=00:00 nametype=NORMAL cap_fp=0 cap_fi=0 cap_fe=0 cap_fver=0 cap_frootid=0OUID="mysql" OGID="mysql"
type=PROCTITLE msg=audit(1768183412.805:2141): proctitle=2F7573722F7362696E2F61706163686532002D6B007374617274
type=SYSCALL msg=audit(1768183412.821:2142): arch=c000003e syscall=42 success=yes exit=0 a0=d a1=7fff7fbcaf10 a2=1d a3=1 items=1 ppid=1468 pid=1510 auid=4294967295 uid=33 gid=33 euid=33 suid=33 fsuid=33 egid=33 sgid=33 fsgid=33 tty=(none) ses=4294967295 comm="apache2" exe="/usr/sbin/apache2" subj=unconfined key="T1043_Commonly_Used_Port"ARCH=x86_64 SYSCALL=connect AUID="unset" UID="www-data" GID="www-data" EUID="www-data" SUID="www-data" FSUID="www-data" EGID="www-data" SGID="www-data" FSGID="www-data"
type=SOCKADDR msg=audit(1768183412.821:2142): saddr=01002F7661722F72756E2F6D7973716C642F6D7973716C642E736F636BSADDR={ saddr_fam=local path=/var/run/mysqld/mysqld.sock }
type=PATH msg=audit(1768183412.821:2142): item=0 name="/var/run/mysqld/mysqld.sock" inode=1357 dev=00:18 mode=0140777 ouid=111 ogid=111 rdev=00:00 nametype=NORMAL cap_fp=0 cap_fi=0 cap_fe=0 cap_fver=0 cap_frootid=0OUID="mysql" OGID="mysql"
type=PROCTITLE msg=audit(1768183412.821:2142): proctitle=2F7573722F7362696E2F61706163686532002D6B007374617274
type=SYSCALL msg=audit(1768183412.821:2143): arch=c000003e syscall=42 success=yes exit=0 a0=d a1=7fff7fbcaf10 a2=1d a3=1 items=1 ppid=1468 pid=1513 auid=4294967295 uid=33 gid=33 euid=33 suid=33 fsuid=33 egid=33 sgid=33 fsgid=33 tty=(none) ses=4294967295 comm="apache2" exe="/usr/sbin/apache2" subj=unconfined key="T1043_Commonly_Used_Port"ARCH=x86_64 SYSCALL=connect AUID="unset" UID="www-data" GID="www-data" EUID="www-data" SUID="www-data" FSUID="www-data" EGID="www-data" SGID="www-data" FSGID="www-data"
type=SOCKADDR msg=audit(1768183412.821:2143): saddr=01002F7661722F72756E2F6D7973716C642F6D7973716C642E736F636BSADDR={ saddr_fam=local path=/var/run/mysqld/mysqld.sock }
type=PATH msg=audit(1768183412.821:2143): item=0 name="/var/run/mysqld/mysqld.sock" inode=1357 dev=00:18 mode=0140777 ouid=111 ogid=111 rdev=00:00 nametype=NORMAL cap_fp=0 cap_fi=0 cap_fe=0 cap_fver=0 cap_frootid=0OUID="mysql" OGID="mysql"
type=PROCTITLE msg=audit(1768183412.821:2143): proctitle=2F7573722F7362696E2F61706163686532002D6B007374617274
type=SYSCALL msg=audit(1768183412.826:2144): arch=c000003e syscall=42 success=yes exit=0 a0=d a1=7fff7fbcaf10 a2=1d a3=1 items=1 ppid=1468 pid=1511 auid=4294967295 uid=33 gid=33 euid=33 suid=33 fsuid=33 egid=33 sgid=33 fsgid=33 tty=(none) ses=4294967295 comm="apache2" exe="/usr/sbin/apache2" subj=unconfined key="T1043_Commonly_Used_Port"ARCH=x86_64 SYSCALL=connect AUID="unset" UID="www-data" GID="www-data" EUID="www-data" SUID="www-data" FSUID="www-data" EGID="www-data" SGID="www-data" FSGID="www-data"
type=SOCKADDR msg=audit(1768183412.826:2144): saddr=01002F7661722F72756E2F6D7973716C642F6D7973716C642E736F636BSADDR={ saddr_fam=local path=/var/run/mysqld/mysqld.sock }
type=PATH msg=audit(1768183412.826:2144): item=0 name="/var/run/mysqld/mysqld.sock" inode=1357 dev=00:18 mode=0140777 ouid=111 ogid=111 rdev=00:00 nametype=NORMAL cap_fp=0 cap_fi=0 cap_fe=0 cap_fver=0 cap_frootid=0OUID="mysql" OGID="mysql"
type=PROCTITLE msg=audit(1768183412.826:2144): proctitle=2F7573722F7362696E2F61706163686532002D6B007374617274
type=SYSCALL msg=audit(1768183412.835:2145): arch=c000003e syscall=42 success=yes exit=0 a0=d a1=7fff7fbcaf10 a2=1d a3=1 items=1 ppid=1468 pid=1509 auid=4294967295 uid=33 gid=33 euid=33 suid=33 fsuid=33 egid=33 sgid=33 fsgid=33 tty=(none) ses=4294967295 comm="apache2" exe="/usr/sbin/apache2" subj=unconfined key="T1043_Commonly_Used_Port"ARCH=x86_64 SYSCALL=connect AUID="unset" UID="www-data" GID="www-data" EUID="www-data" SUID="www-data" FSUID="www-data" EGID="www-data" SGID="www-data" FSGID="www-data"
type=SOCKADDR msg=audit(1768183412.835:2145): saddr=01002F7661722F72756E2F6D7973716C642F6D7973716C642E736F636BSADDR={ saddr_fam=local path=/var/run/mysqld/mysqld.sock }
type=PATH msg=audit(1768183412.835:2145): item=0 name="/var/run/mysqld/mysqld.sock" inode=1357 dev=00:18 mode=0140777 ouid=111 ogid=111 rdev=00:00 nametype=NORMAL cap_fp=0 cap_fi=0 cap_fe=0 cap_fver=0 cap_frootid=0OUID="mysql" OGID="mysql"
type=PROCTITLE msg=audit(1768183412.835:2145): proctitle=2F7573722F7362696E2F61706163686532002D6B007374617274
type=SYSCALL msg=audit(1768183412.837:2146): arch=c000003e syscall=42 success=yes exit=0 a0=d a1=7fff7fbcaf10 a2=1d a3=1 items=1 ppid=1468 pid=1512 auid=4294967295 uid=33 gid=33 euid=33 suid=33 fsuid=33 egid=33 sgid=33 fsgid=33 tty=(none) ses=4294967295 comm="apache2" exe="/usr/sbin/apache2" subj=unconfined key="T1043_Commonly_Used_Port"ARCH=x86_64 SYSCALL=connect AUID="unset" UID="www-data" GID="www-data" EUID="www-data" SUID="www-data" FSUID="www-data" EGID="www-data" SGID="www-data" FSGID="www-data"
type=SOCKADDR msg=audit(1768183412.837:2146): saddr=01002F7661722F72756E2F6D7973716C642F6D7973716C642E736F636BSADDR={ saddr_fam=local path=/var/run/mysqld/mysqld.sock }
type=PATH msg=audit(1768183412.837:2146): item=0 name="/var/run/mysqld/mysqld.sock" inode=1357 dev=00:18 mode=0140777 ouid=111 ogid=111 rdev=00:00 nametype=NORMAL cap_fp=0 cap_fi=0 cap_fe=0 cap_fver=0 cap_frootid=0OUID="mysql" OGID="mysql"
type=PROCTITLE msg=audit(1768183412.837:2146): proctitle=2F7573722F7362696E2F61706163686532002D6B007374617274
type=SYSCALL msg=audit(1768183412.916:2147): arch=c000003e syscall=42 success=yes exit=0 a0=d a1=7fff7fbcaf10 a2=1d a3=1 items=1 ppid=1468 pid=1498 auid=4294967295 uid=33 gid=33 euid=33 suid=33 fsuid=33 egid=33 sgid=33 fsgid=33 tty=(none) ses=4294967295 comm="apache2" exe="/usr/sbin/apache2" subj=unconfined key="T1043_Commonly_Used_Port"ARCH=x86_64 SYSCALL=connect AUID="unset" UID="www-data" GID="www-data" EUID="www-data" SUID="www-data" FSUID="www-data" EGID="www-data" SGID="www-data" FSGID="www-data"
type=SOCKADDR msg=audit(1768183412.916:2147): saddr=01002F7661722F72756E2F6D7973716C642F6D7973716C642E736F636BSADDR={ saddr_fam=local path=/var/run/mysqld/mysqld.sock }
type=PATH msg=audit(1768183412.916:2147): item=0 name="/var/run/mysqld/mysqld.sock" inode=1357 dev=00:18 mode=0140777 ouid=111 ogid=111 rdev=00:00 nametype=NORMAL cap_fp=0 cap_fi=0 cap_fe=0 cap_fver=0 cap_frootid=0OUID="mysql" OGID="mysql"
type=PROCTITLE msg=audit(1768183412.916:2147): proctitle=2F7573722F7362696E2F61706163686532002D6B007374617274
type=SYSCALL msg=audit(1768183413.077:2148): arch=c000003e syscall=42 success=yes exit=0 a0=d a1=7fff7fbcaf10 a2=1d a3=1 items=1 ppid=1468 pid=1513 auid=4294967295 uid=33 gid=33 euid=33 suid=33 fsuid=33 egid=33 sgid=33 fsgid=33 tty=(none) ses=4294967295 comm="apache2" exe="/usr/sbin/apache2" subj=unconfined key="T1043_Commonly_Used_Port"ARCH=x86_64 SYSCALL=connect AUID="unset" UID="www-data" GID="www-data" EUID="www-data" SUID="www-data" FSUID="www-data" EGID="www-data" SGID="www-data" FSGID="www-data"
type=SOCKADDR msg=audit(1768183413.077:2148): saddr=01002F7661722F72756E2F6D7973716C642F6D7973716C642E736F636BSADDR={ saddr_fam=local path=/var/run/mysqld/mysqld.sock }
type=PATH msg=audit(1768183413.077:2148): item=0 name="/var/run/mysqld/mysqld.sock" inode=1357 dev=00:18 mode=0140777 ouid=111 ogid=111 rdev=00:00 nametype=NORMAL cap_fp=0 cap_fi=0 cap_fe=0 cap_fver=0 cap_frootid=0OUID="mysql" OGID="mysql"
type=PROCTITLE msg=audit(1768183413.077:2148): proctitle=2F7573722F7362696E2F61706163686532002D6B007374617274
type=SYSCALL msg=audit(1768183413.326:2149): arch=c000003e syscall=42 success=yes exit=0 a0=d a1=7fff7fbcaf10 a2=1d a3=1 items=1 ppid=1468 pid=1513 auid=4294967295 uid=33 gid=33 euid=33 suid=33 fsuid=33 egid=33 sgid=33 fsgid=33 tty=(none) ses=4294967295 comm="apache2" exe="/usr/sbin/apache2" subj=unconfined key="T1043_Commonly_Used_Port"ARCH=x86_64 SYSCALL=connect AUID="unset" UID="www-data" GID="www-data" EUID="www-data" SUID="www-data" FSUID="www-data" EGID="www-data" SGID="www-data" FSGID="www-data"
type=SOCKADDR msg=audit(1768183413.326:2149): saddr=01002F7661722F72756E2F6D7973716C642F6D7973716C642E736F636BSADDR={ saddr_fam=local path=/var/run/mysqld/mysqld.sock }
type=PATH msg=audit(1768183413.326:2149): item=0 name="/var/run/mysqld/mysqld.sock" inode=1357 dev=00:18 mode=0140777 ouid=111 ogid=111 rdev=00:00 nametype=NORMAL cap_fp=0 cap_fi=0 cap_fe=0 cap_fver=0 cap_frootid=0OUID="mysql" OGID="mysql"
type=PROCTITLE msg=audit(1768183413.326:2149): proctitle=2F7573722F7362696E2F61706163686532002D6B007374617274
type=SYSCALL msg=audit(1768183413.363:2150): arch=c000003e syscall=42 success=yes exit=0 a0=d a1=7fff7fbcaf10 a2=1d a3=1 items=1 ppid=1468 pid=1512 auid=4294967295 uid=33 gid=33 euid=33 suid=33 fsuid=33 egid=33 sgid=33 fsgid=33 tty=(none) ses=4294967295 comm="apache2" exe="/usr/sbin/apache2" subj=unconfined key="T1043_Commonly_Used_Port"ARCH=x86_64 SYSCALL=connect AUID="unset" UID="www-data" GID="www-data" EUID="www-data" SUID="www-data" FSUID="www-data" EGID="www-data" SGID="www-data" FSGID="www-data"
type=SOCKADDR msg=audit(1768183413.363:2150): saddr=01002F7661722F72756E2F6D7973716C642F6D7973716C642E736F636BSADDR={ saddr_fam=local path=/var/run/mysqld/mysqld.sock }
type=PATH msg=audit(1768183413.363:2150): item=0 name="/var/run/mysqld/mysqld.sock" inode=1357 dev=00:18 mode=0140777 ouid=111 ogid=111 rdev=00:00 nametype=NORMAL cap_fp=0 cap_fi=0 cap_fe=0 cap_fver=0 cap_frootid=0OUID="mysql" OGID="mysql"
type=PROCTITLE msg=audit(1768183413.363:2150): proctitle=2F7573722F7362696E2F61706163686532002D6B007374617274
type=SYSCALL msg=audit(1768183413.365:2151): arch=c000003e syscall=42 success=yes exit=0 a0=d a1=7fff7fbcaf10 a2=1d a3=1 items=1 ppid=1468 pid=1511 auid=4294967295 uid=33 gid=33 euid=33 suid=33 fsuid=33 egid=33 sgid=33 fsgid=33 tty=(none) ses=4294967295 comm="apache2" exe="/usr/sbin/apache2" subj=unconfined key="T1043_Commonly_Used_Port"ARCH=x86_64 SYSCALL=connect AUID="unset" UID="www-data" GID="www-data" EUID="www-data" SUID="www-data" FSUID="www-data" EGID="www-data" SGID="www-data" FSGID="www-data"
type=SOCKADDR msg=audit(1768183413.365:2151): saddr=01002F7661722F72756E2F6D7973716C642F6D7973716C642E736F636BSADDR={ saddr_fam=local path=/var/run/mysqld/mysqld.sock }
type=PATH msg=audit(1768183413.365:2151): item=0 name="/var/run/mysqld/mysqld.sock" inode=1357 dev=00:18 mode=0140777 ouid=111 ogid=111 rdev=00:00 nametype=NORMAL cap_fp=0 cap_fi=0 cap_fe=0 cap_fver=0 cap_frootid=0OUID="mysql" OGID="mysql"
type=PROCTITLE msg=audit(1768183413.365:2151): proctitle=2F7573722F7362696E2F61706163686532002D6B007374617274
type=SYSCALL msg=audit(1768183414.802:2152): arch=c000003e syscall=42 success=yes exit=0 a0=e a1=7fff7fbcaf10 a2=1d a3=1 items=1 ppid=1468 pid=1509 auid=4294967295 uid=33 gid=33 euid=33 suid=33 fsuid=33 egid=33 sgid=33 fsgid=33 tty=(none) ses=4294967295 comm="apache2" exe="/usr/sbin/apache2" subj=unconfined key="T1043_Commonly_Used_Port"ARCH=x86_64 SYSCALL=connect AUID="unset" UID="www-data" GID="www-data" EUID="www-data" SUID="www-data" FSUID="www-data" EGID="www-data" SGID="www-data" FSGID="www-data"
type=SOCKADDR msg=audit(1768183414.802:2152): saddr=01002F7661722F72756E2F6D7973716C642F6D7973716C642E736F636BSADDR={ saddr_fam=local path=/var/run/mysqld/mysqld.sock }
type=PATH msg=audit(1768183414.802:2152): item=0 name="/var/run/mysqld/mysqld.sock" inode=1357 dev=00:18 mode=0140777 ouid=111 ogid=111 rdev=00:00 nametype=NORMAL cap_fp=0 cap_fi=0 cap_fe=0 cap_fver=0 cap_frootid=0OUID="mysql" OGID="mysql"
type=PROCTITLE msg=audit(1768183414.802:2152): proctitle=2F7573722F7362696E2F61706163686532002D6B007374617274
type=SYSCALL msg=audit(1768183415.147:2153): arch=c000003e syscall=42 success=yes exit=0 a0=e a1=7fff7fbcaf10 a2=1d a3=1 items=1 ppid=1468 pid=1509 auid=4294967295 uid=33 gid=33 euid=33 suid=33 fsuid=33 egid=33 sgid=33 fsgid=33 tty=(none) ses=4294967295 comm="apache2" exe="/usr/sbin/apache2" subj=unconfined key="T1043_Commonly_Used_Port"ARCH=x86_64 SYSCALL=connect AUID="unset" UID="www-data" GID="www-data" EUID="www-data" SUID="www-data" FSUID="www-data" EGID="www-data" SGID="www-data" FSGID="www-data"
type=SOCKADDR msg=audit(1768183415.147:2153): saddr=01002F7661722F72756E2F6D7973716C642F6D7973716C642E736F636BSADDR={ saddr_fam=local path=/var/run/mysqld/mysqld.sock }
type=PATH msg=audit(1768183415.147:2153): item=0 name="/var/run/mysqld/mysqld.sock" inode=1357 dev=00:18 mode=0140777 ouid=111 ogid=111 rdev=00:00 nametype=NORMAL cap_fp=0 cap_fi=0 cap_fe=0 cap_fver=0 cap_frootid=0OUID="mysql" OGID="mysql"
type=PROCTITLE msg=audit(1768183415.147:2153): proctitle=2F7573722F7362696E2F61706163686532002D6B007374617274
type=SYSCALL msg=audit(1768183415.363:2154): arch=c000003e syscall=42 success=yes exit=0 a0=d a1=7fff7fbcaf10 a2=1d a3=1 items=1 ppid=1468 pid=1511 auid=4294967295 uid=33 gid=33 euid=33 suid=33 fsuid=33 egid=33 sgid=33 fsgid=33 tty=(none) ses=4294967295 comm="apache2" exe="/usr/sbin/apache2" subj=unconfined key="T1043_Commonly_Used_Port"ARCH=x86_64 SYSCALL=connect AUID="unset" UID="www-data" GID="www-data" EUID="www-data" SUID="www-data" FSUID="www-data" EGID="www-data" SGID="www-data" FSGID="www-data"
type=SOCKADDR msg=audit(1768183415.363:2154): saddr=01002F7661722F72756E2F6D7973716C642F6D7973716C642E736F636BSADDR={ saddr_fam=local path=/var/run/mysqld/mysqld.sock }
type=PATH msg=audit(1768183415.363:2154): item=0 name="/var/run/mysqld/mysqld.sock" inode=1357 dev=00:18 mode=0140777 ouid=111 ogid=111 rdev=00:00 nametype=NORMAL cap_fp=0 cap_fi=0 cap_fe=0 cap_fver=0 cap_frootid=0OUID="mysql" OGID="mysql"
type=PROCTITLE msg=audit(1768183415.363:2154): proctitle=2F7573722F7362696E2F61706163686532002D6B007374617274
type=SYSCALL msg=audit(1768183415.558:2155): arch=c000003e syscall=59 success=yes exit=0 a0=77a2375cb42f a1=7fff7fbcbc30 a2=7fff7fbcecc8 a3=8 items=2 ppid=1509 pid=1516 auid=4294967295 uid=33 gid=33 euid=33 suid=33 fsuid=33 egid=33 sgid=33 fsgid=33 tty=(none) ses=4294967295 comm="sh" exe="/usr/bin/dash" subj=unconfined key="T1166_Seuid_and_Setgid"ARCH=x86_64 SYSCALL=execve AUID="unset" UID="www-data" GID="www-data" EUID="www-data" SUID="www-data" FSUID="www-data" EGID="www-data" SGID="www-data" FSGID="www-data"
type=EXECVE msg=audit(1768183415.558:2155): argc=4 a0="sh" a1="-c" a2="--" a3=636F6D6D616E64202D76202D2D20276C696272656F666669636527
type=PATH msg=audit(1768183415.558:2155): item=0 name="/bin/sh" inode=1442345 dev=08:02 mode=0100755 ouid=0 ogid=0 rdev=00:00 nametype=NORMAL cap_fp=0 cap_fi=0 cap_fe=0 cap_fver=0 cap_frootid=0OUID="root" OGID="root"
type=PATH msg=audit(1768183415.558:2155): item=1 name="/lib64/ld-linux-x86-64.so.2" inode=1481429 dev=08:02 mode=0100755 ouid=0 ogid=0 rdev=00:00 nametype=NORMAL cap_fp=0 cap_fi=0 cap_fe=0 cap_fver=0 cap_frootid=0OUID="root" OGID="root"
type=PROCTITLE msg=audit(1768183415.558:2155): proctitle=7368002D63002D2D00636F6D6D616E64202D76202D2D20276C696272656F666669636527
type=SYSCALL msg=audit(1768183415.561:2156): arch=c000003e syscall=59 success=yes exit=0 a0=77a2375cb42f a1=7fff7fbcbc30 a2=7fff7fbcecc8 a3=8 items=2 ppid=1509 pid=1517 auid=4294967295 uid=33 gid=33 euid=33 suid=33 fsuid=33 egid=33 sgid=33 fsgid=33 tty=(none) ses=4294967295 comm="sh" exe="/usr/bin/dash" subj=unconfined key="T1166_Seuid_and_Setgid"ARCH=x86_64 SYSCALL=execve AUID="unset" UID="www-data" GID="www-data" EUID="www-data" SUID="www-data" FSUID="www-data" EGID="www-data" SGID="www-data" FSGID="www-data"
type=EXECVE msg=audit(1768183415.561:2156): argc=4 a0="sh" a1="-c" a2="--" a3=636F6D6D616E64202D76202D2D20276F70656E6F666669636527
type=PATH msg=audit(1768183415.561:2156): item=0 name="/bin/sh" inode=1442345 dev=08:02 mode=0100755 ouid=0 ogid=0 rdev=00:00 nametype=NORMAL cap_fp=0 cap_fi=0 cap_fe=0 cap_fver=0 cap_frootid=0OUID="root" OGID="root"
type=PATH msg=audit(1768183415.561:2156): item=1 name="/lib64/ld-linux-x86-64.so.2" inode=1481429 dev=08:02 mode=0100755 ouid=0 ogid=0 rdev=00:00 nametype=NORMAL cap_fp=0 cap_fi=0 cap_fe=0 cap_fver=0 cap_frootid=0OUID="root" OGID="root"
type=PROCTITLE msg=audit(1768183415.561:2156): proctitle=7368002D63002D2D00636F6D6D616E64202D76202D2D20276F70656E6F666669636527
type=SYSCALL msg=audit(1768183415.640:2157): arch=c000003e syscall=42 success=yes exit=0 a0=d a1=7fff7fbcaf10 a2=1d a3=1 items=1 ppid=1468 pid=1509 auid=4294967295 uid=33 gid=33 euid=33 suid=33 fsuid=33 egid=33 sgid=33 fsgid=33 tty=(none) ses=4294967295 comm="apache2" exe="/usr/sbin/apache2" subj=unconfined key="T1043_Commonly_Used_Port"ARCH=x86_64 SYSCALL=connect AUID="unset" UID="www-data" GID="www-data" EUID="www-data" SUID="www-data" FSUID="www-data" EGID="www-data" SGID="www-data" FSGID="www-data"
type=SOCKADDR msg=audit(1768183415.640:2157): saddr=01002F7661722F72756E2F6D7973716C642F6D7973716C642E736F636BSADDR={ saddr_fam=local path=/var/run/mysqld/mysqld.sock }
type=PATH msg=audit(1768183415.640:2157): item=0 name="/var/run/mysqld/mysqld.sock" inode=1357 dev=00:18 mode=0140777 ouid=111 ogid=111 rdev=00:00 nametype=NORMAL cap_fp=0 cap_fi=0 cap_fe=0 cap_fver=0 cap_frootid=0OUID="mysql" OGID="mysql"
type=PROCTITLE msg=audit(1768183415.640:2157): proctitle=2F7573722F7362696E2F61706163686532002D6B007374617274
type=SYSCALL msg=audit(1768183415.677:2158): arch=c000003e syscall=42 success=yes exit=0 a0=d a1=7fff7fbcaf10 a2=1d a3=1 items=1 ppid=1468 pid=1511 auid=4294967295 uid=33 gid=33 euid=33 suid=33 fsuid=33 egid=33 sgid=33 fsgid=33 tty=(none) ses=4294967295 comm="apache2" exe="/usr/sbin/apache2" subj=unconfined key="T1043_Commonly_Used_Port"ARCH=x86_64 SYSCALL=connect AUID="unset" UID="www-data" GID="www-data" EUID="www-data" SUID="www-data" FSUID="www-data" EGID="www-data" SGID="www-data" FSGID="www-data"
type=SOCKADDR msg=audit(1768183415.677:2158): saddr=01002F7661722F72756E2F6D7973716C642F6D7973716C642E736F636BSADDR={ saddr_fam=local path=/var/run/mysqld/mysqld.sock }
type=PATH msg=audit(1768183415.677:2158): item=0 name="/var/run/mysqld/mysqld.sock" inode=1357 dev=00:18 mode=0140777 ouid=111 ogid=111 rdev=00:00 nametype=NORMAL cap_fp=0 cap_fi=0 cap_fe=0 cap_fver=0 cap_frootid=0OUID="mysql" OGID="mysql"
type=PROCTITLE msg=audit(1768183415.677:2158): proctitle=2F7573722F7362696E2F61706163686532002D6B007374617274
type=SYSCALL msg=audit(1768183415.714:2159): arch=c000003e syscall=42 success=yes exit=0 a0=e a1=7fff7fbcaf10 a2=1d a3=1 items=1 ppid=1468 pid=1498 auid=4294967295 uid=33 gid=33 euid=33 suid=33 fsuid=33 egid=33 sgid=33 fsgid=33 tty=(none) ses=4294967295 comm="apache2" exe="/usr/sbin/apache2" subj=unconfined key="T1043_Commonly_Used_Port"ARCH=x86_64 SYSCALL=connect AUID="unset" UID="www-data" GID="www-data" EUID="www-data" SUID="www-data" FSUID="www-data" EGID="www-data" SGID="www-data" FSGID="www-data"
type=SOCKADDR msg=audit(1768183415.714:2159): saddr=01002F7661722F72756E2F6D7973716C642F6D7973716C642E736F636BSADDR={ saddr_fam=local path=/var/run/mysqld/mysqld.sock }
type=PATH msg=audit(1768183415.714:2159): item=0 name="/var/run/mysqld/mysqld.sock" inode=1357 dev=00:18 mode=0140777 ouid=111 ogid=111 rdev=00:00 nametype=NORMAL cap_fp=0 cap_fi=0 cap_fe=0 cap_fver=0 cap_frootid=0OUID="mysql" OGID="mysql"
type=PROCTITLE msg=audit(1768183415.714:2159): proctitle=2F7573722F7362696E2F61706163686532002D6B007374617274
type=SYSCALL msg=audit(1768183415.756:2160): arch=c000003e syscall=42 success=yes exit=0 a0=d a1=7fff7fbcaf10 a2=1d a3=1 items=1 ppid=1468 pid=1510 auid=4294967295 uid=33 gid=33 euid=33 suid=33 fsuid=33 egid=33 sgid=33 fsgid=33 tty=(none) ses=4294967295 comm="apache2" exe="/usr/sbin/apache2" subj=unconfined key="T1043_Commonly_Used_Port"ARCH=x86_64 SYSCALL=connect AUID="unset" UID="www-data" GID="www-data" EUID="www-data" SUID="www-data" FSUID="www-data" EGID="www-data" SGID="www-data" FSGID="www-data"
type=SOCKADDR msg=audit(1768183415.756:2160): saddr=01002F7661722F72756E2F6D7973716C642F6D7973716C642E736F636BSADDR={ saddr_fam=local path=/var/run/mysqld/mysqld.sock }
type=PATH msg=audit(1768183415.756:2160): item=0 name="/var/run/mysqld/mysqld.sock" inode=1357 dev=00:18 mode=0140777 ouid=111 ogid=111 rdev=00:00 nametype=NORMAL cap_fp=0 cap_fi=0 cap_fe=0 cap_fver=0 cap_frootid=0OUID="mysql" OGID="mysql"
type=PROCTITLE msg=audit(1768183415.756:2160): proctitle=2F7573722F7362696E2F61706163686532002D6B007374617274
type=SYSCALL msg=audit(1768183416.093:2161): arch=c000003e syscall=42 success=yes exit=0 a0=d a1=7fff7fbcaf10 a2=1d a3=1 items=1 ppid=1468 pid=1513 auid=4294967295 uid=33 gid=33 euid=33 suid=33 fsuid=33 egid=33 sgid=33 fsgid=33 tty=(none) ses=4294967295 comm="apache2" exe="/usr/sbin/apache2" subj=unconfined key="T1043_Commonly_Used_Port"ARCH=x86_64 SYSCALL=connect AUID="unset" UID="www-data" GID="www-data" EUID="www-data" SUID="www-data" FSUID="www-data" EGID="www-data" SGID="www-data" FSGID="www-data"
type=SOCKADDR msg=audit(1768183416.093:2161): saddr=01002F7661722F72756E2F6D7973716C642F6D7973716C642E736F636BSADDR={ saddr_fam=local path=/var/run/mysqld/mysqld.sock }
type=PATH msg=audit(1768183416.093:2161): item=0 name="/var/run/mysqld/mysqld.sock" inode=1357 dev=00:18 mode=0140777 ouid=111 ogid=111 rdev=00:00 nametype=NORMAL cap_fp=0 cap_fi=0 cap_fe=0 cap_fver=0 cap_frootid=0OUID="mysql" OGID="mysql"
type=PROCTITLE msg=audit(1768183416.093:2161): proctitle=2F7573722F7362696E2F61706163686532002D6B007374617274
type=SYSCALL msg=audit(1768183416.115:2162): arch=c000003e syscall=42 success=yes exit=0 a0=d a1=7fff7fbcaf10 a2=1d a3=1 items=1 ppid=1468 pid=1498 auid=4294967295 uid=33 gid=33 euid=33 suid=33 fsuid=33 egid=33 sgid=33 fsgid=33 tty=(none) ses=4294967295 comm="apache2" exe="/usr/sbin/apache2" subj=unconfined key="T1043_Commonly_Used_Port"ARCH=x86_64 SYSCALL=connect AUID="unset" UID="www-data" GID="www-data" EUID="www-data" SUID="www-data" FSUID="www-data" EGID="www-data" SGID="www-data" FSGID="www-data"
type=SOCKADDR msg=audit(1768183416.115:2162): saddr=01002F7661722F72756E2F6D7973716C642F6D7973716C642E736F636BSADDR={ saddr_fam=local path=/var/run/mysqld/mysqld.sock }
type=PATH msg=audit(1768183416.115:2162): item=0 name="/var/run/mysqld/mysqld.sock" inode=1357 dev=00:18 mode=0140777 ouid=111 ogid=111 rdev=00:00 nametype=NORMAL cap_fp=0 cap_fi=0 cap_fe=0 cap_fver=0 cap_frootid=0OUID="mysql" OGID="mysql"
type=PROCTITLE msg=audit(1768183416.115:2162): proctitle=2F7573722F7362696E2F61706163686532002D6B007374617274
type=SYSCALL msg=audit(1768183416.115:2163): arch=c000003e syscall=42 success=yes exit=0 a0=d a1=7fff7fbcaf10 a2=1d a3=1 items=1 ppid=1468 pid=1510 auid=4294967295 uid=33 gid=33 euid=33 suid=33 fsuid=33 egid=33 sgid=33 fsgid=33 tty=(none) ses=4294967295 comm="apache2" exe="/usr/sbin/apache2" subj=unconfined key="T1043_Commonly_Used_Port"ARCH=x86_64 SYSCALL=connect AUID="unset" UID="www-data" GID="www-data" EUID="www-data" SUID="www-data" FSUID="www-data" EGID="www-data" SGID="www-data" FSGID="www-data"
type=SOCKADDR msg=audit(1768183416.115:2163): saddr=01002F7661722F72756E2F6D7973716C642F6D7973716C642E736F636BSADDR={ saddr_fam=local path=/var/run/mysqld/mysqld.sock }
type=PATH msg=audit(1768183416.115:2163): item=0 name="/var/run/mysqld/mysqld.sock" inode=1357 dev=00:18 mode=0140777 ouid=111 ogid=111 rdev=00:00 nametype=NORMAL cap_fp=0 cap_fi=0 cap_fe=0 cap_fver=0 cap_frootid=0OUID="mysql" OGID="mysql"
type=PROCTITLE msg=audit(1768183416.115:2163): proctitle=2F7573722F7362696E2F61706163686532002D6B007374617274
type=SYSCALL msg=audit(1768183416.528:2164): arch=c000003e syscall=42 success=yes exit=0 a0=d a1=7fff7fbcaf10 a2=1d a3=1 items=1 ppid=1468 pid=1510 auid=4294967295 uid=33 gid=33 euid=33 suid=33 fsuid=33 egid=33 sgid=33 fsgid=33 tty=(none) ses=4294967295 comm="apache2" exe="/usr/sbin/apache2" subj=unconfined key="T1043_Commonly_Used_Port"ARCH=x86_64 SYSCALL=connect AUID="unset" UID="www-data" GID="www-data" EUID="www-data" SUID="www-data" FSUID="www-data" EGID="www-data" SGID="www-data" FSGID="www-data"
type=SOCKADDR msg=audit(1768183416.528:2164): saddr=01002F7661722F72756E2F6D7973716C642F6D7973716C642E736F636BSADDR={ saddr_fam=local path=/var/run/mysqld/mysqld.sock }
type=PATH msg=audit(1768183416.528:2164): item=0 name="/var/run/mysqld/mysqld.sock" inode=1357 dev=00:18 mode=0140777 ouid=111 ogid=111 rdev=00:00 nametype=NORMAL cap_fp=0 cap_fi=0 cap_fe=0 cap_fver=0 cap_frootid=0OUID="mysql" OGID="mysql"
type=PROCTITLE msg=audit(1768183416.528:2164): proctitle=2F7573722F7362696E2F61706163686532002D6B007374617274
type=SYSCALL msg=audit(1768183416.539:2165): arch=c000003e syscall=42 success=yes exit=0 a0=d a1=7fff7fbcaf10 a2=1d a3=1 items=1 ppid=1468 pid=1498 auid=4294967295 uid=33 gid=33 euid=33 suid=33 fsuid=33 egid=33 sgid=33 fsgid=33 tty=(none) ses=4294967295 comm="apache2" exe="/usr/sbin/apache2" subj=unconfined key="T1043_Commonly_Used_Port"ARCH=x86_64 SYSCALL=connect AUID="unset" UID="www-data" GID="www-data" EUID="www-data" SUID="www-data" FSUID="www-data" EGID="www-data" SGID="www-data" FSGID="www-data"
type=SOCKADDR msg=audit(1768183416.539:2165): saddr=01002F7661722F72756E2F6D7973716C642F6D7973716C642E736F636BSADDR={ saddr_fam=local path=/var/run/mysqld/mysqld.sock }
type=PATH msg=audit(1768183416.539:2165): item=0 name="/var/run/mysqld/mysqld.sock" inode=1357 dev=00:18 mode=0140777 ouid=111 ogid=111 rdev=00:00 nametype=NORMAL cap_fp=0 cap_fi=0 cap_fe=0 cap_fver=0 cap_frootid=0OUID="mysql" OGID="mysql"
type=PROCTITLE msg=audit(1768183416.539:2165): proctitle=2F7573722F7362696E2F61706163686532002D6B007374617274
type=SYSCALL msg=audit(1768183416.546:2166): arch=c000003e syscall=42 success=yes exit=0 a0=d a1=7fff7fbcaf10 a2=1d a3=1 items=1 ppid=1468 pid=1511 auid=4294967295 uid=33 gid=33 euid=33 suid=33 fsuid=33 egid=33 sgid=33 fsgid=33 tty=(none) ses=4294967295 comm="apache2" exe="/usr/sbin/apache2" subj=unconfined key="T1043_Commonly_Used_Port"ARCH=x86_64 SYSCALL=connect AUID="unset" UID="www-data" GID="www-data" EUID="www-data" SUID="www-data" FSUID="www-data" EGID="www-data" SGID="www-data" FSGID="www-data"
type=SYSCALL msg=audit(1768183416.549:2167): arch=c000003e syscall=42 success=yes exit=0 a0=d a1=7fff7fbcaf10 a2=1d a3=1 items=1 ppid=1468 pid=1513 auid=4294967295 uid=33 gid=33 euid=33 suid=33 fsuid=33 egid=33 sgid=33 fsgid=33 tty=(none) ses=4294967295 comm="apache2" exe="/usr/sbin/apache2" subj=unconfined key="T1043_Commonly_Used_Port"ARCH=x86_64 SYSCALL=connect AUID="unset" UID="www-data" GID="www-data" EUID="www-data" SUID="www-data" FSUID="www-data" EGID="www-data" SGID="www-data" FSGID="www-data"
type=SOCKADDR msg=audit(1768183416.549:2167): saddr=01002F7661722F72756E2F6D7973716C642F6D7973716C642E736F636BSADDR={ saddr_fam=local path=/var/run/mysqld/mysqld.sock }
type=PATH msg=audit(1768183416.549:2167): item=0 name="/var/run/mysqld/mysqld.sock" inode=1357 dev=00:18 mode=0140777 ouid=111 ogid=111 rdev=00:00 nametype=NORMAL cap_fp=0 cap_fi=0 cap_fe=0 cap_fver=0 cap_frootid=0OUID="mysql" OGID="mysql"
type=PROCTITLE msg=audit(1768183416.549:2167): proctitle=2F7573722F7362696E2F61706163686532002D6B007374617274
type=SOCKADDR msg=audit(1768183416.546:2166): saddr=01002F7661722F72756E2F6D7973716C642F6D7973716C642E736F636BSADDR={ saddr_fam=local path=/var/run/mysqld/mysqld.sock }
type=PATH msg=audit(1768183416.546:2166): item=0 name="/var/run/mysqld/mysqld.sock" inode=1357 dev=00:18 mode=0140777 ouid=111 ogid=111 rdev=00:00 nametype=NORMAL cap_fp=0 cap_fi=0 cap_fe=0 cap_fver=0 cap_frootid=0OUID="mysql" OGID="mysql"
type=PROCTITLE msg=audit(1768183416.546:2166): proctitle=2F7573722F7362696E2F61706163686532002D6B007374617274
type=SYSCALL msg=audit(1768183416.762:2168): arch=c000003e syscall=42 success=yes exit=0 a0=d a1=7fff7fbcaf10 a2=1d a3=1 items=1 ppid=1468 pid=1513 auid=4294967295 uid=33 gid=33 euid=33 suid=33 fsuid=33 egid=33 sgid=33 fsgid=33 tty=(none) ses=4294967295 comm="apache2" exe="/usr/sbin/apache2" subj=unconfined key="T1043_Commonly_Used_Port"ARCH=x86_64 SYSCALL=connect AUID="unset" UID="www-data" GID="www-data" EUID="www-data" SUID="www-data" FSUID="www-data" EGID="www-data" SGID="www-data" FSGID="www-data"
type=SOCKADDR msg=audit(1768183416.762:2168): saddr=01002F7661722F72756E2F6D7973716C642F6D7973716C642E736F636BSADDR={ saddr_fam=local path=/var/run/mysqld/mysqld.sock }
type=PATH msg=audit(1768183416.762:2168): item=0 name="/var/run/mysqld/mysqld.sock" inode=1357 dev=00:18 mode=0140777 ouid=111 ogid=111 rdev=00:00 nametype=NORMAL cap_fp=0 cap_fi=0 cap_fe=0 cap_fver=0 cap_frootid=0OUID="mysql" OGID="mysql"
type=PROCTITLE msg=audit(1768183416.762:2168): proctitle=2F7573722F7362696E2F61706163686532002D6B007374617274
type=SYSCALL msg=audit(1768183418.923:2169): arch=c000003e syscall=42 success=no exit=-115 a0=b a1=77a237631e20 a2=1c a3=77a237418eb0 items=0 ppid=1 pid=1468 auid=4294967295 uid=0 gid=0 euid=0 suid=0 fsuid=0 egid=0 sgid=0 fsgid=0 tty=(none) ses=4294967295 comm="apache2" exe="/usr/sbin/apache2" subj=unconfined key="T1043_Commonly_Used_Port"ARCH=x86_64 SYSCALL=connect AUID="unset" UID="root" GID="root" EUID="root" SUID="root" FSUID="root" EGID="root" SGID="root" FSGID="root"
type=SOCKADDR msg=audit(1768183418.923:2169): saddr=0A000050000000000000000000000000000000000000000000000000SADDR={ saddr_fam=inet6 laddr=:: lport=80 }
type=PROCTITLE msg=audit(1768183418.923:2169): proctitle=2F7573722F7362696E2F61706163686532002D6B007374617274
type=SYSCALL msg=audit(1768183421.456:2170): arch=c000003e syscall=59 success=yes exit=0 a0=5c666e18c5d0 a1=5c666e18bf20 a2=5c666e045cc0 a3=5c666e18c6c0 items=2 ppid=1426 pid=1519 auid=1000 uid=0 gid=0 euid=0 suid=0 fsuid=0 egid=0 sgid=0 fsgid=0 tty=pts1 ses=3 comm="tail" exe="/usr/bin/tail" subj=unconfined key="T1078_Valid_Accounts"ARCH=x86_64 SYSCALL=execve AUID="vboxuser" UID="root" GID="root" EUID="root" SUID="root" FSUID="root" EGID="root" SGID="root" FSGID="root"
type=EXECVE msg=audit(1768183421.456:2170): argc=4 a0="tail" a1="-c" a2="+10413343" a3="/var/www/nextcloud/data/nextcloud.log"
type=PATH msg=audit(1768183421.456:2170): item=0 name="/usr/bin/tail" inode=1442904 dev=08:02 mode=0100755 ouid=0 ogid=0 rdev=00:00 nametype=NORMAL cap_fp=0 cap_fi=0 cap_fe=0 cap_fver=0 cap_frootid=0OUID="root" OGID="root"
type=PATH msg=audit(1768183421.456:2170): item=1 name="/lib64/ld-linux-x86-64.so.2" inode=1481429 dev=08:02 mode=0100755 ouid=0 ogid=0 rdev=00:00 nametype=NORMAL cap_fp=0 cap_fi=0 cap_fe=0 cap_fver=0 cap_frootid=0OUID="root" OGID="root"
type=PROCTITLE msg=audit(1768183421.456:2170): proctitle=7461696C002D63002B3130343133333433002F7661722F7777772F6E657874636C6F75642F646174612F6E657874636C6F75642E6C6F67
type=SYSCALL msg=audit(1768183421.598:2171): arch=c000003e syscall=59 success=yes exit=0 a0=5c666e18c730 a1=5c666e18be90 a2=5c666e045cc0 a3=5c666e18c4b0 items=2 ppid=1426 pid=1520 auid=1000 uid=0 gid=0 euid=0 suid=0 fsuid=0 egid=0 sgid=0 fsgid=0 tty=pts1 ses=3 comm="tail" exe="/usr/bin/tail" subj=unconfined key="T1078_Valid_Accounts"ARCH=x86_64 SYSCALL=execve AUID="vboxuser" UID="root" GID="root" EUID="root" SUID="root" FSUID="root" EGID="root" SGID="root" FSGID="root"
type=EXECVE msg=audit(1768183421.598:2171): argc=4 a0="tail" a1="-c" a2="+23841" a3="/var/log/syslog"
type=PATH msg=audit(1768183421.598:2171): item=0 name="/usr/bin/tail" inode=1442904 dev=08:02 mode=0100755 ouid=0 ogid=0 rdev=00:00 nametype=NORMAL cap_fp=0 cap_fi=0 cap_fe=0 cap_fver=0 cap_frootid=0OUID="root" OGID="root"
type=PATH msg=audit(1768183421.598:2171): item=1 name="/lib64/ld-linux-x86-64.so.2" inode=1481429 dev=08:02 mode=0100755 ouid=0 ogid=0 rdev=00:00 nametype=NORMAL cap_fp=0 cap_fi=0 cap_fe=0 cap_fver=0 cap_frootid=0OUID="root" OGID="root"
type=PROCTITLE msg=audit(1768183421.598:2171): proctitle=7461696C002D63002B3233383431002F7661722F6C6F672F7379736C6F67
type=SYSCALL msg=audit(1768183421.689:2172): arch=c000003e syscall=59 success=yes exit=0 a0=5c666e18c1b0 a1=5c666e18be90 a2=5c666e045cc0 a3=5c666e18c450 items=2 ppid=1426 pid=1521 auid=1000 uid=0 gid=0 euid=0 suid=0 fsuid=0 egid=0 sgid=0 fsgid=0 tty=pts1 ses=3 comm="tail" exe="/usr/bin/tail" subj=unconfined key="T1078_Valid_Accounts"ARCH=x86_64 SYSCALL=execve AUID="vboxuser" UID="root" GID="root" EUID="root" SUID="root" FSUID="root" EGID="root" SGID="root" FSGID="root"
type=EXECVE msg=audit(1768183421.689:2172): argc=4 a0="tail" a1="-c" a2="+3581" a3="/var/log/auth.log"
type=PATH msg=audit(1768183421.689:2172): item=0 name="/usr/bin/tail" inode=1442904 dev=08:02 mode=0100755 ouid=0 ogid=0 rdev=00:00 nametype=NORMAL cap_fp=0 cap_fi=0 cap_fe=0 cap_fver=0 cap_frootid=0OUID="root" OGID="root"
type=PATH msg=audit(1768183421.689:2172): item=1 name="/lib64/ld-linux-x86-64.so.2" inode=1481429 dev=08:02 mode=0100755 ouid=0 ogid=0 rdev=00:00 nametype=NORMAL cap_fp=0 cap_fi=0 cap_fe=0 cap_fver=0 cap_frootid=0OUID="root" OGID="root"
type=PROCTITLE msg=audit(1768183421.689:2172): proctitle=7461696C002D63002B33353831002F7661722F6C6F672F617574682E6C6F67
type=SYSCALL msg=audit(1768183421.792:2173): arch=c000003e syscall=59 success=yes exit=0 a0=5c666e0618b0 a1=5c666e18bf20 a2=5c666e045cc0 a3=5c666e18b640 items=2 ppid=1426 pid=1522 auid=1000 uid=0 gid=0 euid=0 suid=0 fsuid=0 egid=0 sgid=0 fsgid=0 tty=pts1 ses=3 comm="tail" exe="/usr/bin/tail" subj=unconfined key="T1078_Valid_Accounts"ARCH=x86_64 SYSCALL=execve AUID="vboxuser" UID="root" GID="root" EUID="root" SUID="root" FSUID="root" EGID="root" SGID="root" FSGID="root"
type=EXECVE msg=audit(1768183421.792:2173): argc=4 a0="tail" a1="-c" a2="+150055887" a3="/var/log/audit/audit.log"
type=PATH msg=audit(1768183421.792:2173): item=0 name="/usr/bin/tail" inode=1442904 dev=08:02 mode=0100755 ouid=0 ogid=0 rdev=00:00 nametype=NORMAL cap_fp=0 cap_fi=0 cap_fe=0 cap_fver=0 cap_frootid=0OUID="root" OGID="root"
type=PATH msg=audit(1768183421.792:2173): item=1 name="/lib64/ld-linux-x86-64.so.2" inode=1481429 dev=08:02 mode=0100755 ouid=0 ogid=0 rdev=00:00 nametype=NORMAL cap_fp=0 cap_fi=0 cap_fe=0 cap_fver=0 cap_frootid=0OUID="root" OGID="root"
type=PROCTITLE msg=audit(1768183421.792:2173): proctitle=7461696C002D63002B313530303535383837002F7661722F6C6F672F61756469742F61756469742E6C6F67
type=SYSCALL msg=audit(1768183421.798:2174): arch=c000003e syscall=257 success=yes exit=3 a0=ffffff9c a1=7fff1308e6c3 a2=0 a3=0 items=1 ppid=1426 pid=1522 auid=1000 uid=0 gid=0 euid=0 suid=0 fsuid=0 egid=0 sgid=0 fsgid=0 tty=pts1 ses=3 comm="tail" exe="/usr/bin/tail" subj=unconfined key="auditlog"ARCH=x86_64 SYSCALL=openat AUID="vboxuser" UID="root" GID="root" EUID="root" SUID="root" FSUID="root" EGID="root" SGID="root" FSGID="root"
type=PATH msg=audit(1768183421.798:2174): item=0 name="/var/log/audit/audit.log" inode=659339 dev=08:02 mode=0100640 ouid=0 ogid=4 rdev=00:00 nametype=NORMAL cap_fp=0 cap_fi=0 cap_fe=0 cap_fver=0 cap_frootid=0OUID="root" OGID="adm"
type=PROCTITLE msg=audit(1768183421.798:2174): proctitle=7461696C002D63002B313530303535383837002F7661722F6C6F672F61756469742F61756469742E6C6F67type=SERVICE_STOP msg=audit(1768173868.493:1769): pid=1 uid=0 auid=4294967295 ses=4294967295 subj=unconfined msg='unit=systemd-timedated comm="systemd" exe="/usr/lib/systemd/systemd" hostname=? addr=? terminal=? res=success'UID="root" AUID="unset"
type=BPF msg=audit(1768173868.497:1770): prog-id=24 op=UNLOAD
type=BPF msg=audit(1768173868.497:1771): prog-id=23 op=UNLOAD
type=BPF msg=audit(1768173868.497:1772): prog-id=22 op=UNLOAD
type=SYSCALL msg=audit(1768173869.390:1773): arch=c000003e syscall=42 success=yes exit=0 a0=d a1=70b5225ffd8c a2=10 a3=70b5225f71b4 items=0 ppid=1 pid=422 auid=4294967295 uid=997 gid=997 euid=997 suid=997 fsuid=997 egid=997 sgid=997 fsgid=997 tty=(none) ses=4294967295 comm="sd-resolve" exe="/usr/lib/systemd/systemd-timesyncd" subj=unconfined key="T1043_Commonly_Used_Port"ARCH=x86_64 SYSCALL=connect AUID="unset" UID="systemd-timesync" GID="systemd-timesync" EUID="systemd-timesync" SUID="systemd-timesync" FSUID="systemd-timesync" EGID="systemd-timesync" SGID="systemd-timesync" FSGID="systemd-timesync"
type=SOCKADDR msg=audit(1768173869.390:1773): saddr=020000357F0000350000000000000000SADDR={ saddr_fam=inet laddr=127.0.0.53 lport=53 }
type=PROCTITLE msg=audit(1768173869.390:1773): proctitle="/usr/lib/systemd/systemd-timesyncd"
type=SYSCALL msg=audit(1768173869.428:1774): arch=c000003e syscall=42 success=yes exit=0 a0=d a1=70b51c000f40 a2=10 a3=0 items=0 ppid=1 pid=422 auid=4294967295 uid=997 gid=997 euid=997 suid=997 fsuid=997 egid=997 sgid=997 fsgid=997 tty=(none) ses=4294967295 comm="sd-resolve" exe="/usr/lib/systemd/systemd-timesyncd" subj=unconfined key="T1043_Commonly_Used_Port"ARCH=x86_64 SYSCALL=connect AUID="unset" UID="systemd-timesync" GID="systemd-timesync" EUID="systemd-timesync" SUID="systemd-timesync" FSUID="systemd-timesync" EGID="systemd-timesync" SGID="systemd-timesync" FSGID="systemd-timesync"
type=SOCKADDR msg=audit(1768173869.428:1774): saddr=0200007BA29FC8010000000000000000SADDR={ saddr_fam=inet laddr=162.159.200.1 lport=123 }
type=PROCTITLE msg=audit(1768173869.428:1774): proctitle="/usr/lib/systemd/systemd-timesyncd"
type=SYSCALL msg=audit(1768173869.429:1775): arch=c000003e syscall=42 success=yes exit=0 a0=d a1=70b5225f90a0 a2=10 a3=0 items=0 ppid=1 pid=422 auid=4294967295 uid=997 gid=997 euid=997 suid=997 fsuid=997 egid=997 sgid=997 fsgid=997 tty=(none) ses=4294967295 comm="sd-resolve" exe="/usr/lib/systemd/systemd-timesyncd" subj=unconfined key="T1043_Commonly_Used_Port"ARCH=x86_64 SYSCALL=connect AUID="unset" UID="systemd-timesync" GID="systemd-timesync" EUID="systemd-timesync" SUID="systemd-timesync" FSUID="systemd-timesync" EGID="systemd-timesync" SGID="systemd-timesync" FSGID="systemd-timesync"
type=SOCKADDR msg=audit(1768173869.429:1775): saddr=00000000000000000000000000000000SADDR=unknown-family(0)
type=PROCTITLE msg=audit(1768173869.429:1775): proctitle="/usr/lib/systemd/systemd-timesyncd"
type=SYSCALL msg=audit(1768173869.429:1776): arch=c000003e syscall=42 success=yes exit=0 a0=d a1=70b51c000f90 a2=10 a3=0 items=0 ppid=1 pid=422 auid=4294967295 uid=997 gid=997 euid=997 suid=997 fsuid=997 egid=997 sgid=997 fsgid=997 tty=(none) ses=4294967295 comm="sd-resolve" exe="/usr/lib/systemd/systemd-timesyncd" subj=unconfined key="T1043_Commonly_Used_Port"ARCH=x86_64 SYSCALL=connect AUID="unset" UID="systemd-timesync" GID="systemd-timesync" EUID="systemd-timesync" SUID="systemd-timesync" FSUID="systemd-timesync" EGID="systemd-timesync" SGID="systemd-timesync" FSGID="systemd-timesync"
type=SOCKADDR msg=audit(1768173869.429:1776): saddr=0200007B97EC1E470000000000000000SADDR={ saddr_fam=inet laddr=151.236.30.71 lport=123 }
type=PROCTITLE msg=audit(1768173869.429:1776): proctitle="/usr/lib/systemd/systemd-timesyncd"
type=SYSCALL msg=audit(1768173869.429:1777): arch=c000003e syscall=42 success=yes exit=0 a0=d a1=70b5225f90a0 a2=10 a3=0 items=0 ppid=1 pid=422 auid=4294967295 uid=997 gid=997 euid=997 suid=997 fsuid=997 egid=997 sgid=997 fsgid=997 tty=(none) ses=4294967295 comm="sd-resolve" exe="/usr/lib/systemd/systemd-timesyncd" subj=unconfined key="T1043_Commonly_Used_Port"ARCH=x86_64 SYSCALL=connect AUID="unset" UID="systemd-timesync" GID="systemd-timesync" EUID="systemd-timesync" SUID="systemd-timesync" FSUID="systemd-timesync" EGID="systemd-timesync" SGID="systemd-timesync" FSGID="systemd-timesync"
type=SOCKADDR msg=audit(1768173869.429:1777): saddr=00000000000000000000000000000000SADDR=unknown-family(0)
type=PROCTITLE msg=audit(1768173869.429:1777): proctitle="/usr/lib/systemd/systemd-timesyncd"
type=SYSCALL msg=audit(1768173869.429:1778): arch=c000003e syscall=42 success=yes exit=0 a0=d a1=70b51c000fe0 a2=10 a3=0 items=0 ppid=1 pid=422 auid=4294967295 uid=997 gid=997 euid=997 suid=997 fsuid=997 egid=997 sgid=997 fsgid=997 tty=(none) ses=4294967295 comm="sd-resolve" exe="/usr/lib/systemd/systemd-timesyncd" subj=unconfined key="T1043_Commonly_Used_Port"ARCH=x86_64 SYSCALL=connect AUID="unset" UID="systemd-timesync" GID="systemd-timesync" EUID="systemd-timesync" SUID="systemd-timesync" FSUID="systemd-timesync" EGID="systemd-timesync" SGID="systemd-timesync" FSGID="systemd-timesync"
type=SOCKADDR msg=audit(1768173869.429:1778): saddr=0200007B98352CFA0000000000000000SADDR={ saddr_fam=inet laddr=152.53.44.250 lport=123 }
type=PROCTITLE msg=audit(1768173869.429:1778): proctitle="/usr/lib/systemd/systemd-timesyncd"
type=SYSCALL msg=audit(1768173869.429:1779): arch=c000003e syscall=42 success=yes exit=0 a0=d a1=70b5225f90a0 a2=10 a3=0 items=0 ppid=1 pid=422 auid=4294967295 uid=997 gid=997 euid=997 suid=997 fsuid=997 egid=997 sgid=997 fsgid=997 tty=(none) ses=4294967295 comm="sd-resolve" exe="/usr/lib/systemd/systemd-timesyncd" subj=unconfined key="T1043_Commonly_Used_Port"ARCH=x86_64 SYSCALL=connect AUID="unset" UID="systemd-timesync" GID="systemd-timesync" EUID="systemd-timesync" SUID="systemd-timesync" FSUID="systemd-timesync" EGID="systemd-timesync" SGID="systemd-timesync" FSGID="systemd-timesync"
type=SOCKADDR msg=audit(1768173869.429:1779): saddr=00000000000000000000000000000000SADDR=unknown-family(0)
type=PROCTITLE msg=audit(1768173869.429:1779): proctitle="/usr/lib/systemd/systemd-timesyncd"
type=SYSCALL msg=audit(1768173869.429:1780): arch=c000003e syscall=42 success=yes exit=0 a0=d a1=70b51c001030 a2=10 a3=0 items=0 ppid=1 pid=422 auid=4294967295 uid=997 gid=997 euid=997 suid=997 fsuid=997 egid=997 sgid=997 fsgid=997 tty=(none) ses=4294967295 comm="sd-resolve" exe="/usr/lib/systemd/systemd-timesyncd" subj=unconfined key="T1043_Commonly_Used_Port"ARCH=x86_64 SYSCALL=connect AUID="unset" UID="systemd-timesync" GID="systemd-timesync" EUID="systemd-timesync" SUID="systemd-timesync" FSUID="systemd-timesync" EGID="systemd-timesync" SGID="systemd-timesync" FSGID="systemd-timesync"
type=SOCKADDR msg=audit(1768173869.429:1780): saddr=0200007BB990A1AA0000000000000000SADDR={ saddr_fam=inet laddr=185.144.161.170 lport=123 }
type=PROCTITLE msg=audit(1768173869.429:1780): proctitle="/usr/lib/systemd/systemd-timesyncd"
type=SYSCALL msg=audit(1768173869.429:1781): arch=c000003e syscall=42 success=yes exit=0 a0=d a1=70b51c001080 a2=1c a3=0 items=0 ppid=1 pid=422 auid=4294967295 uid=997 gid=997 euid=997 suid=997 fsuid=997 egid=997 sgid=997 fsgid=997 tty=(none) ses=4294967295 comm="sd-resolve" exe="/usr/lib/systemd/systemd-timesyncd" subj=unconfined key="T1043_Commonly_Used_Port"ARCH=x86_64 SYSCALL=connect AUID="unset" UID="systemd-timesync" GID="systemd-timesync" EUID="systemd-timesync" SUID="systemd-timesync" FSUID="systemd-timesync" EGID="systemd-timesync" SGID="systemd-timesync" FSGID="systemd-timesync"
type=SOCKADDR msg=audit(1768173869.429:1781): saddr=0A00007B000000002A0063C1000E0117000000000000000200000000SADDR={ saddr_fam=inet6 laddr=2a00:63c1:e:117::2 lport=123 }
type=PROCTITLE msg=audit(1768173869.429:1781): proctitle="/usr/lib/systemd/systemd-timesyncd"
type=SYSCALL msg=audit(1768173869.429:1782): arch=c000003e syscall=42 success=yes exit=0 a0=d a1=70b5225f90a0 a2=10 a3=0 items=0 ppid=1 pid=422 auid=4294967295 uid=997 gid=997 euid=997 suid=997 fsuid=997 egid=997 sgid=997 fsgid=997 tty=(none) ses=4294967295 comm="sd-resolve" exe="/usr/lib/systemd/systemd-timesyncd" subj=unconfined key="T1043_Commonly_Used_Port"ARCH=x86_64 SYSCALL=connect AUID="unset" UID="systemd-timesync" GID="systemd-timesync" EUID="systemd-timesync" SUID="systemd-timesync" FSUID="systemd-timesync" EGID="systemd-timesync" SGID="systemd-timesync" FSGID="systemd-timesync"
type=SOCKADDR msg=audit(1768173869.429:1782): saddr=00000000000000000000000000000000SADDR=unknown-family(0)
type=PROCTITLE msg=audit(1768173869.429:1782): proctitle="/usr/lib/systemd/systemd-timesyncd"
type=SYSCALL msg=audit(1768173869.429:1783): arch=c000003e syscall=42 success=yes exit=0 a0=d a1=70b51c0010e0 a2=1c a3=0 items=0 ppid=1 pid=422 auid=4294967295 uid=997 gid=997 euid=997 suid=997 fsuid=997 egid=997 sgid=997 fsgid=997 tty=(none) ses=4294967295 comm="sd-resolve" exe="/usr/lib/systemd/systemd-timesyncd" subj=unconfined key="T1043_Commonly_Used_Port"ARCH=x86_64 SYSCALL=connect AUID="unset" UID="systemd-timesync" GID="systemd-timesync" EUID="systemd-timesync" SUID="systemd-timesync" FSUID="systemd-timesync" EGID="systemd-timesync" SGID="systemd-timesync" FSGID="systemd-timesync"
type=SOCKADDR msg=audit(1768173869.429:1783): saddr=0A00007B000000002A0A4CC0000026EA24BA01FFFE50E55600000000SADDR={ saddr_fam=inet6 laddr=2a0a:4cc0:0:26ea:24ba:1ff:fe50:e556 lport=123 }
type=PROCTITLE msg=audit(1768173869.429:1783): proctitle="/usr/lib/systemd/systemd-timesyncd"
type=SYSCALL msg=audit(1768173869.429:1784): arch=c000003e syscall=42 success=yes exit=0 a0=d a1=70b5225f90a0 a2=10 a3=0 items=0 ppid=1 pid=422 auid=4294967295 uid=997 gid=997 euid=997 suid=997 fsuid=997 egid=997 sgid=997 fsgid=997 tty=(none) ses=4294967295 comm="sd-resolve" exe="/usr/lib/systemd/systemd-timesyncd" subj=unconfined key="T1043_Commonly_Used_Port"ARCH=x86_64 SYSCALL=connect AUID="unset" UID="systemd-timesync" GID="systemd-timesync" EUID="systemd-timesync" SUID="systemd-timesync" FSUID="systemd-timesync" EGID="systemd-timesync" SGID="systemd-timesync" FSGID="systemd-timesync"
type=SOCKADDR msg=audit(1768173869.429:1784): saddr=00000000000000000000000000000000SADDR=unknown-family(0)
type=PROCTITLE msg=audit(1768173869.429:1784): proctitle="/usr/lib/systemd/systemd-timesyncd"
type=SYSCALL msg=audit(1768173869.429:1785): arch=c000003e syscall=42 success=yes exit=0 a0=d a1=70b51c001140 a2=1c a3=0 items=0 ppid=1 pid=422 auid=4294967295 uid=997 gid=997 euid=997 suid=997 fsuid=997 egid=997 sgid=997 fsgid=997 tty=(none) ses=4294967295 comm="sd-resolve" exe="/usr/lib/systemd/systemd-timesyncd" subj=unconfined key="T1043_Commonly_Used_Port"ARCH=x86_64 SYSCALL=connect AUID="unset" UID="systemd-timesync" GID="systemd-timesync" EUID="systemd-timesync" SUID="systemd-timesync" FSUID="systemd-timesync" EGID="systemd-timesync" SGID="systemd-timesync" FSGID="systemd-timesync"
type=SOCKADDR msg=audit(1768173869.429:1785): saddr=0A00007B000000002A02174800001500000300000000200500000000SADDR={ saddr_fam=inet6 laddr=2a02:1748:0:1500:3::2005 lport=123 }
type=PROCTITLE msg=audit(1768173869.429:1785): proctitle="/usr/lib/systemd/systemd-timesyncd"
type=SYSCALL msg=audit(1768173869.429:1786): arch=c000003e syscall=42 success=yes exit=0 a0=d a1=70b5225f90a0 a2=10 a3=0 items=0 ppid=1 pid=422 auid=4294967295 uid=997 gid=997 euid=997 suid=997 fsuid=997 egid=997 sgid=997 fsgid=997 tty=(none) ses=4294967295 comm="sd-resolve" exe="/usr/lib/systemd/systemd-timesyncd" subj=unconfined key="T1043_Commonly_Used_Port"ARCH=x86_64 SYSCALL=connect AUID="unset" UID="systemd-timesync" GID="systemd-timesync" EUID="systemd-timesync" SUID="systemd-timesync" FSUID="systemd-timesync" EGID="systemd-timesync" SGID="systemd-timesync" FSGID="systemd-timesync"
type=SOCKADDR msg=audit(1768173869.429:1786): saddr=00000000000000000000000000000000SADDR=unknown-family(0)
type=PROCTITLE msg=audit(1768173869.429:1786): proctitle="/usr/lib/systemd/systemd-timesyncd"
type=SYSCALL msg=audit(1768173869.429:1787): arch=c000003e syscall=42 success=yes exit=0 a0=d a1=70b51c0011a0 a2=1c a3=0 items=0 ppid=1 pid=422 auid=4294967295 uid=997 gid=997 euid=997 suid=997 fsuid=997 egid=997 sgid=997 fsgid=997 tty=(none) ses=4294967295 comm="sd-resolve" exe="/usr/lib/systemd/systemd-timesyncd" subj=unconfined key="T1043_Commonly_Used_Port"ARCH=x86_64 SYSCALL=connect AUID="unset" UID="systemd-timesync" GID="systemd-timesync" EUID="systemd-timesync" SUID="systemd-timesync" FSUID="systemd-timesync" EGID="systemd-timesync" SGID="systemd-timesync" FSGID="systemd-timesync"
type=SOCKADDR msg=audit(1768173869.429:1787): saddr=0A00007B000000002A0A4CC000C01264C4B0EAFFFE65E4BF00000000SADDR={ saddr_fam=inet6 laddr=2a0a:4cc0:c0:1264:c4b0:eaff:fe65:e4bf lport=123 }
type=PROCTITLE msg=audit(1768173869.429:1787): proctitle="/usr/lib/systemd/systemd-timesyncd"
type=SYSCALL msg=audit(1768173875.724:1788): arch=c000003e syscall=106 success=yes exit=0 a0=21 a1=7e37f44224a0 a2=0 a3=22 items=0 ppid=1022 pid=1442 auid=4294967295 uid=0 gid=33 euid=0 suid=0 fsuid=0 egid=33 sgid=33 fsgid=33 tty=(none) ses=4294967295 comm="apache2" exe="/usr/sbin/apache2" subj=unconfined key="T1166_Seuid_and_Setgid"ARCH=x86_64 SYSCALL=setgid AUID="unset" UID="root" GID="www-data" EUID="root" SUID="root" FSUID="root" EGID="www-data" SGID="www-data" FSGID="www-data"
type=PROCTITLE msg=audit(1768173875.724:1788): proctitle=2F7573722F7362696E2F61706163686532002D6B007374617274
type=SYSCALL msg=audit(1768173875.724:1789): arch=c000003e syscall=42 success=yes exit=0 a0=c a1=7fffc7c2ba10 a2=2d a3=6525b38c0330 items=1 ppid=1022 pid=1442 auid=4294967295 uid=0 gid=33 euid=0 suid=0 fsuid=0 egid=33 sgid=33 fsgid=33 tty=(none) ses=4294967295 comm="apache2" exe="/usr/sbin/apache2" subj=unconfined key="T1043_Commonly_Used_Port"ARCH=x86_64 SYSCALL=connect AUID="unset" UID="root" GID="www-data" EUID="root" SUID="root" FSUID="root" EGID="www-data" SGID="www-data" FSGID="www-data"
type=SOCKADDR msg=audit(1768173875.724:1789): saddr=01002F72756E2F73797374656D642F7573657264622F696F2E73797374656D642E44796E616D69635573657200SADDR={ saddr_fam=local path=/run/systemd/userdb/io.systemd.DynamicUser }
type=PATH msg=audit(1768173875.724:1789): item=0 name="/run/systemd/userdb/io.systemd.DynamicUser" inode=452 dev=00:18 mode=0140666 ouid=0 ogid=0 rdev=00:00 nametype=NORMAL cap_fp=0 cap_fi=0 cap_fe=0 cap_fver=0 cap_frootid=0OUID="root" OGID="root"
type=PROCTITLE msg=audit(1768173875.724:1789): proctitle=2F7573722F7362696E2F61706163686532002D6B007374617274
type=SYSCALL msg=audit(1768173875.727:1790): arch=c000003e syscall=105 success=yes exit=0 a0=21 a1=6525b3737ee0 a2=6523e1d73ec7 a3=6525b3737ef0 items=0 ppid=1022 pid=1442 auid=4294967295 uid=33 gid=33 euid=33 suid=33 fsuid=33 egid=33 sgid=33 fsgid=33 tty=(none) ses=4294967295 comm="apache2" exe="/usr/sbin/apache2" subj=unconfined key="T1166_Seuid_and_Setgid"ARCH=x86_64 SYSCALL=setuid AUID="unset" UID="www-data" GID="www-data" EUID="www-data" SUID="www-data" FSUID="www-data" EGID="www-data" SGID="www-data" FSGID="www-data"
type=PROCTITLE msg=audit(1768173875.727:1790): proctitle=2F7573722F7362696E2F61706163686532002D6B007374617274
type=SYSCALL msg=audit(1768173894.427:1791): arch=c000003e syscall=59 success=yes exit=0 a0=63868ee5f8d0 a1=63868ed1a3c0 a2=63868ed19cc0 a3=63868ed1a3c0 items=2 ppid=1424 pid=1443 auid=1000 uid=0 gid=0 euid=0 suid=0 fsuid=0 egid=0 sgid=0 fsgid=0 tty=pts1 ses=3 comm="systemctl" exe="/usr/bin/systemctl" subj=unconfined key="T1078_Valid_Accounts"ARCH=x86_64 SYSCALL=execve AUID="vboxuser" UID="root" GID="root" EUID="root" SUID="root" FSUID="root" EGID="root" SGID="root" FSGID="root"
type=EXECVE msg=audit(1768173894.427:1791): argc=3 a0="systemctl" a1="status" a2="apache2"
type=PATH msg=audit(1768173894.427:1791): item=0 name="/usr/bin/systemctl" inode=1461475 dev=08:02 mode=0100755 ouid=0 ogid=0 rdev=00:00 nametype=NORMAL cap_fp=0 cap_fi=0 cap_fe=0 cap_fver=0 cap_frootid=0OUID="root" OGID="root"
type=PATH msg=audit(1768173894.427:1791): item=1 name="/lib64/ld-linux-x86-64.so.2" inode=1481429 dev=08:02 mode=0100755 ouid=0 ogid=0 rdev=00:00 nametype=NORMAL cap_fp=0 cap_fi=0 cap_fe=0 cap_fver=0 cap_frootid=0OUID="root" OGID="root"
type=PROCTITLE msg=audit(1768173894.427:1791): proctitle=73797374656D63746C007374617475730061706163686532
type=SYSCALL msg=audit(1768173894.450:1792): arch=c000003e syscall=42 success=yes exit=0 a0=3 a1=641606e20ac8 a2=17 a3=7ffdfd0d9cb4 items=1 ppid=1424 pid=1443 auid=1000 uid=0 gid=0 euid=0 suid=0 fsuid=0 egid=0 sgid=0 fsgid=0 tty=pts1 ses=3 comm="systemctl" exe="/usr/bin/systemctl" subj=unconfined key="T1043_Commonly_Used_Port"ARCH=x86_64 SYSCALL=connect AUID="vboxuser" UID="root" GID="root" EUID="root" SUID="root" FSUID="root" EGID="root" SGID="root" FSGID="root"
type=SOCKADDR msg=audit(1768173894.450:1792): saddr=01002F72756E2F73797374656D642F7072697661746500SADDR={ saddr_fam=local path=/run/systemd/private }
type=PATH msg=audit(1768173894.450:1792): item=0 name="/run/systemd/private" inode=450 dev=00:18 mode=0140700 ouid=0 ogid=0 rdev=00:00 nametype=NORMAL cap_fp=0 cap_fi=0 cap_fe=0 cap_fver=0 cap_frootid=0OUID="root" OGID="root"
type=PROCTITLE msg=audit(1768173894.450:1792): proctitle=73797374656D63746C007374617475730061706163686532
type=SYSCALL msg=audit(1768173903.010:1793): arch=c000003e syscall=257 success=yes exit=7 a0=ffffff9c a1=7c0bd57cf347 a2=80000 a3=0 items=1 ppid=850 pid=1444 auid=4294967295 uid=0 gid=0 euid=0 suid=0 fsuid=0 egid=0 sgid=0 fsgid=0 tty=(none) ses=4294967295 comm="cron" exe="/usr/sbin/cron" subj=unconfined key="T1087_Account_Discovery"ARCH=x86_64 SYSCALL=openat AUID="unset" UID="root" GID="root" EUID="root" SUID="root" FSUID="root" EGID="root" SGID="root" FSGID="root"
type=PATH msg=audit(1768173903.010:1793): item=0 name="/etc/shadow" inode=1050300 dev=08:02 mode=0100640 ouid=0 ogid=42 rdev=00:00 nametype=NORMAL cap_fp=0 cap_fi=0 cap_fe=0 cap_fver=0 cap_frootid=0OUID="root" OGID="shadow"
type=PROCTITLE msg=audit(1768173903.010:1793): proctitle=2F7573722F7362696E2F43524F4E002D66002D50
type=USER_ACCT msg=audit(1768173903.014:1794): pid=1444 uid=0 auid=4294967295 ses=4294967295 subj=unconfined msg='op=PAM:accounting grantors=pam_permit acct="root" exe="/usr/sbin/cron" hostname=? addr=? terminal=cron res=success'UID="root" AUID="unset"
type=CRED_ACQ msg=audit(1768173903.014:1795): pid=1444 uid=0 auid=4294967295 ses=4294967295 subj=unconfined msg='op=PAM:setcred grantors=pam_permit,pam_cap acct="root" exe="/usr/sbin/cron" hostname=? addr=? terminal=cron res=success'UID="root" AUID="unset"
type=LOGIN msg=audit(1768173903.016:1796): pid=1444 uid=0 subj=unconfined old-auid=4294967295 auid=0 tty=(none) old-ses=4294967295 ses=4 res=1UID="root" OLD-AUID="unset" AUID="root"
type=SYSCALL msg=audit(1768173903.016:1796): arch=c000003e syscall=1 success=yes exit=1 a0=7 a1=7fffeaba9510 a2=1 a3=0 items=0 ppid=850 pid=1444 auid=0 uid=0 gid=0 euid=0 suid=0 fsuid=0 egid=0 sgid=0 fsgid=0 tty=(none) ses=4 comm="cron" exe="/usr/sbin/cron" subj=unconfined key=(null)ARCH=x86_64 SYSCALL=write AUID="root" UID="root" GID="root" EUID="root" SUID="root" FSUID="root" EGID="root" SGID="root" FSGID="root"
type=PROCTITLE msg=audit(1768173903.016:1796): proctitle=2F7573722F7362696E2F43524F4E002D66002D50
type=USER_START msg=audit(1768173903.016:1797): pid=1444 uid=0 auid=0 ses=4 subj=unconfined msg='op=PAM:session_open grantors=pam_loginuid,pam_env,pam_env,pam_permit,pam_umask,pam_unix,pam_limits acct="root" exe="/usr/sbin/cron" hostname=? addr=? terminal=cron res=success'UID="root" AUID="root"
type=SYSCALL msg=audit(1768173903.018:1798): arch=c000003e syscall=106 success=yes exit=0 a0=0 a1=6040479f2900 a2=604643a41f82 a3=6040479f2910 items=0 ppid=1444 pid=1445 auid=0 uid=0 gid=0 euid=0 suid=0 fsuid=0 egid=0 sgid=0 fsgid=0 tty=(none) ses=4 comm="cron" exe="/usr/sbin/cron" subj=unconfined key="T1166_Seuid_and_Setgid"ARCH=x86_64 SYSCALL=setgid AUID="root" UID="root" GID="root" EUID="root" SUID="root" FSUID="root" EGID="root" SGID="root" FSGID="root"
type=PROCTITLE msg=audit(1768173903.018:1798): proctitle=2F7573722F7362696E2F43524F4E002D66002D50
type=CRED_REFR msg=audit(1768173903.019:1799): pid=1445 uid=0 auid=0 ses=4 subj=unconfined msg='op=PAM:setcred grantors=pam_permit,pam_cap acct="root" exe="/usr/sbin/cron" hostname=? addr=? terminal=cron res=success'UID="root" AUID="root"
type=SYSCALL msg=audit(1768173903.020:1800): arch=c000003e syscall=105 success=yes exit=0 a0=0 a1=6040479fe5e0 a2=6046439b9c2e a3=6040479fe5f0 items=0 ppid=1444 pid=1445 auid=0 uid=0 gid=0 euid=0 suid=0 fsuid=0 egid=0 sgid=0 fsgid=0 tty=(none) ses=4 comm="cron" exe="/usr/sbin/cron" subj=unconfined key="T1166_Seuid_and_Setgid"ARCH=x86_64 SYSCALL=setuid AUID="root" UID="root" GID="root" EUID="root" SUID="root" FSUID="root" EGID="root" SGID="root" FSGID="root"
type=PROCTITLE msg=audit(1768173903.020:1800): proctitle=2F7573722F7362696E2F43524F4E002D66002D50
type=SYSCALL msg=audit(1768173903.020:1801): arch=c000003e syscall=59 success=yes exit=0 a0=6040479fe5d6 a1=7fffeaba95c0 a2=604047a0c0b0 a3=6040479fe5d6 items=2 ppid=1444 pid=1445 auid=0 uid=0 gid=0 euid=0 suid=0 fsuid=0 egid=0 sgid=0 fsgid=0 tty=(none) ses=4 comm="sh" exe="/usr/bin/dash" subj=unconfined key="T1078_Valid_Accounts"ARCH=x86_64 SYSCALL=execve AUID="root" UID="root" GID="root" EUID="root" SUID="root" FSUID="root" EGID="root" SGID="root" FSGID="root"
type=EXECVE msg=audit(1768173903.020:1801): argc=3 a0="/bin/sh" a1="-c" a2=636F6D6D616E64202D762064656269616E2D736131203E202F6465762F6E756C6C2026262064656269616E2D73613120312031
type=PATH msg=audit(1768173903.020:1801): item=0 name="/bin/sh" inode=1442345 dev=08:02 mode=0100755 ouid=0 ogid=0 rdev=00:00 nametype=NORMAL cap_fp=0 cap_fi=0 cap_fe=0 cap_fver=0 cap_frootid=0OUID="root" OGID="root"
type=PATH msg=audit(1768173903.020:1801): item=1 name="/lib64/ld-linux-x86-64.so.2" inode=1481429 dev=08:02 mode=0100755 ouid=0 ogid=0 rdev=00:00 nametype=NORMAL cap_fp=0 cap_fi=0 cap_fe=0 cap_fver=0 cap_frootid=0OUID="root" OGID="root"
type=PROCTITLE msg=audit(1768173903.020:1801): proctitle=2F7573722F7362696E2F43524F4E002D66002D50
type=SYSCALL msg=audit(1768173903.025:1802): arch=c000003e syscall=59 success=yes exit=0 a0=5d49f82b4538 a1=5d49f82b44e0 a2=5d49f82b4500 a3=8 items=3 ppid=1445 pid=1446 auid=0 uid=0 gid=0 euid=0 suid=0 fsuid=0 egid=0 sgid=0 fsgid=0 tty=(none) ses=4 comm="debian-sa1" exe="/usr/bin/dash" subj=unconfined key="T1078_Valid_Accounts"ARCH=x86_64 SYSCALL=execve AUID="root" UID="root" GID="root" EUID="root" SUID="root" FSUID="root" EGID="root" SGID="root" FSGID="root"
type=EXECVE msg=audit(1768173903.025:1802): argc=4 a0="/bin/sh" a1="/usr/lib/sysstat/debian-sa1" a2="1" a3="1"
type=PATH msg=audit(1768173903.025:1802): item=0 name="/usr/lib/sysstat/debian-sa1" inode=1456136 dev=08:02 mode=0100755 ouid=0 ogid=0 rdev=00:00 nametype=NORMAL cap_fp=0 cap_fi=0 cap_fe=0 cap_fver=0 cap_frootid=0OUID="root" OGID="root"
type=PATH msg=audit(1768173903.025:1802): item=1 name="/bin/sh" inode=1442345 dev=08:02 mode=0100755 ouid=0 ogid=0 rdev=00:00 nametype=NORMAL cap_fp=0 cap_fi=0 cap_fe=0 cap_fver=0 cap_frootid=0OUID="root" OGID="root"
type=PATH msg=audit(1768173903.025:1802): item=2 name="/lib64/ld-linux-x86-64.so.2" inode=1481429 dev=08:02 mode=0100755 ouid=0 ogid=0 rdev=00:00 nametype=NORMAL cap_fp=0 cap_fi=0 cap_fe=0 cap_fver=0 cap_frootid=0OUID="root" OGID="root"
type=PROCTITLE msg=audit(1768173903.025:1802): proctitle=2F62696E2F7368002F7573722F6C69622F737973737461742F64656269616E2D73613100310031
type=CRED_DISP msg=audit(1768173903.031:1803): pid=1444 uid=0 auid=0 ses=4 subj=unconfined msg='op=PAM:setcred grantors=pam_permit acct="root" exe="/usr/sbin/cron" hostname=? addr=? terminal=cron res=success'UID="root" AUID="root"
type=USER_END msg=audit(1768173903.031:1804): pid=1444 uid=0 auid=0 ses=4 subj=unconfined msg='op=PAM:session_close grantors=pam_loginuid,pam_env,pam_env,pam_permit,pam_umask,pam_unix,pam_limits acct="root" exe="/usr/sbin/cron" hostname=? addr=? terminal=cron res=success'UID="root" AUID="root"
type=SYSCALL msg=audit(1768173904.159:1805): arch=c000003e syscall=59 success=yes exit=0 a0=63868ee5fb00 a1=63868ee5fbb0 a2=63868ed19cc0 a3=1 items=2 ppid=1424 pid=1448 auid=1000 uid=0 gid=0 euid=0 suid=0 fsuid=0 egid=0 sgid=0 fsgid=0 tty=pts1 ses=3 comm="grep" exe="/usr/bin/grep" subj=unconfined key="T1078_Valid_Accounts"ARCH=x86_64 SYSCALL=execve AUID="vboxuser" UID="root" GID="root" EUID="root" SUID="root" FSUID="root" EGID="root" SGID="root" FSGID="root"
type=EXECVE msg=audit(1768173904.159:1805): argc=3 a0="grep" a1="--color=auto" a2="apache2"
type=PATH msg=audit(1768173904.159:1805): item=0 name="/usr/bin/grep" inode=1442450 dev=08:02 mode=0100755 ouid=0 ogid=0 rdev=00:00 nametype=NORMAL cap_fp=0 cap_fi=0 cap_fe=0 cap_fver=0 cap_frootid=0OUID="root" OGID="root"
type=PATH msg=audit(1768173904.159:1805): item=1 name="/lib64/ld-linux-x86-64.so.2" inode=1481429 dev=08:02 mode=0100755 ouid=0 ogid=0 rdev=00:00 nametype=NORMAL cap_fp=0 cap_fi=0 cap_fe=0 cap_fver=0 cap_frootid=0OUID="root" OGID="root"
type=PROCTITLE msg=audit(1768173904.159:1805): proctitle=67726570002D2D636F6C6F723D6175746F0061706163686532
type=SYSCALL msg=audit(1768173904.162:1806): arch=c000003e syscall=59 success=yes exit=0 a0=63868ee5fa90 a1=63868ee5f930 a2=63868ed19cc0 a3=8 items=2 ppid=1424 pid=1447 auid=1000 uid=0 gid=0 euid=0 suid=0 fsuid=0 egid=0 sgid=0 fsgid=0 tty=pts1 ses=3 comm="journalctl" exe="/usr/bin/journalctl" subj=unconfined key="T1078_Valid_Accounts"ARCH=x86_64 SYSCALL=execve AUID="vboxuser" UID="root" GID="root" EUID="root" SUID="root" FSUID="root" EGID="root" SGID="root" FSGID="root"
type=EXECVE msg=audit(1768173904.162:1806): argc=2 a0="journalctl" a1="-xe"
type=PATH msg=audit(1768173904.162:1806): item=0 name="/usr/bin/journalctl" inode=1461262 dev=08:02 mode=0100755 ouid=0 ogid=0 rdev=00:00 nametype=NORMAL cap_fp=0 cap_fi=0 cap_fe=0 cap_fver=0 cap_frootid=0OUID="root" OGID="root"
type=PATH msg=audit(1768173904.162:1806): item=1 name="/lib64/ld-linux-x86-64.so.2" inode=1481429 dev=08:02 mode=0100755 ouid=0 ogid=0 rdev=00:00 nametype=NORMAL cap_fp=0 cap_fi=0 cap_fe=0 cap_fver=0 cap_frootid=0OUID="root" OGID="root"
type=PROCTITLE msg=audit(1768173904.162:1806): proctitle=6A6F75726E616C63746C002D7865
type=SYSCALL msg=audit(1768173919.353:1807): arch=c000003e syscall=59 success=yes exit=0 a0=63868ee5f6b0 a1=63868ee5f6d0 a2=63868ed19cc0 a3=63868ee5f6d0 items=2 ppid=1424 pid=1449 auid=1000 uid=0 gid=0 euid=0 suid=0 fsuid=0 egid=0 sgid=0 fsgid=0 tty=pts1 ses=3 comm="sudo" exe="/usr/bin/sudo" subj=unconfined key="T1078_Valid_Accounts"ARCH=x86_64 SYSCALL=execve AUID="vboxuser" UID="root" GID="root" EUID="root" SUID="root" FSUID="root" EGID="root" SGID="root" FSGID="root"
type=EXECVE msg=audit(1768173919.353:1807): argc=3 a0="sudo" a1="vim" a2="/etc/apache2/apache2.conf"
type=PATH msg=audit(1768173919.353:1807): item=0 name="/usr/bin/sudo" inode=1450157 dev=08:02 mode=0104755 ouid=0 ogid=0 rdev=00:00 nametype=NORMAL cap_fp=0 cap_fi=0 cap_fe=0 cap_fver=0 cap_frootid=0OUID="root" OGID="root"
type=PATH msg=audit(1768173919.353:1807): item=1 name="/lib64/ld-linux-x86-64.so.2" inode=1481429 dev=08:02 mode=0100755 ouid=0 ogid=0 rdev=00:00 nametype=NORMAL cap_fp=0 cap_fi=0 cap_fe=0 cap_fver=0 cap_frootid=0OUID="root" OGID="root"
type=PROCTITLE msg=audit(1768173919.353:1807): proctitle=7375646F0076696D002F6574632F617061636865322F617061636865322E636F6E66
type=SYSCALL msg=audit(1768173919.372:1808): arch=c000003e syscall=257 success=yes exit=5 a0=ffffff9c a1=7fff4f5c2be0 a2=800 a3=0 items=1 ppid=1424 pid=1449 auid=1000 uid=0 gid=0 euid=1 suid=0 fsuid=1 egid=0 sgid=0 fsgid=0 tty=pts1 ses=3 comm="sudo" exe="/usr/bin/sudo" subj=unconfined key="T1169_Sudo"ARCH=x86_64 SYSCALL=openat AUID="vboxuser" UID="root" GID="root" EUID="daemon" SUID="root" FSUID="daemon" EGID="root" SGID="root" FSGID="root"
type=PATH msg=audit(1768173919.372:1808): item=0 name="/etc/sudoers" inode=1049318 dev=08:02 mode=0100440 ouid=0 ogid=0 rdev=00:00 nametype=NORMAL cap_fp=0 cap_fi=0 cap_fe=0 cap_fver=0 cap_frootid=0OUID="root" OGID="root"
type=PROCTITLE msg=audit(1768173919.372:1808): proctitle=7375646F0076696D002F6574632F617061636865322F617061636865322E636F6E66
type=SYSCALL msg=audit(1768173919.375:1809): arch=c000003e syscall=42 success=yes exit=0 a0=6 a1=75833c60b694 a2=10 a3=7fff4f5c1184 items=0 ppid=1424 pid=1449 auid=1000 uid=0 gid=0 euid=0 suid=0 fsuid=0 egid=0 sgid=0 fsgid=0 tty=pts1 ses=3 comm="sudo" exe="/usr/bin/sudo" subj=unconfined key="T1043_Commonly_Used_Port"ARCH=x86_64 SYSCALL=connect AUID="vboxuser" UID="root" GID="root" EUID="root" SUID="root" FSUID="root" EGID="root" SGID="root" FSGID="root"
type=SOCKADDR msg=audit(1768173919.375:1809): saddr=020000357F0000350000000000000000SADDR={ saddr_fam=inet laddr=127.0.0.53 lport=53 }
type=PROCTITLE msg=audit(1768173919.375:1809): proctitle=7375646F0076696D002F6574632F617061636865322F617061636865322E636F6E66
type=SYSCALL msg=audit(1768173919.398:1810): arch=c000003e syscall=42 success=yes exit=0 a0=6 a1=75833c60b694 a2=10 a3=7fff4f5c1184 items=0 ppid=1424 pid=1449 auid=1000 uid=0 gid=0 euid=0 suid=0 fsuid=0 egid=0 sgid=0 fsgid=0 tty=pts1 ses=3 comm="sudo" exe="/usr/bin/sudo" subj=unconfined key="T1043_Commonly_Used_Port"ARCH=x86_64 SYSCALL=connect AUID="vboxuser" UID="root" GID="root" EUID="root" SUID="root" FSUID="root" EGID="root" SGID="root" FSGID="root"
type=SOCKADDR msg=audit(1768173919.398:1810): saddr=020000357F0000350000000000000000SADDR={ saddr_fam=inet laddr=127.0.0.53 lport=53 }
type=PROCTITLE msg=audit(1768173919.398:1810): proctitle=7375646F0076696D002F6574632F617061636865322F617061636865322E636F6E66
type=SYSCALL msg=audit(1768173919.399:1811): arch=c000003e syscall=42 success=yes exit=0 a0=6 a1=5a3905981740 a2=10 a3=0 items=0 ppid=1424 pid=1449 auid=1000 uid=0 gid=0 euid=0 suid=0 fsuid=0 egid=0 sgid=0 fsgid=0 tty=pts1 ses=3 comm="sudo" exe="/usr/bin/sudo" subj=unconfined key="T1043_Commonly_Used_Port"ARCH=x86_64 SYSCALL=connect AUID="vboxuser" UID="root" GID="root" EUID="root" SUID="root" FSUID="root" EGID="root" SGID="root" FSGID="root"
type=SOCKADDR msg=audit(1768173919.399:1811): saddr=020000000A00020F0000000000000000SADDR={ saddr_fam=inet laddr=10.0.2.15 lport=0 }
type=PROCTITLE msg=audit(1768173919.399:1811): proctitle=7375646F0076696D002F6574632F617061636865322F617061636865322E636F6E66
type=SYSCALL msg=audit(1768173919.399:1812): arch=c000003e syscall=42 success=yes exit=0 a0=6 a1=7fff4f5c3070 a2=10 a3=0 items=0 ppid=1424 pid=1449 auid=1000 uid=0 gid=0 euid=0 suid=0 fsuid=0 egid=0 sgid=0 fsgid=0 tty=pts1 ses=3 comm="sudo" exe="/usr/bin/sudo" subj=unconfined key="T1043_Commonly_Used_Port"ARCH=x86_64 SYSCALL=connect AUID="vboxuser" UID="root" GID="root" EUID="root" SUID="root" FSUID="root" EGID="root" SGID="root" FSGID="root"
type=SOCKADDR msg=audit(1768173919.399:1812): saddr=00000000000000000000000000000000SADDR=unknown-family(0)
type=PROCTITLE msg=audit(1768173919.399:1812): proctitle=7375646F0076696D002F6574632F617061636865322F617061636865322E636F6E66
type=SYSCALL msg=audit(1768173919.399:1813): arch=c000003e syscall=42 success=yes exit=0 a0=6 a1=5a3905980910 a2=10 a3=0 items=0 ppid=1424 pid=1449 auid=1000 uid=0 gid=0 euid=0 suid=0 fsuid=0 egid=0 sgid=0 fsgid=0 tty=pts1 ses=3 comm="sudo" exe="/usr/bin/sudo" subj=unconfined key="T1043_Commonly_Used_Port"ARCH=x86_64 SYSCALL=connect AUID="vboxuser" UID="root" GID="root" EUID="root" SUID="root" FSUID="root" EGID="root" SGID="root" FSGID="root"
type=SOCKADDR msg=audit(1768173919.399:1813): saddr=02000000C0A8386B0000000000000000SADDR={ saddr_fam=inet laddr=192.168.56.107 lport=0 }
type=PROCTITLE msg=audit(1768173919.399:1813): proctitle=7375646F0076696D002F6574632F617061636865322F617061636865322E636F6E66
type=SYSCALL msg=audit(1768173919.399:1814): arch=c000003e syscall=42 success=yes exit=0 a0=6 a1=5a3905980a00 a2=1c a3=0 items=0 ppid=1424 pid=1449 auid=1000 uid=0 gid=0 euid=0 suid=0 fsuid=0 egid=0 sgid=0 fsgid=0 tty=pts1 ses=3 comm="sudo" exe="/usr/bin/sudo" subj=unconfined key="T1043_Commonly_Used_Port"ARCH=x86_64 SYSCALL=connect AUID="vboxuser" UID="root" GID="root" EUID="root" SUID="root" FSUID="root" EGID="root" SGID="root" FSGID="root"
type=SOCKADDR msg=audit(1768173919.399:1814): saddr=0A00000000000000FD17625CF03700020A0027FFFE3F373900000000SADDR={ saddr_fam=inet6 laddr=fd17:625c:f037:2:a00:27ff:fe3f:3739 lport=0 }
type=PROCTITLE msg=audit(1768173919.399:1814): proctitle=7375646F0076696D002F6574632F617061636865322F617061636865322E636F6E66
type=SYSCALL msg=audit(1768173919.399:1815): arch=c000003e syscall=42 success=yes exit=0 a0=6 a1=7fff4f5c3070 a2=10 a3=0 items=0 ppid=1424 pid=1449 auid=1000 uid=0 gid=0 euid=0 suid=0 fsuid=0 egid=0 sgid=0 fsgid=0 tty=pts1 ses=3 comm="sudo" exe="/usr/bin/sudo" subj=unconfined key="T1043_Commonly_Used_Port"ARCH=x86_64 SYSCALL=connect AUID="vboxuser" UID="root" GID="root" EUID="root" SUID="root" FSUID="root" EGID="root" SGID="root" FSGID="root"
type=SOCKADDR msg=audit(1768173919.399:1815): saddr=00000000000000000000000000000000SADDR=unknown-family(0)
type=PROCTITLE msg=audit(1768173919.399:1815): proctitle=7375646F0076696D002F6574632F617061636865322F617061636865322E636F6E66
type=SYSCALL msg=audit(1768173919.399:1816): arch=c000003e syscall=42 success=no exit=-22 a0=6 a1=5a3905980b20 a2=1c a3=0 items=0 ppid=1424 pid=1449 auid=1000 uid=0 gid=0 euid=0 suid=0 fsuid=0 egid=0 sgid=0 fsgid=0 tty=pts1 ses=3 comm="sudo" exe="/usr/bin/sudo" subj=unconfined key="T1043_Commonly_Used_Port"ARCH=x86_64 SYSCALL=connect AUID="vboxuser" UID="root" GID="root" EUID="root" SUID="root" FSUID="root" EGID="root" SGID="root" FSGID="root"
type=SOCKADDR msg=audit(1768173919.399:1816): saddr=0A00000000000000FE800000000000000A0027FFFE3F373900000000SADDR={ saddr_fam=inet6 laddr=fe80::a00:27ff:fe3f:3739 lport=0 }
type=PROCTITLE msg=audit(1768173919.399:1816): proctitle=7375646F0076696D002F6574632F617061636865322F617061636865322E636F6E66
type=SYSCALL msg=audit(1768173919.399:1817): arch=c000003e syscall=42 success=yes exit=0 a0=6 a1=7fff4f5c3070 a2=10 a3=0 items=0 ppid=1424 pid=1449 auid=1000 uid=0 gid=0 euid=0 suid=0 fsuid=0 egid=0 sgid=0 fsgid=0 tty=pts1 ses=3 comm="sudo" exe="/usr/bin/sudo" subj=unconfined key="T1043_Commonly_Used_Port"ARCH=x86_64 SYSCALL=connect AUID="vboxuser" UID="root" GID="root" EUID="root" SUID="root" FSUID="root" EGID="root" SGID="root" FSGID="root"
type=SOCKADDR msg=audit(1768173919.399:1817): saddr=00000000000000000000000000000000SADDR=unknown-family(0)
type=PROCTITLE msg=audit(1768173919.399:1817): proctitle=7375646F0076696D002F6574632F617061636865322F617061636865322E636F6E66
type=SYSCALL msg=audit(1768173919.399:1818): arch=c000003e syscall=42 success=no exit=-22 a0=6 a1=5a3905980c40 a2=1c a3=0 items=0 ppid=1424 pid=1449 auid=1000 uid=0 gid=0 euid=0 suid=0 fsuid=0 egid=0 sgid=0 fsgid=0 tty=pts1 ses=3 comm="sudo" exe="/usr/bin/sudo" subj=unconfined key="T1043_Commonly_Used_Port"ARCH=x86_64 SYSCALL=connect AUID="vboxuser" UID="root" GID="root" EUID="root" SUID="root" FSUID="root" EGID="root" SGID="root" FSGID="root"
type=SOCKADDR msg=audit(1768173919.399:1818): saddr=0A00000000000000FE800000000000000A0027FFFE270D1D00000000SADDR={ saddr_fam=inet6 laddr=fe80::a00:27ff:fe27:d1d lport=0 }
type=PROCTITLE msg=audit(1768173919.399:1818): proctitle=7375646F0076696D002F6574632F617061636865322F617061636865322E636F6E66
type=SYSCALL msg=audit(1768173919.399:1819): arch=c000003e syscall=257 success=yes exit=6 a0=ffffff9c a1=75833c5cf347 a2=80000 a3=0 items=1 ppid=1424 pid=1449 auid=1000 uid=0 gid=0 euid=0 suid=0 fsuid=0 egid=0 sgid=0 fsgid=0 tty=pts1 ses=3 comm="sudo" exe="/usr/bin/sudo" subj=unconfined key="T1087_Account_Discovery"ARCH=x86_64 SYSCALL=openat AUID="vboxuser" UID="root" GID="root" EUID="root" SUID="root" FSUID="root" EGID="root" SGID="root" FSGID="root"
type=PATH msg=audit(1768173919.399:1819): item=0 name="/etc/shadow" inode=1050300 dev=08:02 mode=0100640 ouid=0 ogid=42 rdev=00:00 nametype=NORMAL cap_fp=0 cap_fi=0 cap_fe=0 cap_fver=0 cap_frootid=0OUID="root" OGID="shadow"
type=PROCTITLE msg=audit(1768173919.399:1819): proctitle=7375646F0076696D002F6574632F617061636865322F617061636865322E636F6E66
type=USER_ACCT msg=audit(1768173919.402:1820): pid=1449 uid=0 auid=1000 ses=3 subj=unconfined msg='op=PAM:accounting grantors=pam_permit acct="root" exe="/usr/bin/sudo" hostname=? addr=? terminal=/dev/pts/1 res=success'UID="root" AUID="vboxuser"
type=SYSCALL msg=audit(1768173919.402:1821): arch=c000003e syscall=42 success=yes exit=0 a0=7 a1=7fff4f5c3570 a2=2d a3=5a390598c0d0 items=1 ppid=1424 pid=1449 auid=1000 uid=0 gid=0 euid=0 suid=0 fsuid=0 egid=0 sgid=0 fsgid=0 tty=pts1 ses=3 comm="sudo" exe="/usr/bin/sudo" subj=unconfined key="T1043_Commonly_Used_Port"ARCH=x86_64 SYSCALL=connect AUID="vboxuser" UID="root" GID="root" EUID="root" SUID="root" FSUID="root" EGID="root" SGID="root" FSGID="root"
type=SOCKADDR msg=audit(1768173919.402:1821): saddr=01002F72756E2F73797374656D642F7573657264622F696F2E73797374656D642E44796E616D69635573657200SADDR={ saddr_fam=local path=/run/systemd/userdb/io.systemd.DynamicUser }
type=PATH msg=audit(1768173919.402:1821): item=0 name="/run/systemd/userdb/io.systemd.DynamicUser" inode=452 dev=00:18 mode=0140666 ouid=0 ogid=0 rdev=00:00 nametype=NORMAL cap_fp=0 cap_fi=0 cap_fe=0 cap_fver=0 cap_frootid=0OUID="root" OGID="root"
type=PROCTITLE msg=audit(1768173919.402:1821): proctitle=7375646F0076696D002F6574632F617061636865322F617061636865322E636F6E66
type=USER_CMD msg=audit(1768173919.407:1822): pid=1449 uid=0 auid=1000 ses=3 subj=unconfined msg='cwd="/root" cmd=76696D202F6574632F617061636865322F617061636865322E636F6E66 exe="/usr/bin/sudo" terminal=pts/1 res=success'UID="root" AUID="vboxuser"
type=SYSCALL msg=audit(1768173919.407:1823): arch=c000003e syscall=92 success=yes exit=0 a0=7fff4f5c2920 a1=0 a2=5 a3=0 items=1 ppid=1424 pid=1449 auid=1000 uid=0 gid=0 euid=0 suid=0 fsuid=0 egid=0 sgid=0 fsgid=0 tty=pts1 ses=3 comm="sudo" exe="/usr/bin/sudo" subj=unconfined key="T1166_Seuid_and_Setgid"ARCH=x86_64 SYSCALL=chown AUID="vboxuser" UID="root" GID="root" EUID="root" SUID="root" FSUID="root" EGID="root" SGID="root" FSGID="root"
type=PATH msg=audit(1768173919.407:1823): item=0 name="/dev/pts/2" inode=5 dev=00:17 mode=020620 ouid=0 ogid=5 rdev=88:02 nametype=NORMAL cap_fp=0 cap_fi=0 cap_fe=0 cap_fver=0 cap_frootid=0OUID="root" OGID="tty"
type=PROCTITLE msg=audit(1768173919.407:1823): proctitle=7375646F0076696D002F6574632F617061636865322F617061636865322E636F6E66
type=SYSCALL msg=audit(1768173919.407:1824): arch=c000003e syscall=257 success=yes exit=12 a0=ffffff9c a1=75833c5d46b0 a2=80002 a3=0 items=1 ppid=1424 pid=1449 auid=1000 uid=0 gid=0 euid=0 suid=0 fsuid=0 egid=0 sgid=0 fsgid=0 tty=pts1 ses=3 comm="sudo" exe="/usr/bin/sudo" subj=unconfined key="T1108_Redundant_Access"ARCH=x86_64 SYSCALL=openat AUID="vboxuser" UID="root" GID="root" EUID="root" SUID="root" FSUID="root" EGID="root" SGID="root" FSGID="root"
type=PATH msg=audit(1768173919.407:1824): item=0 name="/var/run/utmp" inode=598 dev=00:18 mode=0100664 ouid=0 ogid=43 rdev=00:00 nametype=NORMAL cap_fp=0 cap_fi=0 cap_fe=0 cap_fver=0 cap_frootid=0OUID="root" OGID="utmp"
type=PROCTITLE msg=audit(1768173919.407:1824): proctitle=7375646F0076696D002F6574632F617061636865322F617061636865322E636F6E66
type=SYSCALL msg=audit(1768173919.408:1825): arch=c000003e syscall=106 success=yes exit=0 a0=0 a1=0 a2=1026105 a3=75833c6b1f60 items=0 ppid=1424 pid=1449 auid=1000 uid=0 gid=0 euid=0 suid=0 fsuid=0 egid=0 sgid=0 fsgid=0 tty=pts1 ses=3 comm="sudo" exe="/usr/bin/sudo" subj=unconfined key="T1166_Seuid_and_Setgid"ARCH=x86_64 SYSCALL=setgid AUID="vboxuser" UID="root" GID="root" EUID="root" SUID="root" FSUID="root" EGID="root" SGID="root" FSGID="root"
type=PROCTITLE msg=audit(1768173919.408:1825): proctitle=7375646F0076696D002F6574632F617061636865322F617061636865322E636F6E66
type=CRED_REFR msg=audit(1768173919.408:1826): pid=1449 uid=0 auid=1000 ses=3 subj=unconfined msg='op=PAM:setcred grantors=pam_permit,pam_cap acct="root" exe="/usr/bin/sudo" hostname=? addr=? terminal=/dev/pts/1 res=success'UID="root" AUID="vboxuser"
type=USER_START msg=audit(1768173919.408:1827): pid=1449 uid=0 auid=1000 ses=3 subj=unconfined msg='op=PAM:session_open grantors=pam_limits,pam_env,pam_env,pam_permit,pam_umask,pam_unix acct="root" exe="/usr/bin/sudo" hostname=? addr=? terminal=/dev/pts/1 res=success'UID="root" AUID="vboxuser"
type=SYSCALL msg=audit(1768173919.410:1828): arch=c000003e syscall=59 success=yes exit=0 a0=5a3905971ae8 a1=5a39059815e0 a2=5a3905a10920 a3=64 items=2 ppid=1450 pid=1451 auid=1000 uid=0 gid=0 euid=0 suid=0 fsuid=0 egid=0 sgid=0 fsgid=0 tty=pts2 ses=3 comm="vim" exe="/usr/bin/vim.basic" subj=unconfined key="T1078_Valid_Accounts"ARCH=x86_64 SYSCALL=execve AUID="vboxuser" UID="root" GID="root" EUID="root" SUID="root" FSUID="root" EGID="root" SGID="root" FSGID="root"
type=EXECVE msg=audit(1768173919.410:1828): argc=2 a0="vim" a1="/etc/apache2/apache2.conf"
type=PATH msg=audit(1768173919.410:1828): item=0 name="/usr/bin/vim" inode=1483710 dev=08:02 mode=0100755 ouid=0 ogid=0 rdev=00:00 nametype=NORMAL cap_fp=0 cap_fi=0 cap_fe=0 cap_fver=0 cap_frootid=0OUID="root" OGID="root"
type=PATH msg=audit(1768173919.410:1828): item=1 name="/lib64/ld-linux-x86-64.so.2" inode=1481429 dev=08:02 mode=0100755 ouid=0 ogid=0 rdev=00:00 nametype=NORMAL cap_fp=0 cap_fi=0 cap_fe=0 cap_fver=0 cap_frootid=0OUID="root" OGID="root"
type=PROCTITLE msg=audit(1768173919.410:1828): proctitle=76696D002F6574632F617061636865322F617061636865322E636F6E66
type=SYSCALL msg=audit(1768173919.547:1829): arch=c000003e syscall=87 success=yes exit=0 a0=56c94261d960 a1=7ffed86d8620 a2=5 a3=180 items=2 ppid=1450 pid=1451 auid=1000 uid=0 gid=0 euid=0 suid=0 fsuid=0 egid=0 sgid=0 fsgid=0 tty=pts2 ses=3 comm="vim" exe="/usr/bin/vim.basic" subj=unconfined key="T1107_File_Deletion"ARCH=x86_64 SYSCALL=unlink AUID="vboxuser" UID="root" GID="root" EUID="root" SUID="root" FSUID="root" EGID="root" SGID="root" FSGID="root"
type=PATH msg=audit(1768173919.547:1829): item=0 name="/etc/apache2/" inode=1050310 dev=08:02 mode=040755 ouid=0 ogid=0 rdev=00:00 nametype=PARENT cap_fp=0 cap_fi=0 cap_fe=0 cap_fver=0 cap_frootid=0OUID="root" OGID="root"
type=PATH msg=audit(1768173919.547:1829): item=1 name="/etc/apache2/.apache2.conf.swx" inode=1051118 dev=08:02 mode=0100600 ouid=0 ogid=0 rdev=00:00 nametype=DELETE cap_fp=0 cap_fi=0 cap_fe=0 cap_fver=0 cap_frootid=0OUID="root" OGID="root"
type=PROCTITLE msg=audit(1768173919.547:1829): proctitle=76696D002F6574632F617061636865322F617061636865322E636F6E66
type=SYSCALL msg=audit(1768173919.547:1830): arch=c000003e syscall=87 success=yes exit=0 a0=56c9422e36c0 a1=7ffed86d8620 a2=5 a3=180 items=2 ppid=1450 pid=1451 auid=1000 uid=0 gid=0 euid=0 suid=0 fsuid=0 egid=0 sgid=0 fsgid=0 tty=pts2 ses=3 comm="vim" exe="/usr/bin/vim.basic" subj=unconfined key="T1107_File_Deletion"ARCH=x86_64 SYSCALL=unlink AUID="vboxuser" UID="root" GID="root" EUID="root" SUID="root" FSUID="root" EGID="root" SGID="root" FSGID="root"
type=PATH msg=audit(1768173919.547:1830): item=0 name="/etc/apache2/" inode=1050310 dev=08:02 mode=040755 ouid=0 ogid=0 rdev=00:00 nametype=PARENT cap_fp=0 cap_fi=0 cap_fe=0 cap_fver=0 cap_frootid=0OUID="root" OGID="root"
type=PATH msg=audit(1768173919.547:1830): item=1 name="/etc/apache2/.apache2.conf.swp" inode=1050794 dev=08:02 mode=0100600 ouid=0 ogid=0 rdev=00:00 nametype=DELETE cap_fp=0 cap_fi=0 cap_fe=0 cap_fver=0 cap_frootid=0OUID="root" OGID="root"
type=PROCTITLE msg=audit(1768173919.547:1830): proctitle=76696D002F6574632F617061636865322F617061636865322E636F6E66
type=SYSCALL msg=audit(1768173919.547:1831): arch=c000003e syscall=90 success=yes exit=0 a0=56c9422e36c0 a1=1a4 a2=0 a3=56c94073ac60 items=1 ppid=1450 pid=1451 auid=1000 uid=0 gid=0 euid=0 suid=0 fsuid=0 egid=0 sgid=0 fsgid=0 tty=pts2 ses=3 comm="vim" exe="/usr/bin/vim.basic" subj=unconfined key="T1166_Seuid_and_Setgid"ARCH=x86_64 SYSCALL=chmod AUID="vboxuser" UID="root" GID="root" EUID="root" SUID="root" FSUID="root" EGID="root" SGID="root" FSGID="root"
type=PATH msg=audit(1768173919.547:1831): item=0 name="/etc/apache2/.apache2.conf.swp" inode=1050794 dev=08:02 mode=0100600 ouid=0 ogid=0 rdev=00:00 nametype=NORMAL cap_fp=0 cap_fi=0 cap_fe=0 cap_fver=0 cap_frootid=0OUID="root" OGID="root"
type=PROCTITLE msg=audit(1768173919.547:1831): proctitle=76696D002F6574632F617061636865322F617061636865322E636F6E66
type=SYSCALL msg=audit(1768173926.825:1832): arch=c000003e syscall=93 success=yes exit=0 a0=3 a1=0 a2=0 a3=81a4 items=1 ppid=1450 pid=1451 auid=1000 uid=0 gid=0 euid=0 suid=0 fsuid=0 egid=0 sgid=0 fsgid=0 tty=pts2 ses=3 comm="vim" exe="/usr/bin/vim.basic" subj=unconfined key="T1166_Seuid_and_Setgid"ARCH=x86_64 SYSCALL=fchown AUID="vboxuser" UID="root" GID="root" EUID="root" SUID="root" FSUID="root" EGID="root" SGID="root" FSGID="root"
type=PATH msg=audit(1768173926.825:1832): item=0 name=(null) inode=1051118 dev=08:02 mode=0100644 ouid=0 ogid=0 rdev=00:00 nametype=NORMAL cap_fp=0 cap_fi=0 cap_fe=0 cap_fver=0 cap_frootid=0OUID="root" OGID="root"
type=PROCTITLE msg=audit(1768173926.825:1832): proctitle=76696D002F6574632F617061636865322F617061636865322E636F6E66
type=SYSCALL msg=audit(1768173926.825:1833): arch=c000003e syscall=87 success=yes exit=0 a0=56c9422d4420 a1=0 a2=0 a3=0 items=2 ppid=1450 pid=1451 auid=1000 uid=0 gid=0 euid=0 suid=0 fsuid=0 egid=0 sgid=0 fsgid=0 tty=pts2 ses=3 comm="vim" exe="/usr/bin/vim.basic" subj=unconfined key="T1107_File_Deletion"ARCH=x86_64 SYSCALL=unlink AUID="vboxuser" UID="root" GID="root" EUID="root" SUID="root" FSUID="root" EGID="root" SGID="root" FSGID="root"
type=PATH msg=audit(1768173926.825:1833): item=0 name="/etc/apache2/" inode=1050310 dev=08:02 mode=040755 ouid=0 ogid=0 rdev=00:00 nametype=PARENT cap_fp=0 cap_fi=0 cap_fe=0 cap_fver=0 cap_frootid=0OUID="root" OGID="root"
type=PATH msg=audit(1768173926.825:1833): item=1 name="/etc/apache2/4913" inode=1051118 dev=08:02 mode=0100644 ouid=0 ogid=0 rdev=00:00 nametype=DELETE cap_fp=0 cap_fi=0 cap_fe=0 cap_fver=0 cap_frootid=0OUID="root" OGID="root"
type=PROCTITLE msg=audit(1768173926.825:1833): proctitle=76696D002F6574632F617061636865322F617061636865322E636F6E66
type=SYSCALL msg=audit(1768173926.825:1834): arch=c000003e syscall=87 success=no exit=-2 a0=56c9422f2760 a1=56c9422f2760 a2=fffffffffffffc58 a3=0 items=1 ppid=1450 pid=1451 auid=1000 uid=0 gid=0 euid=0 suid=0 fsuid=0 egid=0 sgid=0 fsgid=0 tty=pts2 ses=3 comm="vim" exe="/usr/bin/vim.basic" subj=unconfined key="T1107_File_Deletion"ARCH=x86_64 SYSCALL=unlink AUID="vboxuser" UID="root" GID="root" EUID="root" SUID="root" FSUID="root" EGID="root" SGID="root" FSGID="root"
type=PATH msg=audit(1768173926.825:1834): item=0 name="/etc/apache2/" inode=1050310 dev=08:02 mode=040755 ouid=0 ogid=0 rdev=00:00 nametype=PARENT cap_fp=0 cap_fi=0 cap_fe=0 cap_fver=0 cap_frootid=0OUID="root" OGID="root"
type=PROCTITLE msg=audit(1768173926.825:1834): proctitle=76696D002F6574632F617061636865322F617061636865322E636F6E66
type=SYSCALL msg=audit(1768173926.825:1835): arch=c000003e syscall=82 success=yes exit=0 a0=56c9422e36f0 a1=56c9422f2760 a2=fffffffffffffc58 a3=0 items=4 ppid=1450 pid=1451 auid=1000 uid=0 gid=0 euid=0 suid=0 fsuid=0 egid=0 sgid=0 fsgid=0 tty=pts2 ses=3 comm="vim" exe="/usr/bin/vim.basic" subj=unconfined key="T1107_File_Deletion"ARCH=x86_64 SYSCALL=rename AUID="vboxuser" UID="root" GID="root" EUID="root" SUID="root" FSUID="root" EGID="root" SGID="root" FSGID="root"
type=PATH msg=audit(1768173926.825:1835): item=0 name="/etc/apache2/" inode=1050310 dev=08:02 mode=040755 ouid=0 ogid=0 rdev=00:00 nametype=PARENT cap_fp=0 cap_fi=0 cap_fe=0 cap_fver=0 cap_frootid=0OUID="root" OGID="root"
type=PATH msg=audit(1768173926.825:1835): item=1 name="/etc/apache2/" inode=1050310 dev=08:02 mode=040755 ouid=0 ogid=0 rdev=00:00 nametype=PARENT cap_fp=0 cap_fi=0 cap_fe=0 cap_fver=0 cap_frootid=0OUID="root" OGID="root"
type=PATH msg=audit(1768173926.825:1835): item=2 name="/etc/apache2/apache2.conf" inode=1050311 dev=08:02 mode=0100644 ouid=0 ogid=0 rdev=00:00 nametype=DELETE cap_fp=0 cap_fi=0 cap_fe=0 cap_fver=0 cap_frootid=0OUID="root" OGID="root"
type=PATH msg=audit(1768173926.825:1835): item=3 name="/etc/apache2/apache2.conf~" inode=1050311 dev=08:02 mode=0100644 ouid=0 ogid=0 rdev=00:00 nametype=CREATE cap_fp=0 cap_fi=0 cap_fe=0 cap_fver=0 cap_frootid=0OUID="root" OGID="root"
type=PROCTITLE msg=audit(1768173926.825:1835): proctitle=76696D002F6574632F617061636865322F617061636865322E636F6E66
type=SYSCALL msg=audit(1768173926.834:1836): arch=c000003e syscall=91 success=yes exit=0 a0=3 a1=81a4 a2=7ffed86d80d0 a3=0 items=1 ppid=1450 pid=1451 auid=1000 uid=0 gid=0 euid=0 suid=0 fsuid=0 egid=0 sgid=0 fsgid=0 tty=pts2 ses=3 comm="vim" exe="/usr/bin/vim.basic" subj=unconfined key="T1166_Seuid_and_Setgid"ARCH=x86_64 SYSCALL=fchmod AUID="vboxuser" UID="root" GID="root" EUID="root" SUID="root" FSUID="root" EGID="root" SGID="root" FSGID="root"
type=PATH msg=audit(1768173926.834:1836): item=0 name=(null) inode=1051118 dev=08:02 mode=0100644 ouid=0 ogid=0 rdev=00:00 nametype=NORMAL cap_fp=0 cap_fi=0 cap_fe=0 cap_fver=0 cap_frootid=0OUID="root" OGID="root"
type=PROCTITLE msg=audit(1768173926.834:1836): proctitle=76696D002F6574632F617061636865322F617061636865322E636F6E66
type=SYSCALL msg=audit(1768173926.834:1837): arch=c000003e syscall=188 success=yes exit=0 a0=56c9422e36f0 a1=79c8ceb8f000 a2=56c9422f27b0 a3=1c items=1 ppid=1450 pid=1451 auid=1000 uid=0 gid=0 euid=0 suid=0 fsuid=0 egid=0 sgid=0 fsgid=0 tty=pts2 ses=3 comm="vim" exe="/usr/bin/vim.basic" subj=unconfined key="T1166_Seuid_and_Setgid"ARCH=x86_64 SYSCALL=setxattr AUID="vboxuser" UID="root" GID="root" EUID="root" SUID="root" FSUID="root" EGID="root" SGID="root" FSGID="root"
type=PATH msg=audit(1768173926.834:1837): item=0 name="/etc/apache2/apache2.conf" inode=1051118 dev=08:02 mode=0100644 ouid=0 ogid=0 rdev=00:00 nametype=NORMAL cap_fp=0 cap_fi=0 cap_fe=0 cap_fver=0 cap_frootid=0OUID="root" OGID="root"
type=PROCTITLE msg=audit(1768173926.834:1837): proctitle=76696D002F6574632F617061636865322F617061636865322E636F6E66
type=SYSCALL msg=audit(1768173926.834:1838): arch=c000003e syscall=87 success=yes exit=0 a0=56c9422f2760 a1=382d6674 a2=56c940691b7d a3=0 items=2 ppid=1450 pid=1451 auid=1000 uid=0 gid=0 euid=0 suid=0 fsuid=0 egid=0 sgid=0 fsgid=0 tty=pts2 ses=3 comm="vim" exe="/usr/bin/vim.basic" subj=unconfined key="T1107_File_Deletion"ARCH=x86_64 SYSCALL=unlink AUID="vboxuser" UID="root" GID="root" EUID="root" SUID="root" FSUID="root" EGID="root" SGID="root" FSGID="root"
type=PATH msg=audit(1768173926.834:1838): item=0 name="/etc/apache2/" inode=1050310 dev=08:02 mode=040755 ouid=0 ogid=0 rdev=00:00 nametype=PARENT cap_fp=0 cap_fi=0 cap_fe=0 cap_fver=0 cap_frootid=0OUID="root" OGID="root"
type=PATH msg=audit(1768173926.834:1838): item=1 name="/etc/apache2/apache2.conf~" inode=1050311 dev=08:02 mode=0100644 ouid=0 ogid=0 rdev=00:00 nametype=DELETE cap_fp=0 cap_fi=0 cap_fe=0 cap_fver=0 cap_frootid=0OUID="root" OGID="root"
type=PROCTITLE msg=audit(1768173926.834:1838): proctitle=76696D002F6574632F617061636865322F617061636865322E636F6E66
type=SYSCALL msg=audit(1768173926.835:1839): arch=c000003e syscall=87 success=yes exit=0 a0=56c9422f12a0 a1=56c9422f12a0 a2=7ffed86d74b0 a3=0 items=2 ppid=1450 pid=1451 auid=1000 uid=0 gid=0 euid=0 suid=0 fsuid=0 egid=0 sgid=0 fsgid=0 tty=pts2 ses=3 comm="vim" exe="/usr/bin/vim.basic" subj=unconfined key="T1107_File_Deletion"ARCH=x86_64 SYSCALL=unlink AUID="vboxuser" UID="root" GID="root" EUID="root" SUID="root" FSUID="root" EGID="root" SGID="root" FSGID="root"
type=PATH msg=audit(1768173926.835:1839): item=0 name="/root/" inode=1048578 dev=08:02 mode=040700 ouid=0 ogid=0 rdev=00:00 nametype=PARENT cap_fp=0 cap_fi=0 cap_fe=0 cap_fver=0 cap_frootid=0OUID="root" OGID="root"
type=PATH msg=audit(1768173926.835:1839): item=1 name="/root/.viminfo" inode=1051134 dev=08:02 mode=0100600 ouid=0 ogid=0 rdev=00:00 nametype=DELETE cap_fp=0 cap_fi=0 cap_fe=0 cap_fver=0 cap_frootid=0OUID="root" OGID="root"
type=PROCTITLE msg=audit(1768173926.835:1839): proctitle=76696D002F6574632F617061636865322F617061636865322E636F6E66
type=SYSCALL msg=audit(1768173926.836:1840): arch=c000003e syscall=82 success=yes exit=0 a0=56c9422f12f0 a1=56c9422f12a0 a2=7ffed86d74b0 a3=0 items=4 ppid=1450 pid=1451 auid=1000 uid=0 gid=0 euid=0 suid=0 fsuid=0 egid=0 sgid=0 fsgid=0 tty=pts2 ses=3 comm="vim" exe="/usr/bin/vim.basic" subj=unconfined key="T1107_File_Deletion"ARCH=x86_64 SYSCALL=rename AUID="vboxuser" UID="root" GID="root" EUID="root" SUID="root" FSUID="root" EGID="root" SGID="root" FSGID="root"
type=PATH msg=audit(1768173926.836:1840): item=0 name="/root/" inode=1048578 dev=08:02 mode=040700 ouid=0 ogid=0 rdev=00:00 nametype=PARENT cap_fp=0 cap_fi=0 cap_fe=0 cap_fver=0 cap_frootid=0OUID="root" OGID="root"
type=PATH msg=audit(1768173926.836:1840): item=1 name="/root/" inode=1048578 dev=08:02 mode=040700 ouid=0 ogid=0 rdev=00:00 nametype=PARENT cap_fp=0 cap_fi=0 cap_fe=0 cap_fver=0 cap_frootid=0OUID="root" OGID="root"
type=PATH msg=audit(1768173926.836:1840): item=2 name="/root/.viminfo.tmp" inode=1050311 dev=08:02 mode=0100600 ouid=0 ogid=0 rdev=00:00 nametype=DELETE cap_fp=0 cap_fi=0 cap_fe=0 cap_fver=0 cap_frootid=0OUID="root" OGID="root"
type=PATH msg=audit(1768173926.836:1840): item=3 name="/root/.viminfo" inode=1050311 dev=08:02 mode=0100600 ouid=0 ogid=0 rdev=00:00 nametype=CREATE cap_fp=0 cap_fi=0 cap_fe=0 cap_fver=0 cap_frootid=0OUID="root" OGID="root"
type=PROCTITLE msg=audit(1768173926.836:1840): proctitle=76696D002F6574632F617061636865322F617061636865322E636F6E66
type=SYSCALL msg=audit(1768173926.844:1841): arch=c000003e syscall=87 success=yes exit=0 a0=56c9425cb0b0 a1=0 a2=0 a3=0 items=2 ppid=1450 pid=1451 auid=1000 uid=0 gid=0 euid=0 suid=0 fsuid=0 egid=0 sgid=0 fsgid=0 tty=pts2 ses=3 comm="vim" exe="/usr/bin/vim.basic" subj=unconfined key="T1107_File_Deletion"ARCH=x86_64 SYSCALL=unlink AUID="vboxuser" UID="root" GID="root" EUID="root" SUID="root" FSUID="root" EGID="root" SGID="root" FSGID="root"
type=PATH msg=audit(1768173926.844:1841): item=0 name="/etc/apache2/" inode=1050310 dev=08:02 mode=040755 ouid=0 ogid=0 rdev=00:00 nametype=PARENT cap_fp=0 cap_fi=0 cap_fe=0 cap_fver=0 cap_frootid=0OUID="root" OGID="root"
type=PATH msg=audit(1768173926.844:1841): item=1 name="/etc/apache2/.apache2.conf.swp" inode=1050794 dev=08:02 mode=0100644 ouid=0 ogid=0 rdev=00:00 nametype=DELETE cap_fp=0 cap_fi=0 cap_fe=0 cap_fver=0 cap_frootid=0OUID="root" OGID="root"
type=PROCTITLE msg=audit(1768173926.844:1841): proctitle=76696D002F6574632F617061636865322F617061636865322E636F6E66
type=SYSCALL msg=audit(1768173926.848:1842): arch=c000003e syscall=257 success=yes exit=10 a0=ffffff9c a1=75833c5d46b0 a2=80002 a3=0 items=1 ppid=1424 pid=1449 auid=1000 uid=0 gid=0 euid=0 suid=0 fsuid=0 egid=0 sgid=0 fsgid=0 tty=pts1 ses=3 comm="sudo" exe="/usr/bin/sudo" subj=unconfined key="T1108_Redundant_Access"ARCH=x86_64 SYSCALL=openat AUID="vboxuser" UID="root" GID="root" EUID="root" SUID="root" FSUID="root" EGID="root" SGID="root" FSGID="root"
type=PATH msg=audit(1768173926.848:1842): item=0 name="/var/run/utmp" inode=598 dev=00:18 mode=0100664 ouid=0 ogid=43 rdev=00:00 nametype=NORMAL cap_fp=0 cap_fi=0 cap_fe=0 cap_fver=0 cap_frootid=0OUID="root" OGID="utmp"
type=PROCTITLE msg=audit(1768173926.848:1842): proctitle=7375646F0076696D002F6574632F617061636865322F617061636865322E636F6E66
type=USER_END msg=audit(1768173926.848:1843): pid=1449 uid=0 auid=1000 ses=3 subj=unconfined msg='op=PAM:session_close grantors=pam_limits,pam_env,pam_env,pam_permit,pam_umask,pam_unix acct="root" exe="/usr/bin/sudo" hostname=? addr=? terminal=/dev/pts/1 res=success'UID="root" AUID="vboxuser"
type=CRED_DISP msg=audit(1768173926.848:1844): pid=1449 uid=0 auid=1000 ses=3 subj=unconfined msg='op=PAM:setcred grantors=pam_permit acct="root" exe="/usr/bin/sudo" hostname=? addr=? terminal=/dev/pts/1 res=success'UID="root" AUID="vboxuser"
type=SYSCALL msg=audit(1768173936.904:1845): arch=c000003e syscall=59 success=yes exit=0 a0=63868ee5fb80 a1=63868ee5fa30 a2=63868ed19cc0 a3=63868ee5fa30 items=2 ppid=1424 pid=1453 auid=1000 uid=0 gid=0 euid=0 suid=0 fsuid=0 egid=0 sgid=0 fsgid=0 tty=pts1 ses=3 comm="systemctl" exe="/usr/bin/systemctl" subj=unconfined key="T1078_Valid_Accounts"ARCH=x86_64 SYSCALL=execve AUID="vboxuser" UID="root" GID="root" EUID="root" SUID="root" FSUID="root" EGID="root" SGID="root" FSGID="root"
type=EXECVE msg=audit(1768173936.904:1845): argc=3 a0="systemctl" a1="restart" a2="apache2"
type=PATH msg=audit(1768173936.904:1845): item=0 name="/usr/bin/systemctl" inode=1461475 dev=08:02 mode=0100755 ouid=0 ogid=0 rdev=00:00 nametype=NORMAL cap_fp=0 cap_fi=0 cap_fe=0 cap_fver=0 cap_frootid=0OUID="root" OGID="root"
type=PATH msg=audit(1768173936.904:1845): item=1 name="/lib64/ld-linux-x86-64.so.2" inode=1481429 dev=08:02 mode=0100755 ouid=0 ogid=0 rdev=00:00 nametype=NORMAL cap_fp=0 cap_fi=0 cap_fe=0 cap_fver=0 cap_frootid=0OUID="root" OGID="root"
type=PROCTITLE msg=audit(1768173936.904:1845): proctitle=73797374656D63746C00726573746172740061706163686532
type=SYSCALL msg=audit(1768173936.914:1846): arch=c000003e syscall=42 success=yes exit=0 a0=3 a1=576cfd501ac8 a2=17 a3=7ffedc563344 items=1 ppid=1424 pid=1453 auid=1000 uid=0 gid=0 euid=0 suid=0 fsuid=0 egid=0 sgid=0 fsgid=0 tty=pts1 ses=3 comm="systemctl" exe="/usr/bin/systemctl" subj=unconfined key="T1043_Commonly_Used_Port"ARCH=x86_64 SYSCALL=connect AUID="vboxuser" UID="root" GID="root" EUID="root" SUID="root" FSUID="root" EGID="root" SGID="root" FSGID="root"
type=SOCKADDR msg=audit(1768173936.914:1846): saddr=01002F72756E2F73797374656D642F7072697661746500SADDR={ saddr_fam=local path=/run/systemd/private }
type=PATH msg=audit(1768173936.914:1846): item=0 name="/run/systemd/private" inode=450 dev=00:18 mode=0140700 ouid=0 ogid=0 rdev=00:00 nametype=NORMAL cap_fp=0 cap_fi=0 cap_fe=0 cap_fver=0 cap_frootid=0OUID="root" OGID="root"
type=PROCTITLE msg=audit(1768173936.914:1846): proctitle=73797374656D63746C00726573746172740061706163686532
type=SYSCALL msg=audit(1768173936.914:1847): arch=c000003e syscall=59 success=yes exit=0 a0=576cc46a5090 a1=7ffedc5635c0 a2=7ffedc563e48 a3=74866b9aa8d0 items=2 ppid=1453 pid=1454 auid=1000 uid=0 gid=0 euid=0 suid=0 fsuid=0 egid=0 sgid=0 fsgid=0 tty=pts1 ses=3 comm="systemd-tty-ask" exe="/usr/bin/systemd-tty-ask-password-agent" subj=unconfined key="T1078_Valid_Accounts"ARCH=x86_64 SYSCALL=execve AUID="vboxuser" UID="root" GID="root" EUID="root" SUID="root" FSUID="root" EGID="root" SGID="root" FSGID="root"
type=EXECVE msg=audit(1768173936.914:1847): argc=2 a0="/usr/bin/systemd-tty-ask-password-agent" a1="--watch"
type=PATH msg=audit(1768173936.914:1847): item=0 name="/usr/bin/systemd-tty-ask-password-agent" inode=1461700 dev=08:02 mode=0100755 ouid=0 ogid=0 rdev=00:00 nametype=NORMAL cap_fp=0 cap_fi=0 cap_fe=0 cap_fver=0 cap_frootid=0OUID="root" OGID="root"
type=PATH msg=audit(1768173936.914:1847): item=1 name="/lib64/ld-linux-x86-64.so.2" inode=1481429 dev=08:02 mode=0100755 ouid=0 ogid=0 rdev=00:00 nametype=NORMAL cap_fp=0 cap_fi=0 cap_fe=0 cap_fver=0 cap_frootid=0OUID="root" OGID="root"
type=PROCTITLE msg=audit(1768173936.914:1847): proctitle=2F7573722F62696E2F73797374656D642D7474792D61736B2D70617373776F72642D6167656E74002D2D7761746368
type=SYSCALL msg=audit(1768173936.924:1848): arch=c000003e syscall=59 success=yes exit=0 a0=7fffa423c540 a1=7fffa423c560 a2=7fffa423d048 a3=8 items=2 ppid=1 pid=1455 auid=4294967295 uid=0 gid=0 euid=0 suid=0 fsuid=0 egid=0 sgid=0 fsgid=0 tty=(none) ses=4294967295 comm="9" exe="/usr/lib/systemd/systemd-executor" subj=unconfined key="T1078_Valid_Accounts"ARCH=x86_64 SYSCALL=execve AUID="unset" UID="root" GID="root" EUID="root" SUID="root" FSUID="root" EGID="root" SGID="root" FSGID="root"
type=EXECVE msg=audit(1768173936.924:1848): argc=7 a0="/usr/lib/systemd/systemd-executor" a1="--deserialize" a2="95" a3="--log-level" a4="info" a5="--log-target" a6="journal-or-kmsg"
type=PATH msg=audit(1768173936.924:1848): item=0 name="/proc/self/fd/9" inode=1463834 dev=08:02 mode=0100755 ouid=0 ogid=0 rdev=00:00 nametype=NORMAL cap_fp=0 cap_fi=0 cap_fe=0 cap_fver=0 cap_frootid=0OUID="root" OGID="root"
type=PATH msg=audit(1768173936.924:1848): item=1 name="/lib64/ld-linux-x86-64.so.2" inode=1481429 dev=08:02 mode=0100755 ouid=0 ogid=0 rdev=00:00 nametype=NORMAL cap_fp=0 cap_fi=0 cap_fe=0 cap_fver=0 cap_frootid=0OUID="root" OGID="root"
type=PROCTITLE msg=audit(1768173936.924:1848): proctitle=2F7573722F6C69622F73797374656D642F73797374656D642D6578656375746F72002D2D646573657269616C697A65003935002D2D6C6F672D6C6576656C00696E666F002D2D6C6F672D746172676574006A6F75726E616C2D6F722D6B6D7367
type=SYSCALL msg=audit(1768173936.934:1849): arch=c000003e syscall=42 success=yes exit=0 a0=4 a1=7fffcabe1360 a2=1e a3=7fffcabe1410 items=1 ppid=1 pid=1455 auid=4294967295 uid=0 gid=0 euid=0 suid=0 fsuid=0 egid=0 sgid=0 fsgid=0 tty=(none) ses=4294967295 comm="9" exe="/usr/lib/systemd/systemd-executor" subj=unconfined key="T1043_Commonly_Used_Port"ARCH=x86_64 SYSCALL=connect AUID="unset" UID="root" GID="root" EUID="root" SUID="root" FSUID="root" EGID="root" SGID="root" FSGID="root"
type=SOCKADDR msg=audit(1768173936.934:1849): saddr=01002F72756E2F73797374656D642F6A6F75726E616C2F736F636B657400SADDR={ saddr_fam=local path=/run/systemd/journal/socket }
type=PATH msg=audit(1768173936.934:1849): item=0 name="/run/systemd/journal/socket" inode=465 dev=00:18 mode=0140666 ouid=0 ogid=0 rdev=00:00 nametype=NORMAL cap_fp=0 cap_fi=0 cap_fe=0 cap_fver=0 cap_frootid=0OUID="root" OGID="root"
type=PROCTITLE msg=audit(1768173936.934:1849): proctitle=2F7573722F6C69622F73797374656D642F73797374656D642D6578656375746F72002D2D646573657269616C697A65003935002D2D6C6F672D6C6576656C00696E666F002D2D6C6F672D746172676574006A6F75726E616C2D6F722D6B6D7367
type=SYSCALL msg=audit(1768173936.934:1850): arch=c000003e syscall=42 success=yes exit=0 a0=3 a1=7fffcabe0ee0 a2=1e a3=fffffff7 items=1 ppid=1 pid=1455 auid=4294967295 uid=0 gid=0 euid=0 suid=0 fsuid=0 egid=0 sgid=0 fsgid=0 tty=(none) ses=4294967295 comm="(pachectl)" exe="/usr/lib/systemd/systemd-executor" subj=unconfined key="T1043_Commonly_Used_Port"ARCH=x86_64 SYSCALL=connect AUID="unset" UID="root" GID="root" EUID="root" SUID="root" FSUID="root" EGID="root" SGID="root" FSGID="root"
type=SOCKADDR msg=audit(1768173936.934:1850): saddr=01002F72756E2F73797374656D642F6A6F75726E616C2F7374646F757400SADDR={ saddr_fam=local path=/run/systemd/journal/stdout }
type=PATH msg=audit(1768173936.934:1850): item=0 name="/run/systemd/journal/stdout" inode=466 dev=00:18 mode=0140666 ouid=0 ogid=0 rdev=00:00 nametype=NORMAL cap_fp=0 cap_fi=0 cap_fe=0 cap_fver=0 cap_frootid=0OUID="root" OGID="root"
type=PROCTITLE msg=audit(1768173936.934:1850): proctitle=2F7573722F6C69622F73797374656D642F73797374656D642D6578656375746F72002D2D646573657269616C697A65003935002D2D6C6F672D6C6576656C00696E666F002D2D6C6F672D746172676574006A6F75726E616C2D6F722D6B6D7367
type=SYSCALL msg=audit(1768173936.936:1851): arch=c000003e syscall=59 success=yes exit=0 a0=56f5fa239480 a1=56f5fa241b80 a2=56f5fa2389b0 a3=56f5fa239b80 items=3 ppid=1 pid=1455 auid=4294967295 uid=0 gid=0 euid=0 suid=0 fsuid=0 egid=0 sgid=0 fsgid=0 tty=(none) ses=4294967295 comm="apachectl" exe="/usr/bin/dash" subj=unconfined key="T1078_Valid_Accounts"ARCH=x86_64 SYSCALL=execve AUID="unset" UID="root" GID="root" EUID="root" SUID="root" FSUID="root" EGID="root" SGID="root" FSGID="root"
type=EXECVE msg=audit(1768173936.936:1851): argc=3 a0="/bin/sh" a1="/usr/sbin/apachectl" a2="graceful-stop"
type=PATH msg=audit(1768173936.936:1851): item=0 name="/usr/sbin/apachectl" inode=1479339 dev=08:02 mode=0100755 ouid=0 ogid=0 rdev=00:00 nametype=NORMAL cap_fp=0 cap_fi=0 cap_fe=0 cap_fver=0 cap_frootid=0OUID="root" OGID="root"
type=PATH msg=audit(1768173936.936:1851): item=1 name="/bin/sh" inode=1442345 dev=08:02 mode=0100755 ouid=0 ogid=0 rdev=00:00 nametype=NORMAL cap_fp=0 cap_fi=0 cap_fe=0 cap_fver=0 cap_frootid=0OUID="root" OGID="root"
type=PATH msg=audit(1768173936.936:1851): item=2 name="/lib64/ld-linux-x86-64.so.2" inode=1481429 dev=08:02 mode=0100755 ouid=0 ogid=0 rdev=00:00 nametype=NORMAL cap_fp=0 cap_fi=0 cap_fe=0 cap_fver=0 cap_frootid=0OUID="root" OGID="root"
type=PROCTITLE msg=audit(1768173936.936:1851): proctitle=2F7573722F6C69622F73797374656D642F73797374656D642D6578656375746F72002D2D646573657269616C697A65003935002D2D6C6F672D6C6576656C00696E666F002D2D6C6F672D746172676574006A6F75726E616C2D6F722D6B6D7367
type=SYSCALL msg=audit(1768173936.943:1852): arch=c000003e syscall=59 success=yes exit=0 a0=5af19992ad40 a1=5af19992cc30 a2=5af19992aca8 a3=5af19992ca30 items=2 ppid=1455 pid=1456 auid=4294967295 uid=0 gid=0 euid=0 suid=0 fsuid=0 egid=0 sgid=0 fsgid=0 tty=(none) ses=4294967295 comm="id" exe="/usr/bin/id" subj=unconfined key="T1078_Valid_Accounts"ARCH=x86_64 SYSCALL=execve AUID="unset" UID="root" GID="root" EUID="root" SUID="root" FSUID="root" EGID="root" SGID="root" FSGID="root"
type=EXECVE msg=audit(1768173936.943:1852): argc=2 a0="id" a1="-u"
type=PATH msg=audit(1768173936.943:1852): item=0 name="/usr/bin/id" inode=1442474 dev=08:02 mode=0100755 ouid=0 ogid=0 rdev=00:00 nametype=NORMAL cap_fp=0 cap_fi=0 cap_fe=0 cap_fver=0 cap_frootid=0OUID="root" OGID="root"
type=PATH msg=audit(1768173936.943:1852): item=1 name="/lib64/ld-linux-x86-64.so.2" inode=1481429 dev=08:02 mode=0100755 ouid=0 ogid=0 rdev=00:00 nametype=NORMAL cap_fp=0 cap_fi=0 cap_fe=0 cap_fver=0 cap_frootid=0OUID="root" OGID="root"
type=PROCTITLE msg=audit(1768173936.943:1852): proctitle=6964002D75
type=SYSCALL msg=audit(1768173936.948:1853): arch=c000003e syscall=59 success=yes exit=0 a0=5af19992c9a0 a1=5af19992e2f8 a2=5af19992e318 a3=8 items=2 ppid=1455 pid=1457 auid=4294967295 uid=0 gid=0 euid=0 suid=0 fsuid=0 egid=0 sgid=0 fsgid=0 tty=(none) ses=4294967295 comm="apache2" exe="/usr/sbin/apache2" subj=unconfined key="T1078_Valid_Accounts"ARCH=x86_64 SYSCALL=execve AUID="unset" UID="root" GID="root" EUID="root" SUID="root" FSUID="root" EGID="root" SGID="root" FSGID="root"
type=EXECVE msg=audit(1768173936.948:1853): argc=3 a0="/usr/sbin/apache2" a1="-k" a2="graceful-stop"
type=PATH msg=audit(1768173936.948:1853): item=0 name="/usr/sbin/apache2" inode=1457163 dev=08:02 mode=0100755 ouid=0 ogid=0 rdev=00:00 nametype=NORMAL cap_fp=0 cap_fi=0 cap_fe=0 cap_fver=0 cap_frootid=0OUID="root" OGID="root"
type=PATH msg=audit(1768173936.948:1853): item=1 name="/lib64/ld-linux-x86-64.so.2" inode=1481429 dev=08:02 mode=0100755 ouid=0 ogid=0 rdev=00:00 nametype=NORMAL cap_fp=0 cap_fi=0 cap_fe=0 cap_fver=0 cap_frootid=0OUID="root" OGID="root"
type=PROCTITLE msg=audit(1768173936.948:1853): proctitle=2F7573722F7362696E2F61706163686532002D6B00677261636566756C2D73746F70
type=SYSCALL msg=audit(1768173936.956:1854): arch=c000003e syscall=42 success=yes exit=0 a0=3 a1=59e3e37c0c30 a2=1c a3=0 items=0 ppid=1455 pid=1457 auid=4294967295 uid=0 gid=0 euid=0 suid=0 fsuid=0 egid=0 sgid=0 fsgid=0 tty=(none) ses=4294967295 comm="apache2" exe="/usr/sbin/apache2" subj=unconfined key="T1043_Commonly_Used_Port"ARCH=x86_64 SYSCALL=connect AUID="unset" UID="root" GID="root" EUID="root" SUID="root" FSUID="root" EGID="root" SGID="root" FSGID="root"
type=SOCKADDR msg=audit(1768173936.956:1854): saddr=0A000000000000000000000000000000000000000000000000000000SADDR={ saddr_fam=inet6 laddr=:: lport=0 }
type=PROCTITLE msg=audit(1768173936.956:1854): proctitle=2F7573722F7362696E2F61706163686532002D6B00677261636566756C2D73746F70
type=SYSCALL msg=audit(1768173936.956:1855): arch=c000003e syscall=42 success=yes exit=0 a0=3 a1=7fff62bca8f0 a2=10 a3=0 items=0 ppid=1455 pid=1457 auid=4294967295 uid=0 gid=0 euid=0 suid=0 fsuid=0 egid=0 sgid=0 fsgid=0 tty=(none) ses=4294967295 comm="apache2" exe="/usr/sbin/apache2" subj=unconfined key="T1043_Commonly_Used_Port"ARCH=x86_64 SYSCALL=connect AUID="unset" UID="root" GID="root" EUID="root" SUID="root" FSUID="root" EGID="root" SGID="root" FSGID="root"
type=SOCKADDR msg=audit(1768173936.956:1855): saddr=00000000000000000000000000000000SADDR=unknown-family(0)
type=PROCTITLE msg=audit(1768173936.956:1855): proctitle=2F7573722F7362696E2F61706163686532002D6B00677261636566756C2D73746F70
type=SYSCALL msg=audit(1768173936.956:1856): arch=c000003e syscall=42 success=yes exit=0 a0=3 a1=59e3e37c0c90 a2=10 a3=0 items=0 ppid=1455 pid=1457 auid=4294967295 uid=0 gid=0 euid=0 suid=0 fsuid=0 egid=0 sgid=0 fsgid=0 tty=(none) ses=4294967295 comm="apache2" exe="/usr/sbin/apache2" subj=unconfined key="T1043_Commonly_Used_Port"ARCH=x86_64 SYSCALL=connect AUID="unset" UID="root" GID="root" EUID="root" SUID="root" FSUID="root" EGID="root" SGID="root" FSGID="root"
type=SOCKADDR msg=audit(1768173936.956:1856): saddr=02000000000000000000000000000000SADDR={ saddr_fam=inet laddr=0.0.0.0 lport=0 }
type=PROCTITLE msg=audit(1768173936.956:1856): proctitle=2F7573722F7362696E2F61706163686532002D6B00677261636566756C2D73746F70
type=SYSCALL msg=audit(1768173936.965:1857): arch=c000003e syscall=42 success=yes exit=0 a0=3 a1=59e3e37e5030 a2=1c a3=0 items=0 ppid=1455 pid=1457 auid=4294967295 uid=0 gid=0 euid=0 suid=0 fsuid=0 egid=0 sgid=0 fsgid=0 tty=(none) ses=4294967295 comm="apache2" exe="/usr/sbin/apache2" subj=unconfined key="T1043_Commonly_Used_Port"ARCH=x86_64 SYSCALL=connect AUID="unset" UID="root" GID="root" EUID="root" SUID="root" FSUID="root" EGID="root" SGID="root" FSGID="root"
type=SOCKADDR msg=audit(1768173936.965:1857): saddr=0A000050000000000000000000000000000000000000000000000000SADDR={ saddr_fam=inet6 laddr=:: lport=80 }
type=PROCTITLE msg=audit(1768173936.965:1857): proctitle=2F7573722F7362696E2F61706163686532002D6B00677261636566756C2D73746F70
type=SYSCALL msg=audit(1768173936.965:1858): arch=c000003e syscall=42 success=yes exit=0 a0=3 a1=7fff62bca580 a2=10 a3=0 items=0 ppid=1455 pid=1457 auid=4294967295 uid=0 gid=0 euid=0 suid=0 fsuid=0 egid=0 sgid=0 fsgid=0 tty=(none) ses=4294967295 comm="apache2" exe="/usr/sbin/apache2" subj=unconfined key="T1043_Commonly_Used_Port"ARCH=x86_64 SYSCALL=connect AUID="unset" UID="root" GID="root" EUID="root" SUID="root" FSUID="root" EGID="root" SGID="root" FSGID="root"
type=SOCKADDR msg=audit(1768173936.965:1858): saddr=00000000000000000000000000000000SADDR=unknown-family(0)
type=PROCTITLE msg=audit(1768173936.965:1858): proctitle=2F7573722F7362696E2F61706163686532002D6B00677261636566756C2D73746F70
type=SYSCALL msg=audit(1768173936.965:1859): arch=c000003e syscall=42 success=yes exit=0 a0=3 a1=59e3e37e4770 a2=10 a3=0 items=0 ppid=1455 pid=1457 auid=4294967295 uid=0 gid=0 euid=0 suid=0 fsuid=0 egid=0 sgid=0 fsgid=0 tty=(none) ses=4294967295 comm="apache2" exe="/usr/sbin/apache2" subj=unconfined key="T1043_Commonly_Used_Port"ARCH=x86_64 SYSCALL=connect AUID="unset" UID="root" GID="root" EUID="root" SUID="root" FSUID="root" EGID="root" SGID="root" FSGID="root"
type=SOCKADDR msg=audit(1768173936.965:1859): saddr=02000050000000000000000000000000SADDR={ saddr_fam=inet laddr=0.0.0.0 lport=80 }
type=PROCTITLE msg=audit(1768173936.965:1859): proctitle=2F7573722F7362696E2F61706163686532002D6B00677261636566756C2D73746F70
type=SYSCALL msg=audit(1768173936.965:1860): arch=c000003e syscall=42 success=yes exit=0 a0=5 a1=59e3e37e5030 a2=1c a3=0 items=0 ppid=1455 pid=1457 auid=4294967295 uid=0 gid=0 euid=0 suid=0 fsuid=0 egid=0 sgid=0 fsgid=0 tty=(none) ses=4294967295 comm="apache2" exe="/usr/sbin/apache2" subj=unconfined key="T1043_Commonly_Used_Port"ARCH=x86_64 SYSCALL=connect AUID="unset" UID="root" GID="root" EUID="root" SUID="root" FSUID="root" EGID="root" SGID="root" FSGID="root"
type=SOCKADDR msg=audit(1768173936.965:1860): saddr=0A000050000000000000000000000000000000000000000000000000SADDR={ saddr_fam=inet6 laddr=:: lport=80 }
type=PROCTITLE msg=audit(1768173936.965:1860): proctitle=2F7573722F7362696E2F61706163686532002D6B00677261636566756C2D73746F70
type=SYSCALL msg=audit(1768173936.965:1861): arch=c000003e syscall=42 success=yes exit=0 a0=5 a1=7fff62bca520 a2=10 a3=0 items=0 ppid=1455 pid=1457 auid=4294967295 uid=0 gid=0 euid=0 suid=0 fsuid=0 egid=0 sgid=0 fsgid=0 tty=(none) ses=4294967295 comm="apache2" exe="/usr/sbin/apache2" subj=unconfined key="T1043_Commonly_Used_Port"ARCH=x86_64 SYSCALL=connect AUID="unset" UID="root" GID="root" EUID="root" SUID="root" FSUID="root" EGID="root" SGID="root" FSGID="root"
type=SOCKADDR msg=audit(1768173936.965:1861): saddr=00000000000000000000000000000000SADDR=unknown-family(0)
type=PROCTITLE msg=audit(1768173936.965:1861): proctitle=2F7573722F7362696E2F61706163686532002D6B00677261636566756C2D73746F70
type=SYSCALL msg=audit(1768173936.965:1862): arch=c000003e syscall=42 success=yes exit=0 a0=5 a1=59e3e37e4770 a2=10 a3=0 items=0 ppid=1455 pid=1457 auid=4294967295 uid=0 gid=0 euid=0 suid=0 fsuid=0 egid=0 sgid=0 fsgid=0 tty=(none) ses=4294967295 comm="apache2" exe="/usr/sbin/apache2" subj=unconfined key="T1043_Commonly_Used_Port"ARCH=x86_64 SYSCALL=connect AUID="unset" UID="root" GID="root" EUID="root" SUID="root" FSUID="root" EGID="root" SGID="root" FSGID="root"
type=SOCKADDR msg=audit(1768173936.965:1862): saddr=02000050000000000000000000000000SADDR={ saddr_fam=inet laddr=0.0.0.0 lport=80 }
type=PROCTITLE msg=audit(1768173936.965:1862): proctitle=2F7573722F7362696E2F61706163686532002D6B00677261636566756C2D73746F70
type=SERVICE_STOP msg=audit(1768173937.012:1863): pid=1 uid=0 auid=4294967295 ses=4294967295 subj=unconfined msg='unit=apache2 comm="systemd" exe="/usr/lib/systemd/systemd" hostname=? addr=? terminal=? res=success'UID="root" AUID="unset"
type=SYSCALL msg=audit(1768173937.015:1864): arch=c000003e syscall=59 success=yes exit=0 a0=7fffa423c520 a1=7fffa423c540 a2=7fffa423d048 a3=8 items=2 ppid=1 pid=1461 auid=4294967295 uid=0 gid=0 euid=0 suid=0 fsuid=0 egid=0 sgid=0 fsgid=0 tty=(none) ses=4294967295 comm="9" exe="/usr/lib/systemd/systemd-executor" subj=unconfined key="T1078_Valid_Accounts"ARCH=x86_64 SYSCALL=execve AUID="unset" UID="root" GID="root" EUID="root" SUID="root" FSUID="root" EGID="root" SGID="root" FSGID="root"
type=EXECVE msg=audit(1768173937.015:1864): argc=7 a0="/usr/lib/systemd/systemd-executor" a1="--deserialize" a2="63" a3="--log-level" a4="info" a5="--log-target" a6="journal-or-kmsg"
type=PATH msg=audit(1768173937.015:1864): item=0 name="/proc/self/fd/9" inode=1463834 dev=08:02 mode=0100755 ouid=0 ogid=0 rdev=00:00 nametype=NORMAL cap_fp=0 cap_fi=0 cap_fe=0 cap_fver=0 cap_frootid=0OUID="root" OGID="root"
type=PATH msg=audit(1768173937.015:1864): item=1 name="/lib64/ld-linux-x86-64.so.2" inode=1481429 dev=08:02 mode=0100755 ouid=0 ogid=0 rdev=00:00 nametype=NORMAL cap_fp=0 cap_fi=0 cap_fe=0 cap_fver=0 cap_frootid=0OUID="root" OGID="root"
type=PROCTITLE msg=audit(1768173937.015:1864): proctitle=2F7573722F6C69622F73797374656D642F73797374656D642D6578656375746F72002D2D646573657269616C697A65003633002D2D6C6F672D6C6576656C00696E666F002D2D6C6F672D746172676574006A6F75726E616C2D6F722D6B6D7367
type=SYSCALL msg=audit(1768173937.023:1865): arch=c000003e syscall=42 success=yes exit=0 a0=4 a1=7ffe7f63b3c0 a2=1e a3=7ffe7f63b470 items=1 ppid=1 pid=1461 auid=4294967295 uid=0 gid=0 euid=0 suid=0 fsuid=0 egid=0 sgid=0 fsgid=0 tty=(none) ses=4294967295 comm="9" exe="/usr/lib/systemd/systemd-executor" subj=unconfined key="T1043_Commonly_Used_Port"ARCH=x86_64 SYSCALL=connect AUID="unset" UID="root" GID="root" EUID="root" SUID="root" FSUID="root" EGID="root" SGID="root" FSGID="root"
type=SOCKADDR msg=audit(1768173937.023:1865): saddr=01002F72756E2F73797374656D642F6A6F75726E616C2F736F636B657400SADDR={ saddr_fam=local path=/run/systemd/journal/socket }
type=PATH msg=audit(1768173937.023:1865): item=0 name="/run/systemd/journal/socket" inode=465 dev=00:18 mode=0140666 ouid=0 ogid=0 rdev=00:00 nametype=NORMAL cap_fp=0 cap_fi=0 cap_fe=0 cap_fver=0 cap_frootid=0OUID="root" OGID="root"
type=PROCTITLE msg=audit(1768173937.023:1865): proctitle=2F7573722F6C69622F73797374656D642F73797374656D642D6578656375746F72002D2D646573657269616C697A65003633002D2D6C6F672D6C6576656C00696E666F002D2D6C6F672D746172676574006A6F75726E616C2D6F722D6B6D7367
type=SYSCALL msg=audit(1768173937.024:1866): arch=c000003e syscall=42 success=yes exit=0 a0=3 a1=7ffe7f63af40 a2=1e a3=fffffff7 items=1 ppid=1 pid=1461 auid=4294967295 uid=0 gid=0 euid=0 suid=0 fsuid=0 egid=0 sgid=0 fsgid=0 tty=(none) ses=4294967295 comm="(pachectl)" exe="/usr/lib/systemd/systemd-executor" subj=unconfined key="T1043_Commonly_Used_Port"ARCH=x86_64 SYSCALL=connect AUID="unset" UID="root" GID="root" EUID="root" SUID="root" FSUID="root" EGID="root" SGID="root" FSGID="root"
type=SOCKADDR msg=audit(1768173937.024:1866): saddr=01002F72756E2F73797374656D642F6A6F75726E616C2F7374646F757400SADDR={ saddr_fam=local path=/run/systemd/journal/stdout }
type=PATH msg=audit(1768173937.024:1866): item=0 name="/run/systemd/journal/stdout" inode=466 dev=00:18 mode=0140666 ouid=0 ogid=0 rdev=00:00 nametype=NORMAL cap_fp=0 cap_fi=0 cap_fe=0 cap_fver=0 cap_frootid=0OUID="root" OGID="root"
type=PROCTITLE msg=audit(1768173937.024:1866): proctitle=2F7573722F6C69622F73797374656D642F73797374656D642D6578656375746F72002D2D646573657269616C697A65003633002D2D6C6F672D6C6576656C00696E666F002D2D6C6F672D746172676574006A6F75726E616C2D6F722D6B6D7367
type=SYSCALL msg=audit(1768173937.026:1867): arch=c000003e syscall=59 success=yes exit=0 a0=5a7662de04a0 a1=5a7662de91b0 a2=5a7662ddfdb0 a3=5a7662de0b80 items=3 ppid=1 pid=1461 auid=4294967295 uid=0 gid=0 euid=0 suid=0 fsuid=0 egid=0 sgid=0 fsgid=0 tty=(none) ses=4294967295 comm="apachectl" exe="/usr/bin/dash" subj=unconfined key="T1078_Valid_Accounts"ARCH=x86_64 SYSCALL=execve AUID="unset" UID="root" GID="root" EUID="root" SUID="root" FSUID="root" EGID="root" SGID="root" FSGID="root"
type=EXECVE msg=audit(1768173937.026:1867): argc=3 a0="/bin/sh" a1="/usr/sbin/apachectl" a2="start"
type=PATH msg=audit(1768173937.026:1867): item=0 name="/usr/sbin/apachectl" inode=1479339 dev=08:02 mode=0100755 ouid=0 ogid=0 rdev=00:00 nametype=NORMAL cap_fp=0 cap_fi=0 cap_fe=0 cap_fver=0 cap_frootid=0OUID="root" OGID="root"
type=PATH msg=audit(1768173937.026:1867): item=1 name="/bin/sh" inode=1442345 dev=08:02 mode=0100755 ouid=0 ogid=0 rdev=00:00 nametype=NORMAL cap_fp=0 cap_fi=0 cap_fe=0 cap_fver=0 cap_frootid=0OUID="root" OGID="root"
type=PATH msg=audit(1768173937.026:1867): item=2 name="/lib64/ld-linux-x86-64.so.2" inode=1481429 dev=08:02 mode=0100755 ouid=0 ogid=0 rdev=00:00 nametype=NORMAL cap_fp=0 cap_fi=0 cap_fe=0 cap_fver=0 cap_frootid=0OUID="root" OGID="root"
type=PROCTITLE msg=audit(1768173937.026:1867): proctitle=2F7573722F6C69622F73797374656D642F73797374656D642D6578656375746F72002D2D646573657269616C697A65003633002D2D6C6F672D6C6576656C00696E666F002D2D6C6F672D746172676574006A6F75726E616C2D6F722D6B6D7367
type=SYSCALL msg=audit(1768173937.030:1868): arch=c000003e syscall=59 success=yes exit=0 a0=6497543f3cd0 a1=6497543f5bd0 a2=6497543f3c48 a3=6497543f59d0 items=2 ppid=1461 pid=1462 auid=4294967295 uid=0 gid=0 euid=0 suid=0 fsuid=0 egid=0 sgid=0 fsgid=0 tty=(none) ses=4294967295 comm="id" exe="/usr/bin/id" subj=unconfined key="T1078_Valid_Accounts"ARCH=x86_64 SYSCALL=execve AUID="unset" UID="root" GID="root" EUID="root" SUID="root" FSUID="root" EGID="root" SGID="root" FSGID="root"
type=EXECVE msg=audit(1768173937.030:1868): argc=2 a0="id" a1="-u"
type=PATH msg=audit(1768173937.030:1868): item=0 name="/usr/bin/id" inode=1442474 dev=08:02 mode=0100755 ouid=0 ogid=0 rdev=00:00 nametype=NORMAL cap_fp=0 cap_fi=0 cap_fe=0 cap_fver=0 cap_frootid=0OUID="root" OGID="root"
type=PATH msg=audit(1768173937.030:1868): item=1 name="/lib64/ld-linux-x86-64.so.2" inode=1481429 dev=08:02 mode=0100755 ouid=0 ogid=0 rdev=00:00 nametype=NORMAL cap_fp=0 cap_fi=0 cap_fe=0 cap_fver=0 cap_frootid=0OUID="root" OGID="root"
type=PROCTITLE msg=audit(1768173937.030:1868): proctitle=6964002D75
type=SYSCALL msg=audit(1768173937.034:1869): arch=c000003e syscall=59 success=yes exit=0 a0=6497543f5938 a1=6497543f7280 a2=6497543f72a0 a3=8 items=2 ppid=1461 pid=1463 auid=4294967295 uid=0 gid=0 euid=0 suid=0 fsuid=0 egid=0 sgid=0 fsgid=0 tty=(none) ses=4294967295 comm="apache2" exe="/usr/sbin/apache2" subj=unconfined key="T1078_Valid_Accounts"ARCH=x86_64 SYSCALL=execve AUID="unset" UID="root" GID="root" EUID="root" SUID="root" FSUID="root" EGID="root" SGID="root" FSGID="root"
type=EXECVE msg=audit(1768173937.034:1869): argc=3 a0="/usr/sbin/apache2" a1="-k" a2="start"
type=PATH msg=audit(1768173937.034:1869): item=0 name="/usr/sbin/apache2" inode=1457163 dev=08:02 mode=0100755 ouid=0 ogid=0 rdev=00:00 nametype=NORMAL cap_fp=0 cap_fi=0 cap_fe=0 cap_fver=0 cap_frootid=0OUID="root" OGID="root"
type=PATH msg=audit(1768173937.034:1869): item=1 name="/lib64/ld-linux-x86-64.so.2" inode=1481429 dev=08:02 mode=0100755 ouid=0 ogid=0 rdev=00:00 nametype=NORMAL cap_fp=0 cap_fi=0 cap_fe=0 cap_fver=0 cap_frootid=0OUID="root" OGID="root"
type=PROCTITLE msg=audit(1768173937.034:1869): proctitle=2F7573722F7362696E2F61706163686532002D6B007374617274
type=SYSCALL msg=audit(1768173937.036:1870): arch=c000003e syscall=42 success=yes exit=0 a0=3 a1=636a4f945c30 a2=1c a3=0 items=0 ppid=1461 pid=1463 auid=4294967295 uid=0 gid=0 euid=0 suid=0 fsuid=0 egid=0 sgid=0 fsgid=0 tty=(none) ses=4294967295 comm="apache2" exe="/usr/sbin/apache2" subj=unconfined key="T1043_Commonly_Used_Port"ARCH=x86_64 SYSCALL=connect AUID="unset" UID="root" GID="root" EUID="root" SUID="root" FSUID="root" EGID="root" SGID="root" FSGID="root"
type=SOCKADDR msg=audit(1768173937.036:1870): saddr=0A000000000000000000000000000000000000000000000000000000SADDR={ saddr_fam=inet6 laddr=:: lport=0 }
type=PROCTITLE msg=audit(1768173937.036:1870): proctitle=2F7573722F7362696E2F61706163686532002D6B007374617274
type=SYSCALL msg=audit(1768173937.036:1871): arch=c000003e syscall=42 success=yes exit=0 a0=3 a1=7ffd671587f0 a2=10 a3=0 items=0 ppid=1461 pid=1463 auid=4294967295 uid=0 gid=0 euid=0 suid=0 fsuid=0 egid=0 sgid=0 fsgid=0 tty=(none) ses=4294967295 comm="apache2" exe="/usr/sbin/apache2" subj=unconfined key="T1043_Commonly_Used_Port"ARCH=x86_64 SYSCALL=connect AUID="unset" UID="root" GID="root" EUID="root" SUID="root" FSUID="root" EGID="root" SGID="root" FSGID="root"
type=SOCKADDR msg=audit(1768173937.036:1871): saddr=00000000000000000000000000000000SADDR=unknown-family(0)
type=PROCTITLE msg=audit(1768173937.036:1871): proctitle=2F7573722F7362696E2F61706163686532002D6B007374617274
type=SYSCALL msg=audit(1768173937.036:1872): arch=c000003e syscall=42 success=yes exit=0 a0=3 a1=636a4f945c90 a2=10 a3=0 items=0 ppid=1461 pid=1463 auid=4294967295 uid=0 gid=0 euid=0 suid=0 fsuid=0 egid=0 sgid=0 fsgid=0 tty=(none) ses=4294967295 comm="apache2" exe="/usr/sbin/apache2" subj=unconfined key="T1043_Commonly_Used_Port"ARCH=x86_64 SYSCALL=connect AUID="unset" UID="root" GID="root" EUID="root" SUID="root" FSUID="root" EGID="root" SGID="root" FSGID="root"
type=SOCKADDR msg=audit(1768173937.036:1872): saddr=02000000000000000000000000000000SADDR={ saddr_fam=inet laddr=0.0.0.0 lport=0 }
type=PROCTITLE msg=audit(1768173937.036:1872): proctitle=2F7573722F7362696E2F61706163686532002D6B007374617274
type=SYSCALL msg=audit(1768173937.046:1873): arch=c000003e syscall=42 success=yes exit=0 a0=3 a1=636a4f96a030 a2=1c a3=0 items=0 ppid=1461 pid=1463 auid=4294967295 uid=0 gid=0 euid=0 suid=0 fsuid=0 egid=0 sgid=0 fsgid=0 tty=(none) ses=4294967295 comm="apache2" exe="/usr/sbin/apache2" subj=unconfined key="T1043_Commonly_Used_Port"ARCH=x86_64 SYSCALL=connect AUID="unset" UID="root" GID="root" EUID="root" SUID="root" FSUID="root" EGID="root" SGID="root" FSGID="root"
type=SOCKADDR msg=audit(1768173937.046:1873): saddr=0A000050000000000000000000000000000000000000000000000000SADDR={ saddr_fam=inet6 laddr=:: lport=80 }
type=PROCTITLE msg=audit(1768173937.046:1873): proctitle=2F7573722F7362696E2F61706163686532002D6B007374617274
type=SYSCALL msg=audit(1768173937.046:1874): arch=c000003e syscall=42 success=yes exit=0 a0=3 a1=7ffd67158480 a2=10 a3=0 items=0 ppid=1461 pid=1463 auid=4294967295 uid=0 gid=0 euid=0 suid=0 fsuid=0 egid=0 sgid=0 fsgid=0 tty=(none) ses=4294967295 comm="apache2" exe="/usr/sbin/apache2" subj=unconfined key="T1043_Commonly_Used_Port"ARCH=x86_64 SYSCALL=connect AUID="unset" UID="root" GID="root" EUID="root" SUID="root" FSUID="root" EGID="root" SGID="root" FSGID="root"
type=SOCKADDR msg=audit(1768173937.046:1874): saddr=00000000000000000000000000000000SADDR=unknown-family(0)
type=PROCTITLE msg=audit(1768173937.046:1874): proctitle=2F7573722F7362696E2F61706163686532002D6B007374617274
type=SYSCALL msg=audit(1768173937.046:1875): arch=c000003e syscall=42 success=yes exit=0 a0=3 a1=636a4f969770 a2=10 a3=0 items=0 ppid=1461 pid=1463 auid=4294967295 uid=0 gid=0 euid=0 suid=0 fsuid=0 egid=0 sgid=0 fsgid=0 tty=(none) ses=4294967295 comm="apache2" exe="/usr/sbin/apache2" subj=unconfined key="T1043_Commonly_Used_Port"ARCH=x86_64 SYSCALL=connect AUID="unset" UID="root" GID="root" EUID="root" SUID="root" FSUID="root" EGID="root" SGID="root" FSGID="root"
type=SOCKADDR msg=audit(1768173937.046:1875): saddr=02000050000000000000000000000000SADDR={ saddr_fam=inet laddr=0.0.0.0 lport=80 }
type=PROCTITLE msg=audit(1768173937.046:1875): proctitle=2F7573722F7362696E2F61706163686532002D6B007374617274
type=SYSCALL msg=audit(1768173937.048:1876): arch=c000003e syscall=42 success=yes exit=0 a0=5 a1=636a4f96a030 a2=1c a3=0 items=0 ppid=1461 pid=1463 auid=4294967295 uid=0 gid=0 euid=0 suid=0 fsuid=0 egid=0 sgid=0 fsgid=0 tty=(none) ses=4294967295 comm="apache2" exe="/usr/sbin/apache2" subj=unconfined key="T1043_Commonly_Used_Port"ARCH=x86_64 SYSCALL=connect AUID="unset" UID="root" GID="root" EUID="root" SUID="root" FSUID="root" EGID="root" SGID="root" FSGID="root"
type=SOCKADDR msg=audit(1768173937.048:1876): saddr=0A000050000000000000000000000000000000000000000000000000SADDR={ saddr_fam=inet6 laddr=:: lport=80 }
type=PROCTITLE msg=audit(1768173937.048:1876): proctitle=2F7573722F7362696E2F61706163686532002D6B007374617274
type=SYSCALL msg=audit(1768173937.048:1877): arch=c000003e syscall=42 success=yes exit=0 a0=5 a1=7ffd67158420 a2=10 a3=0 items=0 ppid=1461 pid=1463 auid=4294967295 uid=0 gid=0 euid=0 suid=0 fsuid=0 egid=0 sgid=0 fsgid=0 tty=(none) ses=4294967295 comm="apache2" exe="/usr/sbin/apache2" subj=unconfined key="T1043_Commonly_Used_Port"ARCH=x86_64 SYSCALL=connect AUID="unset" UID="root" GID="root" EUID="root" SUID="root" FSUID="root" EGID="root" SGID="root" FSGID="root"
type=SOCKADDR msg=audit(1768173937.048:1877): saddr=00000000000000000000000000000000SADDR=unknown-family(0)
type=PROCTITLE msg=audit(1768173937.048:1877): proctitle=2F7573722F7362696E2F61706163686532002D6B007374617274
type=SYSCALL msg=audit(1768173937.048:1878): arch=c000003e syscall=42 success=yes exit=0 a0=5 a1=636a4f969770 a2=10 a3=0 items=0 ppid=1461 pid=1463 auid=4294967295 uid=0 gid=0 euid=0 suid=0 fsuid=0 egid=0 sgid=0 fsgid=0 tty=(none) ses=4294967295 comm="apache2" exe="/usr/sbin/apache2" subj=unconfined key="T1043_Commonly_Used_Port"ARCH=x86_64 SYSCALL=connect AUID="unset" UID="root" GID="root" EUID="root" SUID="root" FSUID="root" EGID="root" SGID="root" FSGID="root"
type=SOCKADDR msg=audit(1768173937.048:1878): saddr=02000050000000000000000000000000SADDR={ saddr_fam=inet laddr=0.0.0.0 lport=80 }
type=PROCTITLE msg=audit(1768173937.048:1878): proctitle=2F7573722F7362696E2F61706163686532002D6B007374617274
type=SYSCALL msg=audit(1768173937.049:1879): arch=c000003e syscall=42 success=yes exit=0 a0=5 a1=636a4f96a030 a2=1c a3=0 items=0 ppid=1461 pid=1463 auid=4294967295 uid=0 gid=0 euid=0 suid=0 fsuid=0 egid=0 sgid=0 fsgid=0 tty=(none) ses=4294967295 comm="apache2" exe="/usr/sbin/apache2" subj=unconfined key="T1043_Commonly_Used_Port"ARCH=x86_64 SYSCALL=connect AUID="unset" UID="root" GID="root" EUID="root" SUID="root" FSUID="root" EGID="root" SGID="root" FSGID="root"
type=SOCKADDR msg=audit(1768173937.049:1879): saddr=0A000000000000000000000000000000000000000000000000000000SADDR={ saddr_fam=inet6 laddr=:: lport=0 }
type=PROCTITLE msg=audit(1768173937.049:1879): proctitle=2F7573722F7362696E2F61706163686532002D6B007374617274
type=SYSCALL msg=audit(1768173937.050:1880): arch=c000003e syscall=42 success=yes exit=0 a0=5 a1=7ffd671587f0 a2=10 a3=0 items=0 ppid=1461 pid=1463 auid=4294967295 uid=0 gid=0 euid=0 suid=0 fsuid=0 egid=0 sgid=0 fsgid=0 tty=(none) ses=4294967295 comm="apache2" exe="/usr/sbin/apache2" subj=unconfined key="T1043_Commonly_Used_Port"ARCH=x86_64 SYSCALL=connect AUID="unset" UID="root" GID="root" EUID="root" SUID="root" FSUID="root" EGID="root" SGID="root" FSGID="root"
type=SOCKADDR msg=audit(1768173937.050:1880): saddr=00000000000000000000000000000000SADDR=unknown-family(0)
type=PROCTITLE msg=audit(1768173937.050:1880): proctitle=2F7573722F7362696E2F61706163686532002D6B007374617274
type=SYSCALL msg=audit(1768173937.050:1881): arch=c000003e syscall=42 success=yes exit=0 a0=5 a1=636a4f945c90 a2=10 a3=0 items=0 ppid=1461 pid=1463 auid=4294967295 uid=0 gid=0 euid=0 suid=0 fsuid=0 egid=0 sgid=0 fsgid=0 tty=(none) ses=4294967295 comm="apache2" exe="/usr/sbin/apache2" subj=unconfined key="T1043_Commonly_Used_Port"ARCH=x86_64 SYSCALL=connect AUID="unset" UID="root" GID="root" EUID="root" SUID="root" FSUID="root" EGID="root" SGID="root" FSGID="root"
type=SOCKADDR msg=audit(1768173937.050:1881): saddr=02000000000000000000000000000000SADDR={ saddr_fam=inet laddr=0.0.0.0 lport=0 }
type=PROCTITLE msg=audit(1768173937.050:1881): proctitle=2F7573722F7362696E2F61706163686532002D6B007374617274
type=SYSCALL msg=audit(1768173937.057:1882): arch=c000003e syscall=42 success=yes exit=0 a0=5 a1=636a4f96a030 a2=1c a3=0 items=0 ppid=1 pid=1464 auid=4294967295 uid=0 gid=0 euid=0 suid=0 fsuid=0 egid=0 sgid=0 fsgid=0 tty=(none) ses=4294967295 comm="apache2" exe="/usr/sbin/apache2" subj=unconfined key="T1043_Commonly_Used_Port"ARCH=x86_64 SYSCALL=connect AUID="unset" UID="root" GID="root" EUID="root" SUID="root" FSUID="root" EGID="root" SGID="root" FSGID="root"
type=SOCKADDR msg=audit(1768173937.057:1882): saddr=0A000050000000000000000000000000000000000000000000000000SADDR={ saddr_fam=inet6 laddr=:: lport=80 }
type=PROCTITLE msg=audit(1768173937.057:1882): proctitle=2F7573722F7362696E2F61706163686532002D6B007374617274
type=SYSCALL msg=audit(1768173937.057:1883): arch=c000003e syscall=42 success=yes exit=0 a0=5 a1=7ffd67158420 a2=10 a3=0 items=0 ppid=1 pid=1464 auid=4294967295 uid=0 gid=0 euid=0 suid=0 fsuid=0 egid=0 sgid=0 fsgid=0 tty=(none) ses=4294967295 comm="apache2" exe="/usr/sbin/apache2" subj=unconfined key="T1043_Commonly_Used_Port"ARCH=x86_64 SYSCALL=connect AUID="unset" UID="root" GID="root" EUID="root" SUID="root" FSUID="root" EGID="root" SGID="root" FSGID="root"
type=SOCKADDR msg=audit(1768173937.057:1883): saddr=00000000000000000000000000000000SADDR=unknown-family(0)
type=PROCTITLE msg=audit(1768173937.057:1883): proctitle=2F7573722F7362696E2F61706163686532002D6B007374617274
type=SYSCALL msg=audit(1768173937.057:1884): arch=c000003e syscall=42 success=yes exit=0 a0=5 a1=636a4f969770 a2=10 a3=0 items=0 ppid=1 pid=1464 auid=4294967295 uid=0 gid=0 euid=0 suid=0 fsuid=0 egid=0 sgid=0 fsgid=0 tty=(none) ses=4294967295 comm="apache2" exe="/usr/sbin/apache2" subj=unconfined key="T1043_Commonly_Used_Port"ARCH=x86_64 SYSCALL=connect AUID="unset" UID="root" GID="root" EUID="root" SUID="root" FSUID="root" EGID="root" SGID="root" FSGID="root"
type=SOCKADDR msg=audit(1768173937.057:1884): saddr=02000050000000000000000000000000SADDR={ saddr_fam=inet laddr=0.0.0.0 lport=80 }
type=PROCTITLE msg=audit(1768173937.057:1884): proctitle=2F7573722F7362696E2F61706163686532002D6B007374617274
type=SERVICE_START msg=audit(1768173937.057:1885): pid=1 uid=0 auid=4294967295 ses=4294967295 subj=unconfined msg='unit=apache2 comm="systemd" exe="/usr/lib/systemd/systemd" hostname=? addr=? terminal=? res=success'UID="root" AUID="unset"
type=SYSCALL msg=audit(1768173937.100:1886): arch=c000003e syscall=106 success=yes exit=0 a0=21 a1=7b80d6b714a0 a2=0 a3=22 items=0 ppid=1464 pid=1466 auid=4294967295 uid=0 gid=33 euid=0 suid=0 fsuid=0 egid=33 sgid=33 fsgid=33 tty=(none) ses=4294967295 comm="apache2" exe="/usr/sbin/apache2" subj=unconfined key="T1166_Seuid_and_Setgid"ARCH=x86_64 SYSCALL=setgid AUID="unset" UID="root" GID="www-data" EUID="root" SUID="root" FSUID="root" EGID="www-data" SGID="www-data" FSGID="www-data"
type=PROCTITLE msg=audit(1768173937.100:1886): proctitle=2F7573722F7362696E2F61706163686532002D6B007374617274
type=SYSCALL msg=audit(1768173937.100:1887): arch=c000003e syscall=42 success=yes exit=0 a0=c a1=7ffd67158c40 a2=2d a3=636a4fd54a60 items=1 ppid=1464 pid=1466 auid=4294967295 uid=0 gid=33 euid=0 suid=0 fsuid=0 egid=33 sgid=33 fsgid=33 tty=(none) ses=4294967295 comm="apache2" exe="/usr/sbin/apache2" subj=unconfined key="T1043_Commonly_Used_Port"ARCH=x86_64 SYSCALL=connect AUID="unset" UID="root" GID="www-data" EUID="root" SUID="root" FSUID="root" EGID="www-data" SGID="www-data" FSGID="www-data"
type=SOCKADDR msg=audit(1768173937.100:1887): saddr=01002F72756E2F73797374656D642F7573657264622F696F2E73797374656D642E44796E616D69635573657200SADDR={ saddr_fam=local path=/run/systemd/userdb/io.systemd.DynamicUser }
type=PATH msg=audit(1768173937.100:1887): item=0 name="/run/systemd/userdb/io.systemd.DynamicUser" inode=452 dev=00:18 mode=0140666 ouid=0 ogid=0 rdev=00:00 nametype=NORMAL cap_fp=0 cap_fi=0 cap_fe=0 cap_fver=0 cap_frootid=0OUID="root" OGID="root"
type=PROCTITLE msg=audit(1768173937.100:1887): proctitle=2F7573722F7362696E2F61706163686532002D6B007374617274
type=SYSCALL msg=audit(1768173937.102:1888): arch=c000003e syscall=105 success=yes exit=0 a0=21 a1=636a4fd14160 a2=636c790e8c24 a3=636a4fd14170 items=0 ppid=1464 pid=1466 auid=4294967295 uid=33 gid=33 euid=33 suid=33 fsuid=33 egid=33 sgid=33 fsgid=33 tty=(none) ses=4294967295 comm="apache2" exe="/usr/sbin/apache2" subj=unconfined key="T1166_Seuid_and_Setgid"ARCH=x86_64 SYSCALL=setuid AUID="unset" UID="www-data" GID="www-data" EUID="www-data" SUID="www-data" FSUID="www-data" EGID="www-data" SGID="www-data" FSGID="www-data"
type=PROCTITLE msg=audit(1768173937.102:1888): proctitle=2F7573722F7362696E2F61706163686532002D6B007374617274
type=SYSCALL msg=audit(1768173937.102:1889): arch=c000003e syscall=106 success=yes exit=0 a0=21 a1=7b80d6b714a0 a2=0 a3=22 items=0 ppid=1464 pid=1467 auid=4294967295 uid=0 gid=33 euid=0 suid=0 fsuid=0 egid=33 sgid=33 fsgid=33 tty=(none) ses=4294967295 comm="apache2" exe="/usr/sbin/apache2" subj=unconfined key="T1166_Seuid_and_Setgid"ARCH=x86_64 SYSCALL=setgid AUID="unset" UID="root" GID="www-data" EUID="root" SUID="root" FSUID="root" EGID="www-data" SGID="www-data" FSGID="www-data"
type=PROCTITLE msg=audit(1768173937.102:1889): proctitle=2F7573722F7362696E2F61706163686532002D6B007374617274
type=SYSCALL msg=audit(1768173937.102:1890): arch=c000003e syscall=42 success=yes exit=0 a0=c a1=7ffd67158c40 a2=2d a3=636a4fd54a60 items=1 ppid=1464 pid=1467 auid=4294967295 uid=0 gid=33 euid=0 suid=0 fsuid=0 egid=33 sgid=33 fsgid=33 tty=(none) ses=4294967295 comm="apache2" exe="/usr/sbin/apache2" subj=unconfined key="T1043_Commonly_Used_Port"ARCH=x86_64 SYSCALL=connect AUID="unset" UID="root" GID="www-data" EUID="root" SUID="root" FSUID="root" EGID="www-data" SGID="www-data" FSGID="www-data"
type=SOCKADDR msg=audit(1768173937.102:1890): saddr=01002F72756E2F73797374656D642F7573657264622F696F2E73797374656D642E44796E616D69635573657200SADDR={ saddr_fam=local path=/run/systemd/userdb/io.systemd.DynamicUser }
type=PATH msg=audit(1768173937.102:1890): item=0 name="/run/systemd/userdb/io.systemd.DynamicUser" inode=452 dev=00:18 mode=0140666 ouid=0 ogid=0 rdev=00:00 nametype=NORMAL cap_fp=0 cap_fi=0 cap_fe=0 cap_fver=0 cap_frootid=0OUID="root" OGID="root"
type=PROCTITLE msg=audit(1768173937.102:1890): proctitle=2F7573722F7362696E2F61706163686532002D6B007374617274
type=SYSCALL msg=audit(1768173937.102:1891): arch=c000003e syscall=106 success=yes exit=0 a0=21 a1=7b80d6b714a0 a2=0 a3=22 items=0 ppid=1464 pid=1469 auid=4294967295 uid=0 gid=33 euid=0 suid=0 fsuid=0 egid=33 sgid=33 fsgid=33 tty=(none) ses=4294967295 comm="apache2" exe="/usr/sbin/apache2" subj=unconfined key="T1166_Seuid_and_Setgid"ARCH=x86_64 SYSCALL=setgid AUID="unset" UID="root" GID="www-data" EUID="root" SUID="root" FSUID="root" EGID="www-data" SGID="www-data" FSGID="www-data"
type=SYSCALL msg=audit(1768173937.102:1892): arch=c000003e syscall=105 success=yes exit=0 a0=21 a1=636a4fd14160 a2=636c790e8c24 a3=636a4fd14170 items=0 ppid=1464 pid=1467 auid=4294967295 uid=33 gid=33 euid=33 suid=33 fsuid=33 egid=33 sgid=33 fsgid=33 tty=(none) ses=4294967295 comm="apache2" exe="/usr/sbin/apache2" subj=unconfined key="T1166_Seuid_and_Setgid"ARCH=x86_64 SYSCALL=setuid AUID="unset" UID="www-data" GID="www-data" EUID="www-data" SUID="www-data" FSUID="www-data" EGID="www-data" SGID="www-data" FSGID="www-data"
type=PROCTITLE msg=audit(1768173937.102:1892): proctitle=2F7573722F7362696E2F61706163686532002D6B007374617274
type=SYSCALL msg=audit(1768173937.102:1893): arch=c000003e syscall=106 success=yes exit=0 a0=21 a1=7b80d6b714a0 a2=0 a3=22 items=0 ppid=1464 pid=1468 auid=4294967295 uid=0 gid=33 euid=0 suid=0 fsuid=0 egid=33 sgid=33 fsgid=33 tty=(none) ses=4294967295 comm="apache2" exe="/usr/sbin/apache2" subj=unconfined key="T1166_Seuid_and_Setgid"ARCH=x86_64 SYSCALL=setgid AUID="unset" UID="root" GID="www-data" EUID="root" SUID="root" FSUID="root" EGID="www-data" SGID="www-data" FSGID="www-data"
type=PROCTITLE msg=audit(1768173937.102:1893): proctitle=2F7573722F7362696E2F61706163686532002D6B007374617274
type=PROCTITLE msg=audit(1768173937.102:1891): proctitle=2F7573722F7362696E2F61706163686532002D6B007374617274
type=SYSCALL msg=audit(1768173937.104:1894): arch=c000003e syscall=42 success=yes exit=0 a0=c a1=7ffd67158c40 a2=2d a3=636a4fd54a60 items=1 ppid=1464 pid=1468 auid=4294967295 uid=0 gid=33 euid=0 suid=0 fsuid=0 egid=33 sgid=33 fsgid=33 tty=(none) ses=4294967295 comm="apache2" exe="/usr/sbin/apache2" subj=unconfined key="T1043_Commonly_Used_Port"ARCH=x86_64 SYSCALL=connect AUID="unset" UID="root" GID="www-data" EUID="root" SUID="root" FSUID="root" EGID="www-data" SGID="www-data" FSGID="www-data"
type=SYSCALL msg=audit(1768173937.104:1895): arch=c000003e syscall=42 success=yes exit=0 a0=c a1=7ffd67158c40 a2=2d a3=636a4fd54a60 items=1 ppid=1464 pid=1469 auid=4294967295 uid=0 gid=33 euid=0 suid=0 fsuid=0 egid=33 sgid=33 fsgid=33 tty=(none) ses=4294967295 comm="apache2" exe="/usr/sbin/apache2" subj=unconfined key="T1043_Commonly_Used_Port"ARCH=x86_64 SYSCALL=connect AUID="unset" UID="root" GID="www-data" EUID="root" SUID="root" FSUID="root" EGID="www-data" SGID="www-data" FSGID="www-data"
type=SOCKADDR msg=audit(1768173937.104:1895): saddr=01002F72756E2F73797374656D642F7573657264622F696F2E73797374656D642E44796E616D69635573657200SADDR={ saddr_fam=local path=/run/systemd/userdb/io.systemd.DynamicUser }
type=PATH msg=audit(1768173937.104:1895): item=0 name="/run/systemd/userdb/io.systemd.DynamicUser" inode=452 dev=00:18 mode=0140666 ouid=0 ogid=0 rdev=00:00 nametype=NORMAL cap_fp=0 cap_fi=0 cap_fe=0 cap_fver=0 cap_frootid=0OUID="root" OGID="root"
type=PROCTITLE msg=audit(1768173937.104:1895): proctitle=2F7573722F7362696E2F61706163686532002D6B007374617274
type=SYSCALL msg=audit(1768173937.106:1896): arch=c000003e syscall=105 success=yes exit=0 a0=21 a1=636a4fd14160 a2=636c790e8c24 a3=636a4fd14170 items=0 ppid=1464 pid=1469 auid=4294967295 uid=33 gid=33 euid=33 suid=33 fsuid=33 egid=33 sgid=33 fsgid=33 tty=(none) ses=4294967295 comm="apache2" exe="/usr/sbin/apache2" subj=unconfined key="T1166_Seuid_and_Setgid"ARCH=x86_64 SYSCALL=setuid AUID="unset" UID="www-data" GID="www-data" EUID="www-data" SUID="www-data" FSUID="www-data" EGID="www-data" SGID="www-data" FSGID="www-data"
type=PROCTITLE msg=audit(1768173937.106:1896): proctitle=2F7573722F7362696E2F61706163686532002D6B007374617274
type=SOCKADDR msg=audit(1768173937.104:1894): saddr=01002F72756E2F73797374656D642F7573657264622F696F2E73797374656D642E44796E616D69635573657200SADDR={ saddr_fam=local path=/run/systemd/userdb/io.systemd.DynamicUser }
type=PATH msg=audit(1768173937.104:1894): item=0 name="/run/systemd/userdb/io.systemd.DynamicUser" inode=452 dev=00:18 mode=0140666 ouid=0 ogid=0 rdev=00:00 nametype=NORMAL cap_fp=0 cap_fi=0 cap_fe=0 cap_fver=0 cap_frootid=0OUID="root" OGID="root"
type=PROCTITLE msg=audit(1768173937.104:1894): proctitle=2F7573722F7362696E2F61706163686532002D6B007374617274
type=SYSCALL msg=audit(1768173937.109:1897): arch=c000003e syscall=105 success=yes exit=0 a0=21 a1=636a4fd14160 a2=636c790e8c24 a3=636a4fd14170 items=0 ppid=1464 pid=1468 auid=4294967295 uid=33 gid=33 euid=33 suid=33 fsuid=33 egid=33 sgid=33 fsgid=33 tty=(none) ses=4294967295 comm="apache2" exe="/usr/sbin/apache2" subj=unconfined key="T1166_Seuid_and_Setgid"ARCH=x86_64 SYSCALL=setuid AUID="unset" UID="www-data" GID="www-data" EUID="www-data" SUID="www-data" FSUID="www-data" EGID="www-data" SGID="www-data" FSGID="www-data"
type=PROCTITLE msg=audit(1768173937.109:1897): proctitle=2F7573722F7362696E2F61706163686532002D6B007374617274
type=SYSCALL msg=audit(1768173937.109:1898): arch=c000003e syscall=106 success=yes exit=0 a0=21 a1=7b80d6b714a0 a2=0 a3=22 items=0 ppid=1464 pid=1470 auid=4294967295 uid=0 gid=33 euid=0 suid=0 fsuid=0 egid=33 sgid=33 fsgid=33 tty=(none) ses=4294967295 comm="apache2" exe="/usr/sbin/apache2" subj=unconfined key="T1166_Seuid_and_Setgid"ARCH=x86_64 SYSCALL=setgid AUID="unset" UID="root" GID="www-data" EUID="root" SUID="root" FSUID="root" EGID="www-data" SGID="www-data" FSGID="www-data"
type=PROCTITLE msg=audit(1768173937.109:1898): proctitle=2F7573722F7362696E2F61706163686532002D6B007374617274
type=SYSCALL msg=audit(1768173937.109:1899): arch=c000003e syscall=42 success=yes exit=0 a0=c a1=7ffd67158c40 a2=2d a3=636a4fd54a60 items=1 ppid=1464 pid=1470 auid=4294967295 uid=0 gid=33 euid=0 suid=0 fsuid=0 egid=33 sgid=33 fsgid=33 tty=(none) ses=4294967295 comm="apache2" exe="/usr/sbin/apache2" subj=unconfined key="T1043_Commonly_Used_Port"ARCH=x86_64 SYSCALL=connect AUID="unset" UID="root" GID="www-data" EUID="root" SUID="root" FSUID="root" EGID="www-data" SGID="www-data" FSGID="www-data"
type=SOCKADDR msg=audit(1768173937.109:1899): saddr=01002F72756E2F73797374656D642F7573657264622F696F2E73797374656D642E44796E616D69635573657200SADDR={ saddr_fam=local path=/run/systemd/userdb/io.systemd.DynamicUser }
type=PATH msg=audit(1768173937.109:1899): item=0 name="/run/systemd/userdb/io.systemd.DynamicUser" inode=452 dev=00:18 mode=0140666 ouid=0 ogid=0 rdev=00:00 nametype=NORMAL cap_fp=0 cap_fi=0 cap_fe=0 cap_fver=0 cap_frootid=0OUID="root" OGID="root"
type=PROCTITLE msg=audit(1768173937.109:1899): proctitle=2F7573722F7362696E2F61706163686532002D6B007374617274
type=SYSCALL msg=audit(1768173937.111:1900): arch=c000003e syscall=105 success=yes exit=0 a0=21 a1=636a4fd14160 a2=636c790e8c24 a3=636a4fd14170 items=0 ppid=1464 pid=1470 auid=4294967295 uid=33 gid=33 euid=33 suid=33 fsuid=33 egid=33 sgid=33 fsgid=33 tty=(none) ses=4294967295 comm="apache2" exe="/usr/sbin/apache2" subj=unconfined key="T1166_Seuid_and_Setgid"ARCH=x86_64 SYSCALL=setuid AUID="unset" UID="www-data" GID="www-data" EUID="www-data" SUID="www-data" FSUID="www-data" EGID="www-data" SGID="www-data" FSGID="www-data"
type=PROCTITLE msg=audit(1768173937.111:1900): proctitle=2F7573722F7362696E2F61706163686532002D6B007374617274
type=SYSCALL msg=audit(1768173942.158:1901): arch=c000003e syscall=106 success=yes exit=0 a0=21 a1=7b80d6b714a0 a2=0 a3=22 items=0 ppid=1464 pid=1471 auid=4294967295 uid=0 gid=33 euid=0 suid=0 fsuid=0 egid=33 sgid=33 fsgid=33 tty=(none) ses=4294967295 comm="apache2" exe="/usr/sbin/apache2" subj=unconfined key="T1166_Seuid_and_Setgid"ARCH=x86_64 SYSCALL=setgid AUID="unset" UID="root" GID="www-data" EUID="root" SUID="root" FSUID="root" EGID="www-data" SGID="www-data" FSGID="www-data"
type=PROCTITLE msg=audit(1768173942.158:1901): proctitle=2F7573722F7362696E2F61706163686532002D6B007374617274
type=SYSCALL msg=audit(1768173942.159:1902): arch=c000003e syscall=42 success=yes exit=0 a0=c a1=7ffd67158c60 a2=2d a3=636a4fd54a60 items=1 ppid=1464 pid=1471 auid=4294967295 uid=0 gid=33 euid=0 suid=0 fsuid=0 egid=33 sgid=33 fsgid=33 tty=(none) ses=4294967295 comm="apache2" exe="/usr/sbin/apache2" subj=unconfined key="T1043_Commonly_Used_Port"ARCH=x86_64 SYSCALL=connect AUID="unset" UID="root" GID="www-data" EUID="root" SUID="root" FSUID="root" EGID="www-data" SGID="www-data" FSGID="www-data"
type=SOCKADDR msg=audit(1768173942.159:1902): saddr=01002F72756E2F73797374656D642F7573657264622F696F2E73797374656D642E44796E616D69635573657200SADDR={ saddr_fam=local path=/run/systemd/userdb/io.systemd.DynamicUser }
type=PATH msg=audit(1768173942.159:1902): item=0 name="/run/systemd/userdb/io.systemd.DynamicUser" inode=452 dev=00:18 mode=0140666 ouid=0 ogid=0 rdev=00:00 nametype=NORMAL cap_fp=0 cap_fi=0 cap_fe=0 cap_fver=0 cap_frootid=0OUID="root" OGID="root"
type=PROCTITLE msg=audit(1768173942.159:1902): proctitle=2F7573722F7362696E2F61706163686532002D6B007374617274
type=SYSCALL msg=audit(1768173942.160:1903): arch=c000003e syscall=105 success=yes exit=0 a0=21 a1=636a4fd14160 a2=636c790e8c24 a3=636a4fd14170 items=0 ppid=1464 pid=1471 auid=4294967295 uid=33 gid=33 euid=33 suid=33 fsuid=33 egid=33 sgid=33 fsgid=33 tty=(none) ses=4294967295 comm="apache2" exe="/usr/sbin/apache2" subj=unconfined key="T1166_Seuid_and_Setgid"ARCH=x86_64 SYSCALL=setuid AUID="unset" UID="www-data" GID="www-data" EUID="www-data" SUID="www-data" FSUID="www-data" EGID="www-data" SGID="www-data" FSGID="www-data"
type=PROCTITLE msg=audit(1768173942.160:1903): proctitle=2F7573722F7362696E2F61706163686532002D6B007374617274
type=SYSCALL msg=audit(1768173956.284:1904): arch=c000003e syscall=59 success=yes exit=0 a0=63868ee5fc40 a1=63868ee5fa30 a2=63868ed19cc0 a3=63868ee5fa30 items=2 ppid=1424 pid=1472 auid=1000 uid=0 gid=0 euid=0 suid=0 fsuid=0 egid=0 sgid=0 fsgid=0 tty=pts1 ses=3 comm="ls" exe="/usr/bin/ls" subj=unconfined key="T1078_Valid_Accounts"ARCH=x86_64 SYSCALL=execve AUID="vboxuser" UID="root" GID="root" EUID="root" SUID="root" FSUID="root" EGID="root" SGID="root" FSGID="root"
type=EXECVE msg=audit(1768173956.284:1904): argc=3 a0="ls" a1="--color=auto" a2="/var/www/html"
type=PATH msg=audit(1768173956.284:1904): item=0 name="/usr/bin/ls" inode=1442533 dev=08:02 mode=0100755 ouid=0 ogid=0 rdev=00:00 nametype=NORMAL cap_fp=0 cap_fi=0 cap_fe=0 cap_fver=0 cap_frootid=0OUID="root" OGID="root"
type=PATH msg=audit(1768173956.284:1904): item=1 name="/lib64/ld-linux-x86-64.so.2" inode=1481429 dev=08:02 mode=0100755 ouid=0 ogid=0 rdev=00:00 nametype=NORMAL cap_fp=0 cap_fi=0 cap_fe=0 cap_fver=0 cap_frootid=0OUID="root" OGID="root"
type=PROCTITLE msg=audit(1768173956.284:1904): proctitle=6C73002D2D636F6C6F723D6175746F002F7661722F7777772F68746D6C
type=SYSCALL msg=audit(1768173962.943:1905): arch=c000003e syscall=59 success=yes exit=0 a0=63868ee5fce0 a1=63868ee5fa30 a2=63868ed19cc0 a3=63868ee5fa30 items=2 ppid=1424 pid=1473 auid=1000 uid=0 gid=0 euid=0 suid=0 fsuid=0 egid=0 sgid=0 fsgid=0 tty=pts1 ses=3 comm="ls" exe="/usr/bin/ls" subj=unconfined key="T1078_Valid_Accounts"ARCH=x86_64 SYSCALL=execve AUID="vboxuser" UID="root" GID="root" EUID="root" SUID="root" FSUID="root" EGID="root" SGID="root" FSGID="root"
type=EXECVE msg=audit(1768173962.943:1905): argc=3 a0="ls" a1="--color=auto" a2="/var/www"
type=PATH msg=audit(1768173962.943:1905): item=0 name="/usr/bin/ls" inode=1442533 dev=08:02 mode=0100755 ouid=0 ogid=0 rdev=00:00 nametype=NORMAL cap_fp=0 cap_fi=0 cap_fe=0 cap_fver=0 cap_frootid=0OUID="root" OGID="root"
type=PATH msg=audit(1768173962.943:1905): item=1 name="/lib64/ld-linux-x86-64.so.2" inode=1481429 dev=08:02 mode=0100755 ouid=0 ogid=0 rdev=00:00 nametype=NORMAL cap_fp=0 cap_fi=0 cap_fe=0 cap_fver=0 cap_frootid=0OUID="root" OGID="root"
type=PROCTITLE msg=audit(1768173962.943:1905): proctitle=6C73002D2D636F6C6F723D6175746F002F7661722F777777
type=SYSCALL msg=audit(1768173972.145:1906): arch=c000003e syscall=59 success=yes exit=0 a0=63868ee5fd40 a1=63868ee5fa30 a2=63868ed19cc0 a3=63868ee5fa30 items=2 ppid=1424 pid=1474 auid=1000 uid=0 gid=0 euid=0 suid=0 fsuid=0 egid=0 sgid=0 fsgid=0 tty=pts1 ses=3 comm="ls" exe="/usr/bin/ls" subj=unconfined key="T1078_Valid_Accounts"ARCH=x86_64 SYSCALL=execve AUID="vboxuser" UID="root" GID="root" EUID="root" SUID="root" FSUID="root" EGID="root" SGID="root" FSGID="root"
type=EXECVE msg=audit(1768173972.145:1906): argc=3 a0="ls" a1="--color=auto" a2="/var/www/nextcloud"
type=PATH msg=audit(1768173972.145:1906): item=0 name="/usr/bin/ls" inode=1442533 dev=08:02 mode=0100755 ouid=0 ogid=0 rdev=00:00 nametype=NORMAL cap_fp=0 cap_fi=0 cap_fe=0 cap_fver=0 cap_frootid=0OUID="root" OGID="root"
type=PATH msg=audit(1768173972.145:1906): item=1 name="/lib64/ld-linux-x86-64.so.2" inode=1481429 dev=08:02 mode=0100755 ouid=0 ogid=0 rdev=00:00 nametype=NORMAL cap_fp=0 cap_fi=0 cap_fe=0 cap_fver=0 cap_frootid=0OUID="root" OGID="root"
type=PROCTITLE msg=audit(1768173972.145:1906): proctitle=6C73002D2D636F6C6F723D6175746F002F7661722F7777772F6E657874636C6F7564
type=SYSCALL msg=audit(1768173984.688:1907): arch=c000003e syscall=59 success=yes exit=0 a0=63868ee5fc40 a1=63868ee5f9c0 a2=63868ed19cc0 a3=63868ee5fdc0 items=2 ppid=1424 pid=1475 auid=1000 uid=0 gid=0 euid=0 suid=0 fsuid=0 egid=0 sgid=0 fsgid=0 tty=pts1 ses=3 comm="sudo" exe="/usr/bin/sudo" subj=unconfined key="T1078_Valid_Accounts"ARCH=x86_64 SYSCALL=execve AUID="vboxuser" UID="root" GID="root" EUID="root" SUID="root" FSUID="root" EGID="root" SGID="root" FSGID="root"
type=EXECVE msg=audit(1768173984.688:1907): argc=3 a0="sudo" a1="vim" a2="/etc/apache2/sites-available/000-default.conf"
type=PATH msg=audit(1768173984.688:1907): item=0 name="/usr/bin/sudo" inode=1450157 dev=08:02 mode=0104755 ouid=0 ogid=0 rdev=00:00 nametype=NORMAL cap_fp=0 cap_fi=0 cap_fe=0 cap_fver=0 cap_frootid=0OUID="root" OGID="root"
type=PATH msg=audit(1768173984.688:1907): item=1 name="/lib64/ld-linux-x86-64.so.2" inode=1481429 dev=08:02 mode=0100755 ouid=0 ogid=0 rdev=00:00 nametype=NORMAL cap_fp=0 cap_fi=0 cap_fe=0 cap_fver=0 cap_frootid=0OUID="root" OGID="root"
type=PROCTITLE msg=audit(1768173984.688:1907): proctitle=7375646F0076696D002F6574632F617061636865322F73697465732D617661696C61626C652F3030302D64656661756C742E636F6E66
type=SYSCALL msg=audit(1768173984.709:1908): arch=c000003e syscall=257 success=yes exit=5 a0=ffffff9c a1=7ffd1a1ff310 a2=800 a3=0 items=1 ppid=1424 pid=1475 auid=1000 uid=0 gid=0 euid=1 suid=0 fsuid=1 egid=0 sgid=0 fsgid=0 tty=pts1 ses=3 comm="sudo" exe="/usr/bin/sudo" subj=unconfined key="T1169_Sudo"ARCH=x86_64 SYSCALL=openat AUID="vboxuser" UID="root" GID="root" EUID="daemon" SUID="root" FSUID="daemon" EGID="root" SGID="root" FSGID="root"
type=PATH msg=audit(1768173984.709:1908): item=0 name="/etc/sudoers" inode=1049318 dev=08:02 mode=0100440 ouid=0 ogid=0 rdev=00:00 nametype=NORMAL cap_fp=0 cap_fi=0 cap_fe=0 cap_fver=0 cap_frootid=0OUID="root" OGID="root"
type=PROCTITLE msg=audit(1768173984.709:1908): proctitle=7375646F0076696D002F6574632F617061636865322F73697465732D617661696C61626C652F3030302D64656661756C742E636F6E66
type=SYSCALL msg=audit(1768173984.710:1909): arch=c000003e syscall=42 success=yes exit=0 a0=6 a1=7a807000b694 a2=10 a3=7ffd1a1fd8b4 items=0 ppid=1424 pid=1475 auid=1000 uid=0 gid=0 euid=0 suid=0 fsuid=0 egid=0 sgid=0 fsgid=0 tty=pts1 ses=3 comm="sudo" exe="/usr/bin/sudo" subj=unconfined key="T1043_Commonly_Used_Port"ARCH=x86_64 SYSCALL=connect AUID="vboxuser" UID="root" GID="root" EUID="root" SUID="root" FSUID="root" EGID="root" SGID="root" FSGID="root"
type=SOCKADDR msg=audit(1768173984.710:1909): saddr=020000357F0000350000000000000000SADDR={ saddr_fam=inet laddr=127.0.0.53 lport=53 }
type=PROCTITLE msg=audit(1768173984.710:1909): proctitle=7375646F0076696D002F6574632F617061636865322F73697465732D617661696C61626C652F3030302D64656661756C742E636F6E66
type=SYSCALL msg=audit(1768173984.751:1910): arch=c000003e syscall=42 success=yes exit=0 a0=6 a1=7a807000b694 a2=10 a3=7ffd1a1fd8b4 items=0 ppid=1424 pid=1475 auid=1000 uid=0 gid=0 euid=0 suid=0 fsuid=0 egid=0 sgid=0 fsgid=0 tty=pts1 ses=3 comm="sudo" exe="/usr/bin/sudo" subj=unconfined key="T1043_Commonly_Used_Port"ARCH=x86_64 SYSCALL=connect AUID="vboxuser" UID="root" GID="root" EUID="root" SUID="root" FSUID="root" EGID="root" SGID="root" FSGID="root"
type=SOCKADDR msg=audit(1768173984.751:1910): saddr=020000357F0000350000000000000000SADDR={ saddr_fam=inet laddr=127.0.0.53 lport=53 }
type=PROCTITLE msg=audit(1768173984.751:1910): proctitle=7375646F0076696D002F6574632F617061636865322F73697465732D617661696C61626C652F3030302D64656661756C742E636F6E66
type=SYSCALL msg=audit(1768173984.752:1911): arch=c000003e syscall=42 success=yes exit=0 a0=6 a1=5628ece53740 a2=10 a3=0 items=0 ppid=1424 pid=1475 auid=1000 uid=0 gid=0 euid=0 suid=0 fsuid=0 egid=0 sgid=0 fsgid=0 tty=pts1 ses=3 comm="sudo" exe="/usr/bin/sudo" subj=unconfined key="T1043_Commonly_Used_Port"ARCH=x86_64 SYSCALL=connect AUID="vboxuser" UID="root" GID="root" EUID="root" SUID="root" FSUID="root" EGID="root" SGID="root" FSGID="root"
type=SOCKADDR msg=audit(1768173984.752:1911): saddr=020000000A00020F0000000000000000SADDR={ saddr_fam=inet laddr=10.0.2.15 lport=0 }
type=PROCTITLE msg=audit(1768173984.752:1911): proctitle=7375646F0076696D002F6574632F617061636865322F73697465732D617661696C61626C652F3030302D64656661756C742E636F6E66
type=SYSCALL msg=audit(1768173984.752:1912): arch=c000003e syscall=42 success=yes exit=0 a0=6 a1=7ffd1a1ff7a0 a2=10 a3=0 items=0 ppid=1424 pid=1475 auid=1000 uid=0 gid=0 euid=0 suid=0 fsuid=0 egid=0 sgid=0 fsgid=0 tty=pts1 ses=3 comm="sudo" exe="/usr/bin/sudo" subj=unconfined key="T1043_Commonly_Used_Port"ARCH=x86_64 SYSCALL=connect AUID="vboxuser" UID="root" GID="root" EUID="root" SUID="root" FSUID="root" EGID="root" SGID="root" FSGID="root"
type=SOCKADDR msg=audit(1768173984.752:1912): saddr=00000000000000000000000000000000SADDR=unknown-family(0)
type=PROCTITLE msg=audit(1768173984.752:1912): proctitle=7375646F0076696D002F6574632F617061636865322F73697465732D617661696C61626C652F3030302D64656661756C742E636F6E66
type=SYSCALL msg=audit(1768173984.752:1913): arch=c000003e syscall=42 success=yes exit=0 a0=6 a1=5628ece52910 a2=10 a3=0 items=0 ppid=1424 pid=1475 auid=1000 uid=0 gid=0 euid=0 suid=0 fsuid=0 egid=0 sgid=0 fsgid=0 tty=pts1 ses=3 comm="sudo" exe="/usr/bin/sudo" subj=unconfined key="T1043_Commonly_Used_Port"ARCH=x86_64 SYSCALL=connect AUID="vboxuser" UID="root" GID="root" EUID="root" SUID="root" FSUID="root" EGID="root" SGID="root" FSGID="root"
type=SOCKADDR msg=audit(1768173984.752:1913): saddr=02000000C0A8386B0000000000000000SADDR={ saddr_fam=inet laddr=192.168.56.107 lport=0 }
type=PROCTITLE msg=audit(1768173984.752:1913): proctitle=7375646F0076696D002F6574632F617061636865322F73697465732D617661696C61626C652F3030302D64656661756C742E636F6E66
type=SYSCALL msg=audit(1768173984.752:1914): arch=c000003e syscall=42 success=yes exit=0 a0=6 a1=5628ece52a00 a2=1c a3=0 items=0 ppid=1424 pid=1475 auid=1000 uid=0 gid=0 euid=0 suid=0 fsuid=0 egid=0 sgid=0 fsgid=0 tty=pts1 ses=3 comm="sudo" exe="/usr/bin/sudo" subj=unconfined key="T1043_Commonly_Used_Port"ARCH=x86_64 SYSCALL=connect AUID="vboxuser" UID="root" GID="root" EUID="root" SUID="root" FSUID="root" EGID="root" SGID="root" FSGID="root"
type=SOCKADDR msg=audit(1768173984.752:1914): saddr=0A00000000000000FD17625CF03700020A0027FFFE3F373900000000SADDR={ saddr_fam=inet6 laddr=fd17:625c:f037:2:a00:27ff:fe3f:3739 lport=0 }
type=PROCTITLE msg=audit(1768173984.752:1914): proctitle=7375646F0076696D002F6574632F617061636865322F73697465732D617661696C61626C652F3030302D64656661756C742E636F6E66
type=SYSCALL msg=audit(1768173984.752:1915): arch=c000003e syscall=42 success=yes exit=0 a0=6 a1=7ffd1a1ff7a0 a2=10 a3=0 items=0 ppid=1424 pid=1475 auid=1000 uid=0 gid=0 euid=0 suid=0 fsuid=0 egid=0 sgid=0 fsgid=0 tty=pts1 ses=3 comm="sudo" exe="/usr/bin/sudo" subj=unconfined key="T1043_Commonly_Used_Port"ARCH=x86_64 SYSCALL=connect AUID="vboxuser" UID="root" GID="root" EUID="root" SUID="root" FSUID="root" EGID="root" SGID="root" FSGID="root"
type=SOCKADDR msg=audit(1768173984.752:1915): saddr=00000000000000000000000000000000SADDR=unknown-family(0)
type=PROCTITLE msg=audit(1768173984.752:1915): proctitle=7375646F0076696D002F6574632F617061636865322F73697465732D617661696C61626C652F3030302D64656661756C742E636F6E66
type=SYSCALL msg=audit(1768173984.752:1916): arch=c000003e syscall=42 success=no exit=-22 a0=6 a1=5628ece52b20 a2=1c a3=0 items=0 ppid=1424 pid=1475 auid=1000 uid=0 gid=0 euid=0 suid=0 fsuid=0 egid=0 sgid=0 fsgid=0 tty=pts1 ses=3 comm="sudo" exe="/usr/bin/sudo" subj=unconfined key="T1043_Commonly_Used_Port"ARCH=x86_64 SYSCALL=connect AUID="vboxuser" UID="root" GID="root" EUID="root" SUID="root" FSUID="root" EGID="root" SGID="root" FSGID="root"
type=SOCKADDR msg=audit(1768173984.752:1916): saddr=0A00000000000000FE800000000000000A0027FFFE3F373900000000SADDR={ saddr_fam=inet6 laddr=fe80::a00:27ff:fe3f:3739 lport=0 }
type=PROCTITLE msg=audit(1768173984.752:1916): proctitle=7375646F0076696D002F6574632F617061636865322F73697465732D617661696C61626C652F3030302D64656661756C742E636F6E66
type=SYSCALL msg=audit(1768173984.752:1917): arch=c000003e syscall=42 success=yes exit=0 a0=6 a1=7ffd1a1ff7a0 a2=10 a3=0 items=0 ppid=1424 pid=1475 auid=1000 uid=0 gid=0 euid=0 suid=0 fsuid=0 egid=0 sgid=0 fsgid=0 tty=pts1 ses=3 comm="sudo" exe="/usr/bin/sudo" subj=unconfined key="T1043_Commonly_Used_Port"ARCH=x86_64 SYSCALL=connect AUID="vboxuser" UID="root" GID="root" EUID="root" SUID="root" FSUID="root" EGID="root" SGID="root" FSGID="root"
type=SOCKADDR msg=audit(1768173984.752:1917): saddr=00000000000000000000000000000000SADDR=unknown-family(0)
type=PROCTITLE msg=audit(1768173984.752:1917): proctitle=7375646F0076696D002F6574632F617061636865322F73697465732D617661696C61626C652F3030302D64656661756C742E636F6E66
type=SYSCALL msg=audit(1768173984.752:1918): arch=c000003e syscall=42 success=no exit=-22 a0=6 a1=5628ece52c40 a2=1c a3=0 items=0 ppid=1424 pid=1475 auid=1000 uid=0 gid=0 euid=0 suid=0 fsuid=0 egid=0 sgid=0 fsgid=0 tty=pts1 ses=3 comm="sudo" exe="/usr/bin/sudo" subj=unconfined key="T1043_Commonly_Used_Port"ARCH=x86_64 SYSCALL=connect AUID="vboxuser" UID="root" GID="root" EUID="root" SUID="root" FSUID="root" EGID="root" SGID="root" FSGID="root"
type=SOCKADDR msg=audit(1768173984.752:1918): saddr=0A00000000000000FE800000000000000A0027FFFE270D1D00000000SADDR={ saddr_fam=inet6 laddr=fe80::a00:27ff:fe27:d1d lport=0 }
type=PROCTITLE msg=audit(1768173984.752:1918): proctitle=7375646F0076696D002F6574632F617061636865322F73697465732D617661696C61626C652F3030302D64656661756C742E636F6E66
type=SYSCALL msg=audit(1768173984.755:1919): arch=c000003e syscall=257 success=yes exit=6 a0=ffffff9c a1=7a806ffcf347 a2=80000 a3=0 items=1 ppid=1424 pid=1475 auid=1000 uid=0 gid=0 euid=0 suid=0 fsuid=0 egid=0 sgid=0 fsgid=0 tty=pts1 ses=3 comm="sudo" exe="/usr/bin/sudo" subj=unconfined key="T1087_Account_Discovery"ARCH=x86_64 SYSCALL=openat AUID="vboxuser" UID="root" GID="root" EUID="root" SUID="root" FSUID="root" EGID="root" SGID="root" FSGID="root"
type=PATH msg=audit(1768173984.755:1919): item=0 name="/etc/shadow" inode=1050300 dev=08:02 mode=0100640 ouid=0 ogid=42 rdev=00:00 nametype=NORMAL cap_fp=0 cap_fi=0 cap_fe=0 cap_fver=0 cap_frootid=0OUID="root" OGID="shadow"
type=PROCTITLE msg=audit(1768173984.755:1919): proctitle=7375646F0076696D002F6574632F617061636865322F73697465732D617661696C61626C652F3030302D64656661756C742E636F6E66
type=USER_ACCT msg=audit(1768173984.756:1920): pid=1475 uid=0 auid=1000 ses=3 subj=unconfined msg='op=PAM:accounting grantors=pam_permit acct="root" exe="/usr/bin/sudo" hostname=? addr=? terminal=/dev/pts/1 res=success'UID="root" AUID="vboxuser"
type=SYSCALL msg=audit(1768173984.757:1921): arch=c000003e syscall=42 success=yes exit=0 a0=7 a1=7ffd1a1ffca0 a2=2d a3=5628ece5e0b0 items=1 ppid=1424 pid=1475 auid=1000 uid=0 gid=0 euid=0 suid=0 fsuid=0 egid=0 sgid=0 fsgid=0 tty=pts1 ses=3 comm="sudo" exe="/usr/bin/sudo" subj=unconfined key="T1043_Commonly_Used_Port"ARCH=x86_64 SYSCALL=connect AUID="vboxuser" UID="root" GID="root" EUID="root" SUID="root" FSUID="root" EGID="root" SGID="root" FSGID="root"
type=SOCKADDR msg=audit(1768173984.757:1921): saddr=01002F72756E2F73797374656D642F7573657264622F696F2E73797374656D642E44796E616D69635573657200SADDR={ saddr_fam=local path=/run/systemd/userdb/io.systemd.DynamicUser }
type=PATH msg=audit(1768173984.757:1921): item=0 name="/run/systemd/userdb/io.systemd.DynamicUser" inode=452 dev=00:18 mode=0140666 ouid=0 ogid=0 rdev=00:00 nametype=NORMAL cap_fp=0 cap_fi=0 cap_fe=0 cap_fver=0 cap_frootid=0OUID="root" OGID="root"
type=PROCTITLE msg=audit(1768173984.757:1921): proctitle=7375646F0076696D002F6574632F617061636865322F73697465732D617661696C61626C652F3030302D64656661756C742E636F6E66
type=USER_CMD msg=audit(1768173984.758:1922): pid=1475 uid=0 auid=1000 ses=3 subj=unconfined msg='cwd="/root" cmd=76696D202F6574632F617061636865322F73697465732D617661696C61626C652F3030302D64656661756C742E636F6E66 exe="/usr/bin/sudo" terminal=pts/1 res=success'UID="root" AUID="vboxuser"
type=SYSCALL msg=audit(1768173984.758:1923): arch=c000003e syscall=92 success=yes exit=0 a0=7ffd1a1ff050 a1=0 a2=5 a3=0 items=1 ppid=1424 pid=1475 auid=1000 uid=0 gid=0 euid=0 suid=0 fsuid=0 egid=0 sgid=0 fsgid=0 tty=pts1 ses=3 comm="sudo" exe="/usr/bin/sudo" subj=unconfined key="T1166_Seuid_and_Setgid"ARCH=x86_64 SYSCALL=chown AUID="vboxuser" UID="root" GID="root" EUID="root" SUID="root" FSUID="root" EGID="root" SGID="root" FSGID="root"
type=PATH msg=audit(1768173984.758:1923): item=0 name="/dev/pts/2" inode=5 dev=00:17 mode=020620 ouid=0 ogid=5 rdev=88:02 nametype=NORMAL cap_fp=0 cap_fi=0 cap_fe=0 cap_fver=0 cap_frootid=0OUID="root" OGID="tty"
type=PROCTITLE msg=audit(1768173984.758:1923): proctitle=7375646F0076696D002F6574632F617061636865322F73697465732D617661696C61626C652F3030302D64656661756C742E636F6E66
type=SYSCALL msg=audit(1768173984.758:1924): arch=c000003e syscall=257 success=yes exit=12 a0=ffffff9c a1=7a806ffd46b0 a2=80002 a3=0 items=1 ppid=1424 pid=1475 auid=1000 uid=0 gid=0 euid=0 suid=0 fsuid=0 egid=0 sgid=0 fsgid=0 tty=pts1 ses=3 comm="sudo" exe="/usr/bin/sudo" subj=unconfined key="T1108_Redundant_Access"ARCH=x86_64 SYSCALL=openat AUID="vboxuser" UID="root" GID="root" EUID="root" SUID="root" FSUID="root" EGID="root" SGID="root" FSGID="root"
type=PATH msg=audit(1768173984.758:1924): item=0 name="/var/run/utmp" inode=598 dev=00:18 mode=0100664 ouid=0 ogid=43 rdev=00:00 nametype=NORMAL cap_fp=0 cap_fi=0 cap_fe=0 cap_fver=0 cap_frootid=0OUID="root" OGID="utmp"
type=PROCTITLE msg=audit(1768173984.758:1924): proctitle=7375646F0076696D002F6574632F617061636865322F73697465732D617661696C61626C652F3030302D64656661756C742E636F6E66
type=SYSCALL msg=audit(1768173984.758:1925): arch=c000003e syscall=106 success=yes exit=0 a0=0 a1=0 a2=1026105 a3=7a807003cf60 items=0 ppid=1424 pid=1475 auid=1000 uid=0 gid=0 euid=0 suid=0 fsuid=0 egid=0 sgid=0 fsgid=0 tty=pts1 ses=3 comm="sudo" exe="/usr/bin/sudo" subj=unconfined key="T1166_Seuid_and_Setgid"ARCH=x86_64 SYSCALL=setgid AUID="vboxuser" UID="root" GID="root" EUID="root" SUID="root" FSUID="root" EGID="root" SGID="root" FSGID="root"
type=PROCTITLE msg=audit(1768173984.758:1925): proctitle=7375646F0076696D002F6574632F617061636865322F73697465732D617661696C61626C652F3030302D64656661756C742E636F6E66
type=CRED_REFR msg=audit(1768173984.759:1926): pid=1475 uid=0 auid=1000 ses=3 subj=unconfined msg='op=PAM:setcred grantors=pam_permit,pam_cap acct="root" exe="/usr/bin/sudo" hostname=? addr=? terminal=/dev/pts/1 res=success'UID="root" AUID="vboxuser"
type=USER_START msg=audit(1768173984.760:1927): pid=1475 uid=0 auid=1000 ses=3 subj=unconfined msg='op=PAM:session_open grantors=pam_limits,pam_env,pam_env,pam_permit,pam_umask,pam_unix acct="root" exe="/usr/bin/sudo" hostname=? addr=? terminal=/dev/pts/1 res=success'UID="root" AUID="vboxuser"
type=SYSCALL msg=audit(1768173984.761:1928): arch=c000003e syscall=59 success=yes exit=0 a0=5628ece43ae8 a1=5628ece535e0 a2=5628ecee2950 a3=64 items=2 ppid=1476 pid=1477 auid=1000 uid=0 gid=0 euid=0 suid=0 fsuid=0 egid=0 sgid=0 fsgid=0 tty=pts2 ses=3 comm="vim" exe="/usr/bin/vim.basic" subj=unconfined key="T1078_Valid_Accounts"ARCH=x86_64 SYSCALL=execve AUID="vboxuser" UID="root" GID="root" EUID="root" SUID="root" FSUID="root" EGID="root" SGID="root" FSGID="root"
type=EXECVE msg=audit(1768173984.761:1928): argc=2 a0="vim" a1="/etc/apache2/sites-available/000-default.conf"
type=PATH msg=audit(1768173984.761:1928): item=0 name="/usr/bin/vim" inode=1483710 dev=08:02 mode=0100755 ouid=0 ogid=0 rdev=00:00 nametype=NORMAL cap_fp=0 cap_fi=0 cap_fe=0 cap_fver=0 cap_frootid=0OUID="root" OGID="root"
type=PATH msg=audit(1768173984.761:1928): item=1 name="/lib64/ld-linux-x86-64.so.2" inode=1481429 dev=08:02 mode=0100755 ouid=0 ogid=0 rdev=00:00 nametype=NORMAL cap_fp=0 cap_fi=0 cap_fe=0 cap_fver=0 cap_frootid=0OUID="root" OGID="root"
type=PROCTITLE msg=audit(1768173984.761:1928): proctitle=76696D002F6574632F617061636865322F73697465732D617661696C61626C652F3030302D64656661756C742E636F6E66
type=SYSCALL msg=audit(1768173984.786:1929): arch=c000003e syscall=87 success=yes exit=0 a0=61a7db601340 a1=7ffee3f3dfa0 a2=5 a3=180 items=2 ppid=1476 pid=1477 auid=1000 uid=0 gid=0 euid=0 suid=0 fsuid=0 egid=0 sgid=0 fsgid=0 tty=pts2 ses=3 comm="vim" exe="/usr/bin/vim.basic" subj=unconfined key="T1107_File_Deletion"ARCH=x86_64 SYSCALL=unlink AUID="vboxuser" UID="root" GID="root" EUID="root" SUID="root" FSUID="root" EGID="root" SGID="root" FSGID="root"
type=PATH msg=audit(1768173984.786:1929): item=0 name="/etc/apache2/sites-available/" inode=1050469 dev=08:02 mode=040755 ouid=0 ogid=0 rdev=00:00 nametype=PARENT cap_fp=0 cap_fi=0 cap_fe=0 cap_fver=0 cap_frootid=0OUID="root" OGID="root"
type=PATH msg=audit(1768173984.786:1929): item=1 name="/etc/apache2/sites-available/.000-default.conf.swx" inode=1051134 dev=08:02 mode=0100600 ouid=0 ogid=0 rdev=00:00 nametype=DELETE cap_fp=0 cap_fi=0 cap_fe=0 cap_fver=0 cap_frootid=0OUID="root" OGID="root"
type=PROCTITLE msg=audit(1768173984.786:1929): proctitle=76696D002F6574632F617061636865322F73697465732D617661696C61626C652F3030302D64656661756C742E636F6E66
type=SYSCALL msg=audit(1768173984.786:1930): arch=c000003e syscall=87 success=yes exit=0 a0=61a7db601380 a1=7ffee3f3dfa0 a2=5 a3=180 items=2 ppid=1476 pid=1477 auid=1000 uid=0 gid=0 euid=0 suid=0 fsuid=0 egid=0 sgid=0 fsgid=0 tty=pts2 ses=3 comm="vim" exe="/usr/bin/vim.basic" subj=unconfined key="T1107_File_Deletion"ARCH=x86_64 SYSCALL=unlink AUID="vboxuser" UID="root" GID="root" EUID="root" SUID="root" FSUID="root" EGID="root" SGID="root" FSGID="root"
type=PATH msg=audit(1768173984.786:1930): item=0 name="/etc/apache2/sites-available/" inode=1050469 dev=08:02 mode=040755 ouid=0 ogid=0 rdev=00:00 nametype=PARENT cap_fp=0 cap_fi=0 cap_fe=0 cap_fver=0 cap_frootid=0OUID="root" OGID="root"
type=PATH msg=audit(1768173984.786:1930): item=1 name="/etc/apache2/sites-available/.000-default.conf.swp" inode=1050794 dev=08:02 mode=0100600 ouid=0 ogid=0 rdev=00:00 nametype=DELETE cap_fp=0 cap_fi=0 cap_fe=0 cap_fver=0 cap_frootid=0OUID="root" OGID="root"
type=PROCTITLE msg=audit(1768173984.786:1930): proctitle=76696D002F6574632F617061636865322F73697465732D617661696C61626C652F3030302D64656661756C742E636F6E66
type=SYSCALL msg=audit(1768173984.786:1931): arch=c000003e syscall=90 success=yes exit=0 a0=61a7db601380 a1=1a4 a2=0 a3=61a7cfee0c60 items=1 ppid=1476 pid=1477 auid=1000 uid=0 gid=0 euid=0 suid=0 fsuid=0 egid=0 sgid=0 fsgid=0 tty=pts2 ses=3 comm="vim" exe="/usr/bin/vim.basic" subj=unconfined key="T1166_Seuid_and_Setgid"ARCH=x86_64 SYSCALL=chmod AUID="vboxuser" UID="root" GID="root" EUID="root" SUID="root" FSUID="root" EGID="root" SGID="root" FSGID="root"
type=PATH msg=audit(1768173984.786:1931): item=0 name="/etc/apache2/sites-available/.000-default.conf.swp" inode=1050794 dev=08:02 mode=0100600 ouid=0 ogid=0 rdev=00:00 nametype=NORMAL cap_fp=0 cap_fi=0 cap_fe=0 cap_fver=0 cap_frootid=0OUID="root" OGID="root"
type=PROCTITLE msg=audit(1768173984.786:1931): proctitle=76696D002F6574632F617061636865322F73697465732D617661696C61626C652F3030302D64656661756C742E636F6E66
type=SYSCALL msg=audit(1768173989.664:1932): arch=c000003e syscall=93 success=yes exit=0 a0=3 a1=0 a2=0 a3=81a4 items=1 ppid=1476 pid=1477 auid=1000 uid=0 gid=0 euid=0 suid=0 fsuid=0 egid=0 sgid=0 fsgid=0 tty=pts2 ses=3 comm="vim" exe="/usr/bin/vim.basic" subj=unconfined key="T1166_Seuid_and_Setgid"ARCH=x86_64 SYSCALL=fchown AUID="vboxuser" UID="root" GID="root" EUID="root" SUID="root" FSUID="root" EGID="root" SGID="root" FSGID="root"
type=PATH msg=audit(1768173989.664:1932): item=0 name=(null) inode=1051134 dev=08:02 mode=0100644 ouid=0 ogid=0 rdev=00:00 nametype=NORMAL cap_fp=0 cap_fi=0 cap_fe=0 cap_fver=0 cap_frootid=0OUID="root" OGID="root"
type=PROCTITLE msg=audit(1768173989.664:1932): proctitle=76696D002F6574632F617061636865322F73697465732D617661696C61626C652F3030302D64656661756C742E636F6E66
type=SYSCALL msg=audit(1768173989.664:1933): arch=c000003e syscall=87 success=yes exit=0 a0=61a7db2b7420 a1=0 a2=0 a3=0 items=2 ppid=1476 pid=1477 auid=1000 uid=0 gid=0 euid=0 suid=0 fsuid=0 egid=0 sgid=0 fsgid=0 tty=pts2 ses=3 comm="vim" exe="/usr/bin/vim.basic" subj=unconfined key="T1107_File_Deletion"ARCH=x86_64 SYSCALL=unlink AUID="vboxuser" UID="root" GID="root" EUID="root" SUID="root" FSUID="root" EGID="root" SGID="root" FSGID="root"
type=PATH msg=audit(1768173989.664:1933): item=0 name="/etc/apache2/sites-available/" inode=1050469 dev=08:02 mode=040755 ouid=0 ogid=0 rdev=00:00 nametype=PARENT cap_fp=0 cap_fi=0 cap_fe=0 cap_fver=0 cap_frootid=0OUID="root" OGID="root"
type=PATH msg=audit(1768173989.664:1933): item=1 name="/etc/apache2/sites-available/4913" inode=1051134 dev=08:02 mode=0100644 ouid=0 ogid=0 rdev=00:00 nametype=DELETE cap_fp=0 cap_fi=0 cap_fe=0 cap_fver=0 cap_frootid=0OUID="root" OGID="root"
type=PROCTITLE msg=audit(1768173989.664:1933): proctitle=76696D002F6574632F617061636865322F73697465732D617661696C61626C652F3030302D64656661756C742E636F6E66
type=SYSCALL msg=audit(1768173989.664:1934): arch=c000003e syscall=87 success=no exit=-2 a0=61a7db2df5c0 a1=61a7db2df5c0 a2=fffffffffffffc58 a3=0 items=1 ppid=1476 pid=1477 auid=1000 uid=0 gid=0 euid=0 suid=0 fsuid=0 egid=0 sgid=0 fsgid=0 tty=pts2 ses=3 comm="vim" exe="/usr/bin/vim.basic" subj=unconfined key="T1107_File_Deletion"ARCH=x86_64 SYSCALL=unlink AUID="vboxuser" UID="root" GID="root" EUID="root" SUID="root" FSUID="root" EGID="root" SGID="root" FSGID="root"
type=PATH msg=audit(1768173989.664:1934): item=0 name="/etc/apache2/sites-available/" inode=1050469 dev=08:02 mode=040755 ouid=0 ogid=0 rdev=00:00 nametype=PARENT cap_fp=0 cap_fi=0 cap_fe=0 cap_fver=0 cap_frootid=0OUID="root" OGID="root"
type=PROCTITLE msg=audit(1768173989.664:1934): proctitle=76696D002F6574632F617061636865322F73697465732D617661696C61626C652F3030302D64656661756C742E636F6E66
type=SYSCALL msg=audit(1768173989.664:1935): arch=c000003e syscall=82 success=yes exit=0 a0=61a7db2c66d0 a1=61a7db2df5c0 a2=fffffffffffffc58 a3=0 items=4 ppid=1476 pid=1477 auid=1000 uid=0 gid=0 euid=0 suid=0 fsuid=0 egid=0 sgid=0 fsgid=0 tty=pts2 ses=3 comm="vim" exe="/usr/bin/vim.basic" subj=unconfined key="T1107_File_Deletion"ARCH=x86_64 SYSCALL=rename AUID="vboxuser" UID="root" GID="root" EUID="root" SUID="root" FSUID="root" EGID="root" SGID="root" FSGID="root"
type=PATH msg=audit(1768173989.664:1935): item=0 name="/etc/apache2/sites-available/" inode=1050469 dev=08:02 mode=040755 ouid=0 ogid=0 rdev=00:00 nametype=PARENT cap_fp=0 cap_fi=0 cap_fe=0 cap_fver=0 cap_frootid=0OUID="root" OGID="root"
type=PATH msg=audit(1768173989.664:1935): item=1 name="/etc/apache2/sites-available/" inode=1050469 dev=08:02 mode=040755 ouid=0 ogid=0 rdev=00:00 nametype=PARENT cap_fp=0 cap_fi=0 cap_fe=0 cap_fver=0 cap_frootid=0OUID="root" OGID="root"
type=PATH msg=audit(1768173989.664:1935): item=2 name="/etc/apache2/sites-available/000-default.conf" inode=1050470 dev=08:02 mode=0100644 ouid=0 ogid=0 rdev=00:00 nametype=DELETE cap_fp=0 cap_fi=0 cap_fe=0 cap_fver=0 cap_frootid=0OUID="root" OGID="root"
type=PATH msg=audit(1768173989.664:1935): item=3 name="/etc/apache2/sites-available/000-default.conf~" inode=1050470 dev=08:02 mode=0100644 ouid=0 ogid=0 rdev=00:00 nametype=CREATE cap_fp=0 cap_fi=0 cap_fe=0 cap_fver=0 cap_frootid=0OUID="root" OGID="root"
type=PROCTITLE msg=audit(1768173989.664:1935): proctitle=76696D002F6574632F617061636865322F73697465732D617661696C61626C652F3030302D64656661756C742E636F6E66
type=SYSCALL msg=audit(1768173989.676:1936): arch=c000003e syscall=91 success=yes exit=0 a0=3 a1=81a4 a2=7ffee3f3da50 a3=0 items=1 ppid=1476 pid=1477 auid=1000 uid=0 gid=0 euid=0 suid=0 fsuid=0 egid=0 sgid=0 fsgid=0 tty=pts2 ses=3 comm="vim" exe="/usr/bin/vim.basic" subj=unconfined key="T1166_Seuid_and_Setgid"ARCH=x86_64 SYSCALL=fchmod AUID="vboxuser" UID="root" GID="root" EUID="root" SUID="root" FSUID="root" EGID="root" SGID="root" FSGID="root"
type=PATH msg=audit(1768173989.676:1936): item=0 name=(null) inode=1051134 dev=08:02 mode=0100644 ouid=0 ogid=0 rdev=00:00 nametype=NORMAL cap_fp=0 cap_fi=0 cap_fe=0 cap_fver=0 cap_frootid=0OUID="root" OGID="root"
type=PROCTITLE msg=audit(1768173989.676:1936): proctitle=76696D002F6574632F617061636865322F73697465732D617661696C61626C652F3030302D64656661756C742E636F6E66
type=SYSCALL msg=audit(1768173989.676:1937): arch=c000003e syscall=188 success=yes exit=0 a0=61a7db2c66d0 a1=70f995355000 a2=61a7db2e1120 a3=1c items=1 ppid=1476 pid=1477 auid=1000 uid=0 gid=0 euid=0 suid=0 fsuid=0 egid=0 sgid=0 fsgid=0 tty=pts2 ses=3 comm="vim" exe="/usr/bin/vim.basic" subj=unconfined key="T1166_Seuid_and_Setgid"ARCH=x86_64 SYSCALL=setxattr AUID="vboxuser" UID="root" GID="root" EUID="root" SUID="root" FSUID="root" EGID="root" SGID="root" FSGID="root"
type=PATH msg=audit(1768173989.676:1937): item=0 name="/etc/apache2/sites-available/000-default.conf" inode=1051134 dev=08:02 mode=0100644 ouid=0 ogid=0 rdev=00:00 nametype=NORMAL cap_fp=0 cap_fi=0 cap_fe=0 cap_fver=0 cap_frootid=0OUID="root" OGID="root"
type=PROCTITLE msg=audit(1768173989.676:1937): proctitle=76696D002F6574632F617061636865322F73697465732D617661696C61626C652F3030302D64656661756C742E636F6E66
type=SYSCALL msg=audit(1768173989.676:1938): arch=c000003e syscall=87 success=yes exit=0 a0=61a7db2df5c0 a1=382d6674 a2=61a7cfe37b7d a3=0 items=2 ppid=1476 pid=1477 auid=1000 uid=0 gid=0 euid=0 suid=0 fsuid=0 egid=0 sgid=0 fsgid=0 tty=pts2 ses=3 comm="vim" exe="/usr/bin/vim.basic" subj=unconfined key="T1107_File_Deletion"ARCH=x86_64 SYSCALL=unlink AUID="vboxuser" UID="root" GID="root" EUID="root" SUID="root" FSUID="root" EGID="root" SGID="root" FSGID="root"
type=PATH msg=audit(1768173989.676:1938): item=0 name="/etc/apache2/sites-available/" inode=1050469 dev=08:02 mode=040755 ouid=0 ogid=0 rdev=00:00 nametype=PARENT cap_fp=0 cap_fi=0 cap_fe=0 cap_fver=0 cap_frootid=0OUID="root" OGID="root"
type=PATH msg=audit(1768173989.676:1938): item=1 name="/etc/apache2/sites-available/000-default.conf~" inode=1050470 dev=08:02 mode=0100644 ouid=0 ogid=0 rdev=00:00 nametype=DELETE cap_fp=0 cap_fi=0 cap_fe=0 cap_fver=0 cap_frootid=0OUID="root" OGID="root"
type=PROCTITLE msg=audit(1768173989.676:1938): proctitle=76696D002F6574632F617061636865322F73697465732D617661696C61626C652F3030302D64656661756C742E636F6E66
type=SYSCALL msg=audit(1768173989.676:1939): arch=c000003e syscall=87 success=yes exit=0 a0=61a7db2df3d0 a1=61a7db2df3d0 a2=7ffee3f3ce30 a3=0 items=2 ppid=1476 pid=1477 auid=1000 uid=0 gid=0 euid=0 suid=0 fsuid=0 egid=0 sgid=0 fsgid=0 tty=pts2 ses=3 comm="vim" exe="/usr/bin/vim.basic" subj=unconfined key="T1107_File_Deletion"ARCH=x86_64 SYSCALL=unlink AUID="vboxuser" UID="root" GID="root" EUID="root" SUID="root" FSUID="root" EGID="root" SGID="root" FSGID="root"
type=PATH msg=audit(1768173989.676:1939): item=0 name="/root/" inode=1048578 dev=08:02 mode=040700 ouid=0 ogid=0 rdev=00:00 nametype=PARENT cap_fp=0 cap_fi=0 cap_fe=0 cap_fver=0 cap_frootid=0OUID="root" OGID="root"
type=PATH msg=audit(1768173989.676:1939): item=1 name="/root/.viminfo" inode=1050311 dev=08:02 mode=0100600 ouid=0 ogid=0 rdev=00:00 nametype=DELETE cap_fp=0 cap_fi=0 cap_fe=0 cap_fver=0 cap_frootid=0OUID="root" OGID="root"
type=PROCTITLE msg=audit(1768173989.676:1939): proctitle=76696D002F6574632F617061636865322F73697465732D617661696C61626C652F3030302D64656661756C742E636F6E66
type=SYSCALL msg=audit(1768173989.676:1940): arch=c000003e syscall=82 success=yes exit=0 a0=61a7db594720 a1=61a7db2df3d0 a2=7ffee3f3ce30 a3=0 items=4 ppid=1476 pid=1477 auid=1000 uid=0 gid=0 euid=0 suid=0 fsuid=0 egid=0 sgid=0 fsgid=0 tty=pts2 ses=3 comm="vim" exe="/usr/bin/vim.basic" subj=unconfined key="T1107_File_Deletion"ARCH=x86_64 SYSCALL=rename AUID="vboxuser" UID="root" GID="root" EUID="root" SUID="root" FSUID="root" EGID="root" SGID="root" FSGID="root"
type=PATH msg=audit(1768173989.676:1940): item=0 name="/root/" inode=1048578 dev=08:02 mode=040700 ouid=0 ogid=0 rdev=00:00 nametype=PARENT cap_fp=0 cap_fi=0 cap_fe=0 cap_fver=0 cap_frootid=0OUID="root" OGID="root"
type=PATH msg=audit(1768173989.676:1940): item=1 name="/root/" inode=1048578 dev=08:02 mode=040700 ouid=0 ogid=0 rdev=00:00 nametype=PARENT cap_fp=0 cap_fi=0 cap_fe=0 cap_fver=0 cap_frootid=0OUID="root" OGID="root"
type=PATH msg=audit(1768173989.676:1940): item=2 name="/root/.viminfo.tmp" inode=1050470 dev=08:02 mode=0100600 ouid=0 ogid=0 rdev=00:00 nametype=DELETE cap_fp=0 cap_fi=0 cap_fe=0 cap_fver=0 cap_frootid=0OUID="root" OGID="root"
type=PATH msg=audit(1768173989.676:1940): item=3 name="/root/.viminfo" inode=1050470 dev=08:02 mode=0100600 ouid=0 ogid=0 rdev=00:00 nametype=CREATE cap_fp=0 cap_fi=0 cap_fe=0 cap_fver=0 cap_frootid=0OUID="root" OGID="root"
type=PROCTITLE msg=audit(1768173989.676:1940): proctitle=76696D002F6574632F617061636865322F73697465732D617661696C61626C652F3030302D64656661756C742E636F6E66
type=SYSCALL msg=audit(1768173989.676:1941): arch=c000003e syscall=87 success=yes exit=0 a0=61a7db601340 a1=0 a2=0 a3=0 items=2 ppid=1476 pid=1477 auid=1000 uid=0 gid=0 euid=0 suid=0 fsuid=0 egid=0 sgid=0 fsgid=0 tty=pts2 ses=3 comm="vim" exe="/usr/bin/vim.basic" subj=unconfined key="T1107_File_Deletion"ARCH=x86_64 SYSCALL=unlink AUID="vboxuser" UID="root" GID="root" EUID="root" SUID="root" FSUID="root" EGID="root" SGID="root" FSGID="root"
type=PATH msg=audit(1768173989.676:1941): item=0 name="/etc/apache2/sites-available/" inode=1050469 dev=08:02 mode=040755 ouid=0 ogid=0 rdev=00:00 nametype=PARENT cap_fp=0 cap_fi=0 cap_fe=0 cap_fver=0 cap_frootid=0OUID="root" OGID="root"
type=PATH msg=audit(1768173989.676:1941): item=1 name="/etc/apache2/sites-available/.000-default.conf.swp" inode=1050794 dev=08:02 mode=0100644 ouid=0 ogid=0 rdev=00:00 nametype=DELETE cap_fp=0 cap_fi=0 cap_fe=0 cap_fver=0 cap_frootid=0OUID="root" OGID="root"
type=PROCTITLE msg=audit(1768173989.676:1941): proctitle=76696D002F6574632F617061636865322F73697465732D617661696C61626C652F3030302D64656661756C742E636F6E66
type=SYSCALL msg=audit(1768173989.680:1942): arch=c000003e syscall=257 success=yes exit=12 a0=ffffff9c a1=7a806ffd46b0 a2=80002 a3=0 items=1 ppid=1424 pid=1475 auid=1000 uid=0 gid=0 euid=0 suid=0 fsuid=0 egid=0 sgid=0 fsgid=0 tty=pts1 ses=3 comm="sudo" exe="/usr/bin/sudo" subj=unconfined key="T1108_Redundant_Access"ARCH=x86_64 SYSCALL=openat AUID="vboxuser" UID="root" GID="root" EUID="root" SUID="root" FSUID="root" EGID="root" SGID="root" FSGID="root"
type=PATH msg=audit(1768173989.680:1942): item=0 name="/var/run/utmp" inode=598 dev=00:18 mode=0100664 ouid=0 ogid=43 rdev=00:00 nametype=NORMAL cap_fp=0 cap_fi=0 cap_fe=0 cap_fver=0 cap_frootid=0OUID="root" OGID="utmp"
type=PROCTITLE msg=audit(1768173989.680:1942): proctitle=7375646F0076696D002F6574632F617061636865322F73697465732D617661696C61626C652F3030302D64656661756C742E636F6E66
type=USER_END msg=audit(1768173989.680:1943): pid=1475 uid=0 auid=1000 ses=3 subj=unconfined msg='op=PAM:session_close grantors=pam_limits,pam_env,pam_env,pam_permit,pam_umask,pam_unix acct="root" exe="/usr/bin/sudo" hostname=? addr=? terminal=/dev/pts/1 res=success'UID="root" AUID="vboxuser"
type=CRED_DISP msg=audit(1768173989.680:1944): pid=1475 uid=0 auid=1000 ses=3 subj=unconfined msg='op=PAM:setcred grantors=pam_permit acct="root" exe="/usr/bin/sudo" hostname=? addr=? terminal=/dev/pts/1 res=success'UID="root" AUID="vboxuser"
type=SYSCALL msg=audit(1768173996.871:1945): arch=c000003e syscall=59 success=yes exit=0 a0=63868ee5fe40 a1=63868ee5fb50 a2=63868ed19cc0 a3=63868ee5fb50 items=2 ppid=1424 pid=1479 auid=1000 uid=0 gid=0 euid=0 suid=0 fsuid=0 egid=0 sgid=0 fsgid=0 tty=pts1 ses=3 comm="systemctl" exe="/usr/bin/systemctl" subj=unconfined key="T1078_Valid_Accounts"ARCH=x86_64 SYSCALL=execve AUID="vboxuser" UID="root" GID="root" EUID="root" SUID="root" FSUID="root" EGID="root" SGID="root" FSGID="root"
type=EXECVE msg=audit(1768173996.871:1945): argc=3 a0="systemctl" a1="restart" a2="apache2"
type=PATH msg=audit(1768173996.871:1945): item=0 name="/usr/bin/systemctl" inode=1461475 dev=08:02 mode=0100755 ouid=0 ogid=0 rdev=00:00 nametype=NORMAL cap_fp=0 cap_fi=0 cap_fe=0 cap_fver=0 cap_frootid=0OUID="root" OGID="root"
type=PATH msg=audit(1768173996.871:1945): item=1 name="/lib64/ld-linux-x86-64.so.2" inode=1481429 dev=08:02 mode=0100755 ouid=0 ogid=0 rdev=00:00 nametype=NORMAL cap_fp=0 cap_fi=0 cap_fe=0 cap_fver=0 cap_frootid=0OUID="root" OGID="root"
type=PROCTITLE msg=audit(1768173996.871:1945): proctitle=73797374656D63746C00726573746172740061706163686532
type=SYSCALL msg=audit(1768173996.879:1946): arch=c000003e syscall=42 success=yes exit=0 a0=3 a1=58a9cfba3ac8 a2=17 a3=7fff83fa73c4 items=1 ppid=1424 pid=1479 auid=1000 uid=0 gid=0 euid=0 suid=0 fsuid=0 egid=0 sgid=0 fsgid=0 tty=pts1 ses=3 comm="systemctl" exe="/usr/bin/systemctl" subj=unconfined key="T1043_Commonly_Used_Port"ARCH=x86_64 SYSCALL=connect AUID="vboxuser" UID="root" GID="root" EUID="root" SUID="root" FSUID="root" EGID="root" SGID="root" FSGID="root"
type=SOCKADDR msg=audit(1768173996.879:1946): saddr=01002F72756E2F73797374656D642F7072697661746500SADDR={ saddr_fam=local path=/run/systemd/private }
type=PATH msg=audit(1768173996.879:1946): item=0 name="/run/systemd/private" inode=450 dev=00:18 mode=0140700 ouid=0 ogid=0 rdev=00:00 nametype=NORMAL cap_fp=0 cap_fi=0 cap_fe=0 cap_fver=0 cap_frootid=0OUID="root" OGID="root"
type=PROCTITLE msg=audit(1768173996.879:1946): proctitle=73797374656D63746C00726573746172740061706163686532
type=SYSCALL msg=audit(1768173996.879:1947): arch=c000003e syscall=59 success=yes exit=0 a0=58a9bbb7b090 a1=7fff83fa7640 a2=7fff83fa7ec8 a3=73c52bbaa8d0 items=2 ppid=1479 pid=1480 auid=1000 uid=0 gid=0 euid=0 suid=0 fsuid=0 egid=0 sgid=0 fsgid=0 tty=pts1 ses=3 comm="systemd-tty-ask" exe="/usr/bin/systemd-tty-ask-password-agent" subj=unconfined key="T1078_Valid_Accounts"ARCH=x86_64 SYSCALL=execve AUID="vboxuser" UID="root" GID="root" EUID="root" SUID="root" FSUID="root" EGID="root" SGID="root" FSGID="root"
type=EXECVE msg=audit(1768173996.879:1947): argc=2 a0="/usr/bin/systemd-tty-ask-password-agent" a1="--watch"
type=PATH msg=audit(1768173996.879:1947): item=0 name="/usr/bin/systemd-tty-ask-password-agent" inode=1461700 dev=08:02 mode=0100755 ouid=0 ogid=0 rdev=00:00 nametype=NORMAL cap_fp=0 cap_fi=0 cap_fe=0 cap_fver=0 cap_frootid=0OUID="root" OGID="root"
type=PATH msg=audit(1768173996.879:1947): item=1 name="/lib64/ld-linux-x86-64.so.2" inode=1481429 dev=08:02 mode=0100755 ouid=0 ogid=0 rdev=00:00 nametype=NORMAL cap_fp=0 cap_fi=0 cap_fe=0 cap_fver=0 cap_frootid=0OUID="root" OGID="root"
type=PROCTITLE msg=audit(1768173996.879:1947): proctitle=2F7573722F62696E2F73797374656D642D7474792D61736B2D70617373776F72642D6167656E74002D2D7761746368
type=SYSCALL msg=audit(1768173996.879:1948): arch=c000003e syscall=59 success=yes exit=0 a0=7fffa423c540 a1=7fffa423c560 a2=7fffa423d048 a3=8 items=2 ppid=1 pid=1481 auid=4294967295 uid=0 gid=0 euid=0 suid=0 fsuid=0 egid=0 sgid=0 fsgid=0 tty=(none) ses=4294967295 comm="9" exe="/usr/lib/systemd/systemd-executor" subj=unconfined key="T1078_Valid_Accounts"ARCH=x86_64 SYSCALL=execve AUID="unset" UID="root" GID="root" EUID="root" SUID="root" FSUID="root" EGID="root" SGID="root" FSGID="root"
type=EXECVE msg=audit(1768173996.879:1948): argc=7 a0="/usr/lib/systemd/systemd-executor" a1="--deserialize" a2="95" a3="--log-level" a4="info" a5="--log-target" a6="journal-or-kmsg"
type=PATH msg=audit(1768173996.879:1948): item=0 name="/proc/self/fd/9" inode=1463834 dev=08:02 mode=0100755 ouid=0 ogid=0 rdev=00:00 nametype=NORMAL cap_fp=0 cap_fi=0 cap_fe=0 cap_fver=0 cap_frootid=0OUID="root" OGID="root"
type=PATH msg=audit(1768173996.879:1948): item=1 name="/lib64/ld-linux-x86-64.so.2" inode=1481429 dev=08:02 mode=0100755 ouid=0 ogid=0 rdev=00:00 nametype=NORMAL cap_fp=0 cap_fi=0 cap_fe=0 cap_fver=0 cap_frootid=0OUID="root" OGID="root"
type=PROCTITLE msg=audit(1768173996.879:1948): proctitle=2F7573722F6C69622F73797374656D642F73797374656D642D6578656375746F72002D2D646573657269616C697A65003935002D2D6C6F672D6C6576656C00696E666F002D2D6C6F672D746172676574006A6F75726E616C2D6F722D6B6D7367
type=SYSCALL msg=audit(1768173996.894:1949): arch=c000003e syscall=42 success=yes exit=0 a0=4 a1=7ffe784924b0 a2=1e a3=7ffe78492560 items=1 ppid=1 pid=1481 auid=4294967295 uid=0 gid=0 euid=0 suid=0 fsuid=0 egid=0 sgid=0 fsgid=0 tty=(none) ses=4294967295 comm="9" exe="/usr/lib/systemd/systemd-executor" subj=unconfined key="T1043_Commonly_Used_Port"ARCH=x86_64 SYSCALL=connect AUID="unset" UID="root" GID="root" EUID="root" SUID="root" FSUID="root" EGID="root" SGID="root" FSGID="root"
type=SOCKADDR msg=audit(1768173996.894:1949): saddr=01002F72756E2F73797374656D642F6A6F75726E616C2F736F636B657400SADDR={ saddr_fam=local path=/run/systemd/journal/socket }
type=PATH msg=audit(1768173996.894:1949): item=0 name="/run/systemd/journal/socket" inode=465 dev=00:18 mode=0140666 ouid=0 ogid=0 rdev=00:00 nametype=NORMAL cap_fp=0 cap_fi=0 cap_fe=0 cap_fver=0 cap_frootid=0OUID="root" OGID="root"
type=PROCTITLE msg=audit(1768173996.894:1949): proctitle=2F7573722F6C69622F73797374656D642F73797374656D642D6578656375746F72002D2D646573657269616C697A65003935002D2D6C6F672D6C6576656C00696E666F002D2D6C6F672D746172676574006A6F75726E616C2D6F722D6B6D7367
type=SYSCALL msg=audit(1768173996.904:1950): arch=c000003e syscall=42 success=yes exit=0 a0=3 a1=7ffe78492030 a2=1e a3=fffffff7 items=1 ppid=1 pid=1481 auid=4294967295 uid=0 gid=0 euid=0 suid=0 fsuid=0 egid=0 sgid=0 fsgid=0 tty=(none) ses=4294967295 comm="(pachectl)" exe="/usr/lib/systemd/systemd-executor" subj=unconfined key="T1043_Commonly_Used_Port"ARCH=x86_64 SYSCALL=connect AUID="unset" UID="root" GID="root" EUID="root" SUID="root" FSUID="root" EGID="root" SGID="root" FSGID="root"
type=SOCKADDR msg=audit(1768173996.904:1950): saddr=01002F72756E2F73797374656D642F6A6F75726E616C2F7374646F757400SADDR={ saddr_fam=local path=/run/systemd/journal/stdout }
type=PATH msg=audit(1768173996.904:1950): item=0 name="/run/systemd/journal/stdout" inode=466 dev=00:18 mode=0140666 ouid=0 ogid=0 rdev=00:00 nametype=NORMAL cap_fp=0 cap_fi=0 cap_fe=0 cap_fver=0 cap_frootid=0OUID="root" OGID="root"
type=PROCTITLE msg=audit(1768173996.904:1950): proctitle=2F7573722F6C69622F73797374656D642F73797374656D642D6578656375746F72002D2D646573657269616C697A65003935002D2D6C6F672D6C6576656C00696E666F002D2D6C6F672D746172676574006A6F75726E616C2D6F722D6B6D7367
type=SYSCALL msg=audit(1768173996.904:1951): arch=c000003e syscall=59 success=yes exit=0 a0=62cdf5ba9480 a1=62cdf5bb1b80 a2=62cdf5ba89b0 a3=62cdf5ba9b80 items=3 ppid=1 pid=1481 auid=4294967295 uid=0 gid=0 euid=0 suid=0 fsuid=0 egid=0 sgid=0 fsgid=0 tty=(none) ses=4294967295 comm="apachectl" exe="/usr/bin/dash" subj=unconfined key="T1078_Valid_Accounts"ARCH=x86_64 SYSCALL=execve AUID="unset" UID="root" GID="root" EUID="root" SUID="root" FSUID="root" EGID="root" SGID="root" FSGID="root"
type=EXECVE msg=audit(1768173996.904:1951): argc=3 a0="/bin/sh" a1="/usr/sbin/apachectl" a2="graceful-stop"
type=PATH msg=audit(1768173996.904:1951): item=0 name="/usr/sbin/apachectl" inode=1479339 dev=08:02 mode=0100755 ouid=0 ogid=0 rdev=00:00 nametype=NORMAL cap_fp=0 cap_fi=0 cap_fe=0 cap_fver=0 cap_frootid=0OUID="root" OGID="root"
type=PATH msg=audit(1768173996.904:1951): item=1 name="/bin/sh" inode=1442345 dev=08:02 mode=0100755 ouid=0 ogid=0 rdev=00:00 nametype=NORMAL cap_fp=0 cap_fi=0 cap_fe=0 cap_fver=0 cap_frootid=0OUID="root" OGID="root"
type=PATH msg=audit(1768173996.904:1951): item=2 name="/lib64/ld-linux-x86-64.so.2" inode=1481429 dev=08:02 mode=0100755 ouid=0 ogid=0 rdev=00:00 nametype=NORMAL cap_fp=0 cap_fi=0 cap_fe=0 cap_fver=0 cap_frootid=0OUID="root" OGID="root"
type=PROCTITLE msg=audit(1768173996.904:1951): proctitle=2F7573722F6C69622F73797374656D642F73797374656D642D6578656375746F72002D2D646573657269616C697A65003935002D2D6C6F672D6C6576656C00696E666F002D2D6C6F672D746172676574006A6F75726E616C2D6F722D6B6D7367
type=SYSCALL msg=audit(1768173996.910:1952): arch=c000003e syscall=59 success=yes exit=0 a0=60bf11434d40 a1=60bf11436c30 a2=60bf11434ca8 a3=60bf11436a30 items=2 ppid=1481 pid=1482 auid=4294967295 uid=0 gid=0 euid=0 suid=0 fsuid=0 egid=0 sgid=0 fsgid=0 tty=(none) ses=4294967295 comm="id" exe="/usr/bin/id" subj=unconfined key="T1078_Valid_Accounts"ARCH=x86_64 SYSCALL=execve AUID="unset" UID="root" GID="root" EUID="root" SUID="root" FSUID="root" EGID="root" SGID="root" FSGID="root"
type=EXECVE msg=audit(1768173996.910:1952): argc=2 a0="id" a1="-u"
type=PATH msg=audit(1768173996.910:1952): item=0 name="/usr/bin/id" inode=1442474 dev=08:02 mode=0100755 ouid=0 ogid=0 rdev=00:00 nametype=NORMAL cap_fp=0 cap_fi=0 cap_fe=0 cap_fver=0 cap_frootid=0OUID="root" OGID="root"
type=PATH msg=audit(1768173996.910:1952): item=1 name="/lib64/ld-linux-x86-64.so.2" inode=1481429 dev=08:02 mode=0100755 ouid=0 ogid=0 rdev=00:00 nametype=NORMAL cap_fp=0 cap_fi=0 cap_fe=0 cap_fver=0 cap_frootid=0OUID="root" OGID="root"
type=PROCTITLE msg=audit(1768173996.910:1952): proctitle=6964002D75
type=SYSCALL msg=audit(1768173996.913:1953): arch=c000003e syscall=59 success=yes exit=0 a0=60bf114369a0 a1=60bf114382f8 a2=60bf11438318 a3=8 items=2 ppid=1481 pid=1483 auid=4294967295 uid=0 gid=0 euid=0 suid=0 fsuid=0 egid=0 sgid=0 fsgid=0 tty=(none) ses=4294967295 comm="apache2" exe="/usr/sbin/apache2" subj=unconfined key="T1078_Valid_Accounts"ARCH=x86_64 SYSCALL=execve AUID="unset" UID="root" GID="root" EUID="root" SUID="root" FSUID="root" EGID="root" SGID="root" FSGID="root"
type=EXECVE msg=audit(1768173996.913:1953): argc=3 a0="/usr/sbin/apache2" a1="-k" a2="graceful-stop"
type=PATH msg=audit(1768173996.913:1953): item=0 name="/usr/sbin/apache2" inode=1457163 dev=08:02 mode=0100755 ouid=0 ogid=0 rdev=00:00 nametype=NORMAL cap_fp=0 cap_fi=0 cap_fe=0 cap_fver=0 cap_frootid=0OUID="root" OGID="root"
type=PATH msg=audit(1768173996.913:1953): item=1 name="/lib64/ld-linux-x86-64.so.2" inode=1481429 dev=08:02 mode=0100755 ouid=0 ogid=0 rdev=00:00 nametype=NORMAL cap_fp=0 cap_fi=0 cap_fe=0 cap_fver=0 cap_frootid=0OUID="root" OGID="root"
type=PROCTITLE msg=audit(1768173996.913:1953): proctitle=2F7573722F7362696E2F61706163686532002D6B00677261636566756C2D73746F70
type=SYSCALL msg=audit(1768173996.920:1954): arch=c000003e syscall=42 success=yes exit=0 a0=3 a1=616840eedc30 a2=1c a3=0 items=0 ppid=1481 pid=1483 auid=4294967295 uid=0 gid=0 euid=0 suid=0 fsuid=0 egid=0 sgid=0 fsgid=0 tty=(none) ses=4294967295 comm="apache2" exe="/usr/sbin/apache2" subj=unconfined key="T1043_Commonly_Used_Port"ARCH=x86_64 SYSCALL=connect AUID="unset" UID="root" GID="root" EUID="root" SUID="root" FSUID="root" EGID="root" SGID="root" FSGID="root"
type=SOCKADDR msg=audit(1768173996.920:1954): saddr=0A000000000000000000000000000000000000000000000000000000SADDR={ saddr_fam=inet6 laddr=:: lport=0 }
type=PROCTITLE msg=audit(1768173996.920:1954): proctitle=2F7573722F7362696E2F61706163686532002D6B00677261636566756C2D73746F70
type=SYSCALL msg=audit(1768173996.920:1955): arch=c000003e syscall=42 success=yes exit=0 a0=3 a1=7ffcc5741540 a2=10 a3=0 items=0 ppid=1481 pid=1483 auid=4294967295 uid=0 gid=0 euid=0 suid=0 fsuid=0 egid=0 sgid=0 fsgid=0 tty=(none) ses=4294967295 comm="apache2" exe="/usr/sbin/apache2" subj=unconfined key="T1043_Commonly_Used_Port"ARCH=x86_64 SYSCALL=connect AUID="unset" UID="root" GID="root" EUID="root" SUID="root" FSUID="root" EGID="root" SGID="root" FSGID="root"
type=SOCKADDR msg=audit(1768173996.920:1955): saddr=00000000000000000000000000000000SADDR=unknown-family(0)
type=PROCTITLE msg=audit(1768173996.920:1955): proctitle=2F7573722F7362696E2F61706163686532002D6B00677261636566756C2D73746F70
type=SYSCALL msg=audit(1768173996.920:1956): arch=c000003e syscall=42 success=yes exit=0 a0=3 a1=616840eedc90 a2=10 a3=0 items=0 ppid=1481 pid=1483 auid=4294967295 uid=0 gid=0 euid=0 suid=0 fsuid=0 egid=0 sgid=0 fsgid=0 tty=(none) ses=4294967295 comm="apache2" exe="/usr/sbin/apache2" subj=unconfined key="T1043_Commonly_Used_Port"ARCH=x86_64 SYSCALL=connect AUID="unset" UID="root" GID="root" EUID="root" SUID="root" FSUID="root" EGID="root" SGID="root" FSGID="root"
type=SOCKADDR msg=audit(1768173996.920:1956): saddr=02000000000000000000000000000000SADDR={ saddr_fam=inet laddr=0.0.0.0 lport=0 }
type=PROCTITLE msg=audit(1768173996.920:1956): proctitle=2F7573722F7362696E2F61706163686532002D6B00677261636566756C2D73746F70
type=SYSCALL msg=audit(1768173996.931:1957): arch=c000003e syscall=42 success=yes exit=0 a0=3 a1=616840f12030 a2=1c a3=0 items=0 ppid=1481 pid=1483 auid=4294967295 uid=0 gid=0 euid=0 suid=0 fsuid=0 egid=0 sgid=0 fsgid=0 tty=(none) ses=4294967295 comm="apache2" exe="/usr/sbin/apache2" subj=unconfined key="T1043_Commonly_Used_Port"ARCH=x86_64 SYSCALL=connect AUID="unset" UID="root" GID="root" EUID="root" SUID="root" FSUID="root" EGID="root" SGID="root" FSGID="root"
type=SOCKADDR msg=audit(1768173996.931:1957): saddr=0A000050000000000000000000000000000000000000000000000000SADDR={ saddr_fam=inet6 laddr=:: lport=80 }
type=PROCTITLE msg=audit(1768173996.931:1957): proctitle=2F7573722F7362696E2F61706163686532002D6B00677261636566756C2D73746F70
type=SYSCALL msg=audit(1768173996.931:1958): arch=c000003e syscall=42 success=yes exit=0 a0=3 a1=7ffcc57411d0 a2=10 a3=0 items=0 ppid=1481 pid=1483 auid=4294967295 uid=0 gid=0 euid=0 suid=0 fsuid=0 egid=0 sgid=0 fsgid=0 tty=(none) ses=4294967295 comm="apache2" exe="/usr/sbin/apache2" subj=unconfined key="T1043_Commonly_Used_Port"ARCH=x86_64 SYSCALL=connect AUID="unset" UID="root" GID="root" EUID="root" SUID="root" FSUID="root" EGID="root" SGID="root" FSGID="root"
type=SOCKADDR msg=audit(1768173996.931:1958): saddr=00000000000000000000000000000000SADDR=unknown-family(0)
type=PROCTITLE msg=audit(1768173996.931:1958): proctitle=2F7573722F7362696E2F61706163686532002D6B00677261636566756C2D73746F70
type=SYSCALL msg=audit(1768173996.931:1959): arch=c000003e syscall=42 success=yes exit=0 a0=3 a1=616840f11770 a2=10 a3=0 items=0 ppid=1481 pid=1483 auid=4294967295 uid=0 gid=0 euid=0 suid=0 fsuid=0 egid=0 sgid=0 fsgid=0 tty=(none) ses=4294967295 comm="apache2" exe="/usr/sbin/apache2" subj=unconfined key="T1043_Commonly_Used_Port"ARCH=x86_64 SYSCALL=connect AUID="unset" UID="root" GID="root" EUID="root" SUID="root" FSUID="root" EGID="root" SGID="root" FSGID="root"
type=SOCKADDR msg=audit(1768173996.931:1959): saddr=02000050000000000000000000000000SADDR={ saddr_fam=inet laddr=0.0.0.0 lport=80 }
type=PROCTITLE msg=audit(1768173996.931:1959): proctitle=2F7573722F7362696E2F61706163686532002D6B00677261636566756C2D73746F70
type=SYSCALL msg=audit(1768173996.931:1960): arch=c000003e syscall=42 success=yes exit=0 a0=5 a1=616840f12030 a2=1c a3=0 items=0 ppid=1481 pid=1483 auid=4294967295 uid=0 gid=0 euid=0 suid=0 fsuid=0 egid=0 sgid=0 fsgid=0 tty=(none) ses=4294967295 comm="apache2" exe="/usr/sbin/apache2" subj=unconfined key="T1043_Commonly_Used_Port"ARCH=x86_64 SYSCALL=connect AUID="unset" UID="root" GID="root" EUID="root" SUID="root" FSUID="root" EGID="root" SGID="root" FSGID="root"
type=SOCKADDR msg=audit(1768173996.931:1960): saddr=0A000050000000000000000000000000000000000000000000000000SADDR={ saddr_fam=inet6 laddr=:: lport=80 }
type=PROCTITLE msg=audit(1768173996.931:1960): proctitle=2F7573722F7362696E2F61706163686532002D6B00677261636566756C2D73746F70
type=SYSCALL msg=audit(1768173996.931:1961): arch=c000003e syscall=42 success=yes exit=0 a0=5 a1=7ffcc5741170 a2=10 a3=0 items=0 ppid=1481 pid=1483 auid=4294967295 uid=0 gid=0 euid=0 suid=0 fsuid=0 egid=0 sgid=0 fsgid=0 tty=(none) ses=4294967295 comm="apache2" exe="/usr/sbin/apache2" subj=unconfined key="T1043_Commonly_Used_Port"ARCH=x86_64 SYSCALL=connect AUID="unset" UID="root" GID="root" EUID="root" SUID="root" FSUID="root" EGID="root" SGID="root" FSGID="root"
type=SOCKADDR msg=audit(1768173996.931:1961): saddr=00000000000000000000000000000000SADDR=unknown-family(0)
type=PROCTITLE msg=audit(1768173996.931:1961): proctitle=2F7573722F7362696E2F61706163686532002D6B00677261636566756C2D73746F70
type=SYSCALL msg=audit(1768173996.931:1962): arch=c000003e syscall=42 success=yes exit=0 a0=5 a1=616840f11770 a2=10 a3=0 items=0 ppid=1481 pid=1483 auid=4294967295 uid=0 gid=0 euid=0 suid=0 fsuid=0 egid=0 sgid=0 fsgid=0 tty=(none) ses=4294967295 comm="apache2" exe="/usr/sbin/apache2" subj=unconfined key="T1043_Commonly_Used_Port"ARCH=x86_64 SYSCALL=connect AUID="unset" UID="root" GID="root" EUID="root" SUID="root" FSUID="root" EGID="root" SGID="root" FSGID="root"
type=SOCKADDR msg=audit(1768173996.931:1962): saddr=02000050000000000000000000000000SADDR={ saddr_fam=inet laddr=0.0.0.0 lport=80 }
type=PROCTITLE msg=audit(1768173996.931:1962): proctitle=2F7573722F7362696E2F61706163686532002D6B00677261636566756C2D73746F70
type=SERVICE_STOP msg=audit(1768173996.977:1963): pid=1 uid=0 auid=4294967295 ses=4294967295 subj=unconfined msg='unit=apache2 comm="systemd" exe="/usr/lib/systemd/systemd" hostname=? addr=? terminal=? res=success'UID="root" AUID="unset"
type=SYSCALL msg=audit(1768173996.981:1964): arch=c000003e syscall=59 success=yes exit=0 a0=7fffa423c520 a1=7fffa423c540 a2=7fffa423d048 a3=8 items=2 ppid=1 pid=1487 auid=4294967295 uid=0 gid=0 euid=0 suid=0 fsuid=0 egid=0 sgid=0 fsgid=0 tty=(none) ses=4294967295 comm="9" exe="/usr/lib/systemd/systemd-executor" subj=unconfined key="T1078_Valid_Accounts"ARCH=x86_64 SYSCALL=execve AUID="unset" UID="root" GID="root" EUID="root" SUID="root" FSUID="root" EGID="root" SGID="root" FSGID="root"
type=EXECVE msg=audit(1768173996.981:1964): argc=7 a0="/usr/lib/systemd/systemd-executor" a1="--deserialize" a2="63" a3="--log-level" a4="info" a5="--log-target" a6="journal-or-kmsg"
type=PATH msg=audit(1768173996.981:1964): item=0 name="/proc/self/fd/9" inode=1463834 dev=08:02 mode=0100755 ouid=0 ogid=0 rdev=00:00 nametype=NORMAL cap_fp=0 cap_fi=0 cap_fe=0 cap_fver=0 cap_frootid=0OUID="root" OGID="root"
type=PATH msg=audit(1768173996.981:1964): item=1 name="/lib64/ld-linux-x86-64.so.2" inode=1481429 dev=08:02 mode=0100755 ouid=0 ogid=0 rdev=00:00 nametype=NORMAL cap_fp=0 cap_fi=0 cap_fe=0 cap_fver=0 cap_frootid=0OUID="root" OGID="root"
type=PROCTITLE msg=audit(1768173996.981:1964): proctitle=2F7573722F6C69622F73797374656D642F73797374656D642D6578656375746F72002D2D646573657269616C697A65003633002D2D6C6F672D6C6576656C00696E666F002D2D6C6F672D746172676574006A6F75726E616C2D6F722D6B6D7367
type=SYSCALL msg=audit(1768173996.986:1965): arch=c000003e syscall=42 success=yes exit=0 a0=4 a1=7ffffd8bdfa0 a2=1e a3=7ffffd8be050 items=1 ppid=1 pid=1487 auid=4294967295 uid=0 gid=0 euid=0 suid=0 fsuid=0 egid=0 sgid=0 fsgid=0 tty=(none) ses=4294967295 comm="9" exe="/usr/lib/systemd/systemd-executor" subj=unconfined key="T1043_Commonly_Used_Port"ARCH=x86_64 SYSCALL=connect AUID="unset" UID="root" GID="root" EUID="root" SUID="root" FSUID="root" EGID="root" SGID="root" FSGID="root"
type=SOCKADDR msg=audit(1768173996.986:1965): saddr=01002F72756E2F73797374656D642F6A6F75726E616C2F736F636B657400SADDR={ saddr_fam=local path=/run/systemd/journal/socket }
type=PATH msg=audit(1768173996.986:1965): item=0 name="/run/systemd/journal/socket" inode=465 dev=00:18 mode=0140666 ouid=0 ogid=0 rdev=00:00 nametype=NORMAL cap_fp=0 cap_fi=0 cap_fe=0 cap_fver=0 cap_frootid=0OUID="root" OGID="root"
type=PROCTITLE msg=audit(1768173996.986:1965): proctitle=2F7573722F6C69622F73797374656D642F73797374656D642D6578656375746F72002D2D646573657269616C697A65003633002D2D6C6F672D6C6576656C00696E666F002D2D6C6F672D746172676574006A6F75726E616C2D6F722D6B6D7367
type=SYSCALL msg=audit(1768173996.988:1966): arch=c000003e syscall=42 success=yes exit=0 a0=3 a1=7ffffd8bdb20 a2=1e a3=fffffff7 items=1 ppid=1 pid=1487 auid=4294967295 uid=0 gid=0 euid=0 suid=0 fsuid=0 egid=0 sgid=0 fsgid=0 tty=(none) ses=4294967295 comm="(pachectl)" exe="/usr/lib/systemd/systemd-executor" subj=unconfined key="T1043_Commonly_Used_Port"ARCH=x86_64 SYSCALL=connect AUID="unset" UID="root" GID="root" EUID="root" SUID="root" FSUID="root" EGID="root" SGID="root" FSGID="root"
type=SOCKADDR msg=audit(1768173996.988:1966): saddr=01002F72756E2F73797374656D642F6A6F75726E616C2F7374646F757400SADDR={ saddr_fam=local path=/run/systemd/journal/stdout }
type=PATH msg=audit(1768173996.988:1966): item=0 name="/run/systemd/journal/stdout" inode=466 dev=00:18 mode=0140666 ouid=0 ogid=0 rdev=00:00 nametype=NORMAL cap_fp=0 cap_fi=0 cap_fe=0 cap_fver=0 cap_frootid=0OUID="root" OGID="root"
type=PROCTITLE msg=audit(1768173996.988:1966): proctitle=2F7573722F6C69622F73797374656D642F73797374656D642D6578656375746F72002D2D646573657269616C697A65003633002D2D6C6F672D6C6576656C00696E666F002D2D6C6F672D746172676574006A6F75726E616C2D6F722D6B6D7367
type=SYSCALL msg=audit(1768173996.990:1967): arch=c000003e syscall=59 success=yes exit=0 a0=5d53f980f4a0 a1=5d53f98181b0 a2=5d53f980edb0 a3=5d53f980fb80 items=3 ppid=1 pid=1487 auid=4294967295 uid=0 gid=0 euid=0 suid=0 fsuid=0 egid=0 sgid=0 fsgid=0 tty=(none) ses=4294967295 comm="apachectl" exe="/usr/bin/dash" subj=unconfined key="T1078_Valid_Accounts"ARCH=x86_64 SYSCALL=execve AUID="unset" UID="root" GID="root" EUID="root" SUID="root" FSUID="root" EGID="root" SGID="root" FSGID="root"
type=EXECVE msg=audit(1768173996.990:1967): argc=3 a0="/bin/sh" a1="/usr/sbin/apachectl" a2="start"
type=PATH msg=audit(1768173996.990:1967): item=0 name="/usr/sbin/apachectl" inode=1479339 dev=08:02 mode=0100755 ouid=0 ogid=0 rdev=00:00 nametype=NORMAL cap_fp=0 cap_fi=0 cap_fe=0 cap_fver=0 cap_frootid=0OUID="root" OGID="root"
type=PATH msg=audit(1768173996.990:1967): item=1 name="/bin/sh" inode=1442345 dev=08:02 mode=0100755 ouid=0 ogid=0 rdev=00:00 nametype=NORMAL cap_fp=0 cap_fi=0 cap_fe=0 cap_fver=0 cap_frootid=0OUID="root" OGID="root"
type=PATH msg=audit(1768173996.990:1967): item=2 name="/lib64/ld-linux-x86-64.so.2" inode=1481429 dev=08:02 mode=0100755 ouid=0 ogid=0 rdev=00:00 nametype=NORMAL cap_fp=0 cap_fi=0 cap_fe=0 cap_fver=0 cap_frootid=0OUID="root" OGID="root"
type=PROCTITLE msg=audit(1768173996.990:1967): proctitle=2F7573722F6C69622F73797374656D642F73797374656D642D6578656375746F72002D2D646573657269616C697A65003633002D2D6C6F672D6C6576656C00696E666F002D2D6C6F672D746172676574006A6F75726E616C2D6F722D6B6D7367
type=SYSCALL msg=audit(1768173996.993:1968): arch=c000003e syscall=59 success=yes exit=0 a0=6176e2f5acd0 a1=6176e2f5cbd0 a2=6176e2f5ac48 a3=6176e2f5c9d0 items=2 ppid=1487 pid=1488 auid=4294967295 uid=0 gid=0 euid=0 suid=0 fsuid=0 egid=0 sgid=0 fsgid=0 tty=(none) ses=4294967295 comm="id" exe="/usr/bin/id" subj=unconfined key="T1078_Valid_Accounts"ARCH=x86_64 SYSCALL=execve AUID="unset" UID="root" GID="root" EUID="root" SUID="root" FSUID="root" EGID="root" SGID="root" FSGID="root"
type=EXECVE msg=audit(1768173996.993:1968): argc=2 a0="id" a1="-u"
type=PATH msg=audit(1768173996.993:1968): item=0 name="/usr/bin/id" inode=1442474 dev=08:02 mode=0100755 ouid=0 ogid=0 rdev=00:00 nametype=NORMAL cap_fp=0 cap_fi=0 cap_fe=0 cap_fver=0 cap_frootid=0OUID="root" OGID="root"
type=PATH msg=audit(1768173996.993:1968): item=1 name="/lib64/ld-linux-x86-64.so.2" inode=1481429 dev=08:02 mode=0100755 ouid=0 ogid=0 rdev=00:00 nametype=NORMAL cap_fp=0 cap_fi=0 cap_fe=0 cap_fver=0 cap_frootid=0OUID="root" OGID="root"
type=PROCTITLE msg=audit(1768173996.993:1968): proctitle=6964002D75
type=SYSCALL msg=audit(1768173996.997:1969): arch=c000003e syscall=59 success=yes exit=0 a0=6176e2f5c938 a1=6176e2f5e280 a2=6176e2f5e2a0 a3=8 items=2 ppid=1487 pid=1489 auid=4294967295 uid=0 gid=0 euid=0 suid=0 fsuid=0 egid=0 sgid=0 fsgid=0 tty=(none) ses=4294967295 comm="apache2" exe="/usr/sbin/apache2" subj=unconfined key="T1078_Valid_Accounts"ARCH=x86_64 SYSCALL=execve AUID="unset" UID="root" GID="root" EUID="root" SUID="root" FSUID="root" EGID="root" SGID="root" FSGID="root"
type=EXECVE msg=audit(1768173996.997:1969): argc=3 a0="/usr/sbin/apache2" a1="-k" a2="start"
type=PATH msg=audit(1768173996.997:1969): item=0 name="/usr/sbin/apache2" inode=1457163 dev=08:02 mode=0100755 ouid=0 ogid=0 rdev=00:00 nametype=NORMAL cap_fp=0 cap_fi=0 cap_fe=0 cap_fver=0 cap_frootid=0OUID="root" OGID="root"
type=PATH msg=audit(1768173996.997:1969): item=1 name="/lib64/ld-linux-x86-64.so.2" inode=1481429 dev=08:02 mode=0100755 ouid=0 ogid=0 rdev=00:00 nametype=NORMAL cap_fp=0 cap_fi=0 cap_fe=0 cap_fver=0 cap_frootid=0OUID="root" OGID="root"
type=PROCTITLE msg=audit(1768173996.997:1969): proctitle=2F7573722F7362696E2F61706163686532002D6B007374617274
type=SYSCALL msg=audit(1768173996.999:1970): arch=c000003e syscall=42 success=yes exit=0 a0=3 a1=5f544e122c30 a2=1c a3=0 items=0 ppid=1487 pid=1489 auid=4294967295 uid=0 gid=0 euid=0 suid=0 fsuid=0 egid=0 sgid=0 fsgid=0 tty=(none) ses=4294967295 comm="apache2" exe="/usr/sbin/apache2" subj=unconfined key="T1043_Commonly_Used_Port"ARCH=x86_64 SYSCALL=connect AUID="unset" UID="root" GID="root" EUID="root" SUID="root" FSUID="root" EGID="root" SGID="root" FSGID="root"
type=SOCKADDR msg=audit(1768173996.999:1970): saddr=0A000000000000000000000000000000000000000000000000000000SADDR={ saddr_fam=inet6 laddr=:: lport=0 }
type=PROCTITLE msg=audit(1768173996.999:1970): proctitle=2F7573722F7362696E2F61706163686532002D6B007374617274
type=SYSCALL msg=audit(1768173997.004:1971): arch=c000003e syscall=42 success=yes exit=0 a0=3 a1=7fff16c99620 a2=10 a3=0 items=0 ppid=1487 pid=1489 auid=4294967295 uid=0 gid=0 euid=0 suid=0 fsuid=0 egid=0 sgid=0 fsgid=0 tty=(none) ses=4294967295 comm="apache2" exe="/usr/sbin/apache2" subj=unconfined key="T1043_Commonly_Used_Port"ARCH=x86_64 SYSCALL=connect AUID="unset" UID="root" GID="root" EUID="root" SUID="root" FSUID="root" EGID="root" SGID="root" FSGID="root"
type=SOCKADDR msg=audit(1768173997.004:1971): saddr=00000000000000000000000000000000SADDR=unknown-family(0)
type=PROCTITLE msg=audit(1768173997.004:1971): proctitle=2F7573722F7362696E2F61706163686532002D6B007374617274
type=SYSCALL msg=audit(1768173997.004:1972): arch=c000003e syscall=42 success=yes exit=0 a0=3 a1=5f544e122c90 a2=10 a3=0 items=0 ppid=1487 pid=1489 auid=4294967295 uid=0 gid=0 euid=0 suid=0 fsuid=0 egid=0 sgid=0 fsgid=0 tty=(none) ses=4294967295 comm="apache2" exe="/usr/sbin/apache2" subj=unconfined key="T1043_Commonly_Used_Port"ARCH=x86_64 SYSCALL=connect AUID="unset" UID="root" GID="root" EUID="root" SUID="root" FSUID="root" EGID="root" SGID="root" FSGID="root"
type=SOCKADDR msg=audit(1768173997.004:1972): saddr=02000000000000000000000000000000SADDR={ saddr_fam=inet laddr=0.0.0.0 lport=0 }
type=PROCTITLE msg=audit(1768173997.004:1972): proctitle=2F7573722F7362696E2F61706163686532002D6B007374617274
type=SYSCALL msg=audit(1768173997.011:1973): arch=c000003e syscall=42 success=yes exit=0 a0=3 a1=5f544e147030 a2=1c a3=0 items=0 ppid=1487 pid=1489 auid=4294967295 uid=0 gid=0 euid=0 suid=0 fsuid=0 egid=0 sgid=0 fsgid=0 tty=(none) ses=4294967295 comm="apache2" exe="/usr/sbin/apache2" subj=unconfined key="T1043_Commonly_Used_Port"ARCH=x86_64 SYSCALL=connect AUID="unset" UID="root" GID="root" EUID="root" SUID="root" FSUID="root" EGID="root" SGID="root" FSGID="root"
type=SOCKADDR msg=audit(1768173997.011:1973): saddr=0A000050000000000000000000000000000000000000000000000000SADDR={ saddr_fam=inet6 laddr=:: lport=80 }
type=PROCTITLE msg=audit(1768173997.011:1973): proctitle=2F7573722F7362696E2F61706163686532002D6B007374617274
type=SYSCALL msg=audit(1768173997.013:1974): arch=c000003e syscall=42 success=yes exit=0 a0=3 a1=7fff16c992b0 a2=10 a3=0 items=0 ppid=1487 pid=1489 auid=4294967295 uid=0 gid=0 euid=0 suid=0 fsuid=0 egid=0 sgid=0 fsgid=0 tty=(none) ses=4294967295 comm="apache2" exe="/usr/sbin/apache2" subj=unconfined key="T1043_Commonly_Used_Port"ARCH=x86_64 SYSCALL=connect AUID="unset" UID="root" GID="root" EUID="root" SUID="root" FSUID="root" EGID="root" SGID="root" FSGID="root"
type=SOCKADDR msg=audit(1768173997.013:1974): saddr=00000000000000000000000000000000SADDR=unknown-family(0)
type=PROCTITLE msg=audit(1768173997.013:1974): proctitle=2F7573722F7362696E2F61706163686532002D6B007374617274
type=SYSCALL msg=audit(1768173997.013:1975): arch=c000003e syscall=42 success=yes exit=0 a0=3 a1=5f544e146770 a2=10 a3=0 items=0 ppid=1487 pid=1489 auid=4294967295 uid=0 gid=0 euid=0 suid=0 fsuid=0 egid=0 sgid=0 fsgid=0 tty=(none) ses=4294967295 comm="apache2" exe="/usr/sbin/apache2" subj=unconfined key="T1043_Commonly_Used_Port"ARCH=x86_64 SYSCALL=connect AUID="unset" UID="root" GID="root" EUID="root" SUID="root" FSUID="root" EGID="root" SGID="root" FSGID="root"
type=SOCKADDR msg=audit(1768173997.013:1975): saddr=02000050000000000000000000000000SADDR={ saddr_fam=inet laddr=0.0.0.0 lport=80 }
type=PROCTITLE msg=audit(1768173997.013:1975): proctitle=2F7573722F7362696E2F61706163686532002D6B007374617274
type=SYSCALL msg=audit(1768173997.013:1976): arch=c000003e syscall=42 success=yes exit=0 a0=5 a1=5f544e147030 a2=1c a3=0 items=0 ppid=1487 pid=1489 auid=4294967295 uid=0 gid=0 euid=0 suid=0 fsuid=0 egid=0 sgid=0 fsgid=0 tty=(none) ses=4294967295 comm="apache2" exe="/usr/sbin/apache2" subj=unconfined key="T1043_Commonly_Used_Port"ARCH=x86_64 SYSCALL=connect AUID="unset" UID="root" GID="root" EUID="root" SUID="root" FSUID="root" EGID="root" SGID="root" FSGID="root"
type=SOCKADDR msg=audit(1768173997.013:1976): saddr=0A000050000000000000000000000000000000000000000000000000SADDR={ saddr_fam=inet6 laddr=:: lport=80 }
type=PROCTITLE msg=audit(1768173997.013:1976): proctitle=2F7573722F7362696E2F61706163686532002D6B007374617274
type=SYSCALL msg=audit(1768173997.013:1977): arch=c000003e syscall=42 success=yes exit=0 a0=5 a1=7fff16c99250 a2=10 a3=0 items=0 ppid=1487 pid=1489 auid=4294967295 uid=0 gid=0 euid=0 suid=0 fsuid=0 egid=0 sgid=0 fsgid=0 tty=(none) ses=4294967295 comm="apache2" exe="/usr/sbin/apache2" subj=unconfined key="T1043_Commonly_Used_Port"ARCH=x86_64 SYSCALL=connect AUID="unset" UID="root" GID="root" EUID="root" SUID="root" FSUID="root" EGID="root" SGID="root" FSGID="root"
type=SOCKADDR msg=audit(1768173997.013:1977): saddr=00000000000000000000000000000000SADDR=unknown-family(0)
type=PROCTITLE msg=audit(1768173997.013:1977): proctitle=2F7573722F7362696E2F61706163686532002D6B007374617274
type=SYSCALL msg=audit(1768173997.013:1978): arch=c000003e syscall=42 success=yes exit=0 a0=5 a1=5f544e146770 a2=10 a3=0 items=0 ppid=1487 pid=1489 auid=4294967295 uid=0 gid=0 euid=0 suid=0 fsuid=0 egid=0 sgid=0 fsgid=0 tty=(none) ses=4294967295 comm="apache2" exe="/usr/sbin/apache2" subj=unconfined key="T1043_Commonly_Used_Port"ARCH=x86_64 SYSCALL=connect AUID="unset" UID="root" GID="root" EUID="root" SUID="root" FSUID="root" EGID="root" SGID="root" FSGID="root"
type=SOCKADDR msg=audit(1768173997.013:1978): saddr=02000050000000000000000000000000SADDR={ saddr_fam=inet laddr=0.0.0.0 lport=80 }
type=PROCTITLE msg=audit(1768173997.013:1978): proctitle=2F7573722F7362696E2F61706163686532002D6B007374617274
type=SYSCALL msg=audit(1768173997.013:1979): arch=c000003e syscall=42 success=yes exit=0 a0=5 a1=5f544e147030 a2=1c a3=0 items=0 ppid=1487 pid=1489 auid=4294967295 uid=0 gid=0 euid=0 suid=0 fsuid=0 egid=0 sgid=0 fsgid=0 tty=(none) ses=4294967295 comm="apache2" exe="/usr/sbin/apache2" subj=unconfined key="T1043_Commonly_Used_Port"ARCH=x86_64 SYSCALL=connect AUID="unset" UID="root" GID="root" EUID="root" SUID="root" FSUID="root" EGID="root" SGID="root" FSGID="root"
type=SOCKADDR msg=audit(1768173997.013:1979): saddr=0A000000000000000000000000000000000000000000000000000000SADDR={ saddr_fam=inet6 laddr=:: lport=0 }
type=PROCTITLE msg=audit(1768173997.013:1979): proctitle=2F7573722F7362696E2F61706163686532002D6B007374617274
type=SYSCALL msg=audit(1768173997.015:1980): arch=c000003e syscall=42 success=yes exit=0 a0=5 a1=7fff16c99620 a2=10 a3=0 items=0 ppid=1487 pid=1489 auid=4294967295 uid=0 gid=0 euid=0 suid=0 fsuid=0 egid=0 sgid=0 fsgid=0 tty=(none) ses=4294967295 comm="apache2" exe="/usr/sbin/apache2" subj=unconfined key="T1043_Commonly_Used_Port"ARCH=x86_64 SYSCALL=connect AUID="unset" UID="root" GID="root" EUID="root" SUID="root" FSUID="root" EGID="root" SGID="root" FSGID="root"
type=SOCKADDR msg=audit(1768173997.015:1980): saddr=00000000000000000000000000000000SADDR=unknown-family(0)
type=PROCTITLE msg=audit(1768173997.015:1980): proctitle=2F7573722F7362696E2F61706163686532002D6B007374617274
type=SYSCALL msg=audit(1768173997.015:1981): arch=c000003e syscall=42 success=yes exit=0 a0=5 a1=5f544e122c90 a2=10 a3=0 items=0 ppid=1487 pid=1489 auid=4294967295 uid=0 gid=0 euid=0 suid=0 fsuid=0 egid=0 sgid=0 fsgid=0 tty=(none) ses=4294967295 comm="apache2" exe="/usr/sbin/apache2" subj=unconfined key="T1043_Commonly_Used_Port"ARCH=x86_64 SYSCALL=connect AUID="unset" UID="root" GID="root" EUID="root" SUID="root" FSUID="root" EGID="root" SGID="root" FSGID="root"
type=SOCKADDR msg=audit(1768173997.015:1981): saddr=02000000000000000000000000000000SADDR={ saddr_fam=inet laddr=0.0.0.0 lport=0 }
type=PROCTITLE msg=audit(1768173997.015:1981): proctitle=2F7573722F7362696E2F61706163686532002D6B007374617274
type=SYSCALL msg=audit(1768173997.020:1982): arch=c000003e syscall=42 success=yes exit=0 a0=5 a1=5f544e147030 a2=1c a3=0 items=0 ppid=1 pid=1490 auid=4294967295 uid=0 gid=0 euid=0 suid=0 fsuid=0 egid=0 sgid=0 fsgid=0 tty=(none) ses=4294967295 comm="apache2" exe="/usr/sbin/apache2" subj=unconfined key="T1043_Commonly_Used_Port"ARCH=x86_64 SYSCALL=connect AUID="unset" UID="root" GID="root" EUID="root" SUID="root" FSUID="root" EGID="root" SGID="root" FSGID="root"
type=SOCKADDR msg=audit(1768173997.020:1982): saddr=0A000050000000000000000000000000000000000000000000000000SADDR={ saddr_fam=inet6 laddr=:: lport=80 }
type=PROCTITLE msg=audit(1768173997.020:1982): proctitle=2F7573722F7362696E2F61706163686532002D6B007374617274
type=SYSCALL msg=audit(1768173997.020:1983): arch=c000003e syscall=42 success=yes exit=0 a0=5 a1=7fff16c99250 a2=10 a3=0 items=0 ppid=1 pid=1490 auid=4294967295 uid=0 gid=0 euid=0 suid=0 fsuid=0 egid=0 sgid=0 fsgid=0 tty=(none) ses=4294967295 comm="apache2" exe="/usr/sbin/apache2" subj=unconfined key="T1043_Commonly_Used_Port"ARCH=x86_64 SYSCALL=connect AUID="unset" UID="root" GID="root" EUID="root" SUID="root" FSUID="root" EGID="root" SGID="root" FSGID="root"
type=SOCKADDR msg=audit(1768173997.020:1983): saddr=00000000000000000000000000000000SADDR=unknown-family(0)
type=PROCTITLE msg=audit(1768173997.020:1983): proctitle=2F7573722F7362696E2F61706163686532002D6B007374617274
type=SYSCALL msg=audit(1768173997.020:1984): arch=c000003e syscall=42 success=yes exit=0 a0=5 a1=5f544e146770 a2=10 a3=0 items=0 ppid=1 pid=1490 auid=4294967295 uid=0 gid=0 euid=0 suid=0 fsuid=0 egid=0 sgid=0 fsgid=0 tty=(none) ses=4294967295 comm="apache2" exe="/usr/sbin/apache2" subj=unconfined key="T1043_Commonly_Used_Port"ARCH=x86_64 SYSCALL=connect AUID="unset" UID="root" GID="root" EUID="root" SUID="root" FSUID="root" EGID="root" SGID="root" FSGID="root"
type=SOCKADDR msg=audit(1768173997.020:1984): saddr=02000050000000000000000000000000SADDR={ saddr_fam=inet laddr=0.0.0.0 lport=80 }
type=PROCTITLE msg=audit(1768173997.020:1984): proctitle=2F7573722F7362696E2F61706163686532002D6B007374617274
type=SERVICE_START msg=audit(1768173997.021:1985): pid=1 uid=0 auid=4294967295 ses=4294967295 subj=unconfined msg='unit=apache2 comm="systemd" exe="/usr/lib/systemd/systemd" hostname=? addr=? terminal=? res=success'UID="root" AUID="unset"
type=SYSCALL msg=audit(1768173997.053:1986): arch=c000003e syscall=106 success=yes exit=0 a0=21 a1=7b03b656d4a0 a2=0 a3=22 items=0 ppid=1490 pid=1492 auid=4294967295 uid=0 gid=33 euid=0 suid=0 fsuid=0 egid=33 sgid=33 fsgid=33 tty=(none) ses=4294967295 comm="apache2" exe="/usr/sbin/apache2" subj=unconfined key="T1166_Seuid_and_Setgid"ARCH=x86_64 SYSCALL=setgid AUID="unset" UID="root" GID="www-data" EUID="root" SUID="root" FSUID="root" EGID="www-data" SGID="www-data" FSGID="www-data"
type=PROCTITLE msg=audit(1768173997.053:1986): proctitle=2F7573722F7362696E2F61706163686532002D6B007374617274
type=SYSCALL msg=audit(1768173997.053:1987): arch=c000003e syscall=42 success=yes exit=0 a0=c a1=7fff16c99a70 a2=2d a3=5f544e531a20 items=1 ppid=1490 pid=1492 auid=4294967295 uid=0 gid=33 euid=0 suid=0 fsuid=0 egid=33 sgid=33 fsgid=33 tty=(none) ses=4294967295 comm="apache2" exe="/usr/sbin/apache2" subj=unconfined key="T1043_Commonly_Used_Port"ARCH=x86_64 SYSCALL=connect AUID="unset" UID="root" GID="www-data" EUID="root" SUID="root" FSUID="root" EGID="www-data" SGID="www-data" FSGID="www-data"
type=SOCKADDR msg=audit(1768173997.053:1987): saddr=01002F72756E2F73797374656D642F7573657264622F696F2E73797374656D642E44796E616D69635573657200SADDR={ saddr_fam=local path=/run/systemd/userdb/io.systemd.DynamicUser }
type=PATH msg=audit(1768173997.053:1987): item=0 name="/run/systemd/userdb/io.systemd.DynamicUser" inode=452 dev=00:18 mode=0140666 ouid=0 ogid=0 rdev=00:00 nametype=NORMAL cap_fp=0 cap_fi=0 cap_fe=0 cap_fver=0 cap_frootid=0OUID="root" OGID="root"
type=PROCTITLE msg=audit(1768173997.053:1987): proctitle=2F7573722F7362696E2F61706163686532002D6B007374617274
type=SYSCALL msg=audit(1768173997.055:1988): arch=c000003e syscall=106 success=yes exit=0 a0=21 a1=7b03b656d4a0 a2=0 a3=22 items=0 ppid=1490 pid=1493 auid=4294967295 uid=0 gid=33 euid=0 suid=0 fsuid=0 egid=33 sgid=33 fsgid=33 tty=(none) ses=4294967295 comm="apache2" exe="/usr/sbin/apache2" subj=unconfined key="T1166_Seuid_and_Setgid"ARCH=x86_64 SYSCALL=setgid AUID="unset" UID="root" GID="www-data" EUID="root" SUID="root" FSUID="root" EGID="www-data" SGID="www-data" FSGID="www-data"
type=PROCTITLE msg=audit(1768173997.055:1988): proctitle=2F7573722F7362696E2F61706163686532002D6B007374617274
type=SYSCALL msg=audit(1768173997.055:1989): arch=c000003e syscall=106 success=yes exit=0 a0=21 a1=7b03b656d4a0 a2=0 a3=22 items=0 ppid=1490 pid=1494 auid=4294967295 uid=0 gid=33 euid=0 suid=0 fsuid=0 egid=33 sgid=33 fsgid=33 tty=(none) ses=4294967295 comm="apache2" exe="/usr/sbin/apache2" subj=unconfined key="T1166_Seuid_and_Setgid"ARCH=x86_64 SYSCALL=setgid AUID="unset" UID="root" GID="www-data" EUID="root" SUID="root" FSUID="root" EGID="www-data" SGID="www-data" FSGID="www-data"
type=PROCTITLE msg=audit(1768173997.055:1989): proctitle=2F7573722F7362696E2F61706163686532002D6B007374617274
type=SYSCALL msg=audit(1768173997.055:1990): arch=c000003e syscall=42 success=yes exit=0 a0=c a1=7fff16c99a70 a2=2d a3=5f544e531a20 items=1 ppid=1490 pid=1493 auid=4294967295 uid=0 gid=33 euid=0 suid=0 fsuid=0 egid=33 sgid=33 fsgid=33 tty=(none) ses=4294967295 comm="apache2" exe="/usr/sbin/apache2" subj=unconfined key="T1043_Commonly_Used_Port"ARCH=x86_64 SYSCALL=connect AUID="unset" UID="root" GID="www-data" EUID="root" SUID="root" FSUID="root" EGID="www-data" SGID="www-data" FSGID="www-data"
type=SYSCALL msg=audit(1768173997.055:1991): arch=c000003e syscall=42 success=yes exit=0 a0=c a1=7fff16c99a70 a2=2d a3=5f544e531a20 items=1 ppid=1490 pid=1494 auid=4294967295 uid=0 gid=33 euid=0 suid=0 fsuid=0 egid=33 sgid=33 fsgid=33 tty=(none) ses=4294967295 comm="apache2" exe="/usr/sbin/apache2" subj=unconfined key="T1043_Commonly_Used_Port"ARCH=x86_64 SYSCALL=connect AUID="unset" UID="root" GID="www-data" EUID="root" SUID="root" FSUID="root" EGID="www-data" SGID="www-data" FSGID="www-data"
type=SOCKADDR msg=audit(1768173997.055:1991): saddr=01002F72756E2F73797374656D642F7573657264622F696F2E73797374656D642E44796E616D69635573657200SADDR={ saddr_fam=local path=/run/systemd/userdb/io.systemd.DynamicUser }
type=PATH msg=audit(1768173997.055:1991): item=0 name="/run/systemd/userdb/io.systemd.DynamicUser" inode=452 dev=00:18 mode=0140666 ouid=0 ogid=0 rdev=00:00 nametype=NORMAL cap_fp=0 cap_fi=0 cap_fe=0 cap_fver=0 cap_frootid=0OUID="root" OGID="root"
type=PROCTITLE msg=audit(1768173997.055:1991): proctitle=2F7573722F7362696E2F61706163686532002D6B007374617274
type=SYSCALL msg=audit(1768173997.055:1992): arch=c000003e syscall=105 success=yes exit=0 a0=21 a1=5f544e4f1160 a2=5f51bb6ca5c1 a3=5f544e4f1170 items=0 ppid=1490 pid=1494 auid=4294967295 uid=33 gid=33 euid=33 suid=33 fsuid=33 egid=33 sgid=33 fsgid=33 tty=(none) ses=4294967295 comm="apache2" exe="/usr/sbin/apache2" subj=unconfined key="T1166_Seuid_and_Setgid"ARCH=x86_64 SYSCALL=setuid AUID="unset" UID="www-data" GID="www-data" EUID="www-data" SUID="www-data" FSUID="www-data" EGID="www-data" SGID="www-data" FSGID="www-data"
type=SYSCALL msg=audit(1768173997.055:1993): arch=c000003e syscall=105 success=yes exit=0 a0=21 a1=5f544e4f1160 a2=5f51bb6ca5c1 a3=5f544e4f1170 items=0 ppid=1490 pid=1492 auid=4294967295 uid=33 gid=33 euid=33 suid=33 fsuid=33 egid=33 sgid=33 fsgid=33 tty=(none) ses=4294967295 comm="apache2" exe="/usr/sbin/apache2" subj=unconfined key="T1166_Seuid_and_Setgid"ARCH=x86_64 SYSCALL=setuid AUID="unset" UID="www-data" GID="www-data" EUID="www-data" SUID="www-data" FSUID="www-data" EGID="www-data" SGID="www-data" FSGID="www-data"
type=PROCTITLE msg=audit(1768173997.055:1992): proctitle=2F7573722F7362696E2F61706163686532002D6B007374617274
type=PROCTITLE msg=audit(1768173997.055:1993): proctitle=2F7573722F7362696E2F61706163686532002D6B007374617274
type=SOCKADDR msg=audit(1768173997.055:1990): saddr=01002F72756E2F73797374656D642F7573657264622F696F2E73797374656D642E44796E616D69635573657200SADDR={ saddr_fam=local path=/run/systemd/userdb/io.systemd.DynamicUser }
type=PATH msg=audit(1768173997.055:1990): item=0 name="/run/systemd/userdb/io.systemd.DynamicUser" inode=452 dev=00:18 mode=0140666 ouid=0 ogid=0 rdev=00:00 nametype=NORMAL cap_fp=0 cap_fi=0 cap_fe=0 cap_fver=0 cap_frootid=0OUID="root" OGID="root"
type=PROCTITLE msg=audit(1768173997.055:1990): proctitle=2F7573722F7362696E2F61706163686532002D6B007374617274
type=SYSCALL msg=audit(1768173997.058:1994): arch=c000003e syscall=106 success=yes exit=0 a0=21 a1=7b03b656d4a0 a2=0 a3=22 items=0 ppid=1490 pid=1495 auid=4294967295 uid=0 gid=33 euid=0 suid=0 fsuid=0 egid=33 sgid=33 fsgid=33 tty=(none) ses=4294967295 comm="apache2" exe="/usr/sbin/apache2" subj=unconfined key="T1166_Seuid_and_Setgid"ARCH=x86_64 SYSCALL=setgid AUID="unset" UID="root" GID="www-data" EUID="root" SUID="root" FSUID="root" EGID="www-data" SGID="www-data" FSGID="www-data"
type=PROCTITLE msg=audit(1768173997.058:1994): proctitle=2F7573722F7362696E2F61706163686532002D6B007374617274
type=SYSCALL msg=audit(1768173997.058:1995): arch=c000003e syscall=105 success=yes exit=0 a0=21 a1=5f544e4f1160 a2=5f51bb6ca5c1 a3=5f544e4f1170 items=0 ppid=1490 pid=1493 auid=4294967295 uid=33 gid=33 euid=33 suid=33 fsuid=33 egid=33 sgid=33 fsgid=33 tty=(none) ses=4294967295 comm="apache2" exe="/usr/sbin/apache2" subj=unconfined key="T1166_Seuid_and_Setgid"ARCH=x86_64 SYSCALL=setuid AUID="unset" UID="www-data" GID="www-data" EUID="www-data" SUID="www-data" FSUID="www-data" EGID="www-data" SGID="www-data" FSGID="www-data"
type=PROCTITLE msg=audit(1768173997.058:1995): proctitle=2F7573722F7362696E2F61706163686532002D6B007374617274
type=SYSCALL msg=audit(1768173997.059:1996): arch=c000003e syscall=42 success=yes exit=0 a0=c a1=7fff16c99a70 a2=2d a3=5f544e531a20 items=1 ppid=1490 pid=1495 auid=4294967295 uid=0 gid=33 euid=0 suid=0 fsuid=0 egid=33 sgid=33 fsgid=33 tty=(none) ses=4294967295 comm="apache2" exe="/usr/sbin/apache2" subj=unconfined key="T1043_Commonly_Used_Port"ARCH=x86_64 SYSCALL=connect AUID="unset" UID="root" GID="www-data" EUID="root" SUID="root" FSUID="root" EGID="www-data" SGID="www-data" FSGID="www-data"
type=SOCKADDR msg=audit(1768173997.059:1996): saddr=01002F72756E2F73797374656D642F7573657264622F696F2E73797374656D642E44796E616D69635573657200SADDR={ saddr_fam=local path=/run/systemd/userdb/io.systemd.DynamicUser }
type=PATH msg=audit(1768173997.059:1996): item=0 name="/run/systemd/userdb/io.systemd.DynamicUser" inode=452 dev=00:18 mode=0140666 ouid=0 ogid=0 rdev=00:00 nametype=NORMAL cap_fp=0 cap_fi=0 cap_fe=0 cap_fver=0 cap_frootid=0OUID="root" OGID="root"
type=PROCTITLE msg=audit(1768173997.059:1996): proctitle=2F7573722F7362696E2F61706163686532002D6B007374617274
type=SYSCALL msg=audit(1768173997.059:1997): arch=c000003e syscall=106 success=yes exit=0 a0=21 a1=7b03b656d4a0 a2=0 a3=22 items=0 ppid=1490 pid=1496 auid=4294967295 uid=0 gid=33 euid=0 suid=0 fsuid=0 egid=33 sgid=33 fsgid=33 tty=(none) ses=4294967295 comm="apache2" exe="/usr/sbin/apache2" subj=unconfined key="T1166_Seuid_and_Setgid"ARCH=x86_64 SYSCALL=setgid AUID="unset" UID="root" GID="www-data" EUID="root" SUID="root" FSUID="root" EGID="www-data" SGID="www-data" FSGID="www-data"
type=PROCTITLE msg=audit(1768173997.059:1997): proctitle=2F7573722F7362696E2F61706163686532002D6B007374617274
type=SYSCALL msg=audit(1768173997.059:1998): arch=c000003e syscall=105 success=yes exit=0 a0=21 a1=5f544e4f1160 a2=5f51bb6ca5c1 a3=5f544e4f1170 items=0 ppid=1490 pid=1495 auid=4294967295 uid=33 gid=33 euid=33 suid=33 fsuid=33 egid=33 sgid=33 fsgid=33 tty=(none) ses=4294967295 comm="apache2" exe="/usr/sbin/apache2" subj=unconfined key="T1166_Seuid_and_Setgid"ARCH=x86_64 SYSCALL=setuid AUID="unset" UID="www-data" GID="www-data" EUID="www-data" SUID="www-data" FSUID="www-data" EGID="www-data" SGID="www-data" FSGID="www-data"
type=PROCTITLE msg=audit(1768173997.059:1998): proctitle=2F7573722F7362696E2F61706163686532002D6B007374617274
type=SYSCALL msg=audit(1768173997.060:1999): arch=c000003e syscall=42 success=yes exit=0 a0=c a1=7fff16c99a70 a2=2d a3=5f544e531a20 items=1 ppid=1490 pid=1496 auid=4294967295 uid=0 gid=33 euid=0 suid=0 fsuid=0 egid=33 sgid=33 fsgid=33 tty=(none) ses=4294967295 comm="apache2" exe="/usr/sbin/apache2" subj=unconfined key="T1043_Commonly_Used_Port"ARCH=x86_64 SYSCALL=connect AUID="unset" UID="root" GID="www-data" EUID="root" SUID="root" FSUID="root" EGID="www-data" SGID="www-data" FSGID="www-data"
type=SOCKADDR msg=audit(1768173997.060:1999): saddr=01002F72756E2F73797374656D642F7573657264622F696F2E73797374656D642E44796E616D69635573657200SADDR={ saddr_fam=local path=/run/systemd/userdb/io.systemd.DynamicUser }
type=PATH msg=audit(1768173997.060:1999): item=0 name="/run/systemd/userdb/io.systemd.DynamicUser" inode=452 dev=00:18 mode=0140666 ouid=0 ogid=0 rdev=00:00 nametype=NORMAL cap_fp=0 cap_fi=0 cap_fe=0 cap_fver=0 cap_frootid=0OUID="root" OGID="root"
type=PROCTITLE msg=audit(1768173997.060:1999): proctitle=2F7573722F7362696E2F61706163686532002D6B007374617274
type=SYSCALL msg=audit(1768173997.060:2000): arch=c000003e syscall=105 success=yes exit=0 a0=21 a1=5f544e4f1160 a2=5f51bb6ca5c1 a3=5f544e4f1170 items=0 ppid=1490 pid=1496 auid=4294967295 uid=33 gid=33 euid=33 suid=33 fsuid=33 egid=33 sgid=33 fsgid=33 tty=(none) ses=4294967295 comm="apache2" exe="/usr/sbin/apache2" subj=unconfined key="T1166_Seuid_and_Setgid"ARCH=x86_64 SYSCALL=setuid AUID="unset" UID="www-data" GID="www-data" EUID="www-data" SUID="www-data" FSUID="www-data" EGID="www-data" SGID="www-data" FSGID="www-data"
type=PROCTITLE msg=audit(1768173997.060:2000): proctitle=2F7573722F7362696E2F61706163686532002D6B007374617274
type=SYSCALL msg=audit(1768174002.080:2001): arch=c000003e syscall=106 success=yes exit=0 a0=21 a1=7b03b656d4a0 a2=0 a3=22 items=0 ppid=1490 pid=1497 auid=4294967295 uid=0 gid=33 euid=0 suid=0 fsuid=0 egid=33 sgid=33 fsgid=33 tty=(none) ses=4294967295 comm="apache2" exe="/usr/sbin/apache2" subj=unconfined key="T1166_Seuid_and_Setgid"ARCH=x86_64 SYSCALL=setgid AUID="unset" UID="root" GID="www-data" EUID="root" SUID="root" FSUID="root" EGID="www-data" SGID="www-data" FSGID="www-data"
type=PROCTITLE msg=audit(1768174002.080:2001): proctitle=2F7573722F7362696E2F61706163686532002D6B007374617274
type=SYSCALL msg=audit(1768174002.080:2002): arch=c000003e syscall=42 success=yes exit=0 a0=c a1=7fff16c99a90 a2=2d a3=5f544e531a20 items=1 ppid=1490 pid=1497 auid=4294967295 uid=0 gid=33 euid=0 suid=0 fsuid=0 egid=33 sgid=33 fsgid=33 tty=(none) ses=4294967295 comm="apache2" exe="/usr/sbin/apache2" subj=unconfined key="T1043_Commonly_Used_Port"ARCH=x86_64 SYSCALL=connect AUID="unset" UID="root" GID="www-data" EUID="root" SUID="root" FSUID="root" EGID="www-data" SGID="www-data" FSGID="www-data"
type=SOCKADDR msg=audit(1768174002.080:2002): saddr=01002F72756E2F73797374656D642F7573657264622F696F2E73797374656D642E44796E616D69635573657200SADDR={ saddr_fam=local path=/run/systemd/userdb/io.systemd.DynamicUser }
type=PATH msg=audit(1768174002.080:2002): item=0 name="/run/systemd/userdb/io.systemd.DynamicUser" inode=452 dev=00:18 mode=0140666 ouid=0 ogid=0 rdev=00:00 nametype=NORMAL cap_fp=0 cap_fi=0 cap_fe=0 cap_fver=0 cap_frootid=0OUID="root" OGID="root"
type=PROCTITLE msg=audit(1768174002.080:2002): proctitle=2F7573722F7362696E2F61706163686532002D6B007374617274
type=SYSCALL msg=audit(1768174002.082:2003): arch=c000003e syscall=105 success=yes exit=0 a0=21 a1=5f544e4f1160 a2=5f51bb6ca5c1 a3=5f544e4f1170 items=0 ppid=1490 pid=1497 auid=4294967295 uid=33 gid=33 euid=33 suid=33 fsuid=33 egid=33 sgid=33 fsgid=33 tty=(none) ses=4294967295 comm="apache2" exe="/usr/sbin/apache2" subj=unconfined key="T1166_Seuid_and_Setgid"ARCH=x86_64 SYSCALL=setuid AUID="unset" UID="www-data" GID="www-data" EUID="www-data" SUID="www-data" FSUID="www-data" EGID="www-data" SGID="www-data" FSGID="www-data"
type=PROCTITLE msg=audit(1768174002.082:2003): proctitle=2F7573722F7362696E2F61706163686532002D6B007374617274
type=SYSCALL msg=audit(1768174012.001:2004): arch=c000003e syscall=59 success=yes exit=0 a0=63868ee5ff60 a1=63868ee5fb50 a2=63868ed19cc0 a3=63868ed35e70 items=2 ppid=1424 pid=1498 auid=1000 uid=0 gid=0 euid=0 suid=0 fsuid=0 egid=0 sgid=0 fsgid=0 tty=pts1 ses=3 comm="tail" exe="/usr/bin/tail" subj=unconfined key="T1078_Valid_Accounts"ARCH=x86_64 SYSCALL=execve AUID="vboxuser" UID="root" GID="root" EUID="root" SUID="root" FSUID="root" EGID="root" SGID="root" FSGID="root"
type=EXECVE msg=audit(1768174012.001:2004): argc=4 a0="tail" a1="-c" a2="+10413343" a3="/var/www/nextcloud/data/nextcloud.log"
type=PATH msg=audit(1768174012.001:2004): item=0 name="/usr/bin/tail" inode=1442904 dev=08:02 mode=0100755 ouid=0 ogid=0 rdev=00:00 nametype=NORMAL cap_fp=0 cap_fi=0 cap_fe=0 cap_fver=0 cap_frootid=0OUID="root" OGID="root"
type=PATH msg=audit(1768174012.001:2004): item=1 name="/lib64/ld-linux-x86-64.so.2" inode=1481429 dev=08:02 mode=0100755 ouid=0 ogid=0 rdev=00:00 nametype=NORMAL cap_fp=0 cap_fi=0 cap_fe=0 cap_fver=0 cap_frootid=0OUID="root" OGID="root"
type=PROCTITLE msg=audit(1768174012.001:2004): proctitle=7461696C002D63002B3130343133333433002F7661722F7777772F6E657874636C6F75642F646174612F6E657874636C6F75642E6C6F67
type=SYSCALL msg=audit(1768174012.127:2005): arch=c000003e syscall=59 success=yes exit=0 a0=63868ee60000 a1=63868ee5f3c0 a2=63868ed19cc0 a3=63868ee5f480 items=2 ppid=1424 pid=1499 auid=1000 uid=0 gid=0 euid=0 suid=0 fsuid=0 egid=0 sgid=0 fsgid=0 tty=pts1 ses=3 comm="tail" exe="/usr/bin/tail" subj=unconfined key="T1078_Valid_Accounts"ARCH=x86_64 SYSCALL=execve AUID="vboxuser" UID="root" GID="root" EUID="root" SUID="root" FSUID="root" EGID="root" SGID="root" FSGID="root"
type=EXECVE msg=audit(1768174012.127:2005): argc=4 a0="tail" a1="-c" a2="+19675" a3="/var/log/syslog"
type=PATH msg=audit(1768174012.127:2005): item=0 name="/usr/bin/tail" inode=1442904 dev=08:02 mode=0100755 ouid=0 ogid=0 rdev=00:00 nametype=NORMAL cap_fp=0 cap_fi=0 cap_fe=0 cap_fver=0 cap_frootid=0OUID="root" OGID="root"
type=PATH msg=audit(1768174012.127:2005): item=1 name="/lib64/ld-linux-x86-64.so.2" inode=1481429 dev=08:02 mode=0100755 ouid=0 ogid=0 rdev=00:00 nametype=NORMAL cap_fp=0 cap_fi=0 cap_fe=0 cap_fver=0 cap_frootid=0OUID="root" OGID="root"
type=PROCTITLE msg=audit(1768174012.127:2005): proctitle=7461696C002D63002B3139363735002F7661722F6C6F672F7379736C6F67
type=SYSCALL msg=audit(1768174012.205:2006): arch=c000003e syscall=59 success=yes exit=0 a0=63868ee5f6b0 a1=63868ee5f3c0 a2=63868ed19cc0 a3=63868ee5fdc0 items=2 ppid=1424 pid=1500 auid=1000 uid=0 gid=0 euid=0 suid=0 fsuid=0 egid=0 sgid=0 fsgid=0 tty=pts1 ses=3 comm="tail" exe="/usr/bin/tail" subj=unconfined key="T1078_Valid_Accounts"ARCH=x86_64 SYSCALL=execve AUID="vboxuser" UID="root" GID="root" EUID="root" SUID="root" FSUID="root" EGID="root" SGID="root" FSGID="root"
type=EXECVE msg=audit(1768174012.205:2006): argc=4 a0="tail" a1="-c" a2="+3301" a3="/var/log/auth.log"
type=PATH msg=audit(1768174012.205:2006): item=0 name="/usr/bin/tail" inode=1442904 dev=08:02 mode=0100755 ouid=0 ogid=0 rdev=00:00 nametype=NORMAL cap_fp=0 cap_fi=0 cap_fe=0 cap_fver=0 cap_frootid=0OUID="root" OGID="root"
type=PATH msg=audit(1768174012.205:2006): item=1 name="/lib64/ld-linux-x86-64.so.2" inode=1481429 dev=08:02 mode=0100755 ouid=0 ogid=0 rdev=00:00 nametype=NORMAL cap_fp=0 cap_fi=0 cap_fe=0 cap_fver=0 cap_frootid=0OUID="root" OGID="root"
type=PROCTITLE msg=audit(1768174012.205:2006): proctitle=7461696C002D63002B33333031002F7661722F6C6F672F617574682E6C6F67
type=SYSCALL msg=audit(1768174012.267:2007): arch=c000003e syscall=59 success=yes exit=0 a0=63868ee5fe40 a1=63868ee5fb50 a2=63868ed19cc0 a3=63868ee5fd80 items=2 ppid=1424 pid=1501 auid=1000 uid=0 gid=0 euid=0 suid=0 fsuid=0 egid=0 sgid=0 fsgid=0 tty=pts1 ses=3 comm="tail" exe="/usr/bin/tail" subj=unconfined key="T1078_Valid_Accounts"ARCH=x86_64 SYSCALL=execve AUID="vboxuser" UID="root" GID="root" EUID="root" SUID="root" FSUID="root" EGID="root" SGID="root" FSGID="root"
type=EXECVE msg=audit(1768174012.267:2007): argc=4 a0="tail" a1="-c" a2="+149991306" a3="/var/log/audit/audit.log"
type=PATH msg=audit(1768174012.267:2007): item=0 name="/usr/bin/tail" inode=1442904 dev=08:02 mode=0100755 ouid=0 ogid=0 rdev=00:00 nametype=NORMAL cap_fp=0 cap_fi=0 cap_fe=0 cap_fver=0 cap_frootid=0OUID="root" OGID="root"
type=PATH msg=audit(1768174012.267:2007): item=1 name="/lib64/ld-linux-x86-64.so.2" inode=1481429 dev=08:02 mode=0100755 ouid=0 ogid=0 rdev=00:00 nametype=NORMAL cap_fp=0 cap_fi=0 cap_fe=0 cap_fver=0 cap_frootid=0OUID="root" OGID="root"
type=PROCTITLE msg=audit(1768174012.267:2007): proctitle=7461696C002D63002B313439393931333036002F7661722F6C6F672F61756469742F61756469742E6C6F67
type=SYSCALL msg=audit(1768174012.271:2008): arch=c000003e syscall=257 success=yes exit=3 a0=ffffff9c a1=7ffe3a9c66c3 a2=0 a3=0 items=1 ppid=1424 pid=1501 auid=1000 uid=0 gid=0 euid=0 suid=0 fsuid=0 egid=0 sgid=0 fsgid=0 tty=pts1 ses=3 comm="tail" exe="/usr/bin/tail" subj=unconfined key="auditlog"ARCH=x86_64 SYSCALL=openat AUID="vboxuser" UID="root" GID="root" EUID="root" SUID="root" FSUID="root" EGID="root" SGID="root" FSGID="root"
type=PATH msg=audit(1768174012.271:2008): item=0 name="/var/log/audit/audit.log" inode=659339 dev=08:02 mode=0100640 ouid=0 ogid=4 rdev=00:00 nametype=NORMAL cap_fp=0 cap_fi=0 cap_fe=0 cap_fver=0 cap_frootid=0OUID="root" OGID="adm"
type=PROCTITLE msg=audit(1768174012.271:2008): proctitle=7461696C002D63002B313439393931333036002F7661722F6C6F672F61756469742F61756469742E6C6F67type=SYSCALL msg=audit(1768177677.926:1750): arch=c000003e syscall=106 success=yes exit=0 a0=21 a1=7f4ed0eb94a0 a2=0 a3=22 items=0 ppid=1023 pid=1412 auid=4294967295 uid=0 gid=33 euid=0 suid=0 fsuid=0 egid=33 sgid=33 fsgid=33 tty=(none) ses=4294967295 comm="apache2" exe="/usr/sbin/apache2" subj=unconfined key="T1166_Seuid_and_Setgid"ARCH=x86_64 SYSCALL=setgid AUID="unset" UID="root" GID="www-data" EUID="root" SUID="root" FSUID="root" EGID="www-data" SGID="www-data" FSGID="www-data"
type=PROCTITLE msg=audit(1768177677.926:1750): proctitle=2F7573722F7362696E2F61706163686532002D6B007374617274
type=SYSCALL msg=audit(1768177677.926:1751): arch=c000003e syscall=42 success=yes exit=0 a0=c a1=7ffeb9cba3e0 a2=2d a3=5adca6da9350 items=1 ppid=1023 pid=1412 auid=4294967295 uid=0 gid=33 euid=0 suid=0 fsuid=0 egid=33 sgid=33 fsgid=33 tty=(none) ses=4294967295 comm="apache2" exe="/usr/sbin/apache2" subj=unconfined key="T1043_Commonly_Used_Port"ARCH=x86_64 SYSCALL=connect AUID="unset" UID="root" GID="www-data" EUID="root" SUID="root" FSUID="root" EGID="www-data" SGID="www-data" FSGID="www-data"
type=SOCKADDR msg=audit(1768177677.926:1751): saddr=01002F72756E2F73797374656D642F7573657264622F696F2E73797374656D642E44796E616D69635573657200SADDR={ saddr_fam=local path=/run/systemd/userdb/io.systemd.DynamicUser }
type=PATH msg=audit(1768177677.926:1751): item=0 name="/run/systemd/userdb/io.systemd.DynamicUser" inode=443 dev=00:18 mode=0140666 ouid=0 ogid=0 rdev=00:00 nametype=NORMAL cap_fp=0 cap_fi=0 cap_fe=0 cap_fver=0 cap_frootid=0OUID="root" OGID="root"
type=PROCTITLE msg=audit(1768177677.926:1751): proctitle=2F7573722F7362696E2F61706163686532002D6B007374617274
type=SYSCALL msg=audit(1768177677.926:1752): arch=c000003e syscall=105 success=yes exit=0 a0=21 a1=5adca6c20ec0 a2=5ad90b10f630 a3=5adca6c20ed0 items=0 ppid=1023 pid=1412 auid=4294967295 uid=33 gid=33 euid=33 suid=33 fsuid=33 egid=33 sgid=33 fsgid=33 tty=(none) ses=4294967295 comm="apache2" exe="/usr/sbin/apache2" subj=unconfined key="T1166_Seuid_and_Setgid"ARCH=x86_64 SYSCALL=setuid AUID="unset" UID="www-data" GID="www-data" EUID="www-data" SUID="www-data" FSUID="www-data" EGID="www-data" SGID="www-data" FSGID="www-data"
type=PROCTITLE msg=audit(1768177677.926:1752): proctitle=2F7573722F7362696E2F61706163686532002D6B007374617274
type=SYSCALL msg=audit(1768177694.997:1753): arch=c000003e syscall=59 success=yes exit=0 a0=587eb35a4bb0 a1=587eb35a4480 a2=587eb345ecc0 a3=587eb35a4480 items=2 ppid=1397 pid=1413 auid=1000 uid=0 gid=0 euid=0 suid=0 fsuid=0 egid=0 sgid=0 fsgid=0 tty=pts1 ses=3 comm="systemctl" exe="/usr/bin/systemctl" subj=unconfined key="T1078_Valid_Accounts"ARCH=x86_64 SYSCALL=execve AUID="vboxuser" UID="root" GID="root" EUID="root" SUID="root" FSUID="root" EGID="root" SGID="root" FSGID="root"
type=EXECVE msg=audit(1768177694.997:1753): argc=5 a0="systemctl" a1="--no-pager" a2="--full" a3="status" a4="apache2"
type=PATH msg=audit(1768177694.997:1753): item=0 name="/usr/bin/systemctl" inode=1461475 dev=08:02 mode=0100755 ouid=0 ogid=0 rdev=00:00 nametype=NORMAL cap_fp=0 cap_fi=0 cap_fe=0 cap_fver=0 cap_frootid=0OUID="root" OGID="root"
type=PATH msg=audit(1768177694.997:1753): item=1 name="/lib64/ld-linux-x86-64.so.2" inode=1481429 dev=08:02 mode=0100755 ouid=0 ogid=0 rdev=00:00 nametype=NORMAL cap_fp=0 cap_fi=0 cap_fe=0 cap_fver=0 cap_frootid=0OUID="root" OGID="root"
type=PROCTITLE msg=audit(1768177694.997:1753): proctitle=73797374656D63746C002D2D6E6F2D7061676572002D2D66756C6C007374617475730061706163686532
type=SYSCALL msg=audit(1768177695.006:1754): arch=c000003e syscall=42 success=yes exit=0 a0=3 a1=5dd083d28ac8 a2=17 a3=7fffc2b64964 items=1 ppid=1397 pid=1413 auid=1000 uid=0 gid=0 euid=0 suid=0 fsuid=0 egid=0 sgid=0 fsgid=0 tty=pts1 ses=3 comm="systemctl" exe="/usr/bin/systemctl" subj=unconfined key="T1043_Commonly_Used_Port"ARCH=x86_64 SYSCALL=connect AUID="vboxuser" UID="root" GID="root" EUID="root" SUID="root" FSUID="root" EGID="root" SGID="root" FSGID="root"
type=SOCKADDR msg=audit(1768177695.006:1754): saddr=01002F72756E2F73797374656D642F7072697661746500SADDR={ saddr_fam=local path=/run/systemd/private }
type=PATH msg=audit(1768177695.006:1754): item=0 name="/run/systemd/private" inode=441 dev=00:18 mode=0140700 ouid=0 ogid=0 rdev=00:00 nametype=NORMAL cap_fp=0 cap_fi=0 cap_fe=0 cap_fver=0 cap_frootid=0OUID="root" OGID="root"
type=PROCTITLE msg=audit(1768177695.006:1754): proctitle=73797374656D63746C002D2D6E6F2D7061676572002D2D66756C6C007374617475730061706163686532
type=SYSCALL msg=audit(1768177707.204:1755): arch=c000003e syscall=59 success=yes exit=0 a0=587eb35a4770 a1=587eb345f3c0 a2=587eb345ecc0 a3=587eb35a41c0 items=2 ppid=1397 pid=1414 auid=1000 uid=0 gid=0 euid=0 suid=0 fsuid=0 egid=0 sgid=0 fsgid=0 tty=pts1 ses=3 comm="ls" exe="/usr/bin/ls" subj=unconfined key="T1078_Valid_Accounts"ARCH=x86_64 SYSCALL=execve AUID="vboxuser" UID="root" GID="root" EUID="root" SUID="root" FSUID="root" EGID="root" SGID="root" FSGID="root"
type=EXECVE msg=audit(1768177707.204:1755): argc=4 a0="ls" a1="--color=auto" a2="-l" a3="/etc/apache2/sites-enabled"
type=PATH msg=audit(1768177707.204:1755): item=0 name="/usr/bin/ls" inode=1442533 dev=08:02 mode=0100755 ouid=0 ogid=0 rdev=00:00 nametype=NORMAL cap_fp=0 cap_fi=0 cap_fe=0 cap_fver=0 cap_frootid=0OUID="root" OGID="root"
type=PATH msg=audit(1768177707.204:1755): item=1 name="/lib64/ld-linux-x86-64.so.2" inode=1481429 dev=08:02 mode=0100755 ouid=0 ogid=0 rdev=00:00 nametype=NORMAL cap_fp=0 cap_fi=0 cap_fe=0 cap_fver=0 cap_frootid=0OUID="root" OGID="root"
type=PROCTITLE msg=audit(1768177707.204:1755): proctitle=6C73002D2D636F6C6F723D6175746F002D6C002F6574632F617061636865322F73697465732D656E61626C6564
type=SYSCALL msg=audit(1768177717.261:1756): arch=c000003e syscall=59 success=yes exit=0 a0=587eb35a4890 a1=587eb35a4c50 a2=587eb345ecc0 a3=587eb35a4c50 items=2 ppid=1397 pid=1415 auid=1000 uid=0 gid=0 euid=0 suid=0 fsuid=0 egid=0 sgid=0 fsgid=0 tty=pts1 ses=3 comm="cat" exe="/usr/bin/cat" subj=unconfined key="T1078_Valid_Accounts"ARCH=x86_64 SYSCALL=execve AUID="vboxuser" UID="root" GID="root" EUID="root" SUID="root" FSUID="root" EGID="root" SGID="root" FSGID="root"
type=EXECVE msg=audit(1768177717.261:1756): argc=2 a0="cat" a1="/etc/apache2/sites-enabled/nextcloud.conf"
type=PATH msg=audit(1768177717.261:1756): item=0 name="/usr/bin/cat" inode=1442301 dev=08:02 mode=0100755 ouid=0 ogid=0 rdev=00:00 nametype=NORMAL cap_fp=0 cap_fi=0 cap_fe=0 cap_fver=0 cap_frootid=0OUID="root" OGID="root"
type=PATH msg=audit(1768177717.261:1756): item=1 name="/lib64/ld-linux-x86-64.so.2" inode=1481429 dev=08:02 mode=0100755 ouid=0 ogid=0 rdev=00:00 nametype=NORMAL cap_fp=0 cap_fi=0 cap_fe=0 cap_fver=0 cap_frootid=0OUID="root" OGID="root"
type=PROCTITLE msg=audit(1768177717.261:1756): proctitle=636174002F6574632F617061636865322F73697465732D656E61626C65642F6E657874636C6F75642E636F6E66
type=SYSCALL msg=audit(1768177745.643:1757): arch=c000003e syscall=59 success=yes exit=0 a0=587eb35a4dc0 a1=587eb35a4c70 a2=587eb345ecc0 a3=587eb35a4e40 items=2 ppid=1397 pid=1416 auid=1000 uid=0 gid=0 euid=0 suid=0 fsuid=0 egid=0 sgid=0 fsgid=0 tty=pts1 ses=3 comm="sudo" exe="/usr/bin/sudo" subj=unconfined key="T1078_Valid_Accounts"ARCH=x86_64 SYSCALL=execve AUID="vboxuser" UID="root" GID="root" EUID="root" SUID="root" FSUID="root" EGID="root" SGID="root" FSGID="root"
type=EXECVE msg=audit(1768177745.643:1757): argc=3 a0="sudo" a1="vim" a2="/etc/apache2/sites-enabled/nextcloud.conf"
type=PATH msg=audit(1768177745.643:1757): item=0 name="/usr/bin/sudo" inode=1450157 dev=08:02 mode=0104755 ouid=0 ogid=0 rdev=00:00 nametype=NORMAL cap_fp=0 cap_fi=0 cap_fe=0 cap_fver=0 cap_frootid=0OUID="root" OGID="root"
type=PATH msg=audit(1768177745.643:1757): item=1 name="/lib64/ld-linux-x86-64.so.2" inode=1481429 dev=08:02 mode=0100755 ouid=0 ogid=0 rdev=00:00 nametype=NORMAL cap_fp=0 cap_fi=0 cap_fe=0 cap_fver=0 cap_frootid=0OUID="root" OGID="root"
type=PROCTITLE msg=audit(1768177745.643:1757): proctitle=7375646F0076696D002F6574632F617061636865322F73697465732D656E61626C65642F6E657874636C6F75642E636F6E66
type=SYSCALL msg=audit(1768177745.657:1758): arch=c000003e syscall=257 success=yes exit=5 a0=ffffff9c a1=7fff00ae4ea0 a2=800 a3=0 items=1 ppid=1397 pid=1416 auid=1000 uid=0 gid=0 euid=1 suid=0 fsuid=1 egid=0 sgid=0 fsgid=0 tty=pts1 ses=3 comm="sudo" exe="/usr/bin/sudo" subj=unconfined key="T1169_Sudo"ARCH=x86_64 SYSCALL=openat AUID="vboxuser" UID="root" GID="root" EUID="daemon" SUID="root" FSUID="daemon" EGID="root" SGID="root" FSGID="root"
type=PATH msg=audit(1768177745.657:1758): item=0 name="/etc/sudoers" inode=1049318 dev=08:02 mode=0100440 ouid=0 ogid=0 rdev=00:00 nametype=NORMAL cap_fp=0 cap_fi=0 cap_fe=0 cap_fver=0 cap_frootid=0OUID="root" OGID="root"
type=PROCTITLE msg=audit(1768177745.657:1758): proctitle=7375646F0076696D002F6574632F617061636865322F73697465732D656E61626C65642F6E657874636C6F75642E636F6E66
type=SYSCALL msg=audit(1768177745.660:1759): arch=c000003e syscall=42 success=yes exit=0 a0=6 a1=7a277e20b694 a2=10 a3=7fff00ae3444 items=0 ppid=1397 pid=1416 auid=1000 uid=0 gid=0 euid=0 suid=0 fsuid=0 egid=0 sgid=0 fsgid=0 tty=pts1 ses=3 comm="sudo" exe="/usr/bin/sudo" subj=unconfined key="T1043_Commonly_Used_Port"ARCH=x86_64 SYSCALL=connect AUID="vboxuser" UID="root" GID="root" EUID="root" SUID="root" FSUID="root" EGID="root" SGID="root" FSGID="root"
type=SOCKADDR msg=audit(1768177745.660:1759): saddr=020000357F0000350000000000000000SADDR={ saddr_fam=inet laddr=127.0.0.53 lport=53 }
type=PROCTITLE msg=audit(1768177745.660:1759): proctitle=7375646F0076696D002F6574632F617061636865322F73697465732D656E61626C65642F6E657874636C6F75642E636F6E66
type=SYSCALL msg=audit(1768177745.675:1760): arch=c000003e syscall=42 success=yes exit=0 a0=6 a1=7a277e20b694 a2=10 a3=7fff00ae3444 items=0 ppid=1397 pid=1416 auid=1000 uid=0 gid=0 euid=0 suid=0 fsuid=0 egid=0 sgid=0 fsgid=0 tty=pts1 ses=3 comm="sudo" exe="/usr/bin/sudo" subj=unconfined key="T1043_Commonly_Used_Port"ARCH=x86_64 SYSCALL=connect AUID="vboxuser" UID="root" GID="root" EUID="root" SUID="root" FSUID="root" EGID="root" SGID="root" FSGID="root"
type=SOCKADDR msg=audit(1768177745.675:1760): saddr=020000357F0000350000000000000000SADDR={ saddr_fam=inet laddr=127.0.0.53 lport=53 }
type=PROCTITLE msg=audit(1768177745.675:1760): proctitle=7375646F0076696D002F6574632F617061636865322F73697465732D656E61626C65642F6E657874636C6F75642E636F6E66
type=SYSCALL msg=audit(1768177745.676:1761): arch=c000003e syscall=42 success=yes exit=0 a0=6 a1=5e5c8cd6d740 a2=10 a3=0 items=0 ppid=1397 pid=1416 auid=1000 uid=0 gid=0 euid=0 suid=0 fsuid=0 egid=0 sgid=0 fsgid=0 tty=pts1 ses=3 comm="sudo" exe="/usr/bin/sudo" subj=unconfined key="T1043_Commonly_Used_Port"ARCH=x86_64 SYSCALL=connect AUID="vboxuser" UID="root" GID="root" EUID="root" SUID="root" FSUID="root" EGID="root" SGID="root" FSGID="root"
type=SOCKADDR msg=audit(1768177745.676:1761): saddr=020000000A00020F0000000000000000SADDR={ saddr_fam=inet laddr=10.0.2.15 lport=0 }
type=PROCTITLE msg=audit(1768177745.676:1761): proctitle=7375646F0076696D002F6574632F617061636865322F73697465732D656E61626C65642F6E657874636C6F75642E636F6E66
type=SYSCALL msg=audit(1768177745.676:1762): arch=c000003e syscall=42 success=yes exit=0 a0=6 a1=7fff00ae5330 a2=10 a3=0 items=0 ppid=1397 pid=1416 auid=1000 uid=0 gid=0 euid=0 suid=0 fsuid=0 egid=0 sgid=0 fsgid=0 tty=pts1 ses=3 comm="sudo" exe="/usr/bin/sudo" subj=unconfined key="T1043_Commonly_Used_Port"ARCH=x86_64 SYSCALL=connect AUID="vboxuser" UID="root" GID="root" EUID="root" SUID="root" FSUID="root" EGID="root" SGID="root" FSGID="root"
type=SOCKADDR msg=audit(1768177745.676:1762): saddr=00000000000000000000000000000000SADDR=unknown-family(0)
type=PROCTITLE msg=audit(1768177745.676:1762): proctitle=7375646F0076696D002F6574632F617061636865322F73697465732D656E61626C65642F6E657874636C6F75642E636F6E66
type=SYSCALL msg=audit(1768177745.676:1763): arch=c000003e syscall=42 success=yes exit=0 a0=6 a1=5e5c8cd6c910 a2=10 a3=0 items=0 ppid=1397 pid=1416 auid=1000 uid=0 gid=0 euid=0 suid=0 fsuid=0 egid=0 sgid=0 fsgid=0 tty=pts1 ses=3 comm="sudo" exe="/usr/bin/sudo" subj=unconfined key="T1043_Commonly_Used_Port"ARCH=x86_64 SYSCALL=connect AUID="vboxuser" UID="root" GID="root" EUID="root" SUID="root" FSUID="root" EGID="root" SGID="root" FSGID="root"
type=SOCKADDR msg=audit(1768177745.676:1763): saddr=02000000C0A8386B0000000000000000SADDR={ saddr_fam=inet laddr=192.168.56.107 lport=0 }
type=PROCTITLE msg=audit(1768177745.676:1763): proctitle=7375646F0076696D002F6574632F617061636865322F73697465732D656E61626C65642F6E657874636C6F75642E636F6E66
type=SYSCALL msg=audit(1768177745.676:1764): arch=c000003e syscall=42 success=yes exit=0 a0=6 a1=5e5c8cd6ca00 a2=1c a3=0 items=0 ppid=1397 pid=1416 auid=1000 uid=0 gid=0 euid=0 suid=0 fsuid=0 egid=0 sgid=0 fsgid=0 tty=pts1 ses=3 comm="sudo" exe="/usr/bin/sudo" subj=unconfined key="T1043_Commonly_Used_Port"ARCH=x86_64 SYSCALL=connect AUID="vboxuser" UID="root" GID="root" EUID="root" SUID="root" FSUID="root" EGID="root" SGID="root" FSGID="root"
type=SOCKADDR msg=audit(1768177745.676:1764): saddr=0A00000000000000FD17625CF03700020A0027FFFE3F373900000000SADDR={ saddr_fam=inet6 laddr=fd17:625c:f037:2:a00:27ff:fe3f:3739 lport=0 }
type=PROCTITLE msg=audit(1768177745.676:1764): proctitle=7375646F0076696D002F6574632F617061636865322F73697465732D656E61626C65642F6E657874636C6F75642E636F6E66
type=SYSCALL msg=audit(1768177745.676:1765): arch=c000003e syscall=42 success=yes exit=0 a0=6 a1=7fff00ae5330 a2=10 a3=0 items=0 ppid=1397 pid=1416 auid=1000 uid=0 gid=0 euid=0 suid=0 fsuid=0 egid=0 sgid=0 fsgid=0 tty=pts1 ses=3 comm="sudo" exe="/usr/bin/sudo" subj=unconfined key="T1043_Commonly_Used_Port"ARCH=x86_64 SYSCALL=connect AUID="vboxuser" UID="root" GID="root" EUID="root" SUID="root" FSUID="root" EGID="root" SGID="root" FSGID="root"
type=SOCKADDR msg=audit(1768177745.676:1765): saddr=00000000000000000000000000000000SADDR=unknown-family(0)
type=PROCTITLE msg=audit(1768177745.676:1765): proctitle=7375646F0076696D002F6574632F617061636865322F73697465732D656E61626C65642F6E657874636C6F75642E636F6E66
type=SYSCALL msg=audit(1768177745.676:1766): arch=c000003e syscall=42 success=no exit=-22 a0=6 a1=5e5c8cd6cb20 a2=1c a3=0 items=0 ppid=1397 pid=1416 auid=1000 uid=0 gid=0 euid=0 suid=0 fsuid=0 egid=0 sgid=0 fsgid=0 tty=pts1 ses=3 comm="sudo" exe="/usr/bin/sudo" subj=unconfined key="T1043_Commonly_Used_Port"ARCH=x86_64 SYSCALL=connect AUID="vboxuser" UID="root" GID="root" EUID="root" SUID="root" FSUID="root" EGID="root" SGID="root" FSGID="root"
type=SOCKADDR msg=audit(1768177745.676:1766): saddr=0A00000000000000FE800000000000000A0027FFFE3F373900000000SADDR={ saddr_fam=inet6 laddr=fe80::a00:27ff:fe3f:3739 lport=0 }
type=PROCTITLE msg=audit(1768177745.676:1766): proctitle=7375646F0076696D002F6574632F617061636865322F73697465732D656E61626C65642F6E657874636C6F75642E636F6E66
type=SYSCALL msg=audit(1768177745.676:1767): arch=c000003e syscall=42 success=yes exit=0 a0=6 a1=7fff00ae5330 a2=10 a3=0 items=0 ppid=1397 pid=1416 auid=1000 uid=0 gid=0 euid=0 suid=0 fsuid=0 egid=0 sgid=0 fsgid=0 tty=pts1 ses=3 comm="sudo" exe="/usr/bin/sudo" subj=unconfined key="T1043_Commonly_Used_Port"ARCH=x86_64 SYSCALL=connect AUID="vboxuser" UID="root" GID="root" EUID="root" SUID="root" FSUID="root" EGID="root" SGID="root" FSGID="root"
type=SOCKADDR msg=audit(1768177745.676:1767): saddr=00000000000000000000000000000000SADDR=unknown-family(0)
type=PROCTITLE msg=audit(1768177745.676:1767): proctitle=7375646F0076696D002F6574632F617061636865322F73697465732D656E61626C65642F6E657874636C6F75642E636F6E66
type=SYSCALL msg=audit(1768177745.676:1768): arch=c000003e syscall=42 success=no exit=-22 a0=6 a1=5e5c8cd6cc40 a2=1c a3=0 items=0 ppid=1397 pid=1416 auid=1000 uid=0 gid=0 euid=0 suid=0 fsuid=0 egid=0 sgid=0 fsgid=0 tty=pts1 ses=3 comm="sudo" exe="/usr/bin/sudo" subj=unconfined key="T1043_Commonly_Used_Port"ARCH=x86_64 SYSCALL=connect AUID="vboxuser" UID="root" GID="root" EUID="root" SUID="root" FSUID="root" EGID="root" SGID="root" FSGID="root"
type=SOCKADDR msg=audit(1768177745.676:1768): saddr=0A00000000000000FE800000000000000A0027FFFE270D1D00000000SADDR={ saddr_fam=inet6 laddr=fe80::a00:27ff:fe27:d1d lport=0 }
type=PROCTITLE msg=audit(1768177745.676:1768): proctitle=7375646F0076696D002F6574632F617061636865322F73697465732D656E61626C65642F6E657874636C6F75642E636F6E66
type=SYSCALL msg=audit(1768177745.676:1769): arch=c000003e syscall=257 success=yes exit=6 a0=ffffff9c a1=7a277e1cf347 a2=80000 a3=0 items=1 ppid=1397 pid=1416 auid=1000 uid=0 gid=0 euid=0 suid=0 fsuid=0 egid=0 sgid=0 fsgid=0 tty=pts1 ses=3 comm="sudo" exe="/usr/bin/sudo" subj=unconfined key="T1087_Account_Discovery"ARCH=x86_64 SYSCALL=openat AUID="vboxuser" UID="root" GID="root" EUID="root" SUID="root" FSUID="root" EGID="root" SGID="root" FSGID="root"
type=PATH msg=audit(1768177745.676:1769): item=0 name="/etc/shadow" inode=1050300 dev=08:02 mode=0100640 ouid=0 ogid=42 rdev=00:00 nametype=NORMAL cap_fp=0 cap_fi=0 cap_fe=0 cap_fver=0 cap_frootid=0OUID="root" OGID="shadow"
type=PROCTITLE msg=audit(1768177745.676:1769): proctitle=7375646F0076696D002F6574632F617061636865322F73697465732D656E61626C65642F6E657874636C6F75642E636F6E66
type=USER_ACCT msg=audit(1768177745.679:1770): pid=1416 uid=0 auid=1000 ses=3 subj=unconfined msg='op=PAM:accounting grantors=pam_permit acct="root" exe="/usr/bin/sudo" hostname=? addr=? terminal=/dev/pts/1 res=success'UID="root" AUID="vboxuser"
type=SYSCALL msg=audit(1768177745.679:1771): arch=c000003e syscall=42 success=yes exit=0 a0=7 a1=7fff00ae5830 a2=2d a3=5e5c8cd780b0 items=1 ppid=1397 pid=1416 auid=1000 uid=0 gid=0 euid=0 suid=0 fsuid=0 egid=0 sgid=0 fsgid=0 tty=pts1 ses=3 comm="sudo" exe="/usr/bin/sudo" subj=unconfined key="T1043_Commonly_Used_Port"ARCH=x86_64 SYSCALL=connect AUID="vboxuser" UID="root" GID="root" EUID="root" SUID="root" FSUID="root" EGID="root" SGID="root" FSGID="root"
type=SOCKADDR msg=audit(1768177745.679:1771): saddr=01002F72756E2F73797374656D642F7573657264622F696F2E73797374656D642E44796E616D69635573657200SADDR={ saddr_fam=local path=/run/systemd/userdb/io.systemd.DynamicUser }
type=PATH msg=audit(1768177745.679:1771): item=0 name="/run/systemd/userdb/io.systemd.DynamicUser" inode=443 dev=00:18 mode=0140666 ouid=0 ogid=0 rdev=00:00 nametype=NORMAL cap_fp=0 cap_fi=0 cap_fe=0 cap_fver=0 cap_frootid=0OUID="root" OGID="root"
type=PROCTITLE msg=audit(1768177745.679:1771): proctitle=7375646F0076696D002F6574632F617061636865322F73697465732D656E61626C65642F6E657874636C6F75642E636F6E66
type=USER_CMD msg=audit(1768177745.680:1772): pid=1416 uid=0 auid=1000 ses=3 subj=unconfined msg='cwd="/root" cmd=76696D202F6574632F617061636865322F73697465732D656E61626C65642F6E657874636C6F75642E636F6E66 exe="/usr/bin/sudo" terminal=pts/1 res=success'UID="root" AUID="vboxuser"
type=SYSCALL msg=audit(1768177745.680:1773): arch=c000003e syscall=92 success=yes exit=0 a0=7fff00ae4be0 a1=0 a2=5 a3=0 items=1 ppid=1397 pid=1416 auid=1000 uid=0 gid=0 euid=0 suid=0 fsuid=0 egid=0 sgid=0 fsgid=0 tty=pts1 ses=3 comm="sudo" exe="/usr/bin/sudo" subj=unconfined key="T1166_Seuid_and_Setgid"ARCH=x86_64 SYSCALL=chown AUID="vboxuser" UID="root" GID="root" EUID="root" SUID="root" FSUID="root" EGID="root" SGID="root" FSGID="root"
type=PATH msg=audit(1768177745.680:1773): item=0 name="/dev/pts/2" inode=5 dev=00:17 mode=020620 ouid=0 ogid=5 rdev=88:02 nametype=NORMAL cap_fp=0 cap_fi=0 cap_fe=0 cap_fver=0 cap_frootid=0OUID="root" OGID="tty"
type=PROCTITLE msg=audit(1768177745.680:1773): proctitle=7375646F0076696D002F6574632F617061636865322F73697465732D656E61626C65642F6E657874636C6F75642E636F6E66
type=SYSCALL msg=audit(1768177745.680:1774): arch=c000003e syscall=257 success=yes exit=12 a0=ffffff9c a1=7a277e1d46b0 a2=80002 a3=0 items=1 ppid=1397 pid=1416 auid=1000 uid=0 gid=0 euid=0 suid=0 fsuid=0 egid=0 sgid=0 fsgid=0 tty=pts1 ses=3 comm="sudo" exe="/usr/bin/sudo" subj=unconfined key="T1108_Redundant_Access"ARCH=x86_64 SYSCALL=openat AUID="vboxuser" UID="root" GID="root" EUID="root" SUID="root" FSUID="root" EGID="root" SGID="root" FSGID="root"
type=PATH msg=audit(1768177745.680:1774): item=0 name="/var/run/utmp" inode=622 dev=00:18 mode=0100664 ouid=0 ogid=43 rdev=00:00 nametype=NORMAL cap_fp=0 cap_fi=0 cap_fe=0 cap_fver=0 cap_frootid=0OUID="root" OGID="utmp"
type=PROCTITLE msg=audit(1768177745.680:1774): proctitle=7375646F0076696D002F6574632F617061636865322F73697465732D656E61626C65642F6E657874636C6F75642E636F6E66
type=SYSCALL msg=audit(1768177745.680:1775): arch=c000003e syscall=106 success=yes exit=0 a0=0 a1=0 a2=1026105 a3=7a277e24af60 items=0 ppid=1397 pid=1416 auid=1000 uid=0 gid=0 euid=0 suid=0 fsuid=0 egid=0 sgid=0 fsgid=0 tty=pts1 ses=3 comm="sudo" exe="/usr/bin/sudo" subj=unconfined key="T1166_Seuid_and_Setgid"ARCH=x86_64 SYSCALL=setgid AUID="vboxuser" UID="root" GID="root" EUID="root" SUID="root" FSUID="root" EGID="root" SGID="root" FSGID="root"
type=PROCTITLE msg=audit(1768177745.680:1775): proctitle=7375646F0076696D002F6574632F617061636865322F73697465732D656E61626C65642F6E657874636C6F75642E636F6E66
type=CRED_REFR msg=audit(1768177745.681:1776): pid=1416 uid=0 auid=1000 ses=3 subj=unconfined msg='op=PAM:setcred grantors=pam_permit,pam_cap acct="root" exe="/usr/bin/sudo" hostname=? addr=? terminal=/dev/pts/1 res=success'UID="root" AUID="vboxuser"
type=USER_START msg=audit(1768177745.682:1777): pid=1416 uid=0 auid=1000 ses=3 subj=unconfined msg='op=PAM:session_open grantors=pam_limits,pam_env,pam_env,pam_permit,pam_umask,pam_unix acct="root" exe="/usr/bin/sudo" hostname=? addr=? terminal=/dev/pts/1 res=success'UID="root" AUID="vboxuser"
type=SYSCALL msg=audit(1768177745.684:1778): arch=c000003e syscall=59 success=yes exit=0 a0=5e5c8cd5dae8 a1=5e5c8cd6d5e0 a2=5e5c8cdfc950 a3=64 items=2 ppid=1417 pid=1418 auid=1000 uid=0 gid=0 euid=0 suid=0 fsuid=0 egid=0 sgid=0 fsgid=0 tty=pts2 ses=3 comm="vim" exe="/usr/bin/vim.basic" subj=unconfined key="T1078_Valid_Accounts"ARCH=x86_64 SYSCALL=execve AUID="vboxuser" UID="root" GID="root" EUID="root" SUID="root" FSUID="root" EGID="root" SGID="root" FSGID="root"
type=EXECVE msg=audit(1768177745.684:1778): argc=2 a0="vim" a1="/etc/apache2/sites-enabled/nextcloud.conf"
type=PATH msg=audit(1768177745.684:1778): item=0 name="/usr/bin/vim" inode=1483710 dev=08:02 mode=0100755 ouid=0 ogid=0 rdev=00:00 nametype=NORMAL cap_fp=0 cap_fi=0 cap_fe=0 cap_fver=0 cap_frootid=0OUID="root" OGID="root"
type=PATH msg=audit(1768177745.684:1778): item=1 name="/lib64/ld-linux-x86-64.so.2" inode=1481429 dev=08:02 mode=0100755 ouid=0 ogid=0 rdev=00:00 nametype=NORMAL cap_fp=0 cap_fi=0 cap_fe=0 cap_fver=0 cap_frootid=0OUID="root" OGID="root"
type=PROCTITLE msg=audit(1768177745.684:1778): proctitle=76696D002F6574632F617061636865322F73697465732D656E61626C65642F6E657874636C6F75642E636F6E66
type=SYSCALL msg=audit(1768177745.820:1779): arch=c000003e syscall=87 success=yes exit=0 a0=56e9323eb580 a1=7ffe5f028780 a2=5 a3=180 items=2 ppid=1417 pid=1418 auid=1000 uid=0 gid=0 euid=0 suid=0 fsuid=0 egid=0 sgid=0 fsgid=0 tty=pts2 ses=3 comm="vim" exe="/usr/bin/vim.basic" subj=unconfined key="T1107_File_Deletion"ARCH=x86_64 SYSCALL=unlink AUID="vboxuser" UID="root" GID="root" EUID="root" SUID="root" FSUID="root" EGID="root" SGID="root" FSGID="root"
type=PATH msg=audit(1768177745.820:1779): item=0 name="/etc/apache2/sites-enabled/" inode=1050472 dev=08:02 mode=040755 ouid=0 ogid=0 rdev=00:00 nametype=PARENT cap_fp=0 cap_fi=0 cap_fe=0 cap_fver=0 cap_frootid=0OUID="root" OGID="root"
type=PATH msg=audit(1768177745.820:1779): item=1 name="/etc/apache2/sites-enabled/.nextcloud.conf.swx" inode=1051118 dev=08:02 mode=0100600 ouid=0 ogid=0 rdev=00:00 nametype=DELETE cap_fp=0 cap_fi=0 cap_fe=0 cap_fver=0 cap_frootid=0OUID="root" OGID="root"
type=PROCTITLE msg=audit(1768177745.820:1779): proctitle=76696D002F6574632F617061636865322F73697465732D656E61626C65642F6E657874636C6F75642E636F6E66
type=SYSCALL msg=audit(1768177745.820:1780): arch=c000003e syscall=87 success=yes exit=0 a0=56e9323eb5c0 a1=7ffe5f028780 a2=5 a3=180 items=2 ppid=1417 pid=1418 auid=1000 uid=0 gid=0 euid=0 suid=0 fsuid=0 egid=0 sgid=0 fsgid=0 tty=pts2 ses=3 comm="vim" exe="/usr/bin/vim.basic" subj=unconfined key="T1107_File_Deletion"ARCH=x86_64 SYSCALL=unlink AUID="vboxuser" UID="root" GID="root" EUID="root" SUID="root" FSUID="root" EGID="root" SGID="root" FSGID="root"
type=PATH msg=audit(1768177745.820:1780): item=0 name="/etc/apache2/sites-enabled/" inode=1050472 dev=08:02 mode=040755 ouid=0 ogid=0 rdev=00:00 nametype=PARENT cap_fp=0 cap_fi=0 cap_fe=0 cap_fver=0 cap_frootid=0OUID="root" OGID="root"
type=PATH msg=audit(1768177745.820:1780): item=1 name="/etc/apache2/sites-enabled/.nextcloud.conf.swp" inode=1050794 dev=08:02 mode=0100600 ouid=0 ogid=0 rdev=00:00 nametype=DELETE cap_fp=0 cap_fi=0 cap_fe=0 cap_fver=0 cap_frootid=0OUID="root" OGID="root"
type=PROCTITLE msg=audit(1768177745.820:1780): proctitle=76696D002F6574632F617061636865322F73697465732D656E61626C65642F6E657874636C6F75642E636F6E66
type=SYSCALL msg=audit(1768177745.820:1781): arch=c000003e syscall=90 success=yes exit=0 a0=56e9323eb5c0 a1=1a4 a2=0 a3=56e8f411fc60 items=1 ppid=1417 pid=1418 auid=1000 uid=0 gid=0 euid=0 suid=0 fsuid=0 egid=0 sgid=0 fsgid=0 tty=pts2 ses=3 comm="vim" exe="/usr/bin/vim.basic" subj=unconfined key="T1166_Seuid_and_Setgid"ARCH=x86_64 SYSCALL=chmod AUID="vboxuser" UID="root" GID="root" EUID="root" SUID="root" FSUID="root" EGID="root" SGID="root" FSGID="root"
type=PATH msg=audit(1768177745.820:1781): item=0 name="/etc/apache2/sites-enabled/.nextcloud.conf.swp" inode=1050794 dev=08:02 mode=0100600 ouid=0 ogid=0 rdev=00:00 nametype=NORMAL cap_fp=0 cap_fi=0 cap_fe=0 cap_fver=0 cap_frootid=0OUID="root" OGID="root"
type=PROCTITLE msg=audit(1768177745.820:1781): proctitle=76696D002F6574632F617061636865322F73697465732D656E61626C65642F6E657874636C6F75642E636F6E66
type=SYSCALL msg=audit(1768177750.764:1782): arch=c000003e syscall=93 success=yes exit=0 a0=3 a1=0 a2=0 a3=81a4 items=1 ppid=1417 pid=1418 auid=1000 uid=0 gid=0 euid=0 suid=0 fsuid=0 egid=0 sgid=0 fsgid=0 tty=pts2 ses=3 comm="vim" exe="/usr/bin/vim.basic" subj=unconfined key="T1166_Seuid_and_Setgid"ARCH=x86_64 SYSCALL=fchown AUID="vboxuser" UID="root" GID="root" EUID="root" SUID="root" FSUID="root" EGID="root" SGID="root" FSGID="root"
type=PATH msg=audit(1768177750.764:1782): item=0 name=(null) inode=1051118 dev=08:02 mode=0100644 ouid=0 ogid=0 rdev=00:00 nametype=NORMAL cap_fp=0 cap_fi=0 cap_fe=0 cap_fver=0 cap_frootid=0OUID="root" OGID="root"
type=PROCTITLE msg=audit(1768177750.764:1782): proctitle=76696D002F6574632F617061636865322F73697465732D656E61626C65642F6E657874636C6F75642E636F6E66
type=SYSCALL msg=audit(1768177750.764:1783): arch=c000003e syscall=87 success=yes exit=0 a0=56e9320b7420 a1=0 a2=0 a3=0 items=2 ppid=1417 pid=1418 auid=1000 uid=0 gid=0 euid=0 suid=0 fsuid=0 egid=0 sgid=0 fsgid=0 tty=pts2 ses=3 comm="vim" exe="/usr/bin/vim.basic" subj=unconfined key="T1107_File_Deletion"ARCH=x86_64 SYSCALL=unlink AUID="vboxuser" UID="root" GID="root" EUID="root" SUID="root" FSUID="root" EGID="root" SGID="root" FSGID="root"
type=PATH msg=audit(1768177750.764:1783): item=0 name="/etc/apache2/sites-enabled/" inode=1050472 dev=08:02 mode=040755 ouid=0 ogid=0 rdev=00:00 nametype=PARENT cap_fp=0 cap_fi=0 cap_fe=0 cap_fver=0 cap_frootid=0OUID="root" OGID="root"
type=PATH msg=audit(1768177750.764:1783): item=1 name="/etc/apache2/sites-enabled/4913" inode=1051118 dev=08:02 mode=0100644 ouid=0 ogid=0 rdev=00:00 nametype=DELETE cap_fp=0 cap_fi=0 cap_fe=0 cap_fver=0 cap_frootid=0OUID="root" OGID="root"
type=PROCTITLE msg=audit(1768177750.764:1783): proctitle=76696D002F6574632F617061636865322F73697465732D656E61626C65642F6E657874636C6F75642E636F6E66
type=SYSCALL msg=audit(1768177750.764:1784): arch=c000003e syscall=87 success=no exit=-2 a0=56e9323c3ff0 a1=56e9323c3ff0 a2=fffffffffffffc58 a3=0 items=1 ppid=1417 pid=1418 auid=1000 uid=0 gid=0 euid=0 suid=0 fsuid=0 egid=0 sgid=0 fsgid=0 tty=pts2 ses=3 comm="vim" exe="/usr/bin/vim.basic" subj=unconfined key="T1107_File_Deletion"ARCH=x86_64 SYSCALL=unlink AUID="vboxuser" UID="root" GID="root" EUID="root" SUID="root" FSUID="root" EGID="root" SGID="root" FSGID="root"
type=PATH msg=audit(1768177750.764:1784): item=0 name="/etc/apache2/sites-enabled/" inode=1050472 dev=08:02 mode=040755 ouid=0 ogid=0 rdev=00:00 nametype=PARENT cap_fp=0 cap_fi=0 cap_fe=0 cap_fver=0 cap_frootid=0OUID="root" OGID="root"
type=PROCTITLE msg=audit(1768177750.764:1784): proctitle=76696D002F6574632F617061636865322F73697465732D656E61626C65642F6E657874636C6F75642E636F6E66
type=SYSCALL msg=audit(1768177750.764:1785): arch=c000003e syscall=82 success=yes exit=0 a0=56e9320c66d0 a1=56e9323c3ff0 a2=fffffffffffffc58 a3=0 items=4 ppid=1417 pid=1418 auid=1000 uid=0 gid=0 euid=0 suid=0 fsuid=0 egid=0 sgid=0 fsgid=0 tty=pts2 ses=3 comm="vim" exe="/usr/bin/vim.basic" subj=unconfined key="T1107_File_Deletion"ARCH=x86_64 SYSCALL=rename AUID="vboxuser" UID="root" GID="root" EUID="root" SUID="root" FSUID="root" EGID="root" SGID="root" FSGID="root"
type=PATH msg=audit(1768177750.764:1785): item=0 name="/etc/apache2/sites-enabled/" inode=1050472 dev=08:02 mode=040755 ouid=0 ogid=0 rdev=00:00 nametype=PARENT cap_fp=0 cap_fi=0 cap_fe=0 cap_fver=0 cap_frootid=0OUID="root" OGID="root"
type=PATH msg=audit(1768177750.764:1785): item=1 name="/etc/apache2/sites-enabled/" inode=1050472 dev=08:02 mode=040755 ouid=0 ogid=0 rdev=00:00 nametype=PARENT cap_fp=0 cap_fi=0 cap_fe=0 cap_fver=0 cap_frootid=0OUID="root" OGID="root"
type=PATH msg=audit(1768177750.764:1785): item=2 name="/etc/apache2/sites-enabled/nextcloud.conf" inode=1049747 dev=08:02 mode=0100644 ouid=0 ogid=0 rdev=00:00 nametype=DELETE cap_fp=0 cap_fi=0 cap_fe=0 cap_fver=0 cap_frootid=0OUID="root" OGID="root"
type=PATH msg=audit(1768177750.764:1785): item=3 name="/etc/apache2/sites-enabled/nextcloud.conf~" inode=1049747 dev=08:02 mode=0100644 ouid=0 ogid=0 rdev=00:00 nametype=CREATE cap_fp=0 cap_fi=0 cap_fe=0 cap_fver=0 cap_frootid=0OUID="root" OGID="root"
type=PROCTITLE msg=audit(1768177750.764:1785): proctitle=76696D002F6574632F617061636865322F73697465732D656E61626C65642F6E657874636C6F75642E636F6E66
type=SYSCALL msg=audit(1768177750.774:1786): arch=c000003e syscall=91 success=yes exit=0 a0=3 a1=81a4 a2=7ffe5f028230 a3=0 items=1 ppid=1417 pid=1418 auid=1000 uid=0 gid=0 euid=0 suid=0 fsuid=0 egid=0 sgid=0 fsgid=0 tty=pts2 ses=3 comm="vim" exe="/usr/bin/vim.basic" subj=unconfined key="T1166_Seuid_and_Setgid"ARCH=x86_64 SYSCALL=fchmod AUID="vboxuser" UID="root" GID="root" EUID="root" SUID="root" FSUID="root" EGID="root" SGID="root" FSGID="root"
type=PATH msg=audit(1768177750.774:1786): item=0 name=(null) inode=1051118 dev=08:02 mode=0100644 ouid=0 ogid=0 rdev=00:00 nametype=NORMAL cap_fp=0 cap_fi=0 cap_fe=0 cap_fver=0 cap_frootid=0OUID="root" OGID="root"
type=PROCTITLE msg=audit(1768177750.774:1786): proctitle=76696D002F6574632F617061636865322F73697465732D656E61626C65642F6E657874636C6F75642E636F6E66
type=SYSCALL msg=audit(1768177750.774:1787): arch=c000003e syscall=188 success=yes exit=0 a0=56e9320c66d0 a1=7569d8e93000 a2=56e9320dfb60 a3=1c items=1 ppid=1417 pid=1418 auid=1000 uid=0 gid=0 euid=0 suid=0 fsuid=0 egid=0 sgid=0 fsgid=0 tty=pts2 ses=3 comm="vim" exe="/usr/bin/vim.basic" subj=unconfined key="T1166_Seuid_and_Setgid"ARCH=x86_64 SYSCALL=setxattr AUID="vboxuser" UID="root" GID="root" EUID="root" SUID="root" FSUID="root" EGID="root" SGID="root" FSGID="root"
type=PATH msg=audit(1768177750.774:1787): item=0 name="/etc/apache2/sites-enabled/nextcloud.conf" inode=1051118 dev=08:02 mode=0100644 ouid=0 ogid=0 rdev=00:00 nametype=NORMAL cap_fp=0 cap_fi=0 cap_fe=0 cap_fver=0 cap_frootid=0OUID="root" OGID="root"
type=PROCTITLE msg=audit(1768177750.774:1787): proctitle=76696D002F6574632F617061636865322F73697465732D656E61626C65642F6E657874636C6F75642E636F6E66
type=SYSCALL msg=audit(1768177750.774:1788): arch=c000003e syscall=87 success=yes exit=0 a0=56e9323c3ff0 a1=382d6674 a2=56e8f4076b7d a3=0 items=2 ppid=1417 pid=1418 auid=1000 uid=0 gid=0 euid=0 suid=0 fsuid=0 egid=0 sgid=0 fsgid=0 tty=pts2 ses=3 comm="vim" exe="/usr/bin/vim.basic" subj=unconfined key="T1107_File_Deletion"ARCH=x86_64 SYSCALL=unlink AUID="vboxuser" UID="root" GID="root" EUID="root" SUID="root" FSUID="root" EGID="root" SGID="root" FSGID="root"
type=PATH msg=audit(1768177750.774:1788): item=0 name="/etc/apache2/sites-enabled/" inode=1050472 dev=08:02 mode=040755 ouid=0 ogid=0 rdev=00:00 nametype=PARENT cap_fp=0 cap_fi=0 cap_fe=0 cap_fver=0 cap_frootid=0OUID="root" OGID="root"
type=PATH msg=audit(1768177750.774:1788): item=1 name="/etc/apache2/sites-enabled/nextcloud.conf~" inode=1049747 dev=08:02 mode=0100644 ouid=0 ogid=0 rdev=00:00 nametype=DELETE cap_fp=0 cap_fi=0 cap_fe=0 cap_fver=0 cap_frootid=0OUID="root" OGID="root"
type=PROCTITLE msg=audit(1768177750.774:1788): proctitle=76696D002F6574632F617061636865322F73697465732D656E61626C65642F6E657874636C6F75642E636F6E66
type=SYSCALL msg=audit(1768177750.774:1789): arch=c000003e syscall=87 success=yes exit=0 a0=56e9320e5100 a1=56e9320e5100 a2=7ffe5f027610 a3=0 items=2 ppid=1417 pid=1418 auid=1000 uid=0 gid=0 euid=0 suid=0 fsuid=0 egid=0 sgid=0 fsgid=0 tty=pts2 ses=3 comm="vim" exe="/usr/bin/vim.basic" subj=unconfined key="T1107_File_Deletion"ARCH=x86_64 SYSCALL=unlink AUID="vboxuser" UID="root" GID="root" EUID="root" SUID="root" FSUID="root" EGID="root" SGID="root" FSGID="root"
type=PATH msg=audit(1768177750.774:1789): item=0 name="/root/" inode=1048578 dev=08:02 mode=040700 ouid=0 ogid=0 rdev=00:00 nametype=PARENT cap_fp=0 cap_fi=0 cap_fe=0 cap_fver=0 cap_frootid=0OUID="root" OGID="root"
type=PATH msg=audit(1768177750.774:1789): item=1 name="/root/.viminfo" inode=1051134 dev=08:02 mode=0100600 ouid=0 ogid=0 rdev=00:00 nametype=DELETE cap_fp=0 cap_fi=0 cap_fe=0 cap_fver=0 cap_frootid=0OUID="root" OGID="root"
type=PROCTITLE msg=audit(1768177750.774:1789): proctitle=76696D002F6574632F617061636865322F73697465732D656E61626C65642F6E657874636C6F75642E636F6E66
type=SYSCALL msg=audit(1768177750.774:1790): arch=c000003e syscall=82 success=yes exit=0 a0=56e9323c3c70 a1=56e9320e5100 a2=7ffe5f027610 a3=0 items=4 ppid=1417 pid=1418 auid=1000 uid=0 gid=0 euid=0 suid=0 fsuid=0 egid=0 sgid=0 fsgid=0 tty=pts2 ses=3 comm="vim" exe="/usr/bin/vim.basic" subj=unconfined key="T1107_File_Deletion"ARCH=x86_64 SYSCALL=rename AUID="vboxuser" UID="root" GID="root" EUID="root" SUID="root" FSUID="root" EGID="root" SGID="root" FSGID="root"
type=PATH msg=audit(1768177750.774:1790): item=0 name="/root/" inode=1048578 dev=08:02 mode=040700 ouid=0 ogid=0 rdev=00:00 nametype=PARENT cap_fp=0 cap_fi=0 cap_fe=0 cap_fver=0 cap_frootid=0OUID="root" OGID="root"
type=PATH msg=audit(1768177750.774:1790): item=1 name="/root/" inode=1048578 dev=08:02 mode=040700 ouid=0 ogid=0 rdev=00:00 nametype=PARENT cap_fp=0 cap_fi=0 cap_fe=0 cap_fver=0 cap_frootid=0OUID="root" OGID="root"
type=PATH msg=audit(1768177750.774:1790): item=2 name="/root/.viminfo.tmp" inode=1049747 dev=08:02 mode=0100600 ouid=0 ogid=0 rdev=00:00 nametype=DELETE cap_fp=0 cap_fi=0 cap_fe=0 cap_fver=0 cap_frootid=0OUID="root" OGID="root"
type=PATH msg=audit(1768177750.774:1790): item=3 name="/root/.viminfo" inode=1049747 dev=08:02 mode=0100600 ouid=0 ogid=0 rdev=00:00 nametype=CREATE cap_fp=0 cap_fi=0 cap_fe=0 cap_fver=0 cap_frootid=0OUID="root" OGID="root"
type=PROCTITLE msg=audit(1768177750.774:1790): proctitle=76696D002F6574632F617061636865322F73697465732D656E61626C65642F6E657874636C6F75642E636F6E66
type=SYSCALL msg=audit(1768177750.777:1791): arch=c000003e syscall=87 success=yes exit=0 a0=56e9323eb580 a1=0 a2=0 a3=0 items=2 ppid=1417 pid=1418 auid=1000 uid=0 gid=0 euid=0 suid=0 fsuid=0 egid=0 sgid=0 fsgid=0 tty=pts2 ses=3 comm="vim" exe="/usr/bin/vim.basic" subj=unconfined key="T1107_File_Deletion"ARCH=x86_64 SYSCALL=unlink AUID="vboxuser" UID="root" GID="root" EUID="root" SUID="root" FSUID="root" EGID="root" SGID="root" FSGID="root"
type=PATH msg=audit(1768177750.777:1791): item=0 name="/etc/apache2/sites-enabled/" inode=1050472 dev=08:02 mode=040755 ouid=0 ogid=0 rdev=00:00 nametype=PARENT cap_fp=0 cap_fi=0 cap_fe=0 cap_fver=0 cap_frootid=0OUID="root" OGID="root"
type=PATH msg=audit(1768177750.777:1791): item=1 name="/etc/apache2/sites-enabled/.nextcloud.conf.swp" inode=1050794 dev=08:02 mode=0100644 ouid=0 ogid=0 rdev=00:00 nametype=DELETE cap_fp=0 cap_fi=0 cap_fe=0 cap_fver=0 cap_frootid=0OUID="root" OGID="root"
type=PROCTITLE msg=audit(1768177750.777:1791): proctitle=76696D002F6574632F617061636865322F73697465732D656E61626C65642F6E657874636C6F75642E636F6E66
type=SYSCALL msg=audit(1768177750.788:1792): arch=c000003e syscall=257 success=yes exit=10 a0=ffffff9c a1=7a277e1d46b0 a2=80002 a3=0 items=1 ppid=1397 pid=1416 auid=1000 uid=0 gid=0 euid=0 suid=0 fsuid=0 egid=0 sgid=0 fsgid=0 tty=pts1 ses=3 comm="sudo" exe="/usr/bin/sudo" subj=unconfined key="T1108_Redundant_Access"ARCH=x86_64 SYSCALL=openat AUID="vboxuser" UID="root" GID="root" EUID="root" SUID="root" FSUID="root" EGID="root" SGID="root" FSGID="root"
type=PATH msg=audit(1768177750.788:1792): item=0 name="/var/run/utmp" inode=622 dev=00:18 mode=0100664 ouid=0 ogid=43 rdev=00:00 nametype=NORMAL cap_fp=0 cap_fi=0 cap_fe=0 cap_fver=0 cap_frootid=0OUID="root" OGID="utmp"
type=PROCTITLE msg=audit(1768177750.788:1792): proctitle=7375646F0076696D002F6574632F617061636865322F73697465732D656E61626C65642F6E657874636C6F75642E636F6E66
type=USER_END msg=audit(1768177750.789:1793): pid=1416 uid=0 auid=1000 ses=3 subj=unconfined msg='op=PAM:session_close grantors=pam_limits,pam_env,pam_env,pam_permit,pam_umask,pam_unix acct="root" exe="/usr/bin/sudo" hostname=? addr=? terminal=/dev/pts/1 res=success'UID="root" AUID="vboxuser"
type=CRED_DISP msg=audit(1768177750.789:1794): pid=1416 uid=0 auid=1000 ses=3 subj=unconfined msg='op=PAM:setcred grantors=pam_permit acct="root" exe="/usr/bin/sudo" hostname=? addr=? terminal=/dev/pts/1 res=success'UID="root" AUID="vboxuser"
type=SYSCALL msg=audit(1768177760.226:1795): arch=c000003e syscall=59 success=yes exit=0 a0=587eb35a4f60 a1=587eb35a4e20 a2=587eb345ecc0 a3=587eb35a4e20 items=3 ppid=1397 pid=1420 auid=1000 uid=0 gid=0 euid=0 suid=0 fsuid=0 egid=0 sgid=0 fsgid=0 tty=pts1 ses=3 comm="apachectl" exe="/usr/bin/dash" subj=unconfined key="T1078_Valid_Accounts"ARCH=x86_64 SYSCALL=execve AUID="vboxuser" UID="root" GID="root" EUID="root" SUID="root" FSUID="root" EGID="root" SGID="root" FSGID="root"
type=EXECVE msg=audit(1768177760.226:1795): argc=3 a0="/bin/sh" a1="/usr/sbin/apachectl" a2="configtest"
type=PATH msg=audit(1768177760.226:1795): item=0 name="/usr/sbin/apachectl" inode=1479339 dev=08:02 mode=0100755 ouid=0 ogid=0 rdev=00:00 nametype=NORMAL cap_fp=0 cap_fi=0 cap_fe=0 cap_fver=0 cap_frootid=0OUID="root" OGID="root"
type=PATH msg=audit(1768177760.226:1795): item=1 name="/bin/sh" inode=1442345 dev=08:02 mode=0100755 ouid=0 ogid=0 rdev=00:00 nametype=NORMAL cap_fp=0 cap_fi=0 cap_fe=0 cap_fver=0 cap_frootid=0OUID="root" OGID="root"
type=PATH msg=audit(1768177760.226:1795): item=2 name="/lib64/ld-linux-x86-64.so.2" inode=1481429 dev=08:02 mode=0100755 ouid=0 ogid=0 rdev=00:00 nametype=NORMAL cap_fp=0 cap_fi=0 cap_fe=0 cap_fver=0 cap_frootid=0OUID="root" OGID="root"
type=PROCTITLE msg=audit(1768177760.226:1795): proctitle=2F62696E2F7368002F7573722F7362696E2F61706163686563746C00636F6E66696774657374
type=SYSCALL msg=audit(1768177760.258:1796): arch=c000003e syscall=59 success=yes exit=0 a0=5e11280a4f38 a1=5e11280a6db0 a2=5e11280a4e58 a3=5e11280a6be0 items=2 ppid=1420 pid=1421 auid=1000 uid=0 gid=0 euid=0 suid=0 fsuid=0 egid=0 sgid=0 fsgid=0 tty=pts1 ses=3 comm="id" exe="/usr/bin/id" subj=unconfined key="T1078_Valid_Accounts"ARCH=x86_64 SYSCALL=execve AUID="vboxuser" UID="root" GID="root" EUID="root" SUID="root" FSUID="root" EGID="root" SGID="root" FSGID="root"
type=EXECVE msg=audit(1768177760.258:1796): argc=2 a0="id" a1="-u"
type=PATH msg=audit(1768177760.258:1796): item=0 name="/usr/bin/id" inode=1442474 dev=08:02 mode=0100755 ouid=0 ogid=0 rdev=00:00 nametype=NORMAL cap_fp=0 cap_fi=0 cap_fe=0 cap_fver=0 cap_frootid=0OUID="root" OGID="root"
type=PATH msg=audit(1768177760.258:1796): item=1 name="/lib64/ld-linux-x86-64.so.2" inode=1481429 dev=08:02 mode=0100755 ouid=0 ogid=0 rdev=00:00 nametype=NORMAL cap_fp=0 cap_fi=0 cap_fe=0 cap_fver=0 cap_frootid=0OUID="root" OGID="root"
type=PROCTITLE msg=audit(1768177760.258:1796): proctitle=6964002D75
type=SYSCALL msg=audit(1768177760.266:1797): arch=c000003e syscall=59 success=yes exit=0 a0=5e11280a6b50 a1=5e11280a8450 a2=5e11280a8468 a3=8 items=2 ppid=1420 pid=1422 auid=1000 uid=0 gid=0 euid=0 suid=0 fsuid=0 egid=0 sgid=0 fsgid=0 tty=pts1 ses=3 comm="apache2" exe="/usr/sbin/apache2" subj=unconfined key="T1078_Valid_Accounts"ARCH=x86_64 SYSCALL=execve AUID="vboxuser" UID="root" GID="root" EUID="root" SUID="root" FSUID="root" EGID="root" SGID="root" FSGID="root"
type=EXECVE msg=audit(1768177760.266:1797): argc=2 a0="/usr/sbin/apache2" a1="-t"
type=PATH msg=audit(1768177760.266:1797): item=0 name="/usr/sbin/apache2" inode=1457163 dev=08:02 mode=0100755 ouid=0 ogid=0 rdev=00:00 nametype=NORMAL cap_fp=0 cap_fi=0 cap_fe=0 cap_fver=0 cap_frootid=0OUID="root" OGID="root"
type=PATH msg=audit(1768177760.266:1797): item=1 name="/lib64/ld-linux-x86-64.so.2" inode=1481429 dev=08:02 mode=0100755 ouid=0 ogid=0 rdev=00:00 nametype=NORMAL cap_fp=0 cap_fi=0 cap_fe=0 cap_fver=0 cap_frootid=0OUID="root" OGID="root"
type=PROCTITLE msg=audit(1768177760.266:1797): proctitle=2F7573722F7362696E2F61706163686532002D74
type=SYSCALL msg=audit(1768177760.281:1798): arch=c000003e syscall=42 success=yes exit=0 a0=3 a1=58208e65bc30 a2=1c a3=0 items=0 ppid=1420 pid=1422 auid=1000 uid=0 gid=0 euid=0 suid=0 fsuid=0 egid=0 sgid=0 fsgid=0 tty=pts1 ses=3 comm="apache2" exe="/usr/sbin/apache2" subj=unconfined key="T1043_Commonly_Used_Port"ARCH=x86_64 SYSCALL=connect AUID="vboxuser" UID="root" GID="root" EUID="root" SUID="root" FSUID="root" EGID="root" SGID="root" FSGID="root"
type=SOCKADDR msg=audit(1768177760.281:1798): saddr=0A000000000000000000000000000000000000000000000000000000SADDR={ saddr_fam=inet6 laddr=:: lport=0 }
type=PROCTITLE msg=audit(1768177760.281:1798): proctitle=2F7573722F7362696E2F61706163686532002D74
type=SYSCALL msg=audit(1768177760.286:1799): arch=c000003e syscall=42 success=yes exit=0 a0=3 a1=7ffd69366810 a2=10 a3=0 items=0 ppid=1420 pid=1422 auid=1000 uid=0 gid=0 euid=0 suid=0 fsuid=0 egid=0 sgid=0 fsgid=0 tty=pts1 ses=3 comm="apache2" exe="/usr/sbin/apache2" subj=unconfined key="T1043_Commonly_Used_Port"ARCH=x86_64 SYSCALL=connect AUID="vboxuser" UID="root" GID="root" EUID="root" SUID="root" FSUID="root" EGID="root" SGID="root" FSGID="root"
type=SOCKADDR msg=audit(1768177760.286:1799): saddr=00000000000000000000000000000000SADDR=unknown-family(0)
type=PROCTITLE msg=audit(1768177760.286:1799): proctitle=2F7573722F7362696E2F61706163686532002D74
type=SYSCALL msg=audit(1768177760.286:1800): arch=c000003e syscall=42 success=yes exit=0 a0=3 a1=58208e65bc90 a2=10 a3=0 items=0 ppid=1420 pid=1422 auid=1000 uid=0 gid=0 euid=0 suid=0 fsuid=0 egid=0 sgid=0 fsgid=0 tty=pts1 ses=3 comm="apache2" exe="/usr/sbin/apache2" subj=unconfined key="T1043_Commonly_Used_Port"ARCH=x86_64 SYSCALL=connect AUID="vboxuser" UID="root" GID="root" EUID="root" SUID="root" FSUID="root" EGID="root" SGID="root" FSGID="root"
type=SOCKADDR msg=audit(1768177760.286:1800): saddr=02000000000000000000000000000000SADDR={ saddr_fam=inet laddr=0.0.0.0 lport=0 }
type=PROCTITLE msg=audit(1768177760.286:1800): proctitle=2F7573722F7362696E2F61706163686532002D74
type=SYSCALL msg=audit(1768177760.297:1801): arch=c000003e syscall=42 success=yes exit=0 a0=3 a1=58208e680030 a2=1c a3=0 items=0 ppid=1420 pid=1422 auid=1000 uid=0 gid=0 euid=0 suid=0 fsuid=0 egid=0 sgid=0 fsgid=0 tty=pts1 ses=3 comm="apache2" exe="/usr/sbin/apache2" subj=unconfined key="T1043_Commonly_Used_Port"ARCH=x86_64 SYSCALL=connect AUID="vboxuser" UID="root" GID="root" EUID="root" SUID="root" FSUID="root" EGID="root" SGID="root" FSGID="root"
type=SOCKADDR msg=audit(1768177760.297:1801): saddr=0A000050000000000000000000000000000000000000000000000000SADDR={ saddr_fam=inet6 laddr=:: lport=80 }
type=PROCTITLE msg=audit(1768177760.297:1801): proctitle=2F7573722F7362696E2F61706163686532002D74
type=SYSCALL msg=audit(1768177760.301:1802): arch=c000003e syscall=42 success=yes exit=0 a0=3 a1=7ffd693664a0 a2=10 a3=0 items=0 ppid=1420 pid=1422 auid=1000 uid=0 gid=0 euid=0 suid=0 fsuid=0 egid=0 sgid=0 fsgid=0 tty=pts1 ses=3 comm="apache2" exe="/usr/sbin/apache2" subj=unconfined key="T1043_Commonly_Used_Port"ARCH=x86_64 SYSCALL=connect AUID="vboxuser" UID="root" GID="root" EUID="root" SUID="root" FSUID="root" EGID="root" SGID="root" FSGID="root"
type=SOCKADDR msg=audit(1768177760.301:1802): saddr=00000000000000000000000000000000SADDR=unknown-family(0)
type=PROCTITLE msg=audit(1768177760.301:1802): proctitle=2F7573722F7362696E2F61706163686532002D74
type=SYSCALL msg=audit(1768177760.301:1803): arch=c000003e syscall=42 success=yes exit=0 a0=3 a1=58208e67f770 a2=10 a3=0 items=0 ppid=1420 pid=1422 auid=1000 uid=0 gid=0 euid=0 suid=0 fsuid=0 egid=0 sgid=0 fsgid=0 tty=pts1 ses=3 comm="apache2" exe="/usr/sbin/apache2" subj=unconfined key="T1043_Commonly_Used_Port"ARCH=x86_64 SYSCALL=connect AUID="vboxuser" UID="root" GID="root" EUID="root" SUID="root" FSUID="root" EGID="root" SGID="root" FSGID="root"
type=SOCKADDR msg=audit(1768177760.301:1803): saddr=02000050000000000000000000000000SADDR={ saddr_fam=inet laddr=0.0.0.0 lport=80 }
type=PROCTITLE msg=audit(1768177760.301:1803): proctitle=2F7573722F7362696E2F61706163686532002D74
type=SYSCALL msg=audit(1768177760.301:1804): arch=c000003e syscall=42 success=yes exit=0 a0=5 a1=58208e680030 a2=1c a3=0 items=0 ppid=1420 pid=1422 auid=1000 uid=0 gid=0 euid=0 suid=0 fsuid=0 egid=0 sgid=0 fsgid=0 tty=pts1 ses=3 comm="apache2" exe="/usr/sbin/apache2" subj=unconfined key="T1043_Commonly_Used_Port"ARCH=x86_64 SYSCALL=connect AUID="vboxuser" UID="root" GID="root" EUID="root" SUID="root" FSUID="root" EGID="root" SGID="root" FSGID="root"
type=SOCKADDR msg=audit(1768177760.301:1804): saddr=0A000050000000000000000000000000000000000000000000000000SADDR={ saddr_fam=inet6 laddr=:: lport=80 }
type=PROCTITLE msg=audit(1768177760.301:1804): proctitle=2F7573722F7362696E2F61706163686532002D74
type=SYSCALL msg=audit(1768177760.301:1805): arch=c000003e syscall=42 success=yes exit=0 a0=5 a1=7ffd69366440 a2=10 a3=0 items=0 ppid=1420 pid=1422 auid=1000 uid=0 gid=0 euid=0 suid=0 fsuid=0 egid=0 sgid=0 fsgid=0 tty=pts1 ses=3 comm="apache2" exe="/usr/sbin/apache2" subj=unconfined key="T1043_Commonly_Used_Port"ARCH=x86_64 SYSCALL=connect AUID="vboxuser" UID="root" GID="root" EUID="root" SUID="root" FSUID="root" EGID="root" SGID="root" FSGID="root"
type=SOCKADDR msg=audit(1768177760.301:1805): saddr=00000000000000000000000000000000SADDR=unknown-family(0)
type=PROCTITLE msg=audit(1768177760.301:1805): proctitle=2F7573722F7362696E2F61706163686532002D74
type=SYSCALL msg=audit(1768177760.301:1806): arch=c000003e syscall=42 success=yes exit=0 a0=5 a1=58208e67f770 a2=10 a3=0 items=0 ppid=1420 pid=1422 auid=1000 uid=0 gid=0 euid=0 suid=0 fsuid=0 egid=0 sgid=0 fsgid=0 tty=pts1 ses=3 comm="apache2" exe="/usr/sbin/apache2" subj=unconfined key="T1043_Commonly_Used_Port"ARCH=x86_64 SYSCALL=connect AUID="vboxuser" UID="root" GID="root" EUID="root" SUID="root" FSUID="root" EGID="root" SGID="root" FSGID="root"
type=SOCKADDR msg=audit(1768177760.301:1806): saddr=02000050000000000000000000000000SADDR={ saddr_fam=inet laddr=0.0.0.0 lport=80 }
type=PROCTITLE msg=audit(1768177760.301:1806): proctitle=2F7573722F7362696E2F61706163686532002D74
type=SYSCALL msg=audit(1768177760.301:1807): arch=c000003e syscall=42 success=yes exit=0 a0=5 a1=754922c0b694 a2=10 a3=7ffd69363fa4 items=0 ppid=1420 pid=1422 auid=1000 uid=0 gid=0 euid=0 suid=0 fsuid=0 egid=0 sgid=0 fsgid=0 tty=pts1 ses=3 comm="apache2" exe="/usr/sbin/apache2" subj=unconfined key="T1043_Commonly_Used_Port"ARCH=x86_64 SYSCALL=connect AUID="vboxuser" UID="root" GID="root" EUID="root" SUID="root" FSUID="root" EGID="root" SGID="root" FSGID="root"
type=SOCKADDR msg=audit(1768177760.301:1807): saddr=020000357F0000350000000000000000SADDR={ saddr_fam=inet laddr=127.0.0.53 lport=53 }
type=PROCTITLE msg=audit(1768177760.301:1807): proctitle=2F7573722F7362696E2F61706163686532002D74
type=SYSCALL msg=audit(1768177760.324:1808): arch=c000003e syscall=42 success=yes exit=0 a0=5 a1=754922c0b694 a2=10 a3=7ffd69363fa4 items=0 ppid=1420 pid=1422 auid=1000 uid=0 gid=0 euid=0 suid=0 fsuid=0 egid=0 sgid=0 fsgid=0 tty=pts1 ses=3 comm="apache2" exe="/usr/sbin/apache2" subj=unconfined key="T1043_Commonly_Used_Port"ARCH=x86_64 SYSCALL=connect AUID="vboxuser" UID="root" GID="root" EUID="root" SUID="root" FSUID="root" EGID="root" SGID="root" FSGID="root"
type=SOCKADDR msg=audit(1768177760.324:1808): saddr=020000357F0000350000000000000000SADDR={ saddr_fam=inet laddr=127.0.0.53 lport=53 }
type=PROCTITLE msg=audit(1768177760.324:1808): proctitle=2F7573722F7362696E2F61706163686532002D74
type=SYSCALL msg=audit(1768177760.326:1809): arch=c000003e syscall=42 success=yes exit=0 a0=5 a1=58208e67f770 a2=10 a3=0 items=0 ppid=1420 pid=1422 auid=1000 uid=0 gid=0 euid=0 suid=0 fsuid=0 egid=0 sgid=0 fsgid=0 tty=pts1 ses=3 comm="apache2" exe="/usr/sbin/apache2" subj=unconfined key="T1043_Commonly_Used_Port"ARCH=x86_64 SYSCALL=connect AUID="vboxuser" UID="root" GID="root" EUID="root" SUID="root" FSUID="root" EGID="root" SGID="root" FSGID="root"
type=SOCKADDR msg=audit(1768177760.326:1809): saddr=020000000A00020F0000000000000000SADDR={ saddr_fam=inet laddr=10.0.2.15 lport=0 }
type=PROCTITLE msg=audit(1768177760.326:1809): proctitle=2F7573722F7362696E2F61706163686532002D74
type=SYSCALL msg=audit(1768177760.326:1810): arch=c000003e syscall=42 success=yes exit=0 a0=5 a1=7ffd69365e90 a2=10 a3=0 items=0 ppid=1420 pid=1422 auid=1000 uid=0 gid=0 euid=0 suid=0 fsuid=0 egid=0 sgid=0 fsgid=0 tty=pts1 ses=3 comm="apache2" exe="/usr/sbin/apache2" subj=unconfined key="T1043_Commonly_Used_Port"ARCH=x86_64 SYSCALL=connect AUID="vboxuser" UID="root" GID="root" EUID="root" SUID="root" FSUID="root" EGID="root" SGID="root" FSGID="root"
type=SOCKADDR msg=audit(1768177760.326:1810): saddr=00000000000000000000000000000000SADDR=unknown-family(0)
type=PROCTITLE msg=audit(1768177760.326:1810): proctitle=2F7573722F7362696E2F61706163686532002D74
type=SYSCALL msg=audit(1768177760.326:1811): arch=c000003e syscall=42 success=yes exit=0 a0=5 a1=58208e65b640 a2=10 a3=0 items=0 ppid=1420 pid=1422 auid=1000 uid=0 gid=0 euid=0 suid=0 fsuid=0 egid=0 sgid=0 fsgid=0 tty=pts1 ses=3 comm="apache2" exe="/usr/sbin/apache2" subj=unconfined key="T1043_Commonly_Used_Port"ARCH=x86_64 SYSCALL=connect AUID="vboxuser" UID="root" GID="root" EUID="root" SUID="root" FSUID="root" EGID="root" SGID="root" FSGID="root"
type=SOCKADDR msg=audit(1768177760.326:1811): saddr=02000000C0A8386B0000000000000000SADDR={ saddr_fam=inet laddr=192.168.56.107 lport=0 }
type=PROCTITLE msg=audit(1768177760.326:1811): proctitle=2F7573722F7362696E2F61706163686532002D74
type=SYSCALL msg=audit(1768177760.326:1812): arch=c000003e syscall=42 success=yes exit=0 a0=5 a1=58208e680030 a2=1c a3=0 items=0 ppid=1420 pid=1422 auid=1000 uid=0 gid=0 euid=0 suid=0 fsuid=0 egid=0 sgid=0 fsgid=0 tty=pts1 ses=3 comm="apache2" exe="/usr/sbin/apache2" subj=unconfined key="T1043_Commonly_Used_Port"ARCH=x86_64 SYSCALL=connect AUID="vboxuser" UID="root" GID="root" EUID="root" SUID="root" FSUID="root" EGID="root" SGID="root" FSGID="root"
type=SOCKADDR msg=audit(1768177760.326:1812): saddr=0A00000000000000FD17625CF03700020A0027FFFE3F373900000000SADDR={ saddr_fam=inet6 laddr=fd17:625c:f037:2:a00:27ff:fe3f:3739 lport=0 }
type=PROCTITLE msg=audit(1768177760.326:1812): proctitle=2F7573722F7362696E2F61706163686532002D74
type=SYSCALL msg=audit(1768177760.326:1813): arch=c000003e syscall=42 success=yes exit=0 a0=5 a1=7ffd69365e90 a2=10 a3=0 items=0 ppid=1420 pid=1422 auid=1000 uid=0 gid=0 euid=0 suid=0 fsuid=0 egid=0 sgid=0 fsgid=0 tty=pts1 ses=3 comm="apache2" exe="/usr/sbin/apache2" subj=unconfined key="T1043_Commonly_Used_Port"ARCH=x86_64 SYSCALL=connect AUID="vboxuser" UID="root" GID="root" EUID="root" SUID="root" FSUID="root" EGID="root" SGID="root" FSGID="root"
type=SOCKADDR msg=audit(1768177760.326:1813): saddr=00000000000000000000000000000000SADDR=unknown-family(0)
type=PROCTITLE msg=audit(1768177760.326:1813): proctitle=2F7573722F7362696E2F61706163686532002D74
type=SYSCALL msg=audit(1768177760.326:1814): arch=c000003e syscall=42 success=no exit=-22 a0=5 a1=58208e65b690 a2=1c a3=0 items=0 ppid=1420 pid=1422 auid=1000 uid=0 gid=0 euid=0 suid=0 fsuid=0 egid=0 sgid=0 fsgid=0 tty=pts1 ses=3 comm="apache2" exe="/usr/sbin/apache2" subj=unconfined key="T1043_Commonly_Used_Port"ARCH=x86_64 SYSCALL=connect AUID="vboxuser" UID="root" GID="root" EUID="root" SUID="root" FSUID="root" EGID="root" SGID="root" FSGID="root"
type=SOCKADDR msg=audit(1768177760.326:1814): saddr=0A00000000000000FE800000000000000A0027FFFE3F373900000000SADDR={ saddr_fam=inet6 laddr=fe80::a00:27ff:fe3f:3739 lport=0 }
type=PROCTITLE msg=audit(1768177760.326:1814): proctitle=2F7573722F7362696E2F61706163686532002D74
type=SYSCALL msg=audit(1768177760.328:1815): arch=c000003e syscall=42 success=yes exit=0 a0=5 a1=7ffd69365e90 a2=10 a3=0 items=0 ppid=1420 pid=1422 auid=1000 uid=0 gid=0 euid=0 suid=0 fsuid=0 egid=0 sgid=0 fsgid=0 tty=pts1 ses=3 comm="apache2" exe="/usr/sbin/apache2" subj=unconfined key="T1043_Commonly_Used_Port"ARCH=x86_64 SYSCALL=connect AUID="vboxuser" UID="root" GID="root" EUID="root" SUID="root" FSUID="root" EGID="root" SGID="root" FSGID="root"
type=SOCKADDR msg=audit(1768177760.328:1815): saddr=00000000000000000000000000000000SADDR=unknown-family(0)
type=PROCTITLE msg=audit(1768177760.328:1815): proctitle=2F7573722F7362696E2F61706163686532002D74
type=SYSCALL msg=audit(1768177760.328:1816): arch=c000003e syscall=42 success=no exit=-22 a0=5 a1=58208e65b6f0 a2=1c a3=0 items=0 ppid=1420 pid=1422 auid=1000 uid=0 gid=0 euid=0 suid=0 fsuid=0 egid=0 sgid=0 fsgid=0 tty=pts1 ses=3 comm="apache2" exe="/usr/sbin/apache2" subj=unconfined key="T1043_Commonly_Used_Port"ARCH=x86_64 SYSCALL=connect AUID="vboxuser" UID="root" GID="root" EUID="root" SUID="root" FSUID="root" EGID="root" SGID="root" FSGID="root"
type=SOCKADDR msg=audit(1768177760.328:1816): saddr=0A00000000000000FE800000000000000A0027FFFE270D1D00000000SADDR={ saddr_fam=inet6 laddr=fe80::a00:27ff:fe27:d1d lport=0 }
type=PROCTITLE msg=audit(1768177760.328:1816): proctitle=2F7573722F7362696E2F61706163686532002D74
type=SYSCALL msg=audit(1768177760.328:1817): arch=c000003e syscall=42 success=yes exit=0 a0=5 a1=754922c0b694 a2=10 a3=7ffd693646b4 items=0 ppid=1420 pid=1422 auid=1000 uid=0 gid=0 euid=0 suid=0 fsuid=0 egid=0 sgid=0 fsgid=0 tty=pts1 ses=3 comm="apache2" exe="/usr/sbin/apache2" subj=unconfined key="T1043_Commonly_Used_Port"ARCH=x86_64 SYSCALL=connect AUID="vboxuser" UID="root" GID="root" EUID="root" SUID="root" FSUID="root" EGID="root" SGID="root" FSGID="root"
type=SOCKADDR msg=audit(1768177760.328:1817): saddr=020000357F0000350000000000000000SADDR={ saddr_fam=inet laddr=127.0.0.53 lport=53 }
type=PROCTITLE msg=audit(1768177760.328:1817): proctitle=2F7573722F7362696E2F61706163686532002D74
type=SYSCALL msg=audit(1768177769.147:1818): arch=c000003e syscall=59 success=yes exit=0 a0=587eb35a5010 a1=587eb35a5080 a2=587eb345ecc0 a3=587eb35a5080 items=2 ppid=1397 pid=1423 auid=1000 uid=0 gid=0 euid=0 suid=0 fsuid=0 egid=0 sgid=0 fsgid=0 tty=pts1 ses=3 comm="systemctl" exe="/usr/bin/systemctl" subj=unconfined key="T1078_Valid_Accounts"ARCH=x86_64 SYSCALL=execve AUID="vboxuser" UID="root" GID="root" EUID="root" SUID="root" FSUID="root" EGID="root" SGID="root" FSGID="root"
type=EXECVE msg=audit(1768177769.147:1818): argc=3 a0="systemctl" a1="reload" a2="apache2"
type=PATH msg=audit(1768177769.147:1818): item=0 name="/usr/bin/systemctl" inode=1461475 dev=08:02 mode=0100755 ouid=0 ogid=0 rdev=00:00 nametype=NORMAL cap_fp=0 cap_fi=0 cap_fe=0 cap_fver=0 cap_frootid=0OUID="root" OGID="root"
type=PATH msg=audit(1768177769.147:1818): item=1 name="/lib64/ld-linux-x86-64.so.2" inode=1481429 dev=08:02 mode=0100755 ouid=0 ogid=0 rdev=00:00 nametype=NORMAL cap_fp=0 cap_fi=0 cap_fe=0 cap_fver=0 cap_frootid=0OUID="root" OGID="root"
type=PROCTITLE msg=audit(1768177769.147:1818): proctitle=73797374656D63746C0072656C6F61640061706163686532
type=SYSCALL msg=audit(1768177769.162:1819): arch=c000003e syscall=42 success=yes exit=0 a0=3 a1=556a41ddaac8 a2=17 a3=7fffc7ddda04 items=1 ppid=1397 pid=1423 auid=1000 uid=0 gid=0 euid=0 suid=0 fsuid=0 egid=0 sgid=0 fsgid=0 tty=pts1 ses=3 comm="systemctl" exe="/usr/bin/systemctl" subj=unconfined key="T1043_Commonly_Used_Port"ARCH=x86_64 SYSCALL=connect AUID="vboxuser" UID="root" GID="root" EUID="root" SUID="root" FSUID="root" EGID="root" SGID="root" FSGID="root"
type=SOCKADDR msg=audit(1768177769.162:1819): saddr=01002F72756E2F73797374656D642F7072697661746500SADDR={ saddr_fam=local path=/run/systemd/private }
type=PATH msg=audit(1768177769.162:1819): item=0 name="/run/systemd/private" inode=441 dev=00:18 mode=0140700 ouid=0 ogid=0 rdev=00:00 nametype=NORMAL cap_fp=0 cap_fi=0 cap_fe=0 cap_fver=0 cap_frootid=0OUID="root" OGID="root"
type=PROCTITLE msg=audit(1768177769.162:1819): proctitle=73797374656D63746C0072656C6F61640061706163686532
type=SYSCALL msg=audit(1768177769.162:1820): arch=c000003e syscall=59 success=yes exit=0 a0=556a16837090 a1=7fffc7dddc80 a2=7fffc7dde508 a3=79332e7aa8d0 items=2 ppid=1423 pid=1424 auid=1000 uid=0 gid=0 euid=0 suid=0 fsuid=0 egid=0 sgid=0 fsgid=0 tty=pts1 ses=3 comm="systemd-tty-ask" exe="/usr/bin/systemd-tty-ask-password-agent" subj=unconfined key="T1078_Valid_Accounts"ARCH=x86_64 SYSCALL=execve AUID="vboxuser" UID="root" GID="root" EUID="root" SUID="root" FSUID="root" EGID="root" SGID="root" FSGID="root"
type=EXECVE msg=audit(1768177769.162:1820): argc=2 a0="/usr/bin/systemd-tty-ask-password-agent" a1="--watch"
type=PATH msg=audit(1768177769.162:1820): item=0 name="/usr/bin/systemd-tty-ask-password-agent" inode=1461700 dev=08:02 mode=0100755 ouid=0 ogid=0 rdev=00:00 nametype=NORMAL cap_fp=0 cap_fi=0 cap_fe=0 cap_fver=0 cap_frootid=0OUID="root" OGID="root"
type=PATH msg=audit(1768177769.162:1820): item=1 name="/lib64/ld-linux-x86-64.so.2" inode=1481429 dev=08:02 mode=0100755 ouid=0 ogid=0 rdev=00:00 nametype=NORMAL cap_fp=0 cap_fi=0 cap_fe=0 cap_fver=0 cap_frootid=0OUID="root" OGID="root"
type=PROCTITLE msg=audit(1768177769.162:1820): proctitle=2F7573722F62696E2F73797374656D642D7474792D61736B2D70617373776F72642D6167656E74002D2D7761746368
type=SYSCALL msg=audit(1768177769.168:1821): arch=c000003e syscall=59 success=yes exit=0 a0=7ffc16fbc7a0 a1=7ffc16fbc7c0 a2=7ffc16fbd288 a3=8 items=2 ppid=1 pid=1425 auid=4294967295 uid=0 gid=0 euid=0 suid=0 fsuid=0 egid=0 sgid=0 fsgid=0 tty=(none) ses=4294967295 comm="9" exe="/usr/lib/systemd/systemd-executor" subj=unconfined key="T1078_Valid_Accounts"ARCH=x86_64 SYSCALL=execve AUID="unset" UID="root" GID="root" EUID="root" SUID="root" FSUID="root" EGID="root" SGID="root" FSGID="root"
type=EXECVE msg=audit(1768177769.168:1821): argc=7 a0="/usr/lib/systemd/systemd-executor" a1="--deserialize" a2="107" a3="--log-level" a4="info" a5="--log-target" a6="journal-or-kmsg"
type=PATH msg=audit(1768177769.168:1821): item=0 name="/proc/self/fd/9" inode=1463834 dev=08:02 mode=0100755 ouid=0 ogid=0 rdev=00:00 nametype=NORMAL cap_fp=0 cap_fi=0 cap_fe=0 cap_fver=0 cap_frootid=0OUID="root" OGID="root"
type=PATH msg=audit(1768177769.168:1821): item=1 name="/lib64/ld-linux-x86-64.so.2" inode=1481429 dev=08:02 mode=0100755 ouid=0 ogid=0 rdev=00:00 nametype=NORMAL cap_fp=0 cap_fi=0 cap_fe=0 cap_fver=0 cap_frootid=0OUID="root" OGID="root"
type=PROCTITLE msg=audit(1768177769.168:1821): proctitle=2F7573722F6C69622F73797374656D642F73797374656D642D6578656375746F72002D2D646573657269616C697A6500313037002D2D6C6F672D6C6576656C00696E666F002D2D6C6F672D746172676574006A6F75726E616C2D6F722D6B6D7367
type=SYSCALL msg=audit(1768177769.176:1822): arch=c000003e syscall=42 success=yes exit=0 a0=4 a1=7fffc21e43e0 a2=1e a3=7fffc21e4490 items=1 ppid=1 pid=1425 auid=4294967295 uid=0 gid=0 euid=0 suid=0 fsuid=0 egid=0 sgid=0 fsgid=0 tty=(none) ses=4294967295 comm="9" exe="/usr/lib/systemd/systemd-executor" subj=unconfined key="T1043_Commonly_Used_Port"ARCH=x86_64 SYSCALL=connect AUID="unset" UID="root" GID="root" EUID="root" SUID="root" FSUID="root" EGID="root" SGID="root" FSGID="root"
type=SOCKADDR msg=audit(1768177769.176:1822): saddr=01002F72756E2F73797374656D642F6A6F75726E616C2F736F636B657400SADDR={ saddr_fam=local path=/run/systemd/journal/socket }
type=PATH msg=audit(1768177769.176:1822): item=0 name="/run/systemd/journal/socket" inode=456 dev=00:18 mode=0140666 ouid=0 ogid=0 rdev=00:00 nametype=NORMAL cap_fp=0 cap_fi=0 cap_fe=0 cap_fver=0 cap_frootid=0OUID="root" OGID="root"
type=PROCTITLE msg=audit(1768177769.176:1822): proctitle=2F7573722F6C69622F73797374656D642F73797374656D642D6578656375746F72002D2D646573657269616C697A6500313037002D2D6C6F672D6C6576656C00696E666F002D2D6C6F672D746172676574006A6F75726E616C2D6F722D6B6D7367
type=SYSCALL msg=audit(1768177769.180:1823): arch=c000003e syscall=42 success=yes exit=0 a0=3 a1=7fffc21e3f60 a2=1e a3=fffffff7 items=1 ppid=1 pid=1425 auid=4294967295 uid=0 gid=0 euid=0 suid=0 fsuid=0 egid=0 sgid=0 fsgid=0 tty=(none) ses=4294967295 comm="(pachectl)" exe="/usr/lib/systemd/systemd-executor" subj=unconfined key="T1043_Commonly_Used_Port"ARCH=x86_64 SYSCALL=connect AUID="unset" UID="root" GID="root" EUID="root" SUID="root" FSUID="root" EGID="root" SGID="root" FSGID="root"
type=SOCKADDR msg=audit(1768177769.180:1823): saddr=01002F72756E2F73797374656D642F6A6F75726E616C2F7374646F757400SADDR={ saddr_fam=local path=/run/systemd/journal/stdout }
type=PATH msg=audit(1768177769.180:1823): item=0 name="/run/systemd/journal/stdout" inode=457 dev=00:18 mode=0140666 ouid=0 ogid=0 rdev=00:00 nametype=NORMAL cap_fp=0 cap_fi=0 cap_fe=0 cap_fver=0 cap_frootid=0OUID="root" OGID="root"
type=PROCTITLE msg=audit(1768177769.180:1823): proctitle=2F7573722F6C69622F73797374656D642F73797374656D642D6578656375746F72002D2D646573657269616C697A6500313037002D2D6C6F672D6C6576656C00696E666F002D2D6C6F672D746172676574006A6F75726E616C2D6F722D6B6D7367
type=SYSCALL msg=audit(1768177769.184:1824): arch=c000003e syscall=59 success=yes exit=0 a0=56d6760414c0 a1=56d67604a1f0 a2=56d676040db0 a3=56d676041b80 items=3 ppid=1 pid=1425 auid=4294967295 uid=0 gid=0 euid=0 suid=0 fsuid=0 egid=0 sgid=0 fsgid=0 tty=(none) ses=4294967295 comm="apachectl" exe="/usr/bin/dash" subj=unconfined key="T1078_Valid_Accounts"ARCH=x86_64 SYSCALL=execve AUID="unset" UID="root" GID="root" EUID="root" SUID="root" FSUID="root" EGID="root" SGID="root" FSGID="root"
type=EXECVE msg=audit(1768177769.184:1824): argc=3 a0="/bin/sh" a1="/usr/sbin/apachectl" a2="graceful"
type=PATH msg=audit(1768177769.184:1824): item=0 name="/usr/sbin/apachectl" inode=1479339 dev=08:02 mode=0100755 ouid=0 ogid=0 rdev=00:00 nametype=NORMAL cap_fp=0 cap_fi=0 cap_fe=0 cap_fver=0 cap_frootid=0OUID="root" OGID="root"
type=PATH msg=audit(1768177769.184:1824): item=1 name="/bin/sh" inode=1442345 dev=08:02 mode=0100755 ouid=0 ogid=0 rdev=00:00 nametype=NORMAL cap_fp=0 cap_fi=0 cap_fe=0 cap_fver=0 cap_frootid=0OUID="root" OGID="root"
type=PATH msg=audit(1768177769.184:1824): item=2 name="/lib64/ld-linux-x86-64.so.2" inode=1481429 dev=08:02 mode=0100755 ouid=0 ogid=0 rdev=00:00 nametype=NORMAL cap_fp=0 cap_fi=0 cap_fe=0 cap_fver=0 cap_frootid=0OUID="root" OGID="root"
type=PROCTITLE msg=audit(1768177769.184:1824): proctitle=2F7573722F6C69622F73797374656D642F73797374656D642D6578656375746F72002D2D646573657269616C697A6500313037002D2D6C6F672D6C6576656C00696E666F002D2D6C6F672D746172676574006A6F75726E616C2D6F722D6B6D7367
type=SYSCALL msg=audit(1768177769.188:1825): arch=c000003e syscall=59 success=yes exit=0 a0=5667bc107d08 a1=5667bc109c00 a2=5667bc107c78 a3=5667bc109a00 items=2 ppid=1425 pid=1426 auid=4294967295 uid=0 gid=0 euid=0 suid=0 fsuid=0 egid=0 sgid=0 fsgid=0 tty=(none) ses=4294967295 comm="id" exe="/usr/bin/id" subj=unconfined key="T1078_Valid_Accounts"ARCH=x86_64 SYSCALL=execve AUID="unset" UID="root" GID="root" EUID="root" SUID="root" FSUID="root" EGID="root" SGID="root" FSGID="root"
type=EXECVE msg=audit(1768177769.188:1825): argc=2 a0="id" a1="-u"
type=PATH msg=audit(1768177769.188:1825): item=0 name="/usr/bin/id" inode=1442474 dev=08:02 mode=0100755 ouid=0 ogid=0 rdev=00:00 nametype=NORMAL cap_fp=0 cap_fi=0 cap_fe=0 cap_fver=0 cap_frootid=0OUID="root" OGID="root"
type=PATH msg=audit(1768177769.188:1825): item=1 name="/lib64/ld-linux-x86-64.so.2" inode=1481429 dev=08:02 mode=0100755 ouid=0 ogid=0 rdev=00:00 nametype=NORMAL cap_fp=0 cap_fi=0 cap_fe=0 cap_fver=0 cap_frootid=0OUID="root" OGID="root"
type=PROCTITLE msg=audit(1768177769.188:1825): proctitle=6964002D75
type=SYSCALL msg=audit(1768177769.193:1826): arch=c000003e syscall=59 success=yes exit=0 a0=5667bc109970 a1=5667bc10b2a0 a2=5667bc10b2d8 a3=8 items=2 ppid=1425 pid=1427 auid=4294967295 uid=0 gid=0 euid=0 suid=0 fsuid=0 egid=0 sgid=0 fsgid=0 tty=(none) ses=4294967295 comm="apache2" exe="/usr/sbin/apache2" subj=unconfined key="T1078_Valid_Accounts"ARCH=x86_64 SYSCALL=execve AUID="unset" UID="root" GID="root" EUID="root" SUID="root" FSUID="root" EGID="root" SGID="root" FSGID="root"
type=EXECVE msg=audit(1768177769.193:1826): argc=2 a0="/usr/sbin/apache2" a1="-t"
type=PATH msg=audit(1768177769.193:1826): item=0 name="/usr/sbin/apache2" inode=1457163 dev=08:02 mode=0100755 ouid=0 ogid=0 rdev=00:00 nametype=NORMAL cap_fp=0 cap_fi=0 cap_fe=0 cap_fver=0 cap_frootid=0OUID="root" OGID="root"
type=PATH msg=audit(1768177769.193:1826): item=1 name="/lib64/ld-linux-x86-64.so.2" inode=1481429 dev=08:02 mode=0100755 ouid=0 ogid=0 rdev=00:00 nametype=NORMAL cap_fp=0 cap_fi=0 cap_fe=0 cap_fver=0 cap_frootid=0OUID="root" OGID="root"
type=PROCTITLE msg=audit(1768177769.193:1826): proctitle=2F7573722F7362696E2F61706163686532002D74
type=SYSCALL msg=audit(1768177769.194:1827): arch=c000003e syscall=42 success=yes exit=0 a0=3 a1=55941f1adc30 a2=1c a3=0 items=0 ppid=1425 pid=1427 auid=4294967295 uid=0 gid=0 euid=0 suid=0 fsuid=0 egid=0 sgid=0 fsgid=0 tty=(none) ses=4294967295 comm="apache2" exe="/usr/sbin/apache2" subj=unconfined key="T1043_Commonly_Used_Port"ARCH=x86_64 SYSCALL=connect AUID="unset" UID="root" GID="root" EUID="root" SUID="root" FSUID="root" EGID="root" SGID="root" FSGID="root"
type=SOCKADDR msg=audit(1768177769.194:1827): saddr=0A000000000000000000000000000000000000000000000000000000SADDR={ saddr_fam=inet6 laddr=:: lport=0 }
type=PROCTITLE msg=audit(1768177769.194:1827): proctitle=2F7573722F7362696E2F61706163686532002D74
type=SYSCALL msg=audit(1768177769.194:1828): arch=c000003e syscall=42 success=yes exit=0 a0=3 a1=7ffec3441b40 a2=10 a3=0 items=0 ppid=1425 pid=1427 auid=4294967295 uid=0 gid=0 euid=0 suid=0 fsuid=0 egid=0 sgid=0 fsgid=0 tty=(none) ses=4294967295 comm="apache2" exe="/usr/sbin/apache2" subj=unconfined key="T1043_Commonly_Used_Port"ARCH=x86_64 SYSCALL=connect AUID="unset" UID="root" GID="root" EUID="root" SUID="root" FSUID="root" EGID="root" SGID="root" FSGID="root"
type=SOCKADDR msg=audit(1768177769.194:1828): saddr=00000000000000000000000000000000SADDR=unknown-family(0)
type=PROCTITLE msg=audit(1768177769.194:1828): proctitle=2F7573722F7362696E2F61706163686532002D74
type=SYSCALL msg=audit(1768177769.194:1829): arch=c000003e syscall=42 success=yes exit=0 a0=3 a1=55941f1adc90 a2=10 a3=0 items=0 ppid=1425 pid=1427 auid=4294967295 uid=0 gid=0 euid=0 suid=0 fsuid=0 egid=0 sgid=0 fsgid=0 tty=(none) ses=4294967295 comm="apache2" exe="/usr/sbin/apache2" subj=unconfined key="T1043_Commonly_Used_Port"ARCH=x86_64 SYSCALL=connect AUID="unset" UID="root" GID="root" EUID="root" SUID="root" FSUID="root" EGID="root" SGID="root" FSGID="root"
type=SOCKADDR msg=audit(1768177769.194:1829): saddr=02000000000000000000000000000000SADDR={ saddr_fam=inet laddr=0.0.0.0 lport=0 }
type=PROCTITLE msg=audit(1768177769.194:1829): proctitle=2F7573722F7362696E2F61706163686532002D74
type=SYSCALL msg=audit(1768177769.206:1830): arch=c000003e syscall=42 success=yes exit=0 a0=3 a1=55941f1d2030 a2=1c a3=0 items=0 ppid=1425 pid=1427 auid=4294967295 uid=0 gid=0 euid=0 suid=0 fsuid=0 egid=0 sgid=0 fsgid=0 tty=(none) ses=4294967295 comm="apache2" exe="/usr/sbin/apache2" subj=unconfined key="T1043_Commonly_Used_Port"ARCH=x86_64 SYSCALL=connect AUID="unset" UID="root" GID="root" EUID="root" SUID="root" FSUID="root" EGID="root" SGID="root" FSGID="root"
type=SOCKADDR msg=audit(1768177769.206:1830): saddr=0A000050000000000000000000000000000000000000000000000000SADDR={ saddr_fam=inet6 laddr=:: lport=80 }
type=PROCTITLE msg=audit(1768177769.206:1830): proctitle=2F7573722F7362696E2F61706163686532002D74
type=SYSCALL msg=audit(1768177769.206:1831): arch=c000003e syscall=42 success=yes exit=0 a0=3 a1=7ffec34417d0 a2=10 a3=0 items=0 ppid=1425 pid=1427 auid=4294967295 uid=0 gid=0 euid=0 suid=0 fsuid=0 egid=0 sgid=0 fsgid=0 tty=(none) ses=4294967295 comm="apache2" exe="/usr/sbin/apache2" subj=unconfined key="T1043_Commonly_Used_Port"ARCH=x86_64 SYSCALL=connect AUID="unset" UID="root" GID="root" EUID="root" SUID="root" FSUID="root" EGID="root" SGID="root" FSGID="root"
type=SOCKADDR msg=audit(1768177769.206:1831): saddr=00000000000000000000000000000000SADDR=unknown-family(0)
type=PROCTITLE msg=audit(1768177769.206:1831): proctitle=2F7573722F7362696E2F61706163686532002D74
type=SYSCALL msg=audit(1768177769.206:1832): arch=c000003e syscall=42 success=yes exit=0 a0=3 a1=55941f1d1770 a2=10 a3=0 items=0 ppid=1425 pid=1427 auid=4294967295 uid=0 gid=0 euid=0 suid=0 fsuid=0 egid=0 sgid=0 fsgid=0 tty=(none) ses=4294967295 comm="apache2" exe="/usr/sbin/apache2" subj=unconfined key="T1043_Commonly_Used_Port"ARCH=x86_64 SYSCALL=connect AUID="unset" UID="root" GID="root" EUID="root" SUID="root" FSUID="root" EGID="root" SGID="root" FSGID="root"
type=SOCKADDR msg=audit(1768177769.206:1832): saddr=02000050000000000000000000000000SADDR={ saddr_fam=inet laddr=0.0.0.0 lport=80 }
type=PROCTITLE msg=audit(1768177769.206:1832): proctitle=2F7573722F7362696E2F61706163686532002D74
type=SYSCALL msg=audit(1768177769.208:1833): arch=c000003e syscall=42 success=yes exit=0 a0=5 a1=55941f1d2030 a2=1c a3=0 items=0 ppid=1425 pid=1427 auid=4294967295 uid=0 gid=0 euid=0 suid=0 fsuid=0 egid=0 sgid=0 fsgid=0 tty=(none) ses=4294967295 comm="apache2" exe="/usr/sbin/apache2" subj=unconfined key="T1043_Commonly_Used_Port"ARCH=x86_64 SYSCALL=connect AUID="unset" UID="root" GID="root" EUID="root" SUID="root" FSUID="root" EGID="root" SGID="root" FSGID="root"
type=SOCKADDR msg=audit(1768177769.208:1833): saddr=0A000050000000000000000000000000000000000000000000000000SADDR={ saddr_fam=inet6 laddr=:: lport=80 }
type=PROCTITLE msg=audit(1768177769.208:1833): proctitle=2F7573722F7362696E2F61706163686532002D74
type=SYSCALL msg=audit(1768177769.208:1834): arch=c000003e syscall=42 success=yes exit=0 a0=5 a1=7ffec3441770 a2=10 a3=0 items=0 ppid=1425 pid=1427 auid=4294967295 uid=0 gid=0 euid=0 suid=0 fsuid=0 egid=0 sgid=0 fsgid=0 tty=(none) ses=4294967295 comm="apache2" exe="/usr/sbin/apache2" subj=unconfined key="T1043_Commonly_Used_Port"ARCH=x86_64 SYSCALL=connect AUID="unset" UID="root" GID="root" EUID="root" SUID="root" FSUID="root" EGID="root" SGID="root" FSGID="root"
type=SOCKADDR msg=audit(1768177769.208:1834): saddr=00000000000000000000000000000000SADDR=unknown-family(0)
type=PROCTITLE msg=audit(1768177769.208:1834): proctitle=2F7573722F7362696E2F61706163686532002D74
type=SYSCALL msg=audit(1768177769.208:1835): arch=c000003e syscall=42 success=yes exit=0 a0=5 a1=55941f1d1770 a2=10 a3=0 items=0 ppid=1425 pid=1427 auid=4294967295 uid=0 gid=0 euid=0 suid=0 fsuid=0 egid=0 sgid=0 fsgid=0 tty=(none) ses=4294967295 comm="apache2" exe="/usr/sbin/apache2" subj=unconfined key="T1043_Commonly_Used_Port"ARCH=x86_64 SYSCALL=connect AUID="unset" UID="root" GID="root" EUID="root" SUID="root" FSUID="root" EGID="root" SGID="root" FSGID="root"
type=SOCKADDR msg=audit(1768177769.208:1835): saddr=02000050000000000000000000000000SADDR={ saddr_fam=inet laddr=0.0.0.0 lport=80 }
type=PROCTITLE msg=audit(1768177769.208:1835): proctitle=2F7573722F7362696E2F61706163686532002D74
type=SYSCALL msg=audit(1768177769.208:1836): arch=c000003e syscall=42 success=yes exit=0 a0=5 a1=78553500b694 a2=10 a3=7ffec343f2d4 items=0 ppid=1425 pid=1427 auid=4294967295 uid=0 gid=0 euid=0 suid=0 fsuid=0 egid=0 sgid=0 fsgid=0 tty=(none) ses=4294967295 comm="apache2" exe="/usr/sbin/apache2" subj=unconfined key="T1043_Commonly_Used_Port"ARCH=x86_64 SYSCALL=connect AUID="unset" UID="root" GID="root" EUID="root" SUID="root" FSUID="root" EGID="root" SGID="root" FSGID="root"
type=SOCKADDR msg=audit(1768177769.208:1836): saddr=020000357F0000350000000000000000SADDR={ saddr_fam=inet laddr=127.0.0.53 lport=53 }
type=PROCTITLE msg=audit(1768177769.208:1836): proctitle=2F7573722F7362696E2F61706163686532002D74
type=SYSCALL msg=audit(1768177769.247:1837): arch=c000003e syscall=42 success=yes exit=0 a0=5 a1=78553500b694 a2=10 a3=7ffec343f2d4 items=0 ppid=1425 pid=1427 auid=4294967295 uid=0 gid=0 euid=0 suid=0 fsuid=0 egid=0 sgid=0 fsgid=0 tty=(none) ses=4294967295 comm="apache2" exe="/usr/sbin/apache2" subj=unconfined key="T1043_Commonly_Used_Port"ARCH=x86_64 SYSCALL=connect AUID="unset" UID="root" GID="root" EUID="root" SUID="root" FSUID="root" EGID="root" SGID="root" FSGID="root"
type=SOCKADDR msg=audit(1768177769.247:1837): saddr=020000357F0000350000000000000000SADDR={ saddr_fam=inet laddr=127.0.0.53 lport=53 }
type=PROCTITLE msg=audit(1768177769.247:1837): proctitle=2F7573722F7362696E2F61706163686532002D74
type=SYSCALL msg=audit(1768177769.248:1838): arch=c000003e syscall=42 success=yes exit=0 a0=5 a1=55941f1d1770 a2=10 a3=0 items=0 ppid=1425 pid=1427 auid=4294967295 uid=0 gid=0 euid=0 suid=0 fsuid=0 egid=0 sgid=0 fsgid=0 tty=(none) ses=4294967295 comm="apache2" exe="/usr/sbin/apache2" subj=unconfined key="T1043_Commonly_Used_Port"ARCH=x86_64 SYSCALL=connect AUID="unset" UID="root" GID="root" EUID="root" SUID="root" FSUID="root" EGID="root" SGID="root" FSGID="root"
type=SOCKADDR msg=audit(1768177769.248:1838): saddr=020000000A00020F0000000000000000SADDR={ saddr_fam=inet laddr=10.0.2.15 lport=0 }
type=PROCTITLE msg=audit(1768177769.248:1838): proctitle=2F7573722F7362696E2F61706163686532002D74
type=SYSCALL msg=audit(1768177769.249:1839): arch=c000003e syscall=42 success=yes exit=0 a0=5 a1=7ffec34411c0 a2=10 a3=0 items=0 ppid=1425 pid=1427 auid=4294967295 uid=0 gid=0 euid=0 suid=0 fsuid=0 egid=0 sgid=0 fsgid=0 tty=(none) ses=4294967295 comm="apache2" exe="/usr/sbin/apache2" subj=unconfined key="T1043_Commonly_Used_Port"ARCH=x86_64 SYSCALL=connect AUID="unset" UID="root" GID="root" EUID="root" SUID="root" FSUID="root" EGID="root" SGID="root" FSGID="root"
type=SOCKADDR msg=audit(1768177769.249:1839): saddr=00000000000000000000000000000000SADDR=unknown-family(0)
type=PROCTITLE msg=audit(1768177769.249:1839): proctitle=2F7573722F7362696E2F61706163686532002D74
type=SYSCALL msg=audit(1768177769.249:1840): arch=c000003e syscall=42 success=yes exit=0 a0=5 a1=55941f1ad640 a2=10 a3=0 items=0 ppid=1425 pid=1427 auid=4294967295 uid=0 gid=0 euid=0 suid=0 fsuid=0 egid=0 sgid=0 fsgid=0 tty=(none) ses=4294967295 comm="apache2" exe="/usr/sbin/apache2" subj=unconfined key="T1043_Commonly_Used_Port"ARCH=x86_64 SYSCALL=connect AUID="unset" UID="root" GID="root" EUID="root" SUID="root" FSUID="root" EGID="root" SGID="root" FSGID="root"
type=SOCKADDR msg=audit(1768177769.249:1840): saddr=02000000C0A8386B0000000000000000SADDR={ saddr_fam=inet laddr=192.168.56.107 lport=0 }
type=PROCTITLE msg=audit(1768177769.249:1840): proctitle=2F7573722F7362696E2F61706163686532002D74
type=SYSCALL msg=audit(1768177769.249:1841): arch=c000003e syscall=42 success=yes exit=0 a0=5 a1=55941f1d2030 a2=1c a3=0 items=0 ppid=1425 pid=1427 auid=4294967295 uid=0 gid=0 euid=0 suid=0 fsuid=0 egid=0 sgid=0 fsgid=0 tty=(none) ses=4294967295 comm="apache2" exe="/usr/sbin/apache2" subj=unconfined key="T1043_Commonly_Used_Port"ARCH=x86_64 SYSCALL=connect AUID="unset" UID="root" GID="root" EUID="root" SUID="root" FSUID="root" EGID="root" SGID="root" FSGID="root"
type=SOCKADDR msg=audit(1768177769.249:1841): saddr=0A00000000000000FD17625CF03700020A0027FFFE3F373900000000SADDR={ saddr_fam=inet6 laddr=fd17:625c:f037:2:a00:27ff:fe3f:3739 lport=0 }
type=PROCTITLE msg=audit(1768177769.249:1841): proctitle=2F7573722F7362696E2F61706163686532002D74
type=SYSCALL msg=audit(1768177769.249:1842): arch=c000003e syscall=42 success=yes exit=0 a0=5 a1=7ffec34411c0 a2=10 a3=0 items=0 ppid=1425 pid=1427 auid=4294967295 uid=0 gid=0 euid=0 suid=0 fsuid=0 egid=0 sgid=0 fsgid=0 tty=(none) ses=4294967295 comm="apache2" exe="/usr/sbin/apache2" subj=unconfined key="T1043_Commonly_Used_Port"ARCH=x86_64 SYSCALL=connect AUID="unset" UID="root" GID="root" EUID="root" SUID="root" FSUID="root" EGID="root" SGID="root" FSGID="root"
type=SOCKADDR msg=audit(1768177769.249:1842): saddr=00000000000000000000000000000000SADDR=unknown-family(0)
type=PROCTITLE msg=audit(1768177769.249:1842): proctitle=2F7573722F7362696E2F61706163686532002D74
type=SYSCALL msg=audit(1768177769.249:1843): arch=c000003e syscall=42 success=no exit=-22 a0=5 a1=55941f1ad690 a2=1c a3=0 items=0 ppid=1425 pid=1427 auid=4294967295 uid=0 gid=0 euid=0 suid=0 fsuid=0 egid=0 sgid=0 fsgid=0 tty=(none) ses=4294967295 comm="apache2" exe="/usr/sbin/apache2" subj=unconfined key="T1043_Commonly_Used_Port"ARCH=x86_64 SYSCALL=connect AUID="unset" UID="root" GID="root" EUID="root" SUID="root" FSUID="root" EGID="root" SGID="root" FSGID="root"
type=SOCKADDR msg=audit(1768177769.249:1843): saddr=0A00000000000000FE800000000000000A0027FFFE3F373900000000SADDR={ saddr_fam=inet6 laddr=fe80::a00:27ff:fe3f:3739 lport=0 }
type=PROCTITLE msg=audit(1768177769.249:1843): proctitle=2F7573722F7362696E2F61706163686532002D74
type=SYSCALL msg=audit(1768177769.249:1844): arch=c000003e syscall=42 success=yes exit=0 a0=5 a1=7ffec34411c0 a2=10 a3=0 items=0 ppid=1425 pid=1427 auid=4294967295 uid=0 gid=0 euid=0 suid=0 fsuid=0 egid=0 sgid=0 fsgid=0 tty=(none) ses=4294967295 comm="apache2" exe="/usr/sbin/apache2" subj=unconfined key="T1043_Commonly_Used_Port"ARCH=x86_64 SYSCALL=connect AUID="unset" UID="root" GID="root" EUID="root" SUID="root" FSUID="root" EGID="root" SGID="root" FSGID="root"
type=SOCKADDR msg=audit(1768177769.249:1844): saddr=00000000000000000000000000000000SADDR=unknown-family(0)
type=PROCTITLE msg=audit(1768177769.249:1844): proctitle=2F7573722F7362696E2F61706163686532002D74
type=SYSCALL msg=audit(1768177769.249:1845): arch=c000003e syscall=42 success=no exit=-22 a0=5 a1=55941f1ad6f0 a2=1c a3=0 items=0 ppid=1425 pid=1427 auid=4294967295 uid=0 gid=0 euid=0 suid=0 fsuid=0 egid=0 sgid=0 fsgid=0 tty=(none) ses=4294967295 comm="apache2" exe="/usr/sbin/apache2" subj=unconfined key="T1043_Commonly_Used_Port"ARCH=x86_64 SYSCALL=connect AUID="unset" UID="root" GID="root" EUID="root" SUID="root" FSUID="root" EGID="root" SGID="root" FSGID="root"
type=SOCKADDR msg=audit(1768177769.249:1845): saddr=0A00000000000000FE800000000000000A0027FFFE270D1D00000000SADDR={ saddr_fam=inet6 laddr=fe80::a00:27ff:fe27:d1d lport=0 }
type=PROCTITLE msg=audit(1768177769.249:1845): proctitle=2F7573722F7362696E2F61706163686532002D74
type=SYSCALL msg=audit(1768177769.249:1846): arch=c000003e syscall=42 success=yes exit=0 a0=5 a1=78553500b694 a2=10 a3=7ffec343f9e4 items=0 ppid=1425 pid=1427 auid=4294967295 uid=0 gid=0 euid=0 suid=0 fsuid=0 egid=0 sgid=0 fsgid=0 tty=(none) ses=4294967295 comm="apache2" exe="/usr/sbin/apache2" subj=unconfined key="T1043_Commonly_Used_Port"ARCH=x86_64 SYSCALL=connect AUID="unset" UID="root" GID="root" EUID="root" SUID="root" FSUID="root" EGID="root" SGID="root" FSGID="root"
type=SOCKADDR msg=audit(1768177769.249:1846): saddr=020000357F0000350000000000000000SADDR={ saddr_fam=inet laddr=127.0.0.53 lport=53 }
type=PROCTITLE msg=audit(1768177769.249:1846): proctitle=2F7573722F7362696E2F61706163686532002D74
type=SYSCALL msg=audit(1768177769.270:1847): arch=c000003e syscall=59 success=yes exit=0 a0=5667bc109970 a1=5667bc10b2c0 a2=5667bc10b2e0 a3=8 items=2 ppid=1425 pid=1428 auid=4294967295 uid=0 gid=0 euid=0 suid=0 fsuid=0 egid=0 sgid=0 fsgid=0 tty=(none) ses=4294967295 comm="apache2" exe="/usr/sbin/apache2" subj=unconfined key="T1078_Valid_Accounts"ARCH=x86_64 SYSCALL=execve AUID="unset" UID="root" GID="root" EUID="root" SUID="root" FSUID="root" EGID="root" SGID="root" FSGID="root"
type=EXECVE msg=audit(1768177769.270:1847): argc=3 a0="/usr/sbin/apache2" a1="-k" a2="graceful"
type=PATH msg=audit(1768177769.270:1847): item=0 name="/usr/sbin/apache2" inode=1457163 dev=08:02 mode=0100755 ouid=0 ogid=0 rdev=00:00 nametype=NORMAL cap_fp=0 cap_fi=0 cap_fe=0 cap_fver=0 cap_frootid=0OUID="root" OGID="root"
type=PATH msg=audit(1768177769.270:1847): item=1 name="/lib64/ld-linux-x86-64.so.2" inode=1481429 dev=08:02 mode=0100755 ouid=0 ogid=0 rdev=00:00 nametype=NORMAL cap_fp=0 cap_fi=0 cap_fe=0 cap_fver=0 cap_frootid=0OUID="root" OGID="root"
type=PROCTITLE msg=audit(1768177769.270:1847): proctitle=2F7573722F7362696E2F61706163686532002D6B00677261636566756C
type=SYSCALL msg=audit(1768177769.279:1848): arch=c000003e syscall=42 success=yes exit=0 a0=3 a1=653a2af33c30 a2=1c a3=0 items=0 ppid=1425 pid=1428 auid=4294967295 uid=0 gid=0 euid=0 suid=0 fsuid=0 egid=0 sgid=0 fsgid=0 tty=(none) ses=4294967295 comm="apache2" exe="/usr/sbin/apache2" subj=unconfined key="T1043_Commonly_Used_Port"ARCH=x86_64 SYSCALL=connect AUID="unset" UID="root" GID="root" EUID="root" SUID="root" FSUID="root" EGID="root" SGID="root" FSGID="root"
type=SOCKADDR msg=audit(1768177769.279:1848): saddr=0A000000000000000000000000000000000000000000000000000000SADDR={ saddr_fam=inet6 laddr=:: lport=0 }
type=PROCTITLE msg=audit(1768177769.279:1848): proctitle=2F7573722F7362696E2F61706163686532002D6B00677261636566756C
type=SYSCALL msg=audit(1768177769.279:1849): arch=c000003e syscall=42 success=yes exit=0 a0=3 a1=7ffd327d58a0 a2=10 a3=0 items=0 ppid=1425 pid=1428 auid=4294967295 uid=0 gid=0 euid=0 suid=0 fsuid=0 egid=0 sgid=0 fsgid=0 tty=(none) ses=4294967295 comm="apache2" exe="/usr/sbin/apache2" subj=unconfined key="T1043_Commonly_Used_Port"ARCH=x86_64 SYSCALL=connect AUID="unset" UID="root" GID="root" EUID="root" SUID="root" FSUID="root" EGID="root" SGID="root" FSGID="root"
type=SOCKADDR msg=audit(1768177769.279:1849): saddr=00000000000000000000000000000000SADDR=unknown-family(0)
type=PROCTITLE msg=audit(1768177769.279:1849): proctitle=2F7573722F7362696E2F61706163686532002D6B00677261636566756C
type=SYSCALL msg=audit(1768177769.279:1850): arch=c000003e syscall=42 success=yes exit=0 a0=3 a1=653a2af33c90 a2=10 a3=0 items=0 ppid=1425 pid=1428 auid=4294967295 uid=0 gid=0 euid=0 suid=0 fsuid=0 egid=0 sgid=0 fsgid=0 tty=(none) ses=4294967295 comm="apache2" exe="/usr/sbin/apache2" subj=unconfined key="T1043_Commonly_Used_Port"ARCH=x86_64 SYSCALL=connect AUID="unset" UID="root" GID="root" EUID="root" SUID="root" FSUID="root" EGID="root" SGID="root" FSGID="root"
type=SOCKADDR msg=audit(1768177769.279:1850): saddr=02000000000000000000000000000000SADDR={ saddr_fam=inet laddr=0.0.0.0 lport=0 }
type=PROCTITLE msg=audit(1768177769.279:1850): proctitle=2F7573722F7362696E2F61706163686532002D6B00677261636566756C
type=SYSCALL msg=audit(1768177769.287:1851): arch=c000003e syscall=42 success=yes exit=0 a0=3 a1=653a2af58030 a2=1c a3=0 items=0 ppid=1425 pid=1428 auid=4294967295 uid=0 gid=0 euid=0 suid=0 fsuid=0 egid=0 sgid=0 fsgid=0 tty=(none) ses=4294967295 comm="apache2" exe="/usr/sbin/apache2" subj=unconfined key="T1043_Commonly_Used_Port"ARCH=x86_64 SYSCALL=connect AUID="unset" UID="root" GID="root" EUID="root" SUID="root" FSUID="root" EGID="root" SGID="root" FSGID="root"
type=SOCKADDR msg=audit(1768177769.287:1851): saddr=0A000050000000000000000000000000000000000000000000000000SADDR={ saddr_fam=inet6 laddr=:: lport=80 }
type=PROCTITLE msg=audit(1768177769.287:1851): proctitle=2F7573722F7362696E2F61706163686532002D6B00677261636566756C
type=SYSCALL msg=audit(1768177769.288:1852): arch=c000003e syscall=42 success=yes exit=0 a0=3 a1=7ffd327d5530 a2=10 a3=0 items=0 ppid=1425 pid=1428 auid=4294967295 uid=0 gid=0 euid=0 suid=0 fsuid=0 egid=0 sgid=0 fsgid=0 tty=(none) ses=4294967295 comm="apache2" exe="/usr/sbin/apache2" subj=unconfined key="T1043_Commonly_Used_Port"ARCH=x86_64 SYSCALL=connect AUID="unset" UID="root" GID="root" EUID="root" SUID="root" FSUID="root" EGID="root" SGID="root" FSGID="root"
type=SOCKADDR msg=audit(1768177769.288:1852): saddr=00000000000000000000000000000000SADDR=unknown-family(0)
type=PROCTITLE msg=audit(1768177769.288:1852): proctitle=2F7573722F7362696E2F61706163686532002D6B00677261636566756C
type=SYSCALL msg=audit(1768177769.288:1853): arch=c000003e syscall=42 success=yes exit=0 a0=3 a1=653a2af57770 a2=10 a3=0 items=0 ppid=1425 pid=1428 auid=4294967295 uid=0 gid=0 euid=0 suid=0 fsuid=0 egid=0 sgid=0 fsgid=0 tty=(none) ses=4294967295 comm="apache2" exe="/usr/sbin/apache2" subj=unconfined key="T1043_Commonly_Used_Port"ARCH=x86_64 SYSCALL=connect AUID="unset" UID="root" GID="root" EUID="root" SUID="root" FSUID="root" EGID="root" SGID="root" FSGID="root"
type=SOCKADDR msg=audit(1768177769.288:1853): saddr=02000050000000000000000000000000SADDR={ saddr_fam=inet laddr=0.0.0.0 lport=80 }
type=PROCTITLE msg=audit(1768177769.288:1853): proctitle=2F7573722F7362696E2F61706163686532002D6B00677261636566756C
type=SYSCALL msg=audit(1768177769.288:1854): arch=c000003e syscall=42 success=yes exit=0 a0=5 a1=653a2af58030 a2=1c a3=0 items=0 ppid=1425 pid=1428 auid=4294967295 uid=0 gid=0 euid=0 suid=0 fsuid=0 egid=0 sgid=0 fsgid=0 tty=(none) ses=4294967295 comm="apache2" exe="/usr/sbin/apache2" subj=unconfined key="T1043_Commonly_Used_Port"ARCH=x86_64 SYSCALL=connect AUID="unset" UID="root" GID="root" EUID="root" SUID="root" FSUID="root" EGID="root" SGID="root" FSGID="root"
type=SOCKADDR msg=audit(1768177769.288:1854): saddr=0A000050000000000000000000000000000000000000000000000000SADDR={ saddr_fam=inet6 laddr=:: lport=80 }
type=PROCTITLE msg=audit(1768177769.288:1854): proctitle=2F7573722F7362696E2F61706163686532002D6B00677261636566756C
type=SYSCALL msg=audit(1768177769.288:1855): arch=c000003e syscall=42 success=yes exit=0 a0=5 a1=7ffd327d54d0 a2=10 a3=0 items=0 ppid=1425 pid=1428 auid=4294967295 uid=0 gid=0 euid=0 suid=0 fsuid=0 egid=0 sgid=0 fsgid=0 tty=(none) ses=4294967295 comm="apache2" exe="/usr/sbin/apache2" subj=unconfined key="T1043_Commonly_Used_Port"ARCH=x86_64 SYSCALL=connect AUID="unset" UID="root" GID="root" EUID="root" SUID="root" FSUID="root" EGID="root" SGID="root" FSGID="root"
type=SOCKADDR msg=audit(1768177769.288:1855): saddr=00000000000000000000000000000000SADDR=unknown-family(0)
type=PROCTITLE msg=audit(1768177769.288:1855): proctitle=2F7573722F7362696E2F61706163686532002D6B00677261636566756C
type=SYSCALL msg=audit(1768177769.288:1856): arch=c000003e syscall=42 success=yes exit=0 a0=5 a1=653a2af57770 a2=10 a3=0 items=0 ppid=1425 pid=1428 auid=4294967295 uid=0 gid=0 euid=0 suid=0 fsuid=0 egid=0 sgid=0 fsgid=0 tty=(none) ses=4294967295 comm="apache2" exe="/usr/sbin/apache2" subj=unconfined key="T1043_Commonly_Used_Port"ARCH=x86_64 SYSCALL=connect AUID="unset" UID="root" GID="root" EUID="root" SUID="root" FSUID="root" EGID="root" SGID="root" FSGID="root"
type=SOCKADDR msg=audit(1768177769.288:1856): saddr=02000050000000000000000000000000SADDR={ saddr_fam=inet laddr=0.0.0.0 lport=80 }
type=PROCTITLE msg=audit(1768177769.288:1856): proctitle=2F7573722F7362696E2F61706163686532002D6B00677261636566756C
type=SYSCALL msg=audit(1768177769.288:1857): arch=c000003e syscall=42 success=yes exit=0 a0=5 a1=7506e880b694 a2=10 a3=7ffd327d3034 items=0 ppid=1425 pid=1428 auid=4294967295 uid=0 gid=0 euid=0 suid=0 fsuid=0 egid=0 sgid=0 fsgid=0 tty=(none) ses=4294967295 comm="apache2" exe="/usr/sbin/apache2" subj=unconfined key="T1043_Commonly_Used_Port"ARCH=x86_64 SYSCALL=connect AUID="unset" UID="root" GID="root" EUID="root" SUID="root" FSUID="root" EGID="root" SGID="root" FSGID="root"
type=SOCKADDR msg=audit(1768177769.288:1857): saddr=020000357F0000350000000000000000SADDR={ saddr_fam=inet laddr=127.0.0.53 lport=53 }
type=PROCTITLE msg=audit(1768177769.288:1857): proctitle=2F7573722F7362696E2F61706163686532002D6B00677261636566756C
type=SYSCALL msg=audit(1768177769.291:1858): arch=c000003e syscall=42 success=yes exit=0 a0=5 a1=7506e880b694 a2=10 a3=7ffd327d3034 items=0 ppid=1425 pid=1428 auid=4294967295 uid=0 gid=0 euid=0 suid=0 fsuid=0 egid=0 sgid=0 fsgid=0 tty=(none) ses=4294967295 comm="apache2" exe="/usr/sbin/apache2" subj=unconfined key="T1043_Commonly_Used_Port"ARCH=x86_64 SYSCALL=connect AUID="unset" UID="root" GID="root" EUID="root" SUID="root" FSUID="root" EGID="root" SGID="root" FSGID="root"
type=SOCKADDR msg=audit(1768177769.291:1858): saddr=020000357F0000350000000000000000SADDR={ saddr_fam=inet laddr=127.0.0.53 lport=53 }
type=PROCTITLE msg=audit(1768177769.291:1858): proctitle=2F7573722F7362696E2F61706163686532002D6B00677261636566756C
type=SYSCALL msg=audit(1768177769.296:1859): arch=c000003e syscall=42 success=yes exit=0 a0=5 a1=653a2af57770 a2=10 a3=0 items=0 ppid=1425 pid=1428 auid=4294967295 uid=0 gid=0 euid=0 suid=0 fsuid=0 egid=0 sgid=0 fsgid=0 tty=(none) ses=4294967295 comm="apache2" exe="/usr/sbin/apache2" subj=unconfined key="T1043_Commonly_Used_Port"ARCH=x86_64 SYSCALL=connect AUID="unset" UID="root" GID="root" EUID="root" SUID="root" FSUID="root" EGID="root" SGID="root" FSGID="root"
type=SOCKADDR msg=audit(1768177769.296:1859): saddr=020000000A00020F0000000000000000SADDR={ saddr_fam=inet laddr=10.0.2.15 lport=0 }
type=PROCTITLE msg=audit(1768177769.296:1859): proctitle=2F7573722F7362696E2F61706163686532002D6B00677261636566756C
type=SYSCALL msg=audit(1768177769.296:1860): arch=c000003e syscall=42 success=yes exit=0 a0=5 a1=7ffd327d4f20 a2=10 a3=0 items=0 ppid=1425 pid=1428 auid=4294967295 uid=0 gid=0 euid=0 suid=0 fsuid=0 egid=0 sgid=0 fsgid=0 tty=(none) ses=4294967295 comm="apache2" exe="/usr/sbin/apache2" subj=unconfined key="T1043_Commonly_Used_Port"ARCH=x86_64 SYSCALL=connect AUID="unset" UID="root" GID="root" EUID="root" SUID="root" FSUID="root" EGID="root" SGID="root" FSGID="root"
type=SOCKADDR msg=audit(1768177769.296:1860): saddr=00000000000000000000000000000000SADDR=unknown-family(0)
type=PROCTITLE msg=audit(1768177769.296:1860): proctitle=2F7573722F7362696E2F61706163686532002D6B00677261636566756C
type=SYSCALL msg=audit(1768177769.296:1861): arch=c000003e syscall=42 success=yes exit=0 a0=5 a1=653a2af33640 a2=10 a3=0 items=0 ppid=1425 pid=1428 auid=4294967295 uid=0 gid=0 euid=0 suid=0 fsuid=0 egid=0 sgid=0 fsgid=0 tty=(none) ses=4294967295 comm="apache2" exe="/usr/sbin/apache2" subj=unconfined key="T1043_Commonly_Used_Port"ARCH=x86_64 SYSCALL=connect AUID="unset" UID="root" GID="root" EUID="root" SUID="root" FSUID="root" EGID="root" SGID="root" FSGID="root"
type=SOCKADDR msg=audit(1768177769.296:1861): saddr=02000000C0A8386B0000000000000000SADDR={ saddr_fam=inet laddr=192.168.56.107 lport=0 }
type=PROCTITLE msg=audit(1768177769.296:1861): proctitle=2F7573722F7362696E2F61706163686532002D6B00677261636566756C
type=SYSCALL msg=audit(1768177769.297:1862): arch=c000003e syscall=42 success=yes exit=0 a0=5 a1=653a2af58030 a2=1c a3=0 items=0 ppid=1425 pid=1428 auid=4294967295 uid=0 gid=0 euid=0 suid=0 fsuid=0 egid=0 sgid=0 fsgid=0 tty=(none) ses=4294967295 comm="apache2" exe="/usr/sbin/apache2" subj=unconfined key="T1043_Commonly_Used_Port"ARCH=x86_64 SYSCALL=connect AUID="unset" UID="root" GID="root" EUID="root" SUID="root" FSUID="root" EGID="root" SGID="root" FSGID="root"
type=SOCKADDR msg=audit(1768177769.297:1862): saddr=0A00000000000000FD17625CF03700020A0027FFFE3F373900000000SADDR={ saddr_fam=inet6 laddr=fd17:625c:f037:2:a00:27ff:fe3f:3739 lport=0 }
type=PROCTITLE msg=audit(1768177769.297:1862): proctitle=2F7573722F7362696E2F61706163686532002D6B00677261636566756C
type=SYSCALL msg=audit(1768177769.297:1863): arch=c000003e syscall=42 success=yes exit=0 a0=5 a1=7ffd327d4f20 a2=10 a3=0 items=0 ppid=1425 pid=1428 auid=4294967295 uid=0 gid=0 euid=0 suid=0 fsuid=0 egid=0 sgid=0 fsgid=0 tty=(none) ses=4294967295 comm="apache2" exe="/usr/sbin/apache2" subj=unconfined key="T1043_Commonly_Used_Port"ARCH=x86_64 SYSCALL=connect AUID="unset" UID="root" GID="root" EUID="root" SUID="root" FSUID="root" EGID="root" SGID="root" FSGID="root"
type=SOCKADDR msg=audit(1768177769.297:1863): saddr=00000000000000000000000000000000SADDR=unknown-family(0)
type=PROCTITLE msg=audit(1768177769.297:1863): proctitle=2F7573722F7362696E2F61706163686532002D6B00677261636566756C
type=SYSCALL msg=audit(1768177769.297:1864): arch=c000003e syscall=42 success=no exit=-22 a0=5 a1=653a2af33690 a2=1c a3=0 items=0 ppid=1425 pid=1428 auid=4294967295 uid=0 gid=0 euid=0 suid=0 fsuid=0 egid=0 sgid=0 fsgid=0 tty=(none) ses=4294967295 comm="apache2" exe="/usr/sbin/apache2" subj=unconfined key="T1043_Commonly_Used_Port"ARCH=x86_64 SYSCALL=connect AUID="unset" UID="root" GID="root" EUID="root" SUID="root" FSUID="root" EGID="root" SGID="root" FSGID="root"
type=SOCKADDR msg=audit(1768177769.297:1864): saddr=0A00000000000000FE800000000000000A0027FFFE3F373900000000SADDR={ saddr_fam=inet6 laddr=fe80::a00:27ff:fe3f:3739 lport=0 }
type=PROCTITLE msg=audit(1768177769.297:1864): proctitle=2F7573722F7362696E2F61706163686532002D6B00677261636566756C
type=SYSCALL msg=audit(1768177769.297:1865): arch=c000003e syscall=42 success=yes exit=0 a0=5 a1=7ffd327d4f20 a2=10 a3=0 items=0 ppid=1425 pid=1428 auid=4294967295 uid=0 gid=0 euid=0 suid=0 fsuid=0 egid=0 sgid=0 fsgid=0 tty=(none) ses=4294967295 comm="apache2" exe="/usr/sbin/apache2" subj=unconfined key="T1043_Commonly_Used_Port"ARCH=x86_64 SYSCALL=connect AUID="unset" UID="root" GID="root" EUID="root" SUID="root" FSUID="root" EGID="root" SGID="root" FSGID="root"
type=SOCKADDR msg=audit(1768177769.297:1865): saddr=00000000000000000000000000000000SADDR=unknown-family(0)
type=PROCTITLE msg=audit(1768177769.297:1865): proctitle=2F7573722F7362696E2F61706163686532002D6B00677261636566756C
type=SYSCALL msg=audit(1768177769.297:1866): arch=c000003e syscall=42 success=no exit=-22 a0=5 a1=653a2af336f0 a2=1c a3=0 items=0 ppid=1425 pid=1428 auid=4294967295 uid=0 gid=0 euid=0 suid=0 fsuid=0 egid=0 sgid=0 fsgid=0 tty=(none) ses=4294967295 comm="apache2" exe="/usr/sbin/apache2" subj=unconfined key="T1043_Commonly_Used_Port"ARCH=x86_64 SYSCALL=connect AUID="unset" UID="root" GID="root" EUID="root" SUID="root" FSUID="root" EGID="root" SGID="root" FSGID="root"
type=SOCKADDR msg=audit(1768177769.297:1866): saddr=0A00000000000000FE800000000000000A0027FFFE270D1D00000000SADDR={ saddr_fam=inet6 laddr=fe80::a00:27ff:fe27:d1d lport=0 }
type=PROCTITLE msg=audit(1768177769.297:1866): proctitle=2F7573722F7362696E2F61706163686532002D6B00677261636566756C
type=SYSCALL msg=audit(1768177769.297:1867): arch=c000003e syscall=42 success=yes exit=0 a0=5 a1=7506e880b694 a2=10 a3=7ffd327d3744 items=0 ppid=1425 pid=1428 auid=4294967295 uid=0 gid=0 euid=0 suid=0 fsuid=0 egid=0 sgid=0 fsgid=0 tty=(none) ses=4294967295 comm="apache2" exe="/usr/sbin/apache2" subj=unconfined key="T1043_Commonly_Used_Port"ARCH=x86_64 SYSCALL=connect AUID="unset" UID="root" GID="root" EUID="root" SUID="root" FSUID="root" EGID="root" SGID="root" FSGID="root"
type=SOCKADDR msg=audit(1768177769.297:1867): saddr=020000357F0000350000000000000000SADDR={ saddr_fam=inet laddr=127.0.0.53 lport=53 }
type=PROCTITLE msg=audit(1768177769.297:1867): proctitle=2F7573722F7362696E2F61706163686532002D6B00677261636566756C
type=SYSCALL msg=audit(1768177769.330:1868): arch=c000003e syscall=42 success=yes exit=0 a0=5 a1=5adca6ad4da0 a2=1c a3=0 items=0 ppid=1 pid=1023 auid=4294967295 uid=0 gid=0 euid=0 suid=0 fsuid=0 egid=0 sgid=0 fsgid=0 tty=(none) ses=4294967295 comm="apache2" exe="/usr/sbin/apache2" subj=unconfined key="T1043_Commonly_Used_Port"ARCH=x86_64 SYSCALL=connect AUID="unset" UID="root" GID="root" EUID="root" SUID="root" FSUID="root" EGID="root" SGID="root" FSGID="root"
type=SOCKADDR msg=audit(1768177769.330:1868): saddr=0A000000000000000000000000000000000000000000000000000000SADDR={ saddr_fam=inet6 laddr=:: lport=0 }
type=PROCTITLE msg=audit(1768177769.330:1868): proctitle=2F7573722F7362696E2F61706163686532002D6B007374617274
type=SYSCALL msg=audit(1768177769.330:1869): arch=c000003e syscall=42 success=yes exit=0 a0=5 a1=7ffeb9cb9f70 a2=10 a3=0 items=0 ppid=1 pid=1023 auid=4294967295 uid=0 gid=0 euid=0 suid=0 fsuid=0 egid=0 sgid=0 fsgid=0 tty=(none) ses=4294967295 comm="apache2" exe="/usr/sbin/apache2" subj=unconfined key="T1043_Commonly_Used_Port"ARCH=x86_64 SYSCALL=connect AUID="unset" UID="root" GID="root" EUID="root" SUID="root" FSUID="root" EGID="root" SGID="root" FSGID="root"
type=SOCKADDR msg=audit(1768177769.330:1869): saddr=00000000000000000000000000000000SADDR=unknown-family(0)
type=PROCTITLE msg=audit(1768177769.330:1869): proctitle=2F7573722F7362696E2F61706163686532002D6B007374617274
type=SYSCALL msg=audit(1768177769.330:1870): arch=c000003e syscall=42 success=yes exit=0 a0=5 a1=5adca69ad910 a2=10 a3=0 items=0 ppid=1 pid=1023 auid=4294967295 uid=0 gid=0 euid=0 suid=0 fsuid=0 egid=0 sgid=0 fsgid=0 tty=(none) ses=4294967295 comm="apache2" exe="/usr/sbin/apache2" subj=unconfined key="T1043_Commonly_Used_Port"ARCH=x86_64 SYSCALL=connect AUID="unset" UID="root" GID="root" EUID="root" SUID="root" FSUID="root" EGID="root" SGID="root" FSGID="root"
type=SOCKADDR msg=audit(1768177769.330:1870): saddr=02000000000000000000000000000000SADDR={ saddr_fam=inet laddr=0.0.0.0 lport=0 }
type=PROCTITLE msg=audit(1768177769.330:1870): proctitle=2F7573722F7362696E2F61706163686532002D6B007374617274
type=SYSCALL msg=audit(1768177769.330:1871): arch=c000003e syscall=42 success=yes exit=0 a0=5 a1=5adca6ad4da0 a2=1c a3=0 items=0 ppid=1 pid=1023 auid=4294967295 uid=0 gid=0 euid=0 suid=0 fsuid=0 egid=0 sgid=0 fsgid=0 tty=(none) ses=4294967295 comm="apache2" exe="/usr/sbin/apache2" subj=unconfined key="T1043_Commonly_Used_Port"ARCH=x86_64 SYSCALL=connect AUID="unset" UID="root" GID="root" EUID="root" SUID="root" FSUID="root" EGID="root" SGID="root" FSGID="root"
type=SOCKADDR msg=audit(1768177769.330:1871): saddr=0A000050000000000000000000000000000000000000000000000000SADDR={ saddr_fam=inet6 laddr=:: lport=80 }
type=PROCTITLE msg=audit(1768177769.330:1871): proctitle=2F7573722F7362696E2F61706163686532002D6B007374617274
type=SYSCALL msg=audit(1768177769.330:1872): arch=c000003e syscall=42 success=yes exit=0 a0=5 a1=7ffeb9cb9ba0 a2=10 a3=0 items=0 ppid=1 pid=1023 auid=4294967295 uid=0 gid=0 euid=0 suid=0 fsuid=0 egid=0 sgid=0 fsgid=0 tty=(none) ses=4294967295 comm="apache2" exe="/usr/sbin/apache2" subj=unconfined key="T1043_Commonly_Used_Port"ARCH=x86_64 SYSCALL=connect AUID="unset" UID="root" GID="root" EUID="root" SUID="root" FSUID="root" EGID="root" SGID="root" FSGID="root"
type=SOCKADDR msg=audit(1768177769.330:1872): saddr=00000000000000000000000000000000SADDR=unknown-family(0)
type=PROCTITLE msg=audit(1768177769.330:1872): proctitle=2F7573722F7362696E2F61706163686532002D6B007374617274
type=SYSCALL msg=audit(1768177769.330:1873): arch=c000003e syscall=42 success=yes exit=0 a0=5 a1=5adca6d9e3a0 a2=10 a3=0 items=0 ppid=1 pid=1023 auid=4294967295 uid=0 gid=0 euid=0 suid=0 fsuid=0 egid=0 sgid=0 fsgid=0 tty=(none) ses=4294967295 comm="apache2" exe="/usr/sbin/apache2" subj=unconfined key="T1043_Commonly_Used_Port"ARCH=x86_64 SYSCALL=connect AUID="unset" UID="root" GID="root" EUID="root" SUID="root" FSUID="root" EGID="root" SGID="root" FSGID="root"
type=SOCKADDR msg=audit(1768177769.330:1873): saddr=02000050000000000000000000000000SADDR={ saddr_fam=inet laddr=0.0.0.0 lport=80 }
type=PROCTITLE msg=audit(1768177769.330:1873): proctitle=2F7573722F7362696E2F61706163686532002D6B007374617274
type=SYSCALL msg=audit(1768177769.330:1874): arch=c000003e syscall=42 success=yes exit=0 a0=5 a1=7f4ed0e0b694 a2=10 a3=7ffeb9cb7704 items=0 ppid=1 pid=1023 auid=4294967295 uid=0 gid=0 euid=0 suid=0 fsuid=0 egid=0 sgid=0 fsgid=0 tty=(none) ses=4294967295 comm="apache2" exe="/usr/sbin/apache2" subj=unconfined key="T1043_Commonly_Used_Port"ARCH=x86_64 SYSCALL=connect AUID="unset" UID="root" GID="root" EUID="root" SUID="root" FSUID="root" EGID="root" SGID="root" FSGID="root"
type=SOCKADDR msg=audit(1768177769.330:1874): saddr=020000357F0000350000000000000000SADDR={ saddr_fam=inet laddr=127.0.0.53 lport=53 }
type=PROCTITLE msg=audit(1768177769.330:1874): proctitle=2F7573722F7362696E2F61706163686532002D6B007374617274
type=SYSCALL msg=audit(1768177769.348:1875): arch=c000003e syscall=42 success=yes exit=0 a0=5 a1=7f4ed0e0b694 a2=10 a3=7ffeb9cb7704 items=0 ppid=1 pid=1023 auid=4294967295 uid=0 gid=0 euid=0 suid=0 fsuid=0 egid=0 sgid=0 fsgid=0 tty=(none) ses=4294967295 comm="apache2" exe="/usr/sbin/apache2" subj=unconfined key="T1043_Commonly_Used_Port"ARCH=x86_64 SYSCALL=connect AUID="unset" UID="root" GID="root" EUID="root" SUID="root" FSUID="root" EGID="root" SGID="root" FSGID="root"
type=SOCKADDR msg=audit(1768177769.348:1875): saddr=020000357F0000350000000000000000SADDR={ saddr_fam=inet laddr=127.0.0.53 lport=53 }
type=PROCTITLE msg=audit(1768177769.348:1875): proctitle=2F7573722F7362696E2F61706163686532002D6B007374617274
type=SYSCALL msg=audit(1768177769.349:1876): arch=c000003e syscall=42 success=yes exit=0 a0=5 a1=5adca6d9e3a0 a2=10 a3=0 items=0 ppid=1 pid=1023 auid=4294967295 uid=0 gid=0 euid=0 suid=0 fsuid=0 egid=0 sgid=0 fsgid=0 tty=(none) ses=4294967295 comm="apache2" exe="/usr/sbin/apache2" subj=unconfined key="T1043_Commonly_Used_Port"ARCH=x86_64 SYSCALL=connect AUID="unset" UID="root" GID="root" EUID="root" SUID="root" FSUID="root" EGID="root" SGID="root" FSGID="root"
type=SOCKADDR msg=audit(1768177769.349:1876): saddr=020000000A00020F0000000000000000SADDR={ saddr_fam=inet laddr=10.0.2.15 lport=0 }
type=PROCTITLE msg=audit(1768177769.349:1876): proctitle=2F7573722F7362696E2F61706163686532002D6B007374617274
type=SYSCALL msg=audit(1768177769.349:1877): arch=c000003e syscall=42 success=yes exit=0 a0=5 a1=7ffeb9cb95f0 a2=10 a3=0 items=0 ppid=1 pid=1023 auid=4294967295 uid=0 gid=0 euid=0 suid=0 fsuid=0 egid=0 sgid=0 fsgid=0 tty=(none) ses=4294967295 comm="apache2" exe="/usr/sbin/apache2" subj=unconfined key="T1043_Commonly_Used_Port"ARCH=x86_64 SYSCALL=connect AUID="unset" UID="root" GID="root" EUID="root" SUID="root" FSUID="root" EGID="root" SGID="root" FSGID="root"
type=SOCKADDR msg=audit(1768177769.349:1877): saddr=00000000000000000000000000000000SADDR=unknown-family(0)
type=PROCTITLE msg=audit(1768177769.349:1877): proctitle=2F7573722F7362696E2F61706163686532002D6B007374617274
type=SYSCALL msg=audit(1768177769.349:1878): arch=c000003e syscall=42 success=yes exit=0 a0=5 a1=5adca6d9e310 a2=10 a3=0 items=0 ppid=1 pid=1023 auid=4294967295 uid=0 gid=0 euid=0 suid=0 fsuid=0 egid=0 sgid=0 fsgid=0 tty=(none) ses=4294967295 comm="apache2" exe="/usr/sbin/apache2" subj=unconfined key="T1043_Commonly_Used_Port"ARCH=x86_64 SYSCALL=connect AUID="unset" UID="root" GID="root" EUID="root" SUID="root" FSUID="root" EGID="root" SGID="root" FSGID="root"
type=SOCKADDR msg=audit(1768177769.349:1878): saddr=02000000C0A8386B0000000000000000SADDR={ saddr_fam=inet laddr=192.168.56.107 lport=0 }
type=PROCTITLE msg=audit(1768177769.349:1878): proctitle=2F7573722F7362696E2F61706163686532002D6B007374617274
type=SYSCALL msg=audit(1768177769.349:1879): arch=c000003e syscall=42 success=yes exit=0 a0=5 a1=5adca6ad4da0 a2=1c a3=0 items=0 ppid=1 pid=1023 auid=4294967295 uid=0 gid=0 euid=0 suid=0 fsuid=0 egid=0 sgid=0 fsgid=0 tty=(none) ses=4294967295 comm="apache2" exe="/usr/sbin/apache2" subj=unconfined key="T1043_Commonly_Used_Port"ARCH=x86_64 SYSCALL=connect AUID="unset" UID="root" GID="root" EUID="root" SUID="root" FSUID="root" EGID="root" SGID="root" FSGID="root"
type=SOCKADDR msg=audit(1768177769.349:1879): saddr=0A00000000000000FD17625CF03700020A0027FFFE3F373900000000SADDR={ saddr_fam=inet6 laddr=fd17:625c:f037:2:a00:27ff:fe3f:3739 lport=0 }
type=PROCTITLE msg=audit(1768177769.349:1879): proctitle=2F7573722F7362696E2F61706163686532002D6B007374617274
type=SYSCALL msg=audit(1768177769.349:1880): arch=c000003e syscall=42 success=yes exit=0 a0=5 a1=7ffeb9cb95f0 a2=10 a3=0 items=0 ppid=1 pid=1023 auid=4294967295 uid=0 gid=0 euid=0 suid=0 fsuid=0 egid=0 sgid=0 fsgid=0 tty=(none) ses=4294967295 comm="apache2" exe="/usr/sbin/apache2" subj=unconfined key="T1043_Commonly_Used_Port"ARCH=x86_64 SYSCALL=connect AUID="unset" UID="root" GID="root" EUID="root" SUID="root" FSUID="root" EGID="root" SGID="root" FSGID="root"
type=SOCKADDR msg=audit(1768177769.349:1880): saddr=00000000000000000000000000000000SADDR=unknown-family(0)
type=PROCTITLE msg=audit(1768177769.349:1880): proctitle=2F7573722F7362696E2F61706163686532002D6B007374617274
type=SYSCALL msg=audit(1768177769.349:1881): arch=c000003e syscall=42 success=no exit=-22 a0=5 a1=5adca6d7f0f0 a2=1c a3=0 items=0 ppid=1 pid=1023 auid=4294967295 uid=0 gid=0 euid=0 suid=0 fsuid=0 egid=0 sgid=0 fsgid=0 tty=(none) ses=4294967295 comm="apache2" exe="/usr/sbin/apache2" subj=unconfined key="T1043_Commonly_Used_Port"ARCH=x86_64 SYSCALL=connect AUID="unset" UID="root" GID="root" EUID="root" SUID="root" FSUID="root" EGID="root" SGID="root" FSGID="root"
type=SOCKADDR msg=audit(1768177769.349:1881): saddr=0A00000000000000FE800000000000000A0027FFFE3F373900000000SADDR={ saddr_fam=inet6 laddr=fe80::a00:27ff:fe3f:3739 lport=0 }
type=PROCTITLE msg=audit(1768177769.349:1881): proctitle=2F7573722F7362696E2F61706163686532002D6B007374617274
type=SYSCALL msg=audit(1768177769.351:1882): arch=c000003e syscall=42 success=yes exit=0 a0=5 a1=7ffeb9cb95f0 a2=10 a3=0 items=0 ppid=1 pid=1023 auid=4294967295 uid=0 gid=0 euid=0 suid=0 fsuid=0 egid=0 sgid=0 fsgid=0 tty=(none) ses=4294967295 comm="apache2" exe="/usr/sbin/apache2" subj=unconfined key="T1043_Commonly_Used_Port"ARCH=x86_64 SYSCALL=connect AUID="unset" UID="root" GID="root" EUID="root" SUID="root" FSUID="root" EGID="root" SGID="root" FSGID="root"
type=SOCKADDR msg=audit(1768177769.351:1882): saddr=00000000000000000000000000000000SADDR=unknown-family(0)
type=PROCTITLE msg=audit(1768177769.351:1882): proctitle=2F7573722F7362696E2F61706163686532002D6B007374617274
type=SYSCALL msg=audit(1768177769.351:1883): arch=c000003e syscall=42 success=no exit=-22 a0=5 a1=5adca6d7ede0 a2=1c a3=0 items=0 ppid=1 pid=1023 auid=4294967295 uid=0 gid=0 euid=0 suid=0 fsuid=0 egid=0 sgid=0 fsgid=0 tty=(none) ses=4294967295 comm="apache2" exe="/usr/sbin/apache2" subj=unconfined key="T1043_Commonly_Used_Port"ARCH=x86_64 SYSCALL=connect AUID="unset" UID="root" GID="root" EUID="root" SUID="root" FSUID="root" EGID="root" SGID="root" FSGID="root"
type=SOCKADDR msg=audit(1768177769.351:1883): saddr=0A00000000000000FE800000000000000A0027FFFE270D1D00000000SADDR={ saddr_fam=inet6 laddr=fe80::a00:27ff:fe27:d1d lport=0 }
type=PROCTITLE msg=audit(1768177769.351:1883): proctitle=2F7573722F7362696E2F61706163686532002D6B007374617274
type=SYSCALL msg=audit(1768177769.352:1884): arch=c000003e syscall=42 success=yes exit=0 a0=5 a1=7f4ed0e0b694 a2=10 a3=7ffeb9cb7e14 items=0 ppid=1 pid=1023 auid=4294967295 uid=0 gid=0 euid=0 suid=0 fsuid=0 egid=0 sgid=0 fsgid=0 tty=(none) ses=4294967295 comm="apache2" exe="/usr/sbin/apache2" subj=unconfined key="T1043_Commonly_Used_Port"ARCH=x86_64 SYSCALL=connect AUID="unset" UID="root" GID="root" EUID="root" SUID="root" FSUID="root" EGID="root" SGID="root" FSGID="root"
type=SOCKADDR msg=audit(1768177769.352:1884): saddr=020000357F0000350000000000000000SADDR={ saddr_fam=inet laddr=127.0.0.53 lport=53 }
type=PROCTITLE msg=audit(1768177769.352:1884): proctitle=2F7573722F7362696E2F61706163686532002D6B007374617274
type=SYSCALL msg=audit(1768177769.384:1885): arch=c000003e syscall=106 success=yes exit=0 a0=21 a1=7f4ed0ebb4a0 a2=0 a3=22 items=0 ppid=1023 pid=1430 auid=4294967295 uid=0 gid=33 euid=0 suid=0 fsuid=0 egid=33 sgid=33 fsgid=33 tty=(none) ses=4294967295 comm="apache2" exe="/usr/sbin/apache2" subj=unconfined key="T1166_Seuid_and_Setgid"ARCH=x86_64 SYSCALL=setgid AUID="unset" UID="root" GID="www-data" EUID="root" SUID="root" FSUID="root" EGID="www-data" SGID="www-data" FSGID="www-data"
type=PROCTITLE msg=audit(1768177769.384:1885): proctitle=2F7573722F7362696E2F61706163686532002D6B007374617274
type=SYSCALL msg=audit(1768177769.384:1886): arch=c000003e syscall=42 success=yes exit=0 a0=c a1=7ffeb9cba3e0 a2=2d a3=5adca6dac1a0 items=1 ppid=1023 pid=1430 auid=4294967295 uid=0 gid=33 euid=0 suid=0 fsuid=0 egid=33 sgid=33 fsgid=33 tty=(none) ses=4294967295 comm="apache2" exe="/usr/sbin/apache2" subj=unconfined key="T1043_Commonly_Used_Port"ARCH=x86_64 SYSCALL=connect AUID="unset" UID="root" GID="www-data" EUID="root" SUID="root" FSUID="root" EGID="www-data" SGID="www-data" FSGID="www-data"
type=SOCKADDR msg=audit(1768177769.384:1886): saddr=01002F72756E2F73797374656D642F7573657264622F696F2E73797374656D642E44796E616D69635573657200SADDR={ saddr_fam=local path=/run/systemd/userdb/io.systemd.DynamicUser }
type=PATH msg=audit(1768177769.384:1886): item=0 name="/run/systemd/userdb/io.systemd.DynamicUser" inode=443 dev=00:18 mode=0140666 ouid=0 ogid=0 rdev=00:00 nametype=NORMAL cap_fp=0 cap_fi=0 cap_fe=0 cap_fver=0 cap_frootid=0OUID="root" OGID="root"
type=PROCTITLE msg=audit(1768177769.384:1886): proctitle=2F7573722F7362696E2F61706163686532002D6B007374617274
type=SYSCALL msg=audit(1768177769.384:1887): arch=c000003e syscall=105 success=yes exit=0 a0=21 a1=5adca6be5250 a2=5ad90b10a385 a3=5adca6be5260 items=0 ppid=1023 pid=1430 auid=4294967295 uid=33 gid=33 euid=33 suid=33 fsuid=33 egid=33 sgid=33 fsgid=33 tty=(none) ses=4294967295 comm="apache2" exe="/usr/sbin/apache2" subj=unconfined key="T1166_Seuid_and_Setgid"ARCH=x86_64 SYSCALL=setuid AUID="unset" UID="www-data" GID="www-data" EUID="www-data" SUID="www-data" FSUID="www-data" EGID="www-data" SGID="www-data" FSGID="www-data"
type=PROCTITLE msg=audit(1768177769.384:1887): proctitle=2F7573722F7362696E2F61706163686532002D6B007374617274
type=SYSCALL msg=audit(1768177769.384:1888): arch=c000003e syscall=106 success=yes exit=0 a0=21 a1=7f4ed0ebb4a0 a2=0 a3=22 items=0 ppid=1023 pid=1431 auid=4294967295 uid=0 gid=33 euid=0 suid=0 fsuid=0 egid=33 sgid=33 fsgid=33 tty=(none) ses=4294967295 comm="apache2" exe="/usr/sbin/apache2" subj=unconfined key="T1166_Seuid_and_Setgid"ARCH=x86_64 SYSCALL=setgid AUID="unset" UID="root" GID="www-data" EUID="root" SUID="root" FSUID="root" EGID="www-data" SGID="www-data" FSGID="www-data"
type=PROCTITLE msg=audit(1768177769.384:1888): proctitle=2F7573722F7362696E2F61706163686532002D6B007374617274
type=SYSCALL msg=audit(1768177769.384:1889): arch=c000003e syscall=42 success=yes exit=0 a0=c a1=7ffeb9cba3e0 a2=2d a3=5adca6dac1a0 items=1 ppid=1023 pid=1431 auid=4294967295 uid=0 gid=33 euid=0 suid=0 fsuid=0 egid=33 sgid=33 fsgid=33 tty=(none) ses=4294967295 comm="apache2" exe="/usr/sbin/apache2" subj=unconfined key="T1043_Commonly_Used_Port"ARCH=x86_64 SYSCALL=connect AUID="unset" UID="root" GID="www-data" EUID="root" SUID="root" FSUID="root" EGID="www-data" SGID="www-data" FSGID="www-data"
type=SOCKADDR msg=audit(1768177769.384:1889): saddr=01002F72756E2F73797374656D642F7573657264622F696F2E73797374656D642E44796E616D69635573657200SADDR={ saddr_fam=local path=/run/systemd/userdb/io.systemd.DynamicUser }
type=SYSCALL msg=audit(1768177769.384:1890): arch=c000003e syscall=106 success=yes exit=0 a0=21 a1=7f4ed0ebb4a0 a2=0 a3=22 items=0 ppid=1023 pid=1432 auid=4294967295 uid=0 gid=33 euid=0 suid=0 fsuid=0 egid=33 sgid=33 fsgid=33 tty=(none) ses=4294967295 comm="apache2" exe="/usr/sbin/apache2" subj=unconfined key="T1166_Seuid_and_Setgid"ARCH=x86_64 SYSCALL=setgid AUID="unset" UID="root" GID="www-data" EUID="root" SUID="root" FSUID="root" EGID="www-data" SGID="www-data" FSGID="www-data"
type=PROCTITLE msg=audit(1768177769.384:1890): proctitle=2F7573722F7362696E2F61706163686532002D6B007374617274
type=PATH msg=audit(1768177769.384:1889): item=0 name="/run/systemd/userdb/io.systemd.DynamicUser" inode=443 dev=00:18 mode=0140666 ouid=0 ogid=0 rdev=00:00 nametype=NORMAL cap_fp=0 cap_fi=0 cap_fe=0 cap_fver=0 cap_frootid=0OUID="root" OGID="root"
type=PROCTITLE msg=audit(1768177769.384:1889): proctitle=2F7573722F7362696E2F61706163686532002D6B007374617274
type=SYSCALL msg=audit(1768177769.387:1891): arch=c000003e syscall=105 success=yes exit=0 a0=21 a1=5adca6be5250 a2=5ad90b10a385 a3=5adca6be5260 items=0 ppid=1023 pid=1431 auid=4294967295 uid=33 gid=33 euid=33 suid=33 fsuid=33 egid=33 sgid=33 fsgid=33 tty=(none) ses=4294967295 comm="apache2" exe="/usr/sbin/apache2" subj=unconfined key="T1166_Seuid_and_Setgid"ARCH=x86_64 SYSCALL=setuid AUID="unset" UID="www-data" GID="www-data" EUID="www-data" SUID="www-data" FSUID="www-data" EGID="www-data" SGID="www-data" FSGID="www-data"
type=PROCTITLE msg=audit(1768177769.387:1891): proctitle=2F7573722F7362696E2F61706163686532002D6B007374617274
type=SYSCALL msg=audit(1768177769.388:1892): arch=c000003e syscall=106 success=yes exit=0 a0=21 a1=7f4ed0ebb4a0 a2=0 a3=22 items=0 ppid=1023 pid=1433 auid=4294967295 uid=0 gid=33 euid=0 suid=0 fsuid=0 egid=33 sgid=33 fsgid=33 tty=(none) ses=4294967295 comm="apache2" exe="/usr/sbin/apache2" subj=unconfined key="T1166_Seuid_and_Setgid"ARCH=x86_64 SYSCALL=setgid AUID="unset" UID="root" GID="www-data" EUID="root" SUID="root" FSUID="root" EGID="www-data" SGID="www-data" FSGID="www-data"
type=SYSCALL msg=audit(1768177769.388:1893): arch=c000003e syscall=106 success=yes exit=0 a0=21 a1=7f4ed0ebb4a0 a2=0 a3=22 items=0 ppid=1023 pid=1434 auid=4294967295 uid=0 gid=33 euid=0 suid=0 fsuid=0 egid=33 sgid=33 fsgid=33 tty=(none) ses=4294967295 comm="apache2" exe="/usr/sbin/apache2" subj=unconfined key="T1166_Seuid_and_Setgid"ARCH=x86_64 SYSCALL=setgid AUID="unset" UID="root" GID="www-data" EUID="root" SUID="root" FSUID="root" EGID="www-data" SGID="www-data" FSGID="www-data"
type=PROCTITLE msg=audit(1768177769.388:1893): proctitle=2F7573722F7362696E2F61706163686532002D6B007374617274
type=PROCTITLE msg=audit(1768177769.388:1892): proctitle=2F7573722F7362696E2F61706163686532002D6B007374617274
type=SYSCALL msg=audit(1768177769.390:1894): arch=c000003e syscall=42 success=yes exit=0 a0=c a1=7ffeb9cba3e0 a2=2d a3=5adca6dac1a0 items=1 ppid=1023 pid=1433 auid=4294967295 uid=0 gid=33 euid=0 suid=0 fsuid=0 egid=33 sgid=33 fsgid=33 tty=(none) ses=4294967295 comm="apache2" exe="/usr/sbin/apache2" subj=unconfined key="T1043_Commonly_Used_Port"ARCH=x86_64 SYSCALL=connect AUID="unset" UID="root" GID="www-data" EUID="root" SUID="root" FSUID="root" EGID="www-data" SGID="www-data" FSGID="www-data"
type=SYSCALL msg=audit(1768177769.390:1895): arch=c000003e syscall=42 success=yes exit=0 a0=c a1=7ffeb9cba3e0 a2=2d a3=5adca6dac1a0 items=1 ppid=1023 pid=1434 auid=4294967295 uid=0 gid=33 euid=0 suid=0 fsuid=0 egid=33 sgid=33 fsgid=33 tty=(none) ses=4294967295 comm="apache2" exe="/usr/sbin/apache2" subj=unconfined key="T1043_Commonly_Used_Port"ARCH=x86_64 SYSCALL=connect AUID="unset" UID="root" GID="www-data" EUID="root" SUID="root" FSUID="root" EGID="www-data" SGID="www-data" FSGID="www-data"
type=SOCKADDR msg=audit(1768177769.390:1895): saddr=01002F72756E2F73797374656D642F7573657264622F696F2E73797374656D642E44796E616D69635573657200SADDR={ saddr_fam=local path=/run/systemd/userdb/io.systemd.DynamicUser }
type=PATH msg=audit(1768177769.390:1895): item=0 name="/run/systemd/userdb/io.systemd.DynamicUser" inode=443 dev=00:18 mode=0140666 ouid=0 ogid=0 rdev=00:00 nametype=NORMAL cap_fp=0 cap_fi=0 cap_fe=0 cap_fver=0 cap_frootid=0OUID="root" OGID="root"
type=PROCTITLE msg=audit(1768177769.390:1895): proctitle=2F7573722F7362696E2F61706163686532002D6B007374617274
type=SYSCALL msg=audit(1768177769.391:1896): arch=c000003e syscall=105 success=yes exit=0 a0=21 a1=5adca6be5250 a2=5ad90b10a385 a3=5adca6be5260 items=0 ppid=1023 pid=1434 auid=4294967295 uid=33 gid=33 euid=33 suid=33 fsuid=33 egid=33 sgid=33 fsgid=33 tty=(none) ses=4294967295 comm="apache2" exe="/usr/sbin/apache2" subj=unconfined key="T1166_Seuid_and_Setgid"ARCH=x86_64 SYSCALL=setuid AUID="unset" UID="www-data" GID="www-data" EUID="www-data" SUID="www-data" FSUID="www-data" EGID="www-data" SGID="www-data" FSGID="www-data"
type=PROCTITLE msg=audit(1768177769.391:1896): proctitle=2F7573722F7362696E2F61706163686532002D6B007374617274
type=SOCKADDR msg=audit(1768177769.390:1894): saddr=01002F72756E2F73797374656D642F7573657264622F696F2E73797374656D642E44796E616D69635573657200SADDR={ saddr_fam=local path=/run/systemd/userdb/io.systemd.DynamicUser }
type=PATH msg=audit(1768177769.390:1894): item=0 name="/run/systemd/userdb/io.systemd.DynamicUser" inode=443 dev=00:18 mode=0140666 ouid=0 ogid=0 rdev=00:00 nametype=NORMAL cap_fp=0 cap_fi=0 cap_fe=0 cap_fver=0 cap_frootid=0OUID="root" OGID="root"
type=PROCTITLE msg=audit(1768177769.390:1894): proctitle=2F7573722F7362696E2F61706163686532002D6B007374617274
type=SYSCALL msg=audit(1768177769.394:1897): arch=c000003e syscall=105 success=yes exit=0 a0=21 a1=5adca6be5250 a2=5ad90b10a385 a3=5adca6be5260 items=0 ppid=1023 pid=1433 auid=4294967295 uid=33 gid=33 euid=33 suid=33 fsuid=33 egid=33 sgid=33 fsgid=33 tty=(none) ses=4294967295 comm="apache2" exe="/usr/sbin/apache2" subj=unconfined key="T1166_Seuid_and_Setgid"ARCH=x86_64 SYSCALL=setuid AUID="unset" UID="www-data" GID="www-data" EUID="www-data" SUID="www-data" FSUID="www-data" EGID="www-data" SGID="www-data" FSGID="www-data"
type=SYSCALL msg=audit(1768177769.395:1898): arch=c000003e syscall=42 success=yes exit=0 a0=c a1=7ffeb9cba3e0 a2=2d a3=5adca6dac1a0 items=1 ppid=1023 pid=1432 auid=4294967295 uid=0 gid=33 euid=0 suid=0 fsuid=0 egid=33 sgid=33 fsgid=33 tty=(none) ses=4294967295 comm="apache2" exe="/usr/sbin/apache2" subj=unconfined key="T1043_Commonly_Used_Port"ARCH=x86_64 SYSCALL=connect AUID="unset" UID="root" GID="www-data" EUID="root" SUID="root" FSUID="root" EGID="www-data" SGID="www-data" FSGID="www-data"
type=PROCTITLE msg=audit(1768177769.394:1897): proctitle=2F7573722F7362696E2F61706163686532002D6B007374617274
type=SOCKADDR msg=audit(1768177769.395:1898): saddr=01002F72756E2F73797374656D642F7573657264622F696F2E73797374656D642E44796E616D69635573657200SADDR={ saddr_fam=local path=/run/systemd/userdb/io.systemd.DynamicUser }
type=PATH msg=audit(1768177769.395:1898): item=0 name="/run/systemd/userdb/io.systemd.DynamicUser" inode=443 dev=00:18 mode=0140666 ouid=0 ogid=0 rdev=00:00 nametype=NORMAL cap_fp=0 cap_fi=0 cap_fe=0 cap_fver=0 cap_frootid=0OUID="root" OGID="root"
type=PROCTITLE msg=audit(1768177769.395:1898): proctitle=2F7573722F7362696E2F61706163686532002D6B007374617274
type=SYSCALL msg=audit(1768177769.396:1899): arch=c000003e syscall=105 success=yes exit=0 a0=21 a1=5adca6be5250 a2=5ad90b10a385 a3=5adca6be5260 items=0 ppid=1023 pid=1432 auid=4294967295 uid=33 gid=33 euid=33 suid=33 fsuid=33 egid=33 sgid=33 fsgid=33 tty=(none) ses=4294967295 comm="apache2" exe="/usr/sbin/apache2" subj=unconfined key="T1166_Seuid_and_Setgid"ARCH=x86_64 SYSCALL=setuid AUID="unset" UID="www-data" GID="www-data" EUID="www-data" SUID="www-data" FSUID="www-data" EGID="www-data" SGID="www-data" FSGID="www-data"
type=PROCTITLE msg=audit(1768177769.396:1899): proctitle=2F7573722F7362696E2F61706163686532002D6B007374617274
type=SYSCALL msg=audit(1768177774.896:1900): arch=c000003e syscall=42 success=yes exit=0 a0=e a1=7ffeb9cb6f10 a2=1d a3=1 items=1 ppid=1023 pid=1430 auid=4294967295 uid=33 gid=33 euid=33 suid=33 fsuid=33 egid=33 sgid=33 fsgid=33 tty=(none) ses=4294967295 comm="apache2" exe="/usr/sbin/apache2" subj=unconfined key="T1043_Commonly_Used_Port"ARCH=x86_64 SYSCALL=connect AUID="unset" UID="www-data" GID="www-data" EUID="www-data" SUID="www-data" FSUID="www-data" EGID="www-data" SGID="www-data" FSGID="www-data"
type=SOCKADDR msg=audit(1768177774.896:1900): saddr=01002F7661722F72756E2F6D7973716C642F6D7973716C642E736F636BSADDR={ saddr_fam=local path=/var/run/mysqld/mysqld.sock }
type=PATH msg=audit(1768177774.896:1900): item=0 name="/var/run/mysqld/mysqld.sock" inode=1357 dev=00:18 mode=0140777 ouid=111 ogid=111 rdev=00:00 nametype=NORMAL cap_fp=0 cap_fi=0 cap_fe=0 cap_fver=0 cap_frootid=0OUID="mysql" OGID="mysql"
type=PROCTITLE msg=audit(1768177774.896:1900): proctitle=2F7573722F7362696E2F61706163686532002D6B007374617274
type=SYSCALL msg=audit(1768177775.427:1901): arch=c000003e syscall=106 success=yes exit=0 a0=21 a1=7f4ed0ebb4a0 a2=0 a3=22 items=0 ppid=1023 pid=1435 auid=4294967295 uid=0 gid=33 euid=0 suid=0 fsuid=0 egid=33 sgid=33 fsgid=33 tty=(none) ses=4294967295 comm="apache2" exe="/usr/sbin/apache2" subj=unconfined key="T1166_Seuid_and_Setgid"ARCH=x86_64 SYSCALL=setgid AUID="unset" UID="root" GID="www-data" EUID="root" SUID="root" FSUID="root" EGID="www-data" SGID="www-data" FSGID="www-data"
type=PROCTITLE msg=audit(1768177775.427:1901): proctitle=2F7573722F7362696E2F61706163686532002D6B007374617274
type=SYSCALL msg=audit(1768177775.430:1902): arch=c000003e syscall=42 success=yes exit=0 a0=c a1=7ffeb9cba3e0 a2=2d a3=5adca6dac1a0 items=1 ppid=1023 pid=1435 auid=4294967295 uid=0 gid=33 euid=0 suid=0 fsuid=0 egid=33 sgid=33 fsgid=33 tty=(none) ses=4294967295 comm="apache2" exe="/usr/sbin/apache2" subj=unconfined key="T1043_Commonly_Used_Port"ARCH=x86_64 SYSCALL=connect AUID="unset" UID="root" GID="www-data" EUID="root" SUID="root" FSUID="root" EGID="www-data" SGID="www-data" FSGID="www-data"
type=SOCKADDR msg=audit(1768177775.430:1902): saddr=01002F72756E2F73797374656D642F7573657264622F696F2E73797374656D642E44796E616D69635573657200SADDR={ saddr_fam=local path=/run/systemd/userdb/io.systemd.DynamicUser }
type=PATH msg=audit(1768177775.430:1902): item=0 name="/run/systemd/userdb/io.systemd.DynamicUser" inode=443 dev=00:18 mode=0140666 ouid=0 ogid=0 rdev=00:00 nametype=NORMAL cap_fp=0 cap_fi=0 cap_fe=0 cap_fver=0 cap_frootid=0OUID="root" OGID="root"
type=PROCTITLE msg=audit(1768177775.430:1902): proctitle=2F7573722F7362696E2F61706163686532002D6B007374617274
type=SYSCALL msg=audit(1768177775.431:1903): arch=c000003e syscall=105 success=yes exit=0 a0=21 a1=5adca6be5250 a2=5ad90b10a385 a3=5adca6be5260 items=0 ppid=1023 pid=1435 auid=4294967295 uid=33 gid=33 euid=33 suid=33 fsuid=33 egid=33 sgid=33 fsgid=33 tty=(none) ses=4294967295 comm="apache2" exe="/usr/sbin/apache2" subj=unconfined key="T1166_Seuid_and_Setgid"ARCH=x86_64 SYSCALL=setuid AUID="unset" UID="www-data" GID="www-data" EUID="www-data" SUID="www-data" FSUID="www-data" EGID="www-data" SGID="www-data" FSGID="www-data"
type=PROCTITLE msg=audit(1768177775.431:1903): proctitle=2F7573722F7362696E2F61706163686532002D6B007374617274
type=SYSCALL msg=audit(1768177777.372:1904): arch=c000003e syscall=42 success=yes exit=0 a0=d a1=7ffeb9cb6f10 a2=1d a3=1 items=1 ppid=1023 pid=1430 auid=4294967295 uid=33 gid=33 euid=33 suid=33 fsuid=33 egid=33 sgid=33 fsgid=33 tty=(none) ses=4294967295 comm="apache2" exe="/usr/sbin/apache2" subj=unconfined key="T1043_Commonly_Used_Port"ARCH=x86_64 SYSCALL=connect AUID="unset" UID="www-data" GID="www-data" EUID="www-data" SUID="www-data" FSUID="www-data" EGID="www-data" SGID="www-data" FSGID="www-data"
type=SOCKADDR msg=audit(1768177777.372:1904): saddr=01002F7661722F72756E2F6D7973716C642F6D7973716C642E736F636BSADDR={ saddr_fam=local path=/var/run/mysqld/mysqld.sock }
type=PATH msg=audit(1768177777.372:1904): item=0 name="/var/run/mysqld/mysqld.sock" inode=1357 dev=00:18 mode=0140777 ouid=111 ogid=111 rdev=00:00 nametype=NORMAL cap_fp=0 cap_fi=0 cap_fe=0 cap_fver=0 cap_frootid=0OUID="mysql" OGID="mysql"
type=PROCTITLE msg=audit(1768177777.372:1904): proctitle=2F7573722F7362696E2F61706163686532002D6B007374617274
type=SYSCALL msg=audit(1768177777.377:1905): arch=c000003e syscall=42 success=yes exit=0 a0=d a1=7ffeb9cb6f10 a2=1d a3=1 items=1 ppid=1023 pid=1433 auid=4294967295 uid=33 gid=33 euid=33 suid=33 fsuid=33 egid=33 sgid=33 fsgid=33 tty=(none) ses=4294967295 comm="apache2" exe="/usr/sbin/apache2" subj=unconfined key="T1043_Commonly_Used_Port"ARCH=x86_64 SYSCALL=connect AUID="unset" UID="www-data" GID="www-data" EUID="www-data" SUID="www-data" FSUID="www-data" EGID="www-data" SGID="www-data" FSGID="www-data"
type=SOCKADDR msg=audit(1768177777.377:1905): saddr=01002F7661722F72756E2F6D7973716C642F6D7973716C642E736F636BSADDR={ saddr_fam=local path=/var/run/mysqld/mysqld.sock }
type=PATH msg=audit(1768177777.377:1905): item=0 name="/var/run/mysqld/mysqld.sock" inode=1357 dev=00:18 mode=0140777 ouid=111 ogid=111 rdev=00:00 nametype=NORMAL cap_fp=0 cap_fi=0 cap_fe=0 cap_fver=0 cap_frootid=0OUID="mysql" OGID="mysql"
type=PROCTITLE msg=audit(1768177777.377:1905): proctitle=2F7573722F7362696E2F61706163686532002D6B007374617274
type=SYSCALL msg=audit(1768177777.382:1906): arch=c000003e syscall=42 success=yes exit=0 a0=d a1=7ffeb9cb6f10 a2=1d a3=1 items=1 ppid=1023 pid=1435 auid=4294967295 uid=33 gid=33 euid=33 suid=33 fsuid=33 egid=33 sgid=33 fsgid=33 tty=(none) ses=4294967295 comm="apache2" exe="/usr/sbin/apache2" subj=unconfined key="T1043_Commonly_Used_Port"ARCH=x86_64 SYSCALL=connect AUID="unset" UID="www-data" GID="www-data" EUID="www-data" SUID="www-data" FSUID="www-data" EGID="www-data" SGID="www-data" FSGID="www-data"
type=SOCKADDR msg=audit(1768177777.382:1906): saddr=01002F7661722F72756E2F6D7973716C642F6D7973716C642E736F636BSADDR={ saddr_fam=local path=/var/run/mysqld/mysqld.sock }
type=PATH msg=audit(1768177777.382:1906): item=0 name="/var/run/mysqld/mysqld.sock" inode=1357 dev=00:18 mode=0140777 ouid=111 ogid=111 rdev=00:00 nametype=NORMAL cap_fp=0 cap_fi=0 cap_fe=0 cap_fver=0 cap_frootid=0OUID="mysql" OGID="mysql"
type=PROCTITLE msg=audit(1768177777.382:1906): proctitle=2F7573722F7362696E2F61706163686532002D6B007374617274
type=SYSCALL msg=audit(1768177777.386:1907): arch=c000003e syscall=42 success=yes exit=0 a0=d a1=7ffeb9cb6f10 a2=1d a3=1 items=1 ppid=1023 pid=1431 auid=4294967295 uid=33 gid=33 euid=33 suid=33 fsuid=33 egid=33 sgid=33 fsgid=33 tty=(none) ses=4294967295 comm="apache2" exe="/usr/sbin/apache2" subj=unconfined key="T1043_Commonly_Used_Port"ARCH=x86_64 SYSCALL=connect AUID="unset" UID="www-data" GID="www-data" EUID="www-data" SUID="www-data" FSUID="www-data" EGID="www-data" SGID="www-data" FSGID="www-data"
type=SOCKADDR msg=audit(1768177777.386:1907): saddr=01002F7661722F72756E2F6D7973716C642F6D7973716C642E736F636BSADDR={ saddr_fam=local path=/var/run/mysqld/mysqld.sock }
type=PATH msg=audit(1768177777.386:1907): item=0 name="/var/run/mysqld/mysqld.sock" inode=1357 dev=00:18 mode=0140777 ouid=111 ogid=111 rdev=00:00 nametype=NORMAL cap_fp=0 cap_fi=0 cap_fe=0 cap_fver=0 cap_frootid=0OUID="mysql" OGID="mysql"
type=PROCTITLE msg=audit(1768177777.386:1907): proctitle=2F7573722F7362696E2F61706163686532002D6B007374617274
type=SYSCALL msg=audit(1768177777.386:1908): arch=c000003e syscall=42 success=yes exit=0 a0=d a1=7ffeb9cb6f10 a2=1d a3=1 items=1 ppid=1023 pid=1432 auid=4294967295 uid=33 gid=33 euid=33 suid=33 fsuid=33 egid=33 sgid=33 fsgid=33 tty=(none) ses=4294967295 comm="apache2" exe="/usr/sbin/apache2" subj=unconfined key="T1043_Commonly_Used_Port"ARCH=x86_64 SYSCALL=connect AUID="unset" UID="www-data" GID="www-data" EUID="www-data" SUID="www-data" FSUID="www-data" EGID="www-data" SGID="www-data" FSGID="www-data"
type=SOCKADDR msg=audit(1768177777.386:1908): saddr=01002F7661722F72756E2F6D7973716C642F6D7973716C642E736F636BSADDR={ saddr_fam=local path=/var/run/mysqld/mysqld.sock }
type=PATH msg=audit(1768177777.386:1908): item=0 name="/var/run/mysqld/mysqld.sock" inode=1357 dev=00:18 mode=0140777 ouid=111 ogid=111 rdev=00:00 nametype=NORMAL cap_fp=0 cap_fi=0 cap_fe=0 cap_fver=0 cap_frootid=0OUID="mysql" OGID="mysql"
type=PROCTITLE msg=audit(1768177777.386:1908): proctitle=2F7573722F7362696E2F61706163686532002D6B007374617274
type=SYSCALL msg=audit(1768177777.402:1909): arch=c000003e syscall=42 success=yes exit=0 a0=d a1=7ffeb9cb6f10 a2=1d a3=1 items=1 ppid=1023 pid=1434 auid=4294967295 uid=33 gid=33 euid=33 suid=33 fsuid=33 egid=33 sgid=33 fsgid=33 tty=(none) ses=4294967295 comm="apache2" exe="/usr/sbin/apache2" subj=unconfined key="T1043_Commonly_Used_Port"ARCH=x86_64 SYSCALL=connect AUID="unset" UID="www-data" GID="www-data" EUID="www-data" SUID="www-data" FSUID="www-data" EGID="www-data" SGID="www-data" FSGID="www-data"
type=SOCKADDR msg=audit(1768177777.402:1909): saddr=01002F7661722F72756E2F6D7973716C642F6D7973716C642E736F636BSADDR={ saddr_fam=local path=/var/run/mysqld/mysqld.sock }
type=PATH msg=audit(1768177777.402:1909): item=0 name="/var/run/mysqld/mysqld.sock" inode=1357 dev=00:18 mode=0140777 ouid=111 ogid=111 rdev=00:00 nametype=NORMAL cap_fp=0 cap_fi=0 cap_fe=0 cap_fver=0 cap_frootid=0OUID="mysql" OGID="mysql"
type=PROCTITLE msg=audit(1768177777.402:1909): proctitle=2F7573722F7362696E2F61706163686532002D6B007374617274
type=SYSCALL msg=audit(1768177777.437:1910): arch=c000003e syscall=106 success=yes exit=0 a0=21 a1=7f4ed0ebb4a0 a2=0 a3=22 items=0 ppid=1023 pid=1441 auid=4294967295 uid=0 gid=33 euid=0 suid=0 fsuid=0 egid=33 sgid=33 fsgid=33 tty=(none) ses=4294967295 comm="apache2" exe="/usr/sbin/apache2" subj=unconfined key="T1166_Seuid_and_Setgid"ARCH=x86_64 SYSCALL=setgid AUID="unset" UID="root" GID="www-data" EUID="root" SUID="root" FSUID="root" EGID="www-data" SGID="www-data" FSGID="www-data"
type=PROCTITLE msg=audit(1768177777.437:1910): proctitle=2F7573722F7362696E2F61706163686532002D6B007374617274
type=SYSCALL msg=audit(1768177777.438:1911): arch=c000003e syscall=42 success=yes exit=0 a0=c a1=7ffeb9cba3e0 a2=2d a3=5adca6dac1a0 items=1 ppid=1023 pid=1441 auid=4294967295 uid=0 gid=33 euid=0 suid=0 fsuid=0 egid=33 sgid=33 fsgid=33 tty=(none) ses=4294967295 comm="apache2" exe="/usr/sbin/apache2" subj=unconfined key="T1043_Commonly_Used_Port"ARCH=x86_64 SYSCALL=connect AUID="unset" UID="root" GID="www-data" EUID="root" SUID="root" FSUID="root" EGID="www-data" SGID="www-data" FSGID="www-data"
type=SOCKADDR msg=audit(1768177777.438:1911): saddr=01002F72756E2F73797374656D642F7573657264622F696F2E73797374656D642E44796E616D69635573657200SADDR={ saddr_fam=local path=/run/systemd/userdb/io.systemd.DynamicUser }
type=PATH msg=audit(1768177777.438:1911): item=0 name="/run/systemd/userdb/io.systemd.DynamicUser" inode=443 dev=00:18 mode=0140666 ouid=0 ogid=0 rdev=00:00 nametype=NORMAL cap_fp=0 cap_fi=0 cap_fe=0 cap_fver=0 cap_frootid=0OUID="root" OGID="root"
type=PROCTITLE msg=audit(1768177777.438:1911): proctitle=2F7573722F7362696E2F61706163686532002D6B007374617274
type=SYSCALL msg=audit(1768177777.447:1912): arch=c000003e syscall=105 success=yes exit=0 a0=21 a1=5adca6be5250 a2=5ad90b10a385 a3=5adca6be5260 items=0 ppid=1023 pid=1441 auid=4294967295 uid=33 gid=33 euid=33 suid=33 fsuid=33 egid=33 sgid=33 fsgid=33 tty=(none) ses=4294967295 comm="apache2" exe="/usr/sbin/apache2" subj=unconfined key="T1166_Seuid_and_Setgid"ARCH=x86_64 SYSCALL=setuid AUID="unset" UID="www-data" GID="www-data" EUID="www-data" SUID="www-data" FSUID="www-data" EGID="www-data" SGID="www-data" FSGID="www-data"
type=PROCTITLE msg=audit(1768177777.447:1912): proctitle=2F7573722F7362696E2F61706163686532002D6B007374617274
type=SYSCALL msg=audit(1768177777.504:1913): arch=c000003e syscall=42 success=yes exit=0 a0=d a1=7ffeb9cb6f10 a2=1d a3=1 items=1 ppid=1023 pid=1432 auid=4294967295 uid=33 gid=33 euid=33 suid=33 fsuid=33 egid=33 sgid=33 fsgid=33 tty=(none) ses=4294967295 comm="apache2" exe="/usr/sbin/apache2" subj=unconfined key="T1043_Commonly_Used_Port"ARCH=x86_64 SYSCALL=connect AUID="unset" UID="www-data" GID="www-data" EUID="www-data" SUID="www-data" FSUID="www-data" EGID="www-data" SGID="www-data" FSGID="www-data"
type=SOCKADDR msg=audit(1768177777.504:1913): saddr=01002F7661722F72756E2F6D7973716C642F6D7973716C642E736F636BSADDR={ saddr_fam=local path=/var/run/mysqld/mysqld.sock }
type=PATH msg=audit(1768177777.504:1913): item=0 name="/var/run/mysqld/mysqld.sock" inode=1357 dev=00:18 mode=0140777 ouid=111 ogid=111 rdev=00:00 nametype=NORMAL cap_fp=0 cap_fi=0 cap_fe=0 cap_fver=0 cap_frootid=0OUID="mysql" OGID="mysql"
type=PROCTITLE msg=audit(1768177777.504:1913): proctitle=2F7573722F7362696E2F61706163686532002D6B007374617274
type=SYSCALL msg=audit(1768177777.644:1914): arch=c000003e syscall=42 success=yes exit=0 a0=d a1=7ffeb9cb6f10 a2=1d a3=1 items=1 ppid=1023 pid=1435 auid=4294967295 uid=33 gid=33 euid=33 suid=33 fsuid=33 egid=33 sgid=33 fsgid=33 tty=(none) ses=4294967295 comm="apache2" exe="/usr/sbin/apache2" subj=unconfined key="T1043_Commonly_Used_Port"ARCH=x86_64 SYSCALL=connect AUID="unset" UID="www-data" GID="www-data" EUID="www-data" SUID="www-data" FSUID="www-data" EGID="www-data" SGID="www-data" FSGID="www-data"
type=SOCKADDR msg=audit(1768177777.644:1914): saddr=01002F7661722F72756E2F6D7973716C642F6D7973716C642E736F636BSADDR={ saddr_fam=local path=/var/run/mysqld/mysqld.sock }
type=PATH msg=audit(1768177777.644:1914): item=0 name="/var/run/mysqld/mysqld.sock" inode=1357 dev=00:18 mode=0140777 ouid=111 ogid=111 rdev=00:00 nametype=NORMAL cap_fp=0 cap_fi=0 cap_fe=0 cap_fver=0 cap_frootid=0OUID="mysql" OGID="mysql"
type=PROCTITLE msg=audit(1768177777.644:1914): proctitle=2F7573722F7362696E2F61706163686532002D6B007374617274
type=SYSCALL msg=audit(1768177777.647:1915): arch=c000003e syscall=42 success=yes exit=0 a0=d a1=7ffeb9cb6f10 a2=1d a3=1 items=1 ppid=1023 pid=1433 auid=4294967295 uid=33 gid=33 euid=33 suid=33 fsuid=33 egid=33 sgid=33 fsgid=33 tty=(none) ses=4294967295 comm="apache2" exe="/usr/sbin/apache2" subj=unconfined key="T1043_Commonly_Used_Port"ARCH=x86_64 SYSCALL=connect AUID="unset" UID="www-data" GID="www-data" EUID="www-data" SUID="www-data" FSUID="www-data" EGID="www-data" SGID="www-data" FSGID="www-data"
type=SOCKADDR msg=audit(1768177777.647:1915): saddr=01002F7661722F72756E2F6D7973716C642F6D7973716C642E736F636BSADDR={ saddr_fam=local path=/var/run/mysqld/mysqld.sock }
type=PATH msg=audit(1768177777.647:1915): item=0 name="/var/run/mysqld/mysqld.sock" inode=1357 dev=00:18 mode=0140777 ouid=111 ogid=111 rdev=00:00 nametype=NORMAL cap_fp=0 cap_fi=0 cap_fe=0 cap_fver=0 cap_frootid=0OUID="mysql" OGID="mysql"
type=PROCTITLE msg=audit(1768177777.647:1915): proctitle=2F7573722F7362696E2F61706163686532002D6B007374617274
type=SYSCALL msg=audit(1768177777.737:1916): arch=c000003e syscall=42 success=yes exit=0 a0=d a1=7ffeb9cb6f10 a2=1d a3=1 items=1 ppid=1023 pid=1433 auid=4294967295 uid=33 gid=33 euid=33 suid=33 fsuid=33 egid=33 sgid=33 fsgid=33 tty=(none) ses=4294967295 comm="apache2" exe="/usr/sbin/apache2" subj=unconfined key="T1043_Commonly_Used_Port"ARCH=x86_64 SYSCALL=connect AUID="unset" UID="www-data" GID="www-data" EUID="www-data" SUID="www-data" FSUID="www-data" EGID="www-data" SGID="www-data" FSGID="www-data"
type=SOCKADDR msg=audit(1768177777.737:1916): saddr=01002F7661722F72756E2F6D7973716C642F6D7973716C642E736F636BSADDR={ saddr_fam=local path=/var/run/mysqld/mysqld.sock }
type=PATH msg=audit(1768177777.737:1916): item=0 name="/var/run/mysqld/mysqld.sock" inode=1357 dev=00:18 mode=0140777 ouid=111 ogid=111 rdev=00:00 nametype=NORMAL cap_fp=0 cap_fi=0 cap_fe=0 cap_fver=0 cap_frootid=0OUID="mysql" OGID="mysql"
type=PROCTITLE msg=audit(1768177777.737:1916): proctitle=2F7573722F7362696E2F61706163686532002D6B007374617274
type=SYSCALL msg=audit(1768177778.458:1917): arch=c000003e syscall=106 success=yes exit=0 a0=21 a1=7f4ed0ebb4a0 a2=0 a3=22 items=0 ppid=1023 pid=1442 auid=4294967295 uid=0 gid=33 euid=0 suid=0 fsuid=0 egid=33 sgid=33 fsgid=33 tty=(none) ses=4294967295 comm="apache2" exe="/usr/sbin/apache2" subj=unconfined key="T1166_Seuid_and_Setgid"ARCH=x86_64 SYSCALL=setgid AUID="unset" UID="root" GID="www-data" EUID="root" SUID="root" FSUID="root" EGID="www-data" SGID="www-data" FSGID="www-data"
type=PROCTITLE msg=audit(1768177778.458:1917): proctitle=2F7573722F7362696E2F61706163686532002D6B007374617274
type=SYSCALL msg=audit(1768177778.460:1918): arch=c000003e syscall=42 success=yes exit=0 a0=c a1=7ffeb9cba3e0 a2=2d a3=5adca6dac1a0 items=1 ppid=1023 pid=1442 auid=4294967295 uid=0 gid=33 euid=0 suid=0 fsuid=0 egid=33 sgid=33 fsgid=33 tty=(none) ses=4294967295 comm="apache2" exe="/usr/sbin/apache2" subj=unconfined key="T1043_Commonly_Used_Port"ARCH=x86_64 SYSCALL=connect AUID="unset" UID="root" GID="www-data" EUID="root" SUID="root" FSUID="root" EGID="www-data" SGID="www-data" FSGID="www-data"
type=SOCKADDR msg=audit(1768177778.460:1918): saddr=01002F72756E2F73797374656D642F7573657264622F696F2E73797374656D642E44796E616D69635573657200SADDR={ saddr_fam=local path=/run/systemd/userdb/io.systemd.DynamicUser }
type=PATH msg=audit(1768177778.460:1918): item=0 name="/run/systemd/userdb/io.systemd.DynamicUser" inode=443 dev=00:18 mode=0140666 ouid=0 ogid=0 rdev=00:00 nametype=NORMAL cap_fp=0 cap_fi=0 cap_fe=0 cap_fver=0 cap_frootid=0OUID="root" OGID="root"
type=PROCTITLE msg=audit(1768177778.460:1918): proctitle=2F7573722F7362696E2F61706163686532002D6B007374617274
type=SYSCALL msg=audit(1768177778.461:1919): arch=c000003e syscall=105 success=yes exit=0 a0=21 a1=5adca6be5250 a2=5ad90b10a385 a3=5adca6be5260 items=0 ppid=1023 pid=1442 auid=4294967295 uid=33 gid=33 euid=33 suid=33 fsuid=33 egid=33 sgid=33 fsgid=33 tty=(none) ses=4294967295 comm="apache2" exe="/usr/sbin/apache2" subj=unconfined key="T1166_Seuid_and_Setgid"ARCH=x86_64 SYSCALL=setuid AUID="unset" UID="www-data" GID="www-data" EUID="www-data" SUID="www-data" FSUID="www-data" EGID="www-data" SGID="www-data" FSGID="www-data"
type=PROCTITLE msg=audit(1768177778.461:1919): proctitle=2F7573722F7362696E2F61706163686532002D6B007374617274
type=SYSCALL msg=audit(1768177778.461:1920): arch=c000003e syscall=42 success=yes exit=0 a0=d a1=7ffeb9cb6f10 a2=1d a3=1 items=1 ppid=1023 pid=1430 auid=4294967295 uid=33 gid=33 euid=33 suid=33 fsuid=33 egid=33 sgid=33 fsgid=33 tty=(none) ses=4294967295 comm="apache2" exe="/usr/sbin/apache2" subj=unconfined key="T1043_Commonly_Used_Port"ARCH=x86_64 SYSCALL=connect AUID="unset" UID="www-data" GID="www-data" EUID="www-data" SUID="www-data" FSUID="www-data" EGID="www-data" SGID="www-data" FSGID="www-data"
type=SOCKADDR msg=audit(1768177778.461:1920): saddr=01002F7661722F72756E2F6D7973716C642F6D7973716C642E736F636BSADDR={ saddr_fam=local path=/var/run/mysqld/mysqld.sock }
type=PATH msg=audit(1768177778.461:1920): item=0 name="/var/run/mysqld/mysqld.sock" inode=1357 dev=00:18 mode=0140777 ouid=111 ogid=111 rdev=00:00 nametype=NORMAL cap_fp=0 cap_fi=0 cap_fe=0 cap_fver=0 cap_frootid=0OUID="mysql" OGID="mysql"
type=PROCTITLE msg=audit(1768177778.461:1920): proctitle=2F7573722F7362696E2F61706163686532002D6B007374617274
type=SYSCALL msg=audit(1768177779.530:1921): arch=c000003e syscall=106 success=yes exit=0 a0=21 a1=7f4ed0ebb4a0 a2=0 a3=22 items=0 ppid=1023 pid=1443 auid=4294967295 uid=0 gid=33 euid=0 suid=0 fsuid=0 egid=33 sgid=33 fsgid=33 tty=(none) ses=4294967295 comm="apache2" exe="/usr/sbin/apache2" subj=unconfined key="T1166_Seuid_and_Setgid"ARCH=x86_64 SYSCALL=setgid AUID="unset" UID="root" GID="www-data" EUID="root" SUID="root" FSUID="root" EGID="www-data" SGID="www-data" FSGID="www-data"
type=PROCTITLE msg=audit(1768177779.530:1921): proctitle=2F7573722F7362696E2F61706163686532002D6B007374617274
type=SYSCALL msg=audit(1768177779.541:1922): arch=c000003e syscall=42 success=yes exit=0 a0=c a1=7ffeb9cba3e0 a2=2d a3=5adca6dac1a0 items=1 ppid=1023 pid=1443 auid=4294967295 uid=0 gid=33 euid=0 suid=0 fsuid=0 egid=33 sgid=33 fsgid=33 tty=(none) ses=4294967295 comm="apache2" exe="/usr/sbin/apache2" subj=unconfined key="T1043_Commonly_Used_Port"ARCH=x86_64 SYSCALL=connect AUID="unset" UID="root" GID="www-data" EUID="root" SUID="root" FSUID="root" EGID="www-data" SGID="www-data" FSGID="www-data"
type=SOCKADDR msg=audit(1768177779.541:1922): saddr=01002F72756E2F73797374656D642F7573657264622F696F2E73797374656D642E44796E616D69635573657200SADDR={ saddr_fam=local path=/run/systemd/userdb/io.systemd.DynamicUser }
type=PATH msg=audit(1768177779.541:1922): item=0 name="/run/systemd/userdb/io.systemd.DynamicUser" inode=443 dev=00:18 mode=0140666 ouid=0 ogid=0 rdev=00:00 nametype=NORMAL cap_fp=0 cap_fi=0 cap_fe=0 cap_fver=0 cap_frootid=0OUID="root" OGID="root"
type=PROCTITLE msg=audit(1768177779.541:1922): proctitle=2F7573722F7362696E2F61706163686532002D6B007374617274
type=SYSCALL msg=audit(1768177779.544:1923): arch=c000003e syscall=105 success=yes exit=0 a0=21 a1=5adca6be5250 a2=5ad90b10a385 a3=5adca6be5260 items=0 ppid=1023 pid=1443 auid=4294967295 uid=33 gid=33 euid=33 suid=33 fsuid=33 egid=33 sgid=33 fsgid=33 tty=(none) ses=4294967295 comm="apache2" exe="/usr/sbin/apache2" subj=unconfined key="T1166_Seuid_and_Setgid"ARCH=x86_64 SYSCALL=setuid AUID="unset" UID="www-data" GID="www-data" EUID="www-data" SUID="www-data" FSUID="www-data" EGID="www-data" SGID="www-data" FSGID="www-data"
type=PROCTITLE msg=audit(1768177779.544:1923): proctitle=2F7573722F7362696E2F61706163686532002D6B007374617274
type=SYSCALL msg=audit(1768177796.445:1924): arch=c000003e syscall=42 success=yes exit=0 a0=d a1=7ffeb9cb6f10 a2=1d a3=1 items=1 ppid=1023 pid=1441 auid=4294967295 uid=33 gid=33 euid=33 suid=33 fsuid=33 egid=33 sgid=33 fsgid=33 tty=(none) ses=4294967295 comm="apache2" exe="/usr/sbin/apache2" subj=unconfined key="T1043_Commonly_Used_Port"ARCH=x86_64 SYSCALL=connect AUID="unset" UID="www-data" GID="www-data" EUID="www-data" SUID="www-data" FSUID="www-data" EGID="www-data" SGID="www-data" FSGID="www-data"
type=SOCKADDR msg=audit(1768177796.445:1924): saddr=01002F7661722F72756E2F6D7973716C642F6D7973716C642E736F636BSADDR={ saddr_fam=local path=/var/run/mysqld/mysqld.sock }
type=PATH msg=audit(1768177796.445:1924): item=0 name="/var/run/mysqld/mysqld.sock" inode=1357 dev=00:18 mode=0140777 ouid=111 ogid=111 rdev=00:00 nametype=NORMAL cap_fp=0 cap_fi=0 cap_fe=0 cap_fver=0 cap_frootid=0OUID="mysql" OGID="mysql"
type=PROCTITLE msg=audit(1768177796.445:1924): proctitle=2F7573722F7362696E2F61706163686532002D6B007374617274
type=SYSCALL msg=audit(1768177796.520:1925): arch=c000003e syscall=42 success=yes exit=0 a0=d a1=7ffeb9cb6f10 a2=1d a3=1 items=1 ppid=1023 pid=1441 auid=4294967295 uid=33 gid=33 euid=33 suid=33 fsuid=33 egid=33 sgid=33 fsgid=33 tty=(none) ses=4294967295 comm="apache2" exe="/usr/sbin/apache2" subj=unconfined key="T1043_Commonly_Used_Port"ARCH=x86_64 SYSCALL=connect AUID="unset" UID="www-data" GID="www-data" EUID="www-data" SUID="www-data" FSUID="www-data" EGID="www-data" SGID="www-data" FSGID="www-data"
type=SOCKADDR msg=audit(1768177796.520:1925): saddr=01002F7661722F72756E2F6D7973716C642F6D7973716C642E736F636BSADDR={ saddr_fam=local path=/var/run/mysqld/mysqld.sock }
type=PATH msg=audit(1768177796.520:1925): item=0 name="/var/run/mysqld/mysqld.sock" inode=1357 dev=00:18 mode=0140777 ouid=111 ogid=111 rdev=00:00 nametype=NORMAL cap_fp=0 cap_fi=0 cap_fe=0 cap_fver=0 cap_frootid=0OUID="mysql" OGID="mysql"
type=PROCTITLE msg=audit(1768177796.520:1925): proctitle=2F7573722F7362696E2F61706163686532002D6B007374617274
type=SYSCALL msg=audit(1768177796.685:1926): arch=c000003e syscall=42 success=yes exit=0 a0=d a1=7ffeb9cb6f10 a2=1d a3=1 items=1 ppid=1023 pid=1433 auid=4294967295 uid=33 gid=33 euid=33 suid=33 fsuid=33 egid=33 sgid=33 fsgid=33 tty=(none) ses=4294967295 comm="apache2" exe="/usr/sbin/apache2" subj=unconfined key="T1043_Commonly_Used_Port"ARCH=x86_64 SYSCALL=connect AUID="unset" UID="www-data" GID="www-data" EUID="www-data" SUID="www-data" FSUID="www-data" EGID="www-data" SGID="www-data" FSGID="www-data"
type=SYSCALL msg=audit(1768177796.685:1927): arch=c000003e syscall=42 success=yes exit=0 a0=d a1=7ffeb9cb6f10 a2=1d a3=1 items=1 ppid=1023 pid=1432 auid=4294967295 uid=33 gid=33 euid=33 suid=33 fsuid=33 egid=33 sgid=33 fsgid=33 tty=(none) ses=4294967295 comm="apache2" exe="/usr/sbin/apache2" subj=unconfined key="T1043_Commonly_Used_Port"ARCH=x86_64 SYSCALL=connect AUID="unset" UID="www-data" GID="www-data" EUID="www-data" SUID="www-data" FSUID="www-data" EGID="www-data" SGID="www-data" FSGID="www-data"
type=SOCKADDR msg=audit(1768177796.685:1927): saddr=01002F7661722F72756E2F6D7973716C642F6D7973716C642E736F636BSADDR={ saddr_fam=local path=/var/run/mysqld/mysqld.sock }
type=PATH msg=audit(1768177796.685:1927): item=0 name="/var/run/mysqld/mysqld.sock" inode=1357 dev=00:18 mode=0140777 ouid=111 ogid=111 rdev=00:00 nametype=NORMAL cap_fp=0 cap_fi=0 cap_fe=0 cap_fver=0 cap_frootid=0OUID="mysql" OGID="mysql"
type=PROCTITLE msg=audit(1768177796.685:1927): proctitle=2F7573722F7362696E2F61706163686532002D6B007374617274
type=SYSCALL msg=audit(1768177796.682:1928): arch=c000003e syscall=42 success=yes exit=0 a0=d a1=7ffeb9cb6f10 a2=1d a3=1 items=1 ppid=1023 pid=1435 auid=4294967295 uid=33 gid=33 euid=33 suid=33 fsuid=33 egid=33 sgid=33 fsgid=33 tty=(none) ses=4294967295 comm="apache2" exe="/usr/sbin/apache2" subj=unconfined key="T1043_Commonly_Used_Port"ARCH=x86_64 SYSCALL=connect AUID="unset" UID="www-data" GID="www-data" EUID="www-data" SUID="www-data" FSUID="www-data" EGID="www-data" SGID="www-data" FSGID="www-data"
type=SOCKADDR msg=audit(1768177796.682:1928): saddr=01002F7661722F72756E2F6D7973716C642F6D7973716C642E736F636BSADDR={ saddr_fam=local path=/var/run/mysqld/mysqld.sock }
type=PATH msg=audit(1768177796.682:1928): item=0 name="/var/run/mysqld/mysqld.sock" inode=1357 dev=00:18 mode=0140777 ouid=111 ogid=111 rdev=00:00 nametype=NORMAL cap_fp=0 cap_fi=0 cap_fe=0 cap_fver=0 cap_frootid=0OUID="mysql" OGID="mysql"
type=PROCTITLE msg=audit(1768177796.682:1928): proctitle=2F7573722F7362696E2F61706163686532002D6B007374617274
type=SYSCALL msg=audit(1768177796.686:1929): arch=c000003e syscall=42 success=yes exit=0 a0=d a1=7ffeb9cb6f10 a2=1d a3=1 items=1 ppid=1023 pid=1441 auid=4294967295 uid=33 gid=33 euid=33 suid=33 fsuid=33 egid=33 sgid=33 fsgid=33 tty=(none) ses=4294967295 comm="apache2" exe="/usr/sbin/apache2" subj=unconfined key="T1043_Commonly_Used_Port"ARCH=x86_64 SYSCALL=connect AUID="unset" UID="www-data" GID="www-data" EUID="www-data" SUID="www-data" FSUID="www-data" EGID="www-data" SGID="www-data" FSGID="www-data"
type=SOCKADDR msg=audit(1768177796.686:1929): saddr=01002F7661722F72756E2F6D7973716C642F6D7973716C642E736F636BSADDR={ saddr_fam=local path=/var/run/mysqld/mysqld.sock }
type=PATH msg=audit(1768177796.686:1929): item=0 name="/var/run/mysqld/mysqld.sock" inode=1357 dev=00:18 mode=0140777 ouid=111 ogid=111 rdev=00:00 nametype=NORMAL cap_fp=0 cap_fi=0 cap_fe=0 cap_fver=0 cap_frootid=0OUID="mysql" OGID="mysql"
type=PROCTITLE msg=audit(1768177796.686:1929): proctitle=2F7573722F7362696E2F61706163686532002D6B007374617274
type=SOCKADDR msg=audit(1768177796.685:1926): saddr=01002F7661722F72756E2F6D7973716C642F6D7973716C642E736F636BSADDR={ saddr_fam=local path=/var/run/mysqld/mysqld.sock }
type=PATH msg=audit(1768177796.685:1926): item=0 name="/var/run/mysqld/mysqld.sock" inode=1357 dev=00:18 mode=0140777 ouid=111 ogid=111 rdev=00:00 nametype=NORMAL cap_fp=0 cap_fi=0 cap_fe=0 cap_fver=0 cap_frootid=0OUID="mysql" OGID="mysql"
type=PROCTITLE msg=audit(1768177796.685:1926): proctitle=2F7573722F7362696E2F61706163686532002D6B007374617274
type=SYSCALL msg=audit(1768177796.705:1930): arch=c000003e syscall=42 success=yes exit=0 a0=d a1=7ffeb9cb6f10 a2=1d a3=1 items=1 ppid=1023 pid=1443 auid=4294967295 uid=33 gid=33 euid=33 suid=33 fsuid=33 egid=33 sgid=33 fsgid=33 tty=(none) ses=4294967295 comm="apache2" exe="/usr/sbin/apache2" subj=unconfined key="T1043_Commonly_Used_Port"ARCH=x86_64 SYSCALL=connect AUID="unset" UID="www-data" GID="www-data" EUID="www-data" SUID="www-data" FSUID="www-data" EGID="www-data" SGID="www-data" FSGID="www-data"
type=SYSCALL msg=audit(1768177796.690:1931): arch=c000003e syscall=42 success=yes exit=0 a0=d a1=7ffeb9cb6f10 a2=1d a3=1 items=1 ppid=1023 pid=1442 auid=4294967295 uid=33 gid=33 euid=33 suid=33 fsuid=33 egid=33 sgid=33 fsgid=33 tty=(none) ses=4294967295 comm="apache2" exe="/usr/sbin/apache2" subj=unconfined key="T1043_Commonly_Used_Port"ARCH=x86_64 SYSCALL=connect AUID="unset" UID="www-data" GID="www-data" EUID="www-data" SUID="www-data" FSUID="www-data" EGID="www-data" SGID="www-data" FSGID="www-data"
type=SOCKADDR msg=audit(1768177796.690:1931): saddr=01002F7661722F72756E2F6D7973716C642F6D7973716C642E736F636BSADDR={ saddr_fam=local path=/var/run/mysqld/mysqld.sock }
type=PATH msg=audit(1768177796.690:1931): item=0 name="/var/run/mysqld/mysqld.sock" inode=1357 dev=00:18 mode=0140777 ouid=111 ogid=111 rdev=00:00 nametype=NORMAL cap_fp=0 cap_fi=0 cap_fe=0 cap_fver=0 cap_frootid=0OUID="mysql" OGID="mysql"
type=PROCTITLE msg=audit(1768177796.690:1931): proctitle=2F7573722F7362696E2F61706163686532002D6B007374617274
type=SOCKADDR msg=audit(1768177796.705:1930): saddr=01002F7661722F72756E2F6D7973716C642F6D7973716C642E736F636BSADDR={ saddr_fam=local path=/var/run/mysqld/mysqld.sock }
type=PATH msg=audit(1768177796.705:1930): item=0 name="/var/run/mysqld/mysqld.sock" inode=1357 dev=00:18 mode=0140777 ouid=111 ogid=111 rdev=00:00 nametype=NORMAL cap_fp=0 cap_fi=0 cap_fe=0 cap_fver=0 cap_frootid=0OUID="mysql" OGID="mysql"
type=PROCTITLE msg=audit(1768177796.705:1930): proctitle=2F7573722F7362696E2F61706163686532002D6B007374617274
type=SYSCALL msg=audit(1768177796.731:1932): arch=c000003e syscall=106 success=yes exit=0 a0=21 a1=7f4ed0ebb4a0 a2=0 a3=22 items=0 ppid=1023 pid=1444 auid=4294967295 uid=0 gid=33 euid=0 suid=0 fsuid=0 egid=33 sgid=33 fsgid=33 tty=(none) ses=4294967295 comm="apache2" exe="/usr/sbin/apache2" subj=unconfined key="T1166_Seuid_and_Setgid"ARCH=x86_64 SYSCALL=setgid AUID="unset" UID="root" GID="www-data" EUID="root" SUID="root" FSUID="root" EGID="www-data" SGID="www-data" FSGID="www-data"
type=PROCTITLE msg=audit(1768177796.731:1932): proctitle=2F7573722F7362696E2F61706163686532002D6B007374617274
type=SYSCALL msg=audit(1768177796.731:1933): arch=c000003e syscall=42 success=yes exit=0 a0=c a1=7ffeb9cba3e0 a2=2d a3=5adca6dac1a0 items=1 ppid=1023 pid=1444 auid=4294967295 uid=0 gid=33 euid=0 suid=0 fsuid=0 egid=33 sgid=33 fsgid=33 tty=(none) ses=4294967295 comm="apache2" exe="/usr/sbin/apache2" subj=unconfined key="T1043_Commonly_Used_Port"ARCH=x86_64 SYSCALL=connect AUID="unset" UID="root" GID="www-data" EUID="root" SUID="root" FSUID="root" EGID="www-data" SGID="www-data" FSGID="www-data"
type=SOCKADDR msg=audit(1768177796.731:1933): saddr=01002F72756E2F73797374656D642F7573657264622F696F2E73797374656D642E44796E616D69635573657200SADDR={ saddr_fam=local path=/run/systemd/userdb/io.systemd.DynamicUser }
type=PATH msg=audit(1768177796.731:1933): item=0 name="/run/systemd/userdb/io.systemd.DynamicUser" inode=443 dev=00:18 mode=0140666 ouid=0 ogid=0 rdev=00:00 nametype=NORMAL cap_fp=0 cap_fi=0 cap_fe=0 cap_fver=0 cap_frootid=0OUID="root" OGID="root"
type=PROCTITLE msg=audit(1768177796.731:1933): proctitle=2F7573722F7362696E2F61706163686532002D6B007374617274
type=SYSCALL msg=audit(1768177796.739:1934): arch=c000003e syscall=105 success=yes exit=0 a0=21 a1=5adca6be5250 a2=5ad90b10a385 a3=5adca6be5260 items=0 ppid=1023 pid=1444 auid=4294967295 uid=33 gid=33 euid=33 suid=33 fsuid=33 egid=33 sgid=33 fsgid=33 tty=(none) ses=4294967295 comm="apache2" exe="/usr/sbin/apache2" subj=unconfined key="T1166_Seuid_and_Setgid"ARCH=x86_64 SYSCALL=setuid AUID="unset" UID="www-data" GID="www-data" EUID="www-data" SUID="www-data" FSUID="www-data" EGID="www-data" SGID="www-data" FSGID="www-data"
type=PROCTITLE msg=audit(1768177796.739:1934): proctitle=2F7573722F7362696E2F61706163686532002D6B007374617274
type=SYSCALL msg=audit(1768177796.752:1935): arch=c000003e syscall=42 success=yes exit=0 a0=d a1=7ffeb9cb6f10 a2=1d a3=1 items=1 ppid=1023 pid=1433 auid=4294967295 uid=33 gid=33 euid=33 suid=33 fsuid=33 egid=33 sgid=33 fsgid=33 tty=(none) ses=4294967295 comm="apache2" exe="/usr/sbin/apache2" subj=unconfined key="T1043_Commonly_Used_Port"ARCH=x86_64 SYSCALL=connect AUID="unset" UID="www-data" GID="www-data" EUID="www-data" SUID="www-data" FSUID="www-data" EGID="www-data" SGID="www-data" FSGID="www-data"
type=SOCKADDR msg=audit(1768177796.752:1935): saddr=01002F7661722F72756E2F6D7973716C642F6D7973716C642E736F636BSADDR={ saddr_fam=local path=/var/run/mysqld/mysqld.sock }
type=PATH msg=audit(1768177796.752:1935): item=0 name="/var/run/mysqld/mysqld.sock" inode=1357 dev=00:18 mode=0140777 ouid=111 ogid=111 rdev=00:00 nametype=NORMAL cap_fp=0 cap_fi=0 cap_fe=0 cap_fver=0 cap_frootid=0OUID="mysql" OGID="mysql"
type=PROCTITLE msg=audit(1768177796.752:1935): proctitle=2F7573722F7362696E2F61706163686532002D6B007374617274
type=SYSCALL msg=audit(1768177796.846:1936): arch=c000003e syscall=42 success=yes exit=0 a0=d a1=7ffeb9cb6f10 a2=1d a3=1 items=1 ppid=1023 pid=1435 auid=4294967295 uid=33 gid=33 euid=33 suid=33 fsuid=33 egid=33 sgid=33 fsgid=33 tty=(none) ses=4294967295 comm="apache2" exe="/usr/sbin/apache2" subj=unconfined key="T1043_Commonly_Used_Port"ARCH=x86_64 SYSCALL=connect AUID="unset" UID="www-data" GID="www-data" EUID="www-data" SUID="www-data" FSUID="www-data" EGID="www-data" SGID="www-data" FSGID="www-data"
type=SOCKADDR msg=audit(1768177796.846:1936): saddr=01002F7661722F72756E2F6D7973716C642F6D7973716C642E736F636BSADDR={ saddr_fam=local path=/var/run/mysqld/mysqld.sock }
type=PATH msg=audit(1768177796.846:1936): item=0 name="/var/run/mysqld/mysqld.sock" inode=1357 dev=00:18 mode=0140777 ouid=111 ogid=111 rdev=00:00 nametype=NORMAL cap_fp=0 cap_fi=0 cap_fe=0 cap_fver=0 cap_frootid=0OUID="mysql" OGID="mysql"
type=PROCTITLE msg=audit(1768177796.846:1936): proctitle=2F7573722F7362696E2F61706163686532002D6B007374617274
type=SYSCALL msg=audit(1768177796.858:1937): arch=c000003e syscall=42 success=yes exit=0 a0=d a1=7ffeb9cb6f10 a2=1d a3=1 items=1 ppid=1023 pid=1432 auid=4294967295 uid=33 gid=33 euid=33 suid=33 fsuid=33 egid=33 sgid=33 fsgid=33 tty=(none) ses=4294967295 comm="apache2" exe="/usr/sbin/apache2" subj=unconfined key="T1043_Commonly_Used_Port"ARCH=x86_64 SYSCALL=connect AUID="unset" UID="www-data" GID="www-data" EUID="www-data" SUID="www-data" FSUID="www-data" EGID="www-data" SGID="www-data" FSGID="www-data"
type=SOCKADDR msg=audit(1768177796.858:1937): saddr=01002F7661722F72756E2F6D7973716C642F6D7973716C642E736F636BSADDR={ saddr_fam=local path=/var/run/mysqld/mysqld.sock }
type=PATH msg=audit(1768177796.858:1937): item=0 name="/var/run/mysqld/mysqld.sock" inode=1357 dev=00:18 mode=0140777 ouid=111 ogid=111 rdev=00:00 nametype=NORMAL cap_fp=0 cap_fi=0 cap_fe=0 cap_fver=0 cap_frootid=0OUID="mysql" OGID="mysql"
type=PROCTITLE msg=audit(1768177796.858:1937): proctitle=2F7573722F7362696E2F61706163686532002D6B007374617274
type=SYSCALL msg=audit(1768177796.927:1938): arch=c000003e syscall=42 success=yes exit=0 a0=d a1=7ffeb9cb6f10 a2=1d a3=1 items=1 ppid=1023 pid=1441 auid=4294967295 uid=33 gid=33 euid=33 suid=33 fsuid=33 egid=33 sgid=33 fsgid=33 tty=(none) ses=4294967295 comm="apache2" exe="/usr/sbin/apache2" subj=unconfined key="T1043_Commonly_Used_Port"ARCH=x86_64 SYSCALL=connect AUID="unset" UID="www-data" GID="www-data" EUID="www-data" SUID="www-data" FSUID="www-data" EGID="www-data" SGID="www-data" FSGID="www-data"
type=SOCKADDR msg=audit(1768177796.927:1938): saddr=01002F7661722F72756E2F6D7973716C642F6D7973716C642E736F636BSADDR={ saddr_fam=local path=/var/run/mysqld/mysqld.sock }
type=PATH msg=audit(1768177796.927:1938): item=0 name="/var/run/mysqld/mysqld.sock" inode=1357 dev=00:18 mode=0140777 ouid=111 ogid=111 rdev=00:00 nametype=NORMAL cap_fp=0 cap_fi=0 cap_fe=0 cap_fver=0 cap_frootid=0OUID="mysql" OGID="mysql"
type=PROCTITLE msg=audit(1768177796.927:1938): proctitle=2F7573722F7362696E2F61706163686532002D6B007374617274
type=SYSCALL msg=audit(1768177797.596:1939): arch=c000003e syscall=42 success=yes exit=0 a0=d a1=7ffeb9cb6f10 a2=1d a3=1 items=1 ppid=1023 pid=1442 auid=4294967295 uid=33 gid=33 euid=33 suid=33 fsuid=33 egid=33 sgid=33 fsgid=33 tty=(none) ses=4294967295 comm="apache2" exe="/usr/sbin/apache2" subj=unconfined key="T1043_Commonly_Used_Port"ARCH=x86_64 SYSCALL=connect AUID="unset" UID="www-data" GID="www-data" EUID="www-data" SUID="www-data" FSUID="www-data" EGID="www-data" SGID="www-data" FSGID="www-data"
type=SOCKADDR msg=audit(1768177797.596:1939): saddr=01002F7661722F72756E2F6D7973716C642F6D7973716C642E736F636BSADDR={ saddr_fam=local path=/var/run/mysqld/mysqld.sock }
type=PATH msg=audit(1768177797.596:1939): item=0 name="/var/run/mysqld/mysqld.sock" inode=1357 dev=00:18 mode=0140777 ouid=111 ogid=111 rdev=00:00 nametype=NORMAL cap_fp=0 cap_fi=0 cap_fe=0 cap_fver=0 cap_frootid=0OUID="mysql" OGID="mysql"
type=PROCTITLE msg=audit(1768177797.596:1939): proctitle=2F7573722F7362696E2F61706163686532002D6B007374617274
type=SYSCALL msg=audit(1768177797.732:1940): arch=c000003e syscall=42 success=yes exit=0 a0=d a1=7ffeb9cb6eb0 a2=1d a3=1 items=1 ppid=1023 pid=1442 auid=4294967295 uid=33 gid=33 euid=33 suid=33 fsuid=33 egid=33 sgid=33 fsgid=33 tty=(none) ses=4294967295 comm="apache2" exe="/usr/sbin/apache2" subj=unconfined key="T1043_Commonly_Used_Port"ARCH=x86_64 SYSCALL=connect AUID="unset" UID="www-data" GID="www-data" EUID="www-data" SUID="www-data" FSUID="www-data" EGID="www-data" SGID="www-data" FSGID="www-data"
type=SOCKADDR msg=audit(1768177797.732:1940): saddr=01002F7661722F72756E2F6D7973716C642F6D7973716C642E736F636BSADDR={ saddr_fam=local path=/var/run/mysqld/mysqld.sock }
type=PATH msg=audit(1768177797.732:1940): item=0 name="/var/run/mysqld/mysqld.sock" inode=1357 dev=00:18 mode=0140777 ouid=111 ogid=111 rdev=00:00 nametype=NORMAL cap_fp=0 cap_fi=0 cap_fe=0 cap_fver=0 cap_frootid=0OUID="mysql" OGID="mysql"
type=PROCTITLE msg=audit(1768177797.732:1940): proctitle=2F7573722F7362696E2F61706163686532002D6B007374617274
type=SYSCALL msg=audit(1768177797.736:1941): arch=c000003e syscall=106 success=yes exit=0 a0=21 a1=7f4ed0ebb4a0 a2=0 a3=22 items=0 ppid=1023 pid=1445 auid=4294967295 uid=0 gid=33 euid=0 suid=0 fsuid=0 egid=33 sgid=33 fsgid=33 tty=(none) ses=4294967295 comm="apache2" exe="/usr/sbin/apache2" subj=unconfined key="T1166_Seuid_and_Setgid"ARCH=x86_64 SYSCALL=setgid AUID="unset" UID="root" GID="www-data" EUID="root" SUID="root" FSUID="root" EGID="www-data" SGID="www-data" FSGID="www-data"
type=PROCTITLE msg=audit(1768177797.736:1941): proctitle=2F7573722F7362696E2F61706163686532002D6B007374617274
type=SYSCALL msg=audit(1768177797.737:1942): arch=c000003e syscall=42 success=yes exit=0 a0=c a1=7ffeb9cba3e0 a2=2d a3=5adca6dac1a0 items=1 ppid=1023 pid=1445 auid=4294967295 uid=0 gid=33 euid=0 suid=0 fsuid=0 egid=33 sgid=33 fsgid=33 tty=(none) ses=4294967295 comm="apache2" exe="/usr/sbin/apache2" subj=unconfined key="T1043_Commonly_Used_Port"ARCH=x86_64 SYSCALL=connect AUID="unset" UID="root" GID="www-data" EUID="root" SUID="root" FSUID="root" EGID="www-data" SGID="www-data" FSGID="www-data"
type=SOCKADDR msg=audit(1768177797.737:1942): saddr=01002F72756E2F73797374656D642F7573657264622F696F2E73797374656D642E44796E616D69635573657200SADDR={ saddr_fam=local path=/run/systemd/userdb/io.systemd.DynamicUser }
type=PATH msg=audit(1768177797.737:1942): item=0 name="/run/systemd/userdb/io.systemd.DynamicUser" inode=443 dev=00:18 mode=0140666 ouid=0 ogid=0 rdev=00:00 nametype=NORMAL cap_fp=0 cap_fi=0 cap_fe=0 cap_fver=0 cap_frootid=0OUID="root" OGID="root"
type=PROCTITLE msg=audit(1768177797.737:1942): proctitle=2F7573722F7362696E2F61706163686532002D6B007374617274
type=SYSCALL msg=audit(1768177797.739:1943): arch=c000003e syscall=105 success=yes exit=0 a0=21 a1=5adca6be5250 a2=5ad90b10a385 a3=5adca6be5260 items=0 ppid=1023 pid=1445 auid=4294967295 uid=33 gid=33 euid=33 suid=33 fsuid=33 egid=33 sgid=33 fsgid=33 tty=(none) ses=4294967295 comm="apache2" exe="/usr/sbin/apache2" subj=unconfined key="T1166_Seuid_and_Setgid"ARCH=x86_64 SYSCALL=setuid AUID="unset" UID="www-data" GID="www-data" EUID="www-data" SUID="www-data" FSUID="www-data" EGID="www-data" SGID="www-data" FSGID="www-data"
type=PROCTITLE msg=audit(1768177797.739:1943): proctitle=2F7573722F7362696E2F61706163686532002D6B007374617274
type=SYSCALL msg=audit(1768177801.948:1944): arch=c000003e syscall=42 success=no exit=-115 a0=b a1=7f4ed0ebce20 a2=1c a3=7f4ed0c18eb0 items=0 ppid=1 pid=1023 auid=4294967295 uid=0 gid=0 euid=0 suid=0 fsuid=0 egid=0 sgid=0 fsgid=0 tty=(none) ses=4294967295 comm="apache2" exe="/usr/sbin/apache2" subj=unconfined key="T1043_Commonly_Used_Port"ARCH=x86_64 SYSCALL=connect AUID="unset" UID="root" GID="root" EUID="root" SUID="root" FSUID="root" EGID="root" SGID="root" FSGID="root"
type=SOCKADDR msg=audit(1768177801.948:1944): saddr=0A000050000000000000000000000000000000000000000000000000SADDR={ saddr_fam=inet6 laddr=:: lport=80 }
type=PROCTITLE msg=audit(1768177801.948:1944): proctitle=2F7573722F7362696E2F61706163686532002D6B007374617274
type=SYSCALL msg=audit(1768177814.151:1945): arch=c000003e syscall=59 success=yes exit=0 a0=587eb35a50e0 a1=587eb35a5080 a2=587eb345ecc0 a3=587eb3543da0 items=2 ppid=1397 pid=1446 auid=1000 uid=0 gid=0 euid=0 suid=0 fsuid=0 egid=0 sgid=0 fsgid=0 tty=pts1 ses=3 comm="tail" exe="/usr/bin/tail" subj=unconfined key="T1078_Valid_Accounts"ARCH=x86_64 SYSCALL=execve AUID="vboxuser" UID="root" GID="root" EUID="root" SUID="root" FSUID="root" EGID="root" SGID="root" FSGID="root"
type=EXECVE msg=audit(1768177814.151:1945): argc=4 a0="tail" a1="-c" a2="+10413343" a3="/var/www/nextcloud/data/nextcloud.log"
type=PATH msg=audit(1768177814.151:1945): item=0 name="/usr/bin/tail" inode=1442904 dev=08:02 mode=0100755 ouid=0 ogid=0 rdev=00:00 nametype=NORMAL cap_fp=0 cap_fi=0 cap_fe=0 cap_fver=0 cap_frootid=0OUID="root" OGID="root"
type=PATH msg=audit(1768177814.151:1945): item=1 name="/lib64/ld-linux-x86-64.so.2" inode=1481429 dev=08:02 mode=0100755 ouid=0 ogid=0 rdev=00:00 nametype=NORMAL cap_fp=0 cap_fi=0 cap_fe=0 cap_fver=0 cap_frootid=0OUID="root" OGID="root"
type=PROCTITLE msg=audit(1768177814.151:1945): proctitle=7461696C002D63002B3130343133333433002F7661722F7777772F6E657874636C6F75642F646174612F6E657874636C6F75642E6C6F67
type=SYSCALL msg=audit(1768177814.233:1946): arch=c000003e syscall=59 success=yes exit=0 a0=587eb35a51a0 a1=587eb35a46d0 a2=587eb345ecc0 a3=587eb35a4e40 items=2 ppid=1397 pid=1447 auid=1000 uid=0 gid=0 euid=0 suid=0 fsuid=0 egid=0 sgid=0 fsgid=0 tty=pts1 ses=3 comm="tail" exe="/usr/bin/tail" subj=unconfined key="T1078_Valid_Accounts"ARCH=x86_64 SYSCALL=execve AUID="vboxuser" UID="root" GID="root" EUID="root" SUID="root" FSUID="root" EGID="root" SGID="root" FSGID="root"
type=EXECVE msg=audit(1768177814.233:1946): argc=4 a0="tail" a1="-c" a2="+16471" a3="/var/log/syslog"
type=PATH msg=audit(1768177814.233:1946): item=0 name="/usr/bin/tail" inode=1442904 dev=08:02 mode=0100755 ouid=0 ogid=0 rdev=00:00 nametype=NORMAL cap_fp=0 cap_fi=0 cap_fe=0 cap_fver=0 cap_frootid=0OUID="root" OGID="root"
type=PATH msg=audit(1768177814.233:1946): item=1 name="/lib64/ld-linux-x86-64.so.2" inode=1481429 dev=08:02 mode=0100755 ouid=0 ogid=0 rdev=00:00 nametype=NORMAL cap_fp=0 cap_fi=0 cap_fe=0 cap_fver=0 cap_frootid=0OUID="root" OGID="root"
type=PROCTITLE msg=audit(1768177814.233:1946): proctitle=7461696C002D63002B3136343731002F7661722F6C6F672F7379736C6F67
type=SYSCALL msg=audit(1768177814.313:1947): arch=c000003e syscall=59 success=yes exit=0 a0=587eb35a4dc0 a1=587eb35a46d0 a2=587eb345ecc0 a3=587eb35a4d80 items=2 ppid=1397 pid=1448 auid=1000 uid=0 gid=0 euid=0 suid=0 fsuid=0 egid=0 sgid=0 fsgid=0 tty=pts1 ses=3 comm="tail" exe="/usr/bin/tail" subj=unconfined key="T1078_Valid_Accounts"ARCH=x86_64 SYSCALL=execve AUID="vboxuser" UID="root" GID="root" EUID="root" SUID="root" FSUID="root" EGID="root" SGID="root" FSGID="root"
type=EXECVE msg=audit(1768177814.313:1947): argc=4 a0="tail" a1="-c" a2="+3301" a3="/var/log/auth.log"
type=PATH msg=audit(1768177814.313:1947): item=0 name="/usr/bin/tail" inode=1442904 dev=08:02 mode=0100755 ouid=0 ogid=0 rdev=00:00 nametype=NORMAL cap_fp=0 cap_fi=0 cap_fe=0 cap_fver=0 cap_frootid=0OUID="root" OGID="root"
type=PATH msg=audit(1768177814.313:1947): item=1 name="/lib64/ld-linux-x86-64.so.2" inode=1481429 dev=08:02 mode=0100755 ouid=0 ogid=0 rdev=00:00 nametype=NORMAL cap_fp=0 cap_fi=0 cap_fe=0 cap_fver=0 cap_frootid=0OUID="root" OGID="root"
type=PROCTITLE msg=audit(1768177814.313:1947): proctitle=7461696C002D63002B33333031002F7661722F6C6F672F617574682E6C6F67
type=SYSCALL msg=audit(1768177814.374:1948): arch=c000003e syscall=59 success=yes exit=0 a0=587eb35a4770 a1=587eb35a5080 a2=587eb345ecc0 a3=587eb35a4480 items=2 ppid=1397 pid=1449 auid=1000 uid=0 gid=0 euid=0 suid=0 fsuid=0 egid=0 sgid=0 fsgid=0 tty=pts1 ses=3 comm="tail" exe="/usr/bin/tail" subj=unconfined key="T1078_Valid_Accounts"ARCH=x86_64 SYSCALL=execve AUID="vboxuser" UID="root" GID="root" EUID="root" SUID="root" FSUID="root" EGID="root" SGID="root" FSGID="root"
type=EXECVE msg=audit(1768177814.374:1948): argc=4 a0="tail" a1="-c" a2="+149934040" a3="/var/log/audit/audit.log"
type=PATH msg=audit(1768177814.374:1948): item=0 name="/usr/bin/tail" inode=1442904 dev=08:02 mode=0100755 ouid=0 ogid=0 rdev=00:00 nametype=NORMAL cap_fp=0 cap_fi=0 cap_fe=0 cap_fver=0 cap_frootid=0OUID="root" OGID="root"
type=PATH msg=audit(1768177814.374:1948): item=1 name="/lib64/ld-linux-x86-64.so.2" inode=1481429 dev=08:02 mode=0100755 ouid=0 ogid=0 rdev=00:00 nametype=NORMAL cap_fp=0 cap_fi=0 cap_fe=0 cap_fver=0 cap_frootid=0OUID="root" OGID="root"
type=PROCTITLE msg=audit(1768177814.374:1948): proctitle=7461696C002D63002B313439393334303430002F7661722F6C6F672F61756469742F61756469742E6C6F67
type=SYSCALL msg=audit(1768177814.379:1949): arch=c000003e syscall=257 success=yes exit=3 a0=ffffff9c a1=7ffc86d6a6c3 a2=0 a3=0 items=1 ppid=1397 pid=1449 auid=1000 uid=0 gid=0 euid=0 suid=0 fsuid=0 egid=0 sgid=0 fsgid=0 tty=pts1 ses=3 comm="tail" exe="/usr/bin/tail" subj=unconfined key="auditlog"ARCH=x86_64 SYSCALL=openat AUID="vboxuser" UID="root" GID="root" EUID="root" SUID="root" FSUID="root" EGID="root" SGID="root" FSGID="root"
type=PATH msg=audit(1768177814.379:1949): item=0 name="/var/log/audit/audit.log" inode=659339 dev=08:02 mode=0100640 ouid=0 ogid=4 rdev=00:00 nametype=NORMAL cap_fp=0 cap_fi=0 cap_fe=0 cap_fver=0 cap_frootid=0OUID="root" OGID="adm"
type=PROCTITLE msg=audit(1768177814.379:1949): proctitle=7461696C002D63002B313439393334303430002F7661722F6C6F672F61756469742F61756469742E6C6F67